dataset_id,data_kind,date,method,index,frac_index,eigenvalue,whitened_score,squared_score,cumulative_squared_score,expected,scaled_cumulative,scaled_expected,scaled_band_lower,scaled_band_upper
synthetic_20250706,synthetic,2025-07-06,adapted,1,0.0003133813851,31.26869891,1.441442637,2.077756876,2.077756876,1,0.0006511303279,0.0003133813851,-0.03368700322,0.03431376599
synthetic_20250706,synthetic,2025-07-06,adapted,2,0.0006267627703,30.3791282,0.4340329536,0.1883846048,2.266141481,2,0.0007101665563,0.0006267627703,-0.03337362183,0.03462714737
synthetic_20250706,synthetic,2025-07-06,adapted,3,0.0009401441554,29.84792421,-0.2443834657,0.05972327833,2.325864759,3,0.00072888272,0.0009401441554,-0.03306024044,0.03494052876
synthetic_20250706,synthetic,2025-07-06,adapted,4,0.001253525541,29.52054928,4.862742891,23.64626843,25.97213319,4,0.008139183073,0.001253525541,-0.03274685906,0.03525391014
synthetic_20250706,synthetic,2025-07-06,adapted,5,0.001566906926,29.4724286,3.663710481,13.42277449,39.39490767,5,0.01234563073,0.001566906926,-0.03243347767,0.03556729153
synthetic_20250706,synthetic,2025-07-06,adapted,6,0.001880288311,29.25284439,1.34825885,1.817801927,41.2127096,6,0.01291529602,0.001880288311,-0.03212009629,0.03588067291
synthetic_20250706,synthetic,2025-07-06,adapted,7,0.002193669696,29.0484931,0.04544313027,0.002065078089,41.21477468,7,0.01291594318,0.002193669696,-0.0318067149,0.0361940543
synthetic_20250706,synthetic,2025-07-06,adapted,8,0.002507051081,28.90320253,-3.564398607,12.70493743,53.91971211,8,0.01689743407,0.002507051081,-0.03149333352,0.03650743568
synthetic_20250706,synthetic,2025-07-06,adapted,9,0.002820432466,28.53489937,-3.24920941,10.55736179,64.47707389,9,0.02020591473,0.002820432466,-0.03117995213,0.03682081707
synthetic_20250706,synthetic,2025-07-06,adapted,10,0.003133813851,28.43947552,-0.949015272,0.9006299864,65.37770388,10,0.0204881554,0.003133813851,-0.03086657075,0.03713419845
synthetic_20250706,synthetic,2025-07-06,adapted,11,0.003447195237,28.16678596,2.942229711,8.656715674,74.03441955,11,0.02320100895,0.003447195237,-0.03055318936,0.03744757984
synthetic_20250706,synthetic,2025-07-06,adapted,12,0.003760576622,27.9271622,-1.713712328,2.936809944,76.9712295,12,0.02412135052,0.003760576622,-0.03023980798,0.03776096122
synthetic_20250706,synthetic,2025-07-06,adapted,13,0.004073958007,27.87899414,-1.573005896,2.47434755,79.44557705,13,0.02489676498,0.004073958007,-0.02992642659,0.03807434261
synthetic_20250706,synthetic,2025-07-06,adapted,14,0.004387339392,27.68220141,-1.04998733,1.102473394,80.54805044,14,0.02524225962,0.004387339392,-0.02961304521,0.03838772399
synthetic_20250706,synthetic,2025-07-06,adapted,15,0.004700720777,27.65955963,-0.5332024988,0.2843049047,80.83235535,15,0.02533135548,0.004700720777,-0.02929966382,0.03870110538
synthetic_20250706,synthetic,2025-07-06,adapted,16,0.005014102162,27.36432059,-3.788451404,14.35236404,95.18471939,16,0.02982911921,0.005014102162,-0.02898628244,0.03901448676
synthetic_20250706,synthetic,2025-07-06,adapted,17,0.005327483547,27.07607594,2.161587558,4.672460773,99.85718016,17,0.03129338144,0.005327483547,-0.02867290105,0.03932786815
synthetic_20250706,synthetic,2025-07-06,adapted,18,0.005640864933,26.98502551,2.804233215,7.863723925,107.7209041,18,0.03375772613,0.005640864933,-0.02835951967,0.03964124953
synthetic_20250706,synthetic,2025-07-06,adapted,19,0.005954246318,26.85766302,-2.795477398,7.814693885,115.535598,19,0.03620670573,0.005954246318,-0.02804613828,0.03995463092
synthetic_20250706,synthetic,2025-07-06,adapted,20,0.006267627703,26.77501424,0.6953818069,0.4835558574,116.0191538,20,0.03635824313,0.006267627703,-0.0277327569,0.0402680123
synthetic_20250706,synthetic,2025-07-06,adapted,21,0.006581009088,26.67279699,-1.654968611,2.738921104,118.7580749,21,0.03721657002,0.006581009088,-0.02741937551,0.04058139369
synthetic_20250706,synthetic,2025-07-06,adapted,22,0.006894390473,26.54915552,0.2546890789,0.06486652692,118.8229415,22,0.03723689798,0.006894390473,-0.02710599413,0.04089477507
synthetic_20250706,synthetic,2025-07-06,adapted,23,0.007207771858,26.34057075,-1.343093123,1.803899137,120.6268406,23,0.03780220639,0.007207771858,-0.02679261274,0.04120815646
synthetic_20250706,synthetic,2025-07-06,adapted,24,0.007521153243,26.21211292,1.271893725,1.617713648,122.2445542,24,0.03830916774,0.007521153243,-0.02647923136,0.04152153784
synthetic_20250706,synthetic,2025-07-06,adapted,25,0.007834534629,26.08722296,-1.200508802,1.441221383,123.6857756,25,0.03876081969,0.007834534629,-0.02616584997,0.04183491923
synthetic_20250706,synthetic,2025-07-06,adapted,26,0.008147916014,25.88088584,1.004297816,1.008614103,124.6943897,26,0.03907690057,0.008147916014,-0.02585246859,0.04214830061
synthetic_20250706,synthetic,2025-07-06,adapted,27,0.008461297399,25.87184822,-1.496248213,2.238758713,126.9331484,27,0.03977848588,0.008461297399,-0.0255390872,0.042461682
synthetic_20250706,synthetic,2025-07-06,adapted,28,0.008774678784,25.52412354,1.090295884,1.188745115,128.1218936,28,0.04015101647,0.008774678784,-0.02522570582,0.04277506338
synthetic_20250706,synthetic,2025-07-06,adapted,29,0.009088060169,25.49898623,-0.7065973884,0.4992798693,128.6211734,29,0.04030748149,0.009088060169,-0.02491232443,0.04308844477
synthetic_20250706,synthetic,2025-07-06,adapted,30,0.009401441554,25.4056067,-1.982543883,3.930480249,132.5516537,30,0.04153922083,0.009401441554,-0.02459894305,0.04340182615
synthetic_20250706,synthetic,2025-07-06,adapted,31,0.00971482294,25.28293094,-1.457077769,2.123075624,134.6747293,31,0.04220455321,0.00971482294,-0.02428556166,0.04371520754
synthetic_20250706,synthetic,2025-07-06,adapted,32,0.01002820432,25.04268263,1.397161026,1.952058933,136.6267882,32,0.04281629214,0.01002820432,-0.02397218028,0.04402858892
synthetic_20250706,synthetic,2025-07-06,adapted,33,0.01034158571,24.9812285,0.571074437,0.3261260126,136.9529142,33,0.04291849397,0.01034158571,-0.02365879889,0.04434197031
synthetic_20250706,synthetic,2025-07-06,adapted,34,0.01065496709,24.89012558,-2.473397062,6.117693028,143.0706073,34,0.04483566508,0.01065496709,-0.02334541751,0.0446553517
synthetic_20250706,synthetic,2025-07-06,adapted,35,0.01096834848,24.72460236,0.1633583769,0.02668595929,143.0972932,35,0.04484402796,0.01096834848,-0.02303203612,0.04496873308
synthetic_20250706,synthetic,2025-07-06,adapted,36,0.01128172987,24.66991069,-0.9497214524,0.9019708372,143.9992641,36,0.04512668883,0.01128172987,-0.02271865474,0.04528211447
synthetic_20250706,synthetic,2025-07-06,adapted,37,0.01159511125,24.47898294,-0.01175530528,0.0001381872022,143.9994023,37,0.04512673214,0.01159511125,-0.02240527335,0.04559549585
synthetic_20250706,synthetic,2025-07-06,adapted,38,0.01190849264,24.40759381,-1.998265131,3.993063535,147.9924658,38,0.04637808392,0.01190849264,-0.02209189196,0.04590887724
synthetic_20250706,synthetic,2025-07-06,adapted,39,0.01222187402,24.22049258,-1.640187586,2.690215318,150.6826811,39,0.04722114732,0.01222187402,-0.02177851058,0.04622225862
synthetic_20250706,synthetic,2025-07-06,adapted,40,0.01253525541,24.19482946,-0.03261613582,0.001063812316,150.6837449,40,0.0472214807,0.01253525541,-0.02146512919,0.04653564001
synthetic_20250706,synthetic,2025-07-06,adapted,41,0.01284863679,24.09973935,2.901206155,8.416997151,159.1007421,41,0.04985921093,0.01284863679,-0.02115174781,0.04684902139
synthetic_20250706,synthetic,2025-07-06,adapted,42,0.01316201818,23.96063248,0.1169784036,0.0136839469,159.114426,42,0.04986349922,0.01316201818,-0.02083836642,0.04716240278
synthetic_20250706,synthetic,2025-07-06,adapted,43,0.01347539956,23.91470142,0.8425213266,0.7098421858,159.8242682,43,0.05008595055,0.01347539956,-0.02052498504,0.04747578416
synthetic_20250706,synthetic,2025-07-06,adapted,44,0.01378878095,23.7875892,-1.748630773,3.05770958,162.8819778,44,0.05104417981,0.01378878095,-0.02021160365,0.04778916555
synthetic_20250706,synthetic,2025-07-06,adapted,45,0.01410216233,23.64729164,-2.311462485,5.342858818,168.2248366,45,0.05271853231,0.01410216233,-0.01989822227,0.04810254693
synthetic_20250706,synthetic,2025-07-06,adapted,46,0.01441554372,23.53251675,-0.5273986885,0.2781493766,168.502986,46,0.05280569915,0.01441554372,-0.01958484088,0.04841592832
synthetic_20250706,synthetic,2025-07-06,adapted,47,0.0147289251,23.49151213,-0.4943643849,0.2443961451,168.7473821,47,0.05288228835,0.0147289251,-0.0192714595,0.0487293097
synthetic_20250706,synthetic,2025-07-06,adapted,48,0.01504230649,23.28360705,-1.982267253,3.929383462,172.6767656,48,0.05411368398,0.01504230649,-0.01895807811,0.04904269109
synthetic_20250706,synthetic,2025-07-06,adapted,49,0.01535568787,23.19896887,-1.750672553,3.064854389,175.74162,49,0.0550741523,0.01535568787,-0.01864469673,0.04935607247
synthetic_20250706,synthetic,2025-07-06,adapted,50,0.01566906926,23.15776928,-1.021100911,1.04264707,176.784267,50,0.05540089848,0.01566906926,-0.01833131534,0.04966945386
synthetic_20250706,synthetic,2025-07-06,adapted,51,0.01598245064,23.08178208,1.004359808,1.008738624,177.7930057,51,0.05571701839,0.01598245064,-0.01801793396,0.04998283524
synthetic_20250706,synthetic,2025-07-06,adapted,52,0.01629583203,22.92165137,-2.617172559,6.849592206,184.6425979,52,0.05786355308,0.01629583203,-0.01770455257,0.05029621663
synthetic_20250706,synthetic,2025-07-06,adapted,53,0.01660921341,22.78531109,0.3978063527,0.1582498943,184.8008478,53,0.05791314565,0.01660921341,-0.01739117119,0.05060959801
synthetic_20250706,synthetic,2025-07-06,adapted,54,0.0169225948,22.68439765,0.4687853966,0.2197597481,185.0206075,54,0.05798201427,0.0169225948,-0.0170777898,0.0509229794
synthetic_20250706,synthetic,2025-07-06,adapted,55,0.01723597618,22.62708497,-1.458678541,2.127743086,187.1483506,55,0.05864880934,0.01723597618,-0.01676440842,0.05123636078
synthetic_20250706,synthetic,2025-07-06,adapted,56,0.01754935757,22.57173441,-0.1589837779,0.02527584163,187.1736264,56,0.05865673032,0.01754935757,-0.01645102703,0.05154974217
synthetic_20250706,synthetic,2025-07-06,adapted,57,0.01786273895,22.47092101,-0.8464768442,0.7165230478,187.8901495,57,0.0588812753,0.01786273895,-0.01613764565,0.05186312355
synthetic_20250706,synthetic,2025-07-06,adapted,58,0.01817612034,22.38097722,-1.161687936,1.34951886,189.2396684,58,0.05930418939,0.01817612034,-0.01582426426,0.05217650494
synthetic_20250706,synthetic,2025-07-06,adapted,59,0.01848950172,22.29328882,-2.940932654,8.649084876,197.8887532,59,0.06201465159,0.01848950172,-0.01551088288,0.05248988632
synthetic_20250706,synthetic,2025-07-06,adapted,60,0.01880288311,22.24965527,2.57202157,6.615294955,204.5040482,60,0.06408776189,0.01880288311,-0.01519750149,0.05280326771
synthetic_20250706,synthetic,2025-07-06,adapted,61,0.01911626449,22.21926645,-1.902332752,3.6188699,208.1229181,61,0.06522184835,0.01911626449,-0.01488412011,0.05311664909
synthetic_20250706,synthetic,2025-07-06,adapted,62,0.01942964588,22.09133369,0.366346604,0.1342098343,208.2571279,62,0.06526390721,0.01942964588,-0.01457073872,0.05343003048
synthetic_20250706,synthetic,2025-07-06,adapted,63,0.01974302726,22.04160189,-0.6736099278,0.4537503348,208.7108783,63,0.06540610412,0.01974302726,-0.01425735734,0.05374341186
synthetic_20250706,synthetic,2025-07-06,adapted,64,0.02005640865,21.87321751,-1.711670762,2.929816798,211.6406951,64,0.06632425417,0.02005640865,-0.01394397595,0.05405679325
synthetic_20250706,synthetic,2025-07-06,adapted,65,0.02036979003,21.80229097,-1.413243066,1.997255964,213.637951,65,0.06695015701,0.02036979003,-0.01363059457,0.05437017463
synthetic_20250706,synthetic,2025-07-06,adapted,66,0.02068317142,21.70499467,-1.097235498,1.203925739,214.8418768,66,0.06732744493,0.02068317142,-0.01331721318,0.05468355602
synthetic_20250706,synthetic,2025-07-06,adapted,67,0.0209965528,21.60233823,2.825326334,7.982468895,222.8243457,67,0.06982900209,0.0209965528,-0.0130038318,0.05499693741
synthetic_20250706,synthetic,2025-07-06,adapted,68,0.02130993419,21.5029123,-1.066418231,1.137247842,223.9615935,68,0.07018539439,0.02130993419,-0.01269045041,0.05531031879
synthetic_20250706,synthetic,2025-07-06,adapted,69,0.02162331558,21.48624065,-0.8319254454,0.6920999466,224.6536934,69,0.07040228563,0.02162331558,-0.01237706903,0.05562370018
synthetic_20250706,synthetic,2025-07-06,adapted,70,0.02193669696,21.40976746,0.6478161792,0.4196658021,225.0733592,70,0.07053380108,0.02193669696,-0.01206368764,0.05593708156
synthetic_20250706,synthetic,2025-07-06,adapted,71,0.02225007835,21.37245527,1.764278963,3.112680259,228.1860395,71,0.07150925713,0.02225007835,-0.01175030625,0.05625046295
synthetic_20250706,synthetic,2025-07-06,adapted,72,0.02256345973,21.36958073,0.2491824092,0.06209187305,228.2481314,72,0.07152871557,0.02256345973,-0.01143692487,0.05656384433
synthetic_20250706,synthetic,2025-07-06,adapted,73,0.02287684112,21.27540399,0.01247053291,0.0001555141911,228.2482869,73,0.0715287643,0.02287684112,-0.01112354348,0.05687722572
synthetic_20250706,synthetic,2025-07-06,adapted,74,0.0231902225,21.14758459,0.5241914883,0.2747767164,228.5230636,74,0.07161487421,0.0231902225,-0.0108101621,0.0571906071
synthetic_20250706,synthetic,2025-07-06,adapted,75,0.02350360389,21.0898871,-1.266038676,1.60285393,230.1259175,75,0.0721171788,0.02350360389,-0.01049678071,0.05750398849
synthetic_20250706,synthetic,2025-07-06,adapted,76,0.02381698527,21.0022248,-1.697277312,2.880750275,233.0066678,76,0.07301995231,0.02381698527,-0.01018339933,0.05781736987
synthetic_20250706,synthetic,2025-07-06,adapted,77,0.02413036666,20.89830197,2.569698559,6.603350683,239.6100185,77,0.07508931949,0.02413036666,-0.009870017944,0.05813075126
synthetic_20250706,synthetic,2025-07-06,adapted,78,0.02444374804,20.87029948,1.171864737,1.373266962,240.9832855,78,0.07551967579,0.02444374804,-0.009556636559,0.05844413264
synthetic_20250706,synthetic,2025-07-06,adapted,79,0.02475712943,20.75452398,0.9997131048,0.999426292,241.9827117,79,0.07583287739,0.02475712943,-0.009243255174,0.05875751403
synthetic_20250706,synthetic,2025-07-06,adapted,80,0.02507051081,20.71683476,-1.44696327,2.093702704,244.0764145,80,0.07648900484,0.02507051081,-0.008929873789,0.05907089541
synthetic_20250706,synthetic,2025-07-06,adapted,81,0.0253838922,20.69675874,-0.7566729988,0.5725540271,244.6489685,81,0.07666843262,0.0253838922,-0.008616492403,0.0593842768
synthetic_20250706,synthetic,2025-07-06,adapted,82,0.02569727358,20.51633182,0.03614960787,0.001306794149,244.6502753,82,0.07666884214,0.02569727358,-0.008303111018,0.05969765818
synthetic_20250706,synthetic,2025-07-06,adapted,83,0.02601065497,20.47399662,0.2223944711,0.04945930077,244.6997346,83,0.07668434177,0.02601065497,-0.007989729633,0.06001103957
synthetic_20250706,synthetic,2025-07-06,adapted,84,0.02632403635,20.44051761,1.225797537,1.502579602,246.2023142,84,0.07715522224,0.02632403635,-0.007676348248,0.06032442095
synthetic_20250706,synthetic,2025-07-06,adapted,85,0.02663741774,20.40172173,1.364322436,1.861375709,248.0636899,85,0.07773854274,0.02663741774,-0.007362966863,0.06063780234
synthetic_20250706,synthetic,2025-07-06,adapted,86,0.02695079912,20.33044694,0.9967210618,0.993452875,249.0571428,86,0.07804987238,0.02695079912,-0.007049585478,0.06095118372
synthetic_20250706,synthetic,2025-07-06,adapted,87,0.02726418051,20.31169853,0.7333452779,0.5377952966,249.5949381,87,0.07821840741,0.02726418051,-0.006736204093,0.06126456511
synthetic_20250706,synthetic,2025-07-06,adapted,88,0.02757756189,20.21565187,0.4352814121,0.1894699077,249.784408,88,0.07827778376,0.02757756189,-0.006422822707,0.06157794649
synthetic_20250706,synthetic,2025-07-06,adapted,89,0.02789094328,20.17367462,-1.54478526,2.3863615,252.1707695,89,0.07902562503,0.02789094328,-0.006109441322,0.06189132788
synthetic_20250706,synthetic,2025-07-06,adapted,90,0.02820432466,20.14468592,-0.8971213863,0.8048267817,252.9755962,90,0.07927784276,0.02820432466,-0.005796059937,0.06220470926
synthetic_20250706,synthetic,2025-07-06,adapted,91,0.02851770605,20.01949932,0.5960817024,0.355313396,253.3309096,91,0.07938919136,0.02851770605,-0.005482678552,0.06251809065
synthetic_20250706,synthetic,2025-07-06,adapted,92,0.02883108743,19.99020415,-2.27919511,5.19473035,258.52564,92,0.08101712316,0.02883108743,-0.005169297167,0.06283147203
synthetic_20250706,synthetic,2025-07-06,adapted,93,0.02914446882,19.93660874,1.452826947,2.110706137,260.6363461,93,0.08167857917,0.02914446882,-0.004855915782,0.06314485342
synthetic_20250706,synthetic,2025-07-06,adapted,94,0.0294578502,19.90637034,0.9822560263,0.9648269011,261.601173,94,0.08198093796,0.0294578502,-0.004542534397,0.0634582348
synthetic_20250706,synthetic,2025-07-06,adapted,95,0.02977123159,19.82113602,0.2068094187,0.04277013566,261.6439432,95,0.08199434132,0.02977123159,-0.004229153011,0.06377161619
synthetic_20250706,synthetic,2025-07-06,adapted,96,0.03008461297,19.77138909,-2.081179071,4.331306326,265.9752495,96,0.0833516921,0.03008461297,-0.003915771626,0.06408499757
synthetic_20250706,synthetic,2025-07-06,adapted,97,0.03039799436,19.73306902,-1.278940129,1.635687854,267.6109373,97,0.08386428623,0.03039799436,-0.003602390241,0.06439837896
synthetic_20250706,synthetic,2025-07-06,adapted,98,0.03071137574,19.63913156,-0.1415865318,0.02004674599,267.6309841,98,0.0838705685,0.03071137574,-0.003289008856,0.06471176034
synthetic_20250706,synthetic,2025-07-06,adapted,99,0.03102475713,19.58587737,2.321207256,5.388003126,273.0189872,99,0.08555906839,0.03102475713,-0.002975627471,0.06502514173
synthetic_20250706,synthetic,2025-07-06,adapted,100,0.03133813851,19.57414464,-1.946454175,3.788683854,276.8076711,100,0.08674637138,0.03133813851,-0.002662246086,0.06533852311
synthetic_20250706,synthetic,2025-07-06,adapted,101,0.0316515199,19.55443391,-0.1870051131,0.03497091234,276.842642,101,0.08675733061,0.0316515199,-0.002348864701,0.0656519045
synthetic_20250706,synthetic,2025-07-06,adapted,102,0.03196490128,19.47221178,1.130449254,1.277915515,278.1205575,102,0.08715780555,0.03196490128,-0.002035483315,0.06596528589
synthetic_20250706,synthetic,2025-07-06,adapted,103,0.03227828267,19.44151641,1.844188878,3.401032618,281.5215901,103,0.08822362586,0.03227828267,-0.00172210193,0.06627866727
synthetic_20250706,synthetic,2025-07-06,adapted,104,0.03259166406,19.42423903,0.6447882338,0.4157518664,281.937342,104,0.08835391476,0.03259166406,-0.001408720545,0.06659204866
synthetic_20250706,synthetic,2025-07-06,adapted,105,0.03290504544,19.37702498,-1.002284333,1.004573884,282.9419159,105,0.08866872951,0.03290504544,-0.00109533916,0.06690543004
synthetic_20250706,synthetic,2025-07-06,adapted,106,0.03321842683,19.3051111,-3.063241861,9.3834507,292.3253666,106,0.09160932829,0.03321842683,-0.0007819577748,0.06721881143
synthetic_20250706,synthetic,2025-07-06,adapted,107,0.03353180821,19.29128343,0.8115110741,0.6585502233,292.9839168,107,0.09181570567,0.03353180821,-0.0004685763897,0.06753219281
synthetic_20250706,synthetic,2025-07-06,adapted,108,0.0338451896,19.25495865,-1.781355488,3.173227375,296.1571442,108,0.09281013606,0.0338451896,-0.0001551950045,0.0678455742
synthetic_20250706,synthetic,2025-07-06,adapted,109,0.03415857098,19.1989748,0.1876884337,0.03522694815,296.1923711,109,0.09282117553,0.03415857098,0.0001581863806,0.06815895558
synthetic_20250706,synthetic,2025-07-06,adapted,110,0.03447195237,19.12569748,0.5410069418,0.2926885111,296.4850596,110,0.09291289866,0.03447195237,0.0004715677658,0.06847233697
synthetic_20250706,synthetic,2025-07-06,adapted,111,0.03478533375,19.08042136,-0.4904250135,0.2405166939,296.7255763,111,0.09298827212,0.03478533375,0.0007849491509,0.06878571835
synthetic_20250706,synthetic,2025-07-06,adapted,112,0.03509871514,19.05729874,1.904140386,3.625750608,300.3513269,112,0.09412451486,0.03509871514,0.001098330536,0.06909909974
synthetic_20250706,synthetic,2025-07-06,adapted,113,0.03541209652,19.03093658,0.494235566,0.2442687947,300.5955957,113,0.09420106416,0.03541209652,0.001411711921,0.06941248112
synthetic_20250706,synthetic,2025-07-06,adapted,114,0.03572547791,18.97282558,-0.6910701527,0.477577956,301.0731737,114,0.0943507282,0.03572547791,0.001725093306,0.06972586251
synthetic_20250706,synthetic,2025-07-06,adapted,115,0.03603885929,18.96263106,0.004151131666,1.723189411e-05,301.0731909,115,0.0943507336,0.03603885929,0.002038474691,0.07003924389
synthetic_20250706,synthetic,2025-07-06,adapted,116,0.03635224068,18.91566402,-0.2907640483,0.0845437318,301.1577346,116,0.09437722803,0.03635224068,0.002351856077,0.07035262528
synthetic_20250706,synthetic,2025-07-06,adapted,117,0.03666562206,18.90115867,0.3358982388,0.1128276268,301.2705623,117,0.09441258611,0.03666562206,0.002665237462,0.07066600666
synthetic_20250706,synthetic,2025-07-06,adapted,118,0.03697900345,18.8636151,0.689734996,0.4757343647,301.7462966,118,0.0945616724,0.03697900345,0.002978618847,0.07097938805
synthetic_20250706,synthetic,2025-07-06,adapted,119,0.03729238483,18.79355789,-0.6353546743,0.4036755622,302.1499722,119,0.09468817681,0.03729238483,0.003292000232,0.07129276943
synthetic_20250706,synthetic,2025-07-06,adapted,120,0.03760576622,18.77530434,-1.893778414,3.58639668,305.7363689,120,0.09581208677,0.03760576622,0.003605381617,0.07160615082
synthetic_20250706,synthetic,2025-07-06,adapted,121,0.0379191476,18.71613444,2.480623724,6.153494059,311.8898629,121,0.09774047726,0.0379191476,0.003918763002,0.0719195322
synthetic_20250706,synthetic,2025-07-06,adapted,122,0.03823252899,18.70415262,0.4516660535,0.2040022239,312.0938652,122,0.09780440776,0.03823252899,0.004232144388,0.07223291359
synthetic_20250706,synthetic,2025-07-06,adapted,123,0.03854591037,18.67903123,-0.9091486482,0.8265512644,312.9204164,123,0.09806343354,0.03854591037,0.004545525773,0.07254629497
synthetic_20250706,synthetic,2025-07-06,adapted,124,0.03885929176,18.65194492,0.3985162719,0.158815219,313.0792316,124,0.09811320327,0.03885929176,0.004858907158,0.07285967636
synthetic_20250706,synthetic,2025-07-06,adapted,125,0.03917267314,18.61970101,-0.6965362355,0.4851627273,313.5643944,125,0.09826524424,0.03917267314,0.005172288543,0.07317305774
synthetic_20250706,synthetic,2025-07-06,adapted,126,0.03948605453,18.53511884,-1.510600245,2.2819131,315.8463075,126,0.09898035333,0.03948605453,0.005485669928,0.07348643913
synthetic_20250706,synthetic,2025-07-06,adapted,127,0.03979943591,18.5068835,2.17983386,4.751675656,320.5979831,127,0.10046944,0.03979943591,0.005799051313,0.07379982051
synthetic_20250706,synthetic,2025-07-06,adapted,128,0.0401128173,18.49725959,0.7097138617,0.5036937655,321.1016769,128,0.1006272883,0.0401128173,0.006112432698,0.0741132019
synthetic_20250706,synthetic,2025-07-06,adapted,129,0.04042619868,18.47501104,-0.2259060475,0.05103354229,321.1527104,129,0.1006432812,0.04042619868,0.006425814084,0.07442658328
synthetic_20250706,synthetic,2025-07-06,adapted,130,0.04073958007,18.42814685,-0.5772189421,0.3331817071,321.4858921,130,0.1007476942,0.04073958007,0.006739195469,0.07473996467
synthetic_20250706,synthetic,2025-07-06,adapted,131,0.04105296145,18.42184131,-2.154791515,4.643126474,326.1290186,131,0.1022027636,0.04105296145,0.007052576854,0.07505334605
synthetic_20250706,synthetic,2025-07-06,adapted,132,0.04136634284,18.39816779,0.613220604,0.3760395092,326.5050581,132,0.1023206074,0.04136634284,0.007365958239,0.07536672744
synthetic_20250706,synthetic,2025-07-06,adapted,133,0.04167972422,18.36322292,-0.06892389875,0.004750503819,326.5098086,133,0.1023220961,0.04167972422,0.007679339624,0.07568010882
synthetic_20250706,synthetic,2025-07-06,adapted,134,0.04199310561,18.30461027,1.388313046,1.927413113,328.4372217,134,0.1029261115,0.04199310561,0.007992721009,0.07599349021
synthetic_20250706,synthetic,2025-07-06,adapted,135,0.04230648699,18.2770908,-1.237252257,1.530793148,329.9680149,135,0.1034058336,0.04230648699,0.008306102394,0.07630687159
synthetic_20250706,synthetic,2025-07-06,adapted,136,0.04261986838,18.23218241,1.893120716,3.583906045,333.5519209,136,0.104528963,0.04261986838,0.00861948378,0.07662025298
synthetic_20250706,synthetic,2025-07-06,adapted,137,0.04293324976,18.20839146,-0.3713438023,0.1378962195,333.6898172,137,0.1045721771,0.04293324976,0.008932865165,0.07693363437
synthetic_20250706,synthetic,2025-07-06,adapted,138,0.04324663115,18.17107334,-2.633199549,6.933739866,340.623557,138,0.1067450821,0.04324663115,0.00924624655,0.07724701575
synthetic_20250706,synthetic,2025-07-06,adapted,139,0.04356001254,18.15917881,-1.277668532,1.632436878,342.2559939,139,0.1072566574,0.04356001254,0.009559627935,0.07756039714
synthetic_20250706,synthetic,2025-07-06,adapted,140,0.04387339392,18.08940143,-0.03701970504,0.001370458562,342.2573644,140,0.1072570869,0.04387339392,0.00987300932,0.07787377852
synthetic_20250706,synthetic,2025-07-06,adapted,141,0.04418677531,18.08225342,-0.9982805817,0.9965641199,343.2539285,141,0.1075693916,0.04418677531,0.01018639071,0.07818715991
synthetic_20250706,synthetic,2025-07-06,adapted,142,0.04450015669,18.06154877,0.7001455743,0.4902038253,343.7441323,142,0.1077230123,0.04450015669,0.01049977209,0.07850054129
synthetic_20250706,synthetic,2025-07-06,adapted,143,0.04481353808,18.04541806,-1.310260084,1.716781487,345.4609138,143,0.1082610197,0.04481353808,0.01081315348,0.07881392268
synthetic_20250706,synthetic,2025-07-06,adapted,144,0.04512691946,18.00540036,-3.050731161,9.306960615,354.7678744,144,0.1111776479,0.04512691946,0.01112653486,0.07912730406
synthetic_20250706,synthetic,2025-07-06,adapted,145,0.04544030085,17.96749924,-0.4544231346,0.2065003853,354.9743748,145,0.1112423613,0.04544030085,0.01143991625,0.07944068545
synthetic_20250706,synthetic,2025-07-06,adapted,146,0.04575368223,17.92172507,2.257768009,5.097516382,360.0718912,146,0.112839828,0.04575368223,0.01175329763,0.07975406683
synthetic_20250706,synthetic,2025-07-06,adapted,147,0.04606706362,17.86351009,1.685684907,2.841533605,362.9134248,147,0.1137303117,0.04606706362,0.01206667902,0.08006744822
synthetic_20250706,synthetic,2025-07-06,adapted,148,0.046380445,17.8308288,1.48919067,2.217688852,365.1311136,148,0.1144252941,0.046380445,0.0123800604,0.0803808296
synthetic_20250706,synthetic,2025-07-06,adapted,149,0.04669382639,17.83039465,-0.6784182816,0.4602513648,365.591365,149,0.1145695284,0.04669382639,0.01269344179,0.08069421099
synthetic_20250706,synthetic,2025-07-06,adapted,150,0.04700720777,17.81020393,0.5208330668,0.2712670834,365.8626321,150,0.1146545384,0.04700720777,0.01300682317,0.08100759237
synthetic_20250706,synthetic,2025-07-06,adapted,151,0.04732058916,17.77113215,1.581847924,2.502242856,368.3648749,151,0.1154386947,0.04732058916,0.01332020456,0.08132097376
synthetic_20250706,synthetic,2025-07-06,adapted,152,0.04763397054,17.74248868,0.2708185915,0.07334270953,368.4382176,152,0.115461679,0.04763397054,0.01363358594,0.08163435514
synthetic_20250706,synthetic,2025-07-06,adapted,153,0.04794735193,17.70887476,2.25357525,5.078601409,373.5168191,153,0.1170532181,0.04794735193,0.01394696733,0.08194773653
synthetic_20250706,synthetic,2025-07-06,adapted,154,0.04826073331,17.68124548,-0.7830901844,0.6132302369,374.1300493,154,0.1172453931,0.04826073331,0.01426034871,0.08226111791
synthetic_20250706,synthetic,2025-07-06,adapted,155,0.0485741147,17.65789225,0.3814255073,0.1454854176,374.2755347,155,0.1172909855,0.0485741147,0.0145737301,0.0825744993
synthetic_20250706,synthetic,2025-07-06,adapted,156,0.04888749608,17.61182192,1.294926591,1.676834876,375.9523696,156,0.1178164743,0.04888749608,0.01488711148,0.08288788068
synthetic_20250706,synthetic,2025-07-06,adapted,157,0.04920087747,17.59454948,-0.3278735914,0.1075010919,376.0598707,157,0.1178501632,0.04920087747,0.01520049287,0.08320126207
synthetic_20250706,synthetic,2025-07-06,adapted,158,0.04951425885,17.54761214,1.536665634,2.361341272,378.4212119,158,0.1185901636,0.04951425885,0.01551387425,0.08351464345
synthetic_20250706,synthetic,2025-07-06,adapted,159,0.04982764024,17.51069893,-0.08828914863,0.007794973765,378.4290069,159,0.1185926064,0.04982764024,0.01582725564,0.08382802484
synthetic_20250706,synthetic,2025-07-06,adapted,160,0.05014102162,17.50673375,-0.9558914007,0.9137283699,379.3427353,160,0.1188789518,0.05014102162,0.01614063702,0.08414140622
synthetic_20250706,synthetic,2025-07-06,adapted,161,0.05045440301,17.46085804,-1.503300753,2.259913155,381.6026484,161,0.1195871665,0.05045440301,0.01645401841,0.08445478761
synthetic_20250706,synthetic,2025-07-06,adapted,162,0.05076778439,17.42781814,-2.594376076,6.730787226,388.3334357,162,0.12169647,0.05076778439,0.01676739979,0.08476816899
synthetic_20250706,synthetic,2025-07-06,adapted,163,0.05108116578,17.37457678,0.6140424379,0.3770481155,388.7104838,163,0.1218146298,0.05108116578,0.01708078118,0.08508155038
synthetic_20250706,synthetic,2025-07-06,adapted,164,0.05139454716,17.35513213,1.047847834,1.097985084,389.8084689,164,0.1221587179,0.05139454716,0.01739416256,0.08539493176
synthetic_20250706,synthetic,2025-07-06,adapted,165,0.05170792855,17.32486053,2.94338309,8.663504015,398.4719729,165,0.1248736988,0.05170792855,0.01770754395,0.08570831315
synthetic_20250706,synthetic,2025-07-06,adapted,166,0.05202130993,17.29039741,-1.189804184,1.415633996,399.8876069,166,0.1253173321,0.05202130993,0.01802092533,0.08602169453
synthetic_20250706,synthetic,2025-07-06,adapted,167,0.05233469132,17.27368963,-0.9245532729,0.8547987543,400.7424056,167,0.1255852102,0.05233469132,0.01833430672,0.08633507592
synthetic_20250706,synthetic,2025-07-06,adapted,168,0.0526480727,17.24847696,1.36732245,1.869570683,402.6119763,168,0.1261710988,0.0526480727,0.0186476881,0.0866484573
synthetic_20250706,synthetic,2025-07-06,adapted,169,0.05296145409,17.21328165,-0.009607409793,9.230232292e-05,402.6120686,169,0.1261711277,0.05296145409,0.01896106949,0.08696183869
synthetic_20250706,synthetic,2025-07-06,adapted,170,0.05327483547,17.20682194,0.2661001706,0.07080930081,402.6828779,170,0.1261933181,0.05327483547,0.01927445087,0.08727522008
synthetic_20250706,synthetic,2025-07-06,adapted,171,0.05358821686,17.18562305,-0.7346732311,0.5397447564,403.2226227,171,0.126362464,0.05358821686,0.01958783226,0.08758860146
synthetic_20250706,synthetic,2025-07-06,adapted,172,0.05390159825,17.18045194,-1.025124699,1.050880649,404.2735033,172,0.1266917905,0.05390159825,0.01990121364,0.08790198285
synthetic_20250706,synthetic,2025-07-06,adapted,173,0.05421497963,17.12690488,-2.277833819,5.188526907,409.4620302,173,0.1283177782,0.05421497963,0.02021459503,0.08821536423
synthetic_20250706,synthetic,2025-07-06,adapted,174,0.05452836102,17.08135202,-1.927133475,3.713843432,413.1758737,174,0.1294816276,0.05452836102,0.02052797642,0.08852874562
synthetic_20250706,synthetic,2025-07-06,adapted,175,0.0548417424,17.03585682,-0.9217242099,0.8495755191,414.0254492,175,0.1297478688,0.0548417424,0.0208413578,0.088842127
synthetic_20250706,synthetic,2025-07-06,adapted,176,0.05515512379,17.00345248,0.9115574289,0.8309369462,414.8563861,176,0.1300082689,0.05515512379,0.02115473919,0.08915550839
synthetic_20250706,synthetic,2025-07-06,adapted,177,0.05546850517,16.97244098,-1.779368616,3.166152672,418.0225388,177,0.1310004822,0.05546850517,0.02146812057,0.08946888977
synthetic_20250706,synthetic,2025-07-06,adapted,178,0.05578188656,16.96087615,-0.3227978871,0.1041984759,418.1267373,178,0.1310331361,0.05578188656,0.02178150196,0.08978227116
synthetic_20250706,synthetic,2025-07-06,adapted,179,0.05609526794,16.9449005,1.932823508,3.735806713,421.862544,179,0.1322038684,0.05609526794,0.02209488334,0.09009565254
synthetic_20250706,synthetic,2025-07-06,adapted,180,0.05640864933,16.89506301,0.9005561927,0.8110014563,422.6735454,180,0.1324580211,0.05640864933,0.02240826473,0.09040903393
synthetic_20250706,synthetic,2025-07-06,adapted,181,0.05672203071,16.88613695,-0.7842087876,0.6149834226,423.2885289,181,0.1326507455,0.05672203071,0.02272164611,0.09072241531
synthetic_20250706,synthetic,2025-07-06,adapted,182,0.0570354121,16.86866866,-0.586460972,0.3439364717,423.6324653,182,0.1327585288,0.0570354121,0.0230350275,0.0910357967
synthetic_20250706,synthetic,2025-07-06,adapted,183,0.05734879348,16.84266144,-1.243657564,1.546684136,425.1791495,183,0.1332432308,0.05734879348,0.02334840888,0.09134917808
synthetic_20250706,synthetic,2025-07-06,adapted,184,0.05766217487,16.83059469,2.168418558,4.702039044,429.8811885,184,0.1347167623,0.05766217487,0.02366179027,0.09166255947
synthetic_20250706,synthetic,2025-07-06,adapted,185,0.05797555625,16.81457809,-0.5632116096,0.3172073172,430.1983958,185,0.1348161692,0.05797555625,0.02397517165,0.09197594085
synthetic_20250706,synthetic,2025-07-06,adapted,186,0.05828893764,16.79973783,1.80046226,3.241664349,433.4400602,186,0.1358320464,0.05828893764,0.02428855304,0.09228932224
synthetic_20250706,synthetic,2025-07-06,adapted,187,0.05860231902,16.7820248,0.9274372044,0.860139768,434.3002,187,0.1361015982,0.05860231902,0.02460193442,0.09260270362
synthetic_20250706,synthetic,2025-07-06,adapted,188,0.05891570041,16.72136303,0.6704689719,0.4495286423,434.7497286,188,0.1362424721,0.05891570041,0.02491531581,0.09291608501
synthetic_20250706,synthetic,2025-07-06,adapted,189,0.05922908179,16.7036566,0.643085559,0.4135590362,435.1632876,189,0.1363720738,0.05922908179,0.02522869719,0.09322946639
synthetic_20250706,synthetic,2025-07-06,adapted,190,0.05954246318,16.69002895,-2.409713256,5.806717978,440.9700056,190,0.1381917912,0.05954246318,0.02554207858,0.09354284778
synthetic_20250706,synthetic,2025-07-06,adapted,191,0.05985584456,16.66762372,-0.2264411674,0.0512756023,441.0212812,191,0.13820786,0.05985584456,0.02585545996,0.09385622916
synthetic_20250706,synthetic,2025-07-06,adapted,192,0.06016922595,16.64684118,-0.0500034306,0.002500343072,441.0237816,192,0.1382086435,0.06016922595,0.02616884135,0.09416961055
synthetic_20250706,synthetic,2025-07-06,adapted,193,0.06048260733,16.61047324,-0.3864723709,0.1493608935,441.1731425,193,0.1382554505,0.06048260733,0.02648222273,0.09448299193
synthetic_20250706,synthetic,2025-07-06,adapted,194,0.06079598872,16.59628429,-2.555616874,6.531177607,447.7043201,194,0.1403022,0.06079598872,0.02679560412,0.09479637332
synthetic_20250706,synthetic,2025-07-06,adapted,195,0.0611093701,16.57346175,-1.321162039,1.745469134,449.4497892,195,0.1408491975,0.0611093701,0.0271089855,0.0951097547
synthetic_20250706,synthetic,2025-07-06,adapted,196,0.06142275149,16.55449294,1.318495433,1.738430207,451.1882194,196,0.1413939892,0.06142275149,0.02742236689,0.09542313609
synthetic_20250706,synthetic,2025-07-06,adapted,197,0.06173613287,16.5222989,-1.146174926,1.31371696,452.5019364,197,0.1418056836,0.06173613287,0.02773574827,0.09573651747
synthetic_20250706,synthetic,2025-07-06,adapted,198,0.06204951426,16.49477162,0.8985112697,0.8073225018,453.3092589,198,0.1420586834,0.06204951426,0.02804912966,0.09604989886
synthetic_20250706,synthetic,2025-07-06,adapted,199,0.06236289564,16.46297683,-1.108859652,1.229569729,454.5388286,199,0.1424440077,0.06236289564,0.02836251104,0.09636328024
synthetic_20250706,synthetic,2025-07-06,adapted,200,0.06267627703,16.45533913,1.347205679,1.814963142,456.3537917,200,0.1430127834,0.06267627703,0.02867589243,0.09667666163
synthetic_20250706,synthetic,2025-07-06,adapted,201,0.06298965841,16.43836495,0.8172490825,0.6678960629,457.0216878,201,0.1432220896,0.06298965841,0.02898927381,0.09699004301
synthetic_20250706,synthetic,2025-07-06,adapted,202,0.0633030398,16.40592371,-0.446432203,0.1993017119,457.2209895,202,0.143284547,0.0633030398,0.0293026552,0.0973034244
synthetic_20250706,synthetic,2025-07-06,adapted,203,0.06361642118,16.37960244,-0.3551017581,0.1260972586,457.3470868,203,0.1433240635,0.06361642118,0.02961603658,0.09761680578
synthetic_20250706,synthetic,2025-07-06,adapted,204,0.06392980257,16.33382413,0.1208020307,0.01459313063,457.3616799,204,0.1433286368,0.06392980257,0.02992941797,0.09793018717
synthetic_20250706,synthetic,2025-07-06,adapted,205,0.06424318395,16.30558234,0.5800612378,0.3364710396,457.6981509,205,0.1434340805,0.06424318395,0.03024279935,0.09824356856
synthetic_20250706,synthetic,2025-07-06,adapted,206,0.06455656534,16.29325532,-0.1188092409,0.01411563573,457.7122666,206,0.1434385041,0.06455656534,0.03055618074,0.09855694994
synthetic_20250706,synthetic,2025-07-06,adapted,207,0.06486994673,16.26924086,0.2955771322,0.08736584109,457.7996324,207,0.1434658829,0.06486994673,0.03086956212,0.09887033133
synthetic_20250706,synthetic,2025-07-06,adapted,208,0.06518332811,16.22259724,2.731333315,7.460181676,465.2598141,208,0.145803765,0.06518332811,0.03118294351,0.09918371271
synthetic_20250706,synthetic,2025-07-06,adapted,209,0.0654967095,16.22195079,-2.246427095,5.046434695,470.3062488,209,0.1473852237,0.0654967095,0.0314963249,0.0994970941
synthetic_20250706,synthetic,2025-07-06,adapted,210,0.06581009088,16.19868891,1.333215676,1.777464039,472.0837128,210,0.1479422478,0.06581009088,0.03180970628,0.09981047548
synthetic_20250706,synthetic,2025-07-06,adapted,211,0.06612347227,16.1811356,0.1124909304,0.01265420942,472.096367,211,0.1479462134,0.06612347227,0.03212308767,0.1001238569
synthetic_20250706,synthetic,2025-07-06,adapted,212,0.06643685365,16.13169533,-2.150517903,4.624727249,476.7210943,212,0.1493955169,0.06643685365,0.03243646905,0.1004372383
synthetic_20250706,synthetic,2025-07-06,adapted,213,0.06675023504,16.11111116,-0.5576095222,0.3109283793,477.0320227,213,0.149492956,0.06675023504,0.03274985044,0.1007506196
synthetic_20250706,synthetic,2025-07-06,adapted,214,0.06706361642,16.09436036,2.545705931,6.480618688,483.5126414,214,0.1515238613,0.06706361642,0.03306323182,0.101064001
synthetic_20250706,synthetic,2025-07-06,adapted,215,0.06737699781,16.07347523,-0.5916496661,0.3500493274,483.8626907,215,0.1516335602,0.06737699781,0.03337661321,0.1013773824
synthetic_20250706,synthetic,2025-07-06,adapted,216,0.06769037919,16.04428068,1.285359911,1.6521501,485.5148408,216,0.1521513133,0.06769037919,0.03368999459,0.1016907638
synthetic_20250706,synthetic,2025-07-06,adapted,217,0.06800376058,16.02270185,1.050108322,1.102727488,486.6175683,217,0.1524968876,0.06800376058,0.03400337598,0.1020041452
synthetic_20250706,synthetic,2025-07-06,adapted,218,0.06831714196,16.00501894,0.9742705792,0.9492031615,487.5667714,218,0.1527943502,0.06831714196,0.03431675736,0.1023175266
synthetic_20250706,synthetic,2025-07-06,adapted,219,0.06863052335,15.98682293,2.796267898,7.819114155,495.3858856,219,0.155244715,0.06863052335,0.03463013875,0.1026309079
synthetic_20250706,synthetic,2025-07-06,adapted,220,0.06894390473,15.98473082,0.8080038056,0.6528701499,496.0387557,220,0.1554493124,0.06894390473,0.03494352013,0.1029442893
synthetic_20250706,synthetic,2025-07-06,adapted,221,0.06925728612,15.91299451,1.890607891,3.574398199,499.6131539,221,0.1565694622,0.06925728612,0.03525690152,0.1032576707
synthetic_20250706,synthetic,2025-07-06,adapted,222,0.0695706675,15.90334862,-0.2560258613,0.06554924164,499.6787032,222,0.1565900041,0.0695706675,0.0355702829,0.1035710521
synthetic_20250706,synthetic,2025-07-06,adapted,223,0.06988404889,15.89225981,-1.338942979,1.792768302,501.4714715,223,0.1571518243,0.06988404889,0.03588366429,0.1038844335
synthetic_20250706,synthetic,2025-07-06,adapted,224,0.07019743027,15.87078728,0.4364129022,0.1904562212,501.6619277,224,0.1572115098,0.07019743027,0.03619704567,0.1041978149
synthetic_20250706,synthetic,2025-07-06,adapted,225,0.07051081166,15.8277103,-1.614464153,2.606494502,504.2684222,225,0.1580283366,0.07051081166,0.03651042706,0.1045111963
synthetic_20250706,synthetic,2025-07-06,adapted,226,0.07082419304,15.82429231,-0.3153944035,0.09947362978,504.3678958,226,0.1580595098,0.07082419304,0.03682380844,0.1048245776
synthetic_20250706,synthetic,2025-07-06,adapted,227,0.07113757443,15.8205511,-2.923877265,8.549058261,512.9169541,227,0.1607386255,0.07113757443,0.03713718983,0.105137959
synthetic_20250706,synthetic,2025-07-06,adapted,228,0.07145095581,15.80342913,3.435443116,11.8022694,524.7192235,228,0.1644372371,0.07145095581,0.03745057121,0.1054513404
synthetic_20250706,synthetic,2025-07-06,adapted,229,0.0717643372,15.7907023,0.4711811786,0.2220117031,524.9412352,229,0.1645068114,0.0717643372,0.0377639526,0.1057647218
synthetic_20250706,synthetic,2025-07-06,adapted,230,0.07207771858,15.75278994,0.5474578162,0.2997100605,525.2409453,230,0.164600735,0.07207771858,0.03807733398,0.1060781032
synthetic_20250706,synthetic,2025-07-06,adapted,231,0.07239109997,15.73269716,-1.107911812,1.227468583,526.4684138,231,0.1649854008,0.07239109997,0.03839071537,0.1063914846
synthetic_20250706,synthetic,2025-07-06,adapted,232,0.07270448135,15.70414698,-0.8898745525,0.7918767192,527.2602906,232,0.1652335602,0.07270448135,0.03870409675,0.106704866
synthetic_20250706,synthetic,2025-07-06,adapted,233,0.07301786274,15.68374177,-0.6394583163,0.4089069383,527.6691975,233,0.165361704,0.07301786274,0.03901747814,0.1070182473
synthetic_20250706,synthetic,2025-07-06,adapted,234,0.07333124412,15.67349438,0.4803035559,0.2306915058,527.899889,234,0.1654339984,0.07333124412,0.03933085952,0.1073316287
synthetic_20250706,synthetic,2025-07-06,adapted,235,0.07364462551,15.66012236,-0.3129742214,0.09795286328,527.9978419,235,0.165464695,0.07364462551,0.03964424091,0.1076450101
synthetic_20250706,synthetic,2025-07-06,adapted,236,0.07395800689,15.6385215,-2.60335448,6.777454547,534.7752964,236,0.1675886231,0.07395800689,0.03995762229,0.1079583915
synthetic_20250706,synthetic,2025-07-06,adapted,237,0.07427138828,15.62403516,-1.523375058,2.320671568,537.095968,237,0.1683158784,0.07427138828,0.04027100368,0.1082717729
synthetic_20250706,synthetic,2025-07-06,adapted,238,0.07458476966,15.59249839,-0.8545316821,0.7302243958,537.8261924,238,0.1685447171,0.07458476966,0.04058438506,0.1085851543
synthetic_20250706,synthetic,2025-07-06,adapted,239,0.07489815105,15.57638843,0.6643170277,0.4413171133,538.2675095,239,0.1686830177,0.07489815105,0.04089776645,0.1088985357
synthetic_20250706,synthetic,2025-07-06,adapted,240,0.07521153243,15.56842316,0.5065070547,0.2565493964,538.5240589,240,0.1687634155,0.07521153243,0.04121114783,0.109211917
synthetic_20250706,synthetic,2025-07-06,adapted,241,0.07552491382,15.55600745,-1.60609201,2.579531546,541.1035904,241,0.1695717927,0.07552491382,0.04152452922,0.1095252984
synthetic_20250706,synthetic,2025-07-06,adapted,242,0.07583829521,15.55478748,0.02448668517,0.0005995977507,541.10419,242,0.1695719806,0.07583829521,0.04183791061,0.1098386798
synthetic_20250706,synthetic,2025-07-06,adapted,243,0.07615167659,15.52639554,0.4621477269,0.2135805215,541.3177705,243,0.1696389127,0.07615167659,0.04215129199,0.1101520612
synthetic_20250706,synthetic,2025-07-06,adapted,244,0.07646505798,15.50674382,-0.04386917052,0.001924504122,541.3196951,244,0.1696395158,0.07646505798,0.04246467338,0.1104654426
synthetic_20250706,synthetic,2025-07-06,adapted,245,0.07677843936,15.49561629,-2.156673375,4.651240048,545.9709351,245,0.1710971279,0.07677843936,0.04277805476,0.110778824
synthetic_20250706,synthetic,2025-07-06,adapted,246,0.07709182075,15.45143819,1.391501772,1.93627718,547.9072123,246,0.1717039211,0.07709182075,0.04309143615,0.1110922053
synthetic_20250706,synthetic,2025-07-06,adapted,247,0.07740520213,15.43171277,0.1264449899,0.01598833548,547.9232006,247,0.1717089316,0.07740520213,0.04340481753,0.1114055867
synthetic_20250706,synthetic,2025-07-06,adapted,248,0.07771858352,15.41999156,-1.251878863,1.567200687,549.4904013,248,0.1722000631,0.07771858352,0.04371819892,0.1117189681
synthetic_20250706,synthetic,2025-07-06,adapted,249,0.0780319649,15.38191037,-1.710331135,2.925232591,552.4156339,249,0.1731167765,0.0780319649,0.0440315803,0.1120323495
synthetic_20250706,synthetic,2025-07-06,adapted,250,0.07834534629,15.36772902,-1.598743793,2.555981716,554.9716156,250,0.1739177736,0.07834534629,0.04434496169,0.1123457309
synthetic_20250706,synthetic,2025-07-06,adapted,251,0.07865872767,15.34963582,1.414889919,2.001913482,556.9735291,251,0.174545136,0.07865872767,0.04465834307,0.1126591123
synthetic_20250706,synthetic,2025-07-06,adapted,252,0.07897210906,15.32706327,1.628920833,2.653383081,559.6269122,252,0.1753766569,0.07897210906,0.04497172446,0.1129724937
synthetic_20250706,synthetic,2025-07-06,adapted,253,0.07928549044,15.29419647,-0.3955224805,0.1564380326,559.7833502,253,0.1754256817,0.07928549044,0.04528510584,0.113285875
synthetic_20250706,synthetic,2025-07-06,adapted,254,0.07959887183,15.28632459,1.165674567,1.358797197,561.1421474,254,0.1758515034,0.07959887183,0.04559848723,0.1135992564
synthetic_20250706,synthetic,2025-07-06,adapted,255,0.07991225321,15.26959913,-1.608425926,2.587033958,563.7291814,255,0.1766622317,0.07991225321,0.04591186861,0.1139126378
synthetic_20250706,synthetic,2025-07-06,adapted,256,0.0802256346,15.23741269,-1.141662627,1.303393553,565.0325749,256,0.177070691,0.0802256346,0.04622525,0.1142260192
synthetic_20250706,synthetic,2025-07-06,adapted,257,0.08053901598,15.23403379,0.8903399486,0.7927052241,565.8252801,257,0.17731911,0.08053901598,0.04653863138,0.1145394006
synthetic_20250706,synthetic,2025-07-06,adapted,258,0.08085239737,15.22707632,1.055692489,1.114486631,566.9397668,258,0.1776683694,0.08085239737,0.04685201277,0.114852782
synthetic_20250706,synthetic,2025-07-06,adapted,259,0.08116577875,15.1923859,-0.2784827339,0.0775526331,567.0173194,259,0.177692673,0.08116577875,0.04716539415,0.1151661634
synthetic_20250706,synthetic,2025-07-06,adapted,260,0.08147916014,15.17252847,-0.1326190994,0.01758782553,567.0349072,260,0.1776981847,0.08147916014,0.04747877554,0.1154795447
synthetic_20250706,synthetic,2025-07-06,adapted,261,0.08179254152,15.15796448,1.462353305,2.138477189,569.1733844,261,0.1783683436,0.08179254152,0.04779215692,0.1157929261
synthetic_20250706,synthetic,2025-07-06,adapted,262,0.08210592291,15.13476041,0.05505171922,0.003030691789,569.1764151,262,0.1783692934,0.08210592291,0.04810553831,0.1161063075
synthetic_20250706,synthetic,2025-07-06,adapted,263,0.08241930429,15.12376363,-2.541408182,6.458755547,575.6351707,263,0.1803933471,0.08241930429,0.04841891969,0.1164196889
synthetic_20250706,synthetic,2025-07-06,adapted,264,0.08273268568,15.10099442,-0.04935788902,0.002436201209,575.6376069,264,0.1803941106,0.08273268568,0.04873230108,0.1167330703
synthetic_20250706,synthetic,2025-07-06,adapted,265,0.08304606706,15.09139553,-1.70451454,2.905369817,578.5429767,265,0.1813045994,0.08304606706,0.04904568246,0.1170464517
synthetic_20250706,synthetic,2025-07-06,adapted,266,0.08335944845,15.07670451,-0.5027870165,0.252794784,578.7957715,266,0.1813838206,0.08335944845,0.04935906385,0.117359833
synthetic_20250706,synthetic,2025-07-06,adapted,267,0.08367282983,15.0633236,1.498509085,2.245529478,581.0413009,267,0.1820875277,0.08367282983,0.04967244523,0.1176732144
synthetic_20250706,synthetic,2025-07-06,adapted,268,0.08398621122,15.04559079,0.009783227392,9.571153821e-05,581.0413966,268,0.1820875577,0.08398621122,0.04998582662,0.1179865958
synthetic_20250706,synthetic,2025-07-06,adapted,269,0.0842995926,15.03374685,-0.3906520895,0.152609055,581.1940057,269,0.1821353825,0.0842995926,0.050299208,0.1182999772
synthetic_20250706,synthetic,2025-07-06,adapted,270,0.08461297399,14.98986639,1.226132862,1.503401795,582.6974075,270,0.1826065207,0.08461297399,0.05061258939,0.1186133586
synthetic_20250706,synthetic,2025-07-06,adapted,271,0.08492635537,14.98089511,0.4154286256,0.172580943,582.8699884,271,0.1826606043,0.08492635537,0.05092597077,0.11892674
synthetic_20250706,synthetic,2025-07-06,adapted,272,0.08523973676,14.95883658,0.4841259236,0.2343779099,583.1043664,272,0.182734054,0.08523973676,0.05123935216,0.1192401214
synthetic_20250706,synthetic,2025-07-06,adapted,273,0.08555311814,14.95453087,-2.486704334,6.183698447,589.2880648,273,0.18467191,0.08555311814,0.05155273354,0.1195535027
synthetic_20250706,synthetic,2025-07-06,adapted,274,0.08586649953,14.93935316,1.629722588,2.655995715,591.9440605,274,0.1855042496,0.08586649953,0.05186611493,0.1198668841
synthetic_20250706,synthetic,2025-07-06,adapted,275,0.08617988092,14.91946339,-0.4652318273,0.2164406531,592.1605012,275,0.1855720781,0.08617988092,0.05217949631,0.1201802655
synthetic_20250706,synthetic,2025-07-06,adapted,276,0.0864932623,14.90802749,-1.894995868,3.591009338,595.7515105,276,0.1866974336,0.0864932623,0.0524928777,0.1204936469
synthetic_20250706,synthetic,2025-07-06,adapted,277,0.08680664369,14.89386507,0.7250356187,0.5256766484,596.2771872,277,0.1868621708,0.08680664369,0.05280625909,0.1208070283
synthetic_20250706,synthetic,2025-07-06,adapted,278,0.08712002507,14.86109595,-0.6252898215,0.3909873609,596.6681745,278,0.186984699,0.08712002507,0.05311964047,0.1211204097
synthetic_20250706,synthetic,2025-07-06,adapted,279,0.08743340646,14.85636676,0.5923381391,0.350864471,597.019039,279,0.1870946534,0.08743340646,0.05343302186,0.1214337911
synthetic_20250706,synthetic,2025-07-06,adapted,280,0.08774678784,14.83779594,0.00549334133,3.017679897e-05,597.0190692,280,0.1870946629,0.08774678784,0.05374640324,0.1217471724
synthetic_20250706,synthetic,2025-07-06,adapted,281,0.08806016923,14.81713431,1.381039355,1.907269699,598.9263389,281,0.1876923657,0.08806016923,0.05405978463,0.1220605538
synthetic_20250706,synthetic,2025-07-06,adapted,282,0.08837355061,14.79790504,-0.4854533513,0.2356649563,599.1620038,282,0.1877662187,0.08837355061,0.05437316601,0.1223739352
synthetic_20250706,synthetic,2025-07-06,adapted,283,0.088686932,14.78275799,-0.09760929684,0.009527574829,599.1715314,283,0.1877692044,0.088686932,0.0546865474,0.1226873166
synthetic_20250706,synthetic,2025-07-06,adapted,284,0.08900031338,14.77833884,0.07912907998,0.006261411299,599.1777928,284,0.1877711667,0.08900031338,0.05499992878,0.123000698
synthetic_20250706,synthetic,2025-07-06,adapted,285,0.08931369477,14.77134653,-1.855252127,3.441960456,602.6197533,285,0.188849813,0.08931369477,0.05531331017,0.1233140794
synthetic_20250706,synthetic,2025-07-06,adapted,286,0.08962707615,14.75260261,0.6680890869,0.4463430281,603.0660963,286,0.1889896886,0.08962707615,0.05562669155,0.1236274608
synthetic_20250706,synthetic,2025-07-06,adapted,287,0.08994045754,14.73182323,-1.006595187,1.013233871,604.0793302,287,0.1893072172,0.08994045754,0.05594007294,0.1239408421
synthetic_20250706,synthetic,2025-07-06,adapted,288,0.09025383892,14.71405192,-0.7625465061,0.581477174,604.6608073,288,0.1894894413,0.09025383892,0.05625345432,0.1242542235
synthetic_20250706,synthetic,2025-07-06,adapted,289,0.09056722031,14.70215312,-0.8656607359,0.7493685097,605.4101758,289,0.1897242795,0.09056722031,0.05656683571,0.1245676049
synthetic_20250706,synthetic,2025-07-06,adapted,290,0.09088060169,14.68004886,2.009816748,4.039363361,609.4495392,290,0.1909901408,0.09088060169,0.05688021709,0.1248809863
synthetic_20250706,synthetic,2025-07-06,adapted,291,0.09119398308,14.66552053,-1.09777669,1.205113662,610.6546529,291,0.191367801,0.09119398308,0.05719359848,0.1251943677
synthetic_20250706,synthetic,2025-07-06,adapted,292,0.09150736446,14.65573262,1.329390877,1.767280105,612.421933,292,0.1919216336,0.09150736446,0.05750697986,0.1255077491
synthetic_20250706,synthetic,2025-07-06,adapted,293,0.09182074585,14.63070134,1.812758826,3.286094561,615.7080275,293,0.1929514345,0.09182074585,0.05782036125,0.1258211304
synthetic_20250706,synthetic,2025-07-06,adapted,294,0.09213412723,14.60488133,-0.6592852423,0.4346570308,616.1426846,294,0.1930876479,0.09213412723,0.05813374263,0.1261345118
synthetic_20250706,synthetic,2025-07-06,adapted,295,0.09244750862,14.59541181,0.8300326897,0.688954266,616.8316388,295,0.1933035534,0.09244750862,0.05844712402,0.1264478932
synthetic_20250706,synthetic,2025-07-06,adapted,296,0.09276089,14.58287278,-0.8434712743,0.7114437905,617.5430826,296,0.1935265066,0.09276089,0.0587605054,0.1267612746
synthetic_20250706,synthetic,2025-07-06,adapted,297,0.09307427139,14.5638592,0.02573661519,0.0006623733616,617.543745,297,0.1935267142,0.09307427139,0.05907388679,0.127074656
synthetic_20250706,synthetic,2025-07-06,adapted,298,0.09338765277,14.5529068,-0.7953040082,0.6325084654,618.1762535,298,0.1937249306,0.09338765277,0.05938726817,0.1273880374
synthetic_20250706,synthetic,2025-07-06,adapted,299,0.09370103416,14.54335367,-0.06002211389,0.003602654156,618.1798561,299,0.1937260596,0.09370103416,0.05970064956,0.1277014188
synthetic_20250706,synthetic,2025-07-06,adapted,300,0.09401441554,14.53163842,1.151374278,1.325662729,619.5055188,300,0.1941414976,0.09401441554,0.06001403094,0.1280148001
synthetic_20250706,synthetic,2025-07-06,adapted,301,0.09432779693,14.48546677,-0.7696471072,0.5923566697,620.0978755,301,0.1943271312,0.09432779693,0.06032741233,0.1283281815
synthetic_20250706,synthetic,2025-07-06,adapted,302,0.09464117831,14.46829304,-0.7447660065,0.5546764044,620.6525519,302,0.1945009564,0.09464117831,0.06064079371,0.1286415629
synthetic_20250706,synthetic,2025-07-06,adapted,303,0.0949545597,14.45624596,-2.710934151,7.349163974,628.0017159,303,0.1968040476,0.0949545597,0.0609541751,0.1289549443
synthetic_20250706,synthetic,2025-07-06,adapted,304,0.09526794108,14.44558809,-0.3119416259,0.09730757796,628.0990235,304,0.196834542,0.09526794108,0.06126755648,0.1292683257
synthetic_20250706,synthetic,2025-07-06,adapted,305,0.09558132247,14.42951306,0.6423421982,0.4126034996,628.511627,305,0.1969638442,0.09558132247,0.06158093787,0.1295817071
synthetic_20250706,synthetic,2025-07-06,adapted,306,0.09589470385,14.40294006,-0.9701159199,0.941124898,629.4527519,306,0.1972587753,0.09589470385,0.06189431925,0.1298950885
synthetic_20250706,synthetic,2025-07-06,adapted,307,0.09620808524,14.38905909,1.6999468,2.889819124,632.342571,307,0.1981643908,0.09620808524,0.06220770064,0.1302084698
synthetic_20250706,synthetic,2025-07-06,adapted,308,0.09652146662,14.37777379,-0.6484014587,0.4204244517,632.7629954,308,0.198296144,0.09652146662,0.06252108202,0.1305218512
synthetic_20250706,synthetic,2025-07-06,adapted,309,0.09683484801,14.35647426,-2.859862923,8.178815939,640.9418114,309,0.2008592326,0.09683484801,0.06283446341,0.1308352326
synthetic_20250706,synthetic,2025-07-06,adapted,310,0.0971482294,14.32945709,-0.600296145,0.3603554617,641.3021668,310,0.2009721613,0.0971482294,0.06314784479,0.131148614
synthetic_20250706,synthetic,2025-07-06,adapted,311,0.09746161078,14.31064158,-0.01960675331,0.0003844247754,641.3025513,311,0.2009722818,0.09746161078,0.06346122618,0.1314619954
synthetic_20250706,synthetic,2025-07-06,adapted,312,0.09777499217,14.30207775,-1.018410703,1.037160361,642.3397116,312,0.2012973086,0.09777499217,0.06377460757,0.1317753768
synthetic_20250706,synthetic,2025-07-06,adapted,313,0.09808837355,14.28477219,0.928161694,0.8614841302,643.2011958,313,0.2015672817,0.09808837355,0.06408798895,0.1320887582
synthetic_20250706,synthetic,2025-07-06,adapted,314,0.09840175494,14.26861345,-0.4431409553,0.1963739063,643.3975697,314,0.2016288216,0.09840175494,0.06440137034,0.1324021395
synthetic_20250706,synthetic,2025-07-06,adapted,315,0.09871513632,14.26153085,0.8789475799,0.7725488481,644.1701185,315,0.201870924,0.09871513632,0.06471475172,0.1327155209
synthetic_20250706,synthetic,2025-07-06,adapted,316,0.09902851771,14.2358309,-2.510691169,6.303570146,650.4736887,316,0.2038463456,0.09902851771,0.06502813311,0.1330289023
synthetic_20250706,synthetic,2025-07-06,adapted,317,0.09934189909,14.21529099,-1.284600331,1.650198009,652.1238867,317,0.2043634869,0.09934189909,0.06534151449,0.1333422837
synthetic_20250706,synthetic,2025-07-06,adapted,318,0.09965528048,14.20671482,0.9359687112,0.8760374284,652.9999241,318,0.2046380207,0.09965528048,0.06565489588,0.1336556651
synthetic_20250706,synthetic,2025-07-06,adapted,319,0.09996866186,14.18799305,-0.9971416105,0.9942913915,653.9942155,319,0.2049496131,0.09996866186,0.06596827726,0.1339690465
synthetic_20250706,synthetic,2025-07-06,adapted,320,0.1002820432,14.17396868,0.3593059376,0.1291007568,654.1233162,320,0.2049900709,0.1002820432,0.06628165865,0.1342824278
synthetic_20250706,synthetic,2025-07-06,adapted,321,0.1005954246,14.1557548,-0.07400936026,0.005477385406,654.1287936,321,0.2049917874,0.1005954246,0.06659504003,0.1345958092
synthetic_20250706,synthetic,2025-07-06,adapted,322,0.100908806,14.13684788,0.9316707647,0.8680104137,654.996804,322,0.2052638057,0.100908806,0.06690842142,0.1349091906
synthetic_20250706,synthetic,2025-07-06,adapted,323,0.1012221874,14.12889854,-1.605579893,2.577886794,657.5746908,323,0.2060716674,0.1012221874,0.0672218028,0.135222572
synthetic_20250706,synthetic,2025-07-06,adapted,324,0.1015355688,14.0989312,1.196464806,1.431528033,659.0062189,324,0.2065202817,0.1015355688,0.06753518419,0.1355359534
synthetic_20250706,synthetic,2025-07-06,adapted,325,0.1018489502,14.08763166,-1.282729745,1.645395599,660.6516145,325,0.207035918,0.1018489502,0.06784856557,0.1358493348
synthetic_20250706,synthetic,2025-07-06,adapted,326,0.1021623316,14.07145372,1.501690025,2.255072933,662.9066874,326,0.2077426159,0.1021623316,0.06816194696,0.1361627162
synthetic_20250706,synthetic,2025-07-06,adapted,327,0.1024757129,14.05781142,-0.5613191658,0.3150792058,663.2217666,327,0.2078413559,0.1024757129,0.06847532834,0.1364760975
synthetic_20250706,synthetic,2025-07-06,adapted,328,0.1027890943,14.04243412,-1.207402836,1.457821609,664.6795882,328,0.20829821,0.1027890943,0.06878870973,0.1367894789
synthetic_20250706,synthetic,2025-07-06,adapted,329,0.1031024757,14.02571819,-0.6013287293,0.3615962407,665.0411845,329,0.2084115276,0.1031024757,0.06910209111,0.1371028603
synthetic_20250706,synthetic,2025-07-06,adapted,330,0.1034158571,14.01655669,0.7731961094,0.5978322236,665.6390167,330,0.2085988771,0.1034158571,0.0694154725,0.1374162417
synthetic_20250706,synthetic,2025-07-06,adapted,331,0.1037292385,14.00559296,2.237042664,5.004359881,670.6433766,331,0.2101671503,0.1037292385,0.06972885388,0.1377296231
synthetic_20250706,synthetic,2025-07-06,adapted,332,0.1040426199,13.98161184,0.5399823375,0.2915809249,670.9349575,332,0.2102585263,0.1040426199,0.07004223527,0.1380430045
synthetic_20250706,synthetic,2025-07-06,adapted,333,0.1043560013,13.96766202,-2.35376293,5.540199931,676.4751574,333,0.2119947218,0.1043560013,0.07035561665,0.1383563859
synthetic_20250706,synthetic,2025-07-06,adapted,334,0.1046693826,13.95066331,0.5144595343,0.2646686124,676.739826,334,0.2120776641,0.1046693826,0.07066899804,0.1386697672
synthetic_20250706,synthetic,2025-07-06,adapted,335,0.104982764,13.93818586,-0.05465554107,0.00298722817,676.7428133,335,0.2120786002,0.104982764,0.07098237942,0.1389831486
synthetic_20250706,synthetic,2025-07-06,adapted,336,0.1052961454,13.91237653,0.2112546269,0.04462851739,676.7874418,336,0.212092586,0.1052961454,0.07129576081,0.13929653
synthetic_20250706,synthetic,2025-07-06,adapted,337,0.1056095268,13.90199735,0.4758468077,0.2264301844,677.013872,337,0.212163545,0.1056095268,0.07160914219,0.1396099114
synthetic_20250706,synthetic,2025-07-06,adapted,338,0.1059229082,13.89835292,0.1510762602,0.02282403638,677.036696,338,0.2121706976,0.1059229082,0.07192252358,0.1399232928
synthetic_20250706,synthetic,2025-07-06,adapted,339,0.1062362896,13.88793874,-0.8868155123,0.7864417528,677.8231377,339,0.2124171538,0.1062362896,0.07223590496,0.1402366742
synthetic_20250706,synthetic,2025-07-06,adapted,340,0.1065496709,13.86801157,0.1870117109,0.03497338003,677.8581111,340,0.2124281138,0.1065496709,0.07254928635,0.1405500555
synthetic_20250706,synthetic,2025-07-06,adapted,341,0.1068630523,13.86154245,-0.8596274738,0.7389593938,678.5970705,341,0.2126596899,0.1068630523,0.07286266773,0.1408634369
synthetic_20250706,synthetic,2025-07-06,adapted,342,0.1071764337,13.84106986,-0.05219201525,0.002724006456,678.5997945,342,0.2126605436,0.1071764337,0.07317604912,0.1411768183
synthetic_20250706,synthetic,2025-07-06,adapted,343,0.1074898151,13.82469043,0.6918979081,0.4787227153,679.0785172,343,0.2128105664,0.1074898151,0.0734894305,0.1414901997
synthetic_20250706,synthetic,2025-07-06,adapted,344,0.1078031965,13.806204,-0.4353842157,0.1895594153,679.2680767,344,0.2128699707,0.1078031965,0.07380281189,0.1418035811
synthetic_20250706,synthetic,2025-07-06,adapted,345,0.1081165779,13.79836108,-1.817534323,3.303431017,682.5715077,345,0.2139052045,0.1081165779,0.07411619328,0.1421169625
synthetic_20250706,synthetic,2025-07-06,adapted,346,0.1084299593,13.7793148,-0.7350114366,0.5402418119,683.1117495,346,0.2140745063,0.1084299593,0.07442957466,0.1424303439
synthetic_20250706,synthetic,2025-07-06,adapted,347,0.1087433406,13.76116098,-0.005786257041,3.348077055e-05,683.111783,347,0.2140745168,0.1087433406,0.07474295605,0.1427437252
synthetic_20250706,synthetic,2025-07-06,adapted,348,0.109056722,13.7429727,0.6827675418,0.4661715161,683.5779545,348,0.2142206062,0.109056722,0.07505633743,0.1430571066
synthetic_20250706,synthetic,2025-07-06,adapted,349,0.1093701034,13.72498825,0.4118422285,0.1696140212,683.7475685,349,0.2142737601,0.1093701034,0.07536971882,0.143370488
synthetic_20250706,synthetic,2025-07-06,adapted,350,0.1096834848,13.71236099,1.120034923,1.254478228,685.0020467,350,0.2146668902,0.1096834848,0.0756831002,0.1436838694
synthetic_20250706,synthetic,2025-07-06,adapted,351,0.1099968662,13.69905988,0.9322653628,0.8691187067,685.8711654,351,0.2149392559,0.1099968662,0.07599648159,0.1439972508
synthetic_20250706,synthetic,2025-07-06,adapted,352,0.1103102476,13.6844787,-1.856467385,3.446471152,689.3176366,352,0.2160193158,0.1103102476,0.07630986297,0.1443106322
synthetic_20250706,synthetic,2025-07-06,adapted,353,0.110623629,13.66507825,0.09341476773,0.00872631883,689.3263629,353,0.2160220504,0.110623629,0.07662324436,0.1446240136
synthetic_20250706,synthetic,2025-07-06,adapted,354,0.1109370103,13.650685,-1.758515892,3.092378141,692.418741,354,0.2169911442,0.1109370103,0.07693662574,0.1449373949
synthetic_20250706,synthetic,2025-07-06,adapted,355,0.1112503917,13.64798172,-0.2324029519,0.05401113205,692.4727522,355,0.2170080703,0.1112503917,0.07725000713,0.1452507763
synthetic_20250706,synthetic,2025-07-06,adapted,356,0.1115637731,13.62985126,-0.1617126344,0.02615097614,692.4989032,356,0.2170162655,0.1115637731,0.07756338851,0.1455641577
synthetic_20250706,synthetic,2025-07-06,adapted,357,0.1118771545,13.6218254,2.83564158,8.040863172,700.5397663,357,0.2195361223,0.1118771545,0.0778767699,0.1458775391
synthetic_20250706,synthetic,2025-07-06,adapted,358,0.1121905359,13.60367752,-0.9124844441,0.8326278606,701.3723942,358,0.2197970524,0.1121905359,0.07819015128,0.1461909205
synthetic_20250706,synthetic,2025-07-06,adapted,359,0.1125039173,13.59532725,-1.111242531,1.234859962,702.6072542,359,0.2201840345,0.1125039173,0.07850353267,0.1465043019
synthetic_20250706,synthetic,2025-07-06,adapted,360,0.1128172987,13.58223508,0.131084939,0.01718326124,702.6244374,360,0.2201894194,0.1128172987,0.07881691405,0.1468176833
synthetic_20250706,synthetic,2025-07-06,adapted,361,0.11313068,13.55973378,0.04493563693,0.002019211466,702.6264566,361,0.2201900522,0.11313068,0.07913029544,0.1471310646
synthetic_20250706,synthetic,2025-07-06,adapted,362,0.1134440614,13.55484635,-0.6160141896,0.3794734818,703.0059301,362,0.2203089721,0.1134440614,0.07944367682,0.147444446
synthetic_20250706,synthetic,2025-07-06,adapted,363,0.1137574428,13.54377594,0.7356200969,0.541136927,703.547067,363,0.2204785544,0.1137574428,0.07975705821,0.1477578274
synthetic_20250706,synthetic,2025-07-06,adapted,364,0.1140708242,13.52369319,1.377232267,1.896768716,705.4438357,364,0.2210729664,0.1140708242,0.08007043959,0.1480712088
synthetic_20250706,synthetic,2025-07-06,adapted,365,0.1143842056,13.51857953,-1.155676253,1.335587602,706.7794234,365,0.2214915147,0.1143842056,0.08038382098,0.1483845902
synthetic_20250706,synthetic,2025-07-06,adapted,366,0.114697587,13.50831111,0.09576202962,0.009170366316,706.7885937,366,0.2214943885,0.114697587,0.08069720236,0.1486979716
synthetic_20250706,synthetic,2025-07-06,adapted,367,0.1150109683,13.48552553,0.4933409916,0.243385334,707.0319791,367,0.2215706609,0.1150109683,0.08101058375,0.1490113529
synthetic_20250706,synthetic,2025-07-06,adapted,368,0.1153243497,13.46445655,0.6411561549,0.411081215,707.4430603,368,0.2216994861,0.1153243497,0.08132396513,0.1493247343
synthetic_20250706,synthetic,2025-07-06,adapted,369,0.1156377311,13.44269504,0.3038978681,0.09235391426,707.5354142,369,0.2217284281,0.1156377311,0.08163734652,0.1496381157
synthetic_20250706,synthetic,2025-07-06,adapted,370,0.1159511125,13.43941993,-1.043820947,1.089562169,708.6249763,370,0.2220698766,0.1159511125,0.0819507279,0.1499514971
synthetic_20250706,synthetic,2025-07-06,adapted,371,0.1162644939,13.41710064,1.349275648,1.820544774,710.4455211,371,0.2226404015,0.1162644939,0.08226410929,0.1502648785
synthetic_20250706,synthetic,2025-07-06,adapted,372,0.1165778753,13.3944355,0.725352934,0.5261368789,710.971658,372,0.222805283,0.1165778753,0.08257749067,0.1505782599
synthetic_20250706,synthetic,2025-07-06,adapted,373,0.1168912567,13.38148215,-0.5103365064,0.2604433498,711.2321014,373,0.2228869011,0.1168912567,0.08289087206,0.1508916413
synthetic_20250706,synthetic,2025-07-06,adapted,374,0.117204638,13.37532528,1.113713828,1.24035849,712.4724598,374,0.2232756063,0.117204638,0.08320425344,0.1512050226
synthetic_20250706,synthetic,2025-07-06,adapted,375,0.1175180194,13.34158464,-0.811807303,0.6590310972,713.1314909,375,0.2234821344,0.1175180194,0.08351763483,0.151518404
synthetic_20250706,synthetic,2025-07-06,adapted,376,0.1178314008,13.33588514,2.095266422,4.39014138,717.5216323,376,0.224857923,0.1178314008,0.08383101621,0.1518317854
synthetic_20250706,synthetic,2025-07-06,adapted,377,0.1181447822,13.32436723,0.1559033233,0.02430584621,717.5459382,377,0.22486554,0.1181447822,0.0841443976,0.1521451668
synthetic_20250706,synthetic,2025-07-06,adapted,378,0.1184581636,13.31036031,0.0396509134,0.001572194934,717.5475104,378,0.2248660327,0.1184581636,0.08445777898,0.1524585482
synthetic_20250706,synthetic,2025-07-06,adapted,379,0.118771545,13.29941826,0.7723603363,0.5965404892,718.1440508,379,0.2250529774,0.118771545,0.08477116037,0.1527719296
synthetic_20250706,synthetic,2025-07-06,adapted,380,0.1190849264,13.29068653,1.710624019,2.926234534,721.0702854,380,0.2259700048,0.1190849264,0.08508454176,0.153085311
synthetic_20250706,synthetic,2025-07-06,adapted,381,0.1193983077,13.27869382,-0.8250589704,0.6807223046,721.7510077,381,0.2261833305,0.1193983077,0.08539792314,0.1533986923
synthetic_20250706,synthetic,2025-07-06,adapted,382,0.1197116891,13.25634388,-1.739488325,3.025819634,724.7768273,382,0.2271315661,0.1197116891,0.08571130453,0.1537120737
synthetic_20250706,synthetic,2025-07-06,adapted,383,0.1200250705,13.25143423,-1.06710153,1.138705676,725.915533,383,0.2274884152,0.1200250705,0.08602468591,0.1540254551
synthetic_20250706,synthetic,2025-07-06,adapted,384,0.1203384519,13.2463684,-0.5485700577,0.3009291082,726.2164621,384,0.2275827208,0.1203384519,0.0863380673,0.1543388365
synthetic_20250706,synthetic,2025-07-06,adapted,385,0.1206518333,13.21814212,2.69902303,7.284725315,733.5011874,385,0.2298656181,0.1206518333,0.08665144868,0.1546522179
synthetic_20250706,synthetic,2025-07-06,adapted,386,0.1209652147,13.20998607,1.814284362,3.291627745,736.7928152,386,0.230897153,0.1209652147,0.08696483007,0.1549655993
synthetic_20250706,synthetic,2025-07-06,adapted,387,0.1212785961,13.20383532,0.08196380504,0.006718065337,736.7995332,387,0.2308992583,0.1212785961,0.08727821145,0.1552789807
synthetic_20250706,synthetic,2025-07-06,adapted,388,0.1215919774,13.19941541,-0.2163119246,0.04679084871,736.8463241,388,0.2309139217,0.1215919774,0.08759159284,0.155592362
synthetic_20250706,synthetic,2025-07-06,adapted,389,0.1219053588,13.19072092,-0.7204505018,0.5190489255,737.365373,389,0.231076582,0.1219053588,0.08790497422,0.1559057434
synthetic_20250706,synthetic,2025-07-06,adapted,390,0.1222187402,13.1827095,-0.5593491594,0.3128714821,737.6782445,390,0.23117463,0.1222187402,0.08821835561,0.1562191248
synthetic_20250706,synthetic,2025-07-06,adapted,391,0.1225321216,13.16683844,-0.3002341123,0.09014052221,737.768385,391,0.2312028784,0.1225321216,0.08853173699,0.1565325062
synthetic_20250706,synthetic,2025-07-06,adapted,392,0.122845503,13.14496895,0.2596053496,0.06739493752,737.8357799,392,0.2312239987,0.122845503,0.08884511838,0.1568458876
synthetic_20250706,synthetic,2025-07-06,adapted,393,0.1231588844,13.12231712,1.492994068,2.229031286,740.0648112,393,0.2319225356,0.1231588844,0.08915849976,0.157159269
synthetic_20250706,synthetic,2025-07-06,adapted,394,0.1234722657,13.11422153,-0.5066162343,0.2566600089,740.3214712,394,0.2320029681,0.1234722657,0.08947188115,0.1574726503
synthetic_20250706,synthetic,2025-07-06,adapted,395,0.1237856471,13.10808818,1.663027859,2.765661661,743.0871329,395,0.232869675,0.1237856471,0.08978526253,0.1577860317
synthetic_20250706,synthetic,2025-07-06,adapted,396,0.1240990285,13.09654427,-1.557219472,2.424932484,745.5120654,396,0.2336296037,0.1240990285,0.09009864392,0.1580994131
synthetic_20250706,synthetic,2025-07-06,adapted,397,0.1244124099,13.07572622,0.7723685426,0.5965531656,746.1086186,397,0.2338165524,0.1244124099,0.0904120253,0.1584127945
synthetic_20250706,synthetic,2025-07-06,adapted,398,0.1247257913,13.0675575,0.243783852,0.05943056651,746.1680491,398,0.2338351768,0.1247257913,0.09072540669,0.1587261759
synthetic_20250706,synthetic,2025-07-06,adapted,399,0.1250391727,13.06007701,-0.3563543584,0.1269884288,746.2950375,399,0.2338749726,0.1250391727,0.09103878807,0.1590395573
synthetic_20250706,synthetic,2025-07-06,adapted,400,0.1253525541,13.05224312,1.31288249,1.723660431,748.018698,400,0.2344151357,0.1253525541,0.09135216946,0.1593529387
synthetic_20250706,synthetic,2025-07-06,adapted,401,0.1256659354,13.04321829,-1.083429614,1.173819729,749.1925177,401,0.2347829889,0.1256659354,0.09166555084,0.15966632
synthetic_20250706,synthetic,2025-07-06,adapted,402,0.1259793168,13.03076584,-0.9657341144,0.9326423798,750.1251601,402,0.2350752617,0.1259793168,0.09197893223,0.1599797014
synthetic_20250706,synthetic,2025-07-06,adapted,403,0.1262926982,13.01939445,0.5774348637,0.3334310218,750.4585911,403,0.2351797528,0.1262926982,0.09229231361,0.1602930828
synthetic_20250706,synthetic,2025-07-06,adapted,404,0.1266060796,13.00290573,1.408038521,1.982572477,752.4411636,404,0.2358010541,0.1266060796,0.092605695,0.1606064642
synthetic_20250706,synthetic,2025-07-06,adapted,405,0.126919461,12.98360796,0.2192641301,0.04807675875,752.4892403,405,0.2358161204,0.126919461,0.09291907638,0.1609198456
synthetic_20250706,synthetic,2025-07-06,adapted,406,0.1272328424,12.97649084,-0.1282254576,0.01644176799,752.5056821,406,0.235821273,0.1272328424,0.09323245777,0.161233227
synthetic_20250706,synthetic,2025-07-06,adapted,407,0.1275462238,12.96914135,-0.15998245,0.02559438429,752.5312765,407,0.2358292938,0.1275462238,0.09354583915,0.1615466084
synthetic_20250706,synthetic,2025-07-06,adapted,408,0.1278596051,12.94284057,0.6406816735,0.4104730067,752.9417495,408,0.2359579284,0.1278596051,0.09385922054,0.1618599897
synthetic_20250706,synthetic,2025-07-06,adapted,409,0.1281729865,12.92623385,-0.6566789805,0.4312272834,753.3729768,409,0.236093067,0.1281729865,0.09417260192,0.1621733711
synthetic_20250706,synthetic,2025-07-06,adapted,410,0.1284863679,12.9246648,-0.5623039378,0.3161857184,753.6891625,410,0.2361921537,0.1284863679,0.09448598331,0.1624867525
synthetic_20250706,synthetic,2025-07-06,adapted,411,0.1287997493,12.90799355,-1.03192638,1.064872053,754.7540346,411,0.2365258648,0.1287997493,0.09479936469,0.1628001339
synthetic_20250706,synthetic,2025-07-06,adapted,412,0.1291131307,12.89700486,-0.1364582598,0.01862085666,754.7726554,412,0.2365317002,0.1291131307,0.09511274608,0.1631135153
synthetic_20250706,synthetic,2025-07-06,adapted,413,0.1294265121,12.876782,-0.186794688,0.03489225546,754.8075477,413,0.2365426348,0.1294265121,0.09542612746,0.1634268967
synthetic_20250706,synthetic,2025-07-06,adapted,414,0.1297398935,12.86806868,1.139056059,1.297448706,756.1049964,414,0.2369492311,0.1297398935,0.09573950885,0.1637402781
synthetic_20250706,synthetic,2025-07-06,adapted,415,0.1300532748,12.84986942,-0.2670804511,0.07133196737,756.1763283,415,0.2369715852,0.1300532748,0.09605289024,0.1640536594
synthetic_20250706,synthetic,2025-07-06,adapted,416,0.1303666562,12.83510104,1.013868514,1.027929363,757.2042577,416,0.2372937191,0.1303666562,0.09636627162,0.1643670408
synthetic_20250706,synthetic,2025-07-06,adapted,417,0.1306800376,12.81687239,-0.1590204087,0.02528749039,757.2295452,417,0.2373016437,0.1306800376,0.09667965301,0.1646804222
synthetic_20250706,synthetic,2025-07-06,adapted,418,0.130993419,12.81242381,-0.5788839189,0.3351065915,757.5646518,418,0.2374066599,0.130993419,0.09699303439,0.1649938036
synthetic_20250706,synthetic,2025-07-06,adapted,419,0.1313068004,12.79982746,-2.1820899,4.761516332,762.3261681,419,0.2388988305,0.1313068004,0.09730641578,0.165307185
synthetic_20250706,synthetic,2025-07-06,adapted,420,0.1316201818,12.78576563,0.06107943193,0.003730697005,762.3298988,420,0.2388999996,0.1316201818,0.09761979716,0.1656205664
synthetic_20250706,synthetic,2025-07-06,adapted,421,0.1319335631,12.7796132,-0.3857182293,0.1487785524,762.4786774,421,0.2389466241,0.1319335631,0.09793317855,0.1659339477
synthetic_20250706,synthetic,2025-07-06,adapted,422,0.1322469445,12.76060504,-0.3078013895,0.09474169538,762.5734191,422,0.2389763143,0.1322469445,0.09824655993,0.1662473291
synthetic_20250706,synthetic,2025-07-06,adapted,423,0.1325603259,12.75630079,-0.5319122056,0.2829305944,762.8563497,423,0.2390649795,0.1325603259,0.09855994132,0.1665607105
synthetic_20250706,synthetic,2025-07-06,adapted,424,0.1328737073,12.74740716,-0.3220703475,0.1037293088,762.960079,424,0.2390974864,0.1328737073,0.0988733227,0.1668740919
synthetic_20250706,synthetic,2025-07-06,adapted,425,0.1331870887,12.73508253,-0.1689587979,0.02854707539,762.988626,425,0.2391064325,0.1331870887,0.09918670409,0.1671874733
synthetic_20250706,synthetic,2025-07-06,adapted,426,0.1335004701,12.71273028,-1.680764522,2.824969379,765.8135954,426,0.2399917253,0.1335004701,0.09950008547,0.1675008547
synthetic_20250706,synthetic,2025-07-06,adapted,427,0.1338138515,12.71127241,0.4149665893,0.1721972702,765.9857927,427,0.2400456887,0.1338138515,0.09981346686,0.1678142361
synthetic_20250706,synthetic,2025-07-06,adapted,428,0.1341272328,12.69817318,-1.051258374,1.105144169,767.0909369,428,0.2403920203,0.1341272328,0.1001268482,0.1681276174
synthetic_20250706,synthetic,2025-07-06,adapted,429,0.1344406142,12.68261138,-0.8875379091,0.7877235402,767.8786604,429,0.2406388782,0.1344406142,0.1004402296,0.1684409988
synthetic_20250706,synthetic,2025-07-06,adapted,430,0.1347539956,12.67674933,-0.7488213567,0.5607334243,768.4393938,430,0.2408146016,0.1347539956,0.100753611,0.1687543802
synthetic_20250706,synthetic,2025-07-06,adapted,431,0.135067377,12.66327811,1.71996756,2.958288406,771.3976822,431,0.2417416742,0.135067377,0.1010669924,0.1690677616
synthetic_20250706,synthetic,2025-07-06,adapted,432,0.1353807584,12.64743891,-1.823327094,3.324521691,774.7222039,432,0.2427835174,0.1353807584,0.1013803738,0.169381143
synthetic_20250706,synthetic,2025-07-06,adapted,433,0.1356941398,12.63994787,0.4040832421,0.1632832665,774.8854872,433,0.2428346873,0.1356941398,0.1016937552,0.1696945244
synthetic_20250706,synthetic,2025-07-06,adapted,434,0.1360075212,12.6243084,1.417960818,2.010612881,776.8961001,434,0.243464776,0.1360075212,0.1020071366,0.1700079058
synthetic_20250706,synthetic,2025-07-06,adapted,435,0.1363209025,12.61859192,-0.7241296873,0.5243638041,777.4204639,435,0.2436291018,0.1363209025,0.1023205179,0.1703212871
synthetic_20250706,synthetic,2025-07-06,adapted,436,0.1366342839,12.60419514,0.3728837229,0.1390422708,777.5595062,436,0.2436726751,0.1366342839,0.1026338993,0.1706346685
synthetic_20250706,synthetic,2025-07-06,adapted,437,0.1369476653,12.58345975,-2.5303557,6.40269997,783.9622061,437,0.2456791621,0.1369476653,0.1029472807,0.1709480499
synthetic_20250706,synthetic,2025-07-06,adapted,438,0.1372610467,12.58176085,-0.8089285099,0.6543653341,784.6165715,438,0.245884228,0.1372610467,0.1032606621,0.1712614313
synthetic_20250706,synthetic,2025-07-06,adapted,439,0.1375744281,12.56949104,-0.4977975443,0.2478023951,784.8643738,439,0.2459618846,0.1375744281,0.1035740435,0.1715748127
synthetic_20250706,synthetic,2025-07-06,adapted,440,0.1378878095,12.55468606,-0.4839459106,0.2342036444,785.0985775,440,0.2460352797,0.1378878095,0.1038874249,0.1718881941
synthetic_20250706,synthetic,2025-07-06,adapted,441,0.1382011908,12.54607747,0.8587715508,0.7374885764,785.8360661,441,0.2462663949,0.1382011908,0.1042008062,0.1722015754
synthetic_20250706,synthetic,2025-07-06,adapted,442,0.1385145722,12.54128728,-0.2675685731,0.07159294133,785.907659,442,0.2462888308,0.1385145722,0.1045141876,0.1725149568
synthetic_20250706,synthetic,2025-07-06,adapted,443,0.1388279536,12.5341885,0.1733445332,0.03004832719,785.9377073,443,0.2462982474,0.1388279536,0.104827569,0.1728283382
synthetic_20250706,synthetic,2025-07-06,adapted,444,0.139141335,12.5193347,0.169118715,0.02860113976,785.9663085,444,0.2463072104,0.139141335,0.1051409504,0.1731417196
synthetic_20250706,synthetic,2025-07-06,adapted,445,0.1394547164,12.51376618,1.035131359,1.07149693,787.0378054,445,0.2466429976,0.1394547164,0.1054543318,0.173455101
synthetic_20250706,synthetic,2025-07-06,adapted,446,0.1397680978,12.50225212,0.3948628233,0.1559166492,787.1937221,446,0.246691859,0.1397680978,0.1057677132,0.1737684824
synthetic_20250706,synthetic,2025-07-06,adapted,447,0.1400814792,12.48485802,0.332222177,0.1103715749,787.3040936,447,0.2467264474,0.1400814792,0.1060810946,0.1740818638
synthetic_20250706,synthetic,2025-07-06,adapted,448,0.1403948605,12.47539797,-0.1178362362,0.01388537857,787.317979,448,0.2467307988,0.1403948605,0.1063944759,0.1743952451
synthetic_20250706,synthetic,2025-07-06,adapted,449,0.1407082419,12.46369523,0.05744471295,0.003299895046,787.3212789,449,0.2467318329,0.1407082419,0.1067078573,0.1747086265
synthetic_20250706,synthetic,2025-07-06,adapted,450,0.1410216233,12.4568667,1.517289841,2.302168463,789.6234474,450,0.2474532897,0.1410216233,0.1070212387,0.1750220079
synthetic_20250706,synthetic,2025-07-06,adapted,451,0.1413350047,12.43807369,0.9572434498,0.9163150222,790.5397624,451,0.2477404458,0.1413350047,0.1073346201,0.1753353893
synthetic_20250706,synthetic,2025-07-06,adapted,452,0.1416483861,12.42502636,0.5190417918,0.2694043816,790.8091668,452,0.2478248721,0.1416483861,0.1076480015,0.1756487707
synthetic_20250706,synthetic,2025-07-06,adapted,453,0.1419617675,12.41880419,-0.5364943993,0.2878262405,791.096993,453,0.2479150715,0.1419617675,0.1079613829,0.1759621521
synthetic_20250706,synthetic,2025-07-06,adapted,454,0.1422751489,12.40551306,0.4140552314,0.1714417346,791.2684347,454,0.2479687981,0.1422751489,0.1082747643,0.1762755335
synthetic_20250706,synthetic,2025-07-06,adapted,455,0.1425885302,12.39768646,0.7396988554,0.5471543967,791.8155891,455,0.2481402661,0.1425885302,0.1085881456,0.1765889148
synthetic_20250706,synthetic,2025-07-06,adapted,456,0.1429019116,12.39210461,-1.346708951,1.813624999,793.6292141,456,0.2487086224,0.1429019116,0.108901527,0.1769022962
synthetic_20250706,synthetic,2025-07-06,adapted,457,0.143215293,12.38505914,-0.4874178091,0.2375761207,793.8667903,457,0.2487830744,0.143215293,0.1092149084,0.1772156776
synthetic_20250706,synthetic,2025-07-06,adapted,458,0.1435286744,12.36949994,-0.8565441005,0.733667796,794.6004581,458,0.2490129922,0.1435286744,0.1095282898,0.177529059
synthetic_20250706,synthetic,2025-07-06,adapted,459,0.1438420558,12.35358563,-0.2261977153,0.05116540641,794.6516235,459,0.2490290265,0.1438420558,0.1098416712,0.1778424404
synthetic_20250706,synthetic,2025-07-06,adapted,460,0.1441554372,12.34210862,-0.1362838277,0.01857328168,794.6701967,460,0.249034847,0.1441554372,0.1101550526,0.1781558218
synthetic_20250706,synthetic,2025-07-06,adapted,461,0.1444688186,12.33889605,0.8994284161,0.8089714758,795.4791682,461,0.2492883636,0.1444688186,0.110468434,0.1784692032
synthetic_20250706,synthetic,2025-07-06,adapted,462,0.1447821999,12.32620003,0.1696013184,0.02876460722,795.5079328,462,0.2492973779,0.1447821999,0.1107818153,0.1787825845
synthetic_20250706,synthetic,2025-07-06,adapted,463,0.1450955813,12.32311125,-1.244592666,1.549010903,797.0569437,463,0.2497828091,0.1450955813,0.1110951967,0.1790959659
synthetic_20250706,synthetic,2025-07-06,adapted,464,0.1454089627,12.30259613,0.08506984711,0.007236878887,797.0641806,464,0.249785077,0.1454089627,0.1114085781,0.1794093473
synthetic_20250706,synthetic,2025-07-06,adapted,465,0.1457223441,12.29873345,-0.8864092364,0.7857213343,797.8499019,465,0.2500313074,0.1457223441,0.1117219595,0.1797227287
synthetic_20250706,synthetic,2025-07-06,adapted,466,0.1460357255,12.28260512,-1.966213989,3.865997451,801.7158994,466,0.251242839,0.1460357255,0.1120353409,0.1800361101
synthetic_20250706,synthetic,2025-07-06,adapted,467,0.1463491069,12.27058482,-1.895610631,3.593339666,805.3092391,467,0.2523689248,0.1463491069,0.1123487223,0.1803494915
synthetic_20250706,synthetic,2025-07-06,adapted,468,0.1466624882,12.26667437,-0.04198952549,0.001763120251,805.3110022,468,0.2523694773,0.1466624882,0.1126621036,0.1806628728
synthetic_20250706,synthetic,2025-07-06,adapted,469,0.1469758696,12.2591651,-0.1696127625,0.0287684892,805.3397707,469,0.2523784928,0.1469758696,0.112975485,0.1809762542
synthetic_20250706,synthetic,2025-07-06,adapted,470,0.147289251,12.2532073,-0.6893982561,0.4752699556,805.8150406,470,0.2525274336,0.147289251,0.1132888664,0.1812896356
synthetic_20250706,synthetic,2025-07-06,adapted,471,0.1476026324,12.24288853,-0.1947981018,0.03794630048,805.8529869,471,0.2525393253,0.1476026324,0.1136022478,0.181603017
synthetic_20250706,synthetic,2025-07-06,adapted,472,0.1479160138,12.2378936,0.7242301905,0.5245093688,806.3774963,472,0.2527036967,0.1479160138,0.1139156292,0.1819163984
synthetic_20250706,synthetic,2025-07-06,adapted,473,0.1482293952,12.21534914,0.243203521,0.05914795263,806.4366443,473,0.2527222326,0.1482293952,0.1142290106,0.1822297798
synthetic_20250706,synthetic,2025-07-06,adapted,474,0.1485427766,12.2074238,3.355132687,11.25691535,817.6935596,474,0.2562499403,0.1485427766,0.114542392,0.1825431612
synthetic_20250706,synthetic,2025-07-06,adapted,475,0.1488561579,12.19177757,-0.0005401242012,2.917341527e-07,817.6935599,475,0.2562499404,0.1488561579,0.1148557733,0.1828565425
synthetic_20250706,synthetic,2025-07-06,adapted,476,0.1491695393,12.1872412,0.4109387763,0.1688706779,817.8624306,476,0.2563028614,0.1491695393,0.1151691547,0.1831699239
synthetic_20250706,synthetic,2025-07-06,adapted,477,0.1494829207,12.18071318,-0.8077904532,0.6525254164,818.514956,477,0.2565073507,0.1494829207,0.1154825361,0.1834833053
synthetic_20250706,synthetic,2025-07-06,adapted,478,0.1497963021,12.17461928,1.9308105,3.728029187,822.2429852,478,0.2576756456,0.1497963021,0.1157959175,0.1837966867
synthetic_20250706,synthetic,2025-07-06,adapted,479,0.1501096835,12.16888873,1.557007359,2.424271916,824.6672571,479,0.2584353673,0.1501096835,0.1161092989,0.1841100681
synthetic_20250706,synthetic,2025-07-06,adapted,480,0.1504230649,12.15221204,0.6850633813,0.4693118364,825.1365689,480,0.2585824409,0.1504230649,0.1164226803,0.1844234495
synthetic_20250706,synthetic,2025-07-06,adapted,481,0.1507364463,12.144638,1.564591756,2.447947363,827.5845163,481,0.259349582,0.1507364463,0.1167360617,0.1847368309
synthetic_20250706,synthetic,2025-07-06,adapted,482,0.1510498276,12.13285733,0.4414086896,0.1948416312,827.7793579,482,0.2594106418,0.1510498276,0.117049443,0.1850502122
synthetic_20250706,synthetic,2025-07-06,adapted,483,0.151363209,12.12551655,-0.4181458427,0.1748459458,827.9542039,483,0.2594654352,0.151363209,0.1173628244,0.1853635936
synthetic_20250706,synthetic,2025-07-06,adapted,484,0.1516765904,12.10570704,-1.697119148,2.880213404,830.8344173,484,0.2603680405,0.1516765904,0.1176762058,0.185676975
synthetic_20250706,synthetic,2025-07-06,adapted,485,0.1519899718,12.09968944,1.042261746,1.086309547,831.9207268,485,0.2607084697,0.1519899718,0.1179895872,0.1859903564
synthetic_20250706,synthetic,2025-07-06,adapted,486,0.1523033532,12.08656296,-0.7915750903,0.6265911235,832.5473179,486,0.2609048317,0.1523033532,0.1183029686,0.1863037378
synthetic_20250706,synthetic,2025-07-06,adapted,487,0.1526167346,12.0827953,1.897909075,3.602058858,836.1493768,487,0.2620336499,0.1526167346,0.11861635,0.1866171192
synthetic_20250706,synthetic,2025-07-06,adapted,488,0.152930116,12.08014772,0.2247857155,0.05052861791,836.1999054,488,0.2620494846,0.152930116,0.1189297314,0.1869305006
synthetic_20250706,synthetic,2025-07-06,adapted,489,0.1532434973,12.06881568,1.32157114,1.746550279,837.9464557,489,0.262596821,0.1532434973,0.1192431127,0.1872438819
synthetic_20250706,synthetic,2025-07-06,adapted,490,0.1535568787,12.06672344,-0.01635445893,0.000267468327,837.9467232,490,0.2625969048,0.1535568787,0.1195564941,0.1875572633
synthetic_20250706,synthetic,2025-07-06,adapted,491,0.1538702601,12.05444733,-1.181955791,1.397019493,839.3437427,491,0.2630347047,0.1538702601,0.1198698755,0.1878706447
synthetic_20250706,synthetic,2025-07-06,adapted,492,0.1541836415,12.0483069,-0.6883985816,0.4738926071,839.8176353,492,0.2631832138,0.1541836415,0.1201832569,0.1881840261
synthetic_20250706,synthetic,2025-07-06,adapted,493,0.1544970229,12.03873891,1.032585907,1.066233654,840.8838689,493,0.2635173516,0.1544970229,0.1204966383,0.1884974075
synthetic_20250706,synthetic,2025-07-06,adapted,494,0.1548104043,12.03187534,1.938628547,3.758280643,844.6421496,494,0.2646951268,0.1548104043,0.1208100197,0.1888107889
synthetic_20250706,synthetic,2025-07-06,adapted,495,0.1551237856,12.02104475,0.1131524313,0.01280347271,844.654953,495,0.2646991392,0.1551237856,0.121123401,0.1891241702
synthetic_20250706,synthetic,2025-07-06,adapted,496,0.155437167,12.01089214,-1.443106613,2.082556698,846.7375097,496,0.2653517737,0.155437167,0.1214367824,0.1894375516
synthetic_20250706,synthetic,2025-07-06,adapted,497,0.1557505484,11.9986883,0.7802615622,0.6088081055,847.3463178,497,0.2655425628,0.1557505484,0.1217501638,0.189750933
synthetic_20250706,synthetic,2025-07-06,adapted,498,0.1560639298,11.9867075,0.835194172,0.697549305,848.0438671,498,0.2657611617,0.1560639298,0.1220635452,0.1900643144
synthetic_20250706,synthetic,2025-07-06,adapted,499,0.1563773112,11.98372245,0.1682232039,0.02829904632,848.0721662,499,0.2657700301,0.1563773112,0.1223769266,0.1903776958
synthetic_20250706,synthetic,2025-07-06,adapted,500,0.1566906926,11.97165498,-0.2997170839,0.08983033041,848.1619965,500,0.2657981813,0.1566906926,0.122690308,0.1906910772
synthetic_20250706,synthetic,2025-07-06,adapted,501,0.157004074,11.96509622,1.097442983,1.204381101,849.3663776,501,0.2661756119,0.157004074,0.1230036894,0.1910044586
synthetic_20250706,synthetic,2025-07-06,adapted,502,0.1573174553,11.95615297,0.2842161876,0.08077884129,849.4471565,502,0.2662009265,0.1573174553,0.1233170707,0.1913178399
synthetic_20250706,synthetic,2025-07-06,adapted,503,0.1576308367,11.94933283,-0.9434228204,0.890046618,850.3372031,503,0.2664798505,0.1576308367,0.1236304521,0.1916312213
synthetic_20250706,synthetic,2025-07-06,adapted,504,0.1579442181,11.94200373,-0.747042554,0.5580725775,850.8952757,504,0.2666547401,0.1579442181,0.1239438335,0.1919446027
synthetic_20250706,synthetic,2025-07-06,adapted,505,0.1582575995,11.93151851,2.172688245,4.72057421,855.6158499,505,0.2681340802,0.1582575995,0.1242572149,0.1922579841
synthetic_20250706,synthetic,2025-07-06,adapted,506,0.1585709809,11.9305341,1.192383469,1.421778336,857.0376282,506,0.268579639,0.1585709809,0.1245705963,0.1925713655
synthetic_20250706,synthetic,2025-07-06,adapted,507,0.1588843623,11.91863231,0.7438890279,0.5533708858,857.5909991,507,0.2687530552,0.1588843623,0.1248839777,0.1928847469
synthetic_20250706,synthetic,2025-07-06,adapted,508,0.1591977437,11.91020163,-0.8151469536,0.6644645559,858.2554636,508,0.268961286,0.1591977437,0.1251973591,0.1931981283
synthetic_20250706,synthetic,2025-07-06,adapted,509,0.159511125,11.90833898,-0.2959507106,0.08758682313,858.3430505,509,0.2689887341,0.159511125,0.1255107404,0.1935115096
synthetic_20250706,synthetic,2025-07-06,adapted,510,0.1598245064,11.89977787,1.174829357,1.380224018,859.7232745,510,0.2694212706,0.1598245064,0.1258241218,0.193824891
synthetic_20250706,synthetic,2025-07-06,adapted,511,0.1601378878,11.894848,0.9900642643,0.9802272474,860.7035017,511,0.2697284556,0.1601378878,0.1261375032,0.1941382724
synthetic_20250706,synthetic,2025-07-06,adapted,512,0.1604512692,11.89102811,-1.330480623,1.770178688,862.4736804,512,0.2702831966,0.1604512692,0.1264508846,0.1944516538
synthetic_20250706,synthetic,2025-07-06,adapted,513,0.1607646506,11.88867685,0.9587481225,0.9191979623,863.3928784,513,0.2705712562,0.1607646506,0.126764266,0.1947650352
synthetic_20250706,synthetic,2025-07-06,adapted,514,0.161078032,11.86624802,1.262651974,1.594290009,864.9871684,514,0.271070877,0.161078032,0.1270776474,0.1950784166
synthetic_20250706,synthetic,2025-07-06,adapted,515,0.1613914134,11.85919749,0.2094001645,0.04384842891,865.0310168,515,0.2710846182,0.1613914134,0.1273910287,0.195391798
synthetic_20250706,synthetic,2025-07-06,adapted,516,0.1617047947,11.83866381,0.9571456592,0.9161278129,865.9471446,516,0.2713717156,0.1617047947,0.1277044101,0.1957051793
synthetic_20250706,synthetic,2025-07-06,adapted,517,0.1620181761,11.83369817,0.283847836,0.08056959402,866.0277142,517,0.2713969647,0.1620181761,0.1280177915,0.1960185607
synthetic_20250706,synthetic,2025-07-06,adapted,518,0.1623315575,11.8270649,-0.8339926777,0.6955437865,866.723258,518,0.2716149351,0.1623315575,0.1283311729,0.1963319421
synthetic_20250706,synthetic,2025-07-06,adapted,519,0.1626449389,11.8137898,0.001222395681,1.4942512e-06,866.7232595,519,0.2716149356,0.1626449389,0.1286445543,0.1966453235
synthetic_20250706,synthetic,2025-07-06,adapted,520,0.1629583203,11.80968913,-0.474011722,0.2246871126,866.9479466,520,0.2716853484,0.1629583203,0.1289579357,0.1969587049
synthetic_20250706,synthetic,2025-07-06,adapted,521,0.1632717017,11.80901642,-0.3594230131,0.1291849024,867.0771315,521,0.2717258325,0.1632717017,0.1292713171,0.1972720863
synthetic_20250706,synthetic,2025-07-06,adapted,522,0.163585083,11.79819569,-0.693112667,0.4804051691,867.5575367,522,0.2718763825,0.163585083,0.1295846984,0.1975854676
synthetic_20250706,synthetic,2025-07-06,adapted,523,0.1638984644,11.78907423,-0.2559594042,0.06551521661,867.6230519,523,0.2718969138,0.1638984644,0.1298980798,0.197898849
synthetic_20250706,synthetic,2025-07-06,adapted,524,0.1642118458,11.78583503,1.096061221,1.201350201,868.8244021,524,0.2722733946,0.1642118458,0.1302114612,0.1982122304
synthetic_20250706,synthetic,2025-07-06,adapted,525,0.1645252272,11.78466013,-0.60880066,0.3706382437,869.1950404,525,0.2723895457,0.1645252272,0.1305248426,0.1985256118
synthetic_20250706,synthetic,2025-07-06,adapted,526,0.1648386086,11.7770082,-0.792964702,0.6287930186,869.8238334,526,0.2725865977,0.1648386086,0.130838224,0.1988389932
synthetic_20250706,synthetic,2025-07-06,adapted,527,0.16515199,11.77017089,-0.1045860488,0.01093824161,869.8347716,527,0.2725900256,0.16515199,0.1311516054,0.1991523746
synthetic_20250706,synthetic,2025-07-06,adapted,528,0.1654653714,11.76154497,-1.442433234,2.080613635,871.9153852,528,0.2732420512,0.1654653714,0.1314649868,0.199465756
synthetic_20250706,synthetic,2025-07-06,adapted,529,0.1657787527,11.7538554,-1.276265627,1.628853951,873.5442392,529,0.2737525037,0.1657787527,0.1317783681,0.1997791373
synthetic_20250706,synthetic,2025-07-06,adapted,530,0.1660921341,11.75373078,1.324934716,1.755452001,875.2996912,530,0.2743026296,0.1660921341,0.1320917495,0.2000925187
synthetic_20250706,synthetic,2025-07-06,adapted,531,0.1664055155,11.74270304,-0.6922619119,0.4792265547,875.7789178,531,0.2744528103,0.1664055155,0.1324051309,0.2004059001
synthetic_20250706,synthetic,2025-07-06,adapted,532,0.1667188969,11.72358595,0.7404675976,0.5482922632,876.32721,532,0.2746246349,0.1667188969,0.1327185123,0.2007192815
synthetic_20250706,synthetic,2025-07-06,adapted,533,0.1670322783,11.71810254,-0.3686665059,0.1359149926,876.463125,533,0.2746672281,0.1670322783,0.1330318937,0.2010326629
synthetic_20250706,synthetic,2025-07-06,adapted,534,0.1673456597,11.70573058,0.08003578512,0.006405726899,876.4695307,534,0.2746692356,0.1673456597,0.1333452751,0.2013460443
synthetic_20250706,synthetic,2025-07-06,adapted,535,0.1676590411,11.69870602,-0.5893032319,0.3472782991,876.816809,535,0.2747780661,0.1676590411,0.1336586565,0.2016594257
synthetic_20250706,synthetic,2025-07-06,adapted,536,0.1679724224,11.68886265,-1.675962225,2.808849379,879.6256584,536,0.2756583072,0.1679724224,0.1339720378,0.201972807
synthetic_20250706,synthetic,2025-07-06,adapted,537,0.1682858038,11.68191867,-0.02371857983,0.0005625710289,879.626221,537,0.2756584835,0.1682858038,0.1342854192,0.2022861884
synthetic_20250706,synthetic,2025-07-06,adapted,538,0.1685991852,11.67374171,-0.6070341075,0.3684904077,879.9947114,538,0.2757739616,0.1685991852,0.1345988006,0.2025995698
synthetic_20250706,synthetic,2025-07-06,adapted,539,0.1689125666,11.66673287,-0.8506495597,0.7236046735,880.7183161,539,0.2760007258,0.1689125666,0.134912182,0.2029129512
synthetic_20250706,synthetic,2025-07-06,adapted,540,0.169225948,11.65811615,0.09231552535,0.00852215622,880.7268382,540,0.2760033965,0.169225948,0.1352255634,0.2032263326
synthetic_20250706,synthetic,2025-07-06,adapted,541,0.1695393294,11.64997139,0.7319949059,0.5358165423,881.2626548,541,0.2761713114,0.1695393294,0.1355389448,0.203539714
synthetic_20250706,synthetic,2025-07-06,adapted,542,0.1698527107,11.63953143,0.8264790128,0.6830675586,881.9457223,542,0.2763853721,0.1698527107,0.1358523261,0.2038530953
synthetic_20250706,synthetic,2025-07-06,adapted,543,0.1701660921,11.62885242,0.3138321897,0.0984906433,882.044213,543,0.2764162372,0.1701660921,0.1361657075,0.2041664767
synthetic_20250706,synthetic,2025-07-06,adapted,544,0.1704794735,11.62571089,-0.263283426,0.06931816238,882.1135311,544,0.2764379602,0.1704794735,0.1364790889,0.2044798581
synthetic_20250706,synthetic,2025-07-06,adapted,545,0.1707928549,11.61926813,-0.7851840667,0.6165140186,882.7300451,545,0.2766311643,0.1707928549,0.1367924703,0.2047932395
synthetic_20250706,synthetic,2025-07-06,adapted,546,0.1711062363,11.61265961,-0.5178147561,0.2681321216,882.9981773,546,0.2767151919,0.1711062363,0.1371058517,0.2051066209
synthetic_20250706,synthetic,2025-07-06,adapted,547,0.1714196177,11.60285945,0.4891620136,0.2392794756,883.2374567,547,0.2767901776,0.1714196177,0.1374192331,0.2054200023
synthetic_20250706,synthetic,2025-07-06,adapted,548,0.1717329991,11.58451304,-0.0188946137,0.0003570064269,883.2378138,548,0.2767902895,0.1717329991,0.1377326145,0.2057333837
synthetic_20250706,synthetic,2025-07-06,adapted,549,0.1720463804,11.57895044,-0.8010435563,0.6416707791,883.8794845,549,0.2769913772,0.1720463804,0.1380459958,0.206046765
synthetic_20250706,synthetic,2025-07-06,adapted,550,0.1723597618,11.56926089,-1.066714469,1.137879759,885.0173643,550,0.2773479675,0.1723597618,0.1383593772,0.2063601464
synthetic_20250706,synthetic,2025-07-06,adapted,551,0.1726731432,11.56505107,1.205498494,1.45322662,886.4705909,551,0.2778033817,0.1726731432,0.1386727586,0.2066735278
synthetic_20250706,synthetic,2025-07-06,adapted,552,0.1729865246,11.55998118,0.283263388,0.08023814697,886.5508291,552,0.2778285268,0.1729865246,0.13898614,0.2069869092
synthetic_20250706,synthetic,2025-07-06,adapted,553,0.173299906,11.55475204,0.1299232577,0.01688005289,886.5677091,553,0.2778338167,0.173299906,0.1392995214,0.2073002906
synthetic_20250706,synthetic,2025-07-06,adapted,554,0.1736132874,11.54732262,0.5680816918,0.3227168085,886.8904259,554,0.2779349501,0.1736132874,0.1396129028,0.207613672
synthetic_20250706,synthetic,2025-07-06,adapted,555,0.1739266688,11.53399643,0.6921443898,0.4790638563,887.3694898,555,0.2780850798,0.1739266688,0.1399262842,0.2079270534
synthetic_20250706,synthetic,2025-07-06,adapted,556,0.1742400501,11.51660058,-0.8847224164,0.7827337541,888.1522235,556,0.278330374,0.1742400501,0.1402396655,0.2082404347
synthetic_20250706,synthetic,2025-07-06,adapted,557,0.1745534315,11.51258457,0.3433713611,0.1179038917,888.2701274,557,0.2783673229,0.1745534315,0.1405530469,0.2085538161
synthetic_20250706,synthetic,2025-07-06,adapted,558,0.1748668129,11.50801166,-0.6636209164,0.4403927207,888.7105201,558,0.2785053338,0.1748668129,0.1408664283,0.2088671975
synthetic_20250706,synthetic,2025-07-06,adapted,559,0.1751801943,11.49922061,1.080852001,1.168241048,889.8787612,559,0.2788714388,0.1751801943,0.1411798097,0.2091805789
synthetic_20250706,synthetic,2025-07-06,adapted,560,0.1754935757,11.49539373,-0.05709726128,0.003260097245,889.8820213,560,0.2788724604,0.1754935757,0.1414931911,0.2094939603
synthetic_20250706,synthetic,2025-07-06,adapted,561,0.1758069571,11.49169121,-0.1310618453,0.0171772073,889.8991985,561,0.2788778435,0.1758069571,0.1418065725,0.2098073417
synthetic_20250706,synthetic,2025-07-06,adapted,562,0.1761203385,11.48847061,-0.8449419296,0.7139268643,890.6131254,562,0.2791015749,0.1761203385,0.1421199539,0.2101207231
synthetic_20250706,synthetic,2025-07-06,adapted,563,0.1764337198,11.47440375,-1.549206478,2.400040711,893.0131661,563,0.2798537029,0.1764337198,0.1424333352,0.2104341044
synthetic_20250706,synthetic,2025-07-06,adapted,564,0.1767471012,11.47242573,0.6204291463,0.3849323256,893.3980984,564,0.2799743336,0.1767471012,0.1427467166,0.2107474858
synthetic_20250706,synthetic,2025-07-06,adapted,565,0.1770604826,11.45772933,-0.4171604922,0.1740228762,893.5721213,565,0.2800288691,0.1770604826,0.143060098,0.2110608672
synthetic_20250706,synthetic,2025-07-06,adapted,566,0.177373864,11.44838567,1.146991525,1.315589559,894.8877108,566,0.2804411504,0.177373864,0.1433734794,0.2113742486
synthetic_20250706,synthetic,2025-07-06,adapted,567,0.1776872454,11.44624185,-0.7497185131,0.5620778489,895.4497887,567,0.2806172951,0.1776872454,0.1436868608,0.21168763
synthetic_20250706,synthetic,2025-07-06,adapted,568,0.1780006268,11.4414017,-1.059477271,1.122492089,896.5722808,568,0.2809690632,0.1780006268,0.1440002422,0.2120010114
synthetic_20250706,synthetic,2025-07-06,adapted,569,0.1783140081,11.43627216,-0.9337394807,0.8718694178,897.4441502,569,0.2812422909,0.1783140081,0.1443136235,0.2123143927
synthetic_20250706,synthetic,2025-07-06,adapted,570,0.1786273895,11.42699231,-1.286687064,1.6555636,899.0997138,570,0.2817611137,0.1786273895,0.1446270049,0.2126277741
synthetic_20250706,synthetic,2025-07-06,adapted,571,0.1789407709,11.41811972,-2.234371361,4.992415379,904.0921292,571,0.2833256437,0.1789407709,0.1449403863,0.2129411555
synthetic_20250706,synthetic,2025-07-06,adapted,572,0.1792541523,11.41114426,-0.2520083618,0.06350821442,904.1556374,572,0.283345546,0.1792541523,0.1452537677,0.2132545369
synthetic_20250706,synthetic,2025-07-06,adapted,573,0.1795675337,11.40291955,0.4216933639,0.1778252932,904.3334627,573,0.2834012732,0.1795675337,0.1455671491,0.2135679183
synthetic_20250706,synthetic,2025-07-06,adapted,574,0.1798809151,11.39634082,0.7133846643,0.5089176793,904.8423804,574,0.2835607585,0.1798809151,0.1458805305,0.2138812997
synthetic_20250706,synthetic,2025-07-06,adapted,575,0.1801942965,11.38870393,0.3761679324,0.1415023133,904.9838827,575,0.2836051027,0.1801942965,0.1461939119,0.2141946811
synthetic_20250706,synthetic,2025-07-06,adapted,576,0.1805076778,11.378499,1.898991548,3.606168901,908.5900516,576,0.2847352089,0.1805076778,0.1465072932,0.2145080624
synthetic_20250706,synthetic,2025-07-06,adapted,577,0.1808210592,11.37547662,1.005593205,1.011217694,909.6012693,577,0.2850521057,0.1808210592,0.1468206746,0.2148214438
synthetic_20250706,synthetic,2025-07-06,adapted,578,0.1811344406,11.37337674,-1.400819457,1.962295151,911.5635644,578,0.2856670525,0.1811344406,0.147134056,0.2151348252
synthetic_20250706,synthetic,2025-07-06,adapted,579,0.181447822,11.36628037,0.07373620021,0.005437027222,911.5690014,579,0.2856687563,0.181447822,0.1474474374,0.2154482066
synthetic_20250706,synthetic,2025-07-06,adapted,580,0.1817612034,11.35656969,-1.802088319,3.247522309,914.8165237,580,0.2866864694,0.1817612034,0.1477608188,0.215761588
synthetic_20250706,synthetic,2025-07-06,adapted,581,0.1820745848,11.35114353,-0.5595266895,0.3130701162,915.1295939,581,0.2867845797,0.1820745848,0.1480742002,0.2160749694
synthetic_20250706,synthetic,2025-07-06,adapted,582,0.1823879662,11.34196979,0.4035891135,0.1628841726,915.292478,582,0.2868356246,0.1823879662,0.1483875816,0.2163883508
synthetic_20250706,synthetic,2025-07-06,adapted,583,0.1827013475,11.3334572,-0.5112638582,0.2613907327,915.5538688,583,0.2869175396,0.1827013475,0.1487009629,0.2167017321
synthetic_20250706,synthetic,2025-07-06,adapted,584,0.1830147289,11.32544481,-1.306730755,1.707545267,917.261414,584,0.2874526525,0.1830147289,0.1490143443,0.2170151135
synthetic_20250706,synthetic,2025-07-06,adapted,585,0.1833281103,11.32153102,-0.2642921611,0.0698503464,917.3312644,585,0.2874745423,0.1833281103,0.1493277257,0.2173284949
synthetic_20250706,synthetic,2025-07-06,adapted,586,0.1836414917,11.31491897,1.71873229,2.954040686,920.2853051,586,0.2884002836,0.1836414917,0.1496411071,0.2176418763
synthetic_20250706,synthetic,2025-07-06,adapted,587,0.1839548731,11.3099828,0.001707622241,2.915973717e-06,920.285308,587,0.2884002845,0.1839548731,0.1499544885,0.2179552577
synthetic_20250706,synthetic,2025-07-06,adapted,588,0.1842682545,11.30312158,0.2743713366,0.07527963033,920.3605876,588,0.2884238758,0.1842682545,0.1502678699,0.2182686391
synthetic_20250706,synthetic,2025-07-06,adapted,589,0.1845816359,11.2948228,0.2917416849,0.08511321069,920.4457008,589,0.2884505487,0.1845816359,0.1505812513,0.2185820205
synthetic_20250706,synthetic,2025-07-06,adapted,590,0.1848950172,11.29069869,-1.142045874,1.304268778,921.7499696,590,0.2888592822,0.1848950172,0.1508946326,0.2188954018
synthetic_20250706,synthetic,2025-07-06,adapted,591,0.1852083986,11.28585391,-0.2995664444,0.08974005463,921.8397097,591,0.2888874051,0.1852083986,0.151208014,0.2192087832
synthetic_20250706,synthetic,2025-07-06,adapted,592,0.18552178,11.27791418,-0.4637028897,0.2150203699,922.05473,592,0.2889547885,0.18552178,0.1515213954,0.2195221646
synthetic_20250706,synthetic,2025-07-06,adapted,593,0.1858351614,11.26743908,1.844246363,3.401244646,925.4559747,593,0.2900206752,0.1858351614,0.1518347768,0.219835546
synthetic_20250706,synthetic,2025-07-06,adapted,594,0.1861485428,11.26525377,-0.5891255649,0.3470689313,925.8030436,594,0.2901294402,0.1861485428,0.1521481582,0.2201489274
synthetic_20250706,synthetic,2025-07-06,adapted,595,0.1864619242,11.26324192,0.3232439713,0.104486665,925.9075303,595,0.2901621844,0.1864619242,0.1524615396,0.2204623088
synthetic_20250706,synthetic,2025-07-06,adapted,596,0.1867753055,11.24992021,-0.2606489889,0.06793789542,925.9754682,596,0.2901834748,0.1867753055,0.1527749209,0.2207756901
synthetic_20250706,synthetic,2025-07-06,adapted,597,0.1870886869,11.24668716,-1.148032586,1.317978819,927.293447,597,0.2905965049,0.1870886869,0.1530883023,0.2210890715
synthetic_20250706,synthetic,2025-07-06,adapted,598,0.1874020683,11.24044031,0.2360998303,0.05574312986,927.3491901,598,0.2906139737,0.1874020683,0.1534016837,0.2214024529
synthetic_20250706,synthetic,2025-07-06,adapted,599,0.1877154497,11.23470112,-0.07330451852,0.005373552435,927.3545637,599,0.2906156577,0.1877154497,0.1537150651,0.2217158343
synthetic_20250706,synthetic,2025-07-06,adapted,600,0.1880288311,11.22785491,-1.038364379,1.078200584,928.4327643,600,0.2909535457,0.1880288311,0.1540284465,0.2220292157
synthetic_20250706,synthetic,2025-07-06,adapted,601,0.1883422125,11.22404193,0.6580741935,0.4330616442,928.8658259,601,0.2910892591,0.1883422125,0.1543418279,0.2223425971
synthetic_20250706,synthetic,2025-07-06,adapted,602,0.1886555939,11.21507898,0.1007678805,0.01015416573,928.8759801,602,0.2910924413,0.1886555939,0.1546552093,0.2226559785
synthetic_20250706,synthetic,2025-07-06,adapted,603,0.1889689752,11.20059429,1.99086525,3.963544442,932.8395245,603,0.2923345423,0.1889689752,0.1549685906,0.2229693598
synthetic_20250706,synthetic,2025-07-06,adapted,604,0.1892823566,11.19873369,-0.4701325739,0.2210246371,933.0605491,604,0.2924038073,0.1892823566,0.155281972,0.2232827412
synthetic_20250706,synthetic,2025-07-06,adapted,605,0.189595738,11.1933101,0.1484156292,0.02202719899,933.0825763,605,0.2924107102,0.189595738,0.1555953534,0.2235961226
synthetic_20250706,synthetic,2025-07-06,adapted,606,0.1899091194,11.191099,-1.661748476,2.761407997,935.8439843,606,0.2932760841,0.1899091194,0.1559087348,0.223909504
synthetic_20250706,synthetic,2025-07-06,adapted,607,0.1902225008,11.18101264,-0.1524952355,0.02325479686,935.8672391,607,0.2932833717,0.1902225008,0.1562221162,0.2242228854
synthetic_20250706,synthetic,2025-07-06,adapted,608,0.1905358822,11.17586334,0.7021008121,0.4929455503,936.3601847,608,0.2934378517,0.1905358822,0.1565354976,0.2245362668
synthetic_20250706,synthetic,2025-07-06,adapted,609,0.1908492636,11.16588526,0.5554525891,0.3085275788,936.6687123,609,0.2935345385,0.1908492636,0.156848879,0.2248496482
synthetic_20250706,synthetic,2025-07-06,adapted,610,0.1911626449,11.15720615,-0.3745930487,0.1403199521,936.8090322,610,0.2935785121,0.1911626449,0.1571622603,0.2251630295
synthetic_20250706,synthetic,2025-07-06,adapted,611,0.1914760263,11.15546714,0.8907300128,0.7933999557,937.6024322,611,0.2938271489,0.1914760263,0.1574756417,0.2254764109
synthetic_20250706,synthetic,2025-07-06,adapted,612,0.1917894077,11.15174578,-0.871546665,0.7595935893,938.3620258,612,0.2940651914,0.1917894077,0.1577890231,0.2257897923
synthetic_20250706,synthetic,2025-07-06,adapted,613,0.1921027891,11.14464228,2.342510014,5.487353166,943.8493789,613,0.2957848257,0.1921027891,0.1581024045,0.2261031737
synthetic_20250706,synthetic,2025-07-06,adapted,614,0.1924161705,11.13934928,0.5236089719,0.2741663555,944.1235453,614,0.2958707444,0.1924161705,0.1584157859,0.2264165551
synthetic_20250706,synthetic,2025-07-06,adapted,615,0.1927295519,11.13312247,-0.3286521806,0.1080122558,944.2315575,615,0.2959045934,0.1927295519,0.1587291673,0.2267299365
synthetic_20250706,synthetic,2025-07-06,adapted,616,0.1930429332,11.12288385,1.095203289,1.199470244,945.4310278,616,0.296280485,0.1930429332,0.1590425486,0.2270433179
synthetic_20250706,synthetic,2025-07-06,adapted,617,0.1933563146,11.11897203,0.0162258756,0.0002632790389,945.4312911,617,0.2962805676,0.1933563146,0.15935593,0.2273566992
synthetic_20250706,synthetic,2025-07-06,adapted,618,0.193669696,11.11093292,1.470516804,2.162419672,947.5937107,618,0.2969582296,0.193669696,0.1596693114,0.2276700806
synthetic_20250706,synthetic,2025-07-06,adapted,619,0.1939830774,11.10251234,-0.2649049959,0.07017465684,947.6638854,619,0.2969802211,0.1939830774,0.1599826928,0.227983462
synthetic_20250706,synthetic,2025-07-06,adapted,620,0.1942964588,11.09921461,0.5488058683,0.3011878811,947.9650733,620,0.2970746077,0.1942964588,0.1602960742,0.2282968434
synthetic_20250706,synthetic,2025-07-06,adapted,621,0.1946098402,11.09731095,1.28718755,1.656851789,949.6219251,621,0.2975938342,0.1946098402,0.1606094556,0.2286102248
synthetic_20250706,synthetic,2025-07-06,adapted,622,0.1949232216,11.08323576,-0.4146236336,0.1719127575,949.7938378,622,0.2976477085,0.1949232216,0.160922837,0.2289236062
synthetic_20250706,synthetic,2025-07-06,adapted,623,0.1952366029,11.07602417,0.02269969252,0.0005152760405,949.7943531,623,0.29764787,0.1952366029,0.1612362183,0.2292369875
synthetic_20250706,synthetic,2025-07-06,adapted,624,0.1955499843,11.06730047,-0.1384164491,0.01915911338,949.8135122,624,0.2976538741,0.1955499843,0.1615495997,0.2295503689
synthetic_20250706,synthetic,2025-07-06,adapted,625,0.1958633657,11.06226975,-0.1046588738,0.01095347986,949.8244657,625,0.2976573067,0.1958633657,0.1618629811,0.2298637503
synthetic_20250706,synthetic,2025-07-06,adapted,626,0.1961767471,11.0577891,-0.7808317812,0.6096982705,950.434164,626,0.2978483748,0.1961767471,0.1621763625,0.2301771317
synthetic_20250706,synthetic,2025-07-06,adapted,627,0.1964901285,11.0470598,-0.5274352068,0.2781878973,950.7123519,627,0.2979355537,0.1964901285,0.1624897439,0.2304905131
synthetic_20250706,synthetic,2025-07-06,adapted,628,0.1968035099,11.03975594,1.617466809,2.616198878,953.3285507,628,0.2987554217,0.1968035099,0.1628031253,0.2308038945
synthetic_20250706,synthetic,2025-07-06,adapted,629,0.1971168913,11.03302123,-0.1676697652,0.02811315018,953.3566639,629,0.2987642319,0.1971168913,0.1631165067,0.2311172759
synthetic_20250706,synthetic,2025-07-06,adapted,630,0.1974302726,11.03245601,-0.5435703845,0.2954687629,953.6521326,630,0.2988568263,0.1974302726,0.163429888,0.2314306572
synthetic_20250706,synthetic,2025-07-06,adapted,631,0.197743654,11.02931469,1.635874877,2.676086612,956.3282193,631,0.299695462,0.197743654,0.1637432694,0.2317440386
synthetic_20250706,synthetic,2025-07-06,adapted,632,0.1980570354,11.02267983,-0.5996968887,0.3596363583,956.6878556,632,0.2998081653,0.1980570354,0.1640566508,0.23205742
synthetic_20250706,synthetic,2025-07-06,adapted,633,0.1983704168,11.02013408,1.240377953,1.538537467,958.2263931,633,0.3002903143,0.1983704168,0.1643700322,0.2323708014
synthetic_20250706,synthetic,2025-07-06,adapted,634,0.1986837982,11.01440924,1.330021031,1.768955942,959.995349,634,0.3008446722,0.1986837982,0.1646834136,0.2326841828
synthetic_20250706,synthetic,2025-07-06,adapted,635,0.1989971796,11.00608814,-0.1520654746,0.02312390857,960.0184729,635,0.3008519188,0.1989971796,0.164996795,0.2329975642
synthetic_20250706,synthetic,2025-07-06,adapted,636,0.199310561,11.00046109,-0.3042707956,0.09258071706,960.1110536,636,0.3008809319,0.199310561,0.1653101764,0.2333109456
synthetic_20250706,synthetic,2025-07-06,adapted,637,0.1996239423,10.99119971,-0.8596885032,0.7390643225,960.850118,637,0.3011125409,0.1996239423,0.1656235577,0.2336243269
synthetic_20250706,synthetic,2025-07-06,adapted,638,0.1999373237,10.9828287,0.773829911,0.5988127312,961.4489307,638,0.3013001977,0.1999373237,0.1659369391,0.2339377083
synthetic_20250706,synthetic,2025-07-06,adapted,639,0.2002507051,10.9792606,1.312212717,1.721902216,963.1708329,639,0.3018398098,0.2002507051,0.1662503205,0.2342510897
synthetic_20250706,synthetic,2025-07-06,adapted,640,0.2005640865,10.96755486,-0.2782763035,0.0774377011,963.2482706,640,0.3018640773,0.2005640865,0.1665637019,0.2345644711
synthetic_20250706,synthetic,2025-07-06,adapted,641,0.2008774679,10.96251627,1.721624392,2.963990549,966.2122612,641,0.3027929367,0.2008774679,0.1668770833,0.2348778525
synthetic_20250706,synthetic,2025-07-06,adapted,642,0.2011908493,10.95422987,0.4148184173,0.1720743194,966.3843355,642,0.3028468616,0.2011908493,0.1671904647,0.2351912339
synthetic_20250706,synthetic,2025-07-06,adapted,643,0.2015042306,10.94440631,-1.473041344,2.169850802,968.5541863,643,0.3035268525,0.2015042306,0.167503846,0.2355046152
synthetic_20250706,synthetic,2025-07-06,adapted,644,0.201817612,10.94408081,-0.05419375558,0.002936963144,968.5571233,644,0.3035277729,0.201817612,0.1678172274,0.2358179966
synthetic_20250706,synthetic,2025-07-06,adapted,645,0.2021309934,10.93820581,1.042975061,1.087796978,969.6449202,645,0.3038686682,0.2021309934,0.1681306088,0.236131378
synthetic_20250706,synthetic,2025-07-06,adapted,646,0.2024443748,10.93371946,-1.937622034,3.754379147,973.3992994,646,0.3050452207,0.2024443748,0.1684439902,0.2364447594
synthetic_20250706,synthetic,2025-07-06,adapted,647,0.2027577562,10.92418632,-0.7747825407,0.6002879853,973.9995874,647,0.3052333398,0.2027577562,0.1687573716,0.2367581408
synthetic_20250706,synthetic,2025-07-06,adapted,648,0.2030711376,10.91384636,1.416673024,2.006962457,976.0065498,648,0.3058622845,0.2030711376,0.169070753,0.2370715222
synthetic_20250706,synthetic,2025-07-06,adapted,649,0.203384519,10.90617147,-1.078563753,1.163299769,977.1698496,649,0.306226841,0.203384519,0.1693841344,0.2373849036
synthetic_20250706,synthetic,2025-07-06,adapted,650,0.2036979003,10.90157259,2.424295678,5.877209535,983.0470591,650,0.3080686491,0.2036979003,0.1696975157,0.2376982849
synthetic_20250706,synthetic,2025-07-06,adapted,651,0.2040112817,10.89732034,0.06366174,0.004052817139,983.0511119,651,0.3080699191,0.2040112817,0.1700108971,0.2380116663
synthetic_20250706,synthetic,2025-07-06,adapted,652,0.2043246631,10.89571025,-0.4102477511,0.1683032173,983.2194152,652,0.3081226622,0.2043246631,0.1703242785,0.2383250477
synthetic_20250706,synthetic,2025-07-06,adapted,653,0.2046380445,10.88552207,0.9209285295,0.8481093564,984.0675245,653,0.3083884439,0.2046380445,0.1706376599,0.2386384291
synthetic_20250706,synthetic,2025-07-06,adapted,654,0.2049514259,10.8826306,-0.950717792,0.90386432,984.9713888,654,0.3086716982,0.2049514259,0.1709510413,0.2389518105
synthetic_20250706,synthetic,2025-07-06,adapted,655,0.2052648073,10.86771536,0.8711252944,0.7588592786,985.7302481,655,0.3089095105,0.2052648073,0.1712644227,0.2392651919
synthetic_20250706,synthetic,2025-07-06,adapted,656,0.2055781887,10.86288079,-1.726406656,2.980479941,988.7107281,656,0.3098435375,0.2055781887,0.1715778041,0.2395785733
synthetic_20250706,synthetic,2025-07-06,adapted,657,0.20589157,10.85699352,1.111386458,1.235179859,989.9459079,657,0.3102306198,0.20589157,0.1718911854,0.2398919546
synthetic_20250706,synthetic,2025-07-06,adapted,658,0.2062049514,10.84745185,-1.825834985,3.333673392,993.2795813,658,0.311275331,0.2062049514,0.1722045668,0.240205336
synthetic_20250706,synthetic,2025-07-06,adapted,659,0.2065183328,10.84168064,1.220679898,1.490059413,994.7696407,659,0.3117422879,0.2065183328,0.1725179482,0.2405187174
synthetic_20250706,synthetic,2025-07-06,adapted,660,0.2068317142,10.83608948,0.9825061433,0.9653183217,995.734959,660,0.3120448007,0.2068317142,0.1728313296,0.2408320988
synthetic_20250706,synthetic,2025-07-06,adapted,661,0.2071450956,10.82861279,-1.148179191,1.318315456,997.0532745,661,0.3124579362,0.2071450956,0.173144711,0.2411454802
synthetic_20250706,synthetic,2025-07-06,adapted,662,0.207458477,10.82637474,0.5141757818,0.2643767346,997.3176512,662,0.312540787,0.207458477,0.1734580924,0.2414588616
synthetic_20250706,synthetic,2025-07-06,adapted,663,0.2077718584,10.820748,0.635059414,0.4033004593,997.7209517,663,0.3126671738,0.2077718584,0.1737714738,0.241772243
synthetic_20250706,synthetic,2025-07-06,adapted,664,0.2080852397,10.81722722,-0.9598562964,0.9213241097,998.6422758,664,0.3129558997,0.2080852397,0.1740848551,0.2420856243
synthetic_20250706,synthetic,2025-07-06,adapted,665,0.2083986211,10.80932442,0.187861975,0.03529212167,998.6775679,665,0.3129669595,0.2083986211,0.1743982365,0.2423990057
synthetic_20250706,synthetic,2025-07-06,adapted,666,0.2087120025,10.80242615,0.5695462124,0.3243828881,999.0019508,666,0.3130686151,0.2087120025,0.1747116179,0.2427123871
synthetic_20250706,synthetic,2025-07-06,adapted,667,0.2090253839,10.79703914,-0.6376085875,0.4065447109,999.4084955,667,0.3131960187,0.2090253839,0.1750249993,0.2430257685
synthetic_20250706,synthetic,2025-07-06,adapted,668,0.2093387653,10.79252119,1.221058196,1.490983119,1000.899479,668,0.313663265,0.2093387653,0.1753383807,0.2433391499
synthetic_20250706,synthetic,2025-07-06,adapted,669,0.2096521467,10.79056838,-1.282800511,1.64557715,1002.545056,669,0.3141789583,0.2096521467,0.1756517621,0.2436525313
synthetic_20250706,synthetic,2025-07-06,adapted,670,0.209965528,10.78030332,0.3324528209,0.1105248781,1002.655581,670,0.3142135947,0.209965528,0.1759651434,0.2439659126
synthetic_20250706,synthetic,2025-07-06,adapted,671,0.2102789094,10.77581926,0.4154026916,0.1725593962,1002.82814,671,0.3142676716,0.2102789094,0.1762785248,0.244279294
synthetic_20250706,synthetic,2025-07-06,adapted,672,0.2105922908,10.76848441,-1.432924978,2.053273992,1004.881414,672,0.3149111294,0.2105922908,0.1765919062,0.2445926754
synthetic_20250706,synthetic,2025-07-06,adapted,673,0.2109056722,10.76450623,-0.489065493,0.2391850564,1005.120599,673,0.3149860856,0.2109056722,0.1769052876,0.2449060568
synthetic_20250706,synthetic,2025-07-06,adapted,674,0.2112190536,10.75787252,-0.2753869133,0.07583795202,1005.196437,674,0.3150098518,0.2112190536,0.177218669,0.2452194382
synthetic_20250706,synthetic,2025-07-06,adapted,675,0.211532435,10.75202488,-0.427242022,0.1825357454,1005.378973,675,0.3150670551,0.211532435,0.1775320504,0.2455328196
synthetic_20250706,synthetic,2025-07-06,adapted,676,0.2118458164,10.74303322,2.097330682,4.398795988,1009.777769,676,0.3164455559,0.2118458164,0.1778454318,0.245846201
synthetic_20250706,synthetic,2025-07-06,adapted,677,0.2121591977,10.73508206,2.013961901,4.056042539,1013.833811,677,0.3177166441,0.2121591977,0.1781588131,0.2461595823
synthetic_20250706,synthetic,2025-07-06,adapted,678,0.2124725791,10.71961408,-0.7199072732,0.5182664821,1014.352078,678,0.3178790592,0.2124725791,0.1784721945,0.2464729637
synthetic_20250706,synthetic,2025-07-06,adapted,679,0.2127859605,10.71302068,-0.139144116,0.01936108503,1014.371439,679,0.3178851266,0.2127859605,0.1787855759,0.2467863451
synthetic_20250706,synthetic,2025-07-06,adapted,680,0.2130993419,10.70654328,0.497860686,0.2478652626,1014.619304,680,0.3179628029,0.2130993419,0.1790989573,0.2470997265
synthetic_20250706,synthetic,2025-07-06,adapted,681,0.2134127233,10.69752462,-0.4878781751,0.2380251137,1014.857329,681,0.3180373956,0.2134127233,0.1794123387,0.2474131079
synthetic_20250706,synthetic,2025-07-06,adapted,682,0.2137261047,10.69123168,0.1259372774,0.01586019785,1014.873189,682,0.3180423659,0.2137261047,0.1797257201,0.2477264893
synthetic_20250706,synthetic,2025-07-06,adapted,683,0.2140394861,10.68647568,-0.3072465265,0.09440042802,1014.96759,683,0.3180719492,0.2140394861,0.1800391015,0.2480398707
synthetic_20250706,synthetic,2025-07-06,adapted,684,0.2143528674,10.68140075,0.4896798768,0.2397863817,1015.207376,684,0.3181470938,0.2143528674,0.1803524828,0.248353252
synthetic_20250706,synthetic,2025-07-06,adapted,685,0.2146662488,10.67778433,-0.3410114562,0.1162888132,1015.323665,685,0.3181835365,0.2146662488,0.1806658642,0.2486666334
synthetic_20250706,synthetic,2025-07-06,adapted,686,0.2149796302,10.66877068,-0.3659251581,0.1339012213,1015.457566,686,0.3182254987,0.2149796302,0.1809792456,0.2489800148
synthetic_20250706,synthetic,2025-07-06,adapted,687,0.2152930116,10.66160932,0.7620790773,0.58076452,1016.038331,687,0.3184074995,0.2152930116,0.181292627,0.2492933962
synthetic_20250706,synthetic,2025-07-06,adapted,688,0.215606393,10.65501621,1.011822884,1.023785548,1017.062116,688,0.3187283348,0.215606393,0.1816060084,0.2496067776
synthetic_20250706,synthetic,2025-07-06,adapted,689,0.2159197744,10.64666,0.2725936178,0.07430728044,1017.136424,689,0.3187516213,0.2159197744,0.1819193898,0.249920159
synthetic_20250706,synthetic,2025-07-06,adapted,690,0.2162331558,10.64062086,-1.17921339,1.39054422,1018.526968,690,0.319187392,0.2162331558,0.1822327712,0.2502335404
synthetic_20250706,synthetic,2025-07-06,adapted,691,0.2165465371,10.63455211,0.2311157647,0.05341449671,1018.580382,691,0.3192041311,0.2165465371,0.1825461525,0.2505469217
synthetic_20250706,synthetic,2025-07-06,adapted,692,0.2168599185,10.63130737,-0.4107248094,0.1686948691,1018.749077,692,0.3192569969,0.2168599185,0.1828595339,0.2508603031
synthetic_20250706,synthetic,2025-07-06,adapted,693,0.2171732999,10.62559797,-0.9455085784,0.8939864718,1019.643064,693,0.3195371557,0.2171732999,0.1831729153,0.2511736845
synthetic_20250706,synthetic,2025-07-06,adapted,694,0.2174866813,10.62112847,0.4258178798,0.1813208667,1019.824385,694,0.3195939782,0.2174866813,0.1834862967,0.2514870659
synthetic_20250706,synthetic,2025-07-06,adapted,695,0.2178000627,10.61420822,-0.909357441,0.8269309555,1020.651316,695,0.319853123,0.2178000627,0.1837996781,0.2518004473
synthetic_20250706,synthetic,2025-07-06,adapted,696,0.2181134441,10.6091288,-0.04464661469,0.001993320204,1020.653309,696,0.3198537477,0.2181134441,0.1841130595,0.2521138287
synthetic_20250706,synthetic,2025-07-06,adapted,697,0.2184268254,10.60340936,0.1643967009,0.02702627526,1020.680335,697,0.3198622172,0.2184268254,0.1844264408,0.25242721
synthetic_20250706,synthetic,2025-07-06,adapted,698,0.2187402068,10.60189826,0.4247674019,0.1804273458,1020.860762,698,0.3199187598,0.2187402068,0.1847398222,0.2527405914
synthetic_20250706,synthetic,2025-07-06,adapted,699,0.2190535882,10.598577,-0.7055993255,0.4978704081,1021.358633,699,0.3200747831,0.2190535882,0.1850532036,0.2530539728
synthetic_20250706,synthetic,2025-07-06,adapted,700,0.2193669696,10.59420758,-0.07575425961,0.005738707849,1021.364372,700,0.3200765815,0.2193669696,0.185366585,0.2533673542
synthetic_20250706,synthetic,2025-07-06,adapted,701,0.219680351,10.58977979,1.032737752,1.066547265,1022.430919,701,0.3204108176,0.219680351,0.1856799664,0.2536807356
synthetic_20250706,synthetic,2025-07-06,adapted,702,0.2199937324,10.58318849,-0.9672666165,0.9356047074,1023.366524,702,0.3207040187,0.2199937324,0.1859933478,0.253994117
synthetic_20250706,synthetic,2025-07-06,adapted,703,0.2203071138,10.57853269,-0.4197024219,0.176150123,1023.542674,703,0.3207592208,0.2203071138,0.1863067292,0.2543074984
synthetic_20250706,synthetic,2025-07-06,adapted,704,0.2206204951,10.57770957,0.7023416852,0.4932838428,1024.035958,704,0.3209138068,0.2206204951,0.1866201105,0.2546208797
synthetic_20250706,synthetic,2025-07-06,adapted,705,0.2209338765,10.56787087,0.9097911107,0.8277198652,1024.863677,705,0.3211731988,0.2209338765,0.1869334919,0.2549342611
synthetic_20250706,synthetic,2025-07-06,adapted,706,0.2212472579,10.56420394,1.167870861,1.363922349,1026.2276,706,0.3216006267,0.2212472579,0.1872468733,0.2552476425
synthetic_20250706,synthetic,2025-07-06,adapted,707,0.2215606393,10.55737447,1.550994625,2.405584327,1028.633184,707,0.322354492,0.2215606393,0.1875602547,0.2555610239
synthetic_20250706,synthetic,2025-07-06,adapted,708,0.2218740207,10.54983489,-0.1578144717,0.02490540747,1028.658089,708,0.3223622969,0.2218740207,0.1878736361,0.2558744053
synthetic_20250706,synthetic,2025-07-06,adapted,709,0.2221874021,10.54580557,1.288622984,1.660549196,1030.318639,709,0.3228826821,0.2221874021,0.1881870175,0.2561877867
synthetic_20250706,synthetic,2025-07-06,adapted,710,0.2225007835,10.54070196,0.09089031319,0.008261049032,1030.3269,710,0.322885271,0.2225007835,0.1885003989,0.2565011681
synthetic_20250706,synthetic,2025-07-06,adapted,711,0.2228141648,10.53738574,1.825281115,3.33165115,1033.658551,711,0.3239293484,0.2228141648,0.1888137802,0.2568145494
synthetic_20250706,synthetic,2025-07-06,adapted,712,0.2231275462,10.53093906,-0.162925743,0.02654479772,1033.685096,712,0.3239376671,0.2231275462,0.1891271616,0.2571279308
synthetic_20250706,synthetic,2025-07-06,adapted,713,0.2234409276,10.52053771,-0.03767561148,0.001419451701,1033.686515,713,0.3239381119,0.2234409276,0.189440543,0.2574413122
synthetic_20250706,synthetic,2025-07-06,adapted,714,0.223754309,10.51515431,1.072290687,1.149807318,1034.836322,714,0.3242984401,0.223754309,0.1897539244,0.2577546936
synthetic_20250706,synthetic,2025-07-06,adapted,715,0.2240676904,10.51051611,0.6606263794,0.4364272132,1035.27275,715,0.3244352083,0.2240676904,0.1900673058,0.258068075
synthetic_20250706,synthetic,2025-07-06,adapted,716,0.2243810718,10.50692719,1.743193488,3.038723537,1038.311473,716,0.3253874877,0.2243810718,0.1903806872,0.2583814564
synthetic_20250706,synthetic,2025-07-06,adapted,717,0.2246944531,10.50105551,-0.6600840052,0.4357108939,1038.747184,717,0.3255240314,0.2246944531,0.1906940685,0.2586948377
synthetic_20250706,synthetic,2025-07-06,adapted,718,0.2250078345,10.4975726,-0.9577756213,0.9173341408,1039.664518,718,0.3258115068,0.2250078345,0.1910074499,0.2590082191
synthetic_20250706,synthetic,2025-07-06,adapted,719,0.2253212159,10.4904616,-1.664179051,2.769491915,1042.43401,719,0.326679414,0.2253212159,0.1913208313,0.2593216005
synthetic_20250706,synthetic,2025-07-06,adapted,720,0.2256345973,10.48471255,1.040642631,1.082937086,1043.516947,720,0.3270187863,0.2256345973,0.1916342127,0.2596349819
synthetic_20250706,synthetic,2025-07-06,adapted,721,0.2259479787,10.47952452,-0.2046478285,0.0418807337,1043.558828,721,0.327031911,0.2259479787,0.1919475941,0.2599483633
synthetic_20250706,synthetic,2025-07-06,adapted,722,0.2262613601,10.47514518,0.2345373586,0.05500777257,1043.613836,722,0.3270491494,0.2262613601,0.1922609755,0.2602617447
synthetic_20250706,synthetic,2025-07-06,adapted,723,0.2265747415,10.46966155,-1.217190981,1.481553884,1045.09539,723,0.3275134408,0.2265747415,0.1925743569,0.2605751261
synthetic_20250706,synthetic,2025-07-06,adapted,724,0.2268881228,10.46278262,-0.02307362698,0.0005323922618,1045.095922,724,0.3275136077,0.2268881228,0.1928877382,0.2608885074
synthetic_20250706,synthetic,2025-07-06,adapted,725,0.2272015042,10.45340132,1.469528025,2.159512615,1047.255435,725,0.3281903587,0.2272015042,0.1932011196,0.2612018888
synthetic_20250706,synthetic,2025-07-06,adapted,726,0.2275148856,10.44952218,0.6245342959,0.3900430868,1047.645478,726,0.3283125909,0.2275148856,0.193514501,0.2615152702
synthetic_20250706,synthetic,2025-07-06,adapted,727,0.227828267,10.44837225,0.4230828091,0.1789990634,1047.824477,727,0.3283686859,0.227828267,0.1938278824,0.2618286516
synthetic_20250706,synthetic,2025-07-06,adapted,728,0.2281416484,10.43844152,-0.523012085,0.273541641,1048.098018,728,0.3284544088,0.2281416484,0.1941412638,0.262142033
synthetic_20250706,synthetic,2025-07-06,adapted,729,0.2284550298,10.42693044,0.6978972702,0.4870605997,1048.585079,729,0.3286070445,0.2284550298,0.1944546452,0.2624554144
synthetic_20250706,synthetic,2025-07-06,adapted,730,0.2287684112,10.42304012,-0.08236960079,0.006784751135,1048.591864,730,0.3286091707,0.2287684112,0.1947680266,0.2627687958
synthetic_20250706,synthetic,2025-07-06,adapted,731,0.2290817925,10.41749333,-0.8213873017,0.6746770994,1049.266541,731,0.328820602,0.2290817925,0.1950814079,0.2630821771
synthetic_20250706,synthetic,2025-07-06,adapted,732,0.2293951739,10.40916618,0.330425143,0.1091807751,1049.375722,732,0.3288548172,0.2293951739,0.1953947893,0.2633955585
synthetic_20250706,synthetic,2025-07-06,adapted,733,0.2297085553,10.4029939,0.2694464044,0.07260136483,1049.448323,733,0.3288775691,0.2297085553,0.1957081707,0.2637089399
synthetic_20250706,synthetic,2025-07-06,adapted,734,0.2300219367,10.39648861,-1.038322112,1.078112807,1050.526436,734,0.3292154296,0.2300219367,0.1960215521,0.2640223213
synthetic_20250706,synthetic,2025-07-06,adapted,735,0.2303353181,10.39007013,1.683100557,2.832827484,1053.359263,735,0.330103185,0.2303353181,0.1963349335,0.2643357027
synthetic_20250706,synthetic,2025-07-06,adapted,736,0.2306486995,10.38361358,-1.667503723,2.780568667,1056.139832,736,0.3309745635,0.2306486995,0.1966483149,0.2646490841
synthetic_20250706,synthetic,2025-07-06,adapted,737,0.2309620809,10.38149008,-0.2297997282,0.0528079151,1056.19264,737,0.3309911125,0.2309620809,0.1969616963,0.2649624655
synthetic_20250706,synthetic,2025-07-06,adapted,738,0.2312754622,10.37517641,-0.7438763684,0.5533520515,1056.745992,738,0.3311645227,0.2312754622,0.1972750776,0.2652758468
synthetic_20250706,synthetic,2025-07-06,adapted,739,0.2315888436,10.36974855,-0.3037149,0.09224274046,1056.838235,739,0.3311934299,0.2315888436,0.197588459,0.2655892282
synthetic_20250706,synthetic,2025-07-06,adapted,740,0.231902225,10.36768688,0.09877157817,0.009755824654,1056.847991,740,0.3311964872,0.231902225,0.1979018404,0.2659026096
synthetic_20250706,synthetic,2025-07-06,adapted,741,0.2322156064,10.36120582,1.536813097,2.361794496,1059.209785,741,0.3319366296,0.2322156064,0.1982152218,0.266215991
synthetic_20250706,synthetic,2025-07-06,adapted,742,0.2325289878,10.35990637,-0.9977197758,0.9954447511,1060.20523,742,0.3322485834,0.2325289878,0.1985286032,0.2665293724
synthetic_20250706,synthetic,2025-07-06,adapted,743,0.2328423692,10.34950657,1.454590195,2.115832635,1062.321062,743,0.332911646,0.2328423692,0.1988419846,0.2668427538
synthetic_20250706,synthetic,2025-07-06,adapted,744,0.2331557505,10.34166182,-0.2121574392,0.04501077901,1062.366073,744,0.3329257515,0.2331557505,0.1991553659,0.2671561351
synthetic_20250706,synthetic,2025-07-06,adapted,745,0.2334691319,10.3383134,-1.150210717,1.322984693,1063.689058,745,0.3333403503,0.2334691319,0.1994687473,0.2674695165
synthetic_20250706,synthetic,2025-07-06,adapted,746,0.2337825133,10.33149901,-0.7670563635,0.5883754648,1064.277433,746,0.3335247362,0.2337825133,0.1997821287,0.2677828979
synthetic_20250706,synthetic,2025-07-06,adapted,747,0.2340958947,10.32981286,-0.803361592,0.6453898475,1064.922823,747,0.3337269894,0.2340958947,0.2000955101,0.2680962793
synthetic_20250706,synthetic,2025-07-06,adapted,748,0.2344092761,10.32693169,-1.876502947,3.52126331,1068.444086,748,0.3348304878,0.2344092761,0.2004088915,0.2684096607
synthetic_20250706,synthetic,2025-07-06,adapted,749,0.2347226575,10.31711143,2.059909684,4.243227905,1072.687314,749,0.3361602364,0.2347226575,0.2007222729,0.2687230421
synthetic_20250706,synthetic,2025-07-06,adapted,750,0.2350360389,10.31302097,0.511306329,0.2614341621,1072.948749,750,0.336242165,0.2350360389,0.2010356543,0.2690364235
synthetic_20250706,synthetic,2025-07-06,adapted,751,0.2353494202,10.30786362,1.310140815,1.716468956,1074.665218,751,0.3367800744,0.2353494202,0.2013490356,0.2693498048
synthetic_20250706,synthetic,2025-07-06,adapted,752,0.2356628016,10.29862174,1.812816394,3.286303278,1077.951521,752,0.3378099407,0.2356628016,0.201662417,0.2696631862
synthetic_20250706,synthetic,2025-07-06,adapted,753,0.235976183,10.2882324,0.4328816909,0.1873865583,1078.138907,753,0.3378686642,0.235976183,0.2019757984,0.2699765676
synthetic_20250706,synthetic,2025-07-06,adapted,754,0.2362895644,10.28407804,-0.3082360558,0.09500946611,1078.233917,754,0.3378984384,0.2362895644,0.2022891798,0.270289949
synthetic_20250706,synthetic,2025-07-06,adapted,755,0.2366029458,10.27654193,-1.19937429,1.438498687,1079.672415,755,0.3383492371,0.2366029458,0.2026025612,0.2706033304
synthetic_20250706,synthetic,2025-07-06,adapted,756,0.2369163272,10.27587918,-1.242109082,1.542834971,1081.21525,756,0.3388327328,0.2369163272,0.2029159426,0.2709167118
synthetic_20250706,synthetic,2025-07-06,adapted,757,0.2372297086,10.26257649,0.5486275584,0.3009921979,1081.516243,757,0.3389270582,0.2372297086,0.203229324,0.2712300932
synthetic_20250706,synthetic,2025-07-06,adapted,758,0.2375430899,10.25730821,-0.8106295776,0.6571203121,1082.173363,758,0.3391329875,0.2375430899,0.2035427053,0.2715434745
synthetic_20250706,synthetic,2025-07-06,adapted,759,0.2378564713,10.25660922,-1.755931244,3.083294532,1085.256658,759,0.3400992346,0.2378564713,0.2038560867,0.2718568559
synthetic_20250706,synthetic,2025-07-06,adapted,760,0.2381698527,10.25209129,1.097046227,1.203510425,1086.460168,760,0.3404763923,0.2381698527,0.2041694681,0.2721702373
synthetic_20250706,synthetic,2025-07-06,adapted,761,0.2384832341,10.24672515,-0.5120364966,0.2621813739,1086.722349,761,0.3405585551,0.2384832341,0.2044828495,0.2724836187
synthetic_20250706,synthetic,2025-07-06,adapted,762,0.2387966155,10.24128271,0.2829809564,0.08007822168,1086.802428,762,0.3405836501,0.2387966155,0.2047962309,0.2727970001
synthetic_20250706,synthetic,2025-07-06,adapted,763,0.2391099969,10.23748493,0.7335389009,0.5380793191,1087.340507,763,0.3407522742,0.2391099969,0.2051096123,0.2731103815
synthetic_20250706,synthetic,2025-07-06,adapted,764,0.2394233783,10.23553603,-0.2134204834,0.04554830275,1087.386055,764,0.3407665482,0.2394233783,0.2054229937,0.2734237629
synthetic_20250706,synthetic,2025-07-06,adapted,765,0.2397367596,10.22696478,-1.454856532,2.11660753,1089.502663,765,0.3414298536,0.2397367596,0.205736375,0.2737371442
synthetic_20250706,synthetic,2025-07-06,adapted,766,0.240050141,10.22512517,-1.242136844,1.542903938,1091.045567,766,0.3419133709,0.240050141,0.2060497564,0.2740505256
synthetic_20250706,synthetic,2025-07-06,adapted,767,0.2403635224,10.21683513,0.7598746246,0.5774094451,1091.622976,767,0.3420943203,0.2403635224,0.2063631378,0.274363907
synthetic_20250706,synthetic,2025-07-06,adapted,768,0.2406769038,10.21480994,0.7497977488,0.5621966641,1092.185173,768,0.3422705023,0.2406769038,0.2066765192,0.2746772884
synthetic_20250706,synthetic,2025-07-06,adapted,769,0.2409902852,10.21298261,-1.077663798,1.161359262,1093.346532,769,0.3426344506,0.2409902852,0.2069899006,0.2749906698
synthetic_20250706,synthetic,2025-07-06,adapted,770,0.2413036666,10.20761977,-1.150325996,1.323249896,1094.669782,770,0.3430491325,0.2413036666,0.207303282,0.2753040512
synthetic_20250706,synthetic,2025-07-06,adapted,771,0.2416170479,10.20596119,0.04105012949,0.001685113131,1094.671467,771,0.3430496606,0.2416170479,0.2076166633,0.2756174325
synthetic_20250706,synthetic,2025-07-06,adapted,772,0.2419304293,10.19501239,1.286647278,1.655461219,1096.326928,772,0.3435684513,0.2419304293,0.2079300447,0.2759308139
synthetic_20250706,synthetic,2025-07-06,adapted,773,0.2422438107,10.19204629,0.2550625542,0.06505690654,1096.391985,773,0.343588839,0.2422438107,0.2082434261,0.2762441953
synthetic_20250706,synthetic,2025-07-06,adapted,774,0.2425571921,10.18282858,1.450324578,2.103441382,1098.495427,774,0.3442480183,0.2425571921,0.2085568075,0.2765575767
synthetic_20250706,synthetic,2025-07-06,adapted,775,0.2428705735,10.17964264,-0.176898172,0.03129296325,1098.526719,775,0.344257825,0.2428705735,0.2088701889,0.2768709581
synthetic_20250706,synthetic,2025-07-06,adapted,776,0.2431839549,10.16837147,0.38728312,0.149988215,1098.676708,776,0.3443048285,0.2431839549,0.2091835703,0.2771843395
synthetic_20250706,synthetic,2025-07-06,adapted,777,0.2434973363,10.16135602,1.345974729,1.811647971,1100.488356,777,0.3448725652,0.2434973363,0.2094969517,0.2774977209
synthetic_20250706,synthetic,2025-07-06,adapted,778,0.2438107176,10.15622865,0.3116941451,0.09715324012,1100.585509,778,0.3449030112,0.2438107176,0.209810333,0.2778111022
synthetic_20250706,synthetic,2025-07-06,adapted,779,0.244124099,10.15278901,0.6179785742,0.3818975182,1100.967406,779,0.3450226908,0.244124099,0.2101237144,0.2781244836
synthetic_20250706,synthetic,2025-07-06,adapted,780,0.2444374804,10.15107884,-0.5429441433,0.2947883428,1101.262195,780,0.345115072,0.2444374804,0.2104370958,0.278437865
synthetic_20250706,synthetic,2025-07-06,adapted,781,0.2447508618,10.14473273,-0.1693606027,0.02868301375,1101.290878,781,0.3451240607,0.2447508618,0.2107504772,0.2787512464
synthetic_20250706,synthetic,2025-07-06,adapted,782,0.2450642432,10.13384891,-1.212687919,1.470611988,1102.76149,782,0.3455849231,0.2450642432,0.2110638586,0.2790646278
synthetic_20250706,synthetic,2025-07-06,adapted,783,0.2453776246,10.13206226,-0.738581156,0.545502124,1103.306992,783,0.3457558734,0.2453776246,0.21137724,0.2793780092
synthetic_20250706,synthetic,2025-07-06,adapted,784,0.245691006,10.12256769,1.913372252,3.660993375,1106.967985,784,0.3469031605,0.245691006,0.2116906214,0.2796913906
synthetic_20250706,synthetic,2025-07-06,adapted,785,0.2460043873,10.11721927,-0.2297445404,0.05278255385,1107.020768,785,0.3469197016,0.2460043873,0.2120040027,0.2800047719
synthetic_20250706,synthetic,2025-07-06,adapted,786,0.2463177687,10.11459856,-0.7299304956,0.5327985284,1107.553566,786,0.3470866707,0.2463177687,0.2123173841,0.2803181533
synthetic_20250706,synthetic,2025-07-06,adapted,787,0.2466311501,10.10083017,-0.2733648546,0.07472834371,1107.628295,787,0.3471100892,0.2466311501,0.2126307655,0.2806315347
synthetic_20250706,synthetic,2025-07-06,adapted,788,0.2469445315,10.09831291,0.7436934329,0.5530799222,1108.181375,788,0.3472834142,0.2469445315,0.2129441469,0.2809449161
synthetic_20250706,synthetic,2025-07-06,adapted,789,0.2472579129,10.09668596,0.8460680055,0.7158310699,1108.897206,789,0.3475077423,0.2472579129,0.2132575283,0.2812582975
synthetic_20250706,synthetic,2025-07-06,adapted,790,0.2475712943,10.09062888,0.9125723354,0.8327882674,1109.729994,790,0.3477687226,0.2475712943,0.2135709097,0.2815716789
synthetic_20250706,synthetic,2025-07-06,adapted,791,0.2478846757,10.08567596,-0.8798614075,0.7741560964,1110.50415,791,0.3480113287,0.2478846757,0.2138842911,0.2818850603
synthetic_20250706,synthetic,2025-07-06,adapted,792,0.248198057,10.07808407,-0.5490539937,0.301460288,1110.80561,792,0.3481058008,0.248198057,0.2141976724,0.2821984416
synthetic_20250706,synthetic,2025-07-06,adapted,793,0.2485114384,10.07569951,1.001067361,1.002135862,1111.807746,793,0.3484198515,0.2485114384,0.2145110538,0.282511823
synthetic_20250706,synthetic,2025-07-06,adapted,794,0.2488248198,10.07361259,0.2272771945,0.05165492316,1111.859401,794,0.3484360392,0.2488248198,0.2148244352,0.2828252044
synthetic_20250706,synthetic,2025-07-06,adapted,795,0.2491382012,10.05954129,1.258161072,1.582969283,1113.44237,795,0.3489321123,0.2491382012,0.2151378166,0.2831385858
synthetic_20250706,synthetic,2025-07-06,adapted,796,0.2494515826,10.05248832,0.273726106,0.07492598113,1113.517296,796,0.3489555927,0.2494515826,0.215451198,0.2834519672
synthetic_20250706,synthetic,2025-07-06,adapted,797,0.249764964,10.04796367,2.023804692,4.095785433,1117.613082,797,0.3502391356,0.249764964,0.2157645794,0.2837653486
synthetic_20250706,synthetic,2025-07-06,adapted,798,0.2500783453,10.04057419,0.1586395559,0.02516650871,1117.638248,798,0.3502470223,0.2500783453,0.2160779607,0.2840787299
synthetic_20250706,synthetic,2025-07-06,adapted,799,0.2503917267,10.03520618,1.09609028,1.201413902,1118.839662,799,0.3506235231,0.2503917267,0.2163913421,0.2843921113
synthetic_20250706,synthetic,2025-07-06,adapted,800,0.2507051081,10.02925027,-1.921043781,3.690409208,1122.530071,800,0.3517800287,0.2507051081,0.2167047235,0.2847054927
synthetic_20250706,synthetic,2025-07-06,adapted,801,0.2510184895,10.02390997,-1.098547265,1.206806094,1123.736878,801,0.3521582192,0.2510184895,0.2170181049,0.2850188741
synthetic_20250706,synthetic,2025-07-06,adapted,802,0.2513318709,10.01889392,-0.1895211139,0.0359182526,1123.772796,802,0.3521694753,0.2513318709,0.2173314863,0.2853322555
synthetic_20250706,synthetic,2025-07-06,adapted,803,0.2516452523,10.01693059,0.5144086602,0.2646162697,1124.037412,803,0.3522524011,0.2516452523,0.2176448677,0.2856456369
synthetic_20250706,synthetic,2025-07-06,adapted,804,0.2519586337,10.01610595,0.8722233057,0.760773495,1124.798186,804,0.3524908134,0.2519586337,0.2179582491,0.2859590183
synthetic_20250706,synthetic,2025-07-06,adapted,805,0.252272015,10.00884098,0.127861728,0.01634862149,1124.814534,805,0.3524959367,0.252272015,0.2182716304,0.2862723996
synthetic_20250706,synthetic,2025-07-06,adapted,806,0.2525853964,9.998353235,-0.5484166135,0.300760782,1125.115295,806,0.3525901896,0.2525853964,0.2185850118,0.286585781
synthetic_20250706,synthetic,2025-07-06,adapted,807,0.2528987778,9.993888095,0.1097793348,0.01205150235,1125.127346,807,0.3525939663,0.2528987778,0.2188983932,0.2868991624
synthetic_20250706,synthetic,2025-07-06,adapted,808,0.2532121592,9.992585071,-0.5156318393,0.2658761937,1125.393223,808,0.3526772869,0.2532121592,0.2192117746,0.2872125438
synthetic_20250706,synthetic,2025-07-06,adapted,809,0.2535255406,9.986804121,-0.8565110291,0.733611143,1126.126834,809,0.352907187,0.2535255406,0.219525156,0.2875259252
synthetic_20250706,synthetic,2025-07-06,adapted,810,0.253838922,9.980423717,-0.7904581367,0.6248240658,1126.751658,810,0.3531029953,0.253838922,0.2198385374,0.2878393066
synthetic_20250706,synthetic,2025-07-06,adapted,811,0.2541523034,9.977918183,0.07260617416,0.005271656526,1126.75693,811,0.3531046473,0.2541523034,0.2201519188,0.288152688
synthetic_20250706,synthetic,2025-07-06,adapted,812,0.2544656847,9.969947687,-0.1259979548,0.01587548461,1126.772805,812,0.3531096224,0.2544656847,0.2204653001,0.2884660693
synthetic_20250706,synthetic,2025-07-06,adapted,813,0.2547790661,9.960310064,-0.5624452686,0.3163446802,1127.08915,813,0.3532087589,0.2547790661,0.2207786815,0.2887794507
synthetic_20250706,synthetic,2025-07-06,adapted,814,0.2550924475,9.959535379,1.405574894,1.975640783,1129.06479,814,0.353827888,0.2550924475,0.2210920629,0.2890928321
synthetic_20250706,synthetic,2025-07-06,adapted,815,0.2554058289,9.952920904,1.211736879,1.468306265,1130.533097,815,0.3542880278,0.2554058289,0.2214054443,0.2894062135
synthetic_20250706,synthetic,2025-07-06,adapted,816,0.2557192103,9.951147065,-1.98087133,3.923851225,1134.456948,816,0.3555176897,0.2557192103,0.2217188257,0.2897195949
synthetic_20250706,synthetic,2025-07-06,adapted,817,0.2560325917,9.94516017,-0.773590965,0.5984429811,1135.055391,817,0.3557052306,0.2560325917,0.2220322071,0.2900329763
synthetic_20250706,synthetic,2025-07-06,adapted,818,0.256345973,9.942191309,0.779130859,0.6070448954,1135.662436,818,0.3558954672,0.256345973,0.2223455884,0.2903463576
synthetic_20250706,synthetic,2025-07-06,adapted,819,0.2566593544,9.935501636,-1.416360203,2.006076224,1137.668512,819,0.3565241341,0.2566593544,0.2226589698,0.290659739
synthetic_20250706,synthetic,2025-07-06,adapted,820,0.2569727358,9.930702296,-1.684447131,2.837362137,1140.505874,820,0.3574133106,0.2569727358,0.2229723512,0.2909731204
synthetic_20250706,synthetic,2025-07-06,adapted,821,0.2572861172,9.924359999,-2.032021564,4.129111636,1144.634986,821,0.3587072973,0.2572861172,0.2232857326,0.2912865018
synthetic_20250706,synthetic,2025-07-06,adapted,822,0.2575994986,9.921675212,-0.02277740614,0.0005188102306,1144.635505,822,0.3587074599,0.2575994986,0.223599114,0.2915998832
synthetic_20250706,synthetic,2025-07-06,adapted,823,0.25791288,9.908551194,0.7954909074,0.6328057837,1145.26831,823,0.3589057695,0.25791288,0.2239124954,0.2919132646
synthetic_20250706,synthetic,2025-07-06,adapted,824,0.2582262614,9.905212003,0.07630211001,0.005822011991,1145.274132,824,0.358907594,0.2582262614,0.2242258768,0.292226646
synthetic_20250706,synthetic,2025-07-06,adapted,825,0.2585396427,9.897078517,0.943191282,0.8896097944,1146.163742,825,0.3591863811,0.2585396427,0.2245392581,0.2925400273
synthetic_20250706,synthetic,2025-07-06,adapted,826,0.2588530241,9.892067629,0.1758846151,0.03093539783,1146.194678,826,0.3591960757,0.2588530241,0.2248526395,0.2928534087
synthetic_20250706,synthetic,2025-07-06,adapted,827,0.2591664055,9.885477314,1.297048939,1.682335951,1147.877014,827,0.3597232885,0.2591664055,0.2251660209,0.2931667901
synthetic_20250706,synthetic,2025-07-06,adapted,828,0.2594797869,9.883183738,0.2594685872,0.06732394773,1147.944338,828,0.3597443866,0.2594797869,0.2254794023,0.2934801715
synthetic_20250706,synthetic,2025-07-06,adapted,829,0.2597931683,9.879484482,1.190051257,1.416221994,1149.36056,829,0.3601882042,0.2597931683,0.2257927837,0.2937935529
synthetic_20250706,synthetic,2025-07-06,adapted,830,0.2601065497,9.877057612,1.1925913,1.422274009,1150.782834,830,0.3606339184,0.2601065497,0.2261061651,0.2941069343
synthetic_20250706,synthetic,2025-07-06,adapted,831,0.2604199311,9.873472503,0.2024011895,0.04096624151,1150.8238,831,0.3606467564,0.2604199311,0.2264195465,0.2944203157
synthetic_20250706,synthetic,2025-07-06,adapted,832,0.2607333124,9.868784632,1.060141345,1.12389967,1151.947699,832,0.3609989657,0.2607333124,0.2267329278,0.294733697
synthetic_20250706,synthetic,2025-07-06,adapted,833,0.2610466938,9.862123741,1.882872146,3.54520752,1155.492907,833,0.3621099677,0.2610466938,0.2270463092,0.2950470784
synthetic_20250706,synthetic,2025-07-06,adapted,834,0.2613600752,9.857964787,0.5791081196,0.3353662142,1155.828273,834,0.3622150652,0.2613600752,0.2273596906,0.2953604598
synthetic_20250706,synthetic,2025-07-06,adapted,835,0.2616734566,9.851984835,-0.4261307802,0.1815874418,1156.009861,835,0.3622719714,0.2616734566,0.227673072,0.2956738412
synthetic_20250706,synthetic,2025-07-06,adapted,836,0.261986838,9.845470831,-0.477575287,0.2280781547,1156.237939,836,0.3623434468,0.261986838,0.2279864534,0.2959872226
synthetic_20250706,synthetic,2025-07-06,adapted,837,0.2623002194,9.842331581,0.06178556693,0.00381745628,1156.241756,837,0.3623446431,0.2623002194,0.2282998348,0.296300604
synthetic_20250706,synthetic,2025-07-06,adapted,838,0.2626136008,9.838979448,0.2607710748,0.06800155345,1156.309758,838,0.3623659535,0.2626136008,0.2286132162,0.2966139854
synthetic_20250706,synthetic,2025-07-06,adapted,839,0.2629269821,9.832550422,0.9480123232,0.8987273649,1157.208485,839,0.362647598,0.2629269821,0.2289265975,0.2969273667
synthetic_20250706,synthetic,2025-07-06,adapted,840,0.2632403635,9.827875497,1.276796543,1.630209412,1158.838695,840,0.3631584753,0.2632403635,0.2292399789,0.2972407481
synthetic_20250706,synthetic,2025-07-06,adapted,841,0.2635537449,9.809130576,1.059992651,1.12358442,1159.962279,841,0.3635105857,0.2635537449,0.2295533603,0.2975541295
synthetic_20250706,synthetic,2025-07-06,adapted,842,0.2638671263,9.804710971,-0.1260947203,0.01589987848,1159.978179,842,0.3635155684,0.2638671263,0.2298667417,0.2978675109
synthetic_20250706,synthetic,2025-07-06,adapted,843,0.2641805077,9.800468759,-1.441315473,2.077390291,1162.055569,843,0.3641665839,0.2641805077,0.2301801231,0.2981808923
synthetic_20250706,synthetic,2025-07-06,adapted,844,0.2644938891,9.797548008,0.1079649481,0.01165643002,1162.067226,844,0.3641702368,0.2644938891,0.2304935045,0.2984942737
synthetic_20250706,synthetic,2025-07-06,adapted,845,0.2648072704,9.791434619,-0.3953508071,0.1563022607,1162.223528,845,0.364219219,0.2648072704,0.2308068858,0.298807655
synthetic_20250706,synthetic,2025-07-06,adapted,846,0.2651206518,9.784295403,-0.8495027841,0.7216549802,1162.945183,846,0.3644453722,0.2651206518,0.2311202672,0.2991210364
synthetic_20250706,synthetic,2025-07-06,adapted,847,0.2654340332,9.78150579,-0.1042281607,0.01086350948,1162.956046,847,0.3644487767,0.2654340332,0.2314336486,0.2994344178
synthetic_20250706,synthetic,2025-07-06,adapted,848,0.2657474146,9.775983774,1.711542081,2.929376295,1165.885423,848,0.3653667887,0.2657474146,0.23174703,0.2997477992
synthetic_20250706,synthetic,2025-07-06,adapted,849,0.266060796,9.772925739,1.886604445,3.559276332,1169.444699,849,0.3664821996,0.266060796,0.2320604114,0.3000611806
synthetic_20250706,synthetic,2025-07-06,adapted,850,0.2663741774,9.767511418,0.3635603897,0.132176157,1169.576875,850,0.3665236212,0.2663741774,0.2323737928,0.300374562
synthetic_20250706,synthetic,2025-07-06,adapted,851,0.2666875588,9.764550683,0.984204026,0.9686575648,1170.545533,851,0.3668271804,0.2666875588,0.2326871742,0.3006879434
synthetic_20250706,synthetic,2025-07-06,adapted,852,0.2670009401,9.759748893,0.05364263034,0.00287753179,1170.54841,852,0.3668280822,0.2670009401,0.2330005555,0.3010013247
synthetic_20250706,synthetic,2025-07-06,adapted,853,0.2673143215,9.748733403,-0.1038210364,0.01077880759,1170.559189,853,0.36683146,0.2673143215,0.2333139369,0.3013147061
synthetic_20250706,synthetic,2025-07-06,adapted,854,0.2676277029,9.746071351,1.005089572,1.010205047,1171.569394,854,0.3671480395,0.2676277029,0.2336273183,0.3016280875
synthetic_20250706,synthetic,2025-07-06,adapted,855,0.2679410843,9.740145319,0.6643933758,0.4414185578,1172.010813,855,0.3672863719,0.2679410843,0.2339406997,0.3019414689
synthetic_20250706,synthetic,2025-07-06,adapted,856,0.2682544657,9.737118179,-1.129176878,1.275040421,1173.285853,856,0.3676859458,0.2682544657,0.2342540811,0.3022548503
synthetic_20250706,synthetic,2025-07-06,adapted,857,0.2685678471,9.728290126,-0.04384009749,0.001921954148,1173.287775,857,0.3676865481,0.2685678471,0.2345674625,0.3025682317
synthetic_20250706,synthetic,2025-07-06,adapted,858,0.2688812285,9.72386665,-2.053057397,4.215044675,1177.50282,858,0.3690074646,0.2688812285,0.2348808439,0.3028816131
synthetic_20250706,synthetic,2025-07-06,adapted,859,0.2691946098,9.720417284,-1.298834539,1.686971161,1179.189791,859,0.36953613,0.2691946098,0.2351942252,0.3031949944
synthetic_20250706,synthetic,2025-07-06,adapted,860,0.2695079912,9.712756444,-0.7269328816,0.5284314144,1179.718222,860,0.3697017306,0.2695079912,0.2355076066,0.3035083758
synthetic_20250706,synthetic,2025-07-06,adapted,861,0.2698213726,9.70858154,0.3879209081,0.1504826309,1179.868705,861,0.369748889,0.2698213726,0.235820988,0.3038217572
synthetic_20250706,synthetic,2025-07-06,adapted,862,0.270134754,9.704963683,1.68097626,2.825681185,1182.694386,862,0.3706344049,0.270134754,0.2361343694,0.3041351386
synthetic_20250706,synthetic,2025-07-06,adapted,863,0.2704481354,9.699229061,0.9973730009,0.994752903,1183.689139,863,0.3709461419,0.2704481354,0.2364477508,0.30444852
synthetic_20250706,synthetic,2025-07-06,adapted,864,0.2707615168,9.691387868,-0.05586854233,0.003121294022,1183.69226,864,0.3709471201,0.2707615168,0.2367611322,0.3047619014
synthetic_20250706,synthetic,2025-07-06,adapted,865,0.2710748982,9.689441025,-1.190361777,1.416961161,1185.109221,865,0.3713911694,0.2710748982,0.2370745136,0.3050752828
synthetic_20250706,synthetic,2025-07-06,adapted,866,0.2713882795,9.682196253,0.2319327434,0.05379279747,1185.163014,866,0.371408027,0.2713882795,0.2373878949,0.3053886641
synthetic_20250706,synthetic,2025-07-06,adapted,867,0.2717016609,9.67528566,-1.068227578,1.141110158,1186.304124,867,0.3717656297,0.2717016609,0.2377012763,0.3057020455
synthetic_20250706,synthetic,2025-07-06,adapted,868,0.2720150423,9.668554433,-0.0034868536,1.215814803e-05,1186.304137,868,0.3717656335,0.2720150423,0.2380146577,0.3060154269
synthetic_20250706,synthetic,2025-07-06,adapted,869,0.2723284237,9.661788739,-1.544997468,2.387017175,1188.691154,869,0.3725136803,0.2723284237,0.2383280391,0.3063288083
synthetic_20250706,synthetic,2025-07-06,adapted,870,0.2726418051,9.658932799,-1.222549102,1.494626308,1190.18578,870,0.3729820683,0.2726418051,0.2386414205,0.3066421897
synthetic_20250706,synthetic,2025-07-06,adapted,871,0.2729551865,9.65487017,-2.043012089,4.173898394,1194.359678,871,0.3742900904,0.2729551865,0.2389548019,0.3069555711
synthetic_20250706,synthetic,2025-07-06,adapted,872,0.2732685678,9.652630123,-0.8585275183,0.7370694997,1195.096748,872,0.3745210742,0.2732685678,0.2392681832,0.3072689524
synthetic_20250706,synthetic,2025-07-06,adapted,873,0.2735819492,9.645259464,-0.3514560876,0.1235213815,1195.220269,873,0.3745597835,0.2735819492,0.2395815646,0.3075823338
synthetic_20250706,synthetic,2025-07-06,adapted,874,0.2738953306,9.640387585,0.7866171732,0.6187665771,1195.839036,874,0.3747536935,0.2738953306,0.239894946,0.3078957152
synthetic_20250706,synthetic,2025-07-06,adapted,875,0.274208712,9.634171997,-0.877581497,0.7701492839,1196.609185,875,0.3749950439,0.274208712,0.2402083274,0.3082090966
synthetic_20250706,synthetic,2025-07-06,adapted,876,0.2745220934,9.630529183,0.09420801043,0.00887514923,1196.61806,876,0.3749978252,0.2745220934,0.2405217088,0.308522478
synthetic_20250706,synthetic,2025-07-06,adapted,877,0.2748354748,9.623247495,0.2681569121,0.07190812949,1196.689968,877,0.3750203599,0.2748354748,0.2408350902,0.3088358594
synthetic_20250706,synthetic,2025-07-06,adapted,878,0.2751488562,9.621681876,2.307879346,5.326307076,1202.016275,878,0.3766895254,0.2751488562,0.2411484716,0.3091492408
synthetic_20250706,synthetic,2025-07-06,adapted,879,0.2754622375,9.615431153,-0.8643128515,0.7470367052,1202.763312,879,0.3769236328,0.2754622375,0.2414618529,0.3094626221
synthetic_20250706,synthetic,2025-07-06,adapted,880,0.2757756189,9.611822606,-0.213562557,0.04560896576,1202.808921,880,0.3769379258,0.2757756189,0.2417752343,0.3097760035
synthetic_20250706,synthetic,2025-07-06,adapted,881,0.2760890003,9.604913276,-0.3309812031,0.1095485568,1202.91847,881,0.3769722563,0.2760890003,0.2420886157,0.3100893849
synthetic_20250706,synthetic,2025-07-06,adapted,882,0.2764023817,9.599526964,-0.8491659465,0.7210828047,1203.639553,882,0.3771982302,0.2764023817,0.2424019971,0.3104027663
synthetic_20250706,synthetic,2025-07-06,adapted,883,0.2767157631,9.591777889,-0.1410666433,0.01989979785,1203.659452,883,0.3772044664,0.2767157631,0.2427153785,0.3107161477
synthetic_20250706,synthetic,2025-07-06,adapted,884,0.2770291445,9.587458644,0.7730613423,0.597623839,1204.257076,884,0.3773917506,0.2770291445,0.2430287599,0.3110295291
synthetic_20250706,synthetic,2025-07-06,adapted,885,0.2773425259,9.586087053,-1.814242432,3.291475603,1207.548552,885,0.3784232378,0.2773425259,0.2433421413,0.3113429105
synthetic_20250706,synthetic,2025-07-06,adapted,886,0.2776559072,9.581919958,1.720149899,2.958915676,1210.507467,886,0.3793505069,0.2776559072,0.2436555226,0.3116562918
synthetic_20250706,synthetic,2025-07-06,adapted,887,0.2779692886,9.579837273,-0.004676585476,2.187045171e-05,1210.507489,887,0.3793505137,0.2779692886,0.243968904,0.3119696732
synthetic_20250706,synthetic,2025-07-06,adapted,888,0.27828267,9.577429596,1.680203921,2.823085215,1213.330575,888,0.3802352161,0.27828267,0.2442822854,0.3122830546
synthetic_20250706,synthetic,2025-07-06,adapted,889,0.2785960514,9.573803069,-0.8991288947,0.8084327692,1214.139007,889,0.3804885639,0.2785960514,0.2445956668,0.312596436
synthetic_20250706,synthetic,2025-07-06,adapted,890,0.2789094328,9.566430251,0.03720335885,0.00138408991,1214.140391,890,0.3804889976,0.2789094328,0.2449090482,0.3129098174
synthetic_20250706,synthetic,2025-07-06,adapted,891,0.2792228142,9.563788415,-0.4513049111,0.2036761228,1214.344068,891,0.3805528259,0.2792228142,0.2452224296,0.3132231988
synthetic_20250706,synthetic,2025-07-06,adapted,892,0.2795361955,9.558523915,0.6229128377,0.3880204034,1214.732088,892,0.3806744243,0.2795361955,0.2455358109,0.3135365802
synthetic_20250706,synthetic,2025-07-06,adapted,893,0.2798495769,9.55489896,-1.048352881,1.099043763,1215.831132,893,0.3810188441,0.2798495769,0.2458491923,0.3138499615
synthetic_20250706,synthetic,2025-07-06,adapted,894,0.2801629583,9.548307986,0.4871316135,0.2372972089,1216.068429,894,0.3810932087,0.2801629583,0.2461625737,0.3141633429
synthetic_20250706,synthetic,2025-07-06,adapted,895,0.2804763397,9.537897071,0.2651463871,0.07030260659,1216.138731,895,0.3811152402,0.2804763397,0.2464759551,0.3144767243
synthetic_20250706,synthetic,2025-07-06,adapted,896,0.2807897211,9.534888427,-0.06584384649,0.004335412121,1216.143067,896,0.3811165988,0.2807897211,0.2467893365,0.3147901057
synthetic_20250706,synthetic,2025-07-06,adapted,897,0.2811031025,9.531535191,-0.9984823874,0.9969670779,1217.140034,897,0.3814290298,0.2811031025,0.2471027179,0.3151034871
synthetic_20250706,synthetic,2025-07-06,adapted,898,0.2814164839,9.524411279,0.2378789268,0.05658638381,1217.19662,898,0.3814467629,0.2814164839,0.2474160993,0.3154168685
synthetic_20250706,synthetic,2025-07-06,adapted,899,0.2817298652,9.522039276,0.8945232035,0.8001717615,1217.996792,899,0.3816975218,0.2817298652,0.2477294806,0.3157302498
synthetic_20250706,synthetic,2025-07-06,adapted,900,0.2820432466,9.51861479,0.6705863171,0.4496860087,1218.446478,900,0.381838445,0.2820432466,0.248042862,0.3160436312
synthetic_20250706,synthetic,2025-07-06,adapted,901,0.282356628,9.511734155,-0.2253736832,0.05079329709,1218.497271,901,0.3818543627,0.282356628,0.2483562434,0.3163570126
synthetic_20250706,synthetic,2025-07-06,adapted,902,0.2826700094,9.5087657,-0.9688224818,0.9386170012,1219.435888,902,0.3821485078,0.2826700094,0.2486696248,0.316670394
synthetic_20250706,synthetic,2025-07-06,adapted,903,0.2829833908,9.502199528,-0.32996117,0.1088743737,1219.544763,903,0.382182627,0.2829833908,0.2489830062,0.3169837754
synthetic_20250706,synthetic,2025-07-06,adapted,904,0.2832967722,9.498958363,-0.1528148354,0.02335237392,1219.568115,904,0.3821899452,0.2832967722,0.2492963876,0.3172971568
synthetic_20250706,synthetic,2025-07-06,adapted,905,0.2836101536,9.492917915,-1.687655448,2.84818091,1222.416296,905,0.3830825121,0.2836101536,0.249609769,0.3176105382
synthetic_20250706,synthetic,2025-07-06,adapted,906,0.2839235349,9.487017419,0.2745749821,0.07539142081,1222.491688,906,0.3831061384,0.2839235349,0.2499231503,0.3179239195
synthetic_20250706,synthetic,2025-07-06,adapted,907,0.2842369163,9.480092171,0.9052652574,0.8195051863,1223.311193,907,0.383362956,0.2842369163,0.2502365317,0.3182373009
synthetic_20250706,synthetic,2025-07-06,adapted,908,0.2845502977,9.476717209,0.6276491264,0.3939434259,1223.705136,908,0.3834864106,0.2845502977,0.2505499131,0.3185506823
synthetic_20250706,synthetic,2025-07-06,adapted,909,0.2848636791,9.472834058,-1.375848273,1.892958469,1225.598095,909,0.3840796285,0.2848636791,0.2508632945,0.3188640637
synthetic_20250706,synthetic,2025-07-06,adapted,910,0.2851770605,9.469779848,-1.46243049,2.138702937,1227.736798,910,0.3847498582,0.2851770605,0.2511766759,0.3191774451
synthetic_20250706,synthetic,2025-07-06,adapted,911,0.2854904419,9.467830772,-0.1256201928,0.01578043283,1227.752578,911,0.3847548035,0.2854904419,0.2514900573,0.3194908265
synthetic_20250706,synthetic,2025-07-06,adapted,912,0.2858038233,9.463865468,0.1412126872,0.01994102303,1227.772519,912,0.3847610526,0.2858038233,0.2518034387,0.3198042079
synthetic_20250706,synthetic,2025-07-06,adapted,913,0.2861172046,9.462200294,0.547156287,0.2993800024,1228.071899,913,0.3848548728,0.2861172046,0.25211682,0.3201175892
synthetic_20250706,synthetic,2025-07-06,adapted,914,0.286430586,9.4600039,-0.8346321426,0.6966108135,1228.76851,914,0.3850731776,0.286430586,0.2524302014,0.3204309706
synthetic_20250706,synthetic,2025-07-06,adapted,915,0.2867439674,9.456586163,-0.07148960947,0.005110764263,1228.773621,915,0.3850747792,0.2867439674,0.2527435828,0.320744352
synthetic_20250706,synthetic,2025-07-06,adapted,916,0.2870573488,9.451420883,1.252676957,1.569199558,1230.34282,916,0.3855665372,0.2870573488,0.2530569642,0.3210577334
synthetic_20250706,synthetic,2025-07-06,adapted,917,0.2873707302,9.448326883,0.7867909875,0.619040058,1230.96186,917,0.3857605328,0.2873707302,0.2533703456,0.3213711148
synthetic_20250706,synthetic,2025-07-06,adapted,918,0.2876841116,9.444645896,-0.2076643482,0.04312448153,1231.004985,918,0.3857740472,0.2876841116,0.253683727,0.3216844962
synthetic_20250706,synthetic,2025-07-06,adapted,919,0.2879974929,9.438179225,-0.9882687248,0.9766750724,1231.98166,919,0.386080119,0.2879974929,0.2539971083,0.3219978775
synthetic_20250706,synthetic,2025-07-06,adapted,920,0.2883108743,9.435209817,-0.1721667477,0.02964138903,1232.011301,920,0.3860894081,0.2883108743,0.2543104897,0.3223112589
synthetic_20250706,synthetic,2025-07-06,adapted,921,0.2886242557,9.42474211,-0.8872456846,0.7872049048,1232.798506,921,0.3863361034,0.2886242557,0.2546238711,0.3226246403
synthetic_20250706,synthetic,2025-07-06,adapted,922,0.2889376371,9.41874124,-0.3887847735,0.1511536001,1232.94966,922,0.3863834721,0.2889376371,0.2549372525,0.3229380217
synthetic_20250706,synthetic,2025-07-06,adapted,923,0.2892510185,9.416489154,0.1722936702,0.02968510879,1232.979345,923,0.3863927749,0.2892510185,0.2552506339,0.3232514031
synthetic_20250706,synthetic,2025-07-06,adapted,924,0.2895643999,9.414616562,-0.03605322568,0.001299835082,1232.980645,924,0.3863931823,0.2895643999,0.2555640153,0.3235647845
synthetic_20250706,synthetic,2025-07-06,adapted,925,0.2898777813,9.40929398,-1.329079888,1.766453349,1234.747098,925,0.3869467559,0.2898777813,0.2558773967,0.3238781659
synthetic_20250706,synthetic,2025-07-06,adapted,926,0.2901911626,9.399592827,0.6105554394,0.3727779445,1235.119876,926,0.3870635775,0.2901911626,0.256190778,0.3241915472
synthetic_20250706,synthetic,2025-07-06,adapted,927,0.290504544,9.396590903,-0.6892589273,0.4750778689,1235.594954,927,0.3872124581,0.290504544,0.2565041594,0.3245049286
synthetic_20250706,synthetic,2025-07-06,adapted,928,0.2908179254,9.390133389,-0.331973163,0.1102061809,1235.70516,928,0.3872469946,0.2908179254,0.2568175408,0.32481831
synthetic_20250706,synthetic,2025-07-06,adapted,929,0.2911313068,9.386207567,0.4555745483,0.207548169,1235.912708,929,0.3873120364,0.2911313068,0.2571309222,0.3251316914
synthetic_20250706,synthetic,2025-07-06,adapted,930,0.2914446882,9.383750434,1.896324615,3.596047044,1239.508755,930,0.3884389706,0.2914446882,0.2574443036,0.3254450728
synthetic_20250706,synthetic,2025-07-06,adapted,931,0.2917580696,9.380674422,2.43277125,5.918375954,1245.427131,931,0.3902936794,0.2917580696,0.257757685,0.3257584542
synthetic_20250706,synthetic,2025-07-06,adapted,932,0.292071451,9.373248294,-0.5998379615,0.35980558,1245.786937,932,0.3904064358,0.292071451,0.2580710664,0.3260718356
synthetic_20250706,synthetic,2025-07-06,adapted,933,0.2923848323,9.368944107,0.6289879806,0.3956258797,1246.182563,933,0.3905304176,0.2923848323,0.2583844477,0.3263852169
synthetic_20250706,synthetic,2025-07-06,adapted,934,0.2926982137,9.365911567,0.2653897059,0.070431696,1246.252994,934,0.3905524896,0.2926982137,0.2586978291,0.3266985983
synthetic_20250706,synthetic,2025-07-06,adapted,935,0.2930115951,9.357831974,-0.08387315955,0.007034706892,1246.260029,935,0.3905546941,0.2930115951,0.2590112105,0.3270119797
synthetic_20250706,synthetic,2025-07-06,adapted,936,0.2933249765,9.348697961,-0.7039463285,0.4955404334,1246.755569,936,0.3907099873,0.2933249765,0.2593245919,0.3273253611
synthetic_20250706,synthetic,2025-07-06,adapted,937,0.2936383579,9.346791458,-1.214779788,1.475689932,1248.231259,937,0.391172441,0.2936383579,0.2596379733,0.3276387425
synthetic_20250706,synthetic,2025-07-06,adapted,938,0.2939517393,9.334446161,-0.6178141119,0.3816942769,1248.612954,938,0.3912920569,0.2939517393,0.2599513547,0.3279521239
synthetic_20250706,synthetic,2025-07-06,adapted,939,0.2942651207,9.332547127,-0.05573123761,0.003105970846,1248.61606,939,0.3912930303,0.2942651207,0.2602647361,0.3282655053
synthetic_20250706,synthetic,2025-07-06,adapted,940,0.294578502,9.330370204,-0.540642734,0.2922945659,1248.908354,940,0.3913846299,0.294578502,0.2605781174,0.3285788866
synthetic_20250706,synthetic,2025-07-06,adapted,941,0.2948918834,9.323323831,-0.1536401551,0.02360529726,1248.931959,941,0.3913920274,0.2948918834,0.2608914988,0.328892268
synthetic_20250706,synthetic,2025-07-06,adapted,942,0.2952052648,9.31699507,-0.4129590803,0.170535202,1249.102495,942,0.39144547,0.2952052648,0.2612048802,0.3292056494
synthetic_20250706,synthetic,2025-07-06,adapted,943,0.2955186462,9.316662356,-1.019908623,1.0402136,1250.142708,943,0.3917714535,0.2955186462,0.2615182616,0.3295190308
synthetic_20250706,synthetic,2025-07-06,adapted,944,0.2958320276,9.313331021,-1.249074047,1.560185976,1251.702894,944,0.3922603868,0.2958320276,0.261831643,0.3298324122
synthetic_20250706,synthetic,2025-07-06,adapted,945,0.296145409,9.307511348,-0.8849532973,0.7831423384,1252.486037,945,0.392505809,0.296145409,0.2621450244,0.3301457936
synthetic_20250706,synthetic,2025-07-06,adapted,946,0.2964587903,9.29892283,-1.625721686,2.642971002,1255.129008,946,0.3933340669,0.2964587903,0.2624584057,0.3304591749
synthetic_20250706,synthetic,2025-07-06,adapted,947,0.2967721717,9.298028632,-0.7653616424,0.5857784436,1255.714786,947,0.393517639,0.2967721717,0.2627717871,0.3307725563
synthetic_20250706,synthetic,2025-07-06,adapted,948,0.2970855531,9.294533883,0.09761294785,0.009528287588,1255.724314,948,0.393520625,0.2970855531,0.2630851685,0.3310859377
synthetic_20250706,synthetic,2025-07-06,adapted,949,0.2973989345,9.293016278,-0.04985396495,0.002485417821,1255.7268,949,0.3935214039,0.2973989345,0.2633985499,0.3313993191
synthetic_20250706,synthetic,2025-07-06,adapted,950,0.2977123159,9.289582977,0.6174426653,0.381235445,1256.108035,950,0.3936408759,0.2977123159,0.2637119313,0.3317127005
synthetic_20250706,synthetic,2025-07-06,adapted,951,0.2980256973,9.287234117,0.6039086056,0.364705604,1256.472741,951,0.3937551679,0.2980256973,0.2640253127,0.3320260819
synthetic_20250706,synthetic,2025-07-06,adapted,952,0.2983390787,9.278435766,1.165550327,1.358507565,1257.831248,952,0.3941808989,0.2983390787,0.2643386941,0.3323394633
synthetic_20250706,synthetic,2025-07-06,adapted,953,0.29865246,9.268552052,-0.681555246,0.4645175534,1258.295766,953,0.39432647,0.29865246,0.2646520754,0.3326528446
synthetic_20250706,synthetic,2025-07-06,adapted,954,0.2989658414,9.264956476,0.4470231164,0.1998296666,1258.495596,954,0.3943890929,0.2989658414,0.2649654568,0.332966226
synthetic_20250706,synthetic,2025-07-06,adapted,955,0.2992792228,9.260677217,0.09549795144,0.009119858729,1258.504715,955,0.3943919509,0.2992792228,0.2652788382,0.3332796074
synthetic_20250706,synthetic,2025-07-06,adapted,956,0.2995926042,9.260018576,-1.043292719,1.088459698,1259.593175,956,0.3947330539,0.2995926042,0.2655922196,0.3335929888
synthetic_20250706,synthetic,2025-07-06,adapted,957,0.2999059856,9.245893055,0.4957098185,0.2457282242,1259.838903,957,0.3948100606,0.2999059856,0.265905601,0.3339063702
synthetic_20250706,synthetic,2025-07-06,adapted,958,0.300219367,9.243543928,0.09762465533,0.009530573328,1259.848434,958,0.3948130473,0.300219367,0.2662189824,0.3342197516
synthetic_20250706,synthetic,2025-07-06,adapted,959,0.3005327484,9.24022964,-0.6380837906,0.4071509238,1260.255585,959,0.3949406408,0.3005327484,0.2665323638,0.334533133
synthetic_20250706,synthetic,2025-07-06,adapted,960,0.3008461297,9.237762919,-2.305956789,5.317436713,1265.573022,960,0.3966070265,0.3008461297,0.2668457451,0.3348465143
synthetic_20250706,synthetic,2025-07-06,adapted,961,0.3011595111,9.232606414,0.04898566342,0.002399595221,1265.575421,961,0.3966077785,0.3011595111,0.2671591265,0.3351598957
synthetic_20250706,synthetic,2025-07-06,adapted,962,0.3014728925,9.232094368,0.3333642686,0.1111317356,1265.686553,962,0.3966426051,0.3014728925,0.2674725079,0.3354732771
synthetic_20250706,synthetic,2025-07-06,adapted,963,0.3017862739,9.228625638,0.4602406947,0.2118214971,1265.898374,963,0.396708986,0.3017862739,0.2677858893,0.3357866585
synthetic_20250706,synthetic,2025-07-06,adapted,964,0.3020996553,9.221415137,0.6456915156,0.4169175334,1266.315292,964,0.3968396402,0.3020996553,0.2680992707,0.3361000399
synthetic_20250706,synthetic,2025-07-06,adapted,965,0.3024130367,9.220287697,1.071888149,1.148944203,1267.464236,965,0.3971996979,0.3024130367,0.2684126521,0.3364134213
synthetic_20250706,synthetic,2025-07-06,adapted,966,0.3027264181,9.216231258,0.9295379831,0.864040862,1268.328277,966,0.3974704722,0.3027264181,0.2687260335,0.3367268027
synthetic_20250706,synthetic,2025-07-06,adapted,967,0.3030397994,9.209534863,0.5929409614,0.3515789837,1268.679856,967,0.3975806506,0.3030397994,0.2690394148,0.337040184
synthetic_20250706,synthetic,2025-07-06,adapted,968,0.3033531808,9.20896434,-1.73935716,3.025363331,1271.705219,968,0.3985287431,0.3033531808,0.2693527962,0.3373535654
synthetic_20250706,synthetic,2025-07-06,adapted,969,0.3036665622,9.203717143,1.700745823,2.892536353,1274.597756,969,0.3994352102,0.3036665622,0.2696661776,0.3376669468
synthetic_20250706,synthetic,2025-07-06,adapted,970,0.3039799436,9.202631771,-0.3593780566,0.1291525875,1274.726908,970,0.3994756842,0.3039799436,0.269979559,0.3379803282
synthetic_20250706,synthetic,2025-07-06,adapted,971,0.304293325,9.199931561,0.8374957194,0.7013990801,1275.428307,971,0.3996954896,0.304293325,0.2702929404,0.3382937096
synthetic_20250706,synthetic,2025-07-06,adapted,972,0.3046067064,9.199008544,-0.7378616206,0.5444397711,1275.972747,972,0.3998661069,0.3046067064,0.2706063218,0.338607091
synthetic_20250706,synthetic,2025-07-06,adapted,973,0.3049200877,9.188109703,0.09694316259,0.009397976773,1275.982145,973,0.399869052,0.3049200877,0.2709197031,0.3389204723
synthetic_20250706,synthetic,2025-07-06,adapted,974,0.3052334691,9.180823844,-0.3821435281,0.146033676,1276.128179,974,0.3999148163,0.3052334691,0.2712330845,0.3392338537
synthetic_20250706,synthetic,2025-07-06,adapted,975,0.3055468505,9.179679187,0.520795693,0.2712281539,1276.399407,975,0.3999998141,0.3055468505,0.2715464659,0.3395472351
synthetic_20250706,synthetic,2025-07-06,adapted,976,0.3058602319,9.171592414,1.641974591,2.696080556,1279.095487,976,0.4008447156,0.3058602319,0.2718598473,0.3398606165
synthetic_20250706,synthetic,2025-07-06,adapted,977,0.3061736133,9.165687656,0.04278209714,0.001830307835,1279.097318,977,0.4008452892,0.3061736133,0.2721732287,0.3401739979
synthetic_20250706,synthetic,2025-07-06,adapted,978,0.3064869947,9.163263975,-0.5201816133,0.2705889108,1279.367907,978,0.4009300867,0.3064869947,0.2724866101,0.3404873793
synthetic_20250706,synthetic,2025-07-06,adapted,979,0.3068003761,9.157344141,0.4496349343,0.2021715742,1279.570078,979,0.4009934435,0.3068003761,0.2727999915,0.3408007607
synthetic_20250706,synthetic,2025-07-06,adapted,980,0.3071137574,9.15611076,0.1337404964,0.01788652037,1279.587965,980,0.4009990488,0.3071137574,0.2731133728,0.341114142
synthetic_20250706,synthetic,2025-07-06,adapted,981,0.3074271388,9.154132294,-1.053081851,1.108981386,1280.696946,981,0.4013465829,0.3074271388,0.2734267542,0.3414275234
synthetic_20250706,synthetic,2025-07-06,adapted,982,0.3077405202,9.152025012,0.4529262061,0.2051421481,1280.902088,982,0.4014108707,0.3077405202,0.2737401356,0.3417409048
synthetic_20250706,synthetic,2025-07-06,adapted,983,0.3080539016,9.149072029,0.4283758182,0.1835058416,1281.085594,983,0.401468378,0.3080539016,0.274053517,0.3420542862
synthetic_20250706,synthetic,2025-07-06,adapted,984,0.308367283,9.147577518,0.05656297991,0.003199370696,1281.088793,984,0.4014693806,0.308367283,0.2743668984,0.3423676676
synthetic_20250706,synthetic,2025-07-06,adapted,985,0.3086806644,9.139740699,-1.196770802,1.432260352,1282.521054,985,0.4019182243,0.3086806644,0.2746802798,0.342681049
synthetic_20250706,synthetic,2025-07-06,adapted,986,0.3089940458,9.139345285,-0.682866587,0.4663067757,1282.987361,986,0.4020643562,0.3089940458,0.2749936612,0.3429944304
synthetic_20250706,synthetic,2025-07-06,adapted,987,0.3093074271,9.134497648,0.3633686768,0.1320367953,1283.119397,987,0.4021057341,0.3093074271,0.2753070425,0.3433078117
synthetic_20250706,synthetic,2025-07-06,adapted,988,0.3096208085,9.127741616,-0.1471521556,0.02165375689,1283.141051,988,0.4021125199,0.3096208085,0.2756204239,0.3436211931
synthetic_20250706,synthetic,2025-07-06,adapted,989,0.3099341899,9.126399179,1.54525949,2.387826891,1285.528878,989,0.4028608204,0.3099341899,0.2759338053,0.3439345745
synthetic_20250706,synthetic,2025-07-06,adapted,990,0.3102475713,9.122217713,-0.5122201411,0.262369473,1285.791248,990,0.4029430422,0.3102475713,0.2762471867,0.3442479559
synthetic_20250706,synthetic,2025-07-06,adapted,991,0.3105609527,9.119947685,-1.332746755,1.776213913,1287.567461,991,0.4034996745,0.3105609527,0.2765605681,0.3445613373
synthetic_20250706,synthetic,2025-07-06,adapted,992,0.3108743341,9.118677133,1.145362182,1.311854527,1288.879316,992,0.4039107853,0.3108743341,0.2768739495,0.3448747187
synthetic_20250706,synthetic,2025-07-06,adapted,993,0.3111877154,9.112247088,0.3520776063,0.1239586408,1289.003275,993,0.4039496316,0.3111877154,0.2771873308,0.3451881
synthetic_20250706,synthetic,2025-07-06,adapted,994,0.3115010968,9.110134477,0.05765068025,0.003323600933,1289.006598,994,0.4039506732,0.3115010968,0.2775007122,0.3455014814
synthetic_20250706,synthetic,2025-07-06,adapted,995,0.3118144782,9.105069601,0.1097914644,0.01205416566,1289.018652,995,0.4039544508,0.3118144782,0.2778140936,0.3458148628
synthetic_20250706,synthetic,2025-07-06,adapted,996,0.3121278596,9.101625083,-0.5576084934,0.3109272319,1289.32958,996,0.4040518896,0.3121278596,0.278127475,0.3461282442
synthetic_20250706,synthetic,2025-07-06,adapted,997,0.312441241,9.096482366,-0.2011529248,0.04046249915,1289.370042,997,0.4040645698,0.312441241,0.2784408564,0.3464416256
synthetic_20250706,synthetic,2025-07-06,adapted,998,0.3127546224,9.089396516,0.4915996384,0.2416702045,1289.611712,998,0.4041403047,0.3127546224,0.2787542378,0.346755007
synthetic_20250706,synthetic,2025-07-06,adapted,999,0.3130680038,9.085412762,0.6446082673,0.4155198183,1290.027232,999,0.4042705209,0.3130680038,0.2790676192,0.3470683884
synthetic_20250706,synthetic,2025-07-06,adapted,1000,0.3133813851,9.081769838,-0.5176604326,0.2679723235,1290.295204,1000,0.4043544984,0.3133813851,0.2793810005,0.3473817697
synthetic_20250706,synthetic,2025-07-06,adapted,1001,0.3136947665,9.078235801,0.3474181998,0.1206994056,1290.415904,1001,0.4043923234,0.3136947665,0.2796943819,0.3476951511
synthetic_20250706,synthetic,2025-07-06,adapted,1002,0.3140081479,9.071249564,0.993050889,0.9861500681,1291.402054,1002,0.4047013644,0.3140081479,0.2800077633,0.3480085325
synthetic_20250706,synthetic,2025-07-06,adapted,1003,0.3143215293,9.070651417,0.1313071034,0.01724155539,1291.419295,1003,0.4047067676,0.3143215293,0.2803211447,0.3483219139
synthetic_20250706,synthetic,2025-07-06,adapted,1004,0.3146349107,9.061533584,0.7592930711,0.5765259678,1291.995821,1004,0.4048874401,0.3146349107,0.2806345261,0.3486352953
synthetic_20250706,synthetic,2025-07-06,adapted,1005,0.3149482921,9.060082786,-2.44791404,5.992283146,1297.988105,1005,0.4067653101,0.3149482921,0.2809479075,0.3489486767
synthetic_20250706,synthetic,2025-07-06,adapted,1006,0.3152616735,9.058576564,1.086068248,1.179544239,1299.167649,1006,0.4071349573,0.3152616735,0.2812612889,0.3492620581
synthetic_20250706,synthetic,2025-07-06,adapted,1007,0.3155750548,9.052563977,-0.1835520975,0.0336913725,1299.20134,1007,0.4071455156,0.3155750548,0.2815746702,0.3495754394
synthetic_20250706,synthetic,2025-07-06,adapted,1008,0.3158884362,9.046402858,-1.011393757,1.022917332,1300.224258,1008,0.4074660788,0.3158884362,0.2818880516,0.3498888208
synthetic_20250706,synthetic,2025-07-06,adapted,1009,0.3162018176,9.041432962,1.670931137,2.792010864,1303.016268,1009,0.4083410431,0.3162018176,0.282201433,0.3502022022
synthetic_20250706,synthetic,2025-07-06,adapted,1010,0.316515199,9.034706005,0.9245814209,0.8548508038,1303.871119,1010,0.4086089374,0.316515199,0.2825148144,0.3505155836
synthetic_20250706,synthetic,2025-07-06,adapted,1011,0.3168285804,9.032151262,1.504548994,2.263667676,1306.134787,1011,0.4093183287,0.3168285804,0.2828281958,0.350828965
synthetic_20250706,synthetic,2025-07-06,adapted,1012,0.3171419618,9.025938267,-1.893910767,3.586897994,1309.721685,1012,0.4104423958,0.3171419618,0.2831415772,0.3511423464
synthetic_20250706,synthetic,2025-07-06,adapted,1013,0.3174553432,9.023327705,-1.218957238,1.485856747,1311.207542,1013,0.4109080356,0.3174553432,0.2834549586,0.3514557278
synthetic_20250706,synthetic,2025-07-06,adapted,1014,0.3177687245,9.020379817,0.8033350472,0.6453471981,1311.852889,1014,0.4111102754,0.3177687245,0.2837683399,0.3517691091
synthetic_20250706,synthetic,2025-07-06,adapted,1015,0.3180821059,9.018084567,0.2938479951,0.08634664421,1311.939235,1015,0.4111373348,0.3180821059,0.2840817213,0.3520824905
synthetic_20250706,synthetic,2025-07-06,adapted,1016,0.3183954873,9.011488277,0.1119848154,0.01254059888,1311.951776,1016,0.4111412648,0.3183954873,0.2843951027,0.3523958719
synthetic_20250706,synthetic,2025-07-06,adapted,1017,0.3187088687,9.005634373,0.5171756214,0.2674706234,1312.219247,1017,0.4112250851,0.3187088687,0.2847084841,0.3527092533
synthetic_20250706,synthetic,2025-07-06,adapted,1018,0.3190222501,9.00084842,0.3933397829,0.1547161848,1312.373963,1018,0.4112735703,0.3190222501,0.2850218655,0.3530226347
synthetic_20250706,synthetic,2025-07-06,adapted,1019,0.3193356315,8.998322586,1.241429876,1.541148136,1313.915111,1019,0.4117565374,0.3193356315,0.2853352469,0.3533360161
synthetic_20250706,synthetic,2025-07-06,adapted,1020,0.3196490128,8.992719635,-0.2743091251,0.07524549609,1313.990356,1020,0.411780118,0.3196490128,0.2856486282,0.3536493974
synthetic_20250706,synthetic,2025-07-06,adapted,1021,0.3199623942,8.989992199,-1.65880749,2.751642287,1316.741999,1021,0.4126424315,0.3199623942,0.2859620096,0.3539627788
synthetic_20250706,synthetic,2025-07-06,adapted,1022,0.3202757756,8.985126368,-0.2581046516,0.06661801116,1316.808617,1022,0.4126633083,0.3202757756,0.286275391,0.3542761602
synthetic_20250706,synthetic,2025-07-06,adapted,1023,0.320589157,8.980101682,1.121314645,1.257346533,1318.065963,1023,0.4130573373,0.320589157,0.2865887724,0.3545895416
synthetic_20250706,synthetic,2025-07-06,adapted,1024,0.3209025384,8.972137486,-1.333779355,1.778967368,1319.844931,1024,0.4136148326,0.3209025384,0.2869021538,0.354902923
synthetic_20250706,synthetic,2025-07-06,adapted,1025,0.3212159198,8.971468894,0.3328255205,0.1107728271,1319.955704,1025,0.4136495467,0.3212159198,0.2872155352,0.3552163044
synthetic_20250706,synthetic,2025-07-06,adapted,1026,0.3215293012,8.962330589,-1.409585409,1.986931024,1321.942635,1026,0.4142722139,0.3215293012,0.2875289166,0.3555296858
synthetic_20250706,synthetic,2025-07-06,adapted,1027,0.3218426825,8.9613291,0.2187132825,0.04783549996,1321.99047,1027,0.4142872047,0.3218426825,0.2878422979,0.3558430671
synthetic_20250706,synthetic,2025-07-06,adapted,1028,0.3221560639,8.953799582,1.134979433,1.288178314,1323.278648,1028,0.4146908958,0.3221560639,0.2881556793,0.3561564485
synthetic_20250706,synthetic,2025-07-06,adapted,1029,0.3224694453,8.950472861,0.6865645106,0.4713708273,1323.750019,1029,0.4148386146,0.3224694453,0.2884690607,0.3564698299
synthetic_20250706,synthetic,2025-07-06,adapted,1030,0.3227828267,8.948435042,-0.1021202404,0.01042854349,1323.760448,1030,0.4148418827,0.3227828267,0.2887824421,0.3567832113
synthetic_20250706,synthetic,2025-07-06,adapted,1031,0.3230962081,8.945636136,0.4159571511,0.1730203515,1323.933468,1031,0.4148961041,0.3230962081,0.2890958235,0.3570965927
synthetic_20250706,synthetic,2025-07-06,adapted,1032,0.3234095895,8.93791206,0.2934524169,0.08611432101,1324.019582,1032,0.4149230907,0.3234095895,0.2894092049,0.3574099741
synthetic_20250706,synthetic,2025-07-06,adapted,1033,0.3237229709,8.936191474,-0.4971109837,0.2471193301,1324.266702,1033,0.4150005333,0.3237229709,0.2897225863,0.3577233555
synthetic_20250706,synthetic,2025-07-06,adapted,1034,0.3240363522,8.9345111,-0.7529978739,0.5670057981,1324.833708,1034,0.4151782224,0.3240363522,0.2900359676,0.3580367368
synthetic_20250706,synthetic,2025-07-06,adapted,1035,0.3243497336,8.928838019,-1.012580949,1.025320177,1325.859028,1035,0.4154995386,0.3243497336,0.290349349,0.3583501182
synthetic_20250706,synthetic,2025-07-06,adapted,1036,0.324663115,8.927281513,2.088880794,4.363422972,1330.222451,1036,0.4168669541,0.324663115,0.2906627304,0.3586634996
synthetic_20250706,synthetic,2025-07-06,adapted,1037,0.3249764964,8.922817069,0.801283131,0.6420546561,1330.864505,1037,0.4170681621,0.3249764964,0.2909761118,0.358976881
synthetic_20250706,synthetic,2025-07-06,adapted,1038,0.3252898778,8.916534134,-0.3009897884,0.09059485273,1330.9551,1038,0.4170965529,0.3252898778,0.2912894932,0.3592902624
synthetic_20250706,synthetic,2025-07-06,adapted,1039,0.3256032592,8.912084198,-2.036758441,4.148384946,1335.103485,1039,0.4183965795,0.3256032592,0.2916028746,0.3596036438
synthetic_20250706,synthetic,2025-07-06,adapted,1040,0.3259166406,8.904018152,1.37521796,1.891224439,1336.99471,1040,0.418989254,0.3259166406,0.291916256,0.3599170252
synthetic_20250706,synthetic,2025-07-06,adapted,1041,0.3262300219,8.90280023,1.124213682,1.263856403,1338.258566,1041,0.4193853231,0.3262300219,0.2922296373,0.3602304065
synthetic_20250706,synthetic,2025-07-06,adapted,1042,0.3265434033,8.896234017,-0.09679120488,0.009368537341,1338.267935,1042,0.419388259,0.3265434033,0.2925430187,0.3605437879
synthetic_20250706,synthetic,2025-07-06,adapted,1043,0.3268567847,8.89121381,-0.2463157978,0.06067147223,1338.328606,1043,0.4194072723,0.3268567847,0.2928564001,0.3608571693
synthetic_20250706,synthetic,2025-07-06,adapted,1044,0.3271701661,8.889605622,0.336571537,0.1132803995,1338.441886,1044,0.4194427723,0.3271701661,0.2931697815,0.3611705507
synthetic_20250706,synthetic,2025-07-06,adapted,1045,0.3274835475,8.885673858,1.259728786,1.586916613,1340.028803,1045,0.4199400824,0.3274835475,0.2934831629,0.3614839321
synthetic_20250706,synthetic,2025-07-06,adapted,1046,0.3277969289,8.883616253,0.9428603629,0.8889856638,1340.917789,1046,0.420218674,0.3277969289,0.2937965443,0.3617973135
synthetic_20250706,synthetic,2025-07-06,adapted,1047,0.3281103102,8.88010852,-1.301637839,1.694261064,1342.61205,1047,0.4207496239,0.3281103102,0.2941099256,0.3621106948
synthetic_20250706,synthetic,2025-07-06,adapted,1048,0.3284236916,8.874728624,-0.7309019964,0.5342177284,1343.146267,1048,0.4209170377,0.3284236916,0.294423307,0.3624240762
synthetic_20250706,synthetic,2025-07-06,adapted,1049,0.328737073,8.867542304,0.3119097793,0.09728771044,1343.243555,1049,0.4209475259,0.328737073,0.2947366884,0.3627374576
synthetic_20250706,synthetic,2025-07-06,adapted,1050,0.3290504544,8.86304658,-1.892762086,3.582548315,1346.826103,1050,0.4220702299,0.3290504544,0.2950500698,0.363050839
synthetic_20250706,synthetic,2025-07-06,adapted,1051,0.3293638358,8.860243355,0.4326526803,0.1871883417,1347.013292,1051,0.4221288912,0.3293638358,0.2953634512,0.3633642204
synthetic_20250706,synthetic,2025-07-06,adapted,1052,0.3296772172,8.854991983,0.01176377285,0.0001383863518,1347.01343,1052,0.4221289346,0.3296772172,0.2956768326,0.3636776018
synthetic_20250706,synthetic,2025-07-06,adapted,1053,0.3299905986,8.851560876,0.07118684738,0.00506756724,1347.018498,1053,0.4221305226,0.3299905986,0.295990214,0.3639909832
synthetic_20250706,synthetic,2025-07-06,adapted,1054,0.3303039799,8.847335622,-0.09598045363,0.009212247479,1347.02771,1054,0.4221334096,0.3303039799,0.2963035953,0.3643043645
synthetic_20250706,synthetic,2025-07-06,adapted,1055,0.3306173613,8.844339113,0.9776809462,0.9558600327,1347.98357,1055,0.4224329583,0.3306173613,0.2966169767,0.3646177459
synthetic_20250706,synthetic,2025-07-06,adapted,1056,0.3309307427,8.839890852,0.5426069991,0.2944223554,1348.277992,1056,0.4225252248,0.3309307427,0.2969303581,0.3649311273
synthetic_20250706,synthetic,2025-07-06,adapted,1057,0.3312441241,8.838479066,0.07765215281,0.006029856836,1348.284022,1057,0.4225271145,0.3312441241,0.2972437395,0.3652445087
synthetic_20250706,synthetic,2025-07-06,adapted,1058,0.3315575055,8.833948662,1.268469794,1.609015619,1349.893038,1058,0.42303135,0.3315575055,0.2975571209,0.3655578901
synthetic_20250706,synthetic,2025-07-06,adapted,1059,0.3318708869,8.830982841,0.9547628571,0.9115721133,1350.80461,1059,0.4233170197,0.3318708869,0.2978705023,0.3658712715
synthetic_20250706,synthetic,2025-07-06,adapted,1060,0.3321842683,8.828274616,-0.313715672,0.09841752288,1350.903028,1060,0.423347862,0.3321842683,0.2981838837,0.3661846529
synthetic_20250706,synthetic,2025-07-06,adapted,1061,0.3324976496,8.826138459,1.040508959,1.082658894,1351.985686,1061,0.4236871471,0.3324976496,0.298497265,0.3664980342
synthetic_20250706,synthetic,2025-07-06,adapted,1062,0.332811031,8.824276946,-0.0342926408,0.001175985213,1351.986862,1062,0.4236875156,0.332811031,0.2988106464,0.3668114156
synthetic_20250706,synthetic,2025-07-06,adapted,1063,0.3331244124,8.81807475,2.132293233,4.546674433,1356.533537,1063,0.4251123588,0.3331244124,0.2991240278,0.367124797
synthetic_20250706,synthetic,2025-07-06,adapted,1064,0.3334377938,8.814231677,1.335866974,1.784540572,1358.318077,1064,0.4256716006,0.3334377938,0.2994374092,0.3674381784
synthetic_20250706,synthetic,2025-07-06,adapted,1065,0.3337511752,8.812211514,0.9572611452,0.9163489001,1359.234426,1065,0.4259587673,0.3337511752,0.2997507906,0.3677515598
synthetic_20250706,synthetic,2025-07-06,adapted,1066,0.3340645566,8.806412458,-0.7062101929,0.4987328366,1359.733159,1066,0.4261150608,0.3340645566,0.300064172,0.3680649412
synthetic_20250706,synthetic,2025-07-06,adapted,1067,0.334377938,8.802676359,0.5397111509,0.2912881264,1360.024447,1067,0.4262063451,0.334377938,0.3003775534,0.3683783226
synthetic_20250706,synthetic,2025-07-06,adapted,1068,0.3346913193,8.802125275,-0.1879578527,0.03532815439,1360.059775,1068,0.4262174163,0.3346913193,0.3006909347,0.3686917039
synthetic_20250706,synthetic,2025-07-06,adapted,1069,0.3350047007,8.798664295,-1.069713172,1.144286271,1361.204062,1069,0.4265760143,0.3350047007,0.3010043161,0.3690050853
synthetic_20250706,synthetic,2025-07-06,adapted,1070,0.3353180821,8.791724408,-0.2918616265,0.08518320902,1361.289245,1070,0.4266027092,0.3353180821,0.3013176975,0.3693184667
synthetic_20250706,synthetic,2025-07-06,adapted,1071,0.3356314635,8.789207863,-1.524854066,2.325179922,1363.614425,1071,0.4273313773,0.3356314635,0.3016310789,0.3696318481
synthetic_20250706,synthetic,2025-07-06,adapted,1072,0.3359448449,8.785010017,-1.474484135,2.174103465,1365.788528,1072,0.4280127008,0.3359448449,0.3019444603,0.3699452295
synthetic_20250706,synthetic,2025-07-06,adapted,1073,0.3362582263,8.783210769,-1.633764592,2.669186741,1368.457715,1073,0.4288491743,0.3362582263,0.3022578417,0.3702586109
synthetic_20250706,synthetic,2025-07-06,adapted,1074,0.3365716076,8.779919973,0.9669238855,0.9349418004,1369.392657,1074,0.4291421676,0.3365716076,0.302571223,0.3705719922
synthetic_20250706,synthetic,2025-07-06,adapted,1075,0.336884989,8.776451359,0.1703549751,0.02902081754,1369.421678,1075,0.4291512622,0.336884989,0.3028846044,0.3708853736
synthetic_20250706,synthetic,2025-07-06,adapted,1076,0.3371983704,8.771561599,1.280515757,1.639720603,1371.061398,1076,0.4296651201,0.3371983704,0.3031979858,0.371198755
synthetic_20250706,synthetic,2025-07-06,adapted,1077,0.3375117518,8.76425308,-0.2528894896,0.06395309397,1371.125351,1077,0.4296851618,0.3375117518,0.3035113672,0.3715121364
synthetic_20250706,synthetic,2025-07-06,adapted,1078,0.3378251332,8.763274028,-1.594340153,2.541920525,1373.667272,1078,0.4304817524,0.3378251332,0.3038247486,0.3718255178
synthetic_20250706,synthetic,2025-07-06,adapted,1079,0.3381385146,8.760623978,0.7926044316,0.628221785,1374.295494,1079,0.4306786254,0.3381385146,0.30413813,0.3721388992
synthetic_20250706,synthetic,2025-07-06,adapted,1080,0.338451896,8.759005484,-0.8928239913,0.7971346794,1375.092628,1080,0.4309284326,0.338451896,0.3044515114,0.3724522806
synthetic_20250706,synthetic,2025-07-06,adapted,1081,0.3387652773,8.753218431,-0.9161336244,0.8393008178,1375.931929,1081,0.4311914538,0.3387652773,0.3047648927,0.3727656619
synthetic_20250706,synthetic,2025-07-06,adapted,1082,0.3390786587,8.752926659,1.567533195,2.457160317,1378.389089,1082,0.4319614821,0.3390786587,0.3050782741,0.3730790433
synthetic_20250706,synthetic,2025-07-06,adapted,1083,0.3393920401,8.748654355,1.060833362,1.125367422,1379.514457,1083,0.4323141513,0.3393920401,0.3053916555,0.3733924247
synthetic_20250706,synthetic,2025-07-06,adapted,1084,0.3397054215,8.744315845,-0.9018858734,0.8133981287,1380.327855,1084,0.4325690552,0.3397054215,0.3057050369,0.3737058061
synthetic_20250706,synthetic,2025-07-06,adapted,1085,0.3400188029,8.739094958,-0.01995404071,0.0003981637406,1380.328253,1085,0.4325691799,0.3400188029,0.3060184183,0.3740191875
synthetic_20250706,synthetic,2025-07-06,adapted,1086,0.3403321843,8.735971406,0.1808414507,0.03270363028,1380.360957,1086,0.4325794286,0.3403321843,0.3063317997,0.3743325689
synthetic_20250706,synthetic,2025-07-06,adapted,1087,0.3406455657,8.731723306,-1.154388573,1.332612978,1381.69357,1087,0.4329970447,0.3406455657,0.3066451811,0.3746459503
synthetic_20250706,synthetic,2025-07-06,adapted,1088,0.340958947,8.721065128,-0.7274109882,0.5291267458,1382.222697,1088,0.4331628632,0.340958947,0.3069585624,0.3749593316
synthetic_20250706,synthetic,2025-07-06,adapted,1089,0.3412723284,8.714615296,0.9864398709,0.9730636189,1383.19576,1089,0.4334678032,0.3412723284,0.3072719438,0.375272713
synthetic_20250706,synthetic,2025-07-06,adapted,1090,0.3415857098,8.713877505,-0.4987165218,0.2487181691,1383.444478,1090,0.4335457469,0.3415857098,0.3075853252,0.3755860944
synthetic_20250706,synthetic,2025-07-06,adapted,1091,0.3418990912,8.707740824,0.7877951803,0.6206212461,1384.0651,1091,0.433740238,0.3418990912,0.3078987066,0.3758994758
synthetic_20250706,synthetic,2025-07-06,adapted,1092,0.3422124726,8.705563854,-0.9594914325,0.9206238091,1384.985723,1092,0.4340287444,0.3422124726,0.308212088,0.3762128572
synthetic_20250706,synthetic,2025-07-06,adapted,1093,0.342525854,8.699643194,0.03157165819,0.000996769601,1384.98672,1093,0.4340290568,0.342525854,0.3085254694,0.3765262386
synthetic_20250706,synthetic,2025-07-06,adapted,1094,0.3428392353,8.699056331,-0.2639692071,0.06967974229,1385.0564,1094,0.4340508931,0.3428392353,0.3088388507,0.3768396199
synthetic_20250706,synthetic,2025-07-06,adapted,1095,0.3431526167,8.698043643,-0.9239736668,0.8537273369,1385.910127,1095,0.4343184354,0.3431526167,0.3091522321,0.3771530013
synthetic_20250706,synthetic,2025-07-06,adapted,1096,0.3434659981,8.694679227,-0.76643433,0.5874215821,1386.497549,1096,0.4345025223,0.3434659981,0.3094656135,0.3774663827
synthetic_20250706,synthetic,2025-07-06,adapted,1097,0.3437793795,8.688682265,0.7522956991,0.5659488189,1387.063498,1097,0.4346798802,0.3437793795,0.3097789949,0.3777797641
synthetic_20250706,synthetic,2025-07-06,adapted,1098,0.3440927609,8.687334725,1.523744075,2.321796005,1389.385294,1098,0.4354074878,0.3440927609,0.3100923763,0.3780931455
synthetic_20250706,synthetic,2025-07-06,adapted,1099,0.3444061423,8.680261523,-0.141793383,0.02010536346,1389.405399,1099,0.4354137885,0.3444061423,0.3104057577,0.3784065269
synthetic_20250706,synthetic,2025-07-06,adapted,1100,0.3447195237,8.677521098,1.505381988,2.266174929,1391.671574,1100,0.4361239655,0.3447195237,0.3107191391,0.3787199083
synthetic_20250706,synthetic,2025-07-06,adapted,1101,0.345032905,8.673574973,-0.5433050895,0.2951804203,1391.966754,1101,0.4362164696,0.345032905,0.3110325204,0.3790332896
synthetic_20250706,synthetic,2025-07-06,adapted,1102,0.3453462864,8.669971387,0.00648957524,4.21145868e-05,1391.966796,1102,0.4362164828,0.3453462864,0.3113459018,0.379346671
synthetic_20250706,synthetic,2025-07-06,adapted,1103,0.3456596678,8.664128926,1.438288844,2.068674797,1394.035471,1103,0.4368647669,0.3456596678,0.3116592832,0.3796600524
synthetic_20250706,synthetic,2025-07-06,adapted,1104,0.3459730492,8.663502105,-0.0375846164,0.00141260339,1394.036884,1104,0.4368652096,0.3459730492,0.3119726646,0.3799734338
synthetic_20250706,synthetic,2025-07-06,adapted,1105,0.3462864306,8.658518392,-0.4065522334,0.1652847185,1394.202169,1105,0.4369170068,0.3462864306,0.312286046,0.3802868152
synthetic_20250706,synthetic,2025-07-06,adapted,1106,0.346599812,8.656053315,-1.312591826,1.722897302,1395.925066,1106,0.4374569307,0.346599812,0.3125994274,0.3806001966
synthetic_20250706,synthetic,2025-07-06,adapted,1107,0.3469131934,8.655737244,1.366347873,1.866906509,1397.791972,1107,0.4380419845,0.3469131934,0.3129128088,0.380913578
synthetic_20250706,synthetic,2025-07-06,adapted,1108,0.3472265747,8.652817153,0.1657420397,0.02747042373,1397.819443,1108,0.4380505932,0.3472265747,0.3132261901,0.3812269593
synthetic_20250706,synthetic,2025-07-06,adapted,1109,0.3475399561,8.648831667,0.8065253693,0.6504831714,1398.469926,1109,0.4382544425,0.3475399561,0.3135395715,0.3815403407
synthetic_20250706,synthetic,2025-07-06,adapted,1110,0.3478533375,8.641298126,0.1535052064,0.02356384841,1398.49349,1110,0.438261827,0.3478533375,0.3138529529,0.3818537221
synthetic_20250706,synthetic,2025-07-06,adapted,1111,0.3481667189,8.63533034,1.275285072,1.626352015,1400.119842,1111,0.4387714954,0.3481667189,0.3141663343,0.3821671035
synthetic_20250706,synthetic,2025-07-06,adapted,1112,0.3484801003,8.634256241,0.4164703709,0.1734475698,1400.293289,1112,0.4388258506,0.3484801003,0.3144797157,0.3824804849
synthetic_20250706,synthetic,2025-07-06,adapted,1113,0.3487934817,8.633010013,-0.4615313551,0.2130111918,1400.506301,1113,0.4388926044,0.3487934817,0.3147930971,0.3827938663
synthetic_20250706,synthetic,2025-07-06,adapted,1114,0.3491068631,8.629334549,1.606965621,2.582338508,1403.088639,1114,0.4397018612,0.3491068631,0.3151064785,0.3831072477
synthetic_20250706,synthetic,2025-07-06,adapted,1115,0.3494202444,8.626713616,-0.4262333638,0.1816748804,1403.270314,1115,0.4397587947,0.3494202444,0.3154198598,0.383420629
synthetic_20250706,synthetic,2025-07-06,adapted,1116,0.3497336258,8.625605445,1.667723368,2.781301233,1406.051615,1116,0.4406304028,0.3497336258,0.3157332412,0.3837340104
synthetic_20250706,synthetic,2025-07-06,adapted,1117,0.3500470072,8.620717473,-0.2987367769,0.08924366189,1406.140859,1117,0.4406583701,0.3500470072,0.3160466226,0.3840473918
synthetic_20250706,synthetic,2025-07-06,adapted,1118,0.3503603886,8.620088534,1.286991323,1.656346667,1407.797206,1118,0.4411774383,0.3503603886,0.316360004,0.3843607732
synthetic_20250706,synthetic,2025-07-06,adapted,1119,0.35067377,8.61519745,-1.274217461,1.623630139,1409.420836,1119,0.4416862537,0.35067377,0.3166733854,0.3846741546
synthetic_20250706,synthetic,2025-07-06,adapted,1120,0.3509871514,8.612983043,0.3465474125,0.1200951091,1409.540931,1120,0.4417238893,0.3509871514,0.3169867668,0.384987536
synthetic_20250706,synthetic,2025-07-06,adapted,1121,0.3513005327,8.609160575,0.5480785013,0.3003900436,1409.841321,1121,0.441818026,0.3513005327,0.3173001481,0.3853009173
synthetic_20250706,synthetic,2025-07-06,adapted,1122,0.3516139141,8.60726594,2.461139698,6.057208614,1415.898529,1122,0.4437162424,0.3516139141,0.3176135295,0.3856142987
synthetic_20250706,synthetic,2025-07-06,adapted,1123,0.3519272955,8.605084272,-0.1181671366,0.01396347218,1415.912493,1123,0.4437206183,0.3519272955,0.3179269109,0.3859276801
synthetic_20250706,synthetic,2025-07-06,adapted,1124,0.3522406769,8.600001355,-1.41725407,2.008609099,1417.921102,1124,0.444350079,0.3522406769,0.3182402923,0.3862410615
synthetic_20250706,synthetic,2025-07-06,adapted,1125,0.3525540583,8.595554233,-0.6662799511,0.4439289733,1418.365031,1125,0.4444891981,0.3525540583,0.3185536737,0.3865544429
synthetic_20250706,synthetic,2025-07-06,adapted,1126,0.3528674397,8.593890443,1.081833837,1.17036445,1419.535395,1126,0.4448559685,0.3528674397,0.3188670551,0.3868678243
synthetic_20250706,synthetic,2025-07-06,adapted,1127,0.3531808211,8.592966296,1.252657601,1.569151064,1421.104547,1127,0.4453477112,0.3531808211,0.3191804365,0.3871812057
synthetic_20250706,synthetic,2025-07-06,adapted,1128,0.3534942024,8.587664965,-1.341602574,1.799897466,1422.904444,1128,0.4459117656,0.3534942024,0.3194938178,0.387494587
synthetic_20250706,synthetic,2025-07-06,adapted,1129,0.3538075838,8.586615733,1.434175911,2.056860544,1424.961305,1129,0.4465563474,0.3538075838,0.3198071992,0.3878079684
synthetic_20250706,synthetic,2025-07-06,adapted,1130,0.3541209652,8.580826794,0.9581361607,0.9180249025,1425.879329,1130,0.4468440393,0.3541209652,0.3201205806,0.3881213498
synthetic_20250706,synthetic,2025-07-06,adapted,1131,0.3544343466,8.578766142,1.037411487,1.076222594,1426.955552,1131,0.4471813074,0.3544343466,0.320433962,0.3884347312
synthetic_20250706,synthetic,2025-07-06,adapted,1132,0.354747728,8.57178375,-0.008793342285,7.732286854e-05,1426.955629,1132,0.4471813317,0.354747728,0.3207473434,0.3887481126
synthetic_20250706,synthetic,2025-07-06,adapted,1133,0.3550611094,8.569441707,-0.1393136847,0.01940830274,1426.975038,1133,0.4471874139,0.3550611094,0.3210607248,0.389061494
synthetic_20250706,synthetic,2025-07-06,adapted,1134,0.3553744908,8.562232975,-0.8153468864,0.6647905452,1427.639828,1134,0.4473957469,0.3553744908,0.3213741062,0.3893748754
synthetic_20250706,synthetic,2025-07-06,adapted,1135,0.3556878721,8.558966849,0.7046261891,0.4964980664,1428.136326,1135,0.4475513401,0.3556878721,0.3216874875,0.3896882567
synthetic_20250706,synthetic,2025-07-06,adapted,1136,0.3560012535,8.556480792,-0.1032076006,0.01065180883,1428.146978,1136,0.4475546782,0.3560012535,0.3220008689,0.3900016381
synthetic_20250706,synthetic,2025-07-06,adapted,1137,0.3563146349,8.553871706,0.2801673836,0.07849376285,1428.225472,1137,0.4475792767,0.3563146349,0.3223142503,0.3903150195
synthetic_20250706,synthetic,2025-07-06,adapted,1138,0.3566280163,8.552825704,0.03818590507,0.001458163346,1428.22693,1138,0.4475797336,0.3566280163,0.3226276317,0.3906284009
synthetic_20250706,synthetic,2025-07-06,adapted,1139,0.3569413977,8.549032511,0.4440322808,0.1971646664,1428.424095,1139,0.4476415214,0.3569413977,0.3229410131,0.3909417823
synthetic_20250706,synthetic,2025-07-06,adapted,1140,0.3572547791,8.542914842,0.6697806113,0.4486060673,1428.872701,1140,0.4477821062,0.3572547791,0.3232543945,0.3912551637
synthetic_20250706,synthetic,2025-07-06,adapted,1141,0.3575681605,8.542725188,0.8582654637,0.7366196062,1429.60932,1141,0.448012949,0.3575681605,0.3235677759,0.3915685451
synthetic_20250706,synthetic,2025-07-06,adapted,1142,0.3578815418,8.541744826,0.6726930869,0.4525159891,1430.061836,1142,0.4481547591,0.3578815418,0.3238811572,0.3918819264
synthetic_20250706,synthetic,2025-07-06,adapted,1143,0.3581949232,8.535095455,-0.08858222449,0.007846810495,1430.069683,1143,0.4481572182,0.3581949232,0.3241945386,0.3921953078
synthetic_20250706,synthetic,2025-07-06,adapted,1144,0.3585083046,8.530323529,-1.449078965,2.099829847,1432.169513,1144,0.4488152657,0.3585083046,0.32450792,0.3925086892
synthetic_20250706,synthetic,2025-07-06,adapted,1145,0.358821686,8.527369549,-0.2586014495,0.06687470969,1432.236388,1145,0.448836223,0.358821686,0.3248213014,0.3928220706
synthetic_20250706,synthetic,2025-07-06,adapted,1146,0.3591350674,8.525837163,-0.8715841057,0.7596588532,1432.996047,1146,0.449074286,0.3591350674,0.3251346828,0.393135452
synthetic_20250706,synthetic,2025-07-06,adapted,1147,0.3594484488,8.523915322,1.028954766,1.058747911,1434.054794,1147,0.4494060779,0.3594484488,0.3254480642,0.3934488334
synthetic_20250706,synthetic,2025-07-06,adapted,1148,0.3597618301,8.52185969,0.8175331592,0.6683604664,1434.723155,1148,0.4496155296,0.3597618301,0.3257614455,0.3937622147
synthetic_20250706,synthetic,2025-07-06,adapted,1149,0.3600752115,8.51723154,-0.6556001577,0.4298115668,1435.152966,1149,0.4497502245,0.3600752115,0.3260748269,0.3940755961
synthetic_20250706,synthetic,2025-07-06,adapted,1150,0.3603885929,8.515099909,0.5870212199,0.3445939126,1435.49756,1150,0.4498582139,0.3603885929,0.3263882083,0.3943889775
synthetic_20250706,synthetic,2025-07-06,adapted,1151,0.3607019743,8.51257032,0.1170325715,0.01369662278,1435.511257,1151,0.4498625061,0.3607019743,0.3267015897,0.3947023589
synthetic_20250706,synthetic,2025-07-06,adapted,1152,0.3610153557,8.508941562,1.263068806,1.595342808,1437.1066,1152,0.4503624569,0.3610153557,0.3270149711,0.3950157403
synthetic_20250706,synthetic,2025-07-06,adapted,1153,0.3613287371,8.506854612,-0.06669148643,0.004447754363,1437.111048,1153,0.4503638507,0.3613287371,0.3273283525,0.3953291217
synthetic_20250706,synthetic,2025-07-06,adapted,1154,0.3616421185,8.504768825,1.370099767,1.877173371,1438.988221,1154,0.4509521219,0.3616421185,0.3276417339,0.3956425031
synthetic_20250706,synthetic,2025-07-06,adapted,1155,0.3619554998,8.501865147,0.9850203823,0.9702651536,1439.958486,1155,0.4512561849,0.3619554998,0.3279551152,0.3959558844
synthetic_20250706,synthetic,2025-07-06,adapted,1156,0.3622688812,8.49787764,-0.5592658009,0.3127782361,1440.271264,1156,0.4513542038,0.3622688812,0.3282684966,0.3962692658
synthetic_20250706,synthetic,2025-07-06,adapted,1157,0.3625822626,8.494591421,-0.1605285248,0.02576940728,1440.297034,1157,0.4513622795,0.3625822626,0.328581878,0.3965826472
synthetic_20250706,synthetic,2025-07-06,adapted,1158,0.362895644,8.489187717,0.2230187497,0.04973736273,1440.346771,1158,0.4513778662,0.362895644,0.3288952594,0.3968960286
synthetic_20250706,synthetic,2025-07-06,adapted,1159,0.3632090254,8.486212602,-0.4384734114,0.1922589325,1440.53903,1159,0.4514381166,0.3632090254,0.3292086408,0.39720941
synthetic_20250706,synthetic,2025-07-06,adapted,1160,0.3635224068,8.48104416,-0.8591531311,0.7381441027,1441.277174,1160,0.4516694372,0.3635224068,0.3295220222,0.3975227914
synthetic_20250706,synthetic,2025-07-06,adapted,1161,0.3638357882,8.474626041,-0.169134103,0.02860634479,1441.305781,1161,0.4516784019,0.3638357882,0.3298354036,0.3978361728
synthetic_20250706,synthetic,2025-07-06,adapted,1162,0.3641491695,8.470941436,-0.6817194466,0.4647414039,1441.770522,1162,0.4518240432,0.3641491695,0.3301487849,0.3981495541
synthetic_20250706,synthetic,2025-07-06,adapted,1163,0.3644625509,8.466708207,-2.204155875,4.858303121,1446.628825,1163,0.453346545,0.3644625509,0.3304621663,0.3984629355
synthetic_20250706,synthetic,2025-07-06,adapted,1164,0.3647759323,8.464475077,-0.09282267176,0.008616048392,1446.637441,1164,0.4533492451,0.3647759323,0.3307755477,0.3987763169
synthetic_20250706,synthetic,2025-07-06,adapted,1165,0.3650893137,8.460955387,-0.6546375905,0.4285503749,1447.065991,1165,0.4534835448,0.3650893137,0.3310889291,0.3990896983
synthetic_20250706,synthetic,2025-07-06,adapted,1166,0.3654026951,8.460127267,-3.015827057,9.095212836,1456.161204,1166,0.4563338152,0.3654026951,0.3314023105,0.3994030797
synthetic_20250706,synthetic,2025-07-06,adapted,1167,0.3657160765,8.457297086,0.04536195,0.002057706508,1456.163262,1167,0.45633446,0.3657160765,0.3317156919,0.3997164611
synthetic_20250706,synthetic,2025-07-06,adapted,1168,0.3660294579,8.45317554,-0.3420995893,0.117032129,1456.280294,1168,0.4563711357,0.3660294579,0.3320290732,0.4000298425
synthetic_20250706,synthetic,2025-07-06,adapted,1169,0.3663428392,8.446853253,-1.040466669,1.082570888,1457.362865,1169,0.4567103933,0.3663428392,0.3323424546,0.4003432238
synthetic_20250706,synthetic,2025-07-06,adapted,1170,0.3666562206,8.44671827,0.08754982996,0.007664972727,1457.37053,1170,0.4567127954,0.3666562206,0.332655836,0.4006566052
synthetic_20250706,synthetic,2025-07-06,adapted,1171,0.366969602,8.444771428,-1.833073849,3.360159734,1460.73069,1171,0.4577658069,0.366969602,0.3329692174,0.4009699866
synthetic_20250706,synthetic,2025-07-06,adapted,1172,0.3672829834,8.442628877,0.6876944379,0.4729236399,1461.203613,1172,0.4579140123,0.3672829834,0.3332825988,0.401283368
synthetic_20250706,synthetic,2025-07-06,adapted,1173,0.3675963648,8.439380167,-0.7069155213,0.4997295542,1461.703343,1173,0.4580706183,0.3675963648,0.3335959802,0.4015967494
synthetic_20250706,synthetic,2025-07-06,adapted,1174,0.3679097462,8.436671912,1.197331735,1.433603283,1463.136946,1174,0.4585198829,0.3679097462,0.3339093616,0.4019101308
synthetic_20250706,synthetic,2025-07-06,adapted,1175,0.3682231275,8.433939751,0.006349605956,4.03174958e-05,1463.136987,1175,0.4585198955,0.3682231275,0.3342227429,0.4022235121
synthetic_20250706,synthetic,2025-07-06,adapted,1176,0.3685365089,8.430088912,0.8176568272,0.668562687,1463.805549,1176,0.4587294106,0.3685365089,0.3345361243,0.4025368935
synthetic_20250706,synthetic,2025-07-06,adapted,1177,0.3688498903,8.427212979,0.1884589236,0.03551676588,1463.841066,1177,0.4587405409,0.3688498903,0.3348495057,0.4028502749
synthetic_20250706,synthetic,2025-07-06,adapted,1178,0.3691632717,8.424869209,0.9313209469,0.8673587062,1464.708425,1178,0.459012355,0.3691632717,0.3351628871,0.4031636563
synthetic_20250706,synthetic,2025-07-06,adapted,1179,0.3694766531,8.422758349,-1.951258312,3.807408999,1468.515834,1179,0.4602055261,0.3694766531,0.3354762685,0.4034770377
synthetic_20250706,synthetic,2025-07-06,adapted,1180,0.3697900345,8.420414436,1.063557418,1.131154381,1469.646988,1180,0.4605600088,0.3697900345,0.3357896499,0.4037904191
synthetic_20250706,synthetic,2025-07-06,adapted,1181,0.3701034159,8.417772373,0.7706753748,0.5939405334,1470.240929,1181,0.4607461387,0.3701034159,0.3361030313,0.4041038005
synthetic_20250706,synthetic,2025-07-06,adapted,1182,0.3704167972,8.411703227,-0.03222693277,0.001038575196,1470.241967,1182,0.4607464642,0.3704167972,0.3364164126,0.4044171818
synthetic_20250706,synthetic,2025-07-06,adapted,1183,0.3707301786,8.409211139,-1.220020667,1.488450429,1471.730418,1183,0.4612129168,0.3707301786,0.336729794,0.4047305632
synthetic_20250706,synthetic,2025-07-06,adapted,1184,0.37104356,8.406604015,-0.3232428541,0.1044859427,1471.834904,1184,0.4612456608,0.37104356,0.3370431754,0.4050439446
synthetic_20250706,synthetic,2025-07-06,adapted,1185,0.3713569414,8.406136523,0.9692776027,0.9394990712,1472.774403,1185,0.4615400823,0.3713569414,0.3373565568,0.405357326
synthetic_20250706,synthetic,2025-07-06,adapted,1186,0.3716703228,8.40293609,0.3620546346,0.1310835584,1472.905486,1186,0.4615811614,0.3716703228,0.3376699382,0.4056707074
synthetic_20250706,synthetic,2025-07-06,adapted,1187,0.3719837042,8.397512571,-0.5072226043,0.2572747703,1473.162761,1187,0.4616617866,0.3719837042,0.3379833196,0.4059840888
synthetic_20250706,synthetic,2025-07-06,adapted,1188,0.3722970856,8.396135496,-0.3599218732,0.1295437548,1473.292305,1188,0.4617023832,0.3722970856,0.338296701,0.4062974702
synthetic_20250706,synthetic,2025-07-06,adapted,1189,0.3726104669,8.394145338,-0.2562976228,0.06568847143,1473.357993,1189,0.4617229687,0.3726104669,0.3386100823,0.4066108515
synthetic_20250706,synthetic,2025-07-06,adapted,1190,0.3729238483,8.392212364,2.366083227,5.598349837,1478.956343,1190,0.4634773873,0.3729238483,0.3389234637,0.4069242329
synthetic_20250706,synthetic,2025-07-06,adapted,1191,0.3732372297,8.387362523,1.716056218,2.944848943,1481.901192,1191,0.4644002482,0.3732372297,0.3392368451,0.4072376143
synthetic_20250706,synthetic,2025-07-06,adapted,1192,0.3735506111,8.3832305,0.6873530424,0.4724542049,1482.373646,1192,0.4645483065,0.3735506111,0.3395502265,0.4075509957
synthetic_20250706,synthetic,2025-07-06,adapted,1193,0.3738639925,8.380061299,1.637039679,2.67989891,1485.053545,1193,0.465388137,0.3738639925,0.3398636079,0.4078643771
synthetic_20250706,synthetic,2025-07-06,adapted,1194,0.3741773739,8.376371949,0.04622982488,0.002137196709,1485.055682,1194,0.4653888067,0.3741773739,0.3401769893,0.4081777585
synthetic_20250706,synthetic,2025-07-06,adapted,1195,0.3744907552,8.375703408,-1.391955716,1.937540715,1486.993223,1195,0.4659959959,0.3744907552,0.3404903706,0.4084911398
synthetic_20250706,synthetic,2025-07-06,adapted,1196,0.3748041366,8.371549234,-0.05055394414,0.002555701268,1486.995779,1196,0.4659967968,0.3748041366,0.340803752,0.4088045212
synthetic_20250706,synthetic,2025-07-06,adapted,1197,0.375117518,8.364806821,-0.5075646631,0.2576218872,1487.253401,1197,0.4660775307,0.375117518,0.3411171334,0.4091179026
synthetic_20250706,synthetic,2025-07-06,adapted,1198,0.3754308994,8.363885132,-0.2996201612,0.089772241,1487.343173,1198,0.4661056637,0.3754308994,0.3414305148,0.409431284
synthetic_20250706,synthetic,2025-07-06,adapted,1199,0.3757442808,8.362355617,-1.322702768,1.749542613,1489.092715,1199,0.4666539378,0.3757442808,0.3417438962,0.4097446654
synthetic_20250706,synthetic,2025-07-06,adapted,1200,0.3760576622,8.361826047,-0.4022541182,0.1618083756,1489.254524,1200,0.4667046455,0.3760576622,0.3420572776,0.4100580468
synthetic_20250706,synthetic,2025-07-06,adapted,1201,0.3763710436,8.356257537,-0.7033105744,0.4946457641,1489.74917,1201,0.4668596583,0.3763710436,0.342370659,0.4103714282
synthetic_20250706,synthetic,2025-07-06,adapted,1202,0.3766844249,8.35505227,2.339703113,5.474210656,1495.22338,1202,0.468575174,0.3766844249,0.3426840403,0.4106848095
synthetic_20250706,synthetic,2025-07-06,adapted,1203,0.3769978063,8.35099128,-0.5598422501,0.313423345,1495.536804,1203,0.468673395,0.3769978063,0.3429974217,0.4109981909
synthetic_20250706,synthetic,2025-07-06,adapted,1204,0.3773111877,8.348794052,-0.03978885636,0.00158315309,1495.538387,1204,0.4686738912,0.3773111877,0.3433108031,0.4113115723
synthetic_20250706,synthetic,2025-07-06,adapted,1205,0.3776245691,8.345930457,-0.6646234222,0.4417242934,1495.980111,1205,0.4688123193,0.3776245691,0.3436241845,0.4116249537
synthetic_20250706,synthetic,2025-07-06,adapted,1206,0.3779379505,8.342244436,-0.5057245254,0.2557572956,1496.235868,1206,0.4688924689,0.3779379505,0.3439375659,0.4119383351
synthetic_20250706,synthetic,2025-07-06,adapted,1207,0.3782513319,8.340866098,-0.8016189105,0.6425928777,1496.878461,1207,0.4690938456,0.3782513319,0.3442509473,0.4122517165
synthetic_20250706,synthetic,2025-07-06,adapted,1208,0.3785647133,8.337231887,-0.4081836763,0.1666139136,1497.045075,1208,0.4691460593,0.3785647133,0.3445643287,0.4125650979
synthetic_20250706,synthetic,2025-07-06,adapted,1209,0.3788780946,8.335428367,0.6543439016,0.4281659416,1497.473241,1209,0.4692802385,0.3788780946,0.34487771,0.4128784792
synthetic_20250706,synthetic,2025-07-06,adapted,1210,0.379191476,8.333774513,-1.859015776,3.455939655,1500.929181,1210,0.4703632656,0.379191476,0.3451910914,0.4131918606
synthetic_20250706,synthetic,2025-07-06,adapted,1211,0.3795048574,8.333121693,-1.305989496,1.705608563,1502.634789,1211,0.4708977716,0.3795048574,0.3455044728,0.413505242
synthetic_20250706,synthetic,2025-07-06,adapted,1212,0.3798182388,8.329132841,0.153179015,0.02346381064,1502.658253,1212,0.4709051247,0.3798182388,0.3458178542,0.4138186234
synthetic_20250706,synthetic,2025-07-06,adapted,1213,0.3801316202,8.328808694,-0.4552612759,0.2072628294,1502.865516,1213,0.4709700771,0.3801316202,0.3461312356,0.4141320048
synthetic_20250706,synthetic,2025-07-06,adapted,1214,0.3804450016,8.324127196,-0.4212167161,0.1774235219,1503.042939,1214,0.4710256783,0.3804450016,0.346444617,0.4144453862
synthetic_20250706,synthetic,2025-07-06,adapted,1215,0.380758383,8.320794625,-2.067032815,4.272624659,1507.315564,1215,0.4723646393,0.380758383,0.3467579984,0.4147587676
synthetic_20250706,synthetic,2025-07-06,adapted,1216,0.3810717643,8.319444883,0.2138876616,0.04574793179,1507.361312,1216,0.4723789759,0.3810717643,0.3470713797,0.4150721489
synthetic_20250706,synthetic,2025-07-06,adapted,1217,0.3813851457,8.317363163,-0.8614199638,0.742044354,1508.103356,1217,0.4726115188,0.3813851457,0.3473847611,0.4153855303
synthetic_20250706,synthetic,2025-07-06,adapted,1218,0.3816985271,8.315136665,1.423098622,2.025209688,1510.128566,1218,0.4732461818,0.3816985271,0.3476981425,0.4156989117
synthetic_20250706,synthetic,2025-07-06,adapted,1219,0.3820119085,8.314238778,-0.1176480274,0.01384105834,1510.142407,1219,0.4732505193,0.3820119085,0.3480115239,0.4160122931
synthetic_20250706,synthetic,2025-07-06,adapted,1220,0.3823252899,8.310907758,-0.1117106177,0.0124792621,1510.154886,1220,0.4732544301,0.3823252899,0.3483249053,0.4163256745
synthetic_20250706,synthetic,2025-07-06,adapted,1221,0.3826386713,8.309305064,1.334178403,1.780032011,1511.934918,1221,0.473812259,0.3826386713,0.3486382867,0.4166390559
synthetic_20250706,synthetic,2025-07-06,adapted,1222,0.3829520526,8.303862672,1.766897001,3.121925011,1515.056843,1222,0.4747906122,0.3829520526,0.348951668,0.4169524372
synthetic_20250706,synthetic,2025-07-06,adapted,1223,0.383265434,8.302410465,-1.55376528,2.414186546,1517.47103,1223,0.4755471733,0.383265434,0.3492650494,0.4172658186
synthetic_20250706,synthetic,2025-07-06,adapted,1224,0.3835788154,8.300976906,0.5004923332,0.2504925756,1517.721523,1224,0.475625673,0.3835788154,0.3495784308,0.4175792
synthetic_20250706,synthetic,2025-07-06,adapted,1225,0.3838921968,8.299880848,0.2290506644,0.05246420685,1517.773987,1225,0.4756421143,0.3838921968,0.3498918122,0.4178925814
synthetic_20250706,synthetic,2025-07-06,adapted,1226,0.3842055782,8.294593135,-1.117550307,1.24891869,1519.022905,1226,0.4760335022,0.3842055782,0.3502051936,0.4182059628
synthetic_20250706,synthetic,2025-07-06,adapted,1227,0.3845189596,8.292916904,-1.908945782,3.644073998,1522.666979,1227,0.4771754871,0.3845189596,0.350518575,0.4185193442
synthetic_20250706,synthetic,2025-07-06,adapted,1228,0.384832341,8.290263133,0.2767966126,0.07661636476,1522.743596,1228,0.4771994973,0.384832341,0.3508319564,0.4188327256
synthetic_20250706,synthetic,2025-07-06,adapted,1229,0.3851457223,8.288545484,-0.7661860815,0.5870411115,1523.330637,1229,0.477383465,0.3851457223,0.3511453377,0.4191461069
synthetic_20250706,synthetic,2025-07-06,adapted,1230,0.3854591037,8.283366083,-2.215293134,4.907523669,1528.238161,1230,0.4789213916,0.3854591037,0.3514587191,0.4194594883
synthetic_20250706,synthetic,2025-07-06,adapted,1231,0.3857724851,8.282689603,-1.43369069,2.055468994,1530.29363,1231,0.4795655373,0.3857724851,0.3517721005,0.4197728697
synthetic_20250706,synthetic,2025-07-06,adapted,1232,0.3860858665,8.281536669,2.082126423,4.335250442,1534.62888,1232,0.4809241241,0.3860858665,0.3520854819,0.4200862511
synthetic_20250706,synthetic,2025-07-06,adapted,1233,0.3863992479,8.27737362,0.9390058946,0.88173207,1535.510612,1233,0.4812004425,0.3863992479,0.3523988633,0.4203996325
synthetic_20250706,synthetic,2025-07-06,adapted,1234,0.3867126293,8.274901556,0.5816797845,0.3383513717,1535.848963,1234,0.4813064755,0.3867126293,0.3527122447,0.4207130139
synthetic_20250706,synthetic,2025-07-06,adapted,1235,0.3870260107,8.269916986,-0.5151968874,0.2654278328,1536.114391,1235,0.4813896557,0.3870260107,0.3530256261,0.4210263953
synthetic_20250706,synthetic,2025-07-06,adapted,1236,0.387339392,8.268520227,-0.2078366099,0.0431960564,1536.157587,1236,0.4814031925,0.387339392,0.3533390074,0.4213397766
synthetic_20250706,synthetic,2025-07-06,adapted,1237,0.3876527734,8.264461436,-0.0613196307,0.00376009711,1536.161347,1237,0.4814043709,0.3876527734,0.3536523888,0.421653158
synthetic_20250706,synthetic,2025-07-06,adapted,1238,0.3879661548,8.258949806,-1.538856395,2.368079005,1538.529426,1238,0.4821464827,0.3879661548,0.3539657702,0.4219665394
synthetic_20250706,synthetic,2025-07-06,adapted,1239,0.3882795362,8.258274281,-0.6029042974,0.3634935919,1538.89292,1239,0.4822603949,0.3882795362,0.3542791516,0.4222799208
synthetic_20250706,synthetic,2025-07-06,adapted,1240,0.3885929176,8.256383977,-0.1717319023,0.02949184627,1538.922412,1240,0.4822696371,0.3885929176,0.354592533,0.4225933022
synthetic_20250706,synthetic,2025-07-06,adapted,1241,0.388906299,8.255141982,-1.762067177,3.104880737,1542.027293,1241,0.4832426489,0.388906299,0.3549059144,0.4229066836
synthetic_20250706,synthetic,2025-07-06,adapted,1242,0.3892196804,8.249501179,0.8202777532,0.6728555925,1542.700148,1242,0.4834535093,0.3892196804,0.3552192958,0.423220065
synthetic_20250706,synthetic,2025-07-06,adapted,1243,0.3895330617,8.248471773,-0.4462967477,0.199180787,1542.899329,1243,0.4835159289,0.3895330617,0.3555326771,0.4235334463
synthetic_20250706,synthetic,2025-07-06,adapted,1244,0.3898464431,8.244506525,-0.2595756193,0.06737950212,1542.966708,1244,0.4835370443,0.3898464431,0.3558460585,0.4238468277
synthetic_20250706,synthetic,2025-07-06,adapted,1245,0.3901598245,8.24264931,-0.4846121302,0.2348489167,1543.201557,1245,0.4836106416,0.3901598245,0.3561594399,0.4241602091
synthetic_20250706,synthetic,2025-07-06,adapted,1246,0.3904732059,8.241647584,0.3897406736,0.1518977926,1543.353455,1246,0.4836582436,0.3904732059,0.3564728213,0.4244735905
synthetic_20250706,synthetic,2025-07-06,adapted,1247,0.3907865873,8.238933874,-1.243268778,1.545717254,1544.899172,1247,0.4841426426,0.3907865873,0.3567862027,0.4247869719
synthetic_20250706,synthetic,2025-07-06,adapted,1248,0.3910999687,8.236133414,-0.1854400565,0.03438801456,1544.93356,1248,0.4841534191,0.3910999687,0.3570995841,0.4251003533
synthetic_20250706,synthetic,2025-07-06,adapted,1249,0.39141335,8.229445513,0.4251281411,0.1807339364,1545.114294,1249,0.4842100578,0.39141335,0.3574129654,0.4254137346
synthetic_20250706,synthetic,2025-07-06,adapted,1250,0.3917267314,8.229180335,-0.4681200734,0.2191364032,1545.333431,1250,0.4842787311,0.3917267314,0.3577263468,0.425727116
synthetic_20250706,synthetic,2025-07-06,adapted,1251,0.3920401128,8.225592834,0.313352923,0.09819005433,1545.431621,1251,0.484309502,0.3920401128,0.3580397282,0.4260404974
synthetic_20250706,synthetic,2025-07-06,adapted,1252,0.3923534942,8.219565483,-0.4933852921,0.2434290465,1545.67505,1252,0.4843857881,0.3923534942,0.3583531096,0.4263538788
synthetic_20250706,synthetic,2025-07-06,adapted,1253,0.3926668756,8.218288473,0.4092924745,0.1675203296,1545.84257,1253,0.4844382859,0.3926668756,0.358666491,0.4266672602
synthetic_20250706,synthetic,2025-07-06,adapted,1254,0.392980257,8.215770049,0.3312818477,0.1097476626,1545.952318,1254,0.4844726787,0.392980257,0.3589798724,0.4269806416
synthetic_20250706,synthetic,2025-07-06,adapted,1255,0.3932936384,8.213567473,-1.520779913,2.312771544,1548.265089,1255,0.4851974583,0.3932936384,0.3592932538,0.427294023
synthetic_20250706,synthetic,2025-07-06,adapted,1256,0.3936070197,8.211192063,0.7892512939,0.6229176049,1548.888007,1256,0.4853926691,0.3936070197,0.3596066351,0.4276074043
synthetic_20250706,synthetic,2025-07-06,adapted,1257,0.3939204011,8.209225173,-0.8589887136,0.7378616102,1549.625869,1257,0.4856239012,0.3939204011,0.3599200165,0.4279207857
synthetic_20250706,synthetic,2025-07-06,adapted,1258,0.3942337825,8.207900687,-1.096183213,1.201617636,1550.827486,1258,0.4860004658,0.3942337825,0.3602333979,0.4282341671
synthetic_20250706,synthetic,2025-07-06,adapted,1259,0.3945471639,8.204615419,-0.5349798289,0.2862034173,1551.11369,1259,0.4860901566,0.3945471639,0.3605467793,0.4285475485
synthetic_20250706,synthetic,2025-07-06,adapted,1260,0.3948605453,8.202274069,1.669478708,2.787159155,1553.900849,1260,0.4869636004,0.3948605453,0.3608601607,0.4288609299
synthetic_20250706,synthetic,2025-07-06,adapted,1261,0.3951739267,8.19862179,-0.9161544413,0.8393389603,1554.740188,1261,0.4872266336,0.3951739267,0.3611735421,0.4291743113
synthetic_20250706,synthetic,2025-07-06,adapted,1262,0.3954873081,8.196688996,-0.5271459615,0.2778828648,1555.018071,1262,0.4873137169,0.3954873081,0.3614869235,0.4294876927
synthetic_20250706,synthetic,2025-07-06,adapted,1263,0.3958006894,8.193755964,0.2822929345,0.07968930087,1555.09776,1263,0.4873386901,0.3958006894,0.3618003048,0.429801074
synthetic_20250706,synthetic,2025-07-06,adapted,1264,0.3961140708,8.192289498,-0.2023653815,0.04095174764,1555.138712,1264,0.4873515236,0.3961140708,0.3621136862,0.4301144554
synthetic_20250706,synthetic,2025-07-06,adapted,1265,0.3964274522,8.188291341,-0.07344947894,0.005394825957,1555.144107,1265,0.4873532142,0.3964274522,0.3624270676,0.4304278368
synthetic_20250706,synthetic,2025-07-06,adapted,1266,0.3967408336,8.184514768,0.4108617877,0.1688074086,1555.312914,1266,0.4874061153,0.3967408336,0.362740449,0.4307412182
synthetic_20250706,synthetic,2025-07-06,adapted,1267,0.397054215,8.182253985,1.18588102,1.406313793,1556.719228,1267,0.4878468279,0.397054215,0.3630538304,0.4310545996
synthetic_20250706,synthetic,2025-07-06,adapted,1268,0.3973675964,8.179499745,0.71221151,0.507245235,1557.226473,1268,0.4880057891,0.3973675964,0.3633672118,0.431367981
synthetic_20250706,synthetic,2025-07-06,adapted,1269,0.3976809777,8.178197103,-1.16787356,1.363928653,1558.590402,1269,0.4884332189,0.3976809777,0.3636805931,0.4316813624
synthetic_20250706,synthetic,2025-07-06,adapted,1270,0.3979943591,8.176789447,-0.9627441174,0.9268762356,1559.517278,1270,0.4887236847,0.3979943591,0.3639939745,0.4319947437
synthetic_20250706,synthetic,2025-07-06,adapted,1271,0.3983077405,8.174538754,-1.303253271,1.698469089,1561.215747,1271,0.4892559533,0.3983077405,0.3643073559,0.4323081251
synthetic_20250706,synthetic,2025-07-06,adapted,1272,0.3986211219,8.172166834,-0.2660886196,0.0708031535,1561.28655,1272,0.4892781417,0.3986211219,0.3646207373,0.4326215065
synthetic_20250706,synthetic,2025-07-06,adapted,1273,0.3989345033,8.171338112,1.195878409,1.430125169,1562.716675,1273,0.4897263163,0.3989345033,0.3649341187,0.4329348879
synthetic_20250706,synthetic,2025-07-06,adapted,1274,0.3992478847,8.167818513,-0.7448832247,0.5548510185,1563.271526,1274,0.4899001963,0.3992478847,0.3652475001,0.4332482693
synthetic_20250706,synthetic,2025-07-06,adapted,1275,0.3995612661,8.166402794,0.2640854428,0.06974112108,1563.341267,1275,0.4899220518,0.3995612661,0.3655608815,0.4335616507
synthetic_20250706,synthetic,2025-07-06,adapted,1276,0.3998746474,8.163240191,-0.6768569943,0.4581353907,1563.799403,1276,0.4900656229,0.3998746474,0.3658742628,0.433875032
synthetic_20250706,synthetic,2025-07-06,adapted,1277,0.4001880288,8.160878746,0.845065458,0.7141356283,1564.513538,1277,0.4902894198,0.4001880288,0.3661876442,0.4341884134
synthetic_20250706,synthetic,2025-07-06,adapted,1278,0.4005014102,8.160078554,-0.697242547,0.4861471693,1564.999686,1278,0.4904417692,0.4005014102,0.3665010256,0.4345017948
synthetic_20250706,synthetic,2025-07-06,adapted,1279,0.4008147916,8.155526423,-0.00644225909,4.150270219e-05,1564.999727,1279,0.4904417822,0.4008147916,0.366814407,0.4348151762
synthetic_20250706,synthetic,2025-07-06,adapted,1280,0.401128173,8.151541898,-0.4695902924,0.2205150427,1565.220242,1280,0.4905108875,0.401128173,0.3671277884,0.4351285576
synthetic_20250706,synthetic,2025-07-06,adapted,1281,0.4014415544,8.150803289,-0.2477121779,0.06136132309,1565.281603,1281,0.490530117,0.4014415544,0.3674411698,0.435441939
synthetic_20250706,synthetic,2025-07-06,adapted,1282,0.4017549358,8.147416832,0.03450870997,0.001190851064,1565.282794,1282,0.4905304902,0.4017549358,0.3677545512,0.4357553204
synthetic_20250706,synthetic,2025-07-06,adapted,1283,0.4020683171,8.145525115,-0.5701740511,0.3250984486,1565.607893,1283,0.49063237,0.4020683171,0.3680679325,0.4360687017
synthetic_20250706,synthetic,2025-07-06,adapted,1284,0.4023816985,8.143047982,0.0290974406,0.0008466610496,1565.608739,1284,0.4906326354,0.4023816985,0.3683813139,0.4363820831
synthetic_20250706,synthetic,2025-07-06,adapted,1285,0.4026950799,8.141554168,0.5361257182,0.2874307858,1565.89617,1285,0.4907227108,0.4026950799,0.3686946953,0.4366954645
synthetic_20250706,synthetic,2025-07-06,adapted,1286,0.4030084613,8.140731273,-0.560583366,0.3142537102,1566.210424,1286,0.4908211921,0.4030084613,0.3690080767,0.4370088459
synthetic_20250706,synthetic,2025-07-06,adapted,1287,0.4033218427,8.135964591,-1.348033802,1.817195131,1568.027619,1287,0.4913906672,0.4033218427,0.3693214581,0.4373222273
synthetic_20250706,synthetic,2025-07-06,adapted,1288,0.4036352241,8.133635532,-1.02332817,1.047200543,1569.07482,1288,0.4917188404,0.4036352241,0.3696348395,0.4376356087
synthetic_20250706,synthetic,2025-07-06,adapted,1289,0.4039486055,8.130600203,-0.2889257031,0.08347806189,1569.158298,1289,0.4917450008,0.4039486055,0.3699482209,0.4379489901
synthetic_20250706,synthetic,2025-07-06,adapted,1290,0.4042619868,8.129581131,-1.039965311,1.081527848,1570.239826,1290,0.4920839315,0.4042619868,0.3702616022,0.4382623714
synthetic_20250706,synthetic,2025-07-06,adapted,1291,0.4045753682,8.127134991,0.7134835498,0.5090587758,1570.748884,1291,0.4922434611,0.4045753682,0.3705749836,0.4385757528
synthetic_20250706,synthetic,2025-07-06,adapted,1292,0.4048887496,8.126126234,0.1249406957,0.01561017744,1570.764494,1292,0.492248353,0.4048887496,0.370888365,0.4388891342
synthetic_20250706,synthetic,2025-07-06,adapted,1293,0.405202131,8.120830906,-1.500493656,2.251481212,1573.015976,1293,0.4929539253,0.405202131,0.3712017464,0.4392025156
synthetic_20250706,synthetic,2025-07-06,adapted,1294,0.4055155124,8.11968953,-0.2064816915,0.04263468891,1573.05861,1294,0.4929672862,0.4055155124,0.3715151278,0.439515897
synthetic_20250706,synthetic,2025-07-06,adapted,1295,0.4058288938,8.118385372,2.019905622,4.080018723,1577.138629,1295,0.4942458882,0.4058288938,0.3718285092,0.4398292784
synthetic_20250706,synthetic,2025-07-06,adapted,1296,0.4061422751,8.116651613,2.412444772,5.819889778,1582.958519,1296,0.4960697333,0.4061422751,0.3721418905,0.4401426597
synthetic_20250706,synthetic,2025-07-06,adapted,1297,0.4064556565,8.113857645,1.101233964,1.212716244,1584.171235,1297,0.496449776,0.4064556565,0.3724552719,0.4404560411
synthetic_20250706,synthetic,2025-07-06,adapted,1298,0.4067690379,8.11035419,0.5468013871,0.2989917569,1584.470227,1298,0.4965434744,0.4067690379,0.3727686533,0.4407694225
synthetic_20250706,synthetic,2025-07-06,adapted,1299,0.4070824193,8.110001684,0.4108467934,0.1687950876,1584.639022,1299,0.4965963717,0.4070824193,0.3730820347,0.4410828039
synthetic_20250706,synthetic,2025-07-06,adapted,1300,0.4073958007,8.107050248,0.1166150557,0.01359907121,1584.652621,1300,0.4966006334,0.4073958007,0.3733954161,0.4413961853
synthetic_20250706,synthetic,2025-07-06,adapted,1301,0.4077091821,8.105749659,1.210424158,1.465126643,1586.117748,1301,0.4970597768,0.4077091821,0.3737087975,0.4417095667
synthetic_20250706,synthetic,2025-07-06,adapted,1302,0.4080225635,8.101416329,0.900679915,0.8112243093,1586.928972,1302,0.4973139994,0.4080225635,0.3740221789,0.4420229481
synthetic_20250706,synthetic,2025-07-06,adapted,1303,0.4083359448,8.100562385,-1.355284184,1.836795219,1588.765767,1303,0.4978896168,0.4083359448,0.3743355602,0.4423363294
synthetic_20250706,synthetic,2025-07-06,adapted,1304,0.4086493262,8.097320331,0.4069881786,0.1656393775,1588.931407,1304,0.4979415251,0.4086493262,0.3746489416,0.4426497108
synthetic_20250706,synthetic,2025-07-06,adapted,1305,0.4089627076,8.096392377,0.3478620159,0.1210079821,1589.052415,1305,0.4979794467,0.4089627076,0.374962323,0.4429630922
synthetic_20250706,synthetic,2025-07-06,adapted,1306,0.409276089,8.091769604,1.178368806,1.388553044,1590.440968,1306,0.4984145934,0.409276089,0.3752757044,0.4432764736
synthetic_20250706,synthetic,2025-07-06,adapted,1307,0.4095894704,8.089846206,0.42283264,0.1787874415,1590.619755,1307,0.4984706221,0.4095894704,0.3755890858,0.443589855
synthetic_20250706,synthetic,2025-07-06,adapted,1308,0.4099028518,8.088988053,0.6020790872,0.3624992272,1590.982254,1308,0.4985842226,0.4099028518,0.3759024672,0.4439032364
synthetic_20250706,synthetic,2025-07-06,adapted,1309,0.4102162332,8.086015258,-0.3817890715,0.1457628952,1591.128017,1309,0.498629902,0.4102162332,0.3762158486,0.4442166178
synthetic_20250706,synthetic,2025-07-06,adapted,1310,0.4105296145,8.083257077,0.5246133191,0.2752191346,1591.403236,1310,0.4987161505,0.4105296145,0.3765292299,0.4445299991
synthetic_20250706,synthetic,2025-07-06,adapted,1311,0.4108429959,8.079994344,1.25549467,1.576266867,1592.979503,1311,0.4992101232,0.4108429959,0.3768426113,0.4448433805
synthetic_20250706,synthetic,2025-07-06,adapted,1312,0.4111563773,8.079378604,0.1532663597,0.02349057702,1593.002994,1312,0.4992174847,0.4111563773,0.3771559927,0.4451567619
synthetic_20250706,synthetic,2025-07-06,adapted,1313,0.4114697587,8.078266245,-1.119166097,1.252532754,1594.255527,1313,0.4996100052,0.4114697587,0.3774693741,0.4454701433
synthetic_20250706,synthetic,2025-07-06,adapted,1314,0.4117831401,8.077461345,0.3143581872,0.09882106986,1594.354348,1314,0.4996409739,0.4117831401,0.3777827555,0.4457835247
synthetic_20250706,synthetic,2025-07-06,adapted,1315,0.4120965215,8.074583889,1.527831492,2.334269068,1596.688617,1315,0.5003724903,0.4120965215,0.3780961369,0.4460969061
synthetic_20250706,synthetic,2025-07-06,adapted,1316,0.4124099029,8.072035801,0.1774613041,0.03149251447,1596.720109,1316,0.5003823595,0.4124099029,0.3784095183,0.4464102875
synthetic_20250706,synthetic,2025-07-06,adapted,1317,0.4127232842,8.068511101,-0.9687358126,0.9384490745,1597.658558,1317,0.500676452,0.4127232842,0.3787228996,0.4467236688
synthetic_20250706,synthetic,2025-07-06,adapted,1318,0.4130366656,8.063599311,1.560187129,2.434183877,1600.092742,1318,0.5014392799,0.4130366656,0.379036281,0.4470370502
synthetic_20250706,synthetic,2025-07-06,adapted,1319,0.413350047,8.062133277,-0.2300216542,0.05290996139,1600.145652,1319,0.5014558609,0.413350047,0.3793496624,0.4473504316
synthetic_20250706,synthetic,2025-07-06,adapted,1320,0.4136634284,8.059777301,0.9319918719,0.8686088493,1601.014261,1320,0.5017280667,0.4136634284,0.3796630438,0.447663813
synthetic_20250706,synthetic,2025-07-06,adapted,1321,0.4139768098,8.057058592,1.643939069,2.702535661,1603.716797,1321,0.5025749911,0.4139768098,0.3799764252,0.4479771944
synthetic_20250706,synthetic,2025-07-06,adapted,1322,0.4142901912,8.054666653,-1.374073471,1.888077905,1605.604874,1322,0.5031666796,0.4142901912,0.3802898066,0.4482905758
synthetic_20250706,synthetic,2025-07-06,adapted,1323,0.4146035725,8.054183317,-0.03423138157,0.001171787484,1605.606046,1323,0.5031670468,0.4146035725,0.3806031879,0.4486039571
synthetic_20250706,synthetic,2025-07-06,adapted,1324,0.4149169539,8.05207793,-0.6276245884,0.393912624,1605.999959,1324,0.5032904917,0.4149169539,0.3809165693,0.4489173385
synthetic_20250706,synthetic,2025-07-06,adapted,1325,0.4152303353,8.046385543,0.8047155671,0.6475671439,1606.647526,1325,0.5034934272,0.4152303353,0.3812299507,0.4492307199
synthetic_20250706,synthetic,2025-07-06,adapted,1326,0.4155437167,8.045023749,0.8344385607,0.6962877115,1607.343814,1326,0.5037116308,0.4155437167,0.3815433321,0.4495441013
synthetic_20250706,synthetic,2025-07-06,adapted,1327,0.4158570981,8.042236333,0.8188045613,0.6704409096,1608.014255,1327,0.5039217345,0.4158570981,0.3818567135,0.4498574827
synthetic_20250706,synthetic,2025-07-06,adapted,1328,0.4161704795,8.037234292,-2.637741725,6.957681408,1614.971936,1328,0.5061021423,0.4161704795,0.3821700949,0.4501708641
synthetic_20250706,synthetic,2025-07-06,adapted,1329,0.4164838609,8.037004576,0.8369807111,0.7005367108,1615.672473,1329,0.5063216775,0.4164838609,0.3824834763,0.4504842455
synthetic_20250706,synthetic,2025-07-06,adapted,1330,0.4167972422,8.034701271,-1.908294005,3.641586009,1619.314059,1330,0.5074628827,0.4167972422,0.3827968576,0.4507976268
synthetic_20250706,synthetic,2025-07-06,adapted,1331,0.4171106236,8.031859298,0.930373156,0.8655942095,1620.179653,1331,0.5077341438,0.4171106236,0.383110239,0.4511110082
synthetic_20250706,synthetic,2025-07-06,adapted,1332,0.417424005,8.029413504,-0.5876473067,0.345329357,1620.524982,1332,0.5078423636,0.417424005,0.3834236204,0.4514243896
synthetic_20250706,synthetic,2025-07-06,adapted,1333,0.4177373864,8.024091683,-1.631087733,2.660447194,1623.18543,1333,0.5086760983,0.4177373864,0.3837370018,0.451737771
synthetic_20250706,synthetic,2025-07-06,adapted,1334,0.4180507678,8.019646808,0.2691039163,0.07241691777,1623.257846,1334,0.5086987924,0.4180507678,0.3840503832,0.4520511524
synthetic_20250706,synthetic,2025-07-06,adapted,1335,0.4183641492,8.01687249,-1.067305362,1.139140737,1624.396987,1335,0.5090557779,0.4183641492,0.3843637646,0.4523645338
synthetic_20250706,synthetic,2025-07-06,adapted,1336,0.4186775306,8.015985995,1.196875692,1.432511423,1625.829499,1336,0.5095047003,0.4186775306,0.384677146,0.4526779152
synthetic_20250706,synthetic,2025-07-06,adapted,1337,0.4189909119,8.013250896,0.1271054301,0.01615579037,1625.845654,1337,0.5095097632,0.4189909119,0.3849905273,0.4529912965
synthetic_20250706,synthetic,2025-07-06,adapted,1338,0.4193042933,8.010427585,-0.7064151163,0.4990223165,1626.344677,1338,0.5096661475,0.4193042933,0.3853039087,0.4533046779
synthetic_20250706,synthetic,2025-07-06,adapted,1339,0.4196176747,8.009694611,1.747792103,3.054777236,1629.399454,1339,0.5106234578,0.4196176747,0.3856172901,0.4536180593
synthetic_20250706,synthetic,2025-07-06,adapted,1340,0.4199310561,8.004002165,-0.5040005956,0.2540166004,1629.653471,1340,0.5107030619,0.4199310561,0.3859306715,0.4539314407
synthetic_20250706,synthetic,2025-07-06,adapted,1341,0.4202444375,8.002805937,-0.2925727479,0.08559881283,1629.739069,1341,0.510729887,0.4202444375,0.3862440529,0.4542448221
synthetic_20250706,synthetic,2025-07-06,adapted,1342,0.4205578189,7.999516513,0.88850856,0.7894474612,1630.528517,1342,0.5109772851,0.4205578189,0.3865574343,0.4545582035
synthetic_20250706,synthetic,2025-07-06,adapted,1343,0.4208712003,7.996812205,0.8038917426,0.6462419338,1631.174759,1343,0.5111798053,0.4208712003,0.3868708157,0.4548715849
synthetic_20250706,synthetic,2025-07-06,adapted,1344,0.4211845816,7.99612058,-0.3895734893,0.1517675036,1631.326526,1344,0.5112273664,0.4211845816,0.387184197,0.4551849662
synthetic_20250706,synthetic,2025-07-06,adapted,1345,0.421497963,7.9939504,-0.1801456916,0.0324524702,1631.358979,1345,0.5112375364,0.421497963,0.3874975784,0.4554983476
synthetic_20250706,synthetic,2025-07-06,adapted,1346,0.4218113444,7.99078169,-0.4099581016,0.168065645,1631.527044,1346,0.5112902051,0.4218113444,0.3878109598,0.455811729
synthetic_20250706,synthetic,2025-07-06,adapted,1347,0.4221247258,7.988607548,0.2176876698,0.04738792158,1631.574432,1347,0.5113050556,0.4221247258,0.3881243412,0.4561251104
synthetic_20250706,synthetic,2025-07-06,adapted,1348,0.4224381072,7.98709755,0.05533955615,0.003062466475,1631.577495,1348,0.5113060153,0.4224381072,0.3884377226,0.4564384918
synthetic_20250706,synthetic,2025-07-06,adapted,1349,0.4227514886,7.980935913,-0.8594507571,0.7386556038,1632.31615,1349,0.5115374962,0.4227514886,0.388751104,0.4567518732
synthetic_20250706,synthetic,2025-07-06,adapted,1350,0.4230648699,7.978004057,0.3755041669,0.1410033794,1632.457154,1350,0.511581684,0.4230648699,0.3890644853,0.4570652545
synthetic_20250706,synthetic,2025-07-06,adapted,1351,0.4233782513,7.976471508,0.1476189023,0.02179134031,1632.478945,1351,0.511588513,0.4233782513,0.3893778667,0.4573786359
synthetic_20250706,synthetic,2025-07-06,adapted,1352,0.4236916327,7.974389653,-0.01282480472,0.000164475616,1632.47911,1352,0.5115885646,0.4236916327,0.3896912481,0.4576920173
synthetic_20250706,synthetic,2025-07-06,adapted,1353,0.4240050141,7.973445355,-0.1606656409,0.02581344815,1632.504923,1353,0.511596654,0.4240050141,0.3900046295,0.4580053987
synthetic_20250706,synthetic,2025-07-06,adapted,1354,0.4243183955,7.970109522,-0.100999565,0.01020091212,1632.515124,1354,0.5115998508,0.4243183955,0.3903180109,0.4583187801
synthetic_20250706,synthetic,2025-07-06,adapted,1355,0.4246317769,7.969992372,1.00083701,1.00167472,1633.516799,1355,0.511913757,0.4246317769,0.3906313923,0.4586321615
synthetic_20250706,synthetic,2025-07-06,adapted,1356,0.4249451583,7.968008907,1.159722195,1.344955569,1634.861754,1356,0.5123352411,0.4249451583,0.3909447737,0.4589455429
synthetic_20250706,synthetic,2025-07-06,adapted,1357,0.4252585396,7.965847289,-1.261795793,1.592128624,1636.453883,1357,0.5128341845,0.4252585396,0.391258155,0.4592589242
synthetic_20250706,synthetic,2025-07-06,adapted,1358,0.425571921,7.96359147,0.2484387989,0.06172183679,1636.515605,1358,0.512853527,0.425571921,0.3915715364,0.4595723056
synthetic_20250706,synthetic,2025-07-06,adapted,1359,0.4258853024,7.962431053,2.624437095,6.887670065,1643.403275,1359,0.5150119946,0.4258853024,0.3918849178,0.459885687
synthetic_20250706,synthetic,2025-07-06,adapted,1360,0.4261986838,7.958983262,1.909676482,3.646864264,1647.050139,1360,0.516154854,0.4261986838,0.3921982992,0.4601990684
synthetic_20250706,synthetic,2025-07-06,adapted,1361,0.4265120652,7.958464393,-0.9000714518,0.8101286183,1647.860268,1361,0.5164087332,0.4265120652,0.3925116806,0.4605124498
synthetic_20250706,synthetic,2025-07-06,adapted,1362,0.4268254466,7.951437226,-1.450328219,2.103451944,1649.96372,1362,0.5170679159,0.4268254466,0.392825062,0.4608258312
synthetic_20250706,synthetic,2025-07-06,adapted,1363,0.427138828,7.950015144,0.1116971731,0.01247625847,1649.976196,1363,0.5170718257,0.427138828,0.3931384434,0.4611392126
synthetic_20250706,synthetic,2025-07-06,adapted,1364,0.4274522093,7.948608923,-1.221130956,1.491160812,1651.467357,1364,0.5175391278,0.4274522093,0.3934518247,0.4614525939
synthetic_20250706,synthetic,2025-07-06,adapted,1365,0.4277655907,7.947899288,2.928634621,8.576900746,1660.044257,1365,0.5202269688,0.4277655907,0.3937652061,0.4617659753
synthetic_20250706,synthetic,2025-07-06,adapted,1366,0.4280789721,7.942805086,-0.1929064688,0.03721290572,1660.08147,1366,0.5202386306,0.4280789721,0.3940785875,0.4620793567
synthetic_20250706,synthetic,2025-07-06,adapted,1367,0.4283923535,7.942477259,-0.1484778405,0.02204566912,1660.103516,1367,0.5202455393,0.4283923535,0.3943919689,0.4623927381
synthetic_20250706,synthetic,2025-07-06,adapted,1368,0.4287057349,7.941822986,0.3574092288,0.1277413568,1660.231257,1368,0.5202855711,0.4287057349,0.3947053503,0.4627061195
synthetic_20250706,synthetic,2025-07-06,adapted,1369,0.4290191163,7.937960045,-0.6729331019,0.4528389596,1660.684096,1369,0.5204274824,0.4290191163,0.3950187317,0.4630195009
synthetic_20250706,synthetic,2025-07-06,adapted,1370,0.4293324976,7.935616262,0.3094128276,0.0957362979,1660.779833,1370,0.5204574844,0.4293324976,0.395332113,0.4633328822
synthetic_20250706,synthetic,2025-07-06,adapted,1371,0.429645879,7.932062719,-0.438341211,0.1921430172,1660.971976,1371,0.5205176984,0.429645879,0.3956454944,0.4636462636
synthetic_20250706,synthetic,2025-07-06,adapted,1372,0.4299592604,7.92876957,1.38639445,1.922089572,1662.894065,1372,0.5211200455,0.4299592604,0.3959588758,0.463959645
synthetic_20250706,synthetic,2025-07-06,adapted,1373,0.4302726418,7.927444289,0.8166204637,0.6668689817,1663.560934,1373,0.5213290298,0.4302726418,0.3962722572,0.4642730264
synthetic_20250706,synthetic,2025-07-06,adapted,1374,0.4305860232,7.927158599,0.4979499532,0.2479541559,1663.808888,1374,0.521406734,0.4305860232,0.3965856386,0.4645864078
synthetic_20250706,synthetic,2025-07-06,adapted,1375,0.4308994046,7.923901943,-1.13919519,1.297765681,1665.106654,1375,0.5218134296,0.4308994046,0.39689902,0.4648997892
synthetic_20250706,synthetic,2025-07-06,adapted,1376,0.431212786,7.918854695,0.4976040429,0.2476097835,1665.354264,1376,0.5218910259,0.431212786,0.3972124014,0.4652131706
synthetic_20250706,synthetic,2025-07-06,adapted,1377,0.4315261673,7.917491794,1.151279443,1.325444356,1666.679708,1377,0.5223063955,0.4315261673,0.3975257827,0.4655265519
synthetic_20250706,synthetic,2025-07-06,adapted,1378,0.4318395487,7.915106758,-0.957477006,0.9167622171,1667.59647,1378,0.5225936917,0.4318395487,0.3978391641,0.4658399333
synthetic_20250706,synthetic,2025-07-06,adapted,1379,0.4321529301,7.913065903,-1.82233841,3.32091728,1670.917388,1379,0.5236344054,0.4321529301,0.3981525455,0.4661533147
synthetic_20250706,synthetic,2025-07-06,adapted,1380,0.4324663115,7.911174869,-2.438584794,5.946695796,1676.864083,1380,0.5254979892,0.4324663115,0.3984659269,0.4664666961
synthetic_20250706,synthetic,2025-07-06,adapted,1381,0.4327796929,7.909033207,0.5594056248,0.3129346531,1677.177018,1381,0.5255960571,0.4327796929,0.3987793083,0.4667800775
synthetic_20250706,synthetic,2025-07-06,adapted,1382,0.4330930743,7.906099739,0.9065129527,0.8217657334,1677.998784,1382,0.5258535831,0.4330930743,0.3990926897,0.4670934589
synthetic_20250706,synthetic,2025-07-06,adapted,1383,0.4334064557,7.905755823,0.1894938269,0.03590791045,1678.034692,1383,0.525864836,0.4334064557,0.3994060711,0.4674068403
synthetic_20250706,synthetic,2025-07-06,adapted,1384,0.433719837,7.902370442,-0.01921547798,0.0003692345941,1678.035061,1384,0.5258649517,0.433719837,0.3997194524,0.4677202216
synthetic_20250706,synthetic,2025-07-06,adapted,1385,0.4340332184,7.900351519,-0.7902654878,0.6245195412,1678.659581,1385,0.5260606645,0.4340332184,0.4000328338,0.468033603
synthetic_20250706,synthetic,2025-07-06,adapted,1386,0.4343465998,7.897667672,0.1768183668,0.03126473484,1678.690845,1386,0.5260704623,0.4343465998,0.4003462152,0.4683469844
synthetic_20250706,synthetic,2025-07-06,adapted,1387,0.4346599812,7.897018474,-0.2272717142,0.05165243208,1678.742498,1387,0.5260866492,0.4346599812,0.4006595966,0.4686603658
synthetic_20250706,synthetic,2025-07-06,adapted,1388,0.4349733626,7.892198067,0.3257006357,0.1060809041,1678.848579,1388,0.526119893,0.4349733626,0.400972978,0.4689737472
synthetic_20250706,synthetic,2025-07-06,adapted,1389,0.435286744,7.890795749,-0.1563700989,0.02445160783,1678.87303,1389,0.5261275557,0.435286744,0.4012863594,0.4692871286
synthetic_20250706,synthetic,2025-07-06,adapted,1390,0.4356001254,7.885407092,-1.618022762,2.617997657,1681.491028,1390,0.5269479874,0.4356001254,0.4015997408,0.46960051
synthetic_20250706,synthetic,2025-07-06,adapted,1391,0.4359135067,7.884806836,-0.3268487023,0.1068300742,1681.597858,1391,0.526981466,0.4359135067,0.4019131221,0.4699138913
synthetic_20250706,synthetic,2025-07-06,adapted,1392,0.4362268881,7.880886217,-2.246252635,5.0456509,1686.643509,1392,0.528562679,0.4362268881,0.4022265035,0.4702272727
synthetic_20250706,synthetic,2025-07-06,adapted,1393,0.4365402695,7.879492495,-0.4095136146,0.1677014006,1686.81121,1393,0.5286152335,0.4365402695,0.4025398849,0.4705406541
synthetic_20250706,synthetic,2025-07-06,adapted,1394,0.4368536509,7.878783697,0.1298403803,0.01685852435,1686.828069,1394,0.5286205167,0.4368536509,0.4028532663,0.4708540355
synthetic_20250706,synthetic,2025-07-06,adapted,1395,0.4371670323,7.876212449,-0.3394719329,0.1152411932,1686.94331,1395,0.5286566311,0.4371670323,0.4031666477,0.4711674169
synthetic_20250706,synthetic,2025-07-06,adapted,1396,0.4374804137,7.873605717,0.6412498747,0.4112014018,1687.354511,1396,0.528785494,0.4374804137,0.4034800291,0.4714807983
synthetic_20250706,synthetic,2025-07-06,adapted,1397,0.437793795,7.871323307,-0.9810435736,0.9624464934,1688.316958,1397,0.5290871068,0.437793795,0.4037934104,0.4717941796
synthetic_20250706,synthetic,2025-07-06,adapted,1398,0.4381071764,7.869146755,-0.597460591,0.3569591578,1688.673917,1398,0.5291989712,0.4381071764,0.4041067918,0.472107561
synthetic_20250706,synthetic,2025-07-06,adapted,1399,0.4384205578,7.866845384,-1.450797197,2.104812507,1690.778729,1399,0.5298585802,0.4384205578,0.4044201732,0.4724209424
synthetic_20250706,synthetic,2025-07-06,adapted,1400,0.4387339392,7.864219531,-0.1422121881,0.02022430645,1690.798954,1400,0.5298649181,0.4387339392,0.4047335546,0.4727343238
synthetic_20250706,synthetic,2025-07-06,adapted,1401,0.4390473206,7.862508182,-0.2463130945,0.06067014054,1690.859624,1401,0.529883931,0.4390473206,0.405046936,0.4730477052
synthetic_20250706,synthetic,2025-07-06,adapted,1402,0.439360702,7.86003499,1.301412672,1.693674943,1692.553299,1402,0.5304146972,0.439360702,0.4053603174,0.4733610866
synthetic_20250706,synthetic,2025-07-06,adapted,1403,0.4396740834,7.85947011,-0.3819972722,0.145921916,1692.699221,1403,0.5304604264,0.4396740834,0.4056736988,0.473674468
synthetic_20250706,synthetic,2025-07-06,adapted,1404,0.4399874647,7.856787668,-1.019149629,1.038665965,1693.737887,1404,0.530785925,0.4399874647,0.4059870801,0.4739878493
synthetic_20250706,synthetic,2025-07-06,adapted,1405,0.4403008461,7.851763223,-1.515791335,2.297623371,1696.03551,1405,0.5315059574,0.4403008461,0.4063004615,0.4743012307
synthetic_20250706,synthetic,2025-07-06,adapted,1406,0.4406142275,7.849794722,-0.315469979,0.09952130766,1696.135031,1406,0.5315371455,0.4406142275,0.4066138429,0.4746146121
synthetic_20250706,synthetic,2025-07-06,adapted,1407,0.4409276089,7.846346487,0.4921653479,0.2422267297,1696.377258,1407,0.5316130549,0.4409276089,0.4069272243,0.4749279935
synthetic_20250706,synthetic,2025-07-06,adapted,1408,0.4412409903,7.84490311,0.3635956993,0.1322018326,1696.50946,1408,0.5316544845,0.4412409903,0.4072406057,0.4752413749
synthetic_20250706,synthetic,2025-07-06,adapted,1409,0.4415543717,7.842230491,0.7415016667,0.5498247217,1697.059285,1409,0.5318267893,0.4415543717,0.4075539871,0.4755547563
synthetic_20250706,synthetic,2025-07-06,adapted,1410,0.4418677531,7.840797005,-1.22129197,1.491554077,1698.550839,1410,0.5322942146,0.4418677531,0.4078673685,0.4758681377
synthetic_20250706,synthetic,2025-07-06,adapted,1411,0.4421811344,7.838801857,0.70294102,0.4941260776,1699.044965,1411,0.5324490645,0.4421811344,0.4081807498,0.476181519
synthetic_20250706,synthetic,2025-07-06,adapted,1412,0.4424945158,7.836987992,0.6785358266,0.460410868,1699.505376,1412,0.5325933487,0.4424945158,0.4084941312,0.4764949004
synthetic_20250706,synthetic,2025-07-06,adapted,1413,0.4428078972,7.833178817,-0.08805838299,0.007754278815,1699.51313,1413,0.5325957788,0.4428078972,0.4088075126,0.4768082818
synthetic_20250706,synthetic,2025-07-06,adapted,1414,0.4431212786,7.830892318,-0.9271095377,0.859532095,1700.372662,1414,0.5328651401,0.4431212786,0.409120894,0.4771216632
synthetic_20250706,synthetic,2025-07-06,adapted,1415,0.44343466,7.82958291,-0.4516334502,0.2039727733,1700.576635,1415,0.5329290614,0.44343466,0.4094342754,0.4774350446
synthetic_20250706,synthetic,2025-07-06,adapted,1416,0.4437480414,7.829139912,1.270192811,1.613389776,1702.190025,1416,0.5334346677,0.4437480414,0.4097476568,0.477748426
synthetic_20250706,synthetic,2025-07-06,adapted,1417,0.4440614228,7.825986863,0.5702748522,0.3252134071,1702.515238,1417,0.5335365835,0.4440614228,0.4100610382,0.4780618074
synthetic_20250706,synthetic,2025-07-06,adapted,1418,0.4443748041,7.824991525,0.1007851151,0.01015763942,1702.525396,1418,0.5335397668,0.4443748041,0.4103744195,0.4783751887
synthetic_20250706,synthetic,2025-07-06,adapted,1419,0.4446881855,7.824345502,-0.625503136,0.3912541731,1702.91665,1419,0.5336623785,0.4446881855,0.4106878009,0.4786885701
synthetic_20250706,synthetic,2025-07-06,adapted,1420,0.4450015669,7.822151964,-0.5649022215,0.3191145198,1703.235764,1420,0.5337623831,0.4450015669,0.4110011823,0.4790019515
synthetic_20250706,synthetic,2025-07-06,adapted,1421,0.4453149483,7.820055896,-0.9486576834,0.8999514003,1704.135716,1421,0.5340444111,0.4453149483,0.4113145637,0.4793153329
synthetic_20250706,synthetic,2025-07-06,adapted,1422,0.4456283297,7.818105532,-0.1224335638,0.01498997754,1704.150706,1422,0.5340491087,0.4456283297,0.4116279451,0.4796287143
synthetic_20250706,synthetic,2025-07-06,adapted,1423,0.4459417111,7.813196171,-0.1607281045,0.02583352357,1704.176539,1423,0.5340572044,0.4459417111,0.4119413265,0.4799420957
synthetic_20250706,synthetic,2025-07-06,adapted,1424,0.4462550924,7.811894913,0.009099010794,8.279199744e-05,1704.176622,1424,0.5340572304,0.4462550924,0.4122547078,0.480255477
synthetic_20250706,synthetic,2025-07-06,adapted,1425,0.4465684738,7.810226094,0.4950262993,0.245051037,1704.421673,1425,0.5341340248,0.4465684738,0.4125680892,0.4805688584
synthetic_20250706,synthetic,2025-07-06,adapted,1426,0.4468818552,7.80913799,1.180935141,1.394607806,1705.816281,1426,0.5345710689,0.4468818552,0.4128814706,0.4808822398
synthetic_20250706,synthetic,2025-07-06,adapted,1427,0.4471952366,7.803238523,-1.079761705,1.165885339,1706.982166,1427,0.5349364357,0.4471952366,0.413194852,0.4811956212
synthetic_20250706,synthetic,2025-07-06,adapted,1428,0.447508618,7.801876121,0.6639537601,0.4408345955,1707.423001,1428,0.535074585,0.447508618,0.4135082334,0.4815090026
synthetic_20250706,synthetic,2025-07-06,adapted,1429,0.4478219994,7.798446781,0.5886922619,0.3465585792,1707.769559,1429,0.5351831901,0.4478219994,0.4138216148,0.481822384
synthetic_20250706,synthetic,2025-07-06,adapted,1430,0.4481353808,7.796847274,0.9348294653,0.8739061292,1708.643466,1430,0.535457056,0.4481353808,0.4141349962,0.4821357654
synthetic_20250706,synthetic,2025-07-06,adapted,1431,0.4484487621,7.793691485,-1.875325574,3.51684601,1712.160312,1431,0.53655917,0.4484487621,0.4144483775,0.4824491467
synthetic_20250706,synthetic,2025-07-06,adapted,1432,0.4487621435,7.792224706,0.2162503885,0.04676423051,1712.207076,1432,0.5365738251,0.4487621435,0.4147617589,0.4827625281
synthetic_20250706,synthetic,2025-07-06,adapted,1433,0.4490755249,7.789076271,0.2969089045,0.08815489755,1712.295231,1433,0.5366014512,0.4490755249,0.4150751403,0.4830759095
synthetic_20250706,synthetic,2025-07-06,adapted,1434,0.4493889063,7.784952716,-1.409231616,1.985933747,1714.281164,1434,0.5372238059,0.4493889063,0.4153885217,0.4833892909
synthetic_20250706,synthetic,2025-07-06,adapted,1435,0.4497022877,7.782777949,0.2179006959,0.04748071329,1714.328645,1435,0.5372386854,0.4497022877,0.4157019031,0.4837026723
synthetic_20250706,synthetic,2025-07-06,adapted,1436,0.4500156691,7.781720897,0.4983318264,0.2483346092,1714.57698,1436,0.5373165089,0.4500156691,0.4160152845,0.4840160537
synthetic_20250706,synthetic,2025-07-06,adapted,1437,0.4503290505,7.77908618,2.432747212,5.918258998,1720.495239,1437,0.5391711811,0.4503290505,0.4163286659,0.4843294351
synthetic_20250706,synthetic,2025-07-06,adapted,1438,0.4506424318,7.777993127,-0.944439489,0.8919659484,1721.387205,1438,0.5394507066,0.4506424318,0.4166420472,0.4846428164
synthetic_20250706,synthetic,2025-07-06,adapted,1439,0.4509558132,7.776649148,1.198569428,1.436568674,1722.823773,1439,0.5399009005,0.4509558132,0.4169554286,0.4849561978
synthetic_20250706,synthetic,2025-07-06,adapted,1440,0.4512691946,7.773913436,-0.4781615001,0.2286384202,1723.052412,1440,0.5399725515,0.4512691946,0.41726881,0.4852695792
synthetic_20250706,synthetic,2025-07-06,adapted,1441,0.451582576,7.769032434,-1.10302882,1.216672577,1724.269084,1441,0.540353834,0.451582576,0.4175821914,0.4855829606
synthetic_20250706,synthetic,2025-07-06,adapted,1442,0.4518959574,7.767465386,0.4935154563,0.2435575056,1724.512642,1442,0.5404301604,0.4518959574,0.4178955728,0.485896342
synthetic_20250706,synthetic,2025-07-06,adapted,1443,0.4522093388,7.766196335,-1.398967894,1.957111169,1726.469753,1443,0.5410434826,0.4522093388,0.4182089542,0.4862097234
synthetic_20250706,synthetic,2025-07-06,adapted,1444,0.4525227202,7.765439507,-0.00262040425,6.866518435e-06,1726.46976,1444,0.5410434848,0.4525227202,0.4185223356,0.4865231048
synthetic_20250706,synthetic,2025-07-06,adapted,1445,0.4528361015,7.761019069,1.051954068,1.10660736,1727.576367,1445,0.5413902749,0.4528361015,0.4188357169,0.4868364861
synthetic_20250706,synthetic,2025-07-06,adapted,1446,0.4531494829,7.76083917,1.207613834,1.458331173,1729.034698,1446,0.5418472888,0.4531494829,0.4191490983,0.4871498675
synthetic_20250706,synthetic,2025-07-06,adapted,1447,0.4534628643,7.759376664,-0.3882961115,0.1507738702,1729.185472,1447,0.5418945385,0.4534628643,0.4194624797,0.4874632489
synthetic_20250706,synthetic,2025-07-06,adapted,1448,0.4537762457,7.758534244,0.1267235307,0.01605885322,1729.201531,1448,0.541899571,0.4537762457,0.4197758611,0.4877766303
synthetic_20250706,synthetic,2025-07-06,adapted,1449,0.4540896271,7.756820413,-0.4115369277,0.1693626429,1729.370894,1449,0.5419526461,0.4540896271,0.4200892425,0.4880900117
synthetic_20250706,synthetic,2025-07-06,adapted,1450,0.4544030085,7.755959515,0.03406906253,0.001160701022,1729.372055,1450,0.5419530099,0.4544030085,0.4204026239,0.4884033931
synthetic_20250706,synthetic,2025-07-06,adapted,1451,0.4547163898,7.755141724,-1.965447024,3.862982005,1733.235037,1451,0.5431635965,0.4547163898,0.4207160052,0.4887167744
synthetic_20250706,synthetic,2025-07-06,adapted,1452,0.4550297712,7.753178909,0.6048904762,0.3658924882,1733.600929,1452,0.5432782604,0.4550297712,0.4210293866,0.4890301558
synthetic_20250706,synthetic,2025-07-06,adapted,1453,0.4553431526,7.752219791,0.2286737107,0.05229166598,1733.653221,1453,0.5432946477,0.4553431526,0.421342768,0.4893435372
synthetic_20250706,synthetic,2025-07-06,adapted,1454,0.455656534,7.750398835,-1.130852063,1.278826388,1734.932047,1454,0.5436954081,0.455656534,0.4216561494,0.4896569186
synthetic_20250706,synthetic,2025-07-06,adapted,1455,0.4559699154,7.748637495,2.334916952,5.451837173,1740.383884,1455,0.5454039123,0.4559699154,0.4219695308,0.4899703
synthetic_20250706,synthetic,2025-07-06,adapted,1456,0.4562832968,7.741103945,-0.4023188722,0.1618604749,1740.545745,1456,0.5454546364,0.4562832968,0.4222829122,0.4902836814
synthetic_20250706,synthetic,2025-07-06,adapted,1457,0.4565966782,7.739653841,-1.483100436,2.199586904,1742.745332,1457,0.546143946,0.4565966782,0.4225962936,0.4905970628
synthetic_20250706,synthetic,2025-07-06,adapted,1458,0.4569100595,7.735875804,-0.6935473713,0.4810079563,1743.22634,1458,0.5462946849,0.4569100595,0.4229096749,0.4909104441
synthetic_20250706,synthetic,2025-07-06,adapted,1459,0.4572234409,7.733302931,-2.081584576,4.332994345,1747.559334,1459,0.5476525647,0.4572234409,0.4232230563,0.4912238255
synthetic_20250706,synthetic,2025-07-06,adapted,1460,0.4575368223,7.731736571,0.1731691392,0.02998755077,1747.589322,1460,0.5476619622,0.4575368223,0.4235364377,0.4915372069
synthetic_20250706,synthetic,2025-07-06,adapted,1461,0.4578502037,7.730984478,-0.4469019525,0.1997213551,1747.789043,1461,0.5477245512,0.4578502037,0.4238498191,0.4918505883
synthetic_20250706,synthetic,2025-07-06,adapted,1462,0.4581635851,7.728939795,-1.374227243,1.888500516,1749.677543,1462,0.5483163721,0.4581635851,0.4241632005,0.4921639697
synthetic_20250706,synthetic,2025-07-06,adapted,1463,0.4584769665,7.726201388,1.055349938,1.113763492,1750.791307,1463,0.5486654048,0.4584769665,0.4244765819,0.4924773511
synthetic_20250706,synthetic,2025-07-06,adapted,1464,0.4587903479,7.724893362,1.702573174,2.898755413,1753.690062,1464,0.5495738208,0.4587903479,0.4247899633,0.4927907325
synthetic_20250706,synthetic,2025-07-06,adapted,1465,0.4591037292,7.721844201,0.7252955005,0.526053563,1754.216116,1465,0.5497386762,0.4591037292,0.4251033446,0.4931041138
synthetic_20250706,synthetic,2025-07-06,adapted,1466,0.4594171106,7.720713205,-0.7685238261,0.5906288713,1754.806745,1466,0.5499237683,0.4594171106,0.425416726,0.4934174952
synthetic_20250706,synthetic,2025-07-06,adapted,1467,0.459730492,7.717166575,-0.6291947132,0.3958859872,1755.202631,1467,0.5500478316,0.459730492,0.4257301074,0.4937308766
synthetic_20250706,synthetic,2025-07-06,adapted,1468,0.4600438734,7.715796624,1.145190677,1.311461686,1756.514092,1468,0.5504588193,0.4600438734,0.4260434888,0.494044258
synthetic_20250706,synthetic,2025-07-06,adapted,1469,0.4603572548,7.714547801,0.1365596239,0.01864853087,1756.532741,1469,0.5504646634,0.4603572548,0.4263568702,0.4943576394
synthetic_20250706,synthetic,2025-07-06,adapted,1470,0.4606706362,7.712870359,1.401097356,1.963073801,1758.495815,1470,0.5510798542,0.4606706362,0.4266702516,0.4946710208
synthetic_20250706,synthetic,2025-07-06,adapted,1471,0.4609840175,7.711586842,0.002845621331,8.097560758e-06,1758.495823,1471,0.5510798567,0.4609840175,0.4269836329,0.4949844021
synthetic_20250706,synthetic,2025-07-06,adapted,1472,0.4612973989,7.70987675,0.266337715,0.07093577845,1758.566759,1472,0.5511020867,0.4612973989,0.4272970143,0.4952977835
synthetic_20250706,synthetic,2025-07-06,adapted,1473,0.4616107803,7.70891661,0.2144840505,0.04600340791,1758.612762,1473,0.5511165033,0.4616107803,0.4276103957,0.4956111649
synthetic_20250706,synthetic,2025-07-06,adapted,1474,0.4619241617,7.705822617,0.1288295069,0.01659704184,1758.629359,1474,0.5511217045,0.4619241617,0.4279237771,0.4959245463
synthetic_20250706,synthetic,2025-07-06,adapted,1475,0.4622375431,7.703207175,0.7442643087,0.5539293612,1759.183288,1475,0.5512952956,0.4622375431,0.4282371585,0.4962379277
synthetic_20250706,synthetic,2025-07-06,adapted,1476,0.4625509245,7.699029837,-0.1199302998,0.01438327681,1759.197672,1476,0.5512998031,0.4625509245,0.4285505399,0.4965513091
synthetic_20250706,synthetic,2025-07-06,adapted,1477,0.4628643059,7.698414294,-0.1129383702,0.01275507547,1759.210427,1477,0.5513038003,0.4628643059,0.4288639213,0.4968646905
synthetic_20250706,synthetic,2025-07-06,adapted,1478,0.4631776872,7.697225532,1.343504914,1.805005454,1761.015432,1478,0.5518694554,0.4631776872,0.4291773026,0.4971780718
synthetic_20250706,synthetic,2025-07-06,adapted,1479,0.4634910686,7.695500018,-1.701401763,2.894767959,1763.9102,1479,0.5527766218,0.4634910686,0.429490684,0.4974914532
synthetic_20250706,synthetic,2025-07-06,adapted,1480,0.46380445,7.69327447,0.3968476519,0.1574880588,1764.067688,1480,0.5528259756,0.46380445,0.4298040654,0.4978048346
synthetic_20250706,synthetic,2025-07-06,adapted,1481,0.4641178314,7.692065205,0.06386244564,0.004078411962,1764.071767,1481,0.5528272537,0.4641178314,0.4301174468,0.498118216
synthetic_20250706,synthetic,2025-07-06,adapted,1482,0.4644312128,7.688681374,0.275098212,0.07567902622,1764.147446,1482,0.5528509701,0.4644312128,0.4304308282,0.4984315974
synthetic_20250706,synthetic,2025-07-06,adapted,1483,0.4647445942,7.68648623,-0.7904893342,0.6248733875,1764.772319,1483,0.5530467938,0.4647445942,0.4307442096,0.4987449788
synthetic_20250706,synthetic,2025-07-06,adapted,1484,0.4650579756,7.683146079,-0.5942729187,0.3531603019,1765.125479,1484,0.5531574677,0.4650579756,0.431057591,0.4990583602
synthetic_20250706,synthetic,2025-07-06,adapted,1485,0.4653713569,7.682798689,-0.01645091263,0.0002706325263,1765.12575,1485,0.5531575525,0.4653713569,0.4313709723,0.4993717415
synthetic_20250706,synthetic,2025-07-06,adapted,1486,0.4656847383,7.679751469,-0.5756000248,0.3313153885,1765.457065,1486,0.5532613806,0.4656847383,0.4316843537,0.4996851229
synthetic_20250706,synthetic,2025-07-06,adapted,1487,0.4659981197,7.675139467,0.04091299519,0.001673873176,1765.458739,1487,0.5532619051,0.4659981197,0.4319977351,0.4999985043
synthetic_20250706,synthetic,2025-07-06,adapted,1488,0.4663115011,7.671262556,0.4626788732,0.2140717397,1765.672811,1488,0.5533289912,0.4663115011,0.4323111165,0.5003118857
synthetic_20250706,synthetic,2025-07-06,adapted,1489,0.4666248825,7.671214577,0.8028452442,0.6445604862,1766.317371,1489,0.5535309845,0.4666248825,0.4326244979,0.5006252671
synthetic_20250706,synthetic,2025-07-06,adapted,1490,0.4669382639,7.667934576,-0.02690080489,0.0007236533039,1766.318095,1490,0.5535312113,0.4669382639,0.4329378793,0.5009386485
synthetic_20250706,synthetic,2025-07-06,adapted,1491,0.4672516453,7.665742192,-0.5999421346,0.3599305648,1766.678026,1491,0.5536440068,0.4672516453,0.4332512607,0.5012520299
synthetic_20250706,synthetic,2025-07-06,adapted,1492,0.4675650266,7.664541272,-0.1342017921,0.018010121,1766.696036,1492,0.5536496508,0.4675650266,0.433564642,0.5015654112
synthetic_20250706,synthetic,2025-07-06,adapted,1493,0.467878408,7.661467062,0.1757736821,0.03089638734,1766.726932,1493,0.5536593332,0.467878408,0.4338780234,0.5018787926
synthetic_20250706,synthetic,2025-07-06,adapted,1494,0.4681917894,7.65787073,0.327674769,0.1073707542,1766.834303,1494,0.5536929812,0.4681917894,0.4341914048,0.502192174
synthetic_20250706,synthetic,2025-07-06,adapted,1495,0.4685051708,7.655503835,0.2477914818,0.06140061844,1766.895704,1495,0.553712223,0.4685051708,0.4345047862,0.5025055554
synthetic_20250706,synthetic,2025-07-06,adapted,1496,0.4688185522,7.652161517,-1.348489339,1.818423498,1768.714127,1496,0.5542820831,0.4688185522,0.4348181676,0.5028189368
synthetic_20250706,synthetic,2025-07-06,adapted,1497,0.4691319336,7.650565551,2.157084211,4.653012295,1773.367139,1497,0.5557402505,0.4691319336,0.435131549,0.5031323182
synthetic_20250706,synthetic,2025-07-06,adapted,1498,0.4694453149,7.648850808,-0.5517430693,0.3044204146,1773.67156,1498,0.5558356502,0.4694453149,0.4354449303,0.5034456995
synthetic_20250706,synthetic,2025-07-06,adapted,1499,0.4697586963,7.647433856,0.7035379253,0.4949656123,1774.166525,1499,0.5559907632,0.4697586963,0.4357583117,0.5037590809
synthetic_20250706,synthetic,2025-07-06,adapted,1500,0.4700720777,7.645547031,-0.5695914652,0.3244344373,1774.49096,1500,0.5560924349,0.4700720777,0.4360716931,0.5040724623
synthetic_20250706,synthetic,2025-07-06,adapted,1501,0.4703854591,7.643091657,0.1604456454,0.02574280512,1774.516703,1501,0.5561005022,0.4703854591,0.4363850745,0.5043858437
synthetic_20250706,synthetic,2025-07-06,adapted,1502,0.4706988405,7.641796259,1.114695101,1.242545168,1775.759248,1502,0.5564898928,0.4706988405,0.4366984559,0.5046992251
synthetic_20250706,synthetic,2025-07-06,adapted,1503,0.4710122219,7.640840248,-1.347440776,1.815596644,1777.574844,1503,0.557058867,0.4710122219,0.4370118373,0.5050126065
synthetic_20250706,synthetic,2025-07-06,adapted,1504,0.4713256033,7.640213924,-0.9380331998,0.879906284,1778.454751,1504,0.5573346132,0.4713256033,0.4373252187,0.5053259879
synthetic_20250706,synthetic,2025-07-06,adapted,1505,0.4716389846,7.636212563,-0.1022241814,0.01044978327,1778.465201,1505,0.557337888,0.4716389846,0.4376386,0.5056393692
synthetic_20250706,synthetic,2025-07-06,adapted,1506,0.471952366,7.632970218,0.3489708951,0.1217806856,1778.586981,1506,0.5573760518,0.471952366,0.4379519814,0.5059527506
synthetic_20250706,synthetic,2025-07-06,adapted,1507,0.4722657474,7.632240531,0.5058998835,0.2559346921,1778.842916,1507,0.5574562569,0.4722657474,0.4382653628,0.506266132
synthetic_20250706,synthetic,2025-07-06,adapted,1508,0.4725791288,7.630015205,-0.6716481065,0.4511111789,1779.294027,1508,0.5575976268,0.4725791288,0.4385787442,0.5065795134
synthetic_20250706,synthetic,2025-07-06,adapted,1509,0.4728925102,7.628468288,-1.001525807,1.003053942,1780.297081,1509,0.5579119652,0.4728925102,0.4388921256,0.5068928948
synthetic_20250706,synthetic,2025-07-06,adapted,1510,0.4732058916,7.626676361,1.369094824,1.874420638,1782.171502,1510,0.5584993738,0.4732058916,0.439205507,0.5072062762
synthetic_20250706,synthetic,2025-07-06,adapted,1511,0.473519273,7.625840483,-0.3656710113,0.1337152885,1782.305217,1511,0.5585412776,0.473519273,0.4395188884,0.5075196576
synthetic_20250706,synthetic,2025-07-06,adapted,1512,0.4738326543,7.620672543,0.4787794883,0.2292297985,1782.534447,1512,0.558613114,0.4738326543,0.4398322697,0.5078330389
synthetic_20250706,synthetic,2025-07-06,adapted,1513,0.4741460357,7.620180451,0.6142396042,0.3772902913,1782.911737,1513,0.5587313497,0.4741460357,0.4401456511,0.5081464203
synthetic_20250706,synthetic,2025-07-06,adapted,1514,0.4744594171,7.619748948,-0.4087173766,0.167049894,1783.078787,1514,0.5587837001,0.4744594171,0.4404590325,0.5084598017
synthetic_20250706,synthetic,2025-07-06,adapted,1515,0.4747727985,7.618776802,-1.420814544,2.018713967,1785.097501,1515,0.5594163275,0.4747727985,0.4407724139,0.5087731831
synthetic_20250706,synthetic,2025-07-06,adapted,1516,0.4750861799,7.614203013,0.17383008,0.03021689672,1785.127718,1516,0.5594257969,0.4750861799,0.4410857953,0.5090865645
synthetic_20250706,synthetic,2025-07-06,adapted,1517,0.4753995613,7.611383357,1.924897205,3.705229248,1788.832947,1517,0.5605869467,0.4753995613,0.4413991767,0.5093999459
synthetic_20250706,synthetic,2025-07-06,adapted,1518,0.4757129427,7.609226889,-1.385966318,1.920902635,1790.75385,1518,0.5611889219,0.4757129427,0.4417125581,0.5097133273
synthetic_20250706,synthetic,2025-07-06,adapted,1519,0.476026324,7.607291682,0.8468125656,0.7170915213,1791.470941,1519,0.561413645,0.476026324,0.4420259394,0.5100267086
synthetic_20250706,synthetic,2025-07-06,adapted,1520,0.4763397054,7.605582451,1.533032981,2.350190121,1793.821131,1520,0.5621501508,0.4763397054,0.4423393208,0.51034009
synthetic_20250706,synthetic,2025-07-06,adapted,1521,0.4766530868,7.6049589,0.3252951593,0.1058169406,1793.926948,1521,0.5621833119,0.4766530868,0.4426527022,0.5106534714
synthetic_20250706,synthetic,2025-07-06,adapted,1522,0.4769664682,7.602518784,0.3231295001,0.1044126738,1794.031361,1522,0.5622160329,0.4769664682,0.4429660836,0.5109668528
synthetic_20250706,synthetic,2025-07-06,adapted,1523,0.4772798496,7.601634716,0.5513054547,0.3039377044,1794.335299,1523,0.5623112813,0.4772798496,0.443279465,0.5112802342
synthetic_20250706,synthetic,2025-07-06,adapted,1524,0.477593231,7.600192682,-1.271962374,1.617888281,1795.953187,1524,0.5628182974,0.477593231,0.4435928464,0.5115936156
synthetic_20250706,synthetic,2025-07-06,adapted,1525,0.4779066123,7.598419608,0.5452196056,0.2972644183,1796.250451,1525,0.5629114545,0.4779066123,0.4439062277,0.5119069969
synthetic_20250706,synthetic,2025-07-06,adapted,1526,0.4782199937,7.596507693,-0.8686660971,0.7545807883,1797.005032,1526,0.5631479261,0.4782199937,0.4442196091,0.5122203783
synthetic_20250706,synthetic,2025-07-06,adapted,1527,0.4785333751,7.595800462,0.1530965831,0.02343856377,1797.028471,1527,0.5631552713,0.4785333751,0.4445329905,0.5125337597
synthetic_20250706,synthetic,2025-07-06,adapted,1528,0.4788467565,7.593893199,-1.01991789,1.040232502,1798.068703,1528,0.5634812608,0.4788467565,0.4448463719,0.5128471411
synthetic_20250706,synthetic,2025-07-06,adapted,1529,0.4791601379,7.590475628,-1.042356383,1.086506829,1799.15521,1529,0.5638217518,0.4791601379,0.4451597533,0.5131605225
synthetic_20250706,synthetic,2025-07-06,adapted,1530,0.4794735193,7.59003085,0.3433082964,0.1178605864,1799.273071,1530,0.5638586871,0.4794735193,0.4454731347,0.5134739039
synthetic_20250706,synthetic,2025-07-06,adapted,1531,0.4797869007,7.587002233,0.9903381318,0.9807696154,1800.25384,1531,0.5641660421,0.4797869007,0.4457865161,0.5137872853
synthetic_20250706,synthetic,2025-07-06,adapted,1532,0.480100282,7.585682166,-1.164252262,1.355483329,1801.609324,1532,0.5645908253,0.480100282,0.4460998974,0.5141006666
synthetic_20250706,synthetic,2025-07-06,adapted,1533,0.4804136634,7.584455976,1.433272378,2.054269708,1803.663593,1533,0.5652345952,0.4804136634,0.4464132788,0.514414048
synthetic_20250706,synthetic,2025-07-06,adapted,1534,0.4807270448,7.583905855,-0.03768035649,0.001419809265,1803.665013,1534,0.5652350401,0.4807270448,0.4467266602,0.5147274294
synthetic_20250706,synthetic,2025-07-06,adapted,1535,0.4810404262,7.580997753,0.2413941785,0.05827114939,1803.723284,1535,0.5652533012,0.4810404262,0.4470400416,0.5150408108
synthetic_20250706,synthetic,2025-07-06,adapted,1536,0.4813538076,7.577997681,-1.265387397,1.601205265,1805.324489,1536,0.5657550892,0.4813538076,0.447353423,0.5153541922
synthetic_20250706,synthetic,2025-07-06,adapted,1537,0.481667189,7.57658805,-1.727269946,2.983461466,1808.307951,1537,0.5666900504,0.481667189,0.4476668044,0.5156675736
synthetic_20250706,synthetic,2025-07-06,adapted,1538,0.4819805704,7.575128032,-0.9247605439,0.8551820635,1809.163133,1538,0.5669580486,0.4819805704,0.4479801858,0.515980955
synthetic_20250706,synthetic,2025-07-06,adapted,1539,0.4822939517,7.569235509,0.866694688,0.7511596822,1809.914293,1539,0.567193448,0.4822939517,0.4482935671,0.5162943363
synthetic_20250706,synthetic,2025-07-06,adapted,1540,0.4826073331,7.56601229,-1.139949251,1.299484294,1811.213777,1540,0.5676006822,0.4826073331,0.4486069485,0.5166077177
synthetic_20250706,synthetic,2025-07-06,adapted,1541,0.4829207145,7.56027617,0.4676642313,0.2187098333,1811.432487,1541,0.5676692218,0.4829207145,0.4489203299,0.5169210991
synthetic_20250706,synthetic,2025-07-06,adapted,1542,0.4832340959,7.560146996,-1.908858462,3.643740628,1815.076227,1542,0.5688111023,0.4832340959,0.4492337113,0.5172344805
synthetic_20250706,synthetic,2025-07-06,adapted,1543,0.4835474773,7.558119119,-0.252308926,0.06365979413,1815.139887,1543,0.5688310521,0.4835474773,0.4495470927,0.5175478619
synthetic_20250706,synthetic,2025-07-06,adapted,1544,0.4838608587,7.555504788,1.251245072,1.56561423,1816.705501,1544,0.5693216865,0.4838608587,0.4498604741,0.5178612433
synthetic_20250706,synthetic,2025-07-06,adapted,1545,0.4841742401,7.55183635,-0.2375369275,0.05642379192,1816.761925,1545,0.5693393686,0.4841742401,0.4501738554,0.5181746247
synthetic_20250706,synthetic,2025-07-06,adapted,1546,0.4844876214,7.549343124,-0.9568729977,0.9156059338,1817.677531,1546,0.5696263025,0.4844876214,0.4504872368,0.518488006
synthetic_20250706,synthetic,2025-07-06,adapted,1547,0.4848010028,7.544918992,0.4462064019,0.1991001531,1817.876631,1547,0.5696886968,0.4848010028,0.4508006182,0.5188013874
synthetic_20250706,synthetic,2025-07-06,adapted,1548,0.4851143842,7.543684001,0.8392497223,0.7043400963,1818.580971,1548,0.5699094238,0.4851143842,0.4511139996,0.5191147688
synthetic_20250706,synthetic,2025-07-06,adapted,1549,0.4854277656,7.542387917,-2.469013359,6.096026969,1824.676998,1549,0.5718198052,0.4854277656,0.451427381,0.5194281502
synthetic_20250706,synthetic,2025-07-06,adapted,1550,0.485741147,7.538027243,-0.5603663239,0.314010417,1824.991009,1550,0.5719182102,0.485741147,0.4517407624,0.5197415316
synthetic_20250706,synthetic,2025-07-06,adapted,1551,0.4860545284,7.536934933,-0.4366229857,0.1906396317,1825.181648,1551,0.5719779531,0.4860545284,0.4520541438,0.520054913
synthetic_20250706,synthetic,2025-07-06,adapted,1552,0.4863679097,7.535794688,-0.4767801243,0.2273192869,1825.408968,1552,0.5720491908,0.4863679097,0.4523675251,0.5203682943
synthetic_20250706,synthetic,2025-07-06,adapted,1553,0.4866812911,7.533956736,0.5291925826,0.2800447895,1825.689013,1553,0.5721369516,0.4866812911,0.4526809065,0.5206816757
synthetic_20250706,synthetic,2025-07-06,adapted,1554,0.4869946725,7.530905922,0.9530261417,0.9082588267,1826.597271,1554,0.572421583,0.4869946725,0.4529942879,0.5209950571
synthetic_20250706,synthetic,2025-07-06,adapted,1555,0.4873080539,7.528783739,-0.06802076262,0.004626824147,1826.601898,1555,0.572423033,0.4873080539,0.4533076693,0.5213084385
synthetic_20250706,synthetic,2025-07-06,adapted,1556,0.4876214353,7.528220295,0.9487205351,0.9000706536,1827.501969,1556,0.5727050984,0.4876214353,0.4536210507,0.5216218199
synthetic_20250706,synthetic,2025-07-06,adapted,1557,0.4879348167,7.526269435,0.08970618652,0.0080471999,1827.510016,1557,0.5727076202,0.4879348167,0.4539344321,0.5219352013
synthetic_20250706,synthetic,2025-07-06,adapted,1558,0.4882481981,7.52467516,-0.8958497202,0.8025467212,1828.312563,1558,0.5729591234,0.4882481981,0.4542478135,0.5222485827
synthetic_20250706,synthetic,2025-07-06,adapted,1559,0.4885615794,7.521690186,1.838250176,3.37916371,1831.691726,1559,0.5740180904,0.4885615794,0.4545611948,0.522561964
synthetic_20250706,synthetic,2025-07-06,adapted,1560,0.4888749608,7.520044789,0.950307258,0.9030838846,1832.59481,1560,0.5743011001,0.4888749608,0.4548745762,0.5228753454
synthetic_20250706,synthetic,2025-07-06,adapted,1561,0.4891883422,7.517369922,0.1948896377,0.03798197088,1832.632792,1561,0.5743130029,0.4891883422,0.4551879576,0.5231887268
synthetic_20250706,synthetic,2025-07-06,adapted,1562,0.4895017236,7.515062266,-0.2268411564,0.05145691022,1832.684249,1562,0.5743291286,0.4895017236,0.455501339,0.5235021082
synthetic_20250706,synthetic,2025-07-06,adapted,1563,0.489815105,7.512749571,-0.3393699177,0.1151719411,1832.799421,1563,0.5743652213,0.489815105,0.4558147204,0.5238154896
synthetic_20250706,synthetic,2025-07-06,adapted,1564,0.4901284864,7.511862361,-0.7097435242,0.5037358701,1833.303157,1564,0.5745230828,0.4901284864,0.4561281018,0.524128871
synthetic_20250706,synthetic,2025-07-06,adapted,1565,0.4904418678,7.509110853,0.2677149793,0.07167131017,1833.374828,1565,0.5745455432,0.4904418678,0.4564414832,0.5244422524
synthetic_20250706,synthetic,2025-07-06,adapted,1566,0.4907552491,7.508043259,0.9000257955,0.8100464327,1834.184875,1566,0.5747993967,0.4907552491,0.4567548645,0.5247556337
synthetic_20250706,synthetic,2025-07-06,adapted,1567,0.4910686305,7.503862465,-0.5062628733,0.2563020969,1834.441177,1567,0.574879717,0.4910686305,0.4570682459,0.5250690151
synthetic_20250706,synthetic,2025-07-06,adapted,1568,0.4913820119,7.501311146,0.5932638226,0.3519619632,1834.793139,1568,0.5749900153,0.4913820119,0.4573816273,0.5253823965
synthetic_20250706,synthetic,2025-07-06,adapted,1569,0.4916953933,7.497975317,1.09105755,1.190406578,1835.983545,1569,0.5753630666,0.4916953933,0.4576950087,0.5256957779
synthetic_20250706,synthetic,2025-07-06,adapted,1570,0.4920087747,7.49672981,-1.290125606,1.664424079,1837.64797,1570,0.5758846661,0.4920087747,0.4580083901,0.5260091593
synthetic_20250706,synthetic,2025-07-06,adapted,1571,0.4923221561,7.495645263,2.055816722,4.226382394,1841.874352,1571,0.5772091357,0.4923221561,0.4583217715,0.5263225407
synthetic_20250706,synthetic,2025-07-06,adapted,1572,0.4926355374,7.49329599,-0.005901338333,3.482579413e-05,1841.874387,1572,0.5772091466,0.4926355374,0.4586351528,0.526635922
synthetic_20250706,synthetic,2025-07-06,adapted,1573,0.4929489188,7.492029671,2.622547231,6.877753979,1848.752141,1573,0.5793645066,0.4929489188,0.4589485342,0.5269493034
synthetic_20250706,synthetic,2025-07-06,adapted,1574,0.4932623002,7.491206199,-0.2939412775,0.08640147459,1848.838542,1574,0.5793915833,0.4932623002,0.4592619156,0.5272626848
synthetic_20250706,synthetic,2025-07-06,adapted,1575,0.4935756816,7.489477243,0.7001875878,0.4902626581,1849.328805,1575,0.5795452225,0.4935756816,0.459575297,0.5275760662
synthetic_20250706,synthetic,2025-07-06,adapted,1576,0.493889063,7.485826033,-0.4891772951,0.239294426,1849.568099,1576,0.5796202129,0.493889063,0.4598886784,0.5278894476
synthetic_20250706,synthetic,2025-07-06,adapted,1577,0.4942024444,7.483534677,-0.9726956513,0.94613683,1850.514236,1577,0.5799167145,0.4942024444,0.4602020598,0.528202829
synthetic_20250706,synthetic,2025-07-06,adapted,1578,0.4945158258,7.482182483,-1.227527655,1.506824143,1852.02106,1578,0.5803889252,0.4945158258,0.4605154412,0.5285162104
synthetic_20250706,synthetic,2025-07-06,adapted,1579,0.4948292071,7.480198362,-0.7323257121,0.5363009485,1852.557361,1579,0.5805569919,0.4948292071,0.4608288225,0.5288295917
synthetic_20250706,synthetic,2025-07-06,adapted,1580,0.4951425885,7.479171735,2.002263379,4.009058639,1856.56642,1580,0.5818133563,0.4951425885,0.4611422039,0.5291429731
synthetic_20250706,synthetic,2025-07-06,adapted,1581,0.4954559699,7.478082653,-1.193095717,1.42347739,1857.989897,1581,0.5822594476,0.4954559699,0.4614555853,0.5294563545
synthetic_20250706,synthetic,2025-07-06,adapted,1582,0.4957693513,7.474737058,0.2844503911,0.08091202498,1858.070809,1582,0.5822848039,0.4957693513,0.4617689667,0.5297697359
synthetic_20250706,synthetic,2025-07-06,adapted,1583,0.4960827327,7.472578622,-0.9080120853,0.824485947,1858.895295,1583,0.5825431824,0.4960827327,0.4620823481,0.5300831173
synthetic_20250706,synthetic,2025-07-06,adapted,1584,0.4963961141,7.469475541,0.05975371017,0.003570505879,1858.898866,1584,0.5825443014,0.4963961141,0.4623957295,0.5303964987
synthetic_20250706,synthetic,2025-07-06,adapted,1585,0.4967094955,7.466031641,1.819649582,3.311124602,1862.20999,1585,0.5835819462,0.4967094955,0.4627091109,0.5307098801
synthetic_20250706,synthetic,2025-07-06,adapted,1586,0.4970228768,7.463877317,2.625474,6.893113723,1869.103104,1586,0.5857421197,0.4970228768,0.4630224922,0.5310232614
synthetic_20250706,synthetic,2025-07-06,adapted,1587,0.4973362582,7.463061663,-1.091843676,1.192122613,1870.295227,1587,0.5861157088,0.4973362582,0.4633358736,0.5313366428
synthetic_20250706,synthetic,2025-07-06,adapted,1588,0.4976496396,7.45907957,0.8562135599,0.7331016601,1871.028328,1588,0.5863454492,0.4976496396,0.463649255,0.5316500242
synthetic_20250706,synthetic,2025-07-06,adapted,1589,0.497963021,7.458552888,-0.1359245009,0.01847546993,1871.046804,1589,0.586351239,0.497963021,0.4639626364,0.5319634056
synthetic_20250706,synthetic,2025-07-06,adapted,1590,0.4982764024,7.457954049,0.7302357707,0.5332442809,1871.580048,1590,0.5865183479,0.4982764024,0.4642760178,0.532276787
synthetic_20250706,synthetic,2025-07-06,adapted,1591,0.4985897838,7.45658426,-0.2780636233,0.07731937859,1871.657367,1591,0.5865425783,0.4985897838,0.4645893992,0.5325901684
synthetic_20250706,synthetic,2025-07-06,adapted,1592,0.4989031652,7.452999978,0.9851891446,0.9705976505,1872.627965,1592,0.5868467456,0.4989031652,0.4649027806,0.5329035498
synthetic_20250706,synthetic,2025-07-06,adapted,1593,0.4992165465,7.451334342,2.276890637,5.184230973,1877.812196,1593,0.588471387,0.4992165465,0.4652161619,0.5332169311
synthetic_20250706,synthetic,2025-07-06,adapted,1594,0.4995299279,7.449055532,1.481427888,2.194628587,1880.006825,1594,0.5891591428,0.4995299279,0.4655295433,0.5335303125
synthetic_20250706,synthetic,2025-07-06,adapted,1595,0.4998433093,7.446910082,-1.099905162,1.209791365,1881.216616,1595,0.5895382689,0.4998433093,0.4658429247,0.5338436939
synthetic_20250706,synthetic,2025-07-06,adapted,1596,0.5001566907,7.44616742,-0.4279312293,0.183125137,1881.399741,1596,0.5895956569,0.5001566907,0.4661563061,0.5341570753
synthetic_20250706,synthetic,2025-07-06,adapted,1597,0.5004700721,7.443758192,-1.197775204,1.43466544,1882.834407,1597,0.5900452543,0.5004700721,0.4664696875,0.5344704567
synthetic_20250706,synthetic,2025-07-06,adapted,1598,0.5007834535,7.442729608,1.882591081,3.544149179,1886.378556,1598,0.5911559247,0.5007834535,0.4667830689,0.5347838381
synthetic_20250706,synthetic,2025-07-06,adapted,1599,0.5010968348,7.440482492,-0.9548209997,0.9116831414,1887.290239,1599,0.5914416292,0.5010968348,0.4670964502,0.5350972194
synthetic_20250706,synthetic,2025-07-06,adapted,1600,0.5014102162,7.439581869,0.08335743953,0.006948462726,1887.297187,1600,0.5914438068,0.5014102162,0.4674098316,0.5354106008
synthetic_20250706,synthetic,2025-07-06,adapted,1601,0.5017235976,7.437557588,-0.1220516905,0.01489661515,1887.312084,1601,0.5914484751,0.5017235976,0.467723213,0.5357239822
synthetic_20250706,synthetic,2025-07-06,adapted,1602,0.502036979,7.434918198,0.4043160643,0.1634714799,1887.475555,1602,0.591499704,0.502036979,0.4680365944,0.5360373636
synthetic_20250706,synthetic,2025-07-06,adapted,1603,0.5023503604,7.430812135,0.3875751464,0.1502144941,1887.62577,1603,0.5915467784,0.5023503604,0.4683499758,0.536350745
synthetic_20250706,synthetic,2025-07-06,adapted,1604,0.5026637418,7.430617546,-0.8615801192,0.7423203018,1888.36809,1604,0.5917794078,0.5026637418,0.4686633572,0.5366641264
synthetic_20250706,synthetic,2025-07-06,adapted,1605,0.5029771232,7.428981021,0.8438594484,0.7120987687,1889.080189,1605,0.5920025663,0.5029771232,0.4689767386,0.5369775078
synthetic_20250706,synthetic,2025-07-06,adapted,1606,0.5032905045,7.426656486,1.17779586,1.387203088,1890.467392,1606,0.5924372899,0.5032905045,0.4692901199,0.5372908891
synthetic_20250706,synthetic,2025-07-06,adapted,1607,0.5036038859,7.426419258,0.1146814087,0.0131518255,1890.480544,1607,0.5924414115,0.5036038859,0.4696035013,0.5376042705
synthetic_20250706,synthetic,2025-07-06,adapted,1608,0.5039172673,7.424621096,-0.8471194302,0.7176113291,1891.198155,1608,0.5926662975,0.5039172673,0.4699168827,0.5379176519
synthetic_20250706,synthetic,2025-07-06,adapted,1609,0.5042306487,7.419375194,0.7675527896,0.5891372848,1891.787293,1609,0.5928509221,0.5042306487,0.4702302641,0.5382310333
synthetic_20250706,synthetic,2025-07-06,adapted,1610,0.5045440301,7.41830401,0.386780053,0.1495988094,1891.936891,1610,0.5928978036,0.5045440301,0.4705436455,0.5385444147
synthetic_20250706,synthetic,2025-07-06,adapted,1611,0.5048574115,7.414726175,-0.3062535743,0.09379125174,1892.030683,1611,0.5929271961,0.5048574115,0.4708570269,0.5388577961
synthetic_20250706,synthetic,2025-07-06,adapted,1612,0.5051707929,7.412878859,-1.530588134,2.342700037,1894.373383,1612,0.5936613546,0.5051707929,0.4711704083,0.5391711775
synthetic_20250706,synthetic,2025-07-06,adapted,1613,0.5054841742,7.410835052,1.298059513,1.6849585,1896.058341,1613,0.5941893893,0.5054841742,0.4714837896,0.5394845588
synthetic_20250706,synthetic,2025-07-06,adapted,1614,0.5057975556,7.409846359,1.382307774,1.910774783,1897.969116,1614,0.5947881905,0.5057975556,0.471797171,0.5397979402
synthetic_20250706,synthetic,2025-07-06,adapted,1615,0.506110937,7.409444487,-0.02922028693,0.0008538251684,1897.96997,1615,0.5947884581,0.506110937,0.4721105524,0.5401113216
synthetic_20250706,synthetic,2025-07-06,adapted,1616,0.5064243184,7.406484191,1.318837214,1.739331597,1899.709301,1616,0.5953335322,0.5064243184,0.4724239338,0.540424703
synthetic_20250706,synthetic,2025-07-06,adapted,1617,0.5067376998,7.404046468,0.6639671268,0.4408523455,1900.150154,1617,0.5954716872,0.5067376998,0.4727373152,0.5407380844
synthetic_20250706,synthetic,2025-07-06,adapted,1618,0.5070510812,7.40314714,0.614581423,0.3777103255,1900.527864,1618,0.5955900545,0.5070510812,0.4730506966,0.5410514658
synthetic_20250706,synthetic,2025-07-06,adapted,1619,0.5073644626,7.401304656,0.9648664012,0.9309671721,1901.458831,1619,0.5958818023,0.5073644626,0.473364078,0.5413648472
synthetic_20250706,synthetic,2025-07-06,adapted,1620,0.5076778439,7.397452173,0.2271126824,0.0515801705,1901.510411,1620,0.5958979666,0.5076778439,0.4736774593,0.5416782285
synthetic_20250706,synthetic,2025-07-06,adapted,1621,0.5079912253,7.39274574,-0.4902357346,0.2403310755,1901.750742,1621,0.5959732819,0.5079912253,0.4739908407,0.5419916099
synthetic_20250706,synthetic,2025-07-06,adapted,1622,0.5083046067,7.390549279,-0.03881487281,0.001506594352,1901.752249,1622,0.595973754,0.5083046067,0.4743042221,0.5423049913
synthetic_20250706,synthetic,2025-07-06,adapted,1623,0.5086179881,7.388893028,1.234614343,1.524272576,1903.276522,1623,0.5964514327,0.5086179881,0.4746176035,0.5426183727
synthetic_20250706,synthetic,2025-07-06,adapted,1624,0.5089313695,7.386921776,-1.641048653,2.693040681,1905.969562,1624,0.5972953815,0.5089313695,0.4749309849,0.5429317541
synthetic_20250706,synthetic,2025-07-06,adapted,1625,0.5092447509,7.381419051,0.4552354776,0.2072393401,1906.176802,1625,0.5973603264,0.5092447509,0.4752443663,0.5432451355
synthetic_20250706,synthetic,2025-07-06,adapted,1626,0.5095581322,7.380632105,-1.03851611,1.07851571,1907.255317,1626,0.5976983132,0.5095581322,0.4755577476,0.5435585168
synthetic_20250706,synthetic,2025-07-06,adapted,1627,0.5098715136,7.37774221,-1.041557349,1.084841712,1908.340159,1627,0.5980382824,0.5098715136,0.475871129,0.5438718982
synthetic_20250706,synthetic,2025-07-06,adapted,1628,0.510184895,7.37499599,-1.01839846,1.037135423,1909.377294,1628,0.5983633013,0.510184895,0.4761845104,0.5441852796
synthetic_20250706,synthetic,2025-07-06,adapted,1629,0.5104982764,7.372646972,0.4353441453,0.1895245248,1909.566819,1629,0.5984226948,0.5104982764,0.4764978918,0.544498661
synthetic_20250706,synthetic,2025-07-06,adapted,1630,0.5108116578,7.370857038,1.524809127,2.325042873,1911.891862,1630,0.5991513199,0.5108116578,0.4768112732,0.5448120424
synthetic_20250706,synthetic,2025-07-06,adapted,1631,0.5111250392,7.368825716,-0.9937507983,0.9875406491,1912.879403,1631,0.5994607968,0.5111250392,0.4771246546,0.5451254238
synthetic_20250706,synthetic,2025-07-06,adapted,1632,0.5114384206,7.3671199,2.05523425,4.223987822,1917.10339,1632,0.6007845159,0.5114384206,0.477438036,0.5454388052
synthetic_20250706,synthetic,2025-07-06,adapted,1633,0.5117518019,7.36530935,-0.2951416865,0.08710861509,1917.190499,1633,0.6008118142,0.5117518019,0.4777514173,0.5457521865
synthetic_20250706,synthetic,2025-07-06,adapted,1634,0.5120651833,7.364697868,-0.1690124228,0.02856519904,1917.219064,1634,0.600820766,0.5120651833,0.4780647987,0.5460655679
synthetic_20250706,synthetic,2025-07-06,adapted,1635,0.5123785647,7.363350463,-0.2338955274,0.05470711773,1917.273771,1635,0.6008379101,0.5123785647,0.4783781801,0.5463789493
synthetic_20250706,synthetic,2025-07-06,adapted,1636,0.5126919461,7.360738437,-0.5938378384,0.3526433783,1917.626415,1636,0.600948422,0.5126919461,0.4786915615,0.5466923307
synthetic_20250706,synthetic,2025-07-06,adapted,1637,0.5130053275,7.359676521,-0.223882903,0.05012355425,1917.676538,1637,0.6009641298,0.5130053275,0.4790049429,0.5470057121
synthetic_20250706,synthetic,2025-07-06,adapted,1638,0.5133187089,7.358042858,0.644890561,0.4158838357,1918.092422,1638,0.6010944601,0.5133187089,0.4793183243,0.5473190935
synthetic_20250706,synthetic,2025-07-06,adapted,1639,0.5136320903,7.35627465,1.198830456,1.437194462,1919.529617,1639,0.6015448501,0.5136320903,0.4796317057,0.5476324749
synthetic_20250706,synthetic,2025-07-06,adapted,1640,0.5139454716,7.353531548,1.5633056,2.443924399,1921.973541,1640,0.6023107305,0.5139454716,0.479945087,0.5479458562
synthetic_20250706,synthetic,2025-07-06,adapted,1641,0.514258853,7.352337302,-0.1055793797,0.01114700541,1921.984688,1641,0.6023142237,0.514258853,0.4802584684,0.5482592376
synthetic_20250706,synthetic,2025-07-06,adapted,1642,0.5145722344,7.349383836,0.406966127,0.1656214285,1922.150309,1642,0.6023661264,0.5145722344,0.4805718498,0.548572619
synthetic_20250706,synthetic,2025-07-06,adapted,1643,0.5148856158,7.348654395,-0.0690494901,0.004767832083,1922.155077,1643,0.6023676206,0.5148856158,0.4808852312,0.5488860004
synthetic_20250706,synthetic,2025-07-06,adapted,1644,0.5151989972,7.343942572,1.162369933,1.351103861,1923.506181,1644,0.6027910314,0.5151989972,0.4811986126,0.5491993818
synthetic_20250706,synthetic,2025-07-06,adapted,1645,0.5155123786,7.341825105,0.5948628525,0.3538618133,1923.860043,1645,0.6029019251,0.5155123786,0.481511994,0.5495127632
synthetic_20250706,synthetic,2025-07-06,adapted,1646,0.5158257599,7.341002215,0.6730181277,0.4529534001,1924.312996,1646,0.6030438722,0.5158257599,0.4818253753,0.5498261446
synthetic_20250706,synthetic,2025-07-06,adapted,1647,0.5161391413,7.33989816,-1.163547338,1.353842407,1925.666839,1647,0.6034681412,0.5161391413,0.4821387567,0.5501395259
synthetic_20250706,synthetic,2025-07-06,adapted,1648,0.5164525227,7.336358417,0.4095579514,0.1677377156,1925.834576,1648,0.6035207071,0.5164525227,0.4824521381,0.5504529073
synthetic_20250706,synthetic,2025-07-06,adapted,1649,0.5167659041,7.33483215,0.6786364892,0.4605474845,1926.295124,1649,0.6036650341,0.5167659041,0.4827655195,0.5507662887
synthetic_20250706,synthetic,2025-07-06,adapted,1650,0.5170792855,7.333078092,-0.4708178811,0.2216694771,1926.516793,1650,0.6037345012,0.5170792855,0.4830789009,0.5510796701
synthetic_20250706,synthetic,2025-07-06,adapted,1651,0.5173926669,7.332241692,0.657474125,0.432272225,1926.949066,1651,0.6038699673,0.5173926669,0.4833922823,0.5513930515
synthetic_20250706,synthetic,2025-07-06,adapted,1652,0.5177060483,7.329276482,-0.1670230118,0.02789668647,1926.976962,1652,0.6038787096,0.5177060483,0.4837056637,0.5517064329
synthetic_20250706,synthetic,2025-07-06,adapted,1653,0.5180194296,7.328871808,0.3927977776,0.1542900941,1927.131252,1653,0.6039270612,0.5180194296,0.484019045,0.5520198142
synthetic_20250706,synthetic,2025-07-06,adapted,1654,0.518332811,7.32808085,-0.5362864093,0.2876031128,1927.418855,1654,0.6040171907,0.518332811,0.4843324264,0.5523331956
synthetic_20250706,synthetic,2025-07-06,adapted,1655,0.5186461924,7.326491476,0.6842501172,0.4681982229,1927.887054,1655,0.6041639153,0.5186461924,0.4846458078,0.552646577
synthetic_20250706,synthetic,2025-07-06,adapted,1656,0.5189595738,7.322278275,-1.36805153,1.871564988,1929.758619,1656,0.6047504289,0.5189595738,0.4849591892,0.5529599584
synthetic_20250706,synthetic,2025-07-06,adapted,1657,0.5192729552,7.321310759,-0.5884476429,0.3462706285,1930.104889,1657,0.6048589437,0.5192729552,0.4852725706,0.5532733398
synthetic_20250706,synthetic,2025-07-06,adapted,1658,0.5195863366,7.319354358,-1.277051769,1.630861222,1931.735751,1658,0.6053700252,0.5195863366,0.485585952,0.5535867212
synthetic_20250706,synthetic,2025-07-06,adapted,1659,0.519899718,7.317467073,0.08569380335,0.007343427933,1931.743094,1659,0.6053723265,0.519899718,0.4858993334,0.5539001026
synthetic_20250706,synthetic,2025-07-06,adapted,1660,0.5202130993,7.314224731,-0.1655073975,0.02739269862,1931.770487,1660,0.6053809109,0.5202130993,0.4862127147,0.5542134839
synthetic_20250706,synthetic,2025-07-06,adapted,1661,0.5205264807,7.312657721,-2.67499949,7.155622272,1938.926109,1661,0.6076233497,0.5205264807,0.4865260961,0.5545268653
synthetic_20250706,synthetic,2025-07-06,adapted,1662,0.5208398621,7.311184978,-0.5434111833,0.2952957141,1939.221405,1662,0.6077158899,0.5208398621,0.4868394775,0.5548402467
synthetic_20250706,synthetic,2025-07-06,adapted,1663,0.5211532435,7.309213319,-0.5595968832,0.3131486717,1939.534553,1663,0.6078140249,0.5211532435,0.4871528589,0.5551536281
synthetic_20250706,synthetic,2025-07-06,adapted,1664,0.5214666249,7.307757139,0.5460076633,0.2981243684,1939.832678,1664,0.6079074515,0.5214666249,0.4874662403,0.5554670095
synthetic_20250706,synthetic,2025-07-06,adapted,1665,0.5217800063,7.301501972,1.298637883,1.686460352,1941.519138,1665,0.6084359568,0.5217800063,0.4877796217,0.5557803909
synthetic_20250706,synthetic,2025-07-06,adapted,1666,0.5220933877,7.299197713,-0.001884136933,3.549971981e-06,1941.519142,1666,0.6084359579,0.5220933877,0.4880930031,0.5560937723
synthetic_20250706,synthetic,2025-07-06,adapted,1667,0.522406769,7.296912704,-0.1774782045,0.03149851306,1941.55064,1667,0.6084458289,0.522406769,0.4884063844,0.5564071536
synthetic_20250706,synthetic,2025-07-06,adapted,1668,0.5227201504,7.294706535,-0.07097534411,0.005037499471,1941.555678,1668,0.6084474076,0.5227201504,0.4887197658,0.556720535
synthetic_20250706,synthetic,2025-07-06,adapted,1669,0.5230335318,7.292608362,-0.66997273,0.4488634589,1942.004541,1669,0.608588073,0.5230335318,0.4890331472,0.5570339164
synthetic_20250706,synthetic,2025-07-06,adapted,1670,0.5233469132,7.29152501,0.7612552002,0.5795094798,1942.584051,1670,0.6087696805,0.5233469132,0.4893465286,0.5573472978
synthetic_20250706,synthetic,2025-07-06,adapted,1671,0.5236602946,7.288450151,0.9741874778,0.9490412419,1943.533092,1671,0.6090670924,0.5236602946,0.48965991,0.5576606792
synthetic_20250706,synthetic,2025-07-06,adapted,1672,0.523973676,7.287083543,1.273371348,1.621474589,1945.154566,1672,0.6095752323,0.523973676,0.4899732914,0.5579740606
synthetic_20250706,synthetic,2025-07-06,adapted,1673,0.5242870573,7.284180428,1.285109248,1.65150578,1946.806072,1673,0.6100927835,0.5242870573,0.4902866727,0.5582874419
synthetic_20250706,synthetic,2025-07-06,adapted,1674,0.5246004387,7.282898891,0.9456480589,0.8942502512,1947.700322,1674,0.6103730249,0.5246004387,0.4906000541,0.5586008233
synthetic_20250706,synthetic,2025-07-06,adapted,1675,0.5249138201,7.281507168,-1.197199313,1.433286196,1949.133609,1675,0.6108221901,0.5249138201,0.4909134355,0.5589142047
synthetic_20250706,synthetic,2025-07-06,adapted,1676,0.5252272015,7.280904835,-0.3924531941,0.1540195095,1949.287628,1676,0.6108704569,0.5252272015,0.4912268169,0.5592275861
synthetic_20250706,synthetic,2025-07-06,adapted,1677,0.5255405829,7.277726521,2.101771386,4.41744296,1953.705071,1677,0.6122548013,0.5255405829,0.4915401983,0.5595409675
synthetic_20250706,synthetic,2025-07-06,adapted,1678,0.5258539643,7.276069019,0.6041210458,0.364962238,1954.070033,1678,0.6123691737,0.5258539643,0.4918535797,0.5598543489
synthetic_20250706,synthetic,2025-07-06,adapted,1679,0.5261673457,7.275676435,0.4580174702,0.209780003,1954.279813,1679,0.6124349149,0.5261673457,0.4921669611,0.5601677303
synthetic_20250706,synthetic,2025-07-06,adapted,1680,0.526480727,7.273472571,-0.2730646496,0.07456430289,1954.354378,1680,0.6124582819,0.526480727,0.4924803424,0.5604811116
synthetic_20250706,synthetic,2025-07-06,adapted,1681,0.5267941084,7.272536969,-0.640622967,0.4103977859,1954.764775,1681,0.6125868929,0.5267941084,0.4927937238,0.560794493
synthetic_20250706,synthetic,2025-07-06,adapted,1682,0.5271074898,7.270595558,-0.9242929393,0.8543174377,1955.619093,1682,0.6128546201,0.5271074898,0.4931071052,0.5611078744
synthetic_20250706,synthetic,2025-07-06,adapted,1683,0.5274208712,7.268283072,1.880646974,3.536833042,1959.155926,1683,0.6139629978,0.5274208712,0.4934204866,0.5614212558
synthetic_20250706,synthetic,2025-07-06,adapted,1684,0.5277342526,7.266809627,-0.7310340473,0.5344107784,1959.690337,1684,0.6141304722,0.5277342526,0.493733868,0.5617346372
synthetic_20250706,synthetic,2025-07-06,adapted,1685,0.528047634,7.265821538,0.6898171786,0.4758477398,1960.166184,1685,0.614279594,0.528047634,0.4940472494,0.5620480186
synthetic_20250706,synthetic,2025-07-06,adapted,1686,0.5283610154,7.26303512,0.7926665403,0.628320244,1960.794505,1686,0.6144764978,0.5283610154,0.4943606308,0.5623614
synthetic_20250706,synthetic,2025-07-06,adapted,1687,0.5286743967,7.262392667,0.1027944718,0.01056670343,1960.805071,1687,0.6144798093,0.5286743967,0.4946740121,0.5626747813
synthetic_20250706,synthetic,2025-07-06,adapted,1688,0.5289877781,7.261100291,1.562670721,2.441939784,1963.247011,1688,0.6152450677,0.5289877781,0.4949873935,0.5629881627
synthetic_20250706,synthetic,2025-07-06,adapted,1689,0.5293011595,7.260824751,-0.3678206919,0.1352920614,1963.382303,1689,0.6152874657,0.5293011595,0.4953007749,0.5633015441
synthetic_20250706,synthetic,2025-07-06,adapted,1690,0.5296145409,7.259324607,0.2800929211,0.07845204446,1963.460755,1690,0.6153120511,0.5296145409,0.4956141563,0.5636149255
synthetic_20250706,synthetic,2025-07-06,adapted,1691,0.5299279223,7.255736739,0.04766630527,0.002272076658,1963.463027,1691,0.6153127632,0.5299279223,0.4959275377,0.5639283069
synthetic_20250706,synthetic,2025-07-06,adapted,1692,0.5302413037,7.251392846,-0.4182599229,0.1749413631,1963.637969,1692,0.6153675865,0.5302413037,0.4962409191,0.5642416883
synthetic_20250706,synthetic,2025-07-06,adapted,1693,0.5305546851,7.249380181,0.3166934931,0.1002947686,1963.738263,1693,0.6153990171,0.5305546851,0.4965543005,0.5645550697
synthetic_20250706,synthetic,2025-07-06,adapted,1694,0.5308680664,7.246622309,-0.2112934087,0.04464490455,1963.782908,1694,0.6154130079,0.5308680664,0.4968676818,0.564868451
synthetic_20250706,synthetic,2025-07-06,adapted,1695,0.5311814478,7.246433948,-0.3573232389,0.127679897,1963.910588,1695,0.6154530204,0.5311814478,0.4971810632,0.5651818324
synthetic_20250706,synthetic,2025-07-06,adapted,1696,0.5314948292,7.244112246,-0.6379654597,0.4069999278,1964.317588,1696,0.6155805666,0.5314948292,0.4974944446,0.5654952138
synthetic_20250706,synthetic,2025-07-06,adapted,1697,0.5318082106,7.242465143,1.049541933,1.101538268,1965.419126,1697,0.6159257682,0.5318082106,0.497807826,0.5658085952
synthetic_20250706,synthetic,2025-07-06,adapted,1698,0.532121592,7.241613193,-0.7861342128,0.6180070005,1966.037133,1698,0.6161194401,0.532121592,0.4981212074,0.5661219766
synthetic_20250706,synthetic,2025-07-06,adapted,1699,0.5324349734,7.240323038,0.1062131574,0.0112812348,1966.048415,1699,0.6161229754,0.5324349734,0.4984345888,0.566435358
synthetic_20250706,synthetic,2025-07-06,adapted,1700,0.5327483547,7.238502144,-1.204511848,1.450848793,1967.499263,1700,0.6165776445,0.5327483547,0.4987479701,0.5667487393
synthetic_20250706,synthetic,2025-07-06,adapted,1701,0.5330617361,7.23807671,0.5522503439,0.3049804424,1967.804244,1701,0.6166732196,0.5330617361,0.4990613515,0.5670621207
synthetic_20250706,synthetic,2025-07-06,adapted,1702,0.5333751175,7.237204323,-0.2659643237,0.0707370215,1967.874981,1702,0.6166953873,0.5333751175,0.4993747329,0.5673755021
synthetic_20250706,synthetic,2025-07-06,adapted,1703,0.5336884989,7.234457466,0.4047797815,0.1638466715,1968.038828,1703,0.6167467338,0.5336884989,0.4996881143,0.5676888835
synthetic_20250706,synthetic,2025-07-06,adapted,1704,0.5340018803,7.233654721,0.5083379977,0.2584075199,1968.297235,1704,0.6168277139,0.5340018803,0.5000014957,0.5680022649
synthetic_20250706,synthetic,2025-07-06,adapted,1705,0.5343152617,7.232837719,0.4493770474,0.2019397307,1968.499175,1705,0.6168909981,0.5343152617,0.5003148771,0.5683156463
synthetic_20250706,synthetic,2025-07-06,adapted,1706,0.5346286431,7.232154457,-0.0090799678,8.244581525e-05,1968.499257,1706,0.6168910239,0.5346286431,0.5006282585,0.5686290277
synthetic_20250706,synthetic,2025-07-06,adapted,1707,0.5349420244,7.231216061,0.1361805397,0.01854513938,1968.517802,1707,0.6168968356,0.5349420244,0.5009416398,0.568942409
synthetic_20250706,synthetic,2025-07-06,adapted,1708,0.5352554058,7.230919155,0.3085860073,0.0952253239,1968.613028,1708,0.6169266775,0.5352554058,0.5012550212,0.5692557904
synthetic_20250706,synthetic,2025-07-06,adapted,1709,0.5355687872,7.222682305,-1.245395927,1.551011015,1970.164039,1709,0.6174127354,0.5355687872,0.5015684026,0.5695691718
synthetic_20250706,synthetic,2025-07-06,adapted,1710,0.5358821686,7.221641247,-0.5164327734,0.2667028094,1970.430742,1710,0.6174963151,0.5358821686,0.501881784,0.5698825532
synthetic_20250706,synthetic,2025-07-06,adapted,1711,0.53619555,7.219658744,-0.4373482406,0.1912734836,1970.622015,1711,0.6175562567,0.53619555,0.5021951654,0.5701959346
synthetic_20250706,synthetic,2025-07-06,adapted,1712,0.5365089314,7.217019589,0.5071512471,0.2572023875,1970.879217,1712,0.6176368591,0.5365089314,0.5025085468,0.570509316
synthetic_20250706,synthetic,2025-07-06,adapted,1713,0.5368223128,7.215375031,-0.08809085528,0.007759998784,1970.886977,1713,0.617639291,0.5368223128,0.5028219282,0.5708226974
synthetic_20250706,synthetic,2025-07-06,adapted,1714,0.5371356941,7.212351013,0.03761526235,0.001414907962,1970.888392,1714,0.6176397344,0.5371356941,0.5031353095,0.5711360787
synthetic_20250706,synthetic,2025-07-06,adapted,1715,0.5374490755,7.211237515,-1.265128164,1.600549271,1972.488942,1715,0.6181413167,0.5374490755,0.5034486909,0.5714494601
synthetic_20250706,synthetic,2025-07-06,adapted,1716,0.5377624569,7.208887322,-1.095259458,1.199593281,1973.688535,1716,0.6185172469,0.5377624569,0.5037620723,0.5717628415
synthetic_20250706,synthetic,2025-07-06,adapted,1717,0.5380758383,7.208184598,-0.00617016374,3.807092057e-05,1973.688573,1717,0.6185172588,0.5380758383,0.5040754537,0.5720762229
synthetic_20250706,synthetic,2025-07-06,adapted,1718,0.5383892197,7.207398835,-0.5819879059,0.3387099226,1974.027283,1718,0.6186234042,0.5383892197,0.5043888351,0.5723896043
synthetic_20250706,synthetic,2025-07-06,adapted,1719,0.5387026011,7.206155729,-0.8977353266,0.8059287166,1974.833212,1719,0.6188759673,0.5387026011,0.5047022165,0.5727029857
synthetic_20250706,synthetic,2025-07-06,adapted,1720,0.5390159825,7.202322255,0.2655096474,0.07049537285,1974.903707,1720,0.6188980592,0.5390159825,0.5050155979,0.5730163671
synthetic_20250706,synthetic,2025-07-06,adapted,1721,0.5393293638,7.200226268,1.929143471,3.721594533,1978.625302,1721,0.6200643377,0.5393293638,0.5053289792,0.5733297484
synthetic_20250706,synthetic,2025-07-06,adapted,1722,0.5396427452,7.19970346,1.270901397,1.615190361,1980.240492,1722,0.6205705083,0.5396427452,0.5056423606,0.5736431298
synthetic_20250706,synthetic,2025-07-06,adapted,1723,0.5399561266,7.198712348,-0.9592513743,0.920163199,1981.160655,1723,0.6208588703,0.5399561266,0.505955742,0.5739565112
synthetic_20250706,synthetic,2025-07-06,adapted,1724,0.540269508,7.197064763,-1.34124425,1.798936139,1982.959591,1724,0.6214226234,0.540269508,0.5062691234,0.5742698926
synthetic_20250706,synthetic,2025-07-06,adapted,1725,0.5405828894,7.194931255,1.476555737,2.180216843,1985.139808,1725,0.6221058628,0.5405828894,0.5065825048,0.574583274
synthetic_20250706,synthetic,2025-07-06,adapted,1726,0.5408962708,7.192189017,-0.3521806139,0.1240311848,1985.263839,1726,0.6221447318,0.5408962708,0.5068958862,0.5748966554
synthetic_20250706,synthetic,2025-07-06,adapted,1727,0.5412096521,7.189908165,0.5152570178,0.2654897944,1985.529329,1727,0.6222279314,0.5412096521,0.5072092675,0.5752100367
synthetic_20250706,synthetic,2025-07-06,adapted,1728,0.5415230335,7.188533625,-0.8339315518,0.6954418331,1986.224771,1728,0.6224458699,0.5415230335,0.5075226489,0.5755234181
synthetic_20250706,synthetic,2025-07-06,adapted,1729,0.5418364149,7.186958035,0.4778652094,0.2283551584,1986.453126,1729,0.6225174322,0.5418364149,0.5078360303,0.5758367995
synthetic_20250706,synthetic,2025-07-06,adapted,1730,0.5421497963,7.183565404,0.6321703471,0.3996393477,1986.852765,1730,0.6226426717,0.5421497963,0.5081494117,0.5761501809
synthetic_20250706,synthetic,2025-07-06,adapted,1731,0.5424631777,7.18276828,-0.2982117231,0.08893023182,1986.941696,1731,0.6226705408,0.5424631777,0.5084627931,0.5764635623
synthetic_20250706,synthetic,2025-07-06,adapted,1732,0.5427765591,7.179935553,1.048051187,1.09841129,1988.040107,1732,0.6230147624,0.5427765591,0.5087761745,0.5767769437
synthetic_20250706,synthetic,2025-07-06,adapted,1733,0.5430899405,7.178019041,0.3298922224,0.1088288784,1988.148936,1733,0.6230488674,0.5430899405,0.5090895559,0.5770903251
synthetic_20250706,synthetic,2025-07-06,adapted,1734,0.5434033218,7.176453241,-0.3861136964,0.1490837866,1988.29802,1734,0.6230955875,0.5434033218,0.5094029372,0.5774037064
synthetic_20250706,synthetic,2025-07-06,adapted,1735,0.5437167032,7.174750214,0.4367123476,0.1907176745,1988.488737,1735,0.6231553548,0.5437167032,0.5097163186,0.5777170878
synthetic_20250706,synthetic,2025-07-06,adapted,1736,0.5440300846,7.173974667,-0.389226145,0.1514969919,1988.640234,1736,0.6232028312,0.5440300846,0.5100297,0.5780304692
synthetic_20250706,synthetic,2025-07-06,adapted,1737,0.544343466,7.172444103,0.6282122138,0.3946505856,1989.034885,1737,0.6233265073,0.544343466,0.5103430814,0.5783438506
synthetic_20250706,synthetic,2025-07-06,adapted,1738,0.5446568474,7.171312025,-1.179706804,1.391708143,1990.426593,1738,0.6237626427,0.5446568474,0.5106564628,0.578657232
synthetic_20250706,synthetic,2025-07-06,adapted,1739,0.5449702288,7.168807718,0.5960041899,0.3552209944,1990.781814,1739,0.6238739624,0.5449702288,0.5109698442,0.5789706134
synthetic_20250706,synthetic,2025-07-06,adapted,1740,0.5452836102,7.167609963,0.0472762184,0.002235040826,1990.784049,1740,0.6238746628,0.5452836102,0.5112832256,0.5792839948
synthetic_20250706,synthetic,2025-07-06,adapted,1741,0.5455969915,7.165497732,0.1819279517,0.03309777963,1990.817147,1741,0.623885035,0.5455969915,0.5115966069,0.5795973761
synthetic_20250706,synthetic,2025-07-06,adapted,1742,0.5459103729,7.164124499,-1.96855118,3.875193748,1994.692341,1742,0.6250994486,0.5459103729,0.5119099883,0.5799107575
synthetic_20250706,synthetic,2025-07-06,adapted,1743,0.5462237543,7.162647823,-1.048894851,1.100180408,1995.792521,1743,0.6254442247,0.5462237543,0.5122233697,0.5802241389
synthetic_20250706,synthetic,2025-07-06,adapted,1744,0.5465371357,7.161834201,-2.137619523,4.569417225,2000.361938,1744,0.626876195,0.5465371357,0.5125367511,0.5805375203
synthetic_20250706,synthetic,2025-07-06,adapted,1745,0.5468505171,7.158683803,-0.6703991924,0.4494350771,2000.811373,1745,0.6270170396,0.5468505171,0.5128501325,0.5808509017
synthetic_20250706,synthetic,2025-07-06,adapted,1746,0.5471638985,7.156705317,-0.7211156274,0.5200077481,2001.331381,1746,0.6271800003,0.5471638985,0.5131635139,0.5811642831
synthetic_20250706,synthetic,2025-07-06,adapted,1747,0.5474772798,7.154214805,0.570595669,0.3255794175,2001.65696,1747,0.6272820308,0.5474772798,0.5134768952,0.5814776644
synthetic_20250706,synthetic,2025-07-06,adapted,1748,0.5477906612,7.151649244,-0.9295902873,0.8641381023,2002.521098,1748,0.6275528356,0.5477906612,0.5137902766,0.5817910458
synthetic_20250706,synthetic,2025-07-06,adapted,1749,0.5481040426,7.149302968,1.733777647,3.00598493,2005.527083,1749,0.6284948554,0.5481040426,0.514103658,0.5821044272
synthetic_20250706,synthetic,2025-07-06,adapted,1750,0.548417424,7.146688763,0.3726582923,0.1388742028,2005.665958,1750,0.6285383759,0.548417424,0.5144170394,0.5824178086
synthetic_20250706,synthetic,2025-07-06,adapted,1751,0.5487308054,7.145694574,0.1334568629,0.01781073425,2005.683768,1751,0.6285439575,0.5487308054,0.5147304208,0.58273119
synthetic_20250706,synthetic,2025-07-06,adapted,1752,0.5490441868,7.14467318,0.8469327192,0.7172950308,2006.401063,1752,0.6287687444,0.5490441868,0.5150438022,0.5830445714
synthetic_20250706,synthetic,2025-07-06,adapted,1753,0.5493575682,7.142837216,1.301117801,1.692907532,2008.093971,1753,0.6292992701,0.5493575682,0.5153571836,0.5833579528
synthetic_20250706,synthetic,2025-07-06,adapted,1754,0.5496709495,7.142333334,-0.5602335376,0.3138616166,2008.407833,1754,0.6293976285,0.5496709495,0.5156705649,0.5836713341
synthetic_20250706,synthetic,2025-07-06,adapted,1755,0.5499843309,7.138646793,1.278944695,1.635699534,2010.043532,1755,0.6299102263,0.5499843309,0.5159839463,0.5839847155
synthetic_20250706,synthetic,2025-07-06,adapted,1756,0.5502977123,7.136070157,-1.294737408,1.676344955,2011.719877,1756,0.6304355616,0.5502977123,0.5162973277,0.5842980969
synthetic_20250706,synthetic,2025-07-06,adapted,1757,0.5506110937,7.132495472,0.3320980299,0.1102891015,2011.830166,1757,0.6304701241,0.5506110937,0.5166107091,0.5846114783
synthetic_20250706,synthetic,2025-07-06,adapted,1758,0.5509244751,7.131314713,0.8912949096,0.7944066159,2012.624573,1758,0.6307190764,0.5509244751,0.5169240905,0.5849248597
synthetic_20250706,synthetic,2025-07-06,adapted,1759,0.5512378565,7.129951962,0.7684564745,0.5905253532,2013.215098,1759,0.630904136,0.5512378565,0.5172374719,0.5852382411
synthetic_20250706,synthetic,2025-07-06,adapted,1760,0.5515512379,7.12836001,0.3237002456,0.104781849,2013.31988,1760,0.6309369727,0.5515512379,0.5175508533,0.5855516225
synthetic_20250706,synthetic,2025-07-06,adapted,1761,0.5518646192,7.126149936,0.0331166602,0.001096713183,2013.320977,1761,0.6309373164,0.5518646192,0.5178642346,0.5858650038
synthetic_20250706,synthetic,2025-07-06,adapted,1762,0.5521780006,7.12502369,1.901153822,3.614385856,2016.935363,1762,0.6320699977,0.5521780006,0.518177616,0.5861783852
synthetic_20250706,synthetic,2025-07-06,adapted,1763,0.552491382,7.12353319,0.3750112624,0.1406334469,2017.075996,1763,0.6321140696,0.552491382,0.5184909974,0.5864917666
synthetic_20250706,synthetic,2025-07-06,adapted,1764,0.5528047634,7.121143871,0.2172559085,0.04720012978,2017.123196,1764,0.6321288612,0.5528047634,0.5188043788,0.586805148
synthetic_20250706,synthetic,2025-07-06,adapted,1765,0.5531181448,7.119858678,-0.07072477143,0.005001993294,2017.128198,1765,0.6321304287,0.5531181448,0.5191177602,0.5871185294
synthetic_20250706,synthetic,2025-07-06,adapted,1766,0.5534315262,7.119395109,0.2495797368,0.06229004504,2017.190488,1766,0.6321499493,0.5534315262,0.5194311416,0.5874319108
synthetic_20250706,synthetic,2025-07-06,adapted,1767,0.5537449076,7.115881422,0.6933915261,0.4807918085,2017.67128,1767,0.6323006205,0.5537449076,0.519744523,0.5877452922
synthetic_20250706,synthetic,2025-07-06,adapted,1768,0.5540582889,7.115257766,0.7332021619,0.5375854102,2018.208865,1768,0.6324690897,0.5540582889,0.5200579043,0.5880586735
synthetic_20250706,synthetic,2025-07-06,adapted,1769,0.5543716703,7.113233346,0.2553733521,0.06521554898,2018.274081,1769,0.6324895271,0.5543716703,0.5203712857,0.5883720549
synthetic_20250706,synthetic,2025-07-06,adapted,1770,0.5546850517,7.111948946,0.1122623899,0.01260284419,2018.286684,1770,0.6324934766,0.5546850517,0.5206846671,0.5886854363
synthetic_20250706,synthetic,2025-07-06,adapted,1771,0.5549984331,7.108115098,-0.4710383602,0.2218771367,2018.508561,1771,0.6325630087,0.5549984331,0.5209980485,0.5889988177
synthetic_20250706,synthetic,2025-07-06,adapted,1772,0.5553118145,7.107161086,-1.117476275,1.248753224,2019.757314,1772,0.6329543448,0.5553118145,0.5213114299,0.5893121991
synthetic_20250706,synthetic,2025-07-06,adapted,1773,0.5556251959,7.106620519,-0.4559001834,0.2078449772,2019.965159,1773,0.6330194795,0.5556251959,0.5216248113,0.5896255805
synthetic_20250706,synthetic,2025-07-06,adapted,1774,0.5559385772,7.105637465,1.302406938,1.696263833,2021.661423,1774,0.633551057,0.5559385772,0.5219381926,0.5899389618
synthetic_20250706,synthetic,2025-07-06,adapted,1775,0.5562519586,7.10512813,-0.6750378239,0.4556760637,2022.117099,1775,0.6336938574,0.5562519586,0.522251574,0.5902523432
synthetic_20250706,synthetic,2025-07-06,adapted,1776,0.55656534,7.10313669,0.3940490645,0.1552746653,2022.272374,1776,0.6337425176,0.55656534,0.5225649554,0.5905657246
synthetic_20250706,synthetic,2025-07-06,adapted,1777,0.5568787214,7.102038852,0.893506726,0.7983542694,2023.070728,1777,0.633992707,0.5568787214,0.5228783368,0.590879106
synthetic_20250706,synthetic,2025-07-06,adapted,1778,0.5571921028,7.099859587,0.004205704203,1.768794785e-05,2023.070746,1778,0.6339927125,0.5571921028,0.5231917182,0.5911924874
synthetic_20250706,synthetic,2025-07-06,adapted,1779,0.5575054842,7.096805472,-0.1370233164,0.01877538924,2023.089521,1779,0.6339985964,0.5575054842,0.5235050996,0.5915058688
synthetic_20250706,synthetic,2025-07-06,adapted,1780,0.5578188656,7.094755576,-0.6031981485,0.3638480063,2023.453369,1780,0.6341126196,0.5578188656,0.523818481,0.5918192502
synthetic_20250706,synthetic,2025-07-06,adapted,1781,0.5581322469,7.094278002,-0.6513506852,0.4242577151,2023.877627,1781,0.634245574,0.5581322469,0.5241318623,0.5921326315
synthetic_20250706,synthetic,2025-07-06,adapted,1782,0.5584456283,7.091470079,0.05929514278,0.003515913957,2023.881143,1782,0.6342466758,0.5584456283,0.5244452437,0.5924460129
synthetic_20250706,synthetic,2025-07-06,adapted,1783,0.5587590097,7.091036958,-1.039402875,1.080358337,2024.961501,1783,0.63458524,0.5587590097,0.5247586251,0.5927593943
synthetic_20250706,synthetic,2025-07-06,adapted,1784,0.5590723911,7.090080991,-0.1536175292,0.02359834528,2024.985099,1784,0.6345926353,0.5590723911,0.5250720065,0.5930727757
synthetic_20250706,synthetic,2025-07-06,adapted,1785,0.5593857725,7.087185371,-0.9439509516,0.8910433991,2025.876143,1785,0.6348718717,0.5593857725,0.5253853879,0.5933861571
synthetic_20250706,synthetic,2025-07-06,adapted,1786,0.5596991539,7.085714607,-0.3499448445,0.1224613942,2025.998604,1786,0.6349102489,0.5596991539,0.5256987693,0.5936995385
synthetic_20250706,synthetic,2025-07-06,adapted,1787,0.5600125353,7.083155894,-0.9327828978,0.8700839343,2026.868688,1787,0.635182917,0.5600125353,0.5260121507,0.5940129199
synthetic_20250706,synthetic,2025-07-06,adapted,1788,0.5603259166,7.081575766,0.1347089295,0.01814649568,2026.886835,1788,0.6351886037,0.5603259166,0.526325532,0.5943263012
synthetic_20250706,synthetic,2025-07-06,adapted,1789,0.560639298,7.081375257,2.531728967,6.409651564,2033.296486,1789,0.6371972692,0.560639298,0.5266389134,0.5946396826
synthetic_20250706,synthetic,2025-07-06,adapted,1790,0.5609526794,7.078201231,-0.5943006419,0.353193253,2033.649679,1790,0.6373079534,0.5609526794,0.5269522948,0.594953064
synthetic_20250706,synthetic,2025-07-06,adapted,1791,0.5612660608,7.077273529,1.488144326,2.214573535,2035.864253,1791,0.6380019595,0.5612660608,0.5272656762,0.5952664454
synthetic_20250706,synthetic,2025-07-06,adapted,1792,0.5615794422,7.07499386,1.75896904,3.093972084,2038.958225,1792,0.6389715528,0.5615794422,0.5275790576,0.5955798268
synthetic_20250706,synthetic,2025-07-06,adapted,1793,0.5618928236,7.07369475,-0.05478909479,0.003001844907,2038.961227,1793,0.6389724935,0.5618928236,0.527892439,0.5958932082
synthetic_20250706,synthetic,2025-07-06,adapted,1794,0.562206205,7.071890168,-0.5758111624,0.3315584948,2039.292785,1794,0.6390763978,0.562206205,0.5282058204,0.5962065896
synthetic_20250706,synthetic,2025-07-06,adapted,1795,0.5625195863,7.065539473,-1.198391036,1.436141075,2040.728926,1795,0.6395264577,0.5625195863,0.5285192017,0.5965199709
synthetic_20250706,synthetic,2025-07-06,adapted,1796,0.5628329677,7.065463955,-0.476179962,0.2267473562,2040.955674,1796,0.6395975161,0.5628329677,0.5288325831,0.5968333523
synthetic_20250706,synthetic,2025-07-06,adapted,1797,0.5631463491,7.063203209,0.3215842722,0.1034164441,2041.05909,1797,0.6396299248,0.5631463491,0.5291459645,0.5971467337
synthetic_20250706,synthetic,2025-07-06,adapted,1798,0.5634597305,7.06212292,-0.2119384105,0.04491788985,2041.104008,1798,0.6396440013,0.5634597305,0.5294593459,0.5974601151
synthetic_20250706,synthetic,2025-07-06,adapted,1799,0.5637731119,7.060415618,0.4495154229,0.2020641154,2041.306072,1799,0.6397073244,0.5637731119,0.5297727273,0.5977734965
synthetic_20250706,synthetic,2025-07-06,adapted,1800,0.5640864933,7.058217263,-0.8994063113,0.8089317128,2042.115004,1800,0.6399608286,0.5640864933,0.5300861087,0.5980868779
synthetic_20250706,synthetic,2025-07-06,adapted,1801,0.5643998746,7.055647503,1.834544641,3.365554039,2045.480558,1801,0.6410155305,0.5643998746,0.53039949,0.5984002592
synthetic_20250706,synthetic,2025-07-06,adapted,1802,0.564713256,7.053642822,-1.890588836,3.574326146,2049.054884,1802,0.6421356578,0.564713256,0.5307128714,0.5987136406
synthetic_20250706,synthetic,2025-07-06,adapted,1803,0.5650266374,7.052785256,1.6149864,2.608181073,2051.663065,1803,0.6429530132,0.5650266374,0.5310262528,0.599027022
synthetic_20250706,synthetic,2025-07-06,adapted,1804,0.5653400188,7.051000243,0.5706661308,0.3256598328,2051.988725,1804,0.6430550689,0.5653400188,0.5313396342,0.5993404034
synthetic_20250706,synthetic,2025-07-06,adapted,1805,0.5656534002,7.050572466,0.7803155071,0.6088922906,2052.597617,1805,0.6432458845,0.5656534002,0.5316530156,0.5996537848
synthetic_20250706,synthetic,2025-07-06,adapted,1806,0.5659667816,7.047753769,0.8643991496,0.7471858899,2053.344803,1806,0.6434800386,0.5659667816,0.531966397,0.5999671662
synthetic_20250706,synthetic,2025-07-06,adapted,1807,0.566280163,7.047098955,-0.4077975393,0.166298833,2053.511102,1807,0.6435321536,0.566280163,0.5322797784,0.6002805476
synthetic_20250706,synthetic,2025-07-06,adapted,1808,0.5665935443,7.046089473,0.4635323155,0.2148622075,2053.725964,1808,0.6435994874,0.5665935443,0.5325931597,0.6005939289
synthetic_20250706,synthetic,2025-07-06,adapted,1809,0.5669069257,7.04493202,1.258403437,1.58357921,2055.309543,1809,0.6440957516,0.5669069257,0.5329065411,0.6009073103
synthetic_20250706,synthetic,2025-07-06,adapted,1810,0.5672203071,7.043228286,-0.1566870239,0.02455082344,2055.334094,1810,0.6441034454,0.5672203071,0.5332199225,0.6012206917
synthetic_20250706,synthetic,2025-07-06,adapted,1811,0.5675336885,7.040933294,0.3682468777,0.1356057629,2055.4697,1811,0.6441459417,0.5675336885,0.5335333039,0.6015340731
synthetic_20250706,synthetic,2025-07-06,adapted,1812,0.5678470699,7.036073949,0.6998460476,0.4897844903,2055.959485,1812,0.6442994311,0.5678470699,0.5338466853,0.6018474545
synthetic_20250706,synthetic,2025-07-06,adapted,1813,0.5681604513,7.034426794,0.5657491361,0.320072085,2056.279557,1813,0.6443997357,0.5681604513,0.5341600667,0.6021608359
synthetic_20250706,synthetic,2025-07-06,adapted,1814,0.5684738327,7.03326113,1.941582107,3.76974108,2060.049298,1814,0.6455811024,0.5684738327,0.5344734481,0.6024742173
synthetic_20250706,synthetic,2025-07-06,adapted,1815,0.568787214,7.030290265,1.15460846,1.333120695,2061.382418,1815,0.6459988776,0.568787214,0.5347868294,0.6027875986
synthetic_20250706,synthetic,2025-07-06,adapted,1816,0.5691005954,7.029728256,-0.2619324911,0.06860862991,2061.451027,1816,0.6460203782,0.5691005954,0.5351002108,0.60310098
synthetic_20250706,synthetic,2025-07-06,adapted,1817,0.5694139768,7.027884938,1.288400891,1.659976855,2063.111004,1817,0.6465405841,0.5694139768,0.5354135922,0.6034143614
synthetic_20250706,synthetic,2025-07-06,adapted,1818,0.5697273582,7.026496608,0.2741628929,0.07516529186,2063.186169,1818,0.6465641395,0.5697273582,0.5357269736,0.6037277428
synthetic_20250706,synthetic,2025-07-06,adapted,1819,0.5700407396,7.023869335,1.045065732,1.092162384,2064.278332,1819,0.6469064029,0.5700407396,0.536040355,0.6040411242
synthetic_20250706,synthetic,2025-07-06,adapted,1820,0.570354121,7.023590327,-1.366655471,1.867747176,2066.146079,1820,0.6474917201,0.570354121,0.5363537364,0.6043545056
synthetic_20250706,synthetic,2025-07-06,adapted,1821,0.5706675024,7.022391811,-1.210266352,1.464744644,2067.610823,1821,0.6479507438,0.5706675024,0.5366671178,0.604667887
synthetic_20250706,synthetic,2025-07-06,adapted,1822,0.5709808837,7.020829328,-1.48543936,2.206530093,2069.817353,1822,0.6486422292,0.5709808837,0.5369804991,0.6049812683
synthetic_20250706,synthetic,2025-07-06,adapted,1823,0.5712942651,7.016114124,0.5951091074,0.3541548497,2070.171508,1823,0.6487532148,0.5712942651,0.5372938805,0.6052946497
synthetic_20250706,synthetic,2025-07-06,adapted,1824,0.5716076465,7.015152331,-2.631914926,6.926976177,2077.098484,1824,0.6509240001,0.5716076465,0.5376072619,0.6056080311
synthetic_20250706,synthetic,2025-07-06,adapted,1825,0.5719210279,7.014626812,-1.607947006,2.585493573,2079.683978,1825,0.6517342457,0.5719210279,0.5379206433,0.6059214125
synthetic_20250706,synthetic,2025-07-06,adapted,1826,0.5722344093,7.014183625,-0.9208646652,0.8479917316,2080.53197,1826,0.6519999905,0.5722344093,0.5382340247,0.6062347939
synthetic_20250706,synthetic,2025-07-06,adapted,1827,0.5725477907,7.013388683,1.011752087,1.023642285,2081.555612,1827,0.652320781,0.5725477907,0.5385474061,0.6065481753
synthetic_20250706,synthetic,2025-07-06,adapted,1828,0.572861172,7.01257189,-0.2847048254,0.0810568376,2081.636669,1828,0.6523461827,0.572861172,0.5388607874,0.6068615566
synthetic_20250706,synthetic,2025-07-06,adapted,1829,0.5731745534,7.010446301,1.125274173,1.266241964,2082.902911,1829,0.6527429993,0.5731745534,0.5391741688,0.607174938
synthetic_20250706,synthetic,2025-07-06,adapted,1830,0.5734879348,7.009578154,0.603438823,0.3641384131,2083.267049,1830,0.6528571135,0.5734879348,0.5394875502,0.6074883194
synthetic_20250706,synthetic,2025-07-06,adapted,1831,0.5738013162,7.008505699,1.109366131,1.230693213,2084.497742,1831,0.6532427899,0.5738013162,0.5398009316,0.6078017008
synthetic_20250706,synthetic,2025-07-06,adapted,1832,0.5741146976,7.007683976,-1.553070987,2.412029492,2086.909772,1832,0.653998675,0.5741146976,0.540114313,0.6081150822
synthetic_20250706,synthetic,2025-07-06,adapted,1833,0.574428079,7.006327757,0.8757572749,0.7669508045,2087.676723,1833,0.6542390231,0.574428079,0.5404276944,0.6084284636
synthetic_20250706,synthetic,2025-07-06,adapted,1834,0.5747414604,7.004227957,-0.2966785255,0.08801814749,2087.764741,1834,0.6542666064,0.5747414604,0.5407410758,0.608741845
synthetic_20250706,synthetic,2025-07-06,adapted,1835,0.5750548417,7.002761284,-0.0234296914,0.0005489504391,2087.76529,1835,0.6542667784,0.5750548417,0.5410544571,0.6090552263
synthetic_20250706,synthetic,2025-07-06,adapted,1836,0.5753682231,6.998984614,-1.036837069,1.075031108,2088.840321,1836,0.6546036731,0.5753682231,0.5413678385,0.6093686077
synthetic_20250706,synthetic,2025-07-06,adapted,1837,0.5756816045,6.997387062,-0.8068601151,0.6510232453,2089.491344,1837,0.6548076917,0.5756816045,0.5416812199,0.6096819891
synthetic_20250706,synthetic,2025-07-06,adapted,1838,0.5759949859,6.993883358,0.5209353849,0.2713736752,2089.762718,1838,0.6548927352,0.5759949859,0.5419946013,0.6099953705
synthetic_20250706,synthetic,2025-07-06,adapted,1839,0.5763083673,6.99354096,-1.014346055,1.028897919,2090.791616,1839,0.6552151726,0.5763083673,0.5423079827,0.6103087519
synthetic_20250706,synthetic,2025-07-06,adapted,1840,0.5766217487,6.992683449,-0.08873291562,0.007873530315,2090.799489,1840,0.65521764,0.5766217487,0.5426213641,0.6106221333
synthetic_20250706,synthetic,2025-07-06,adapted,1841,0.5769351301,6.990204502,-2.147342284,4.611078886,2095.410568,1841,0.6566626663,0.5769351301,0.5429347455,0.6109355147
synthetic_20250706,synthetic,2025-07-06,adapted,1842,0.5772485114,6.987827324,0.2021922759,0.04088171641,2095.45145,1842,0.6566754779,0.5772485114,0.5432481268,0.611248896
synthetic_20250706,synthetic,2025-07-06,adapted,1843,0.5775618928,6.984542831,-1.29540719,1.678079788,2097.12953,1843,0.6572013569,0.5775618928,0.5435615082,0.6115622774
synthetic_20250706,synthetic,2025-07-06,adapted,1844,0.5778752742,6.983304774,-0.184445344,0.03402008493,2097.16355,1844,0.6572120181,0.5778752742,0.5438748896,0.6118756588
synthetic_20250706,synthetic,2025-07-06,adapted,1845,0.5781886556,6.982646314,0.9820597434,0.9644413397,2098.127991,1845,0.6575142561,0.5781886556,0.544188271,0.6121890402
synthetic_20250706,synthetic,2025-07-06,adapted,1846,0.578502037,6.981844597,-0.7166033036,0.5135202948,2098.641511,1846,0.6576751838,0.578502037,0.5445016524,0.6125024216
synthetic_20250706,synthetic,2025-07-06,adapted,1847,0.5788154184,6.979112271,-0.8197459077,0.6719833532,2099.313495,1847,0.6578857709,0.5788154184,0.5448150338,0.612815803
synthetic_20250706,synthetic,2025-07-06,adapted,1848,0.5791287997,6.978129403,-1.160788451,1.347429828,2100.660925,1848,0.6583080303,0.5791287997,0.5451284151,0.6131291843
synthetic_20250706,synthetic,2025-07-06,adapted,1849,0.5794421811,6.976812158,1.652836335,2.731867949,2103.392793,1849,0.6591641468,0.5794421811,0.5454417965,0.6134425657
synthetic_20250706,synthetic,2025-07-06,adapted,1850,0.5797555625,6.976396745,-0.8488908871,0.7206157382,2104.113408,1850,0.6593899744,0.5797555625,0.5457551779,0.6137559471
synthetic_20250706,synthetic,2025-07-06,adapted,1851,0.5800689439,6.973845988,0.5953081646,0.3543918108,2104.4678,1851,0.6595010342,0.5800689439,0.5460685593,0.6140693285
synthetic_20250706,synthetic,2025-07-06,adapted,1852,0.5803823253,6.971602666,-1.036931449,1.075226829,2105.543027,1852,0.6598379903,0.5803823253,0.5463819407,0.6143827099
synthetic_20250706,synthetic,2025-07-06,adapted,1853,0.5806957067,6.970982813,0.004787160196,2.291690274e-05,2105.54305,1853,0.6598379975,0.5806957067,0.5466953221,0.6146960913
synthetic_20250706,synthetic,2025-07-06,adapted,1854,0.5810090881,6.970189619,-0.750531426,0.5632974214,2106.106347,1854,0.6600145244,0.5810090881,0.5470087035,0.6150094727
synthetic_20250706,synthetic,2025-07-06,adapted,1855,0.5813224694,6.969173385,1.472150484,2.167227049,2108.273574,1855,0.660693693,0.5813224694,0.5473220848,0.615322854
synthetic_20250706,synthetic,2025-07-06,adapted,1856,0.5816358508,6.96604278,-1.089359145,1.186703346,2109.460278,1856,0.6610655837,0.5816358508,0.5476354662,0.6156362354
synthetic_20250706,synthetic,2025-07-06,adapted,1857,0.5819492322,6.964627819,1.949699011,3.801326232,2113.261604,1857,0.6622568486,0.5819492322,0.5479488476,0.6159496168
synthetic_20250706,synthetic,2025-07-06,adapted,1858,0.5822626136,6.963937531,0.325484062,0.1059398746,2113.367544,1858,0.6622900482,0.5822626136,0.548262229,0.6162629982
synthetic_20250706,synthetic,2025-07-06,adapted,1859,0.582575995,6.96201316,0.3164262032,0.1001255421,2113.467669,1859,0.6623214257,0.582575995,0.5485756104,0.6165763796
synthetic_20250706,synthetic,2025-07-06,adapted,1860,0.5828893764,6.961146515,0.5474795736,0.2997338835,2113.767403,1860,0.6624153567,0.5828893764,0.5488889918,0.616889761
synthetic_20250706,synthetic,2025-07-06,adapted,1861,0.5832027578,6.960450026,-0.5754923437,0.3311914377,2114.098595,1861,0.6625191459,0.5832027578,0.5492023732,0.6172031424
synthetic_20250706,synthetic,2025-07-06,adapted,1862,0.5835161391,6.959773318,-0.7369789813,0.5431380188,2114.641733,1862,0.6626893553,0.5835161391,0.5495157545,0.6175165237
synthetic_20250706,synthetic,2025-07-06,adapted,1863,0.5838295205,6.957358273,1.137116542,1.293034031,2115.934767,1863,0.6630945681,0.5838295205,0.5498291359,0.6178299051
synthetic_20250706,synthetic,2025-07-06,adapted,1864,0.5841429019,6.955100963,-2.061468168,4.24965101,2120.184418,1864,0.6644263296,0.5841429019,0.5501425173,0.6181432865
synthetic_20250706,synthetic,2025-07-06,adapted,1865,0.5844562833,6.954176212,0.4317608108,0.1864173977,2120.370835,1865,0.6644847493,0.5844562833,0.5504558987,0.6184566679
synthetic_20250706,synthetic,2025-07-06,adapted,1866,0.5847696647,6.950896716,0.7264853837,0.5277810127,2120.898616,1866,0.6646501461,0.5847696647,0.5507692801,0.6187700493
synthetic_20250706,synthetic,2025-07-06,adapted,1867,0.5850830461,6.950133079,1.446190291,2.091466358,2122.990083,1867,0.6653055727,0.5850830461,0.5510826615,0.6190834307
synthetic_20250706,synthetic,2025-07-06,adapted,1868,0.5853964275,6.949185362,0.1220019279,0.01488447042,2123.004967,1868,0.6653102372,0.5853964275,0.5513960429,0.6193968121
synthetic_20250706,synthetic,2025-07-06,adapted,1869,0.5857098088,6.947439703,-0.7302087146,0.5332047669,2123.538172,1869,0.6654773337,0.5857098088,0.5517094242,0.6197101934
synthetic_20250706,synthetic,2025-07-06,adapted,1870,0.5860231902,6.946736665,-0.5377984835,0.2892272088,2123.827399,1870,0.6655679721,0.5860231902,0.5520228056,0.6200235748
synthetic_20250706,synthetic,2025-07-06,adapted,1871,0.5863365716,6.945544352,-1.362141328,1.855428998,2125.682828,1871,0.666149429,0.5863365716,0.552336187,0.6203369562
synthetic_20250706,synthetic,2025-07-06,adapted,1872,0.586649953,6.943741855,-1.324903528,1.755369357,2127.438197,1872,0.6666995291,0.586649953,0.5526495684,0.6206503376
synthetic_20250706,synthetic,2025-07-06,adapted,1873,0.5869633344,6.941587166,0.3871178898,0.1498602606,2127.588058,1873,0.6667464925,0.5869633344,0.5529629498,0.620963719
synthetic_20250706,synthetic,2025-07-06,adapted,1874,0.5872767158,6.940654688,0.8489747059,0.7207580512,2128.308816,1874,0.6669723647,0.5872767158,0.5532763312,0.6212771004
synthetic_20250706,synthetic,2025-07-06,adapted,1875,0.5875900971,6.936195033,-0.2601381416,0.06767185274,2128.376487,1875,0.6669935718,0.5875900971,0.5535897125,0.6215904817
synthetic_20250706,synthetic,2025-07-06,adapted,1876,0.5879034785,6.935833646,-0.9978918452,0.9957881347,2129.372276,1876,0.6673056332,0.5879034785,0.5539030939,0.6219038631
synthetic_20250706,synthetic,2025-07-06,adapted,1877,0.5882168599,6.935147626,-0.3086905715,0.09528986894,2129.467565,1877,0.6673354953,0.5882168599,0.5542164753,0.6222172445
synthetic_20250706,synthetic,2025-07-06,adapted,1878,0.5885302413,6.934387893,1.00519497,1.010416927,2130.477982,1878,0.6676521411,0.5885302413,0.5545298567,0.6225306259
synthetic_20250706,synthetic,2025-07-06,adapted,1879,0.5888436227,6.933093887,0.9785786015,0.9576160794,2131.435598,1879,0.6679522402,0.5888436227,0.5548432381,0.6228440073
synthetic_20250706,synthetic,2025-07-06,adapted,1880,0.5891570041,6.932066722,0.4875164978,0.2376723357,2131.673271,1880,0.6680267223,0.5891570041,0.5551566195,0.6231573887
synthetic_20250706,synthetic,2025-07-06,adapted,1881,0.5894703855,6.930196392,0.6361296589,0.4046609429,2132.077932,1881,0.6681535355,0.5894703855,0.5554700009,0.6234707701
synthetic_20250706,synthetic,2025-07-06,adapted,1882,0.5897837668,6.929365736,-0.7972552,0.6356158539,2132.713548,1882,0.6683527257,0.5897837668,0.5557833822,0.6237841514
synthetic_20250706,synthetic,2025-07-06,adapted,1883,0.5900971482,6.928708467,0.1962797772,0.03852575093,2132.752073,1883,0.6683647989,0.5900971482,0.5560967636,0.6240975328
synthetic_20250706,synthetic,2025-07-06,adapted,1884,0.5904105296,6.923664728,-0.7149625859,0.5111714992,2133.263245,1884,0.6685249906,0.5904105296,0.556410145,0.6244109142
synthetic_20250706,synthetic,2025-07-06,adapted,1885,0.590723911,6.922408527,0.8392724526,0.7043782497,2133.967623,1885,0.6687457296,0.590723911,0.5567235264,0.6247242956
synthetic_20250706,synthetic,2025-07-06,adapted,1886,0.5910372924,6.920742152,-1.087924726,1.18358021,2135.151203,1886,0.6691166416,0.5910372924,0.5570369078,0.625037677
synthetic_20250706,synthetic,2025-07-06,adapted,1887,0.5913506738,6.920079946,0.674999024,0.4556236824,2135.606827,1887,0.6692594256,0.5913506738,0.5573502892,0.6253510584
synthetic_20250706,synthetic,2025-07-06,adapted,1888,0.5916640552,6.914912022,-0.6923172569,0.4793031842,2136.08613,1888,0.6694096303,0.5916640552,0.5576636706,0.6256644398
synthetic_20250706,synthetic,2025-07-06,adapted,1889,0.5919774365,6.91465645,-0.7623779008,0.5812200636,2136.66735,1889,0.6695917738,0.5919774365,0.5579770519,0.6259778211
synthetic_20250706,synthetic,2025-07-06,adapted,1890,0.5922908179,6.913475156,-0.1250800198,0.01564501136,2136.682995,1890,0.6695966767,0.5922908179,0.5582904333,0.6262912025
synthetic_20250706,synthetic,2025-07-06,adapted,1891,0.5926041993,6.911406464,0.6253193148,0.3910242455,2137.07402,1891,0.6697192164,0.5926041993,0.5586038147,0.6266045839
synthetic_20250706,synthetic,2025-07-06,adapted,1892,0.5929175807,6.909305355,1.690317875,2.857174517,2139.931194,1892,0.6706146017,0.5929175807,0.5589171961,0.6269179653
synthetic_20250706,synthetic,2025-07-06,adapted,1893,0.5932309621,6.907517765,-0.1023387848,0.01047322687,2139.941667,1893,0.6706178838,0.5932309621,0.5592305775,0.6272313467
synthetic_20250706,synthetic,2025-07-06,adapted,1894,0.5935443435,6.905652108,0.1785215129,0.03186993055,2139.973537,1894,0.6706278713,0.5935443435,0.5595439589,0.6275447281
synthetic_20250706,synthetic,2025-07-06,adapted,1895,0.5938577249,6.902077409,0.1980577747,0.03922688212,2140.012764,1895,0.6706401642,0.5938577249,0.5598573403,0.6278581095
synthetic_20250706,synthetic,2025-07-06,adapted,1896,0.5941711062,6.901194292,-1.179008787,1.39006172,2141.402826,1896,0.6710757837,0.5941711062,0.5601707216,0.6281714908
synthetic_20250706,synthetic,2025-07-06,adapted,1897,0.5944844876,6.900211614,0.6531418488,0.4265942747,2141.82942,1897,0.6712094704,0.5944844876,0.560484103,0.6284848722
synthetic_20250706,synthetic,2025-07-06,adapted,1898,0.594797869,6.898095732,0.07151854149,0.005114901777,2141.834535,1898,0.6712110733,0.594797869,0.5607974844,0.6287982536
synthetic_20250706,synthetic,2025-07-06,adapted,1899,0.5951112504,6.89571957,-0.8536888335,0.7287846245,2142.56332,1899,0.6714394609,0.5951112504,0.5611108658,0.629111635
synthetic_20250706,synthetic,2025-07-06,adapted,1900,0.5954246318,6.893593991,1.188637753,1.412859708,2143.976179,1900,0.6718822248,0.5954246318,0.5614242472,0.6294250164
synthetic_20250706,synthetic,2025-07-06,adapted,1901,0.5957380132,6.89336811,-0.8068628033,0.6510275834,2144.627207,1901,0.6720862447,0.5957380132,0.5617376286,0.6297383978
synthetic_20250706,synthetic,2025-07-06,adapted,1902,0.5960513945,6.888966548,0.1509503682,0.02278601365,2144.649993,1902,0.6720933854,0.5960513945,0.5620510099,0.6300517791
synthetic_20250706,synthetic,2025-07-06,adapted,1903,0.5963647759,6.887599862,-0.3824460515,0.1462649823,2144.796258,1903,0.6721392221,0.5963647759,0.5623643913,0.6303651605
synthetic_20250706,synthetic,2025-07-06,adapted,1904,0.5966781573,6.886747889,0.11230595,0.0126126264,2144.80887,1904,0.6721431747,0.5966781573,0.5626777727,0.6306785419
synthetic_20250706,synthetic,2025-07-06,adapted,1905,0.5969915387,6.88546628,-0.8602406299,0.7400139414,2145.548884,1905,0.6723750813,0.5969915387,0.5629911541,0.6309919233
synthetic_20250706,synthetic,2025-07-06,adapted,1906,0.5973049201,6.883490553,1.94586405,3.786386901,2149.335271,1906,0.6735616645,0.5973049201,0.5633045355,0.6313053047
synthetic_20250706,synthetic,2025-07-06,adapted,1907,0.5976183015,6.883038439,0.1955106899,0.03822442985,2149.373496,1907,0.6735736433,0.5976183015,0.5636179169,0.6316186861
synthetic_20250706,synthetic,2025-07-06,adapted,1908,0.5979316829,6.880283726,-1.365418476,1.864367615,2151.237863,1908,0.6741579014,0.5979316829,0.5639312983,0.6319320675
synthetic_20250706,synthetic,2025-07-06,adapted,1909,0.5982450642,6.879426028,0.09671433434,0.009353662467,2151.247217,1909,0.6741608327,0.5982450642,0.5642446796,0.6322454488
synthetic_20250706,synthetic,2025-07-06,adapted,1910,0.5985584456,6.878499446,-1.055119124,1.113276366,2152.360493,1910,0.6745097128,0.5985584456,0.564558061,0.6325588302
synthetic_20250706,synthetic,2025-07-06,adapted,1911,0.598871827,6.876709897,1.143277915,1.307084391,2153.667578,1911,0.6749193287,0.598871827,0.5648714424,0.6328722116
synthetic_20250706,synthetic,2025-07-06,adapted,1912,0.5991852084,6.872181204,-1.218477169,1.484686612,2155.152264,1912,0.6753846018,0.5991852084,0.5651848238,0.633185593
synthetic_20250706,synthetic,2025-07-06,adapted,1913,0.5994985898,6.871553847,0.2479148259,0.06146176088,2155.213726,1913,0.6754038628,0.5994985898,0.5654982052,0.6334989744
synthetic_20250706,synthetic,2025-07-06,adapted,1914,0.5998119712,6.869935943,-0.6867007373,0.4715579026,2155.685284,1914,0.6755516403,0.5998119712,0.5658115866,0.6338123558
synthetic_20250706,synthetic,2025-07-06,adapted,1915,0.6001253526,6.86693768,0.1927306907,0.03714511912,2155.722429,1915,0.6755632809,0.6001253526,0.566124968,0.6341257372
synthetic_20250706,synthetic,2025-07-06,adapted,1916,0.6004387339,6.86412882,0.06994237945,0.004891936443,2155.727321,1916,0.6755648139,0.6004387339,0.5664383493,0.6344391185
synthetic_20250706,synthetic,2025-07-06,adapted,1917,0.6007521153,6.862013127,0.7663273646,0.5872576298,2156.314579,1917,0.6757488495,0.6007521153,0.5667517307,0.6347524999
synthetic_20250706,synthetic,2025-07-06,adapted,1918,0.6010654967,6.860304785,0.9411980775,0.8858538211,2157.200433,1918,0.6760264596,0.6010654967,0.5670651121,0.6350658813
synthetic_20250706,synthetic,2025-07-06,adapted,1919,0.6013788781,6.858507244,0.7526755365,0.5665204633,2157.766953,1919,0.6762039966,0.6013788781,0.5673784935,0.6353792627
synthetic_20250706,synthetic,2025-07-06,adapted,1920,0.6016922595,6.857025129,-0.2674905161,0.07155117619,2157.838504,1920,0.6762264194,0.6016922595,0.5676918749,0.6356926441
synthetic_20250706,synthetic,2025-07-06,adapted,1921,0.6020056409,6.855483307,-0.2215215088,0.04907177888,2157.887576,1921,0.6762417976,0.6020056409,0.5680052563,0.6360060255
synthetic_20250706,synthetic,2025-07-06,adapted,1922,0.6023190223,6.854735183,0.8641205667,0.7467043537,2158.63428,1922,0.6764758008,0.6023190223,0.5683186376,0.6363194069
synthetic_20250706,synthetic,2025-07-06,adapted,1923,0.6026324036,6.852617842,1.435162218,2.059690593,2160.693971,1923,0.6771212695,0.6026324036,0.568632019,0.6366327882
synthetic_20250706,synthetic,2025-07-06,adapted,1924,0.602945785,6.84935357,-0.1904239849,0.03626129403,2160.730232,1924,0.6771326331,0.602945785,0.5689454004,0.6369461696
synthetic_20250706,synthetic,2025-07-06,adapted,1925,0.6032591664,6.848570584,0.003246671643,1.054087675e-05,2160.730243,1925,0.6771326364,0.6032591664,0.5692587818,0.637259551
synthetic_20250706,synthetic,2025-07-06,adapted,1926,0.6035725478,6.846803168,0.3305975538,0.1092947426,2160.839538,1926,0.6771668873,0.6035725478,0.5695721632,0.6375729324
synthetic_20250706,synthetic,2025-07-06,adapted,1927,0.6038859292,6.845396439,0.1032493995,0.01066043851,2160.850198,1927,0.6771702281,0.6038859292,0.5698855446,0.6378863138
synthetic_20250706,synthetic,2025-07-06,adapted,1928,0.6041993106,6.844832769,-0.6451708235,0.4162453916,2161.266443,1928,0.6773006717,0.6041993106,0.570198926,0.6381996952
synthetic_20250706,synthetic,2025-07-06,adapted,1929,0.6045126919,6.841323975,1.002182433,1.00436963,2162.270813,1929,0.6776154224,0.6045126919,0.5705123073,0.6385130765
synthetic_20250706,synthetic,2025-07-06,adapted,1930,0.6048260733,6.84052621,-0.6921787065,0.4791113617,2162.749924,1930,0.677765567,0.6048260733,0.5708256887,0.6388264579
synthetic_20250706,synthetic,2025-07-06,adapted,1931,0.6051394547,6.839497367,1.358072632,1.844361273,2164.594286,1931,0.6783435555,0.6051394547,0.5711390701,0.6391398393
synthetic_20250706,synthetic,2025-07-06,adapted,1932,0.6054528361,6.837730845,0.513419176,0.2635992503,2164.857885,1932,0.6784261626,0.6054528361,0.5714524515,0.6394532207
synthetic_20250706,synthetic,2025-07-06,adapted,1933,0.6057662175,6.836022993,-1.564155445,2.446582257,2167.304467,1933,0.6791928759,0.6057662175,0.5717658329,0.6397666021
synthetic_20250706,synthetic,2025-07-06,adapted,1934,0.6060795989,6.833123113,-1.826135468,3.334770747,2170.639238,1934,0.680237931,0.6060795989,0.5720792143,0.6400799835
synthetic_20250706,synthetic,2025-07-06,adapted,1935,0.6063929803,6.831372388,0.01580220166,0.0002497095774,2170.639488,1935,0.6802380093,0.6063929803,0.5723925957,0.6403933649
synthetic_20250706,synthetic,2025-07-06,adapted,1936,0.6067063616,6.830211879,0.1133593019,0.01285033133,2170.652338,1936,0.6802420363,0.6067063616,0.572705977,0.6407067462
synthetic_20250706,synthetic,2025-07-06,adapted,1937,0.607019743,6.828570781,-0.6112872121,0.3736720557,2171.02601,1937,0.6803591382,0.607019743,0.5730193584,0.6410201276
synthetic_20250706,synthetic,2025-07-06,adapted,1938,0.6073331244,6.82718734,-0.5634799893,0.3175096984,2171.34352,1938,0.6804586398,0.6073331244,0.5733327398,0.641333509
synthetic_20250706,synthetic,2025-07-06,adapted,1939,0.6076465058,6.825519664,1.058434792,1.120284209,2172.463804,1939,0.680809716,0.6076465058,0.5736461212,0.6416468904
synthetic_20250706,synthetic,2025-07-06,adapted,1940,0.6079598872,6.825440567,-0.4591398212,0.2108093754,2172.674613,1940,0.6808757798,0.6079598872,0.5739595026,0.6419602718
synthetic_20250706,synthetic,2025-07-06,adapted,1941,0.6082732686,6.824762272,-0.1850678971,0.03425012655,2172.708863,1941,0.6808865131,0.6082732686,0.574272884,0.6422736532
synthetic_20250706,synthetic,2025-07-06,adapted,1942,0.60858665,6.82391102,0.2625519762,0.06893354022,2172.777797,1942,0.6809081156,0.60858665,0.5745862654,0.6425870346
synthetic_20250706,synthetic,2025-07-06,adapted,1943,0.6089000313,6.820947643,-1.395714357,1.948018567,2174.725815,1943,0.6815185884,0.6089000313,0.5748996467,0.6429004159
synthetic_20250706,synthetic,2025-07-06,adapted,1944,0.6092134127,6.819877219,-0.851517251,0.7250816287,2175.450897,1944,0.6817458155,0.6092134127,0.5752130281,0.6432137973
synthetic_20250706,synthetic,2025-07-06,adapted,1945,0.6095267941,6.819257268,1.284090055,1.648887269,2177.099784,1945,0.682262546,0.6095267941,0.5755264095,0.6435271787
synthetic_20250706,synthetic,2025-07-06,adapted,1946,0.6098401755,6.81569301,-0.6324616731,0.400007768,2177.499792,1946,0.682387901,0.6098401755,0.5758397909,0.6438405601
synthetic_20250706,synthetic,2025-07-06,adapted,1947,0.6101535569,6.814012672,0.222589856,0.04954624401,2177.549338,1947,0.6824034279,0.6101535569,0.5761531723,0.6441539415
synthetic_20250706,synthetic,2025-07-06,adapted,1948,0.6104669383,6.81341087,0.3858351422,0.1488687569,2177.698207,1948,0.6824500806,0.6104669383,0.5764665537,0.6444673229
synthetic_20250706,synthetic,2025-07-06,adapted,1949,0.6107803196,6.809981503,-0.1671601019,0.02794249966,2177.72615,1949,0.6824588372,0.6107803196,0.576779935,0.6447807042
synthetic_20250706,synthetic,2025-07-06,adapted,1950,0.611093701,6.809324634,0.2797757278,0.07827445784,2177.804424,1950,0.682483367,0.611093701,0.5770933164,0.6450940856
synthetic_20250706,synthetic,2025-07-06,adapted,1951,0.6114070824,6.808751026,-1.2101572,1.46448045,2179.268905,1951,0.6829423079,0.6114070824,0.5774066978,0.645407467
synthetic_20250706,synthetic,2025-07-06,adapted,1952,0.6117204638,6.804600577,0.4424333167,0.1957472397,2179.464652,1952,0.6830036515,0.6117204638,0.5777200792,0.6457208484
synthetic_20250706,synthetic,2025-07-06,adapted,1953,0.6120338452,6.804057604,-0.535668484,0.2869407247,2179.751593,1953,0.6830935733,0.6120338452,0.5780334606,0.6460342298
synthetic_20250706,synthetic,2025-07-06,adapted,1954,0.6123472266,6.803461407,0.9017296765,0.8131164095,2180.564709,1954,0.6833483889,0.6123472266,0.578346842,0.6463476112
synthetic_20250706,synthetic,2025-07-06,adapted,1955,0.612660608,6.802354531,1.788048015,3.197115703,2183.761825,1955,0.6843503054,0.612660608,0.5786602234,0.6466609926
synthetic_20250706,synthetic,2025-07-06,adapted,1956,0.6129739893,6.799734965,-0.1795997803,0.03225608107,2183.794081,1956,0.6843604139,0.6129739893,0.5789736047,0.6469743739
synthetic_20250706,synthetic,2025-07-06,adapted,1957,0.6132873707,6.797951013,-0.5741259172,0.3296205688,2184.123701,1957,0.6844637108,0.6132873707,0.5792869861,0.6472877553
synthetic_20250706,synthetic,2025-07-06,adapted,1958,0.6136007521,6.796664885,-0.05207718089,0.002712032769,2184.126413,1958,0.6844645607,0.6136007521,0.5796003675,0.6476011367
synthetic_20250706,synthetic,2025-07-06,adapted,1959,0.6139141335,6.794587584,-1.245124327,1.55033459,2185.676748,1959,0.6849504067,0.6139141335,0.5799137489,0.6479145181
synthetic_20250706,synthetic,2025-07-06,adapted,1960,0.6142275149,6.793239124,-1.375643431,1.892394848,2187.569143,1960,0.6855434481,0.6142275149,0.5802271303,0.6482278995
synthetic_20250706,synthetic,2025-07-06,adapted,1961,0.6145408963,6.788697392,0.4407427522,0.1942541736,2187.763397,1961,0.6856043237,0.6145408963,0.5805405117,0.6485412809
synthetic_20250706,synthetic,2025-07-06,adapted,1962,0.6148542777,6.787955345,-0.1332100107,0.01774490695,2187.781142,1962,0.6856098846,0.6148542777,0.5808538931,0.6488546623
synthetic_20250706,synthetic,2025-07-06,adapted,1963,0.615167659,6.786048954,-1.406429359,1.978043543,2189.759185,1963,0.6862297667,0.615167659,0.5811672744,0.6491680436
synthetic_20250706,synthetic,2025-07-06,adapted,1964,0.6154810404,6.783444842,-0.3015749089,0.09094742565,2189.850133,1964,0.6862582679,0.6154810404,0.5814806558,0.649481425
synthetic_20250706,synthetic,2025-07-06,adapted,1965,0.6157944218,6.781831471,-1.424083384,2.028013485,2191.878146,1965,0.6868938096,0.6157944218,0.5817940372,0.6497948064
synthetic_20250706,synthetic,2025-07-06,adapted,1966,0.6161078032,6.779802339,-0.8885062497,0.7894433557,2192.66759,1966,0.6871412064,0.6161078032,0.5821074186,0.6501081878
synthetic_20250706,synthetic,2025-07-06,adapted,1967,0.6164211846,6.779436631,-0.0672514492,0.00452275742,2192.672112,1967,0.6871426238,0.6164211846,0.5824208,0.6504215692
synthetic_20250706,synthetic,2025-07-06,adapted,1968,0.616734566,6.778647568,-0.4393419192,0.193021322,2192.865134,1968,0.687203113,0.616734566,0.5827341814,0.6507349506
synthetic_20250706,synthetic,2025-07-06,adapted,1969,0.6170479474,6.777150964,0.2142575613,0.04590630256,2192.91104,1969,0.6872174992,0.6170479474,0.5830475628,0.651048332
synthetic_20250706,synthetic,2025-07-06,adapted,1970,0.6173613287,6.776411082,0.3720364213,0.1384110988,2193.049451,1970,0.6872608747,0.6173613287,0.5833609441,0.6513617133
synthetic_20250706,synthetic,2025-07-06,adapted,1971,0.6176747101,6.774866519,-0.07365062506,0.005424414572,2193.054876,1971,0.6872625746,0.6176747101,0.5836743255,0.6516750947
synthetic_20250706,synthetic,2025-07-06,adapted,1972,0.6179880915,6.774613412,0.5508838616,0.303473029,2193.358349,1972,0.6873576774,0.6179880915,0.5839877069,0.6519884761
synthetic_20250706,synthetic,2025-07-06,adapted,1973,0.6183014729,6.772767901,1.297937313,1.68464127,2195.04299,1973,0.6878856126,0.6183014729,0.5843010883,0.6523018575
synthetic_20250706,synthetic,2025-07-06,adapted,1974,0.6186148543,6.771695209,0.153358752,0.02351890682,2195.066509,1974,0.687892983,0.6186148543,0.5846144697,0.6526152389
synthetic_20250706,synthetic,2025-07-06,adapted,1975,0.6189282357,6.768668535,-0.4924595828,0.2425164407,2195.309025,1975,0.6879689831,0.6189282357,0.5849278511,0.6529286203
synthetic_20250706,synthetic,2025-07-06,adapted,1976,0.619241617,6.765525726,0.1370699338,0.01878816674,2195.327813,1976,0.687974871,0.619241617,0.5852412324,0.6532420016
synthetic_20250706,synthetic,2025-07-06,adapted,1977,0.6195549984,6.764836592,-1.015581928,1.031406653,2196.35922,1977,0.6882980946,0.6195549984,0.5855546138,0.653555383
synthetic_20250706,synthetic,2025-07-06,adapted,1978,0.6198683798,6.762207759,-0.239488473,0.05735472872,2196.416575,1978,0.6883160685,0.6198683798,0.5858679952,0.6538687644
synthetic_20250706,synthetic,2025-07-06,adapted,1979,0.6201817612,6.759532179,1.238524224,1.533942253,2197.950517,1979,0.6887967775,0.6201817612,0.5861813766,0.6541821458
synthetic_20250706,synthetic,2025-07-06,adapted,1980,0.6204951426,6.758068297,-1.374655136,1.889676744,2199.840194,1980,0.689388967,0.6204951426,0.586494758,0.6544955272
synthetic_20250706,synthetic,2025-07-06,adapted,1981,0.620808524,6.757329462,-0.4467068409,0.1995470017,2200.039741,1981,0.6894515013,0.620808524,0.5868081394,0.6548089086
synthetic_20250706,synthetic,2025-07-06,adapted,1982,0.6211219054,6.756311335,-0.8452956935,0.7145248095,2200.754266,1982,0.6896754201,0.6211219054,0.5871215208,0.65512229
synthetic_20250706,synthetic,2025-07-06,adapted,1983,0.6214352867,6.754386486,-0.9714495318,0.9437141929,2201.69798,1983,0.6899711626,0.6214352867,0.5874349021,0.6554356713
synthetic_20250706,synthetic,2025-07-06,adapted,1984,0.6217486681,6.751975351,-0.2705054396,0.07317319283,2201.771153,1984,0.6899940937,0.6217486681,0.5877482835,0.6557490527
synthetic_20250706,synthetic,2025-07-06,adapted,1985,0.6220620495,6.75125312,0.09580572044,0.009178736069,2201.780332,1985,0.6899969701,0.6220620495,0.5880616649,0.6560624341
synthetic_20250706,synthetic,2025-07-06,adapted,1986,0.6223754309,6.7497064,1.717143375,2.948581371,2204.728913,1986,0.6909210006,0.6223754309,0.5883750463,0.6563758155
synthetic_20250706,synthetic,2025-07-06,adapted,1987,0.6226888123,6.748490299,-3.55326506,12.62569258,2217.354606,1987,0.6948776577,0.6226888123,0.5886884277,0.6566891969
synthetic_20250706,synthetic,2025-07-06,adapted,1988,0.6230021937,6.747688269,0.5951816275,0.3542411697,2217.708847,1988,0.6949886703,0.6230021937,0.5890018091,0.6570025783
synthetic_20250706,synthetic,2025-07-06,adapted,1989,0.6233155751,6.74571811,1.069117738,1.143012738,2218.85186,1989,0.6953468692,0.6233155751,0.5893151905,0.6573159597
synthetic_20250706,synthetic,2025-07-06,adapted,1990,0.6236289564,6.745237048,-0.1096727455,0.01202811111,2218.863888,1990,0.6953506386,0.6236289564,0.5896285718,0.657629341
synthetic_20250706,synthetic,2025-07-06,adapted,1991,0.6239423378,6.743260457,-1.459703643,2.130734725,2220.994622,1991,0.6960183712,0.6239423378,0.5899419532,0.6579427224
synthetic_20250706,synthetic,2025-07-06,adapted,1992,0.6242557192,6.741932988,1.523078774,2.319768953,2223.314391,1992,0.6967453436,0.6242557192,0.5902553346,0.6582561038
synthetic_20250706,synthetic,2025-07-06,adapted,1993,0.6245691006,6.738958909,0.2806657236,0.0787732484,2223.393165,1993,0.6967700296,0.6245691006,0.590568716,0.6585694852
synthetic_20250706,synthetic,2025-07-06,adapted,1994,0.624882482,6.737945483,0.2270207354,0.05153841432,2223.444703,1994,0.6967861808,0.624882482,0.5908820974,0.6588828666
synthetic_20250706,synthetic,2025-07-06,adapted,1995,0.6251958634,6.736416888,-0.1081477395,0.01169593355,2223.456399,1995,0.6967898461,0.6251958634,0.5911954788,0.659196248
synthetic_20250706,synthetic,2025-07-06,adapted,1996,0.6255092448,6.735932625,0.758962581,0.5760241993,2224.032423,1996,0.6969703614,0.6255092448,0.5915088602,0.6595096294
synthetic_20250706,synthetic,2025-07-06,adapted,1997,0.6258226261,6.735631242,1.616724636,2.613798548,2226.646222,1997,0.6977894772,0.6258226261,0.5918222415,0.6598230107
synthetic_20250706,synthetic,2025-07-06,adapted,1998,0.6261360075,6.734596381,1.290995849,1.666670282,2228.312892,1998,0.6983117806,0.6261360075,0.5921356229,0.6601363921
synthetic_20250706,synthetic,2025-07-06,adapted,1999,0.6264493889,6.732184176,0.04419814252,0.001953475802,2228.314845,1999,0.6983123928,0.6264493889,0.5924490043,0.6604497735
synthetic_20250706,synthetic,2025-07-06,adapted,2000,0.6267627703,6.731367957,0.1172067778,0.01373742876,2228.328583,2000,0.6983166979,0.6267627703,0.5927623857,0.6607631549
synthetic_20250706,synthetic,2025-07-06,adapted,2001,0.6270761517,6.728314839,-1.287718513,1.658218969,2229.986802,2001,0.6988363528,0.6270761517,0.5930757671,0.6610765363
synthetic_20250706,synthetic,2025-07-06,adapted,2002,0.6273895331,6.726007648,0.7995120174,0.6392194659,2230.626021,2002,0.6990366723,0.6273895331,0.5933891485,0.6613899177
synthetic_20250706,synthetic,2025-07-06,adapted,2003,0.6277029144,6.721829092,1.904827861,3.62836918,2234.25439,2003,0.7001737357,0.6277029144,0.5937025298,0.661703299
synthetic_20250706,synthetic,2025-07-06,adapted,2004,0.6280162958,6.720222378,0.006082165198,3.69927335e-05,2234.254427,2004,0.7001737472,0.6280162958,0.5940159112,0.6620166804
synthetic_20250706,synthetic,2025-07-06,adapted,2005,0.6283296772,6.719597441,1.362972826,1.857694924,2236.112122,2005,0.7007559143,0.6283296772,0.5943292926,0.6623300618
synthetic_20250706,synthetic,2025-07-06,adapted,2006,0.6286430586,6.718380728,1.144643312,1.310208312,2237.422331,2006,0.7011665091,0.6286430586,0.594642674,0.6626434432
synthetic_20250706,synthetic,2025-07-06,adapted,2007,0.62895644,6.716980708,-1.755780283,3.082764401,2240.505095,2007,0.7021325901,0.62895644,0.5949560554,0.6629568246
synthetic_20250706,synthetic,2025-07-06,adapted,2008,0.6292698214,6.715563557,-1.735337586,3.011396537,2243.516492,2008,0.7030763057,0.6292698214,0.5952694368,0.663270206
synthetic_20250706,synthetic,2025-07-06,adapted,2009,0.6295832028,6.713831177,-0.4855242842,0.2357338306,2243.752225,2009,0.7031501803,0.6295832028,0.5955828182,0.6635835874
synthetic_20250706,synthetic,2025-07-06,adapted,2010,0.6298965841,6.711898801,0.2154800549,0.04643165406,2243.798657,2010,0.7031647312,0.6298965841,0.5958961995,0.6638969687
synthetic_20250706,synthetic,2025-07-06,adapted,2011,0.6302099655,6.709567745,0.3850840675,0.1482897391,2243.946947,2011,0.7032112024,0.6302099655,0.5962095809,0.6642103501
synthetic_20250706,synthetic,2025-07-06,adapted,2012,0.6305233469,6.708345575,-0.2029206319,0.04117678286,2243.988124,2012,0.7032241064,0.6305233469,0.5965229623,0.6645237315
synthetic_20250706,synthetic,2025-07-06,adapted,2013,0.6308367283,6.706663538,1.358183972,1.844663701,2245.832787,2013,0.7038021897,0.6308367283,0.5968363437,0.6648371129
synthetic_20250706,synthetic,2025-07-06,adapted,2014,0.6311501097,6.705385248,-1.288743859,1.660860733,2247.493648,2014,0.7043226725,0.6311501097,0.5971497251,0.6651504943
synthetic_20250706,synthetic,2025-07-06,adapted,2015,0.6314634911,6.703313007,-1.615863246,2.61101403,2250.104662,2015,0.7051409157,0.6314634911,0.5974631065,0.6654638757
synthetic_20250706,synthetic,2025-07-06,adapted,2016,0.6317768725,6.69979551,-2.887018587,8.334876323,2258.439538,2016,0.7077529108,0.6317768725,0.5977764879,0.6657772571
synthetic_20250706,synthetic,2025-07-06,adapted,2017,0.6320902538,6.699088027,-0.5895624882,0.3475839275,2258.787122,2017,0.7078618372,0.6320902538,0.5980898692,0.6660906384
synthetic_20250706,synthetic,2025-07-06,adapted,2018,0.6324036352,6.696625585,0.86960046,0.7562049601,2259.543327,2018,0.7080988177,0.6324036352,0.5984032506,0.6664040198
synthetic_20250706,synthetic,2025-07-06,adapted,2019,0.6327170166,6.695108514,-0.7223789356,0.5218313266,2260.065159,2019,0.7082623499,0.6327170166,0.598716632,0.6667174012
synthetic_20250706,synthetic,2025-07-06,adapted,2020,0.633030398,6.694761178,2.2553484,5.086596406,2265.151755,2020,0.7098563946,0.633030398,0.5990300134,0.6670307826
synthetic_20250706,synthetic,2025-07-06,adapted,2021,0.6333437794,6.691182293,0.8157024801,0.665370536,2265.817126,2021,0.7100649093,0.6333437794,0.5993433948,0.667344164
synthetic_20250706,synthetic,2025-07-06,adapted,2022,0.6336571608,6.688863846,0.2527342885,0.06387462061,2265.881,2022,0.7100849264,0.6336571608,0.5996567762,0.6676575454
synthetic_20250706,synthetic,2025-07-06,adapted,2023,0.6339705421,6.688320205,-1.467017604,2.152140651,2268.033141,2023,0.7107593672,0.6339705421,0.5999701575,0.6679709268
synthetic_20250706,synthetic,2025-07-06,adapted,2024,0.6342839235,6.684473569,1.202545744,1.446116267,2269.479257,2024,0.7112125532,0.6342839235,0.6002835389,0.6682843081
synthetic_20250706,synthetic,2025-07-06,adapted,2025,0.6345973049,6.684186064,-0.316687682,0.1002910879,2269.579548,2025,0.7112439825,0.6345973049,0.6005969203,0.6685976895
synthetic_20250706,synthetic,2025-07-06,adapted,2026,0.6349106863,6.680940009,0.7389424665,0.5460359688,2270.125584,2026,0.7114151,0.6349106863,0.6009103017,0.6689110709
synthetic_20250706,synthetic,2025-07-06,adapted,2027,0.6352240677,6.679015285,0.6635454308,0.4402925387,2270.565877,2027,0.7115530795,0.6352240677,0.6012236831,0.6692244523
synthetic_20250706,synthetic,2025-07-06,adapted,2028,0.6355374491,6.678957239,0.1060875424,0.01125456664,2270.577131,2028,0.7115566065,0.6355374491,0.6015370645,0.6695378337
synthetic_20250706,synthetic,2025-07-06,adapted,2029,0.6358508305,6.677108834,-0.7122210117,0.5072587696,2271.08439,2029,0.7117155719,0.6358508305,0.6018504459,0.6698512151
synthetic_20250706,synthetic,2025-07-06,adapted,2030,0.6361642118,6.67447022,-0.136714307,0.01869080173,2271.103081,2030,0.7117214293,0.6361642118,0.6021638272,0.6701645964
synthetic_20250706,synthetic,2025-07-06,adapted,2031,0.6364775932,6.67356004,-0.150760967,0.02272886916,2271.12581,2031,0.7117285521,0.6364775932,0.6024772086,0.6704779778
synthetic_20250706,synthetic,2025-07-06,adapted,2032,0.6367909746,6.672208489,1.768468725,3.127481631,2274.253291,2032,0.7127086466,0.6367909746,0.60279059,0.6707913592
synthetic_20250706,synthetic,2025-07-06,adapted,2033,0.637104356,6.670599284,-0.7355771857,0.5410737961,2274.794365,2033,0.7128782091,0.637104356,0.6031039714,0.6711047406
synthetic_20250706,synthetic,2025-07-06,adapted,2034,0.6374177374,6.66849095,-0.07747308955,0.006002079604,2274.800367,2034,0.71288009,0.6374177374,0.6034173528,0.671418122
synthetic_20250706,synthetic,2025-07-06,adapted,2035,0.6377311188,6.667206167,-2.693382427,7.254308897,2282.054676,2035,0.7151534554,0.6377311188,0.6037307342,0.6717315034
synthetic_20250706,synthetic,2025-07-06,adapted,2036,0.6380445002,6.66503453,0.03644256987,0.001328060899,2282.056004,2036,0.7151538716,0.6380445002,0.6040441156,0.6720448848
synthetic_20250706,synthetic,2025-07-06,adapted,2037,0.6383578815,6.663230055,0.4120221975,0.1697622912,2282.225766,2037,0.7152070719,0.6383578815,0.6043574969,0.6723582661
synthetic_20250706,synthetic,2025-07-06,adapted,2038,0.6386712629,6.662164737,-1.100403942,1.210888836,2283.436655,2038,0.7155865419,0.6386712629,0.6046708783,0.6726716475
synthetic_20250706,synthetic,2025-07-06,adapted,2039,0.6389846443,6.660853522,-2.556816807,6.537312182,2289.973968,2039,0.7176352139,0.6389846443,0.6049842597,0.6729850289
synthetic_20250706,synthetic,2025-07-06,adapted,2040,0.6392980257,6.657130157,0.2261919948,0.05116281853,2290.02513,2040,0.7176512474,0.6392980257,0.6052976411,0.6732984103
synthetic_20250706,synthetic,2025-07-06,adapted,2041,0.6396114071,6.656357677,-1.270906677,1.615203781,2291.640334,2041,0.7181574222,0.6396114071,0.6056110225,0.6736117917
synthetic_20250706,synthetic,2025-07-06,adapted,2042,0.6399247885,6.652857594,-2.933095982,8.603052038,2300.243386,2042,0.7208534585,0.6399247885,0.6059244039,0.6739251731
synthetic_20250706,synthetic,2025-07-06,adapted,2043,0.6402381699,6.65209669,0.8687393932,0.7547081333,2300.998094,2043,0.72108997,0.6402381699,0.6062377853,0.6742385545
synthetic_20250706,synthetic,2025-07-06,adapted,2044,0.6405515512,6.649770784,-0.25148414,0.06324427268,2301.061339,2044,0.7211097896,0.6405515512,0.6065511666,0.6745519358
synthetic_20250706,synthetic,2025-07-06,adapted,2045,0.6408649326,6.647551305,-0.8742816481,0.7643684002,2301.825707,2045,0.7213493284,0.6408649326,0.606864548,0.6748653172
synthetic_20250706,synthetic,2025-07-06,adapted,2046,0.641178314,6.645048351,-0.09404812758,0.008845050301,2301.834552,2046,0.7213521003,0.641178314,0.6071779294,0.6751786986
synthetic_20250706,synthetic,2025-07-06,adapted,2047,0.6414916954,6.643904493,-0.7470566964,0.5580937077,2302.392646,2047,0.7215269965,0.6414916954,0.6074913108,0.67549208
synthetic_20250706,synthetic,2025-07-06,adapted,2048,0.6418050768,6.642671372,0.1334444124,0.01780741121,2302.410453,2048,0.721532577,0.6418050768,0.6078046922,0.6758054614
synthetic_20250706,synthetic,2025-07-06,adapted,2049,0.6421184582,6.64154385,-1.98475485,3.939251813,2306.349705,2049,0.7227670652,0.6421184582,0.6081180736,0.6761188428
synthetic_20250706,synthetic,2025-07-06,adapted,2050,0.6424318395,6.640350854,-0.871941635,0.7602822148,2307.109987,2050,0.7230053235,0.6424318395,0.6084314549,0.6764322241
synthetic_20250706,synthetic,2025-07-06,adapted,2051,0.6427452209,6.639280144,0.4757683239,0.2263554981,2307.336343,2051,0.7230762591,0.6427452209,0.6087448363,0.6767456055
synthetic_20250706,synthetic,2025-07-06,adapted,2052,0.6430586023,6.637198839,-0.6808553883,0.4635640598,2307.799907,2052,0.7232215314,0.6430586023,0.6090582177,0.6770589869
synthetic_20250706,synthetic,2025-07-06,adapted,2053,0.6433719837,6.634665804,0.3049533053,0.09299651839,2307.892903,2053,0.7232506748,0.6433719837,0.6093715991,0.6773723683
synthetic_20250706,synthetic,2025-07-06,adapted,2054,0.6436853651,6.633541195,-0.5901784757,0.3483106331,2308.241214,2054,0.7233598288,0.6436853651,0.6096849805,0.6776857497
synthetic_20250706,synthetic,2025-07-06,adapted,2055,0.6439987465,6.631583353,2.468050108,6.091271335,2314.332485,2055,0.7252687199,0.6439987465,0.6099983619,0.6779991311
synthetic_20250706,synthetic,2025-07-06,adapted,2056,0.6443121279,6.630672125,0.9028294283,0.8151009765,2315.147586,2056,0.7255241574,0.6443121279,0.6103117433,0.6783125125
synthetic_20250706,synthetic,2025-07-06,adapted,2057,0.6446255092,6.630228513,0.9411189313,0.8857048428,2316.033291,2057,0.7258017208,0.6446255092,0.6106251246,0.6786258938
synthetic_20250706,synthetic,2025-07-06,adapted,2058,0.6449388906,6.629024691,0.1976101867,0.03904978591,2316.072341,2058,0.7258139583,0.6449388906,0.610938506,0.6789392752
synthetic_20250706,synthetic,2025-07-06,adapted,2059,0.645252272,6.6286509,0.3113996216,0.09696972432,2316.169311,2059,0.7258443468,0.645252272,0.6112518874,0.6792526566
synthetic_20250706,synthetic,2025-07-06,adapted,2060,0.6455656534,6.625911926,0.1210264723,0.014647407,2316.183958,2060,0.725848937,0.6455656534,0.6115652688,0.679566038
synthetic_20250706,synthetic,2025-07-06,adapted,2061,0.6458790348,6.62481665,0.8179306053,0.6690104751,2316.852968,2061,0.7260585924,0.6458790348,0.6118786502,0.6798794194
synthetic_20250706,synthetic,2025-07-06,adapted,2062,0.6461924162,6.620770656,0.979246181,0.9589230831,2317.811891,2062,0.7263591011,0.6461924162,0.6121920316,0.6801928008
synthetic_20250706,synthetic,2025-07-06,adapted,2063,0.6465057976,6.619045414,0.9621291397,0.9256924814,2318.737584,2063,0.7266491959,0.6465057976,0.612505413,0.6805061822
synthetic_20250706,synthetic,2025-07-06,adapted,2064,0.6468191789,6.617374442,2.481413122,6.15741108,2324.894995,2064,0.7285788139,0.6468191789,0.6128187943,0.6808195635
synthetic_20250706,synthetic,2025-07-06,adapted,2065,0.6471325603,6.616369053,0.2227552776,0.04961991372,2324.944615,2065,0.7285943638,0.6471325603,0.6131321757,0.6811329449
synthetic_20250706,synthetic,2025-07-06,adapted,2066,0.6474459417,6.615630394,-1.105843484,1.222889812,2326.167505,2066,0.7289775947,0.6474459417,0.6134455571,0.6814463263
synthetic_20250706,synthetic,2025-07-06,adapted,2067,0.6477593231,6.612897077,0.184226194,0.03393929056,2326.201444,2067,0.7289882307,0.6477593231,0.6137589385,0.6817597077
synthetic_20250706,synthetic,2025-07-06,adapted,2068,0.6480727045,6.612810822,0.005526471999,3.054189275e-05,2326.201475,2068,0.7289882402,0.6480727045,0.6140723199,0.6820730891
synthetic_20250706,synthetic,2025-07-06,adapted,2069,0.6483860859,6.610413512,0.6869986575,0.4719671554,2326.673442,2069,0.729136146,0.6483860859,0.6143857013,0.6823864705
synthetic_20250706,synthetic,2025-07-06,adapted,2070,0.6486994673,6.608916706,-0.5542121204,0.3071510744,2326.980593,2070,0.7292324014,0.6486994673,0.6146990827,0.6826998519
synthetic_20250706,synthetic,2025-07-06,adapted,2071,0.6490128486,6.60722812,-0.2996459752,0.08978771047,2327.070381,2071,0.7292605392,0.6490128486,0.615012464,0.6830132332
synthetic_20250706,synthetic,2025-07-06,adapted,2072,0.64932623,6.606031626,-0.4009540695,0.1607641659,2327.231145,2072,0.7293109197,0.64932623,0.6153258454,0.6833266146
synthetic_20250706,synthetic,2025-07-06,adapted,2073,0.6496396114,6.603157926,1.480407125,2.191605255,2329.42275,2073,0.729997728,0.6496396114,0.6156392268,0.683639996
synthetic_20250706,synthetic,2025-07-06,adapted,2074,0.6499529928,6.602696516,0.22189088,0.04923556262,2329.471986,2074,0.7300131575,0.6499529928,0.6159526082,0.6839533774
synthetic_20250706,synthetic,2025-07-06,adapted,2075,0.6502663742,6.599965076,0.07868608169,0.006191499451,2329.478177,2075,0.7300150978,0.6502663742,0.6162659896,0.6842667588
synthetic_20250706,synthetic,2025-07-06,adapted,2076,0.6505797556,6.59972322,-0.8962948348,0.8033444309,2330.281521,2076,0.730266851,0.6505797556,0.616579371,0.6845801402
synthetic_20250706,synthetic,2025-07-06,adapted,2077,0.6508931369,6.598136441,0.363118841,0.1318552927,2330.413377,2077,0.730308172,0.6508931369,0.6168927523,0.6848935215
synthetic_20250706,synthetic,2025-07-06,adapted,2078,0.6512065183,6.596657095,1.058902087,1.121273629,2331.53465,2078,0.7306595583,0.6512065183,0.6172061337,0.6852069029
synthetic_20250706,synthetic,2025-07-06,adapted,2079,0.6515198997,6.594991147,-1.002124408,1.00425333,2332.538904,2079,0.7309742725,0.6515198997,0.6175195151,0.6855202843
synthetic_20250706,synthetic,2025-07-06,adapted,2080,0.6518332811,6.594670369,-0.587979643,0.3457200606,2332.884624,2080,0.7310826148,0.6518332811,0.6178328965,0.6858336657
synthetic_20250706,synthetic,2025-07-06,adapted,2081,0.6521466625,6.591301192,-0.8044593283,0.6471548109,2333.531779,2081,0.7312854211,0.6521466625,0.6181462779,0.6861470471
synthetic_20250706,synthetic,2025-07-06,adapted,2082,0.6524600439,6.588056007,-0.5795139511,0.3358364195,2333.867615,2082,0.7313906659,0.6524600439,0.6184596593,0.6864604285
synthetic_20250706,synthetic,2025-07-06,adapted,2083,0.6527734253,6.58601242,-0.4881254298,0.2382664352,2334.105881,2083,0.7314653342,0.6527734253,0.6187730407,0.6867738099
synthetic_20250706,synthetic,2025-07-06,adapted,2084,0.6530868066,6.581076571,1.236905589,1.529935435,2335.635817,2084,0.7319447875,0.6530868066,0.619086422,0.6870871912
synthetic_20250706,synthetic,2025-07-06,adapted,2085,0.653400188,6.580715248,-1.406838196,1.97919371,2337.615011,2085,0.73256503,0.653400188,0.6193998034,0.6874005726
synthetic_20250706,synthetic,2025-07-06,adapted,2086,0.6537135694,6.578832823,-1.101402487,1.213087438,2338.828098,2086,0.732945189,0.6537135694,0.6197131848,0.687713954
synthetic_20250706,synthetic,2025-07-06,adapted,2087,0.6540269508,6.577239803,1.068465418,1.14161835,2339.969716,2087,0.7333029509,0.6540269508,0.6200265662,0.6880273354
synthetic_20250706,synthetic,2025-07-06,adapted,2088,0.6543403322,6.573181181,0.9020136568,0.8136286371,2340.783345,2088,0.733557927,0.6543403322,0.6203399476,0.6883407168
synthetic_20250706,synthetic,2025-07-06,adapted,2089,0.6546537136,6.572878573,0.3479875362,0.1210953254,2340.90444,2089,0.733595876,0.6546537136,0.620653329,0.6886540982
synthetic_20250706,synthetic,2025-07-06,adapted,2090,0.654967095,6.571345483,-1.311134389,1.719073386,2342.623514,2090,0.7341346016,0.654967095,0.6209667104,0.6889674796
synthetic_20250706,synthetic,2025-07-06,adapted,2091,0.6552804763,6.568896687,-0.2892620883,0.0836725557,2342.707186,2091,0.734160823,0.6552804763,0.6212800917,0.6892808609
synthetic_20250706,synthetic,2025-07-06,adapted,2092,0.6555938577,6.56622238,0.2561050768,0.06558981036,2342.772776,2092,0.7341813776,0.6555938577,0.6215934731,0.6895942423
synthetic_20250706,synthetic,2025-07-06,adapted,2093,0.6559072391,6.562696498,-0.6565993809,0.431122747,2343.203899,2093,0.7343164835,0.6559072391,0.6219068545,0.6899076237
synthetic_20250706,synthetic,2025-07-06,adapted,2094,0.6562206205,6.561520955,0.5451477917,0.2971861148,2343.501085,2094,0.7344096161,0.6562206205,0.6222202359,0.6902210051
synthetic_20250706,synthetic,2025-07-06,adapted,2095,0.6565340019,6.560587778,1.374649769,1.889661989,2345.390747,2095,0.735001801,0.6565340019,0.6225336173,0.6905343865
synthetic_20250706,synthetic,2025-07-06,adapted,2096,0.6568473833,6.557139284,-1.039952652,1.081501517,2346.472248,2096,0.7353407234,0.6568473833,0.6228469987,0.6908477679
synthetic_20250706,synthetic,2025-07-06,adapted,2097,0.6571607647,6.55633971,-0.7966344733,0.6346264841,2347.106875,2097,0.7355396036,0.6571607647,0.6231603801,0.6911611493
synthetic_20250706,synthetic,2025-07-06,adapted,2098,0.657474146,6.555484186,1.262048145,1.59276552,2348.69964,2098,0.7360387466,0.657474146,0.6234737614,0.6914745306
synthetic_20250706,synthetic,2025-07-06,adapted,2099,0.6577875274,6.554339003,1.234167036,1.523168273,2350.222809,2099,0.7365160792,0.6577875274,0.6237871428,0.691787912
synthetic_20250706,synthetic,2025-07-06,adapted,2100,0.6581009088,6.552817254,0.8842591231,0.7819141968,2351.004723,2100,0.7367611166,0.6581009088,0.6241005242,0.6921012934
synthetic_20250706,synthetic,2025-07-06,adapted,2101,0.6584142902,6.552039876,-0.5156340455,0.2658784689,2351.270601,2101,0.7368444379,0.6584142902,0.6244139056,0.6924146748
synthetic_20250706,synthetic,2025-07-06,adapted,2102,0.6587276716,6.550412859,-0.2454334995,0.06023760268,2351.330839,2102,0.7368633153,0.6587276716,0.624727287,0.6927280562
synthetic_20250706,synthetic,2025-07-06,adapted,2103,0.659041053,6.548189589,0.3058505494,0.09354455854,2351.424384,2103,0.7368926304,0.659041053,0.6250406684,0.6930414376
synthetic_20250706,synthetic,2025-07-06,adapted,2104,0.6593544343,6.546711597,0.5794185264,0.3357258288,2351.760109,2104,0.7369978406,0.6593544343,0.6253540497,0.6933548189
synthetic_20250706,synthetic,2025-07-06,adapted,2105,0.6596678157,6.544052379,1.015850523,1.031952285,2352.792062,2105,0.7373212352,0.6596678157,0.6256674311,0.6936682003
synthetic_20250706,synthetic,2025-07-06,adapted,2106,0.6599811971,6.543068326,0.4911047346,0.2411838604,2353.033246,2106,0.7373968178,0.6599811971,0.6259808125,0.6939815817
synthetic_20250706,synthetic,2025-07-06,adapted,2107,0.6602945785,6.542141272,0.4941231558,0.2441576931,2353.277403,2107,0.7374733323,0.6602945785,0.6262941939,0.6942949631
synthetic_20250706,synthetic,2025-07-06,adapted,2108,0.6606079599,6.540966434,-0.1881397691,0.03539657273,2353.3128,2108,0.7374844249,0.6606079599,0.6266075753,0.6946083445
synthetic_20250706,synthetic,2025-07-06,adapted,2109,0.6609213413,6.540357342,-2.196580276,4.824964908,2358.137765,2109,0.7389964791,0.6609213413,0.6269209567,0.6949217259
synthetic_20250706,synthetic,2025-07-06,adapted,2110,0.6612347227,6.538402019,1.292809251,1.67135576,2359.80912,2110,0.7395202508,0.6612347227,0.6272343381,0.6952351073
synthetic_20250706,synthetic,2025-07-06,adapted,2111,0.661548104,6.538203268,1.080309727,1.167069107,2360.97619,2111,0.7398859886,0.661548104,0.6275477194,0.6955484886
synthetic_20250706,synthetic,2025-07-06,adapted,2112,0.6618614854,6.536029604,-0.5505238198,0.3030764761,2361.279266,2112,0.7399809671,0.6618614854,0.6278611008,0.69586187
synthetic_20250706,synthetic,2025-07-06,adapted,2113,0.6621748668,6.534358555,0.03954071531,0.001563468168,2361.28083,2113,0.7399814571,0.6621748668,0.6281744822,0.6961752514
synthetic_20250706,synthetic,2025-07-06,adapted,2114,0.6624882482,6.533394219,1.457902646,2.125480125,2363.40631,2114,0.740647543,0.6624882482,0.6284878636,0.6964886328
synthetic_20250706,synthetic,2025-07-06,adapted,2115,0.6628016296,6.531858085,-0.9049475844,0.8189301304,2364.22524,2115,0.7409041804,0.6628016296,0.628801245,0.6968020142
synthetic_20250706,synthetic,2025-07-06,adapted,2116,0.663115011,6.530735548,-0.4924324342,0.2424897022,2364.467729,2116,0.7409801722,0.663115011,0.6291146264,0.6971153956
synthetic_20250706,synthetic,2025-07-06,adapted,2117,0.6634283924,6.529365063,-0.676001926,0.456978604,2364.924708,2117,0.7411233808,0.6634283924,0.6294280078,0.697428777
synthetic_20250706,synthetic,2025-07-06,adapted,2118,0.6637417737,6.526876782,0.517996269,0.2683201347,2365.193028,2118,0.7412074673,0.6637417737,0.6297413891,0.6977421583
synthetic_20250706,synthetic,2025-07-06,adapted,2119,0.6640551551,6.526178685,-0.4160794958,0.1731221468,2365.36615,2119,0.7412617206,0.6640551551,0.6300547705,0.6980555397
synthetic_20250706,synthetic,2025-07-06,adapted,2120,0.6643685365,6.525315384,-1.607933727,2.58545087,2367.951601,2120,0.7420719528,0.6643685365,0.6303681519,0.6983689211
synthetic_20250706,synthetic,2025-07-06,adapted,2121,0.6646819179,6.522904463,-0.7652822873,0.5856569792,2368.537258,2121,0.7422554867,0.6646819179,0.6306815333,0.6986823025
synthetic_20250706,synthetic,2025-07-06,adapted,2122,0.6649952993,6.520557326,0.1371176571,0.01880125188,2368.556059,2122,0.7422613787,0.6649952993,0.6309949147,0.6989956839
synthetic_20250706,synthetic,2025-07-06,adapted,2123,0.6653086807,6.519813941,0.2510689834,0.0630356344,2368.619095,2123,0.7422811329,0.6653086807,0.6313082961,0.6993090653
synthetic_20250706,synthetic,2025-07-06,adapted,2124,0.665622062,6.517842141,1.122635453,1.260310361,2369.879405,2124,0.7426760907,0.665622062,0.6316216774,0.6996224466
synthetic_20250706,synthetic,2025-07-06,adapted,2125,0.6659354434,6.516617291,1.315127646,1.729560724,2371.608966,2125,0.7432181028,0.6659354434,0.6319350588,0.699935828
synthetic_20250706,synthetic,2025-07-06,adapted,2126,0.6662488248,6.51461675,-0.8485740977,0.7200779993,2372.329044,2126,0.7434437619,0.6662488248,0.6322484402,0.7002492094
synthetic_20250706,synthetic,2025-07-06,adapted,2127,0.6665622062,6.513706083,-0.1903810215,0.03624493334,2372.365289,2127,0.7434551204,0.6665622062,0.6325618216,0.7005625908
synthetic_20250706,synthetic,2025-07-06,adapted,2128,0.6668755876,6.511394646,0.2382225594,0.05674998779,2372.422039,2128,0.7434729048,0.6668755876,0.632875203,0.7008759722
synthetic_20250706,synthetic,2025-07-06,adapted,2129,0.667188969,6.510161639,0.8659375633,0.7498478635,2373.171887,2129,0.7437078931,0.667188969,0.6331885844,0.7011893536
synthetic_20250706,synthetic,2025-07-06,adapted,2130,0.6675023504,6.508279284,-0.932926387,0.8703516435,2374.042239,2130,0.7439806451,0.6675023504,0.6335019658,0.701502735
synthetic_20250706,synthetic,2025-07-06,adapted,2131,0.6678157317,6.50660143,-0.7551842822,0.5703033001,2374.612542,2131,0.7441593676,0.6678157317,0.6338153471,0.7018161163
synthetic_20250706,synthetic,2025-07-06,adapted,2132,0.6681291131,6.504969149,0.8031733028,0.6450873544,2375.257629,2132,0.7443615259,0.6681291131,0.6341287285,0.7021294977
synthetic_20250706,synthetic,2025-07-06,adapted,2133,0.6684424945,6.504020239,0.6769487106,0.4582595568,2375.715889,2133,0.7445051359,0.6684424945,0.6344421099,0.7024428791
synthetic_20250706,synthetic,2025-07-06,adapted,2134,0.6687558759,6.502259076,0.397223815,0.1577867592,2375.873676,2134,0.7445545834,0.6687558759,0.6347554913,0.7027562605
synthetic_20250706,synthetic,2025-07-06,adapted,2135,0.6690692573,6.500235025,0.4516664332,0.2040025668,2376.077678,2135,0.744618514,0.6690692573,0.6350688727,0.7030696419
synthetic_20250706,synthetic,2025-07-06,adapted,2136,0.6693826387,6.499985087,0.6341760837,0.4021793051,2376.479857,2136,0.7447445495,0.6693826387,0.6353822541,0.7033830233
synthetic_20250706,synthetic,2025-07-06,adapted,2137,0.6696960201,6.49882936,-1.317842317,1.736708373,2378.216566,2137,0.7452888016,0.6696960201,0.6356956355,0.7036964047
synthetic_20250706,synthetic,2025-07-06,adapted,2138,0.6700094014,6.496285845,-0.4180449643,0.1747615922,2378.391327,2138,0.7453435686,0.6700094014,0.6360090168,0.704009786
synthetic_20250706,synthetic,2025-07-06,adapted,2139,0.6703227828,6.494456719,-0.1785614298,0.0318841842,2378.423212,2139,0.7453535605,0.6703227828,0.6363223982,0.7043231674
synthetic_20250706,synthetic,2025-07-06,adapted,2140,0.6706361642,6.492544649,1.252446518,1.568622282,2379.991834,2140,0.7458451375,0.6706361642,0.6366357796,0.7046365488
synthetic_20250706,synthetic,2025-07-06,adapted,2141,0.6709495456,6.491580274,1.555166644,2.418543291,2382.410377,2141,0.746603064,0.6709495456,0.636949161,0.7049499302
synthetic_20250706,synthetic,2025-07-06,adapted,2142,0.671262927,6.489708881,1.835863422,3.370394506,2385.780772,2142,0.7476592829,0.671262927,0.6372625424,0.7052633116
synthetic_20250706,synthetic,2025-07-06,adapted,2143,0.6715763084,6.487719726,0.8978107288,0.8060641048,2386.586836,2143,0.7479118884,0.6715763084,0.6375759238,0.705576693
synthetic_20250706,synthetic,2025-07-06,adapted,2144,0.6718896898,6.486969481,0.0645735341,0.004169741306,2386.591006,2144,0.7479131951,0.6718896898,0.6378893052,0.7058900744
synthetic_20250706,synthetic,2025-07-06,adapted,2145,0.6722030711,6.4858008,-0.5004476065,0.2504478069,2386.841453,2145,0.7479916808,0.6722030711,0.6382026865,0.7062034557
synthetic_20250706,synthetic,2025-07-06,adapted,2146,0.6725164525,6.483770737,0.08638996846,0.007463226651,2386.848917,2146,0.7479940196,0.6725164525,0.6385160679,0.7065168371
synthetic_20250706,synthetic,2025-07-06,adapted,2147,0.6728298339,6.48174579,1.440758364,2.075784663,2388.924701,2147,0.7486445319,0.6728298339,0.6388294493,0.7068302185
synthetic_20250706,synthetic,2025-07-06,adapted,2148,0.6731432153,6.480726212,0.06488718083,0.004210346237,2388.928912,2148,0.7486458513,0.6731432153,0.6391428307,0.7071435999
synthetic_20250706,synthetic,2025-07-06,adapted,2149,0.6734565967,6.47802574,0.1182659945,0.01398684545,2388.942898,2149,0.7486502345,0.6734565967,0.6394562121,0.7074569813
synthetic_20250706,synthetic,2025-07-06,adapted,2150,0.6737699781,6.476983221,0.02704267678,0.0007313063675,2388.94363,2150,0.7486504637,0.6737699781,0.6397695935,0.7077703627
synthetic_20250706,synthetic,2025-07-06,adapted,2151,0.6740833594,6.474798669,-0.3180104547,0.1011306493,2389.04476,2151,0.7486821562,0.6740833594,0.6400829748,0.708083744
synthetic_20250706,synthetic,2025-07-06,adapted,2152,0.6743967408,6.473545449,-1.707841445,2.9167224,2391.961483,2152,0.7495962027,0.6743967408,0.6403963562,0.7083971254
synthetic_20250706,synthetic,2025-07-06,adapted,2153,0.6747101222,6.473212258,0.2420924462,0.0586087525,2392.020092,2153,0.7496145696,0.6747101222,0.6407097376,0.7087105068
synthetic_20250706,synthetic,2025-07-06,adapted,2154,0.6750235036,6.470976534,0.2893182037,0.08370502299,2392.103797,2154,0.7496408012,0.6750235036,0.641023119,0.7090238882
synthetic_20250706,synthetic,2025-07-06,adapted,2155,0.675336885,6.470035883,-0.8322403328,0.6926239716,2392.796421,2155,0.7498578566,0.675336885,0.6413365004,0.7093372696
synthetic_20250706,synthetic,2025-07-06,adapted,2156,0.6756502664,6.469596681,-0.6662848235,0.443935466,2393.240356,2156,0.7499969777,0.6756502664,0.6416498818,0.709650651
synthetic_20250706,synthetic,2025-07-06,adapted,2157,0.6759636478,6.467610317,0.06329154866,0.004005820132,2393.244362,2157,0.7499982331,0.6759636478,0.6419632632,0.7099640324
synthetic_20250706,synthetic,2025-07-06,adapted,2158,0.6762770291,6.464913137,0.4138625654,0.1712822231,2393.415644,2158,0.7500519098,0.6762770291,0.6422766445,0.7102774137
synthetic_20250706,synthetic,2025-07-06,adapted,2159,0.6765904105,6.464180294,0.6653563661,0.442699094,2393.858343,2159,0.7501906434,0.6765904105,0.6425900259,0.7105907951
synthetic_20250706,synthetic,2025-07-06,adapted,2160,0.6769037919,6.461689126,1.320170199,1.742849355,2395.601192,2160,0.75073682,0.6769037919,0.6429034073,0.7109041765
synthetic_20250706,synthetic,2025-07-06,adapted,2161,0.6772171733,6.458439591,0.2489753928,0.06198874624,2395.663181,2161,0.7507562461,0.6772171733,0.6432167887,0.7112175579
synthetic_20250706,synthetic,2025-07-06,adapted,2162,0.6775305547,6.456518732,0.6118352072,0.3743423208,2396.037524,2162,0.750873558,0.6775305547,0.6435301701,0.7115309393
synthetic_20250706,synthetic,2025-07-06,adapted,2163,0.6778439361,6.455535236,-0.7864356836,0.6184810844,2396.656005,2163,0.7510673784,0.6778439361,0.6438435515,0.7118443207
synthetic_20250706,synthetic,2025-07-06,adapted,2164,0.6781573175,6.452679365,0.2751118303,0.07568651916,2396.731691,2164,0.7510910972,0.6781573175,0.6441569329,0.7121577021
synthetic_20250706,synthetic,2025-07-06,adapted,2165,0.6784706988,6.451169505,-0.6184154964,0.3824377261,2397.114129,2165,0.7512109461,0.6784706988,0.6444703142,0.7124710834
synthetic_20250706,synthetic,2025-07-06,adapted,2166,0.6787840802,6.449415437,0.9179793573,0.8426861005,2397.956815,2166,0.7514750282,0.6787840802,0.6447836956,0.7127844648
synthetic_20250706,synthetic,2025-07-06,adapted,2167,0.6790974616,6.448940941,2.70532324,7.318773832,2405.275589,2167,0.7537685957,0.6790974616,0.645097077,0.7130978462
synthetic_20250706,synthetic,2025-07-06,adapted,2168,0.679410843,6.446255696,0.1069726666,0.01144315139,2405.287032,2168,0.7537721817,0.679410843,0.6454104584,0.7134112276
synthetic_20250706,synthetic,2025-07-06,adapted,2169,0.6797242244,6.445851613,-0.1084559061,0.01176268357,2405.298795,2169,0.753775868,0.6797242244,0.6457238398,0.713724609
synthetic_20250706,synthetic,2025-07-06,adapted,2170,0.6800376058,6.44293659,-1.555475011,2.419502508,2407.718297,2170,0.754534095,0.6800376058,0.6460372212,0.7140379904
synthetic_20250706,synthetic,2025-07-06,adapted,2171,0.6803509872,6.442057939,2.122307143,4.50418761,2412.222485,2171,0.7559456236,0.6803509872,0.6463506026,0.7143513718
synthetic_20250706,synthetic,2025-07-06,adapted,2172,0.6806643685,6.439126294,-0.8267437603,0.6835052452,2412.90599,2172,0.7561598214,0.6806643685,0.6466639839,0.7146647531
synthetic_20250706,synthetic,2025-07-06,adapted,2173,0.6809777499,6.43683705,-0.4092850455,0.1675142485,2413.073504,2173,0.7562123172,0.6809777499,0.6469773653,0.7149781345
synthetic_20250706,synthetic,2025-07-06,adapted,2174,0.6812911313,6.434350702,0.1553756204,0.02414158343,2413.097646,2174,0.7562198827,0.6812911313,0.6472907467,0.7152915159
synthetic_20250706,synthetic,2025-07-06,adapted,2175,0.6816045127,6.432225278,0.3746634912,0.1403727316,2413.238019,2175,0.7562638729,0.6816045127,0.6476041281,0.7156048973
synthetic_20250706,synthetic,2025-07-06,adapted,2176,0.6819178941,6.431553208,-0.7298879134,0.5327363662,2413.770755,2176,0.7564308226,0.6819178941,0.6479175095,0.7159182787
synthetic_20250706,synthetic,2025-07-06,adapted,2177,0.6822312755,6.429639433,0.5349775649,0.2862009949,2414.056956,2177,0.7565205127,0.6822312755,0.6482308909,0.7162316601
synthetic_20250706,synthetic,2025-07-06,adapted,2178,0.6825446568,6.428265098,1.591849229,2.533983967,2416.59094,2178,0.7573146161,0.6825446568,0.6485442722,0.7165450414
synthetic_20250706,synthetic,2025-07-06,adapted,2179,0.6828580382,6.427230637,0.8259414973,0.6821793569,2417.273119,2179,0.7575283984,0.6828580382,0.6488576536,0.7168584228
synthetic_20250706,synthetic,2025-07-06,adapted,2180,0.6831714196,6.426174624,-0.237973385,0.05663133198,2417.329751,2180,0.7575461456,0.6831714196,0.649171035,0.7171718042
synthetic_20250706,synthetic,2025-07-06,adapted,2181,0.683484801,6.425028847,0.4590061489,0.2106866447,2417.540437,2181,0.7576121709,0.683484801,0.6494844164,0.7174851856
synthetic_20250706,synthetic,2025-07-06,adapted,2182,0.6837981824,6.424065806,0.560774722,0.3144682889,2417.854906,2182,0.7577107194,0.6837981824,0.6497977978,0.717798567
synthetic_20250706,synthetic,2025-07-06,adapted,2183,0.6841115638,6.423463255,0.7213823039,0.5203924284,2418.375298,2183,0.7578738007,0.6841115638,0.6501111792,0.7181119484
synthetic_20250706,synthetic,2025-07-06,adapted,2184,0.6844249452,6.421407255,-0.9880217454,0.9761869694,2419.351485,2184,0.7581797195,0.6844249452,0.6504245606,0.7184253298
synthetic_20250706,synthetic,2025-07-06,adapted,2185,0.6847383265,6.420754667,0.4735687398,0.2242673513,2419.575752,2185,0.7582500007,0.6847383265,0.6507379419,0.7187387111
synthetic_20250706,synthetic,2025-07-06,adapted,2186,0.6850517079,6.418192157,0.3606390981,0.1300605591,2419.705813,2186,0.7582907593,0.6850517079,0.6510513233,0.7190520925
synthetic_20250706,synthetic,2025-07-06,adapted,2187,0.6853650893,6.417694623,1.320852437,1.744651161,2421.450464,2187,0.7588375005,0.6853650893,0.6513647047,0.7193654739
synthetic_20250706,synthetic,2025-07-06,adapted,2188,0.6856784707,6.415281366,0.7716574056,0.5954551516,2422.045919,2188,0.759024105,0.6856784707,0.6516780861,0.7196788553
synthetic_20250706,synthetic,2025-07-06,adapted,2189,0.6859918521,6.414401827,-1.152634044,1.328565238,2423.374484,2189,0.7594404526,0.6859918521,0.6519914675,0.7199922367
synthetic_20250706,synthetic,2025-07-06,adapted,2190,0.6863052335,6.412487837,0.3402904575,0.1157975954,2423.490282,2190,0.7594767415,0.6863052335,0.6523048489,0.7203056181
synthetic_20250706,synthetic,2025-07-06,adapted,2191,0.6866186149,6.409929976,-0.4626508506,0.2140458096,2423.704328,2191,0.7595438194,0.6866186149,0.6526182303,0.7206189995
synthetic_20250706,synthetic,2025-07-06,adapted,2192,0.6869319962,6.405003597,0.4890818028,0.2392010098,2423.943529,2192,0.7596187806,0.6869319962,0.6529316116,0.7209323808
synthetic_20250706,synthetic,2025-07-06,adapted,2193,0.6872453776,6.403556314,0.4683426875,0.2193448729,2424.162874,2193,0.7596875192,0.6872453776,0.653244993,0.7212457622
synthetic_20250706,synthetic,2025-07-06,adapted,2194,0.687558759,6.402132766,0.3131932355,0.09809000274,2424.260964,2194,0.7597182587,0.687558759,0.6535583744,0.7215591436
synthetic_20250706,synthetic,2025-07-06,adapted,2195,0.6878721404,6.399425563,-0.7857342647,0.6173783347,2424.878342,2195,0.7599117336,0.6878721404,0.6538717558,0.721872525
synthetic_20250706,synthetic,2025-07-06,adapted,2196,0.6881855218,6.39904745,0.3080798399,0.09491318777,2424.973255,2196,0.7599414777,0.6881855218,0.6541851372,0.7221859064
synthetic_20250706,synthetic,2025-07-06,adapted,2197,0.6884989032,6.398076431,-0.4074029054,0.1659771273,2425.139232,2197,0.7599934918,0.6884989032,0.6544985186,0.7224992878
synthetic_20250706,synthetic,2025-07-06,adapted,2198,0.6888122846,6.395897077,0.6747391447,0.4552729134,2425.594505,2198,0.7601361658,0.6888122846,0.6548119,0.7228126692
synthetic_20250706,synthetic,2025-07-06,adapted,2199,0.6891256659,6.394758324,-0.09235965354,0.008530305602,2425.603036,2199,0.7601388391,0.6891256659,0.6551252813,0.7231260505
synthetic_20250706,synthetic,2025-07-06,adapted,2200,0.6894390473,6.392338529,0.447781622,0.200508381,2425.803544,2200,0.7602016747,0.6894390473,0.6554386627,0.7234394319
synthetic_20250706,synthetic,2025-07-06,adapted,2201,0.6897524287,6.391336588,0.1944580932,0.03781395,2425.841358,2201,0.7602135249,0.6897524287,0.6557520441,0.7237528133
synthetic_20250706,synthetic,2025-07-06,adapted,2202,0.6900658101,6.389187617,-0.6850899275,0.4693482087,2426.310706,2202,0.7603606099,0.6900658101,0.6560654255,0.7240661947
synthetic_20250706,synthetic,2025-07-06,adapted,2203,0.6903791915,6.387580125,-1.038941547,1.079399538,2427.390106,2203,0.7606988736,0.6903791915,0.6563788069,0.7243795761
synthetic_20250706,synthetic,2025-07-06,adapted,2204,0.6906925729,6.386378425,0.9038203035,0.8168911411,2428.206997,2204,0.7609548721,0.6906925729,0.6566921883,0.7246929575
synthetic_20250706,synthetic,2025-07-06,adapted,2205,0.6910059542,6.383844439,-0.7763403114,0.602704279,2428.809701,2205,0.7611437484,0.6910059542,0.6570055696,0.7250063388
synthetic_20250706,synthetic,2025-07-06,adapted,2206,0.6913193356,6.383318731,-0.6283540833,0.394828854,2429.20453,2206,0.7612674804,0.6913193356,0.657318951,0.7253197202
synthetic_20250706,synthetic,2025-07-06,adapted,2207,0.691632717,6.380672017,-0.08360543927,0.006989869476,2429.21152,2207,0.7612696709,0.691632717,0.6576323324,0.7256331016
synthetic_20250706,synthetic,2025-07-06,adapted,2208,0.6919460984,6.379771822,-0.2417052254,0.05842141597,2429.269941,2208,0.7612879791,0.6919460984,0.6579457138,0.725946483
synthetic_20250706,synthetic,2025-07-06,adapted,2209,0.6922594798,6.378851462,-1.410982388,1.9908713,2431.260812,2209,0.7619118811,0.6922594798,0.6582590952,0.7262598644
synthetic_20250706,synthetic,2025-07-06,adapted,2210,0.6925728612,6.376793066,-0.8886424062,0.7896853261,2432.050498,2210,0.7621593537,0.6925728612,0.6585724766,0.7265732458
synthetic_20250706,synthetic,2025-07-06,adapted,2211,0.6928862426,6.375715331,1.07939525,1.165094107,2433.215592,2211,0.7625244725,0.6928862426,0.658885858,0.7268866272
synthetic_20250706,synthetic,2025-07-06,adapted,2212,0.6931996239,6.374020501,1.716213358,2.945388291,2436.16098,2212,0.7634475024,0.6931996239,0.6591992393,0.7272000085
synthetic_20250706,synthetic,2025-07-06,adapted,2213,0.6935130053,6.37133333,1.001085743,1.002172664,2437.163153,2213,0.7637615647,0.6935130053,0.6595126207,0.7275133899
synthetic_20250706,synthetic,2025-07-06,adapted,2214,0.6938263867,6.370422543,-0.04366630416,0.001906746119,2437.16506,2214,0.7637621622,0.6938263867,0.6598260021,0.7278267713
synthetic_20250706,synthetic,2025-07-06,adapted,2215,0.6941397681,6.369670317,1.064820547,1.133842797,2438.298902,2215,0.7641174874,0.6941397681,0.6601393835,0.7281401527
synthetic_20250706,synthetic,2025-07-06,adapted,2216,0.6944531495,6.36744032,1.662356905,2.76343048,2441.062333,2216,0.7649834951,0.6944531495,0.6604527649,0.7284535341
synthetic_20250706,synthetic,2025-07-06,adapted,2217,0.6947665309,6.366260147,0.4502605007,0.2027345185,2441.265067,2217,0.7650470283,0.6947665309,0.6607661463,0.7287669155
synthetic_20250706,synthetic,2025-07-06,adapted,2218,0.6950799123,6.365420556,-0.03436312331,0.001180824244,2441.266248,2218,0.7650473984,0.6950799123,0.6610795277,0.7290802969
synthetic_20250706,synthetic,2025-07-06,adapted,2219,0.6953932936,6.364091923,-1.389526086,1.930782743,2443.197031,2219,0.7656524697,0.6953932936,0.661392909,0.7293936782
synthetic_20250706,synthetic,2025-07-06,adapted,2220,0.695706675,6.362977558,1.205778884,1.453902716,2444.650934,2220,0.7661080958,0.695706675,0.6617062904,0.7297070596
synthetic_20250706,synthetic,2025-07-06,adapted,2221,0.6960200564,6.361081152,-0.04324409468,0.001870051725,2444.652804,2221,0.7661086818,0.6960200564,0.6620196718,0.730020441
synthetic_20250706,synthetic,2025-07-06,adapted,2222,0.6963334378,6.35999695,-0.2233726415,0.04989533695,2444.702699,2222,0.7661243181,0.6963334378,0.6623330532,0.7303338224
synthetic_20250706,synthetic,2025-07-06,adapted,2223,0.6966468192,6.358104389,0.2879437961,0.08291162972,2444.785611,2223,0.7661503011,0.6966468192,0.6626464346,0.7306472038
synthetic_20250706,synthetic,2025-07-06,adapted,2224,0.6969602006,6.35580279,-0.01901031538,0.0003613920909,2444.785972,2224,0.7661504143,0.6969602006,0.662959816,0.7309605852
synthetic_20250706,synthetic,2025-07-06,adapted,2225,0.6972735819,6.354175567,-0.722285384,0.521696176,2445.307668,2225,0.7663139042,0.6972735819,0.6632731973,0.7312739665
synthetic_20250706,synthetic,2025-07-06,adapted,2226,0.6975869633,6.352422362,0.3858947272,0.1489147405,2445.456583,2226,0.7663605713,0.6975869633,0.6635865787,0.7315873479
synthetic_20250706,synthetic,2025-07-06,adapted,2227,0.6979003447,6.351188676,1.019325004,1.039023464,2446.495606,2227,0.7666861819,0.6979003447,0.6638999601,0.7319007293
synthetic_20250706,synthetic,2025-07-06,adapted,2228,0.6982137261,6.345052913,-0.3883869374,0.1508444132,2446.646451,2228,0.7667334537,0.6982137261,0.6642133415,0.7322141107
synthetic_20250706,synthetic,2025-07-06,adapted,2229,0.6985271075,6.343601709,0.5909691468,0.3492445324,2446.995695,2229,0.7668429005,0.6985271075,0.6645267229,0.7325274921
synthetic_20250706,synthetic,2025-07-06,adapted,2230,0.6988404889,6.343076281,0.2628976948,0.06911519791,2447.064811,2230,0.7668645599,0.6988404889,0.6648401043,0.7328408735
synthetic_20250706,synthetic,2025-07-06,adapted,2231,0.6991538703,6.341721924,0.05780704838,0.003341654842,2447.068152,2231,0.7668656071,0.6991538703,0.6651534857,0.7331542549
synthetic_20250706,synthetic,2025-07-06,adapted,2232,0.6994672516,6.34016242,-0.2189652651,0.0479457873,2447.116098,2232,0.7668806324,0.6994672516,0.665466867,0.7334676362
synthetic_20250706,synthetic,2025-07-06,adapted,2233,0.699780633,6.338289953,-2.568334427,6.596341729,2453.71244,2233,0.7689478031,0.699780633,0.6657802484,0.7337810176
synthetic_20250706,synthetic,2025-07-06,adapted,2234,0.7000940144,6.33586562,0.5759746428,0.3317467891,2454.044187,2234,0.7690517664,0.7000940144,0.6660936298,0.734094399
synthetic_20250706,synthetic,2025-07-06,adapted,2235,0.7004073958,6.334836842,-0.2788438039,0.07775386697,2454.12194,2235,0.769076133,0.7004073958,0.6664070112,0.7344077804
synthetic_20250706,synthetic,2025-07-06,adapted,2236,0.7007207772,6.332749323,-0.05983818986,0.003580608966,2454.125521,2236,0.7690772551,0.7007207772,0.6667203926,0.7347211618
synthetic_20250706,synthetic,2025-07-06,adapted,2237,0.7010341586,6.332510191,0.7157022223,0.512229671,2454.637751,2237,0.7692377784,0.7010341586,0.667033774,0.7350345432
synthetic_20250706,synthetic,2025-07-06,adapted,2238,0.70134754,6.329990507,-1.647009276,2.712639555,2457.35039,2238,0.7700878691,0.70134754,0.6673471554,0.7353479246
synthetic_20250706,synthetic,2025-07-06,adapted,2239,0.7016609213,6.328672225,-0.3066487059,0.09403342881,2457.444424,2239,0.7701173374,0.7016609213,0.6676605367,0.7356613059
synthetic_20250706,synthetic,2025-07-06,adapted,2240,0.7019743027,6.328050747,0.3265310616,0.1066225342,2457.551046,2240,0.7701507509,0.7019743027,0.6679739181,0.7359746873
synthetic_20250706,synthetic,2025-07-06,adapted,2241,0.7022876841,6.326486505,-0.5603813997,0.3140273131,2457.865074,2241,0.7702491613,0.7022876841,0.6682872995,0.7362880687
synthetic_20250706,synthetic,2025-07-06,adapted,2242,0.7026010655,6.325163452,-0.2366823273,0.05601852405,2457.921092,2242,0.7702667164,0.7026010655,0.6686006809,0.7366014501
synthetic_20250706,synthetic,2025-07-06,adapted,2243,0.7029144469,6.322668638,0.4881246256,0.2382656501,2458.159358,2243,0.7703413844,0.7029144469,0.6689140623,0.7369148315
synthetic_20250706,synthetic,2025-07-06,adapted,2244,0.7032278283,6.320503652,-0.4120101395,0.1697523551,2458.32911,2244,0.7703945817,0.7032278283,0.6692274437,0.7372282129
synthetic_20250706,synthetic,2025-07-06,adapted,2245,0.7035412097,6.318709783,-0.4130215906,0.1705868343,2458.499697,2245,0.7704480404,0.7035412097,0.6695408251,0.7375415943
synthetic_20250706,synthetic,2025-07-06,adapted,2246,0.703854591,6.315085567,0.8797135928,0.7738960054,2459.273593,2246,0.770690565,0.703854591,0.6698542064,0.7378549756
synthetic_20250706,synthetic,2025-07-06,adapted,2247,0.7041679724,6.314425951,-0.4422812003,0.1956126602,2459.469206,2247,0.7707518664,0.7041679724,0.6701675878,0.738168357
synthetic_20250706,synthetic,2025-07-06,adapted,2248,0.7044813538,6.313618475,0.7803559269,0.6089553727,2460.078161,2248,0.7709427016,0.7044813538,0.6704809692,0.7384817384
synthetic_20250706,synthetic,2025-07-06,adapted,2249,0.7047947352,6.312627081,-0.5731922434,0.3285493478,2460.40671,2249,0.7710456629,0.7047947352,0.6707943506,0.7387951198
synthetic_20250706,synthetic,2025-07-06,adapted,2250,0.7051081166,6.310048684,0.2529360641,0.06397665251,2460.470687,2250,0.771065712,0.7051081166,0.671107732,0.7391085012
synthetic_20250706,synthetic,2025-07-06,adapted,2251,0.705421498,6.309913856,-0.2316500109,0.05366172755,2460.524349,2251,0.7710825286,0.705421498,0.6714211134,0.7394218826
synthetic_20250706,synthetic,2025-07-06,adapted,2252,0.7057348793,6.309372345,0.2573623524,0.06623538044,2460.590584,2252,0.7711032855,0.7057348793,0.6717344947,0.7397352639
synthetic_20250706,synthetic,2025-07-06,adapted,2253,0.7060482607,6.308688249,0.9535644137,0.9092850911,2461.499869,2253,0.7713882385,0.7060482607,0.6720478761,0.7400486453
synthetic_20250706,synthetic,2025-07-06,adapted,2254,0.7063616421,6.307184383,0.7269486409,0.5284543266,2462.028323,2254,0.7715538463,0.7063616421,0.6723612575,0.7403620267
synthetic_20250706,synthetic,2025-07-06,adapted,2255,0.7066750235,6.306835501,0.7602756928,0.5780191291,2462.606343,2255,0.7717349867,0.7066750235,0.6726746389,0.7406754081
synthetic_20250706,synthetic,2025-07-06,adapted,2256,0.7069884049,6.305220671,0.4679126963,0.2189422914,2462.825285,2256,0.7718035992,0.7069884049,0.6729880203,0.7409887895
synthetic_20250706,synthetic,2025-07-06,adapted,2257,0.7073017863,6.303457617,-0.5063757198,0.2564163696,2463.081701,2257,0.7718839553,0.7073017863,0.6733014017,0.7413021709
synthetic_20250706,synthetic,2025-07-06,adapted,2258,0.7076151677,6.303041186,0.04169961348,0.001738857764,2463.08344,2258,0.7718845002,0.7076151677,0.6736147831,0.7416155523
synthetic_20250706,synthetic,2025-07-06,adapted,2259,0.707928549,6.302028479,1.105169543,1.221399718,2464.30484,2259,0.7722672641,0.707928549,0.6739281644,0.7419289336
synthetic_20250706,synthetic,2025-07-06,adapted,2260,0.7082419304,6.301542169,1.686693232,2.844934059,2467.149774,2260,0.7731588135,0.7082419304,0.6742415458,0.742242315
synthetic_20250706,synthetic,2025-07-06,adapted,2261,0.7085553118,6.297808307,-0.2067176824,0.04273220022,2467.192506,2261,0.773172205,0.7085553118,0.6745549272,0.7425556964
synthetic_20250706,synthetic,2025-07-06,adapted,2262,0.7088686932,6.295654739,-0.2281012654,0.05203018729,2467.244536,2262,0.7731885103,0.7088686932,0.6748683086,0.7428690778
synthetic_20250706,synthetic,2025-07-06,adapted,2263,0.7091820746,6.293238939,-2.045692989,4.184859805,2471.429396,2263,0.7744999674,0.7091820746,0.67518169,0.7431824592
synthetic_20250706,synthetic,2025-07-06,adapted,2264,0.709495456,6.291726045,0.03143461669,0.0009881351262,2471.430384,2264,0.7745002771,0.709495456,0.6754950714,0.7434958406
synthetic_20250706,synthetic,2025-07-06,adapted,2265,0.7098088374,6.290983704,0.4063425607,0.1651142766,2471.595499,2265,0.7745520208,0.7098088374,0.6758084528,0.743809222
synthetic_20250706,synthetic,2025-07-06,adapted,2266,0.7101222187,6.290432297,-1.853666301,3.436078755,2475.031577,2266,0.775628824,0.7101222187,0.6761218341,0.7441226033
synthetic_20250706,synthetic,2025-07-06,adapted,2267,0.7104356001,6.287619008,0.1922494299,0.03695984331,2475.068537,2267,0.7756404065,0.7104356001,0.6764352155,0.7444359847
synthetic_20250706,synthetic,2025-07-06,adapted,2268,0.7107489815,6.286848461,0.1330423957,0.01770027905,2475.086237,2268,0.7756459534,0.7107489815,0.6767485969,0.7447493661
synthetic_20250706,synthetic,2025-07-06,adapted,2269,0.7110623629,6.283675815,-0.919474656,0.845433643,2475.931671,2269,0.7759108966,0.7110623629,0.6770619783,0.7450627475
synthetic_20250706,synthetic,2025-07-06,adapted,2270,0.7113757443,6.282147556,-1.227709729,1.507271178,2477.438942,2270,0.7763832473,0.7113757443,0.6773753597,0.7453761289
synthetic_20250706,synthetic,2025-07-06,adapted,2271,0.7116891257,6.280726952,-0.2042850154,0.04173236753,2477.480675,2271,0.7763963255,0.7116891257,0.6776887411,0.7456895103
synthetic_20250706,synthetic,2025-07-06,adapted,2272,0.7120025071,6.278157139,-0.2144634665,0.04599457844,2477.526669,2272,0.7764107393,0.7120025071,0.6780021225,0.7460028917
synthetic_20250706,synthetic,2025-07-06,adapted,2273,0.7123158884,6.277584431,-0.0235970561,0.0005568210566,2477.527226,2273,0.7764109138,0.7123158884,0.6783155038,0.746316273
synthetic_20250706,synthetic,2025-07-06,adapted,2274,0.7126292698,6.276138915,0.3530833983,0.1246678861,2477.651894,2274,0.7764499824,0.7126292698,0.6786288852,0.7466296544
synthetic_20250706,synthetic,2025-07-06,adapted,2275,0.7129426512,6.273990804,-0.04132304108,0.001707593724,2477.653601,2275,0.7764505175,0.7129426512,0.6789422666,0.7469430358
synthetic_20250706,synthetic,2025-07-06,adapted,2276,0.7132560326,6.272629118,0.5201297303,0.2705349363,2477.924136,2276,0.7765352981,0.7132560326,0.679255648,0.7472564172
synthetic_20250706,synthetic,2025-07-06,adapted,2277,0.713569414,6.272565027,-0.05784916963,0.003346526427,2477.927483,2277,0.7765363469,0.713569414,0.6795690294,0.7475697986
synthetic_20250706,synthetic,2025-07-06,adapted,2278,0.7138827954,6.271812174,-0.5790277033,0.3352730812,2478.262756,2278,0.7766414152,0.7138827954,0.6798824108,0.74788318
synthetic_20250706,synthetic,2025-07-06,adapted,2279,0.7141961767,6.270235449,1.047725715,1.097729175,2479.360485,2279,0.7769854231,0.7141961767,0.6801957921,0.7481965613
synthetic_20250706,synthetic,2025-07-06,adapted,2280,0.7145095581,6.268802213,0.7097318489,0.5037192973,2479.864204,2280,0.7771432794,0.7145095581,0.6805091735,0.7485099427
synthetic_20250706,synthetic,2025-07-06,adapted,2281,0.7148229395,6.268257715,0.485885444,0.2360846647,2480.100289,2281,0.7772172639,0.7148229395,0.6808225549,0.7488233241
synthetic_20250706,synthetic,2025-07-06,adapted,2282,0.7151363209,6.265737335,0.6985375421,0.4879546977,2480.588244,2282,0.7773701798,0.7151363209,0.6811359363,0.7491367055
synthetic_20250706,synthetic,2025-07-06,adapted,2283,0.7154497023,6.263938273,0.4136329113,0.1710921853,2480.759336,2283,0.7774237969,0.7154497023,0.6814493177,0.7494500869
synthetic_20250706,synthetic,2025-07-06,adapted,2284,0.7157630837,6.262575203,0.4107580051,0.1687221387,2480.928058,2284,0.7774766713,0.7157630837,0.6817626991,0.7497634683
synthetic_20250706,synthetic,2025-07-06,adapted,2285,0.7160764651,6.260564866,1.24922754,1.560569447,2482.488628,2285,0.7779657247,0.7160764651,0.6820760805,0.7500768497
synthetic_20250706,synthetic,2025-07-06,adapted,2286,0.7163898464,6.256631804,-1.384844385,1.917793971,2484.406422,2286,0.7785667257,0.7163898464,0.6823894618,0.750390231
synthetic_20250706,synthetic,2025-07-06,adapted,2287,0.7167032278,6.253334048,-0.4156313636,0.1727494304,2484.579171,2287,0.7786208621,0.7167032278,0.6827028432,0.7507036124
synthetic_20250706,synthetic,2025-07-06,adapted,2288,0.7170166092,6.244761957,-0.7345314442,0.5395364425,2485.118707,2288,0.7787899428,0.7170166092,0.6830162246,0.7510169938
synthetic_20250706,synthetic,2025-07-06,adapted,2289,0.7173299906,6.244469025,0.3940422737,0.1552693135,2485.273977,2289,0.7788386013,0.7173299906,0.683329606,0.7513303752
synthetic_20250706,synthetic,2025-07-06,adapted,2290,0.717643372,6.243346099,-1.049482383,1.101413272,2486.37539,2290,0.7791837637,0.717643372,0.6836429874,0.7516437566
synthetic_20250706,synthetic,2025-07-06,adapted,2291,0.7179567534,6.242129495,-0.9544954569,0.9110615773,2487.286452,2291,0.7794692735,0.7179567534,0.6839563688,0.751957138
synthetic_20250706,synthetic,2025-07-06,adapted,2292,0.7182701348,6.24069971,1.570908342,2.467753018,2489.754205,2292,0.7802426213,0.7182701348,0.6842697502,0.7522705194
synthetic_20250706,synthetic,2025-07-06,adapted,2293,0.7185835161,6.239690578,-0.9867867564,0.9737481026,2490.727953,2293,0.7805477758,0.7185835161,0.6845831315,0.7525839007
synthetic_20250706,synthetic,2025-07-06,adapted,2294,0.7188968975,6.238656341,-0.09106183566,0.008292257914,2490.736245,2294,0.7805503745,0.7188968975,0.6848965129,0.7528972821
synthetic_20250706,synthetic,2025-07-06,adapted,2295,0.7192102789,6.238100332,0.7992733686,0.6388379177,2491.375083,2295,0.7807505744,0.7192102789,0.6852098943,0.7532106635
synthetic_20250706,synthetic,2025-07-06,adapted,2296,0.7195236603,6.236662089,-0.2710847058,0.07348691773,2491.44857,2296,0.7807736038,0.7195236603,0.6855232757,0.7535240449
synthetic_20250706,synthetic,2025-07-06,adapted,2297,0.7198370417,6.235570957,-0.2361422766,0.05576317478,2491.504333,2297,0.780791079,0.7198370417,0.6858366571,0.7538374263
synthetic_20250706,synthetic,2025-07-06,adapted,2298,0.7201504231,6.232742696,-0.4826137291,0.2329160115,2491.737249,2298,0.7808640705,0.7201504231,0.6861500385,0.7541508077
synthetic_20250706,synthetic,2025-07-06,adapted,2299,0.7204638045,6.232336983,-0.1869096385,0.03493521298,2491.772184,2299,0.7808750186,0.7204638045,0.6864634198,0.7544641891
synthetic_20250706,synthetic,2025-07-06,adapted,2300,0.7207771858,6.231880781,0.1364472849,0.01861786156,2491.790802,2300,0.7808808531,0.7207771858,0.6867768012,0.7547775704
synthetic_20250706,synthetic,2025-07-06,adapted,2301,0.7210905672,6.230599869,-0.493208694,0.2432548158,2492.034057,2301,0.7809570846,0.7210905672,0.6870901826,0.7550909518
synthetic_20250706,synthetic,2025-07-06,adapted,2302,0.7214039486,6.230286486,-0.03888561613,0.001512091142,2492.035569,2302,0.7809575584,0.7214039486,0.687403564,0.7554043332
synthetic_20250706,synthetic,2025-07-06,adapted,2303,0.72171733,6.229350055,0.1232166664,0.01518234689,2492.050751,2303,0.7809623163,0.72171733,0.6877169454,0.7557177146
synthetic_20250706,synthetic,2025-07-06,adapted,2304,0.7220307114,6.226931647,0.15160417,0.02298382435,2492.073735,2304,0.780969519,0.7220307114,0.6880303268,0.756031096
synthetic_20250706,synthetic,2025-07-06,adapted,2305,0.7223440928,6.224997539,-0.2541383476,0.06458629971,2492.138321,2305,0.7809897592,0.7223440928,0.6883437082,0.7563444774
synthetic_20250706,synthetic,2025-07-06,adapted,2306,0.7226574741,6.222407135,0.3282441516,0.1077442231,2492.246066,2306,0.7810235242,0.7226574741,0.6886570895,0.7566578587
synthetic_20250706,synthetic,2025-07-06,adapted,2307,0.7229708555,6.222153357,-0.5073292601,0.2573829782,2492.503449,2307,0.7811041832,0.7229708555,0.6889704709,0.7569712401
synthetic_20250706,synthetic,2025-07-06,adapted,2308,0.7232842369,6.219529585,0.5849476242,0.342163723,2492.845612,2308,0.781211411,0.7232842369,0.6892838523,0.7572846215
synthetic_20250706,synthetic,2025-07-06,adapted,2309,0.7235976183,6.218981055,-0.7144001477,0.510367571,2493.35598,2309,0.7813713507,0.7235976183,0.6895972337,0.7575980029
synthetic_20250706,synthetic,2025-07-06,adapted,2310,0.7239109997,6.217767332,-0.9429575089,0.8891688637,2494.245149,2310,0.7816499996,0.7239109997,0.6899106151,0.7579113843
synthetic_20250706,synthetic,2025-07-06,adapted,2311,0.7242243811,6.216959324,0.6299905749,0.3968881245,2494.642037,2311,0.781774377,0.7242243811,0.6902239965,0.7582247657
synthetic_20250706,synthetic,2025-07-06,adapted,2312,0.7245377625,6.216404973,-0.7987818368,0.6380524228,2495.280089,2312,0.7819743307,0.7245377625,0.6905373779,0.7585381471
synthetic_20250706,synthetic,2025-07-06,adapted,2313,0.7248511438,6.215001931,-1.153563274,1.330708226,2496.610798,2313,0.7823913499,0.7248511438,0.6908507592,0.7588515284
synthetic_20250706,synthetic,2025-07-06,adapted,2314,0.7251645252,6.212936803,0.3468357737,0.1202950539,2496.731093,2314,0.7824290482,0.7251645252,0.6911641406,0.7591649098
synthetic_20250706,synthetic,2025-07-06,adapted,2315,0.7254779066,6.211069239,1.942222217,3.77222714,2500.50332,2315,0.7836111939,0.7254779066,0.691477522,0.7594782912
synthetic_20250706,synthetic,2025-07-06,adapted,2316,0.725791288,6.208922303,0.05047438367,0.002547663407,2500.505867,2316,0.7836119923,0.725791288,0.6917909034,0.7597916726
synthetic_20250706,synthetic,2025-07-06,adapted,2317,0.7261046694,6.207900412,-0.3866944086,0.1495325656,2500.6554,2317,0.783658853,0.7261046694,0.6921042848,0.760105054
synthetic_20250706,synthetic,2025-07-06,adapted,2318,0.7264180508,6.205292814,1.5251077,2.325953497,2502.981354,2318,0.7843877636,0.7264180508,0.6924176662,0.7604184354
synthetic_20250706,synthetic,2025-07-06,adapted,2319,0.7267314322,6.203045576,-0.2152716277,0.0463418737,2503.027695,2319,0.7844022862,0.7267314322,0.6927310476,0.7607318168
synthetic_20250706,synthetic,2025-07-06,adapted,2320,0.7270448135,6.202566965,0.2273647877,0.05169474667,2503.07939,2320,0.7844184864,0.7270448135,0.6930444289,0.7610451981
synthetic_20250706,synthetic,2025-07-06,adapted,2321,0.7273581949,6.201860181,-1.782925951,3.178824946,2506.258215,2321,0.785414671,0.7273581949,0.6933578103,0.7613585795
synthetic_20250706,synthetic,2025-07-06,adapted,2322,0.7276715763,6.19995076,0.7150028255,0.5112290405,2506.769444,2322,0.7855748806,0.7276715763,0.6936711917,0.7616719609
synthetic_20250706,synthetic,2025-07-06,adapted,2323,0.7279849577,6.197532023,0.7493430891,0.5615150651,2507.330959,2323,0.785750849,0.7279849577,0.6939845731,0.7619853423
synthetic_20250706,synthetic,2025-07-06,adapted,2324,0.7282983391,6.195309381,0.7786057143,0.6062268584,2507.937186,2324,0.7859408292,0.7282983391,0.6942979545,0.7622987237
synthetic_20250706,synthetic,2025-07-06,adapted,2325,0.7286117205,6.194234398,0.08187278762,0.006703153352,2507.943889,2325,0.7859429299,0.7286117205,0.6946113359,0.7626121051
synthetic_20250706,synthetic,2025-07-06,adapted,2326,0.7289251018,6.193257475,-0.2298338231,0.05282358625,2507.996713,2326,0.7859594838,0.7289251018,0.6949247172,0.7629254864
synthetic_20250706,synthetic,2025-07-06,adapted,2327,0.7292384832,6.190460019,-0.702915083,0.4940896139,2508.490802,2327,0.7861143223,0.7292384832,0.6952380986,0.7632388678
synthetic_20250706,synthetic,2025-07-06,adapted,2328,0.7295518646,6.189762853,0.7611330322,0.5793234926,2509.070126,2328,0.7862958715,0.7295518646,0.69555148,0.7635522492
synthetic_20250706,synthetic,2025-07-06,adapted,2329,0.729865246,6.188024205,-0.938972519,0.8816693914,2509.951795,2329,0.7865721703,0.729865246,0.6958648614,0.7638656306
synthetic_20250706,synthetic,2025-07-06,adapted,2330,0.7301786274,6.185232914,-0.00532087485,2.831170917e-05,2509.951824,2330,0.7865721791,0.7301786274,0.6961782428,0.764179012
synthetic_20250706,synthetic,2025-07-06,adapted,2331,0.7304920088,6.184088628,-0.5906037337,0.3488127703,2510.300636,2331,0.7866814906,0.7304920088,0.6964916242,0.7644923934
synthetic_20250706,synthetic,2025-07-06,adapted,2332,0.7308053902,6.183309796,-0.3484805783,0.1214387135,2510.422075,2332,0.7867195472,0.7308053902,0.6968050056,0.7648057748
synthetic_20250706,synthetic,2025-07-06,adapted,2333,0.7311187715,6.181764808,0.7114976555,0.5062289138,2510.928304,2333,0.7868781899,0.7311187715,0.6971183869,0.7651191561
synthetic_20250706,synthetic,2025-07-06,adapted,2334,0.7314321529,6.178133479,-1.715779217,2.943898323,2513.872202,2334,0.7878007528,0.7314321529,0.6974317683,0.7654325375
synthetic_20250706,synthetic,2025-07-06,adapted,2335,0.7317455343,6.176784053,0.7949698623,0.6319770819,2514.504179,2335,0.7879988027,0.7317455343,0.6977451497,0.7657459189
synthetic_20250706,synthetic,2025-07-06,adapted,2336,0.7320589157,6.175267319,-0.2039236553,0.04158485718,2514.545764,2336,0.7880118346,0.7320589157,0.6980585311,0.7660593003
synthetic_20250706,synthetic,2025-07-06,adapted,2337,0.7323722971,6.173487288,0.3020965745,0.09126234033,2514.637027,2337,0.7880404345,0.7323722971,0.6983719125,0.7663726817
synthetic_20250706,synthetic,2025-07-06,adapted,2338,0.7326856785,6.170566792,-0.89592475,0.8026811577,2515.439708,2338,0.7882919799,0.7326856785,0.6986852939,0.7666860631
synthetic_20250706,synthetic,2025-07-06,adapted,2339,0.7329990599,6.170236616,2.118134011,4.486491687,2519.926199,2339,0.7896979628,0.7329990599,0.6989986753,0.7669994445
synthetic_20250706,synthetic,2025-07-06,adapted,2340,0.7333124412,6.169438425,0.2951676223,0.08712392523,2520.013323,2340,0.7897252659,0.7333124412,0.6993120566,0.7673128258
synthetic_20250706,synthetic,2025-07-06,adapted,2341,0.7336258226,6.168643436,-0.08673591513,0.007523118973,2520.020846,2341,0.7897276235,0.7336258226,0.699625438,0.7676262072
synthetic_20250706,synthetic,2025-07-06,adapted,2342,0.733939204,6.16755574,0.3501322473,0.1225925906,2520.143439,2342,0.7897660417,0.733939204,0.6999388194,0.7679395886
synthetic_20250706,synthetic,2025-07-06,adapted,2343,0.7342525854,6.165506713,-0.6466760485,0.4181899117,2520.561629,2343,0.7898970946,0.7342525854,0.7002522008,0.76825297
synthetic_20250706,synthetic,2025-07-06,adapted,2344,0.7345659668,6.164869891,-0.5092157959,0.2593007268,2520.82093,2344,0.7899783547,0.7345659668,0.7005655822,0.7685663514
synthetic_20250706,synthetic,2025-07-06,adapted,2345,0.7348793482,6.159804752,-0.782605542,0.6124714344,2521.433401,2345,0.7901702918,0.7348793482,0.7008789636,0.7688797328
synthetic_20250706,synthetic,2025-07-06,adapted,2346,0.7351927296,6.159373764,-0.3538259572,0.125192808,2521.558594,2346,0.7902095249,0.7351927296,0.701192345,0.7691931142
synthetic_20250706,synthetic,2025-07-06,adapted,2347,0.7355061109,6.157508122,-0.5821770478,0.338930115,2521.897524,2347,0.7903157393,0.7355061109,0.7015057263,0.7695064955
synthetic_20250706,synthetic,2025-07-06,adapted,2348,0.7358194923,6.156762497,0.1981227455,0.03925262229,2521.936777,2348,0.7903280403,0.7358194923,0.7018191077,0.7698198769
synthetic_20250706,synthetic,2025-07-06,adapted,2349,0.7361328737,6.154123725,-1.015556438,1.031354879,2522.968132,2349,0.7906512478,0.7361328737,0.7021324891,0.7701332583
synthetic_20250706,synthetic,2025-07-06,adapted,2350,0.7364462551,6.152886344,-1.343486753,1.804956657,2524.773088,2350,0.7912168876,0.7364462551,0.7024458705,0.7704466397
synthetic_20250706,synthetic,2025-07-06,adapted,2351,0.7367596365,6.151712695,0.2457405917,0.06038843841,2524.833477,2351,0.7912358122,0.7367596365,0.7027592519,0.7707600211
synthetic_20250706,synthetic,2025-07-06,adapted,2352,0.7370730179,6.150247134,0.4520742984,0.2043711713,2525.037848,2352,0.7912998583,0.7370730179,0.7030726333,0.7710734025
synthetic_20250706,synthetic,2025-07-06,adapted,2353,0.7373863992,6.148832052,-1.092628384,1.193836785,2526.231685,2353,0.7916739845,0.7373863992,0.7033860146,0.7713867838
synthetic_20250706,synthetic,2025-07-06,adapted,2354,0.7376997806,6.14669819,0.6973929436,0.4863569178,2526.718042,2354,0.7918263997,0.7376997806,0.703699396,0.7717001652
synthetic_20250706,synthetic,2025-07-06,adapted,2355,0.738013162,6.145548381,-1.424886072,2.030300317,2528.748342,2355,0.7924626581,0.738013162,0.7040127774,0.7720135466
synthetic_20250706,synthetic,2025-07-06,adapted,2356,0.7383265434,6.144664279,-0.2801389184,0.07847781361,2528.82682,2356,0.7924872515,0.7383265434,0.7043261588,0.772326928
synthetic_20250706,synthetic,2025-07-06,adapted,2357,0.7386399248,6.143213117,-0.8815369719,0.7771074328,2529.603927,2357,0.7927307825,0.7386399248,0.7046395402,0.7726403094
synthetic_20250706,synthetic,2025-07-06,adapted,2358,0.7389533062,6.140253822,0.08943507187,0.00799863208,2529.611926,2358,0.7927332892,0.7389533062,0.7049529216,0.7729536908
synthetic_20250706,synthetic,2025-07-06,adapted,2359,0.7392666876,6.140102735,0.5798989948,0.3362828442,2529.948209,2359,0.792838674,0.7392666876,0.705266303,0.7732670722
synthetic_20250706,synthetic,2025-07-06,adapted,2360,0.7395800689,6.138326253,-0.7176115023,0.5149662683,2530.463175,2360,0.7930000548,0.7395800689,0.7055796843,0.7735804535
synthetic_20250706,synthetic,2025-07-06,adapted,2361,0.7398934503,6.13608502,0.04982532603,0.002482563114,2530.465657,2361,0.7930008328,0.7398934503,0.7058930657,0.7738938349
synthetic_20250706,synthetic,2025-07-06,adapted,2362,0.7402068317,6.132299098,-0.532327049,0.2833720871,2530.749029,2362,0.7930896363,0.7402068317,0.7062064471,0.7742072163
synthetic_20250706,synthetic,2025-07-06,adapted,2363,0.7405202131,6.1320607,1.754521438,3.078345476,2533.827375,2363,0.7940543325,0.7405202131,0.7065198285,0.7745205977
synthetic_20250706,synthetic,2025-07-06,adapted,2364,0.7408335945,6.130307994,0.2265615378,0.0513301304,2533.878705,2364,0.7940704184,0.7408335945,0.7068332099,0.7748339791
synthetic_20250706,synthetic,2025-07-06,adapted,2365,0.7411469759,6.12672254,0.5811782426,0.3377681496,2534.216473,2365,0.7941762686,0.7411469759,0.7071465913,0.7751473605
synthetic_20250706,synthetic,2025-07-06,adapted,2366,0.7414603573,6.124284002,1.136020192,1.290541877,2535.507015,2366,0.7945807004,0.7414603573,0.7074599727,0.7754607419
synthetic_20250706,synthetic,2025-07-06,adapted,2367,0.7417737386,6.122527195,-1.087208152,1.182021567,2536.689037,2367,0.794951124,0.7417737386,0.707773354,0.7757741232
synthetic_20250706,synthetic,2025-07-06,adapted,2368,0.74208712,6.121696312,1.116928201,1.247528605,2537.936565,2368,0.7953420762,0.74208712,0.7080867354,0.7760875046
synthetic_20250706,synthetic,2025-07-06,adapted,2369,0.7424005014,6.121658613,-0.1752716693,0.03072015806,2537.967285,2369,0.7953517034,0.7424005014,0.7084001168,0.776400886
synthetic_20250706,synthetic,2025-07-06,adapted,2370,0.7427138828,6.12039943,-1.400582361,1.961630951,2539.928916,2370,0.795966442,0.7427138828,0.7087134982,0.7767142674
synthetic_20250706,synthetic,2025-07-06,adapted,2371,0.7430272642,6.120034313,0.01526083194,0.0002328929916,2539.929149,2371,0.795966515,0.7430272642,0.7090268796,0.7770276488
synthetic_20250706,synthetic,2025-07-06,adapted,2372,0.7433406456,6.119143926,-1.112217433,1.237027619,2541.166177,2372,0.7963541764,0.7433406456,0.709340261,0.7773410302
synthetic_20250706,synthetic,2025-07-06,adapted,2373,0.743654027,6.116785996,-0.5525720173,0.3053358343,2541.471513,2373,0.796449863,0.743654027,0.7096536424,0.7776544116
synthetic_20250706,synthetic,2025-07-06,adapted,2374,0.7439674083,6.116288833,1.785703498,3.188736983,2544.66025,2374,0.7974491538,0.7439674083,0.7099670237,0.7779677929
synthetic_20250706,synthetic,2025-07-06,adapted,2375,0.7442807897,6.114472205,1.090453341,1.189088489,2545.849338,2375,0.797821792,0.7442807897,0.7102804051,0.7782811743
synthetic_20250706,synthetic,2025-07-06,adapted,2376,0.7445941711,6.113914001,-0.3184734097,0.1014253127,2545.950764,2376,0.7978535768,0.7445941711,0.7105937865,0.7785945557
synthetic_20250706,synthetic,2025-07-06,adapted,2377,0.7449075525,6.112875344,1.766954859,3.122129472,2549.072893,2377,0.7988319941,0.7449075525,0.7109071679,0.7789079371
synthetic_20250706,synthetic,2025-07-06,adapted,2378,0.7452209339,6.112548075,1.330925696,1.771363209,2550.844256,2378,0.7993871063,0.7452209339,0.7112205493,0.7792213185
synthetic_20250706,synthetic,2025-07-06,adapted,2379,0.7455343153,6.110205175,0.679415429,0.4616053251,2551.305862,2379,0.7995317648,0.7455343153,0.7115339307,0.7795346999
synthetic_20250706,synthetic,2025-07-06,adapted,2380,0.7458476966,6.107303271,-0.5514022878,0.304044483,2551.609906,2380,0.7996270467,0.7458476966,0.711847312,0.7798480812
synthetic_20250706,synthetic,2025-07-06,adapted,2381,0.746161078,6.106286653,0.7664621995,0.5874643032,2552.19737,2381,0.7998111471,0.746161078,0.7121606934,0.7801614626
synthetic_20250706,synthetic,2025-07-06,adapted,2382,0.7464744594,6.105872553,-0.5625226081,0.3164316846,2552.513802,2382,0.7999103109,0.7464744594,0.7124740748,0.780474844
synthetic_20250706,synthetic,2025-07-06,adapted,2383,0.7467878408,6.102626486,-1.966600946,3.86751928,2556.381321,2383,0.8011223194,0.7467878408,0.7127874562,0.7807882254
synthetic_20250706,synthetic,2025-07-06,adapted,2384,0.7471012222,6.101570667,0.328617412,0.1079894035,2556.489311,2384,0.8011561613,0.7471012222,0.7131008376,0.7811016068
synthetic_20250706,synthetic,2025-07-06,adapted,2385,0.7474146036,6.100426351,-0.2148079752,0.0461424662,2556.535453,2385,0.8011706215,0.7474146036,0.713414219,0.7814149882
synthetic_20250706,synthetic,2025-07-06,adapted,2386,0.747727985,6.096242305,-0.08391986862,0.007042544349,2556.542496,2386,0.8011728285,0.747727985,0.7137276004,0.7817283696
synthetic_20250706,synthetic,2025-07-06,adapted,2387,0.7480413663,6.095748734,0.2526979495,0.06385625367,2556.606352,2387,0.8011928399,0.7480413663,0.7140409817,0.7820417509
synthetic_20250706,synthetic,2025-07-06,adapted,2388,0.7483547477,6.094493239,-0.386972214,0.1497474944,2556.756099,2388,0.8012397679,0.7483547477,0.7143543631,0.7823551323
synthetic_20250706,synthetic,2025-07-06,adapted,2389,0.7486681291,6.093033025,-0.7812392533,0.6103347709,2557.366434,2389,0.8014310355,0.7486681291,0.7146677445,0.7826685137
synthetic_20250706,synthetic,2025-07-06,adapted,2390,0.7489815105,6.088877808,-0.2655748439,0.07052999772,2557.436964,2390,0.8014531383,0.7489815105,0.7149811259,0.7829818951
synthetic_20250706,synthetic,2025-07-06,adapted,2391,0.7492948919,6.085910019,0.2134214406,0.0455487113,2557.482513,2391,0.8014674124,0.7492948919,0.7152945073,0.7832952765
synthetic_20250706,synthetic,2025-07-06,adapted,2392,0.7496082733,6.085288785,0.0162964914,0.0002655756318,2557.482779,2392,0.8014674956,0.7496082733,0.7156078887,0.7836086579
synthetic_20250706,synthetic,2025-07-06,adapted,2393,0.7499216547,6.084362934,0.6502377821,0.4228091732,2557.905588,2393,0.8015999961,0.7499216547,0.7159212701,0.7839220393
synthetic_20250706,synthetic,2025-07-06,adapted,2394,0.750235036,6.083471514,0.6078088987,0.3694316574,2558.275019,2394,0.8017157691,0.750235036,0.7162346514,0.7842354206
synthetic_20250706,synthetic,2025-07-06,adapted,2395,0.7505484174,6.082327586,1.359151962,1.847294055,2560.122313,2395,0.8022946767,0.7505484174,0.7165480328,0.784548802
synthetic_20250706,synthetic,2025-07-06,adapted,2396,0.7508617988,6.080017928,0.04686878765,0.002196683256,2560.12451,2396,0.8022953651,0.7508617988,0.7168614142,0.7848621834
synthetic_20250706,synthetic,2025-07-06,adapted,2397,0.7511751802,6.078786251,0.4332146917,0.1876749691,2560.312185,2397,0.802354179,0.7511751802,0.7171747956,0.7851755648
synthetic_20250706,synthetic,2025-07-06,adapted,2398,0.7514885616,6.077704529,0.7257517269,0.5267155691,2560.838901,2398,0.8025192418,0.7514885616,0.717488177,0.7854889462
synthetic_20250706,synthetic,2025-07-06,adapted,2399,0.751801943,6.077201185,1.590410191,2.529404577,2563.368305,2399,0.8033119101,0.751801943,0.7178015584,0.7858023276
synthetic_20250706,synthetic,2025-07-06,adapted,2400,0.7521153243,6.076683519,-0.9739486091,0.9485758931,2564.316881,2400,0.8036091762,0.7521153243,0.7181149397,0.7861157089
synthetic_20250706,synthetic,2025-07-06,adapted,2401,0.7524287057,6.075768658,-0.1415001963,0.02002230556,2564.336903,2401,0.8036154508,0.7524287057,0.7184283211,0.7864290903
synthetic_20250706,synthetic,2025-07-06,adapted,2402,0.7527420871,6.074295779,0.4691928127,0.2201418955,2564.557045,2402,0.8036844391,0.7527420871,0.7187417025,0.7867424717
synthetic_20250706,synthetic,2025-07-06,adapted,2403,0.7530554685,6.073628449,0.4814542796,0.2317982234,2564.788844,2403,0.8037570804,0.7530554685,0.7190550839,0.7870558531
synthetic_20250706,synthetic,2025-07-06,adapted,2404,0.7533688499,6.072619641,-0.08219229387,0.006755573172,2564.795599,2404,0.8037591975,0.7533688499,0.7193684653,0.7873692345
synthetic_20250706,synthetic,2025-07-06,adapted,2405,0.7536822313,6.071975645,-0.3384583476,0.1145540531,2564.910153,2405,0.8037950966,0.7536822313,0.7196818467,0.7876826159
synthetic_20250706,synthetic,2025-07-06,adapted,2406,0.7539956127,6.07111198,-0.1879573109,0.03532795072,2564.945481,2406,0.8038061677,0.7539956127,0.7199952281,0.7879959973
synthetic_20250706,synthetic,2025-07-06,adapted,2407,0.754308994,6.070587275,1.028648702,1.058118151,2566.003599,2407,0.8041377622,0.754308994,0.7203086094,0.7883093786
synthetic_20250706,synthetic,2025-07-06,adapted,2408,0.7546223754,6.069147268,1.684732495,2.838323579,2568.841923,2408,0.80502724,0.7546223754,0.7206219908,0.78862276
synthetic_20250706,synthetic,2025-07-06,adapted,2409,0.7549357568,6.068403762,0.03574911452,0.001277999189,2568.843201,2409,0.8050276405,0.7549357568,0.7209353722,0.7889361414
synthetic_20250706,synthetic,2025-07-06,adapted,2410,0.7552491382,6.0669498,-0.9188897389,0.8443583522,2569.687559,2410,0.8052922467,0.7552491382,0.7212487536,0.7892495228
synthetic_20250706,synthetic,2025-07-06,adapted,2411,0.7555625196,6.06618397,0.3834648734,0.1470453092,2569.834604,2411,0.8053383279,0.7555625196,0.721562135,0.7895629042
synthetic_20250706,synthetic,2025-07-06,adapted,2412,0.755875901,6.063632892,-1.829323931,3.346426043,2573.181031,2412,0.8063870356,0.755875901,0.7218755164,0.7898762856
synthetic_20250706,synthetic,2025-07-06,adapted,2413,0.7561892824,6.061247656,1.791510795,3.20951093,2576.390541,2413,0.8073928366,0.7561892824,0.7221888978,0.790189667
synthetic_20250706,synthetic,2025-07-06,adapted,2414,0.7565026637,6.058738389,-0.1852971292,0.03433502608,2576.424876,2414,0.8074035965,0.7565026637,0.7225022791,0.7905030483
synthetic_20250706,synthetic,2025-07-06,adapted,2415,0.7568160451,6.058301435,0.4054165684,0.164362594,2576.589239,2415,0.8074551047,0.7568160451,0.7228156605,0.7908164297
synthetic_20250706,synthetic,2025-07-06,adapted,2416,0.7571294265,6.056251203,-1.13979017,1.299121632,2577.888361,2416,0.8078622252,0.7571294265,0.7231290419,0.7911298111
synthetic_20250706,synthetic,2025-07-06,adapted,2417,0.7574428079,6.055820626,-0.3102332015,0.09624463932,2577.984605,2417,0.8078923865,0.7574428079,0.7234424233,0.7914431925
synthetic_20250706,synthetic,2025-07-06,adapted,2418,0.7577561893,6.054804103,-0.1310267965,0.01716802139,2578.001773,2418,0.8078977666,0.7577561893,0.7237558047,0.7917565739
synthetic_20250706,synthetic,2025-07-06,adapted,2419,0.7580695707,6.053607548,0.2269000726,0.05148364293,2578.053257,2419,0.8079139007,0.7580695707,0.7240691861,0.7920699553
synthetic_20250706,synthetic,2025-07-06,adapted,2420,0.7583829521,6.052268886,0.03685842138,0.001358543227,2578.054616,2420,0.8079143264,0.7583829521,0.7243825675,0.7923833367
synthetic_20250706,synthetic,2025-07-06,adapted,2421,0.7586963334,6.051325859,1.644921164,2.705765637,2580.760381,2421,0.808762263,0.7586963334,0.7246959488,0.792696718
synthetic_20250706,synthetic,2025-07-06,adapted,2422,0.7590097148,6.050715329,-1.00671875,1.013482641,2581.773864,2422,0.8090798696,0.7590097148,0.7250093302,0.7930100994
synthetic_20250706,synthetic,2025-07-06,adapted,2423,0.7593230962,6.049505165,0.1334104924,0.01779835949,2581.791662,2423,0.8090854473,0.7593230962,0.7253227116,0.7933234808
synthetic_20250706,synthetic,2025-07-06,adapted,2424,0.7596364776,6.045208548,-0.5084893639,0.2585614332,2582.050224,2424,0.8091664756,0.7596364776,0.725636093,0.7936368622
synthetic_20250706,synthetic,2025-07-06,adapted,2425,0.759949859,6.044440399,-0.07591743134,0.005763456381,2582.055987,2425,0.8091682818,0.759949859,0.7259494744,0.7939502436
synthetic_20250706,synthetic,2025-07-06,adapted,2426,0.7602632404,6.042985937,-0.6582652256,0.4333131072,2582.4893,2426,0.809304074,0.7602632404,0.7262628558,0.794263625
synthetic_20250706,synthetic,2025-07-06,adapted,2427,0.7605766217,6.041784926,-0.9812056492,0.962764526,2583.452065,2427,0.8096057865,0.7605766217,0.7265762371,0.7945770063
synthetic_20250706,synthetic,2025-07-06,adapted,2428,0.7608900031,6.039556738,0.2386922451,0.05697398786,2583.509039,2428,0.8096236411,0.7608900031,0.7268896185,0.7948903877
synthetic_20250706,synthetic,2025-07-06,adapted,2429,0.7612033845,6.036125912,0.2773026572,0.07689676369,2583.585935,2429,0.8096477391,0.7612033845,0.7272029999,0.7952037691
synthetic_20250706,synthetic,2025-07-06,adapted,2430,0.7615167659,6.035044249,-0.3624518293,0.1313713285,2583.717307,2430,0.8096889084,0.7615167659,0.7275163813,0.7955171505
synthetic_20250706,synthetic,2025-07-06,adapted,2431,0.7618301473,6.034142839,-0.4121371565,0.1698570357,2583.887164,2431,0.8097421385,0.7618301473,0.7278297627,0.7958305319
synthetic_20250706,synthetic,2025-07-06,adapted,2432,0.7621435287,6.031337057,-1.852351603,3.431206462,2587.31837,2432,0.8108174147,0.7621435287,0.7281431441,0.7961439133
synthetic_20250706,synthetic,2025-07-06,adapted,2433,0.7624569101,6.030365355,-0.9308876622,0.8665518396,2588.184922,2433,0.8110889759,0.7624569101,0.7284565255,0.7964572947
synthetic_20250706,synthetic,2025-07-06,adapted,2434,0.7627702914,6.027718868,0.7452623014,0.5554158978,2588.740338,2434,0.8112630329,0.7627702914,0.7287699068,0.796770676
synthetic_20250706,synthetic,2025-07-06,adapted,2435,0.7630836728,6.026695764,-0.7308296294,0.5341119472,2589.27445,2435,0.8114304137,0.7630836728,0.7290832882,0.7970840574
synthetic_20250706,synthetic,2025-07-06,adapted,2436,0.7633970542,6.026039998,-0.5017819243,0.2517850996,2589.526235,2436,0.8115093184,0.7633970542,0.7293966696,0.7973974388
synthetic_20250706,synthetic,2025-07-06,adapted,2437,0.7637104356,6.023190993,1.579377777,2.494434162,2592.020669,2437,0.8122910277,0.7637104356,0.729710051,0.7977108202
synthetic_20250706,synthetic,2025-07-06,adapted,2438,0.764023817,6.022522048,-0.3906506285,0.1526079136,2592.173277,2438,0.8123388521,0.764023817,0.7300234324,0.7980242016
synthetic_20250706,synthetic,2025-07-06,adapted,2439,0.7643371984,6.021679416,0.9971959131,0.9943996892,2593.167677,2439,0.8126504785,0.7643371984,0.7303368138,0.798337583
synthetic_20250706,synthetic,2025-07-06,adapted,2440,0.7646505798,6.020957353,-0.677558987,0.4590861809,2593.626763,2440,0.8127943475,0.7646505798,0.7306501952,0.7986509644
synthetic_20250706,synthetic,2025-07-06,adapted,2441,0.7649639611,6.017585939,-0.3580214617,0.1281793671,2593.754942,2441,0.8128345166,0.7649639611,0.7309635765,0.7989643457
synthetic_20250706,synthetic,2025-07-06,adapted,2442,0.7652773425,6.016825677,-0.7594077827,0.5767001804,2594.331643,2442,0.8130152437,0.7652773425,0.7312769579,0.7992777271
synthetic_20250706,synthetic,2025-07-06,adapted,2443,0.7655907239,6.015853316,1.251321307,1.565805014,2595.897448,2443,0.8135059378,0.7655907239,0.7315903393,0.7995911085
synthetic_20250706,synthetic,2025-07-06,adapted,2444,0.7659041053,6.014482955,0.1312007409,0.01721363442,2595.914661,2444,0.8135113323,0.7659041053,0.7319037207,0.7999044899
synthetic_20250706,synthetic,2025-07-06,adapted,2445,0.7662174867,6.013262171,0.4583910014,0.2101223102,2596.124784,2445,0.8135771807,0.7662174867,0.7322171021,0.8002178713
synthetic_20250706,synthetic,2025-07-06,adapted,2446,0.7665308681,6.012731746,2.098147895,4.402224589,2600.527008,2446,0.8149567559,0.7665308681,0.7325304835,0.8005312527
synthetic_20250706,synthetic,2025-07-06,adapted,2447,0.7668442495,6.011915909,0.3059982165,0.09363490852,2600.620643,2447,0.8149860994,0.7668442495,0.7328438649,0.8008446341
synthetic_20250706,synthetic,2025-07-06,adapted,2448,0.7671576308,6.011267603,-1.045452345,1.092970606,2601.713614,2448,0.815328616,0.7671576308,0.7331572462,0.8011580154
synthetic_20250706,synthetic,2025-07-06,adapted,2449,0.7674710122,6.010198981,-0.5495714202,0.3020287459,2602.015642,2449,0.8154232662,0.7674710122,0.7334706276,0.8014713968
synthetic_20250706,synthetic,2025-07-06,adapted,2450,0.7677843936,6.00962722,-0.139620429,0.01949386419,2602.035136,2450,0.8154293752,0.7677843936,0.733784009,0.8017847782
synthetic_20250706,synthetic,2025-07-06,adapted,2451,0.768097775,6.008088287,-0.7536561921,0.5679976559,2602.603134,2451,0.8156073751,0.768097775,0.7340973904,0.8020981596
synthetic_20250706,synthetic,2025-07-06,adapted,2452,0.7684111564,6.00648864,-0.06006048377,0.00360726171,2602.606741,2452,0.8156085055,0.7684111564,0.7344107718,0.802411541
synthetic_20250706,synthetic,2025-07-06,adapted,2453,0.7687245378,6.005127704,0.964989563,0.9312048568,2603.537946,2453,0.8159003278,0.7687245378,0.7347241532,0.8027249224
synthetic_20250706,synthetic,2025-07-06,adapted,2454,0.7690379191,6.004705358,0.2518042546,0.06340538264,2603.601351,2454,0.8159201979,0.7690379191,0.7350375345,0.8030383037
synthetic_20250706,synthetic,2025-07-06,adapted,2455,0.7693513005,6.003477321,-0.5128304206,0.2629950403,2603.864346,2455,0.8160026156,0.7693513005,0.7353509159,0.8033516851
synthetic_20250706,synthetic,2025-07-06,adapted,2456,0.7696646819,6.001673541,0.993358267,0.9867606467,2604.851107,2456,0.816311848,0.7696646819,0.7356642973,0.8036650665
synthetic_20250706,synthetic,2025-07-06,adapted,2457,0.7699780633,5.999755554,1.583365467,2.507046202,2607.358153,2457,0.8170975096,0.7699780633,0.7359776787,0.8039784479
synthetic_20250706,synthetic,2025-07-06,adapted,2458,0.7702914447,5.998522489,0.774855734,0.6004014085,2607.958555,2458,0.8172856643,0.7702914447,0.7362910601,0.8042918293
synthetic_20250706,synthetic,2025-07-06,adapted,2459,0.7706048261,5.997096536,-0.5363506078,0.2876719745,2608.246227,2459,0.8173758153,0.7706048261,0.7366044415,0.8046052107
synthetic_20250706,synthetic,2025-07-06,adapted,2460,0.7709182075,5.995988281,-0.6946325752,0.4825144145,2608.728741,2460,0.8175270264,0.7709182075,0.7369178229,0.8049185921
synthetic_20250706,synthetic,2025-07-06,adapted,2461,0.7712315888,5.99584645,0.9116463877,0.8310991362,2609.55984,2461,0.8177874774,0.7712315888,0.7372312042,0.8052319734
synthetic_20250706,synthetic,2025-07-06,adapted,2462,0.7715449702,5.994494977,0.04871629732,0.002373277625,2609.562214,2462,0.8177882211,0.7715449702,0.7375445856,0.8055453548
synthetic_20250706,synthetic,2025-07-06,adapted,2463,0.7718583516,5.993631539,-0.3914679292,0.1532471396,2609.715461,2463,0.8178362459,0.7718583516,0.737857967,0.8058587362
synthetic_20250706,synthetic,2025-07-06,adapted,2464,0.772171733,5.992584512,-0.3574970967,0.1278041741,2609.843265,2464,0.8178762973,0.772171733,0.7381713484,0.8061721176
synthetic_20250706,synthetic,2025-07-06,adapted,2465,0.7724851144,5.991727458,0.8093617056,0.6550663705,2610.498331,2465,0.8180815829,0.7724851144,0.7384847298,0.806485499
synthetic_20250706,synthetic,2025-07-06,adapted,2466,0.7727984958,5.990936803,0.03328320194,0.001107771531,2610.499439,2466,0.8180819301,0.7727984958,0.7387981112,0.8067988804
synthetic_20250706,synthetic,2025-07-06,adapted,2467,0.7731118772,5.989454844,-0.1491351927,0.02224130569,2610.52168,2467,0.8180889001,0.7731118772,0.7391114926,0.8071122618
synthetic_20250706,synthetic,2025-07-06,adapted,2468,0.7734252585,5.988055985,-2.472376511,6.112645611,2616.634326,2468,0.8200044895,0.7734252585,0.7394248739,0.8074256431
synthetic_20250706,synthetic,2025-07-06,adapted,2469,0.7737386399,5.986092775,0.02603294589,0.0006777142715,2616.635004,2469,0.8200047018,0.7737386399,0.7397382553,0.8077390245
synthetic_20250706,synthetic,2025-07-06,adapted,2470,0.7740520213,5.983645048,-2.08397719,4.34296093,2620.977965,2470,0.821365705,0.7740520213,0.7400516367,0.8080524059
synthetic_20250706,synthetic,2025-07-06,adapted,2471,0.7743654027,5.982667805,0.2063834458,0.04259412669,2621.020559,2471,0.8213790532,0.7743654027,0.7403650181,0.8083657873
synthetic_20250706,synthetic,2025-07-06,adapted,2472,0.7746787841,5.981053688,0.4059526412,0.1647975469,2621.185356,2472,0.8214306976,0.7746787841,0.7406783995,0.8086791687
synthetic_20250706,synthetic,2025-07-06,adapted,2473,0.7749921655,5.98065099,0.2351497327,0.05529539677,2621.240652,2473,0.8214480262,0.7749921655,0.7409917809,0.8089925501
synthetic_20250706,synthetic,2025-07-06,adapted,2474,0.7753055469,5.98014641,0.1795523044,0.03223903003,2621.272891,2474,0.8214581293,0.7753055469,0.7413051623,0.8093059315
synthetic_20250706,synthetic,2025-07-06,adapted,2475,0.7756189282,5.979245908,-1.182314253,1.397866992,2622.670758,2475,0.8218961948,0.7756189282,0.7416185436,0.8096193128
synthetic_20250706,synthetic,2025-07-06,adapted,2476,0.7759323096,5.978391625,0.4379236131,0.1917770909,2622.862535,2476,0.8219562942,0.7759323096,0.741931925,0.8099326942
synthetic_20250706,synthetic,2025-07-06,adapted,2477,0.776245691,5.976364192,1.083997383,1.175050326,2624.037585,2477,0.8223245331,0.776245691,0.7422453064,0.8102460756
synthetic_20250706,synthetic,2025-07-06,adapted,2478,0.7765590724,5.975738027,0.6761198348,0.457138031,2624.494723,2478,0.8224677916,0.7765590724,0.7425586878,0.810559457
synthetic_20250706,synthetic,2025-07-06,adapted,2479,0.7768724538,5.973743829,0.07426165354,0.005514793187,2624.500238,2479,0.8224695199,0.7768724538,0.7428720692,0.8108728384
synthetic_20250706,synthetic,2025-07-06,adapted,2480,0.7771858352,5.970777498,-0.620307994,0.3847820074,2624.88502,2480,0.8225901034,0.7771858352,0.7431854506,0.8111862198
synthetic_20250706,synthetic,2025-07-06,adapted,2481,0.7774992165,5.970260809,1.275714343,1.627447084,2626.512467,2481,0.823100115,0.7774992165,0.7434988319,0.8114996011
synthetic_20250706,synthetic,2025-07-06,adapted,2482,0.7778125979,5.969635595,-0.1063308545,0.01130625063,2626.523773,2482,0.8231036582,0.7778125979,0.7438122133,0.8118129825
synthetic_20250706,synthetic,2025-07-06,adapted,2483,0.7781259793,5.966206192,0.2897348634,0.08394629108,2626.607719,2483,0.8231299654,0.7781259793,0.7441255947,0.8121263639
synthetic_20250706,synthetic,2025-07-06,adapted,2484,0.7784393607,5.964707862,-0.2535566272,0.06429096322,2626.67201,2484,0.823150113,0.7784393607,0.7444389761,0.8124397453
synthetic_20250706,synthetic,2025-07-06,adapted,2485,0.7787527421,5.962873295,-0.1984697185,0.03939022916,2626.711401,2485,0.8231624571,0.7787527421,0.7447523575,0.8127531267
synthetic_20250706,synthetic,2025-07-06,adapted,2486,0.7790661235,5.962391543,-0.3186959252,0.1015670927,2626.812968,2486,0.8231942864,0.7790661235,0.7450657389,0.8130665081
synthetic_20250706,synthetic,2025-07-06,adapted,2487,0.7793795049,5.959617275,0.9388056081,0.8813559699,2627.694324,2487,0.8234704869,0.7793795049,0.7453791203,0.8133798895
synthetic_20250706,synthetic,2025-07-06,adapted,2488,0.7796928862,5.959086353,-1.089890856,1.187862078,2628.882186,2488,0.8238427408,0.7796928862,0.7456925016,0.8136932708
synthetic_20250706,synthetic,2025-07-06,adapted,2489,0.7800062676,5.957370523,1.500915596,2.252747626,2631.134933,2489,0.8245487099,0.7800062676,0.746005883,0.8140066522
synthetic_20250706,synthetic,2025-07-06,adapted,2490,0.780319649,5.954870707,1.123078526,1.261305376,2632.396239,2490,0.8249439796,0.780319649,0.7463192644,0.8143200336
synthetic_20250706,synthetic,2025-07-06,adapted,2491,0.7806330304,5.954270476,-0.24930578,0.06215337194,2632.458392,2491,0.8249634573,0.7806330304,0.7466326458,0.814633415
synthetic_20250706,synthetic,2025-07-06,adapted,2492,0.7809464118,5.95072778,-1.686261501,2.843477848,2635.30187,2492,0.8258545503,0.7809464118,0.7469460272,0.8149467964
synthetic_20250706,synthetic,2025-07-06,adapted,2493,0.7812597932,5.948708403,-0.2064894711,0.04263790166,2635.344508,2493,0.8258679122,0.7812597932,0.7472594086,0.8152601778
synthetic_20250706,synthetic,2025-07-06,adapted,2494,0.7815731746,5.946559873,-0.8744007171,0.764576614,2636.109085,2494,0.8261075163,0.7815731746,0.74757279,0.8155735592
synthetic_20250706,synthetic,2025-07-06,adapted,2495,0.7818865559,5.944910652,0.5054543288,0.2554840786,2636.364569,2495,0.8261875803,0.7818865559,0.7478861713,0.8158869405
synthetic_20250706,synthetic,2025-07-06,adapted,2496,0.7821999373,5.944027578,-0.6412930256,0.4112567446,2636.775825,2496,0.8263164605,0.7821999373,0.7481995527,0.8162003219
synthetic_20250706,synthetic,2025-07-06,adapted,2497,0.7825133187,5.943138258,0.808165134,0.6531308838,2637.428956,2497,0.8265211395,0.7825133187,0.7485129341,0.8165137033
synthetic_20250706,synthetic,2025-07-06,adapted,2498,0.7828267001,5.941807869,-1.098425465,1.206538503,2638.635495,2498,0.8268992462,0.7828267001,0.7488263155,0.8168270847
synthetic_20250706,synthetic,2025-07-06,adapted,2499,0.7831400815,5.940614875,-0.2807890105,0.07884246844,2638.714337,2499,0.826923954,0.7831400815,0.7491396969,0.8171404661
synthetic_20250706,synthetic,2025-07-06,adapted,2500,0.7834534629,5.940261808,0.4567715905,0.2086402859,2638.922978,2500,0.826989338,0.7834534629,0.7494530783,0.8174538475
synthetic_20250706,synthetic,2025-07-06,adapted,2501,0.7837668442,5.938018023,-0.7472776715,0.5584239183,2639.481401,2501,0.8271643376,0.7837668442,0.7497664596,0.8177672288
synthetic_20250706,synthetic,2025-07-06,adapted,2502,0.7840802256,5.936898009,0.9897588787,0.9796226379,2640.461024,2502,0.8274713331,0.7840802256,0.750079841,0.8180806102
synthetic_20250706,synthetic,2025-07-06,adapted,2503,0.784393607,5.936071628,0.2312191737,0.05346230628,2640.514486,2503,0.8274880872,0.784393607,0.7503932224,0.8183939916
synthetic_20250706,synthetic,2025-07-06,adapted,2504,0.7847069884,5.935553917,0.05334445755,0.002845631151,2640.517332,2504,0.827488979,0.7847069884,0.7507066038,0.818707373
synthetic_20250706,synthetic,2025-07-06,adapted,2505,0.7850203698,5.932857612,0.2235140307,0.04995852191,2640.567291,2505,0.8275046351,0.7850203698,0.7510199852,0.8190207544
synthetic_20250706,synthetic,2025-07-06,adapted,2506,0.7853337512,5.932578642,1.76993305,3.132663001,2643.699954,2506,0.8284863533,0.7853337512,0.7513333666,0.8193341358
synthetic_20250706,synthetic,2025-07-06,adapted,2507,0.7856471326,5.929672446,-0.07022772972,0.004931934022,2643.704885,2507,0.8284878989,0.7856471326,0.751646748,0.8196475172
synthetic_20250706,synthetic,2025-07-06,adapted,2508,0.7859605139,5.925133867,1.471559817,2.165488294,2645.870374,2508,0.8291665226,0.7859605139,0.7519601293,0.8199608985
synthetic_20250706,synthetic,2025-07-06,adapted,2509,0.7862738953,5.923242555,1.761976554,3.104561378,2648.974935,2509,0.8301394344,0.7862738953,0.7522735107,0.8202742799
synthetic_20250706,synthetic,2025-07-06,adapted,2510,0.7865872767,5.92063044,0.1159111268,0.01343538932,2648.988371,2510,0.8301436448,0.7865872767,0.7525868921,0.8205876613
synthetic_20250706,synthetic,2025-07-06,adapted,2511,0.7869006581,5.919024731,-0.2628035239,0.06906569219,2649.057436,2511,0.8301652887,0.7869006581,0.7529002735,0.8209010427
synthetic_20250706,synthetic,2025-07-06,adapted,2512,0.7872140395,5.917720921,1.363817092,1.859997059,2650.917433,2512,0.8307481772,0.7872140395,0.7532136549,0.8212144241
synthetic_20250706,synthetic,2025-07-06,adapted,2513,0.7875274209,5.91703536,-0.6074551544,0.3690017646,2651.286435,2513,0.8308638154,0.7875274209,0.7535270363,0.8215278055
synthetic_20250706,synthetic,2025-07-06,adapted,2514,0.7878408023,5.915081233,1.297329554,1.683063971,2652.969499,2514,0.8313912564,0.7878408023,0.7538404177,0.8218411869
synthetic_20250706,synthetic,2025-07-06,adapted,2515,0.7881541836,5.91474515,1.460530223,2.133148532,2655.102648,2515,0.8320597454,0.7881541836,0.754153799,0.8221545682
synthetic_20250706,synthetic,2025-07-06,adapted,2516,0.788467565,5.912783208,1.29313363,1.672194585,2656.774842,2516,0.83258378,0.788467565,0.7544671804,0.8224679496
synthetic_20250706,synthetic,2025-07-06,adapted,2517,0.7887809464,5.910875971,0.1306999082,0.01708246599,2656.791925,2517,0.8325891334,0.7887809464,0.7547805618,0.822781331
synthetic_20250706,synthetic,2025-07-06,adapted,2518,0.7890943278,5.905037603,0.09492664414,0.009011067767,2656.800936,2518,0.8325919573,0.7890943278,0.7550939432,0.8230947124
synthetic_20250706,synthetic,2025-07-06,adapted,2519,0.7894077092,5.901565256,-0.5739751946,0.329447524,2657.130383,2519,0.8326952,0.7894077092,0.7554073246,0.8234080938
synthetic_20250706,synthetic,2025-07-06,adapted,2520,0.7897210906,5.897255878,-2.062688968,4.254685779,2661.385069,2520,0.8340285393,0.7897210906,0.755720706,0.8237214752
synthetic_20250706,synthetic,2025-07-06,adapted,2521,0.790034472,5.895629484,-0.05240362084,0.002746139477,2661.387815,2521,0.8340293999,0.790034472,0.7560340874,0.8240348566
synthetic_20250706,synthetic,2025-07-06,adapted,2522,0.7903478533,5.894148544,-0.9640719839,0.9294347902,2662.31725,2522,0.8343206675,0.7903478533,0.7563474687,0.8243482379
synthetic_20250706,synthetic,2025-07-06,adapted,2523,0.7906612347,5.892879845,0.5161489084,0.2664096956,2662.58366,2523,0.8344041553,0.7906612347,0.7566608501,0.8246616193
synthetic_20250706,synthetic,2025-07-06,adapted,2524,0.7909746161,5.891806136,1.039456023,1.080468824,2663.664128,2524,0.8347427541,0.7909746161,0.7569742315,0.8249750007
synthetic_20250706,synthetic,2025-07-06,adapted,2525,0.7912879975,5.890966466,0.463664947,0.2149851831,2663.879114,2525,0.8348101265,0.7912879975,0.7572876129,0.8252883821
synthetic_20250706,synthetic,2025-07-06,adapted,2526,0.7916013789,5.888130596,0.07635148205,0.005829548812,2663.884943,2526,0.8348119534,0.7916013789,0.7576009943,0.8256017635
synthetic_20250706,synthetic,2025-07-06,adapted,2527,0.7919147603,5.887646877,0.5150942884,0.265322126,2664.150265,2527,0.8348951004,0.7919147603,0.7579143757,0.8259151449
synthetic_20250706,synthetic,2025-07-06,adapted,2528,0.7922281416,5.886200963,1.180682438,1.394011019,2665.544276,2528,0.8353319575,0.7922281416,0.758227757,0.8262285262
synthetic_20250706,synthetic,2025-07-06,adapted,2529,0.792541523,5.885217765,-1.203906512,1.44939089,2666.993667,2529,0.8357861696,0.792541523,0.7585411384,0.8265419076
synthetic_20250706,synthetic,2025-07-06,adapted,2530,0.7928549044,5.884256885,0.789425939,0.6231933132,2667.616861,2530,0.8359814668,0.7928549044,0.7588545198,0.826855289
synthetic_20250706,synthetic,2025-07-06,adapted,2531,0.7931682858,5.883027358,-0.7478430578,0.5592692391,2668.17613,2531,0.8361567314,0.7931682858,0.7591679012,0.8271686704
synthetic_20250706,synthetic,2025-07-06,adapted,2532,0.7934816672,5.879771883,0.1861340203,0.03464587352,2668.210776,2532,0.8361675887,0.7934816672,0.7594812826,0.8274820518
synthetic_20250706,synthetic,2025-07-06,adapted,2533,0.7937950486,5.878581027,-0.3128573811,0.09787974092,2668.308655,2533,0.8361982624,0.7937950486,0.759794664,0.8277954332
synthetic_20250706,synthetic,2025-07-06,adapted,2534,0.79410843,5.877131799,1.145116513,1.311291828,2669.619947,2534,0.8366091969,0.79410843,0.7601080454,0.8281088146
synthetic_20250706,synthetic,2025-07-06,adapted,2535,0.7944218113,5.876818895,-1.578876326,2.492850452,2672.112798,2535,0.8373904098,0.7944218113,0.7604214267,0.8284221959
synthetic_20250706,synthetic,2025-07-06,adapted,2536,0.7947351927,5.87510837,-1.714839756,2.940675389,2675.053473,2536,0.8383119627,0.7947351927,0.7607348081,0.8287355773
synthetic_20250706,synthetic,2025-07-06,adapted,2537,0.7950485741,5.874258991,-0.2215003113,0.04906238791,2675.102535,2537,0.838327338,0.7950485741,0.7610481895,0.8290489587
synthetic_20250706,synthetic,2025-07-06,adapted,2538,0.7953619555,5.87284689,-0.4427452504,0.1960233567,2675.298559,2538,0.838388768,0.7953619555,0.7613615709,0.8293623401
synthetic_20250706,synthetic,2025-07-06,adapted,2539,0.7956753369,5.872748774,-0.1451777418,0.02107657672,2675.319635,2539,0.838395373,0.7956753369,0.7616749523,0.8296757215
synthetic_20250706,synthetic,2025-07-06,adapted,2540,0.7959887183,5.871855076,-0.3244776244,0.1052857288,2675.424921,2540,0.8384283676,0.7959887183,0.7619883337,0.8299891029
synthetic_20250706,synthetic,2025-07-06,adapted,2541,0.7963020997,5.87056567,-0.9615010448,0.9244842592,2676.349405,2541,0.8387180838,0.7963020997,0.7623017151,0.8303024843
synthetic_20250706,synthetic,2025-07-06,adapted,2542,0.796615481,5.868857874,-1.349773914,1.821889619,2678.171295,2542,0.8392890301,0.796615481,0.7626150964,0.8306158656
synthetic_20250706,synthetic,2025-07-06,adapted,2543,0.7969288624,5.867484659,-0.05441679292,0.002961187352,2678.174256,2543,0.8392899581,0.7969288624,0.7629284778,0.830929247
synthetic_20250706,synthetic,2025-07-06,adapted,2544,0.7972422438,5.866628021,0.4721945966,0.2229677371,2678.397224,2544,0.839359832,0.7972422438,0.7632418592,0.8312426284
synthetic_20250706,synthetic,2025-07-06,adapted,2545,0.7975556252,5.865331811,0.8703905341,0.7575796818,2679.154804,2545,0.8395972434,0.7975556252,0.7635552406,0.8315560098
synthetic_20250706,synthetic,2025-07-06,adapted,2546,0.7978690066,5.864215618,0.8447941596,0.7136771721,2679.868481,2546,0.8398208965,0.7978690066,0.763868622,0.8318693912
synthetic_20250706,synthetic,2025-07-06,adapted,2547,0.798182388,5.863154245,0.3631413431,0.1318716351,2680.000352,2547,0.8398622226,0.798182388,0.7641820034,0.8321827726
synthetic_20250706,synthetic,2025-07-06,adapted,2548,0.7984957694,5.862641017,-0.26468209,0.07005660875,2680.070409,2548,0.8398841771,0.7984957694,0.7644953848,0.832496154
synthetic_20250706,synthetic,2025-07-06,adapted,2549,0.7988091507,5.861864516,0.7732408525,0.5979014159,2680.66831,2549,0.8400715482,0.7988091507,0.7648087661,0.8328095353
synthetic_20250706,synthetic,2025-07-06,adapted,2550,0.7991225321,5.858668458,-1.288399812,1.659974077,2682.328284,2550,0.8405917532,0.7991225321,0.7651221475,0.8331229167
synthetic_20250706,synthetic,2025-07-06,adapted,2551,0.7994359135,5.857580048,-0.5472755322,0.2995105082,2682.627795,2551,0.8406856142,0.7994359135,0.7654355289,0.8334362981
synthetic_20250706,synthetic,2025-07-06,adapted,2552,0.7997492949,5.854799539,0.63699069,0.4057571392,2683.033552,2552,0.840812771,0.7997492949,0.7657489103,0.8337496795
synthetic_20250706,synthetic,2025-07-06,adapted,2553,0.8000626763,5.854021116,0.01080669526,0.0001167846624,2683.033669,2553,0.8408128076,0.8000626763,0.7660622917,0.8340630609
synthetic_20250706,synthetic,2025-07-06,adapted,2554,0.8003760577,5.851571608,-0.723843006,0.5239486973,2683.557618,2554,0.8409770033,0.8003760577,0.7663756731,0.8343764423
synthetic_20250706,synthetic,2025-07-06,adapted,2555,0.800689439,5.848785309,-0.2616506789,0.06846107775,2683.626079,2555,0.8409984577,0.800689439,0.7666890544,0.8346898236
synthetic_20250706,synthetic,2025-07-06,adapted,2556,0.8010028204,5.8471078,-0.4151192188,0.1723239658,2683.798403,2556,0.8410524609,0.8010028204,0.7670024358,0.835003205
synthetic_20250706,synthetic,2025-07-06,adapted,2557,0.8013162018,5.846139236,-0.4304482956,0.1852857352,2683.983688,2557,0.841110526,0.8013162018,0.7673158172,0.8353165864
synthetic_20250706,synthetic,2025-07-06,adapted,2558,0.8016295832,5.845816893,1.493486825,2.230502896,2686.214191,2558,0.8418095241,0.8016295832,0.7676291986,0.8356299678
synthetic_20250706,synthetic,2025-07-06,adapted,2559,0.8019429646,5.845261151,0.8933552433,0.7980835907,2687.012275,2559,0.8420596286,0.8019429646,0.76794258,0.8359433492
synthetic_20250706,synthetic,2025-07-06,adapted,2560,0.802256346,5.843493343,-1.819374567,3.310123816,2690.322399,2560,0.8430969598,0.802256346,0.7682559614,0.8362567306
synthetic_20250706,synthetic,2025-07-06,adapted,2561,0.8025697274,5.842154302,-0.0792544709,0.006281271158,2690.32868,2561,0.8430989282,0.8025697274,0.7685693428,0.836570112
synthetic_20250706,synthetic,2025-07-06,adapted,2562,0.8028831087,5.84146672,0.07073182358,0.005002990867,2690.333683,2562,0.8431004961,0.8028831087,0.7688827241,0.8368834933
synthetic_20250706,synthetic,2025-07-06,adapted,2563,0.8031964901,5.83985995,0.3545279869,0.1256900935,2690.459373,2563,0.843139885,0.8031964901,0.7691961055,0.8371968747
synthetic_20250706,synthetic,2025-07-06,adapted,2564,0.8035098715,5.838659627,0.5051787139,0.255205533,2690.714579,2564,0.8432198617,0.8035098715,0.7695094869,0.8375102561
synthetic_20250706,synthetic,2025-07-06,adapted,2565,0.8038232529,5.836446692,-0.3393096347,0.1151310282,2690.82971,2565,0.8432559416,0.8038232529,0.7698228683,0.8378236375
synthetic_20250706,synthetic,2025-07-06,adapted,2566,0.8041366343,5.836356614,-1.457880274,2.125414894,2692.955124,2566,0.843922007,0.8041366343,0.7701362497,0.8381370189
synthetic_20250706,synthetic,2025-07-06,adapted,2567,0.8044500157,5.835564765,-0.7107404143,0.5051519365,2693.460276,2567,0.8440803123,0.8044500157,0.7704496311,0.8384504003
synthetic_20250706,synthetic,2025-07-06,adapted,2568,0.8047633971,5.833390219,-0.09502305271,0.009029380546,2693.469306,2568,0.8440831419,0.8047633971,0.7707630125,0.8387637817
synthetic_20250706,synthetic,2025-07-06,adapted,2569,0.8050767784,5.832265034,1.723153498,2.969257977,2696.438564,2569,0.8450136521,0.8050767784,0.7710763938,0.839077163
synthetic_20250706,synthetic,2025-07-06,adapted,2570,0.8053901598,5.831370829,-0.6868054213,0.4717016867,2696.910265,2570,0.8451614746,0.8053901598,0.7713897752,0.8393905444
synthetic_20250706,synthetic,2025-07-06,adapted,2571,0.8057035412,5.830771945,-0.3274700936,0.1072366622,2697.017502,2571,0.8451950806,0.8057035412,0.7717031566,0.8397039258
synthetic_20250706,synthetic,2025-07-06,adapted,2572,0.8060169226,5.830185692,-0.7914790558,0.6264390958,2697.643941,2572,0.8453913949,0.8060169226,0.772016538,0.8400173072
synthetic_20250706,synthetic,2025-07-06,adapted,2573,0.806330304,5.828262478,0.3906975724,0.1526445931,2697.796586,2573,0.8454392309,0.806330304,0.7723299194,0.8403306886
synthetic_20250706,synthetic,2025-07-06,adapted,2574,0.8066436854,5.827896633,0.6544838596,0.4283491224,2698.224935,2574,0.8455734675,0.8066436854,0.7726433008,0.84064407
synthetic_20250706,synthetic,2025-07-06,adapted,2575,0.8069570668,5.825833837,1.23123743,1.51594561,2699.740881,2575,0.8460485367,0.8069570668,0.7729566821,0.8409574514
synthetic_20250706,synthetic,2025-07-06,adapted,2576,0.8072704481,5.823237772,0.644151374,0.4149309926,2700.155812,2576,0.8461785683,0.8072704481,0.7732700635,0.8412708327
synthetic_20250706,synthetic,2025-07-06,adapted,2577,0.8075838295,5.822166955,-1.29161302,1.668264194,2701.824076,2577,0.8467013713,0.8075838295,0.7735834449,0.8415842141
synthetic_20250706,synthetic,2025-07-06,adapted,2578,0.8078972109,5.820384294,-1.120908659,1.256436222,2703.080512,2578,0.847095115,0.8078972109,0.7738968263,0.8418975955
synthetic_20250706,synthetic,2025-07-06,adapted,2579,0.8082105923,5.81570225,0.4721692434,0.2229437944,2703.303456,2579,0.8471649814,0.8082105923,0.7742102077,0.8422109769
synthetic_20250706,synthetic,2025-07-06,adapted,2580,0.8085239737,5.813030958,-0.4150887903,0.1722987039,2703.475754,2580,0.8472189766,0.8085239737,0.7745235891,0.8425243583
synthetic_20250706,synthetic,2025-07-06,adapted,2581,0.8088373551,5.811863147,0.1521977945,0.02316416866,2703.498919,2581,0.8472262359,0.8088373551,0.7748369705,0.8428377397
synthetic_20250706,synthetic,2025-07-06,adapted,2582,0.8091507364,5.811045119,-1.680239019,2.823203161,2706.322122,2582,0.8481109752,0.8091507364,0.7751503518,0.843151121
synthetic_20250706,synthetic,2025-07-06,adapted,2583,0.8094641178,5.808742609,-0.1398520348,0.01955859165,2706.34168,2583,0.8481171045,0.8094641178,0.7754637332,0.8434645024
synthetic_20250706,synthetic,2025-07-06,adapted,2584,0.8097774992,5.808512121,1.348365258,1.818088869,2708.159769,2584,0.8486868597,0.8097774992,0.7757771146,0.8437778838
synthetic_20250706,synthetic,2025-07-06,adapted,2585,0.8100908806,5.807634708,-0.8929167722,0.7973003621,2708.95707,2585,0.8489367188,0.8100908806,0.776090496,0.8440912652
synthetic_20250706,synthetic,2025-07-06,adapted,2586,0.810404262,5.806225738,-0.008038641583,6.46197585e-05,2708.957134,2586,0.848936739,0.810404262,0.7764038774,0.8444046466
synthetic_20250706,synthetic,2025-07-06,adapted,2587,0.8107176434,5.80468404,-0.1123799411,0.01262925116,2708.969763,2587,0.8489406968,0.8107176434,0.7767172588,0.844718028
synthetic_20250706,synthetic,2025-07-06,adapted,2588,0.8110310248,5.803036636,-0.1571407024,0.02469320036,2708.994457,2588,0.8489484352,0.8110310248,0.7770306402,0.8450314094
synthetic_20250706,synthetic,2025-07-06,adapted,2589,0.8113444061,5.802726057,-1.917095971,3.675256962,2712.669714,2589,0.8501001923,0.8113444061,0.7773440215,0.8453447907
synthetic_20250706,synthetic,2025-07-06,adapted,2590,0.8116577875,5.802368276,-0.7438637842,0.5533333295,2713.223047,2590,0.8502735967,0.8116577875,0.7776574029,0.8456581721
synthetic_20250706,synthetic,2025-07-06,adapted,2591,0.8119711689,5.801372984,0.7621476556,0.580869049,2713.803916,2591,0.8504556302,0.8119711689,0.7779707843,0.8459715535
synthetic_20250706,synthetic,2025-07-06,adapted,2592,0.8122845503,5.800138472,-0.03694771396,0.001365133567,2713.805281,2592,0.850456058,0.8122845503,0.7782841657,0.8462849349
synthetic_20250706,synthetic,2025-07-06,adapted,2593,0.8125979317,5.799351678,-0.1617730905,0.02617053281,2713.831452,2593,0.8504642594,0.8125979317,0.7785975471,0.8465983163
synthetic_20250706,synthetic,2025-07-06,adapted,2594,0.8129113131,5.796227634,1.684248303,2.836692346,2716.668144,2594,0.851353226,0.8129113131,0.7789109285,0.8469116977
synthetic_20250706,synthetic,2025-07-06,adapted,2595,0.8132246945,5.79517837,0.3791044163,0.1437201584,2716.811864,2595,0.8513982652,0.8132246945,0.7792243099,0.8472250791
synthetic_20250706,synthetic,2025-07-06,adapted,2596,0.8135380758,5.792482314,0.1354491426,0.01834647023,2716.830211,2596,0.8514040146,0.8135380758,0.7795376912,0.8475384604
synthetic_20250706,synthetic,2025-07-06,adapted,2597,0.8138514572,5.789151067,-0.1360343156,0.01850533503,2716.848716,2597,0.8514098139,0.8138514572,0.7798510726,0.8478518418
synthetic_20250706,synthetic,2025-07-06,adapted,2598,0.8141648386,5.788424508,-0.4884718408,0.2386047392,2717.087321,2598,0.8514845881,0.8141648386,0.780164454,0.8481652232
synthetic_20250706,synthetic,2025-07-06,adapted,2599,0.81447822,5.78718839,0.9884135119,0.9769612705,2718.064282,2599,0.8517907496,0.81447822,0.7804778354,0.8484786046
synthetic_20250706,synthetic,2025-07-06,adapted,2600,0.8147916014,5.785518042,-0.4277426845,0.1829638041,2718.247246,2600,0.8518480871,0.8147916014,0.7807912168,0.848791986
synthetic_20250706,synthetic,2025-07-06,adapted,2601,0.8151049828,5.784719559,0.2676366418,0.07162937202,2718.318875,2601,0.8518705344,0.8151049828,0.7811045982,0.8491053674
synthetic_20250706,synthetic,2025-07-06,adapted,2602,0.8154183641,5.78399276,0.3009286151,0.09055803138,2718.409433,2602,0.8518989136,0.8154183641,0.7814179795,0.8494187487
synthetic_20250706,synthetic,2025-07-06,adapted,2603,0.8157317455,5.782663737,-1.785537144,3.188142894,2721.597576,2603,0.8528980182,0.8157317455,0.7817313609,0.8497321301
synthetic_20250706,synthetic,2025-07-06,adapted,2604,0.8160451269,5.780016732,-0.4616235101,0.2130962651,2721.810672,2604,0.8529647986,0.8160451269,0.7820447423,0.8500455115
synthetic_20250706,synthetic,2025-07-06,adapted,2605,0.8163585083,5.779658618,-1.180693173,1.394036369,2723.204709,2605,0.8534016637,0.8163585083,0.7823581237,0.8503588929
synthetic_20250706,synthetic,2025-07-06,adapted,2606,0.8166718897,5.778429018,-1.206881599,1.456563194,2724.661272,2606,0.8538581235,0.8166718897,0.7826715051,0.8506722743
synthetic_20250706,synthetic,2025-07-06,adapted,2607,0.8169852711,5.777651431,1.190742809,1.417868436,2726.07914,2607,0.854302457,0.8169852711,0.7829848865,0.8509856557
synthetic_20250706,synthetic,2025-07-06,adapted,2608,0.8172986525,5.776627438,-1.603383035,2.570837158,2728.649978,2608,0.8551081095,0.8172986525,0.7832982679,0.8512990371
synthetic_20250706,synthetic,2025-07-06,adapted,2609,0.8176120338,5.773790334,-1.622030548,2.630983098,2731.280961,2609,0.8559326107,0.8176120338,0.7836116492,0.8516124184
synthetic_20250706,synthetic,2025-07-06,adapted,2610,0.8179254152,5.773220355,-0.5123858594,0.262539269,2731.5435,2610,0.8560148856,0.8179254152,0.7839250306,0.8519257998
synthetic_20250706,synthetic,2025-07-06,adapted,2611,0.8182387966,5.772438195,-0.8349642881,0.6971653623,2732.240665,2611,0.8562333642,0.8182387966,0.784238412,0.8522391812
synthetic_20250706,synthetic,2025-07-06,adapted,2612,0.818552178,5.772301615,0.7075314677,0.5006007778,2732.741266,2612,0.8563902432,0.818552178,0.7845517934,0.8525525626
synthetic_20250706,synthetic,2025-07-06,adapted,2613,0.8188655594,5.770702248,0.08734294657,0.007628790315,2732.748895,2613,0.8563926339,0.8188655594,0.7848651748,0.852865944
synthetic_20250706,synthetic,2025-07-06,adapted,2614,0.8191789408,5.769501189,-0.5558794018,0.3090019094,2733.057897,2614,0.8564894694,0.8191789408,0.7851785562,0.8531793254
synthetic_20250706,synthetic,2025-07-06,adapted,2615,0.8194923222,5.769142993,0.4124090825,0.1700812513,2733.227978,2615,0.8565427697,0.8194923222,0.7854919376,0.8534927068
synthetic_20250706,synthetic,2025-07-06,adapted,2616,0.8198057035,5.767927122,-0.2276500885,0.0518245628,2733.279803,2616,0.8565590105,0.8198057035,0.7858053189,0.8538060881
synthetic_20250706,synthetic,2025-07-06,adapted,2617,0.8201190849,5.765434421,1.098246947,1.206146358,2734.485949,2617,0.8569369943,0.8201190849,0.7861187003,0.8541194695
synthetic_20250706,synthetic,2025-07-06,adapted,2618,0.8204324663,5.76376661,0.4937686363,0.2438074662,2734.729756,2618,0.8570133991,0.8204324663,0.7864320817,0.8544328509
synthetic_20250706,synthetic,2025-07-06,adapted,2619,0.8207458477,5.761709383,1.821062894,3.316270064,2738.046026,2619,0.8580526564,0.8207458477,0.7867454631,0.8547462323
synthetic_20250706,synthetic,2025-07-06,adapted,2620,0.8210592291,5.760277214,0.1204461211,0.0145072681,2738.060534,2620,0.8580572027,0.8210592291,0.7870588445,0.8550596137
synthetic_20250706,synthetic,2025-07-06,adapted,2621,0.8213726105,5.758200712,0.3949481539,0.1559840442,2738.216518,2621,0.8581060852,0.8213726105,0.7873722259,0.8553729951
synthetic_20250706,synthetic,2025-07-06,adapted,2622,0.8216859919,5.756613716,-1.502978211,2.258943502,2740.475461,2622,0.858813996,0.8216859919,0.7876856073,0.8556863765
synthetic_20250706,synthetic,2025-07-06,adapted,2623,0.8219993732,5.755344528,1.362350547,1.855999013,2742.33146,2623,0.8593956315,0.8219993732,0.7879989886,0.8559997578
synthetic_20250706,synthetic,2025-07-06,adapted,2624,0.8223127546,5.753737092,-0.1609941343,0.02591911128,2742.357379,2624,0.8594037541,0.8223127546,0.78831237,0.8563131392
synthetic_20250706,synthetic,2025-07-06,adapted,2625,0.822626136,5.752305076,0.001474590668,2.174417638e-06,2742.357382,2625,0.8594037548,0.822626136,0.7886257514,0.8566265206
synthetic_20250706,synthetic,2025-07-06,adapted,2626,0.8229395174,5.74977984,1.211521035,1.467783217,2743.825165,2626,0.8598637307,0.8229395174,0.7889391328,0.856939902
synthetic_20250706,synthetic,2025-07-06,adapted,2627,0.8232528988,5.74804596,-0.08708786509,0.007584296245,2743.832749,2627,0.8598661075,0.8232528988,0.7892525142,0.8572532834
synthetic_20250706,synthetic,2025-07-06,adapted,2628,0.8235662802,5.746664975,1.211950045,1.46882291,2745.301572,2628,0.8603264093,0.8235662802,0.7895658956,0.8575666648
synthetic_20250706,synthetic,2025-07-06,adapted,2629,0.8238796615,5.745450865,0.7781914855,0.6055819881,2745.907154,2629,0.8605161874,0.8238796615,0.7898792769,0.8578800461
synthetic_20250706,synthetic,2025-07-06,adapted,2630,0.8241930429,5.742047787,1.555233067,2.418749893,2748.325904,2630,0.8612741786,0.8241930429,0.7901926583,0.8581934275
synthetic_20250706,synthetic,2025-07-06,adapted,2631,0.8245064243,5.741252495,-1.953192217,3.814959838,2752.140864,2631,0.862469716,0.8245064243,0.7905060397,0.8585068089
synthetic_20250706,synthetic,2025-07-06,adapted,2632,0.8248198057,5.735412399,2.443213376,5.9692916,2758.110155,2632,0.8643403809,0.8248198057,0.7908194211,0.8588201903
synthetic_20250706,synthetic,2025-07-06,adapted,2633,0.8251331871,5.734452985,0.6800903519,0.4625228868,2758.572678,2633,0.8644853269,0.8251331871,0.7911328025,0.8591335717
synthetic_20250706,synthetic,2025-07-06,adapted,2634,0.8254465685,5.733849893,0.2337863497,0.05465605733,2758.627334,2634,0.8645024551,0.8254465685,0.7914461839,0.8594469531
synthetic_20250706,synthetic,2025-07-06,adapted,2635,0.8257599499,5.727858207,2.164170348,4.683633296,2763.310968,2635,0.8659702186,0.8257599499,0.7917595653,0.8597603345
synthetic_20250706,synthetic,2025-07-06,adapted,2636,0.8260733312,5.726300087,-0.9445039355,0.8920876842,2764.203055,2636,0.8662497823,0.8260733312,0.7920729466,0.8600737158
synthetic_20250706,synthetic,2025-07-06,adapted,2637,0.8263867126,5.725270972,-1.332945647,1.776744097,2765.979799,2637,0.8668065808,0.8263867126,0.792386328,0.8603870972
synthetic_20250706,synthetic,2025-07-06,adapted,2638,0.826700094,5.723052524,-0.1097536806,0.01204587039,2765.991845,2638,0.8668103557,0.826700094,0.7926997094,0.8607004786
synthetic_20250706,synthetic,2025-07-06,adapted,2639,0.8270134754,5.722139994,-1.24261562,1.54409358,2767.535939,2639,0.8672942459,0.8270134754,0.7930130908,0.86101386
synthetic_20250706,synthetic,2025-07-06,adapted,2640,0.8273268568,5.720528314,-2.141501798,4.58602995,2772.121969,2640,0.8687314224,0.8273268568,0.7933264722,0.8613272414
synthetic_20250706,synthetic,2025-07-06,adapted,2641,0.8276402382,5.719492921,1.331269298,1.772277944,2773.894247,2641,0.8692868213,0.8276402382,0.7936398536,0.8616406228
synthetic_20250706,synthetic,2025-07-06,adapted,2642,0.8279536196,5.717041699,-0.4533131351,0.2054927985,2774.099739,2642,0.8693512189,0.8279536196,0.793953235,0.8619540042
synthetic_20250706,synthetic,2025-07-06,adapted,2643,0.8282670009,5.715817375,0.9204717257,0.8472681979,2774.947008,2643,0.869616737,0.8282670009,0.7942666163,0.8622673855
synthetic_20250706,synthetic,2025-07-06,adapted,2644,0.8285803823,5.714258839,-1.328921605,1.766032631,2776.71304,2644,0.8701701787,0.8285803823,0.7945799977,0.8625807669
synthetic_20250706,synthetic,2025-07-06,adapted,2645,0.8288937637,5.713916163,-0.3111943838,0.09684194449,2776.809882,2645,0.8702005272,0.8288937637,0.7948933791,0.8628941483
synthetic_20250706,synthetic,2025-07-06,adapted,2646,0.8292071451,5.713321429,-0.02164241986,0.0004683943375,2776.810351,2646,0.870200674,0.8292071451,0.7952067605,0.8632075297
synthetic_20250706,synthetic,2025-07-06,adapted,2647,0.8295205265,5.71252224,1.8699339,3.496652791,2780.307003,2647,0.8712964599,0.8295205265,0.7955201419,0.8635209111
synthetic_20250706,synthetic,2025-07-06,adapted,2648,0.8298339079,5.711105332,1.426784665,2.035714479,2782.342718,2648,0.8719344149,0.8298339079,0.7958335233,0.8638342925
synthetic_20250706,synthetic,2025-07-06,adapted,2649,0.8301472893,5.710084894,0.784455703,0.6153707499,2782.958089,2649,0.8721272606,0.8301472893,0.7961469047,0.8641476739
synthetic_20250706,synthetic,2025-07-06,adapted,2650,0.8304606706,5.707866028,-0.3038842786,0.09234565478,2783.050434,2650,0.8721562,0.8304606706,0.796460286,0.8644610552
synthetic_20250706,synthetic,2025-07-06,adapted,2651,0.830774052,5.705557355,-0.3060208593,0.0936487663,2783.144083,2651,0.8721855478,0.830774052,0.7967736674,0.8647744366
synthetic_20250706,synthetic,2025-07-06,adapted,2652,0.8310874334,5.70483518,-0.1784353866,0.0318391872,2783.175922,2652,0.8721955256,0.8310874334,0.7970870488,0.865087818
synthetic_20250706,synthetic,2025-07-06,adapted,2653,0.8314008148,5.70279924,1.328138803,1.763952681,2784.939875,2653,0.8727483156,0.8314008148,0.7974004302,0.8654011994
synthetic_20250706,synthetic,2025-07-06,adapted,2654,0.8317141962,5.701591752,-0.5277357273,0.2785049979,2785.21838,2654,0.8728355938,0.8317141962,0.7977138116,0.8657145808
synthetic_20250706,synthetic,2025-07-06,adapted,2655,0.8320275776,5.700087719,0.3792774516,0.1438513853,2785.362231,2655,0.8728806742,0.8320275776,0.798027193,0.8660279622
synthetic_20250706,synthetic,2025-07-06,adapted,2656,0.8323409589,5.699697592,0.7823274513,0.6120362411,2785.974268,2656,0.873072475,0.8323409589,0.7983405743,0.8663413435
synthetic_20250706,synthetic,2025-07-06,adapted,2657,0.8326543403,5.699337409,-0.6475797876,0.4193595814,2786.393627,2657,0.8732038944,0.8326543403,0.7986539557,0.8666547249
synthetic_20250706,synthetic,2025-07-06,adapted,2658,0.8329677217,5.697928314,-0.9222030432,0.8504584529,2787.244086,2658,0.8734704123,0.8329677217,0.7989673371,0.8669681063
synthetic_20250706,synthetic,2025-07-06,adapted,2659,0.8332811031,5.695253318,1.779950137,3.168222489,2790.412308,2659,0.8744632742,0.8332811031,0.7992807185,0.8672814877
synthetic_20250706,synthetic,2025-07-06,adapted,2660,0.8335944845,5.694043234,-0.8079767785,0.6528264746,2791.065135,2660,0.8746678579,0.8335944845,0.7995940999,0.8675948691
synthetic_20250706,synthetic,2025-07-06,adapted,2661,0.8339078659,5.692986677,0.448426093,0.2010859609,2791.266221,2661,0.8747308745,0.8339078659,0.7999074813,0.8679082505
synthetic_20250706,synthetic,2025-07-06,adapted,2662,0.8342212473,5.692730043,0.3940180858,0.1552502519,2791.421471,2662,0.874779527,0.8342212473,0.8002208627,0.8682216319
synthetic_20250706,synthetic,2025-07-06,adapted,2663,0.8345346286,5.69163866,-0.4317920858,0.1864444054,2791.607915,2663,0.8748379552,0.8345346286,0.800534244,0.8685350132
synthetic_20250706,synthetic,2025-07-06,adapted,2664,0.83484801,5.690935777,-0.413934256,0.1713415683,2791.779257,2664,0.8748916505,0.83484801,0.8008476254,0.8688483946
synthetic_20250706,synthetic,2025-07-06,adapted,2665,0.8351613914,5.689404204,0.9334165457,0.8712664479,2792.650523,2665,0.8751646892,0.8351613914,0.8011610068,0.869161776
synthetic_20250706,synthetic,2025-07-06,adapted,2666,0.8354747728,5.687503194,0.2503607552,0.06268050774,2792.713204,2666,0.8751843321,0.8354747728,0.8014743882,0.8694751574
synthetic_20250706,synthetic,2025-07-06,adapted,2667,0.8357881542,5.686584475,-1.433672123,2.055415755,2794.768619,2667,0.8758284611,0.8357881542,0.8017877696,0.8697885388
synthetic_20250706,synthetic,2025-07-06,adapted,2668,0.8361015356,5.681217098,-0.1405362111,0.01975042663,2794.78837,2668,0.8758346505,0.8361015356,0.802101151,0.8701019202
synthetic_20250706,synthetic,2025-07-06,adapted,2669,0.836414917,5.679393928,-0.4012656077,0.1610140879,2794.949384,2669,0.8758851094,0.836414917,0.8024145324,0.8704153016
synthetic_20250706,synthetic,2025-07-06,adapted,2670,0.8367282983,5.676996522,-0.2440932426,0.05958151108,2795.008965,2670,0.8759037811,0.8367282983,0.8027279137,0.8707286829
synthetic_20250706,synthetic,2025-07-06,adapted,2671,0.8370416797,5.674329506,0.4622787823,0.2137016725,2795.222667,2671,0.8759707512,0.8370416797,0.8030412951,0.8710420643
synthetic_20250706,synthetic,2025-07-06,adapted,2672,0.8373550611,5.672632194,-0.4421856132,0.1955281165,2795.418195,2672,0.8760320261,0.8373550611,0.8033546765,0.8713554457
synthetic_20250706,synthetic,2025-07-06,adapted,2673,0.8376684425,5.672224608,0.2323511605,0.05398706181,2795.472182,2673,0.8760489446,0.8376684425,0.8036680579,0.8716688271
synthetic_20250706,synthetic,2025-07-06,adapted,2674,0.8379818239,5.670783686,-0.2003111821,0.04012456968,2795.512307,2674,0.8760615189,0.8379818239,0.8039814393,0.8719822085
synthetic_20250706,synthetic,2025-07-06,adapted,2675,0.8382952053,5.668221241,-1.139941663,1.299466996,2796.811774,2675,0.8764687477,0.8382952053,0.8042948207,0.8722955899
synthetic_20250706,synthetic,2025-07-06,adapted,2676,0.8386085866,5.668051391,0.05350865425,0.002863176079,2796.814637,2676,0.876469645,0.8386085866,0.804608202,0.8726089713
synthetic_20250706,synthetic,2025-07-06,adapted,2677,0.838921968,5.665639616,-1.405400999,1.975151967,2798.789789,2677,0.8770886208,0.838921968,0.8049215834,0.8729223526
synthetic_20250706,synthetic,2025-07-06,adapted,2678,0.8392353494,5.663824403,0.2995696207,0.08974195763,2798.879531,2678,0.8771167443,0.8392353494,0.8052349648,0.873235734
synthetic_20250706,synthetic,2025-07-06,adapted,2679,0.8395487308,5.662628197,-1.078423071,1.16299632,2800.042527,2679,0.8774812057,0.8395487308,0.8055483462,0.8735491154
synthetic_20250706,synthetic,2025-07-06,adapted,2680,0.8398621122,5.662300152,-0.2661384468,0.07082967288,2800.113357,2680,0.8775034024,0.8398621122,0.8058617276,0.8738624968
synthetic_20250706,synthetic,2025-07-06,adapted,2681,0.8401754936,5.661051679,-1.595338458,2.545104795,2802.658462,2681,0.8783009908,0.8401754936,0.806175109,0.8741758782
synthetic_20250706,synthetic,2025-07-06,adapted,2682,0.840488875,5.660189127,-1.809736268,3.275145358,2805.933607,2682,0.8793273604,0.840488875,0.8064884904,0.8744892596
synthetic_20250706,synthetic,2025-07-06,adapted,2683,0.8408022563,5.656659478,1.316464929,1.73307991,2807.666687,2683,0.8798704754,0.8408022563,0.8068018717,0.8748026409
synthetic_20250706,synthetic,2025-07-06,adapted,2684,0.8411156377,5.655383562,-0.5792347383,0.3355128821,2808.0022,2684,0.8799756189,0.8411156377,0.8071152531,0.8751160223
synthetic_20250706,synthetic,2025-07-06,adapted,2685,0.8414290191,5.653284518,0.6697761598,0.4486001042,2808.4508,2685,0.8801162018,0.8414290191,0.8074286345,0.8754294037
synthetic_20250706,synthetic,2025-07-06,adapted,2686,0.8417424005,5.650513204,-0.06748955947,0.004554840638,2808.455355,2686,0.8801176292,0.8417424005,0.8077420159,0.8757427851
synthetic_20250706,synthetic,2025-07-06,adapted,2687,0.8420557819,5.649378223,0.813853418,0.662357386,2809.117712,2687,0.8803251997,0.8420557819,0.8080553973,0.8760561665
synthetic_20250706,synthetic,2025-07-06,adapted,2688,0.8423691633,5.648085189,-0.3463720876,0.1199736231,2809.237686,2688,0.8803627972,0.8423691633,0.8083687787,0.8763695479
synthetic_20250706,synthetic,2025-07-06,adapted,2689,0.8426825447,5.646177149,-0.7392539485,0.5464964004,2809.784182,2689,0.880534059,0.8426825447,0.8086821601,0.8766829293
synthetic_20250706,synthetic,2025-07-06,adapted,2690,0.842995926,5.643895676,-1.232455694,1.518947039,2811.303129,2690,0.8810100687,0.842995926,0.8089955414,0.8769963106
synthetic_20250706,synthetic,2025-07-06,adapted,2691,0.8433093074,5.642956728,-0.927502937,0.8602616981,2812.163391,2691,0.8812796587,0.8433093074,0.8093089228,0.877309692
synthetic_20250706,synthetic,2025-07-06,adapted,2692,0.8436226888,5.641325984,0.7962173402,0.6339620528,2812.797353,2692,0.8814783306,0.8436226888,0.8096223042,0.8776230734
synthetic_20250706,synthetic,2025-07-06,adapted,2693,0.8439360702,5.638571248,0.3426895879,0.1174361536,2812.914789,2693,0.8815151329,0.8439360702,0.8099356856,0.8779364548
synthetic_20250706,synthetic,2025-07-06,adapted,2694,0.8442494516,5.637977159,-0.5646917389,0.31887676,2813.233666,2694,0.881615063,0.8442494516,0.810249067,0.8782498362
synthetic_20250706,synthetic,2025-07-06,adapted,2695,0.844562833,5.635457607,1.145084009,1.311217388,2814.544883,2695,0.8820259741,0.844562833,0.8105624484,0.8785632176
synthetic_20250706,synthetic,2025-07-06,adapted,2696,0.8448762144,5.635211824,-0.06988847725,0.004884399252,2814.549768,2696,0.8820275048,0.8448762144,0.8108758298,0.878876599
synthetic_20250706,synthetic,2025-07-06,adapted,2697,0.8451895957,5.633248652,1.008758296,1.0175933,2815.567361,2697,0.8823463996,0.8451895957,0.8111892111,0.8791899803
synthetic_20250706,synthetic,2025-07-06,adapted,2698,0.8455029771,5.632688131,-0.09598700493,0.009213505116,2815.576575,2698,0.8823492869,0.8455029771,0.8115025925,0.8795033617
synthetic_20250706,synthetic,2025-07-06,adapted,2699,0.8458163585,5.630775324,0.4180453566,0.1747619202,2815.751337,2699,0.8824040541,0.8458163585,0.8118159739,0.8798167431
synthetic_20250706,synthetic,2025-07-06,adapted,2700,0.8461297399,5.629899011,0.02095342136,0.0004390458667,2815.751776,2700,0.8824041917,0.8461297399,0.8121293553,0.8801301245
synthetic_20250706,synthetic,2025-07-06,adapted,2701,0.8464431213,5.627553595,-0.7336476748,0.5382389108,2816.290014,2701,0.8825728657,0.8464431213,0.8124427367,0.8804435059
synthetic_20250706,synthetic,2025-07-06,adapted,2702,0.8467565027,5.625132326,-0.993457316,0.9869574387,2817.276972,2702,0.8828821598,0.8467565027,0.8127561181,0.8807568873
synthetic_20250706,synthetic,2025-07-06,adapted,2703,0.847069884,5.625051135,1.327794461,1.763038131,2819.04001,2703,0.8834346631,0.847069884,0.8130694994,0.8810702686
synthetic_20250706,synthetic,2025-07-06,adapted,2704,0.8473832654,5.622657185,-1.7003626,2.891232972,2821.931243,2704,0.8843407217,0.8473832654,0.8133828808,0.88138365
synthetic_20250706,synthetic,2025-07-06,adapted,2705,0.8476966468,5.617686106,1.600280782,2.56089858,2824.492142,2705,0.8851432597,0.8476966468,0.8136962622,0.8816970314
synthetic_20250706,synthetic,2025-07-06,adapted,2706,0.8480100282,5.613810863,-0.1359517889,0.01848288892,2824.510624,2706,0.8851490519,0.8480100282,0.8140096436,0.8820104128
synthetic_20250706,synthetic,2025-07-06,adapted,2707,0.8483234096,5.610311492,-0.1312201683,0.01721873257,2824.527843,2707,0.8851544479,0.8483234096,0.814323025,0.8823237942
synthetic_20250706,synthetic,2025-07-06,adapted,2708,0.848636791,5.608463581,-0.6947688452,0.4827037482,2825.010547,2708,0.8853057183,0.848636791,0.8146364064,0.8826371756
synthetic_20250706,synthetic,2025-07-06,adapted,2709,0.8489501724,5.607785931,-0.9233033264,0.8524890325,2825.863036,2709,0.8855728725,0.8489501724,0.8149497878,0.882950557
synthetic_20250706,synthetic,2025-07-06,adapted,2710,0.8492635537,5.606237264,0.6336526979,0.4015157416,2826.264552,2710,0.8856987,0.8492635537,0.8152631691,0.8832639383
synthetic_20250706,synthetic,2025-07-06,adapted,2711,0.8495769351,5.605267331,-0.4242624581,0.1799986333,2826.44455,2711,0.8857551082,0.8495769351,0.8155765505,0.8835773197
synthetic_20250706,synthetic,2025-07-06,adapted,2712,0.8498903165,5.604400025,-0.1954458713,0.03819908863,2826.482749,2712,0.8857670791,0.8498903165,0.8158899319,0.8838907011
synthetic_20250706,synthetic,2025-07-06,adapted,2713,0.8502036979,5.601647955,1.282515739,1.644846621,2828.127596,2713,0.8862825434,0.8502036979,0.8162033133,0.8842040825
synthetic_20250706,synthetic,2025-07-06,adapted,2714,0.8505170793,5.600094188,0.8740842064,0.7640231999,2828.891619,2714,0.8865219741,0.8505170793,0.8165166947,0.8845174639
synthetic_20250706,synthetic,2025-07-06,adapted,2715,0.8508304607,5.595056617,-0.4184585678,0.175107573,2829.066727,2715,0.8865768495,0.8508304607,0.8168300761,0.8848308453
synthetic_20250706,synthetic,2025-07-06,adapted,2716,0.8511438421,5.594293756,-1.177640723,1.386837671,2830.453565,2716,0.8870114586,0.8511438421,0.8171434575,0.8851442267
synthetic_20250706,synthetic,2025-07-06,adapted,2717,0.8514572234,5.592722189,0.3253413413,0.1058469884,2830.559412,2717,0.8870446291,0.8514572234,0.8174568388,0.885457608
synthetic_20250706,synthetic,2025-07-06,adapted,2718,0.8517706048,5.591137803,-0.108780862,0.01183327595,2830.571245,2718,0.8870483374,0.8517706048,0.8177702202,0.8857709894
synthetic_20250706,synthetic,2025-07-06,adapted,2719,0.8520839862,5.590130754,-0.6023438647,0.3628181314,2830.934063,2719,0.8871620379,0.8520839862,0.8180836016,0.8860843708
synthetic_20250706,synthetic,2025-07-06,adapted,2720,0.8523973676,5.588048565,-1.38621115,1.921581351,2832.855644,2720,0.8877642257,0.8523973676,0.818396983,0.8863977522
synthetic_20250706,synthetic,2025-07-06,adapted,2721,0.852710749,5.587245575,1.046172787,1.094477501,2833.950122,2721,0.8881072146,0.852710749,0.8187103644,0.8867111336
synthetic_20250706,synthetic,2025-07-06,adapted,2722,0.8530241304,5.586946618,-1.149646634,1.321687383,2835.271809,2722,0.8885214068,0.8530241304,0.8190237458,0.887024515
synthetic_20250706,synthetic,2025-07-06,adapted,2723,0.8533375118,5.585152459,1.667724661,2.781305545,2838.053115,2723,0.8893930162,0.8533375118,0.8193371272,0.8873378964
synthetic_20250706,synthetic,2025-07-06,adapted,2724,0.8536508931,5.58366073,-1.981852122,3.927737833,2841.980853,2724,0.8906238961,0.8536508931,0.8196505085,0.8876512777
synthetic_20250706,synthetic,2025-07-06,adapted,2725,0.8539642745,5.582597658,-1.035887974,1.073063894,2843.053916,2725,0.8909601744,0.8539642745,0.8199638899,0.8879646591
synthetic_20250706,synthetic,2025-07-06,adapted,2726,0.8542776559,5.581959777,1.995514277,3.982077229,2847.035994,2726,0.8922080833,0.8542776559,0.8202772713,0.8882780405
synthetic_20250706,synthetic,2025-07-06,adapted,2727,0.8545910373,5.580886794,-0.5471076354,0.2993267648,2847.33532,2727,0.8923018867,0.8545910373,0.8205906527,0.8885914219
synthetic_20250706,synthetic,2025-07-06,adapted,2728,0.8549044187,5.580225811,0.9690012675,0.9389634564,2848.274284,2728,0.8925961404,0.8549044187,0.8209040341,0.8889048033
synthetic_20250706,synthetic,2025-07-06,adapted,2729,0.8552178001,5.579726781,0.5600526422,0.313658962,2848.587943,2729,0.8926944352,0.8552178001,0.8212174155,0.8892181847
synthetic_20250706,synthetic,2025-07-06,adapted,2730,0.8555311814,5.579140247,-1.503528777,2.260598782,2850.848542,2730,0.8934028648,0.8555311814,0.8215307968,0.889531566
synthetic_20250706,synthetic,2025-07-06,adapted,2731,0.8558445628,5.578239616,0.4303082958,0.1851652295,2851.033707,2731,0.8934608922,0.8558445628,0.8218441782,0.8898449474
synthetic_20250706,synthetic,2025-07-06,adapted,2732,0.8561579442,5.575881624,0.7574297123,0.573699769,2851.607407,2732,0.893640679,0.8561579442,0.8221575596,0.8901583288
synthetic_20250706,synthetic,2025-07-06,adapted,2733,0.8564713256,5.57530609,0.3660233994,0.1339731289,2851.74138,2733,0.8936826637,0.8564713256,0.822470941,0.8904717102
synthetic_20250706,synthetic,2025-07-06,adapted,2734,0.856784707,5.572607522,-0.5826956392,0.3395342079,2852.080914,2734,0.8937890674,0.856784707,0.8227843224,0.8907850916
synthetic_20250706,synthetic,2025-07-06,adapted,2735,0.8570980884,5.570263161,-0.6427196502,0.4130885488,2852.494003,2735,0.8939185216,0.8570980884,0.8230977038,0.891098473
synthetic_20250706,synthetic,2025-07-06,adapted,2736,0.8574114698,5.568361747,0.06206455098,0.003852008489,2852.497855,2736,0.8939197288,0.8574114698,0.8234110852,0.8914118544
synthetic_20250706,synthetic,2025-07-06,adapted,2737,0.8577248511,5.565757376,-0.5310675845,0.2820327793,2852.779887,2737,0.8940081126,0.8577248511,0.8237244665,0.8917252357
synthetic_20250706,synthetic,2025-07-06,adapted,2738,0.8580382325,5.563292716,-0.8431541396,0.7109089031,2853.490796,2738,0.8942308982,0.8580382325,0.8240378479,0.8920386171
synthetic_20250706,synthetic,2025-07-06,adapted,2739,0.8583516139,5.563028612,-0.7144967237,0.5105055681,2854.001302,2739,0.8943908812,0.8583516139,0.8243512293,0.8923519985
synthetic_20250706,synthetic,2025-07-06,adapted,2740,0.8586649953,5.559194754,-0.5059419828,0.2559772899,2854.257279,2740,0.8944710997,0.8586649953,0.8246646107,0.8926653799
synthetic_20250706,synthetic,2025-07-06,adapted,2741,0.8589783767,5.558424542,0.4460950782,0.1990008188,2854.45628,2741,0.8945334628,0.8589783767,0.8249779921,0.8929787613
synthetic_20250706,synthetic,2025-07-06,adapted,2742,0.8592917581,5.554909221,-0.4205929439,0.1768984245,2854.633178,2742,0.8945888995,0.8592917581,0.8252913735,0.8932921427
synthetic_20250706,synthetic,2025-07-06,adapted,2743,0.8596051395,5.550107712,0.3016086921,0.09096780316,2854.724146,2743,0.8946174071,0.8596051395,0.8256047549,0.8936055241
synthetic_20250706,synthetic,2025-07-06,adapted,2744,0.8599185208,5.54854752,0.769839569,0.592652962,2855.316799,2744,0.8948031335,0.8599185208,0.8259181362,0.8939189054
synthetic_20250706,synthetic,2025-07-06,adapted,2745,0.8602319022,5.543003707,-0.143863006,0.0206965645,2855.337496,2745,0.8948096194,0.8602319022,0.8262315176,0.8942322868
synthetic_20250706,synthetic,2025-07-06,adapted,2746,0.8605452836,5.540407195,0.5323134218,0.283357579,2855.620853,2746,0.8948984184,0.8605452836,0.826544899,0.8945456682
synthetic_20250706,synthetic,2025-07-06,adapted,2747,0.860858665,5.538831892,-0.8831930663,0.7800299923,2856.400883,2747,0.8951428653,0.860858665,0.8268582804,0.8948590496
synthetic_20250706,synthetic,2025-07-06,adapted,2748,0.8611720464,5.536632409,0.6358369858,0.4042886725,2856.805172,2748,0.8952695619,0.8611720464,0.8271716618,0.895172431
synthetic_20250706,synthetic,2025-07-06,adapted,2749,0.8614854278,5.536375755,-1.382390666,1.911003954,2858.716176,2749,0.8958684349,0.8614854278,0.8274850432,0.8954858124
synthetic_20250706,synthetic,2025-07-06,adapted,2750,0.8617988092,5.534155459,-0.007315137918,5.351124276e-05,2858.716229,2750,0.8958684517,0.8617988092,0.8277984246,0.8957991938
synthetic_20250706,synthetic,2025-07-06,adapted,2751,0.8621121905,5.532630912,-0.8520259717,0.7259482564,2859.442178,2751,0.8960959504,0.8621121905,0.8281118059,0.8961125751
synthetic_20250706,synthetic,2025-07-06,adapted,2752,0.8624255719,5.531802808,-0.2470678829,0.06104253875,2859.50322,2752,0.89611508,0.8624255719,0.8284251873,0.8964259565
synthetic_20250706,synthetic,2025-07-06,adapted,2753,0.8627389533,5.531648728,-0.02582611868,0.0006669884063,2859.503887,2753,0.896115289,0.8627389533,0.8287385687,0.8967393379
synthetic_20250706,synthetic,2025-07-06,adapted,2754,0.8630523347,5.530192416,0.03193841535,0.001020062375,2859.504907,2754,0.8961156086,0.8630523347,0.8290519501,0.8970527193
synthetic_20250706,synthetic,2025-07-06,adapted,2755,0.8633657161,5.527456425,-0.2864120781,0.08203187847,2859.586939,2755,0.8961413159,0.8633657161,0.8293653315,0.8973661007
synthetic_20250706,synthetic,2025-07-06,adapted,2756,0.8636790975,5.525926705,0.5875604817,0.3452273196,2859.932166,2756,0.8962495037,0.8636790975,0.8296787129,0.8976794821
synthetic_20250706,synthetic,2025-07-06,adapted,2757,0.8639924788,5.524796359,1.344319537,1.807195018,2861.739361,2757,0.896815845,0.8639924788,0.8299920942,0.8979928634
synthetic_20250706,synthetic,2025-07-06,adapted,2758,0.8643058602,5.52312808,0.614729654,0.3778925475,2862.117254,2758,0.8969342695,0.8643058602,0.8303054756,0.8983062448
synthetic_20250706,synthetic,2025-07-06,adapted,2759,0.8646192416,5.522733744,-0.1236087451,0.01527912187,2862.132533,2759,0.8969390577,0.8646192416,0.830618857,0.8986196262
synthetic_20250706,synthetic,2025-07-06,adapted,2760,0.864932623,5.52220347,1.392573041,1.939259676,2864.071793,2760,0.8975467856,0.864932623,0.8309322384,0.8989330076
synthetic_20250706,synthetic,2025-07-06,adapted,2761,0.8652460044,5.52034384,0.6829733933,0.4664526559,2864.538245,2761,0.8976929631,0.8652460044,0.8312456198,0.899246389
synthetic_20250706,synthetic,2025-07-06,adapted,2762,0.8655593858,5.517796842,-0.2994063392,0.08964415595,2864.62789,2762,0.897721056,0.8655593858,0.8315590012,0.8995597704
synthetic_20250706,synthetic,2025-07-06,adapted,2763,0.8658727672,5.515366142,1.302838407,1.697387916,2866.325277,2763,0.8982529857,0.8658727672,0.8318723826,0.8998731518
synthetic_20250706,synthetic,2025-07-06,adapted,2764,0.8661861485,5.514975645,2.580234698,6.657611094,2872.982889,2764,0.9003393571,0.8661861485,0.8321857639,0.9001865331
synthetic_20250706,synthetic,2025-07-06,adapted,2765,0.8664995299,5.514454478,-0.08643271907,0.007470614926,2872.990359,2765,0.9003416983,0.8664995299,0.8324991453,0.9004999145
synthetic_20250706,synthetic,2025-07-06,adapted,2766,0.8668129113,5.51278368,-1.13968695,1.298886344,2874.289246,2766,0.9007487451,0.8668129113,0.8328125267,0.9008132959
synthetic_20250706,synthetic,2025-07-06,adapted,2767,0.8671262927,5.51235138,2.210994482,4.888496599,2879.177742,2767,0.9022807089,0.8671262927,0.8331259081,0.9011266773
synthetic_20250706,synthetic,2025-07-06,adapted,2768,0.8674396741,5.511978387,0.02630294753,0.0006918450489,2879.178434,2768,0.9022809257,0.8674396741,0.8334392895,0.9014400587
synthetic_20250706,synthetic,2025-07-06,adapted,2769,0.8677530555,5.510242051,-0.8490101498,0.7208182345,2879.899252,2769,0.9025068167,0.8677530555,0.8337526709,0.9017534401
synthetic_20250706,synthetic,2025-07-06,adapted,2770,0.8680664369,5.508683581,-0.8184527688,0.6698649348,2880.569117,2770,0.9027167399,0.8680664369,0.8340660523,0.9020668215
synthetic_20250706,synthetic,2025-07-06,adapted,2771,0.8683798182,5.507534125,0.09276004723,0.008604426362,2880.577722,2771,0.9027194364,0.8683798182,0.8343794336,0.9023802028
synthetic_20250706,synthetic,2025-07-06,adapted,2772,0.8686931996,5.50580236,-0.1341075982,0.0179848479,2880.595706,2772,0.9027250725,0.8686931996,0.834692815,0.9026935842
synthetic_20250706,synthetic,2025-07-06,adapted,2773,0.869006581,5.505525878,-0.2804491296,0.07865171431,2880.674358,2773,0.9027497205,0.869006581,0.8350061964,0.9030069656
synthetic_20250706,synthetic,2025-07-06,adapted,2774,0.8693199624,5.504871838,1.067379421,1.139298828,2881.813657,2774,0.9031067555,0.8693199624,0.8353195778,0.903320347
synthetic_20250706,synthetic,2025-07-06,adapted,2775,0.8696333438,5.503340142,-1.789547136,3.202478952,2885.016136,2775,0.9041103528,0.8696333438,0.8356329592,0.9036337284
synthetic_20250706,synthetic,2025-07-06,adapted,2776,0.8699467252,5.500818412,-0.3594598728,0.1292114001,2885.145347,2776,0.9041508453,0.8699467252,0.8359463406,0.9039471098
synthetic_20250706,synthetic,2025-07-06,adapted,2777,0.8702601065,5.497560282,0.02826702738,0.0007990248367,2885.146146,2777,0.9041510957,0.8702601065,0.8362597219,0.9042604911
synthetic_20250706,synthetic,2025-07-06,adapted,2778,0.8705734879,5.495687029,0.8133435651,0.6615277548,2885.807674,2778,0.9043584062,0.8705734879,0.8365731033,0.9045738725
synthetic_20250706,synthetic,2025-07-06,adapted,2779,0.8708868693,5.493723405,-0.03232910372,0.001045170947,2885.808719,2779,0.9043587337,0.8708868693,0.8368864847,0.9048872539
synthetic_20250706,synthetic,2025-07-06,adapted,2780,0.8712002507,5.49142234,-1.300672912,1.691750024,2887.500469,2780,0.9048888967,0.8712002507,0.8371998661,0.9052006353
synthetic_20250706,synthetic,2025-07-06,adapted,2781,0.8715136321,5.490261238,0.1599432607,0.02558184665,2887.526051,2781,0.9048969135,0.8715136321,0.8375132475,0.9055140167
synthetic_20250706,synthetic,2025-07-06,adapted,2782,0.8718270135,5.489809716,-0.05430830176,0.00294939164,2887.529001,2782,0.9048978378,0.8718270135,0.8378266289,0.9058273981
synthetic_20250706,synthetic,2025-07-06,adapted,2783,0.8721403949,5.488479107,0.9692427402,0.9394314894,2888.468432,2783,0.9051922382,0.8721403949,0.8381400103,0.9061407795
synthetic_20250706,synthetic,2025-07-06,adapted,2784,0.8724537762,5.486463143,-0.01108109596,0.0001227906876,2888.468555,2784,0.9051922767,0.8724537762,0.8384533916,0.9064541608
synthetic_20250706,synthetic,2025-07-06,adapted,2785,0.8727671576,5.486301414,-1.021407573,1.043273429,2889.511828,2785,0.9055192191,0.8727671576,0.838766773,0.9067675422
synthetic_20250706,synthetic,2025-07-06,adapted,2786,0.873080539,5.485037233,0.3657816145,0.1337961895,2889.645624,2786,0.9055611484,0.873080539,0.8390801544,0.9070809236
synthetic_20250706,synthetic,2025-07-06,adapted,2787,0.8733939204,5.483039576,-0.6836089209,0.4673211567,2890.112946,2787,0.9057075981,0.8733939204,0.8393935358,0.907394305
synthetic_20250706,synthetic,2025-07-06,adapted,2788,0.8737073018,5.480871168,0.6824192231,0.465695996,2890.578642,2788,0.9058535386,0.8737073018,0.8397069172,0.9077076864
synthetic_20250706,synthetic,2025-07-06,adapted,2789,0.8740206832,5.479841253,-0.5809115125,0.3374581854,2890.9161,2789,0.9059592917,0.8740206832,0.8400202986,0.9080210678
synthetic_20250706,synthetic,2025-07-06,adapted,2790,0.8743340646,5.477904244,0.5291416322,0.2799908669,2891.196091,2790,0.9060470356,0.8743340646,0.84033368,0.9083344492
synthetic_20250706,synthetic,2025-07-06,adapted,2791,0.8746474459,5.476539125,1.567621852,2.457438271,2893.653529,2791,0.906817151,0.8746474459,0.8406470613,0.9086478305
synthetic_20250706,synthetic,2025-07-06,adapted,2792,0.8749608273,5.474712013,-0.2823447561,0.07971856131,2893.733247,2792,0.9068421333,0.8749608273,0.8409604427,0.9089612119
synthetic_20250706,synthetic,2025-07-06,adapted,2793,0.8752742087,5.473967316,-1.936670074,3.750690974,2897.483938,2793,0.9080175301,0.8752742087,0.8412738241,0.9092745933
synthetic_20250706,synthetic,2025-07-06,adapted,2794,0.8755875901,5.47315914,-0.6357946488,0.4042348354,2897.888173,2794,0.9081442097,0.8755875901,0.8415872055,0.9095879747
synthetic_20250706,synthetic,2025-07-06,adapted,2795,0.8759009715,5.47059134,-0.05219171655,0.002723975276,2897.890897,2795,0.9081450634,0.8759009715,0.8419005869,0.9099013561
synthetic_20250706,synthetic,2025-07-06,adapted,2796,0.8762143529,5.469906582,-0.7136097732,0.5092389084,2898.400136,2796,0.9083046494,0.8762143529,0.8422139683,0.9102147375
synthetic_20250706,synthetic,2025-07-06,adapted,2797,0.8765277343,5.468699146,-1.531477851,2.345424408,2900.745561,2797,0.9090396617,0.8765277343,0.8425273497,0.9105281189
synthetic_20250706,synthetic,2025-07-06,adapted,2798,0.8768411156,5.466610065,0.2495583629,0.06227937651,2900.80784,2798,0.9090591789,0.8768411156,0.842840731,0.9108415002
synthetic_20250706,synthetic,2025-07-06,adapted,2799,0.877154497,5.464295475,1.617269215,2.615559715,2903.4234,2799,0.9098788466,0.877154497,0.8431541124,0.9111548816
synthetic_20250706,synthetic,2025-07-06,adapted,2800,0.8774678784,5.462997378,-0.3485696876,0.1215008271,2903.5449,2800,0.9099169227,0.8774678784,0.8434674938,0.911468263
synthetic_20250706,synthetic,2025-07-06,adapted,2801,0.8777812598,5.462207881,-0.3487733479,0.1216428482,2903.666543,2801,0.9099550433,0.8777812598,0.8437808752,0.9117816444
synthetic_20250706,synthetic,2025-07-06,adapted,2802,0.8780946412,5.460063753,0.1817186385,0.03302166359,2903.699565,2802,0.9099653917,0.8780946412,0.8440942566,0.9120950258
synthetic_20250706,synthetic,2025-07-06,adapted,2803,0.8784080226,5.456948209,-0.700428813,0.4906005221,2904.190166,2803,0.9101191368,0.8784080226,0.844407638,0.9124084072
synthetic_20250706,synthetic,2025-07-06,adapted,2804,0.8787214039,5.455553133,0.4525484972,0.2048001424,2904.394966,2804,0.9101833173,0.8787214039,0.8447210193,0.9127217885
synthetic_20250706,synthetic,2025-07-06,adapted,2805,0.8790347853,5.453577082,1.699672339,2.888886059,2907.283852,2805,0.9110886405,0.8790347853,0.8450344007,0.9130351699
synthetic_20250706,synthetic,2025-07-06,adapted,2806,0.8793481667,5.450211092,0.1367193264,0.01869217421,2907.302544,2806,0.9110944982,0.8793481667,0.8453477821,0.9133485513
synthetic_20250706,synthetic,2025-07-06,adapted,2807,0.8796615481,5.448123886,-1.261987761,1.592613109,2908.895157,2807,0.9115935935,0.8796615481,0.8456611635,0.9136619327
synthetic_20250706,synthetic,2025-07-06,adapted,2808,0.8799749295,5.445708654,0.4048550246,0.1639075909,2909.059065,2808,0.9116449591,0.8799749295,0.8459745449,0.9139753141
synthetic_20250706,synthetic,2025-07-06,adapted,2809,0.8802883109,5.444060218,1.46483946,2.145754642,2911.204819,2809,0.9123173987,0.8802883109,0.8462879263,0.9142886955
synthetic_20250706,synthetic,2025-07-06,adapted,2810,0.8806016923,5.441118496,0.2115687083,0.04476131832,2911.249581,2810,0.9123314261,0.8806016923,0.8466013077,0.9146020769
synthetic_20250706,synthetic,2025-07-06,adapted,2811,0.8809150736,5.439055199,-0.7965721657,0.6345272152,2911.884108,2811,0.9125302751,0.8809150736,0.846914689,0.9149154582
synthetic_20250706,synthetic,2025-07-06,adapted,2812,0.881228455,5.436201281,-0.5636031061,0.3176484612,2912.201756,2812,0.9126298202,0.881228455,0.8472280704,0.9152288396
synthetic_20250706,synthetic,2025-07-06,adapted,2813,0.8815418364,5.435874078,-0.2866024455,0.08214096176,2912.283897,2813,0.9126555616,0.8815418364,0.8475414518,0.915542221
synthetic_20250706,synthetic,2025-07-06,adapted,2814,0.8818552178,5.434361304,1.295745306,1.678955899,2913.962853,2814,0.9131817152,0.8818552178,0.8478548332,0.9158556024
synthetic_20250706,synthetic,2025-07-06,adapted,2815,0.8821685992,5.433831714,0.0238097024,0.0005669019285,2913.96342,2815,0.9131818928,0.8821685992,0.8481682146,0.9161689838
synthetic_20250706,synthetic,2025-07-06,adapted,2816,0.8824819806,5.433326386,-0.7894063559,0.6231623948,2914.586582,2816,0.9133771803,0.8824819806,0.848481596,0.9164823652
synthetic_20250706,synthetic,2025-07-06,adapted,2817,0.882795362,5.432669244,-1.417315175,2.008782305,2916.595365,2817,0.9140066953,0.882795362,0.8487949774,0.9167957466
synthetic_20250706,synthetic,2025-07-06,adapted,2818,0.8831087433,5.431046597,-1.523345201,2.320580601,2918.915945,2818,0.9147339221,0.8831087433,0.8491083587,0.9171091279
synthetic_20250706,synthetic,2025-07-06,adapted,2819,0.8834221247,5.429422558,0.1233621504,0.01521822014,2918.931164,2819,0.9147386912,0.8834221247,0.8494217401,0.9174225093
synthetic_20250706,synthetic,2025-07-06,adapted,2820,0.8837355061,5.427004528,-0.9994941726,0.9989886011,2919.930152,2820,0.9150517556,0.8837355061,0.8497351215,0.9177358907
synthetic_20250706,synthetic,2025-07-06,adapted,2821,0.8840488875,5.422573833,-0.08861664721,0.007852910162,2919.938005,2821,0.9150542166,0.8840488875,0.8500485029,0.9180492721
synthetic_20250706,synthetic,2025-07-06,adapted,2822,0.8843622689,5.42130909,-0.02486946366,0.0006184902227,2919.938624,2822,0.9150544104,0.8843622689,0.8503618843,0.9183626535
synthetic_20250706,synthetic,2025-07-06,adapted,2823,0.8846756503,5.419986181,0.939906457,0.8834241479,2920.822048,2823,0.9153312591,0.8846756503,0.8506752657,0.9186760349
synthetic_20250706,synthetic,2025-07-06,adapted,2824,0.8849890317,5.419414057,1.000724647,1.001449818,2921.823497,2824,0.9156450948,0.8849890317,0.8509886471,0.9189894163
synthetic_20250706,synthetic,2025-07-06,adapted,2825,0.885302413,5.418919849,0.8908593148,0.7936303188,2922.617128,2825,0.9158938038,0.885302413,0.8513020284,0.9193027976
synthetic_20250706,synthetic,2025-07-06,adapted,2826,0.8856157944,5.418426225,1.405365632,1.975052559,2924.59218,2826,0.9165127485,0.8856157944,0.8516154098,0.919616179
synthetic_20250706,synthetic,2025-07-06,adapted,2827,0.8859291758,5.417311967,-0.3200284181,0.1024181884,2924.694599,2827,0.9165448444,0.8859291758,0.8519287912,0.9199295604
synthetic_20250706,synthetic,2025-07-06,adapted,2828,0.8862425572,5.415824916,-2.313910118,5.354180033,2930.048779,2828,0.9182227448,0.8862425572,0.8522421726,0.9202429418
synthetic_20250706,synthetic,2025-07-06,adapted,2829,0.8865559386,5.408185404,0.0915641172,0.008383987559,2930.057163,2829,0.9182253722,0.8865559386,0.852555554,0.9205563232
synthetic_20250706,synthetic,2025-07-06,adapted,2830,0.88686932,5.406214486,0.02475037706,0.0006125811646,2930.057775,2830,0.9182255641,0.88686932,0.8528689354,0.9208697046
synthetic_20250706,synthetic,2025-07-06,adapted,2831,0.8871827013,5.402620419,-0.1505113482,0.02265366595,2930.080429,2831,0.9182326634,0.8871827013,0.8531823167,0.9211830859
synthetic_20250706,synthetic,2025-07-06,adapted,2832,0.8874960827,5.40197219,-0.2447337125,0.05989459001,2930.140323,2832,0.9182514332,0.8874960827,0.8534956981,0.9214964673
synthetic_20250706,synthetic,2025-07-06,adapted,2833,0.8878094641,5.399097315,0.5073136903,0.2573671804,2930.397691,2833,0.9183320873,0.8878094641,0.8538090795,0.9218098487
synthetic_20250706,synthetic,2025-07-06,adapted,2834,0.8881228455,5.396541973,-0.4890804025,0.2391996401,2930.63689,2834,0.918407048,0.8881228455,0.8541224609,0.9221232301
synthetic_20250706,synthetic,2025-07-06,adapted,2835,0.8884362269,5.393928653,-1.88324679,3.546618471,2934.183509,2835,0.9195184922,0.8884362269,0.8544358423,0.9224366115
synthetic_20250706,synthetic,2025-07-06,adapted,2836,0.8887496083,5.391214214,0.1986353723,0.03945601113,2934.222965,2836,0.919530857,0.8887496083,0.8547492237,0.9227499929
synthetic_20250706,synthetic,2025-07-06,adapted,2837,0.8890629897,5.390604976,0.0137490951,0.0001890376161,2934.223154,2837,0.9195309162,0.8890629897,0.8550626051,0.9230633743
synthetic_20250706,synthetic,2025-07-06,adapted,2838,0.889376371,5.389131032,1.01227465,1.024699967,2935.247854,2838,0.9198520381,0.889376371,0.8553759864,0.9233767556
synthetic_20250706,synthetic,2025-07-06,adapted,2839,0.8896897524,5.38839997,-0.5690867506,0.3238597297,2935.571713,2839,0.9199535298,0.8896897524,0.8556893678,0.923690137
synthetic_20250706,synthetic,2025-07-06,adapted,2840,0.8900031338,5.38596179,-0.8931645728,0.7977429541,2936.369456,2840,0.9202035275,0.8900031338,0.8560027492,0.9240035184
synthetic_20250706,synthetic,2025-07-06,adapted,2841,0.8903165152,5.380558672,0.9970956484,0.994199732,2937.363656,2841,0.9205150912,0.8903165152,0.8563161306,0.9243168998
synthetic_20250706,synthetic,2025-07-06,adapted,2842,0.8906298966,5.379405397,2.924859803,8.554804864,2945.918461,2842,0.9231960078,0.8906298966,0.856629512,0.9246302812
synthetic_20250706,synthetic,2025-07-06,adapted,2843,0.890943278,5.378076224,0.119499163,0.01428004995,2945.932741,2843,0.9232004829,0.890943278,0.8569428934,0.9249436626
synthetic_20250706,synthetic,2025-07-06,adapted,2844,0.8912566594,5.376109265,-0.8313974596,0.6912217358,2946.623963,2844,0.923417099,0.8912566594,0.8572562748,0.925257044
synthetic_20250706,synthetic,2025-07-06,adapted,2845,0.8915700407,5.373454936,-0.5279982487,0.2787821507,2946.902745,2845,0.9235044641,0.8915700407,0.8575696561,0.9255704253
synthetic_20250706,synthetic,2025-07-06,adapted,2846,0.8918834221,5.371891116,1.220338359,1.489225711,2948.391971,2846,0.9239711597,0.8918834221,0.8578830375,0.9258838067
synthetic_20250706,synthetic,2025-07-06,adapted,2847,0.8921968035,5.36943932,1.997835365,3.991346145,2952.383317,2847,0.9252219733,0.8921968035,0.8581964189,0.9261971881
synthetic_20250706,synthetic,2025-07-06,adapted,2848,0.8925101849,5.369231975,0.5118538895,0.2619944042,2952.645311,2848,0.9253040775,0.8925101849,0.8585098003,0.9265105695
synthetic_20250706,synthetic,2025-07-06,adapted,2849,0.8928235663,5.36698223,1.02270345,1.045922346,2953.691234,2849,0.9256318501,0.8928235663,0.8588231817,0.9268239509
synthetic_20250706,synthetic,2025-07-06,adapted,2850,0.8931369477,5.366276898,0.2572479329,0.066176499,2953.75741,2850,0.9256525885,0.8931369477,0.8591365631,0.9271373323
synthetic_20250706,synthetic,2025-07-06,adapted,2851,0.8934503291,5.363787177,1.559150231,2.430949442,2956.188359,2851,0.9264144028,0.8934503291,0.8594499445,0.9274507137
synthetic_20250706,synthetic,2025-07-06,adapted,2852,0.8937637104,5.360886668,-0.4630715576,0.2144352674,2956.402795,2852,0.9264816029,0.8937637104,0.8597633258,0.927764095
synthetic_20250706,synthetic,2025-07-06,adapted,2853,0.8940770918,5.359328915,-1.121355429,1.257437998,2957.660233,2853,0.9268756605,0.8940770918,0.8600767072,0.9280774764
synthetic_20250706,synthetic,2025-07-06,adapted,2854,0.8943904732,5.356953154,0.1300099488,0.01690258678,2957.677135,2854,0.9268809575,0.8943904732,0.8603900886,0.9283908578
synthetic_20250706,synthetic,2025-07-06,adapted,2855,0.8947038546,5.354967994,-0.522115715,0.2726048199,2957.94974,2855,0.9269663868,0.8947038546,0.86070347,0.9287042392
synthetic_20250706,synthetic,2025-07-06,adapted,2856,0.895017236,5.354946872,1.095785033,1.200744837,2959.150485,2856,0.9273426778,0.895017236,0.8610168514,0.9290176206
synthetic_20250706,synthetic,2025-07-06,adapted,2857,0.8953306174,5.350749201,-0.1690518396,0.02857852447,2959.179064,2857,0.9273516338,0.8953306174,0.8613302328,0.929331002
synthetic_20250706,synthetic,2025-07-06,adapted,2858,0.8956439987,5.349225328,0.8177977889,0.6687932235,2959.847857,2858,0.9275612212,0.8956439987,0.8616436141,0.9296443833
synthetic_20250706,synthetic,2025-07-06,adapted,2859,0.8959573801,5.347193746,0.2905364962,0.08441145562,2959.932268,2859,0.9275876741,0.8959573801,0.8619569955,0.9299577647
synthetic_20250706,synthetic,2025-07-06,adapted,2860,0.8962707615,5.34589231,-0.8261660714,0.6825503775,2960.614819,2860,0.9278015727,0.8962707615,0.8622703769,0.9302711461
synthetic_20250706,synthetic,2025-07-06,adapted,2861,0.8965841429,5.344543538,-0.07210899549,0.005199707231,2960.620018,2861,0.9278032022,0.8965841429,0.8625837583,0.9305845275
synthetic_20250706,synthetic,2025-07-06,adapted,2862,0.8968975243,5.343851469,0.1421890744,0.02021773288,2960.640236,2862,0.9278095381,0.8968975243,0.8628971397,0.9308979089
synthetic_20250706,synthetic,2025-07-06,adapted,2863,0.8972109057,5.343254428,-1.160154284,1.345957963,2961.986194,2863,0.9282313362,0.8972109057,0.8632105211,0.9312112903
synthetic_20250706,synthetic,2025-07-06,adapted,2864,0.8975242871,5.341849111,-1.441442709,2.077757084,2964.063951,2864,0.9288824666,0.8975242871,0.8635239025,0.9315246717
synthetic_20250706,synthetic,2025-07-06,adapted,2865,0.8978376684,5.340071479,1.604322902,2.573851973,2966.637803,2865,0.9296890639,0.8978376684,0.8638372838,0.931838053
synthetic_20250706,synthetic,2025-07-06,adapted,2866,0.8981510498,5.338300551,0.05430951938,0.002949523895,2966.640753,2866,0.9296899883,0.8981510498,0.8641506652,0.9321514344
synthetic_20250706,synthetic,2025-07-06,adapted,2867,0.8984644312,5.336789234,0.5233386217,0.2738833129,2966.914636,2867,0.9297758182,0.8984644312,0.8644640466,0.9324648158
synthetic_20250706,synthetic,2025-07-06,adapted,2868,0.8987778126,5.33597375,0.1805331936,0.032592234,2966.947228,2868,0.929786032,0.8987778126,0.864777428,0.9327781972
synthetic_20250706,synthetic,2025-07-06,adapted,2869,0.899091194,5.333407356,0.6193041463,0.3835376256,2967.330766,2869,0.9299062255,0.899091194,0.8650908094,0.9330915786
synthetic_20250706,synthetic,2025-07-06,adapted,2870,0.8994045754,5.330562984,0.4807502868,0.2311208383,2967.561887,2870,0.9299786545,0.8994045754,0.8654041908,0.93340496
synthetic_20250706,synthetic,2025-07-06,adapted,2871,0.8997179568,5.325620224,0.08357742075,0.00698518526,2967.568872,2871,0.9299808435,0.8997179568,0.8657175722,0.9337183414
synthetic_20250706,synthetic,2025-07-06,adapted,2872,0.9000313381,5.322513473,1.212111215,1.469213598,2969.038085,2872,0.9304412677,0.9000313381,0.8660309535,0.9340317227
synthetic_20250706,synthetic,2025-07-06,adapted,2873,0.9003447195,5.321654153,1.350779889,1.824606309,2970.862692,2873,0.9310130654,0.9003447195,0.8663443349,0.9343451041
synthetic_20250706,synthetic,2025-07-06,adapted,2874,0.9006581009,5.320142927,-0.3135786929,0.09833159664,2970.961023,2874,0.9310438807,0.9006581009,0.8666577163,0.9346584855
synthetic_20250706,synthetic,2025-07-06,adapted,2875,0.9009714823,5.318288232,0.1327285263,0.0176168617,2970.97864,2875,0.9310494015,0.9009714823,0.8669710977,0.9349718669
synthetic_20250706,synthetic,2025-07-06,adapted,2876,0.9012848637,5.316115926,0.7060599914,0.4985207115,2971.477161,2876,0.9312056286,0.9012848637,0.8672844791,0.9352852483
synthetic_20250706,synthetic,2025-07-06,adapted,2877,0.9015982451,5.315708513,-0.7135703149,0.5091825944,2971.986343,2877,0.9313651969,0.9015982451,0.8675978605,0.9355986297
synthetic_20250706,synthetic,2025-07-06,adapted,2878,0.9019116264,5.314352717,-0.8254627689,0.6813887828,2972.667732,2878,0.9315787315,0.9019116264,0.8679112418,0.935912011
synthetic_20250706,synthetic,2025-07-06,adapted,2879,0.9022250078,5.31322531,0.155214699,0.02409160279,2972.691824,2879,0.9315862814,0.9022250078,0.8682246232,0.9362253924
synthetic_20250706,synthetic,2025-07-06,adapted,2880,0.9025383892,5.312802547,1.958539363,3.835876435,2976.5277,2880,0.9327883736,0.9025383892,0.8685380046,0.9365387738
synthetic_20250706,synthetic,2025-07-06,adapted,2881,0.9028517706,5.310304287,-0.5945104552,0.3534426813,2976.881143,2881,0.932899136,0.9028517706,0.868851386,0.9368521552
synthetic_20250706,synthetic,2025-07-06,adapted,2882,0.903165152,5.307011833,-0.4557069209,0.2076687977,2977.088812,2882,0.9329642155,0.903165152,0.8691647674,0.9371655366
synthetic_20250706,synthetic,2025-07-06,adapted,2883,0.9034785334,5.305942008,0.2747951048,0.07551234961,2977.164324,2883,0.9329878797,0.9034785334,0.8694781488,0.937478918
synthetic_20250706,synthetic,2025-07-06,adapted,2884,0.9037919148,5.305561019,-0.4454317373,0.1984094326,2977.362733,2884,0.9330500575,0.9037919148,0.8697915302,0.9377922994
synthetic_20250706,synthetic,2025-07-06,adapted,2885,0.9041052961,5.303947453,-0.6808934299,0.4636158629,2977.826349,2885,0.9331953461,0.9041052961,0.8701049115,0.9381056807
synthetic_20250706,synthetic,2025-07-06,adapted,2886,0.9044186775,5.300339483,-0.8667450982,0.7512470652,2978.577596,2886,0.9334307729,0.9044186775,0.8704182929,0.9384190621
synthetic_20250706,synthetic,2025-07-06,adapted,2887,0.9047320589,5.298374461,0.4551082426,0.2071235124,2978.78472,2887,0.9334956816,0.9047320589,0.8707316743,0.9387324435
synthetic_20250706,synthetic,2025-07-06,adapted,2888,0.9050454403,5.296186704,-0.8104210789,0.6567823251,2979.441502,2888,0.9337015049,0.9050454403,0.8710450557,0.9390458249
synthetic_20250706,synthetic,2025-07-06,adapted,2889,0.9053588217,5.293869575,-0.2511485238,0.063075581,2979.504578,2889,0.9337212717,0.9053588217,0.8713584371,0.9393592063
synthetic_20250706,synthetic,2025-07-06,adapted,2890,0.9056722031,5.292445347,-0.8605691281,0.7405792242,2980.245157,2890,0.9339533554,0.9056722031,0.8716718185,0.9396725877
synthetic_20250706,synthetic,2025-07-06,adapted,2891,0.9059855845,5.288514914,0.1253058229,0.01570154926,2980.260859,2891,0.933958276,0.9059855845,0.8719851999,0.9399859691
synthetic_20250706,synthetic,2025-07-06,adapted,2892,0.9062989658,5.287622548,-1.726520551,2.980873213,2983.241732,2892,0.9348924261,0.9062989658,0.8722985812,0.9402993504
synthetic_20250706,synthetic,2025-07-06,adapted,2893,0.9066123472,5.287029087,0.258547206,0.06684665771,2983.308578,2893,0.9349133746,0.9066123472,0.8726119626,0.9406127318
synthetic_20250706,synthetic,2025-07-06,adapted,2894,0.9069257286,5.286541072,-0.8222404394,0.6760793402,2983.984658,2894,0.9351252453,0.9069257286,0.872925344,0.9409261132
synthetic_20250706,synthetic,2025-07-06,adapted,2895,0.90723911,5.282499862,-0.1591476218,0.02532796551,2984.009986,2895,0.9351331826,0.90723911,0.8732387254,0.9412394946
synthetic_20250706,synthetic,2025-07-06,adapted,2896,0.9075524914,5.279581984,0.3578616616,0.1280649688,2984.138051,2896,0.9351733158,0.9075524914,0.8735521068,0.941552876
synthetic_20250706,synthetic,2025-07-06,adapted,2897,0.9078658728,5.279176903,0.3999204756,0.1599363868,2984.297987,2897,0.9352234369,0.9078658728,0.8738654882,0.9418662574
synthetic_20250706,synthetic,2025-07-06,adapted,2898,0.9081792542,5.2777301,1.617035825,2.61480486,2986.912792,2898,0.9360428681,0.9081792542,0.8741788696,0.9421796388
synthetic_20250706,synthetic,2025-07-06,adapted,2899,0.9084926355,5.274813108,0.4582449383,0.2099884235,2987.12278,2899,0.9361086745,0.9084926355,0.8744922509,0.9424930201
synthetic_20250706,synthetic,2025-07-06,adapted,2900,0.9088060169,5.273312383,-0.2376531217,0.05647900624,2987.179259,2900,0.936126374,0.9088060169,0.8748056323,0.9428064015
synthetic_20250706,synthetic,2025-07-06,adapted,2901,0.9091193983,5.271736827,-0.4446638268,0.1977259189,2987.376985,2901,0.9361883376,0.9091193983,0.8751190137,0.9431197829
synthetic_20250706,synthetic,2025-07-06,adapted,2902,0.9094327797,5.269987262,0.05188553883,0.002692109139,2987.379677,2902,0.9361891813,0.9094327797,0.8754323951,0.9434331643
synthetic_20250706,synthetic,2025-07-06,adapted,2903,0.9097461611,5.269461754,0.1708803981,0.02920011044,2987.408878,2903,0.9361983321,0.9097461611,0.8757457765,0.9437465457
synthetic_20250706,synthetic,2025-07-06,adapted,2904,0.9100595425,5.266730935,-0.3573384834,0.1276907918,2987.536568,2904,0.936238348,0.9100595425,0.8760591579,0.9440599271
synthetic_20250706,synthetic,2025-07-06,adapted,2905,0.9103729238,5.264251744,-0.8294737718,0.6880267381,2988.224595,2905,0.9364539627,0.9103729238,0.8763725392,0.9443733084
synthetic_20250706,synthetic,2025-07-06,adapted,2906,0.9106863052,5.263229963,-0.5910250323,0.3493105888,2988.573906,2906,0.9365634302,0.9106863052,0.8766859206,0.9446866898
synthetic_20250706,synthetic,2025-07-06,adapted,2907,0.9109996866,5.260835633,0.9374068118,0.8787315309,2989.452637,2907,0.9368388083,0.9109996866,0.876999302,0.9450000712
synthetic_20250706,synthetic,2025-07-06,adapted,2908,0.911313068,5.260538693,-0.06993298793,0.004890622801,2989.457528,2908,0.9368403409,0.911313068,0.8773126834,0.9453134526
synthetic_20250706,synthetic,2025-07-06,adapted,2909,0.9116264494,5.258056289,-0.8757485283,0.7669354849,2990.224463,2909,0.9370806842,0.9116264494,0.8776260648,0.945626834
synthetic_20250706,synthetic,2025-07-06,adapted,2910,0.9119398308,5.254934147,1.277288417,1.6314657,2991.855929,2910,0.9375919552,0.9119398308,0.8779394462,0.9459402154
synthetic_20250706,synthetic,2025-07-06,adapted,2911,0.9122532122,5.251444623,-0.8746856023,0.7650749029,2992.621004,2911,0.9378317154,0.9122532122,0.8782528276,0.9462535968
synthetic_20250706,synthetic,2025-07-06,adapted,2912,0.9125665935,5.250638044,0.8974296405,0.8053799596,2993.426384,2912,0.9380841065,0.9125665935,0.8785662089,0.9465669781
synthetic_20250706,synthetic,2025-07-06,adapted,2913,0.9128799749,5.249247291,-1.321255125,1.745715106,2995.172099,2913,0.9386311811,0.9128799749,0.8788795903,0.9468803595
synthetic_20250706,synthetic,2025-07-06,adapted,2914,0.9131933563,5.248455935,0.6100699809,0.3721853816,2995.544284,2914,0.9387478171,0.9131933563,0.8791929717,0.9471937409
synthetic_20250706,synthetic,2025-07-06,adapted,2915,0.9135067377,5.247551859,-0.2236711684,0.05002879156,2995.594313,2915,0.9387634952,0.9135067377,0.8795063531,0.9475071223
synthetic_20250706,synthetic,2025-07-06,adapted,2916,0.9138201191,5.246937032,0.8235964849,0.6783111699,2996.272624,2916,0.9389760653,0.9138201191,0.8798197345,0.9478205037
synthetic_20250706,synthetic,2025-07-06,adapted,2917,0.9141335005,5.245397593,0.7628187764,0.5818924856,2996.854517,2917,0.9391584196,0.9141335005,0.8801331159,0.9481338851
synthetic_20250706,synthetic,2025-07-06,adapted,2918,0.9144468819,5.244679281,-1.714387525,2.939124584,2999.793641,2918,0.9400794865,0.9144468819,0.8804464973,0.9484472665
synthetic_20250706,synthetic,2025-07-06,adapted,2919,0.9147602632,5.243715628,-0.9584438775,0.9186146663,3000.712256,2919,0.9403673632,0.9147602632,0.8807598786,0.9487606478
synthetic_20250706,synthetic,2025-07-06,adapted,2920,0.9150736446,5.242484469,1.401878238,1.965262594,3002.677519,2920,0.9409832399,0.9150736446,0.88107326,0.9490740292
synthetic_20250706,synthetic,2025-07-06,adapted,2921,0.915387026,5.240465493,-1.026762571,1.054241378,3003.73176,2921,0.9413136196,0.915387026,0.8813866414,0.9493874106
synthetic_20250706,synthetic,2025-07-06,adapted,2922,0.9157004074,5.238616746,-0.07987528303,0.006380060838,3003.73814,2922,0.941315619,0.9157004074,0.8817000228,0.949700792
synthetic_20250706,synthetic,2025-07-06,adapted,2923,0.9160137888,5.235249516,-0.06268236217,0.003929078527,3003.742069,2923,0.9413168503,0.9160137888,0.8820134042,0.9500141734
synthetic_20250706,synthetic,2025-07-06,adapted,2924,0.9163271702,5.233289211,0.05787316707,0.003349303466,3003.745418,2924,0.9413178999,0.9163271702,0.8823267856,0.9503275548
synthetic_20250706,synthetic,2025-07-06,adapted,2925,0.9166405516,5.232242568,-0.7187737993,0.5166357746,3004.262054,2925,0.9414798039,0.9166405516,0.882640167,0.9506409362
synthetic_20250706,synthetic,2025-07-06,adapted,2926,0.9169539329,5.230083373,0.9598379156,0.9212888243,3005.183343,2926,0.9417685187,0.9169539329,0.8829535483,0.9509543175
synthetic_20250706,synthetic,2025-07-06,adapted,2927,0.9172673143,5.227164178,-0.186440069,0.03475989934,3005.218103,2927,0.9417794118,0.9172673143,0.8832669297,0.9512676989
synthetic_20250706,synthetic,2025-07-06,adapted,2928,0.9175806957,5.225989243,0.6209057128,0.3855239042,3005.603627,2928,0.9419002278,0.9175806957,0.8835803111,0.9515810803
synthetic_20250706,synthetic,2025-07-06,adapted,2929,0.9178940771,5.224748476,0.007267065449,5.281024024e-05,3005.60368,2929,0.9419002443,0.9178940771,0.8838936925,0.9518944617
synthetic_20250706,synthetic,2025-07-06,adapted,2930,0.9182074585,5.224712388,-1.950129967,3.803006889,3009.406687,2930,0.9430920359,0.9182074585,0.8842070739,0.9522078431
synthetic_20250706,synthetic,2025-07-06,adapted,2931,0.9185208399,5.221727976,0.3802704945,0.144605649,3009.551292,2931,0.9431373526,0.9185208399,0.8845204553,0.9525212245
synthetic_20250706,synthetic,2025-07-06,adapted,2932,0.9188342212,5.221680356,0.2292820412,0.05257025441,3009.603862,2932,0.9431538272,0.9188342212,0.8848338366,0.9528346058
synthetic_20250706,synthetic,2025-07-06,adapted,2933,0.9191476026,5.220856421,-1.106255556,1.223801355,3010.827664,2933,0.9435373437,0.9191476026,0.885147218,0.9531479872
synthetic_20250706,synthetic,2025-07-06,adapted,2934,0.919460984,5.219397531,-1.709292878,2.921682143,3013.749346,2934,0.9444529445,0.919460984,0.8854605994,0.9534613686
synthetic_20250706,synthetic,2025-07-06,adapted,2935,0.9197743654,5.21853502,-1.072828926,1.150961904,3014.900308,2935,0.9448136346,0.9197743654,0.8857739808,0.95377475
synthetic_20250706,synthetic,2025-07-06,adapted,2936,0.9200877468,5.217659639,0.6820628261,0.4652096987,3015.365518,2936,0.9449594226,0.9200877468,0.8860873622,0.9540881314
synthetic_20250706,synthetic,2025-07-06,adapted,2937,0.9204011282,5.216659436,1.010831403,1.021780125,3016.387298,2937,0.9452796295,0.9204011282,0.8864007436,0.9544015128
synthetic_20250706,synthetic,2025-07-06,adapted,2938,0.9207145096,5.216358162,0.9522043957,0.9066932113,3017.293991,2938,0.9455637703,0.9207145096,0.886714125,0.9547148942
synthetic_20250706,synthetic,2025-07-06,adapted,2939,0.9210278909,5.210934668,-0.8509918997,0.7241872133,3018.018178,2939,0.9457907171,0.9210278909,0.8870275063,0.9550282755
synthetic_20250706,synthetic,2025-07-06,adapted,2940,0.9213412723,5.207832476,-1.055916912,1.114960525,3019.133139,2940,0.9461401249,0.9213412723,0.8873408877,0.9553416569
synthetic_20250706,synthetic,2025-07-06,adapted,2941,0.9216546537,5.206039373,-1.439272865,2.071506379,3021.204645,2941,0.9467892965,0.9216546537,0.8876542691,0.9556550383
synthetic_20250706,synthetic,2025-07-06,adapted,2942,0.9219680351,5.201543105,-0.7380715877,0.5447496685,3021.749395,2942,0.9469600109,0.9219680351,0.8879676505,0.9559684197
synthetic_20250706,synthetic,2025-07-06,adapted,2943,0.9222814165,5.199380966,0.822141318,0.6759163468,3022.425311,2943,0.9471718305,0.9222814165,0.8882810319,0.9562818011
synthetic_20250706,synthetic,2025-07-06,adapted,2944,0.9225947979,5.196436839,1.004844851,1.009713174,3023.435024,2944,0.9474882558,0.9225947979,0.8885944133,0.9565951825
synthetic_20250706,synthetic,2025-07-06,adapted,2945,0.9229081793,5.194100062,-0.0870231377,0.007573026495,3023.442597,2945,0.947490629,0.9229081793,0.8889077947,0.9569085639
synthetic_20250706,synthetic,2025-07-06,adapted,2946,0.9232215606,5.193565465,-0.7859482233,0.6177146096,3024.060312,2946,0.9476842093,0.9232215606,0.889221176,0.9572219452
synthetic_20250706,synthetic,2025-07-06,adapted,2947,0.923534942,5.191581477,-0.1456372508,0.02121020883,3024.081522,2947,0.9476908562,0.923534942,0.8895345574,0.9575353266
synthetic_20250706,synthetic,2025-07-06,adapted,2948,0.9238483234,5.189893857,1.313843276,1.726184155,3025.807706,2948,0.9482318102,0.9238483234,0.8898479388,0.957848708
synthetic_20250706,synthetic,2025-07-06,adapted,2949,0.9241617048,5.188809692,-1.076263211,1.158342499,3026.966049,2949,0.9485948131,0.9241617048,0.8901613202,0.9581620894
synthetic_20250706,synthetic,2025-07-06,adapted,2950,0.9244750862,5.184531245,0.7480953809,0.5596466989,3027.525695,2950,0.948770196,0.9244750862,0.8904747016,0.9584754708
synthetic_20250706,synthetic,2025-07-06,adapted,2951,0.9247884676,5.182520183,-0.09614843363,0.009244521289,3027.53494,2951,0.9487730931,0.9247884676,0.890788083,0.9587888522
synthetic_20250706,synthetic,2025-07-06,adapted,2952,0.925101849,5.179489878,-0.7837499668,0.6142640105,3028.149204,2952,0.948965592,0.925101849,0.8911014643,0.9591022336
synthetic_20250706,synthetic,2025-07-06,adapted,2953,0.9254152303,5.178364649,-1.314753199,1.728575975,3029.87778,2953,0.9495072955,0.9254152303,0.8914148457,0.9594156149
synthetic_20250706,synthetic,2025-07-06,adapted,2954,0.9257286117,5.176807134,0.1264469524,0.01598883176,3029.893769,2954,0.9495123061,0.9257286117,0.8917282271,0.9597289963
synthetic_20250706,synthetic,2025-07-06,adapted,2955,0.9260419931,5.174970624,0.1020016366,0.01040433387,3029.904173,2955,0.9495155666,0.9260419931,0.8920416085,0.9600423777
synthetic_20250706,synthetic,2025-07-06,adapted,2956,0.9263553745,5.173265505,-0.6279840401,0.3943639546,3030.298537,2956,0.949639153,0.9263553745,0.8923549899,0.9603557591
synthetic_20250706,synthetic,2025-07-06,adapted,2957,0.9266687559,5.172506929,-0.80785032,0.6526221395,3030.951159,2957,0.9498436726,0.9266687559,0.8926683713,0.9606691405
synthetic_20250706,synthetic,2025-07-06,adapted,2958,0.9269821373,5.170429861,0.01488245841,0.0002214875684,3030.951381,2958,0.949843742,0.9269821373,0.8929817527,0.9609825219
synthetic_20250706,synthetic,2025-07-06,adapted,2959,0.9272955186,5.169445074,-0.3876886026,0.1503024526,3031.101683,2959,0.949890844,0.9272955186,0.893295134,0.9612959032
synthetic_20250706,synthetic,2025-07-06,adapted,2960,0.9276089,5.167820044,-1.429048784,2.042180428,3033.143864,2960,0.9505308253,0.9276089,0.8936085154,0.9616092846
synthetic_20250706,synthetic,2025-07-06,adapted,2961,0.9279222814,5.166477789,-0.6773330018,0.4587799953,3033.602644,2961,0.9506745984,0.9279222814,0.8939218968,0.961922666
synthetic_20250706,synthetic,2025-07-06,adapted,2962,0.9282356628,5.165767077,0.7573530352,0.5735836199,3034.176227,2962,0.9508543489,0.9282356628,0.8942352782,0.9622360474
synthetic_20250706,synthetic,2025-07-06,adapted,2963,0.9285490442,5.164046344,0.4644075304,0.2156743543,3034.391902,2963,0.9509219372,0.9285490442,0.8945486596,0.9625494288
synthetic_20250706,synthetic,2025-07-06,adapted,2964,0.9288624256,5.15841484,-0.01900369116,0.0003611402777,3034.392263,2964,0.9509220504,0.9288624256,0.894862041,0.9628628102
synthetic_20250706,synthetic,2025-07-06,adapted,2965,0.929175807,5.156904834,-0.0989263285,0.00978641847,3034.402049,2965,0.9509251172,0.929175807,0.8951754224,0.9631761916
synthetic_20250706,synthetic,2025-07-06,adapted,2966,0.9294891883,5.151592372,0.932599043,0.8697409751,3035.27179,2966,0.9511976779,0.9294891883,0.8954888037,0.9634895729
synthetic_20250706,synthetic,2025-07-06,adapted,2967,0.9298025697,5.150808212,0.2487561456,0.06187961997,3035.33367,2967,0.9512170698,0.9298025697,0.8958021851,0.9638029543
synthetic_20250706,synthetic,2025-07-06,adapted,2968,0.9301159511,5.15051607,-0.294922113,0.08697905276,3035.420649,2968,0.9512443274,0.9301159511,0.8961155665,0.9641163357
synthetic_20250706,synthetic,2025-07-06,adapted,2969,0.9304293325,5.145275597,-0.6545666588,0.4284575108,3035.849106,2969,0.951378598,0.9304293325,0.8964289479,0.9644297171
synthetic_20250706,synthetic,2025-07-06,adapted,2970,0.9307427139,5.14368478,0.8666976264,0.7511647757,3036.600271,2970,0.9516139991,0.9307427139,0.8967423293,0.9647430985
synthetic_20250706,synthetic,2025-07-06,adapted,2971,0.9310560953,5.13914676,0.511559721,0.2616933482,3036.861964,2971,0.9516960089,0.9310560953,0.8970557107,0.9650564799
synthetic_20250706,synthetic,2025-07-06,adapted,2972,0.9313694767,5.136194185,-0.6121564467,0.3747355152,3037.2367,2972,0.951813444,0.9313694767,0.8973690921,0.9653698613
synthetic_20250706,synthetic,2025-07-06,adapted,2973,0.931682858,5.132185226,-0.4176255846,0.174411129,3037.411111,2973,0.9518681012,0.931682858,0.8976824734,0.9656832426
synthetic_20250706,synthetic,2025-07-06,adapted,2974,0.9319962394,5.130207497,0.1323260848,0.01751019272,3037.428621,2974,0.9518735886,0.9319962394,0.8979958548,0.965996624
synthetic_20250706,synthetic,2025-07-06,adapted,2975,0.9323096208,5.127969954,-0.4631204215,0.2144805248,3037.643102,2975,0.9519408028,0.9323096208,0.8983092362,0.9663100054
synthetic_20250706,synthetic,2025-07-06,adapted,2976,0.9326230022,5.125933578,-0.9035259478,0.8163591383,3038.459461,2976,0.9521966346,0.9326230022,0.8986226176,0.9666233868
synthetic_20250706,synthetic,2025-07-06,adapted,2977,0.9329363836,5.124466748,0.2533991231,0.06421111559,3038.523672,2977,0.9522167571,0.9329363836,0.898935999,0.9669367682
synthetic_20250706,synthetic,2025-07-06,adapted,2978,0.933249765,5.123806914,1.011692819,1.02352236,3039.547194,2978,0.95253751,0.933249765,0.8992493804,0.9672501496
synthetic_20250706,synthetic,2025-07-06,adapted,2979,0.9335631463,5.116128282,-0.963910604,0.9291236524,3040.476318,2979,0.95282868,0.9335631463,0.8995627617,0.9675635309
synthetic_20250706,synthetic,2025-07-06,adapted,2980,0.9338765277,5.115302583,0.5676730868,0.3222527335,3040.798571,2980,0.952929668,0.9338765277,0.8998761431,0.9678769123
synthetic_20250706,synthetic,2025-07-06,adapted,2981,0.9341899091,5.110464947,0.2460056908,0.06051879989,3040.85909,2981,0.9529486335,0.9341899091,0.9001895245,0.9681902937
synthetic_20250706,synthetic,2025-07-06,adapted,2982,0.9345032905,5.104706355,1.054663644,1.112315403,3041.971405,2982,0.9532972125,0.9345032905,0.9005029059,0.9685036751
synthetic_20250706,synthetic,2025-07-06,adapted,2983,0.9348166719,5.102028105,-0.26026896,0.06773993152,3042.039145,2983,0.9533184409,0.9348166719,0.9008162873,0.9688170565
synthetic_20250706,synthetic,2025-07-06,adapted,2984,0.9351300533,5.101221874,-0.1907175982,0.03637320226,3042.075518,2984,0.9533298396,0.9351300533,0.9011296687,0.9691304379
synthetic_20250706,synthetic,2025-07-06,adapted,2985,0.9354434347,5.098991836,-0.7900515668,0.6241814782,3042.6997,2985,0.9535254464,0.9354434347,0.9014430501,0.9694438193
synthetic_20250706,synthetic,2025-07-06,adapted,2986,0.935756816,5.098307235,-0.5892517214,0.3472175912,3043.046917,2986,0.953634258,0.935756816,0.9017564314,0.9697572006
synthetic_20250706,synthetic,2025-07-06,adapted,2987,0.9360701974,5.097248733,-0.5689370051,0.3236893158,3043.370606,2987,0.9537356962,0.9360701974,0.9020698128,0.970070582
synthetic_20250706,synthetic,2025-07-06,adapted,2988,0.9363835788,5.093964048,-0.4366793105,0.1906888202,3043.561295,2988,0.9537954545,0.9363835788,0.9023831942,0.9703839634
synthetic_20250706,synthetic,2025-07-06,adapted,2989,0.9366969602,5.092479683,0.3811183355,0.1452511857,3043.706546,2989,0.9538409735,0.9366969602,0.9026965756,0.9706973448
synthetic_20250706,synthetic,2025-07-06,adapted,2990,0.9370103416,5.090165625,0.3802134745,0.1445622862,3043.851109,2990,0.9538862766,0.9370103416,0.903009957,0.9710107262
synthetic_20250706,synthetic,2025-07-06,adapted,2991,0.937323723,5.089735761,-1.214377828,1.474713509,3045.325822,2991,0.9543484244,0.937323723,0.9033233384,0.9713241076
synthetic_20250706,synthetic,2025-07-06,adapted,2992,0.9376371044,5.08716657,0.9441561415,0.8914308195,3046.217253,2992,0.9546277822,0.9376371044,0.9036367198,0.971637489
synthetic_20250706,synthetic,2025-07-06,adapted,2993,0.9379504857,5.082910914,-1.685670959,2.841486583,3049.05874,2993,0.9555182512,0.9379504857,0.9039501011,0.9719508703
synthetic_20250706,synthetic,2025-07-06,adapted,2994,0.9382638671,5.081540035,-0.6166258349,0.3802274203,3049.438967,2994,0.9556374074,0.9382638671,0.9042634825,0.9722642517
synthetic_20250706,synthetic,2025-07-06,adapted,2995,0.9385772485,5.0804059,1.0379918,1.077426978,3050.516394,2995,0.955975053,0.9385772485,0.9045768639,0.9725776331
synthetic_20250706,synthetic,2025-07-06,adapted,2996,0.9388906299,5.078466335,0.1239410621,0.01536138687,3050.531755,2996,0.955979867,0.9388906299,0.9048902453,0.9728910145
synthetic_20250706,synthetic,2025-07-06,adapted,2997,0.9392040113,5.074772763,0.1363357512,0.01858743705,3050.550343,2997,0.9559856919,0.9392040113,0.9052036267,0.9732043959
synthetic_20250706,synthetic,2025-07-06,adapted,2998,0.9395173927,5.070640962,-0.4881245152,0.2382655423,3050.788608,2998,0.9560603599,0.9395173927,0.9055170081,0.9735177773
synthetic_20250706,synthetic,2025-07-06,adapted,2999,0.9398307741,5.070146303,0.303191152,0.09192487465,3050.880533,2999,0.9560891674,0.9398307741,0.9058303895,0.9738311587
synthetic_20250706,synthetic,2025-07-06,adapted,3000,0.9401441554,5.068245498,-0.8437688253,0.7119458305,3051.592479,3000,0.956312278,0.9401441554,0.9061437708,0.97414454
synthetic_20250706,synthetic,2025-07-06,adapted,3001,0.9404575368,5.066525605,-0.5583066188,0.3117062806,3051.904185,3001,0.956409961,0.9404575368,0.9064571522,0.9744579214
synthetic_20250706,synthetic,2025-07-06,adapted,3002,0.9407709182,5.066457061,0.4811540578,0.2315092273,3052.135695,3002,0.9564825116,0.9407709182,0.9067705336,0.9747713028
synthetic_20250706,synthetic,2025-07-06,adapted,3003,0.9410842996,5.064380755,-0.2886040445,0.08329229448,3052.218987,3003,0.9565086139,0.9410842996,0.907083915,0.9750846842
synthetic_20250706,synthetic,2025-07-06,adapted,3004,0.941397681,5.062261686,-0.7468733551,0.5578198085,3052.776807,3004,0.9566834242,0.941397681,0.9073972964,0.9753980656
synthetic_20250706,synthetic,2025-07-06,adapted,3005,0.9417110624,5.059876933,-0.6654520859,0.4428264786,3053.219633,3005,0.9568221978,0.9417110624,0.9077106778,0.975711447
synthetic_20250706,synthetic,2025-07-06,adapted,3006,0.9420244437,5.056943028,-0.832759954,0.693489141,3053.913122,3006,0.9570395244,0.9420244437,0.9080240591,0.9760248283
synthetic_20250706,synthetic,2025-07-06,adapted,3007,0.9423378251,5.053362965,-0.4221378162,0.1782003359,3054.091323,3007,0.9570953691,0.9423378251,0.9083374405,0.9763382097
synthetic_20250706,synthetic,2025-07-06,adapted,3008,0.9426512065,5.051476552,0.4793380603,0.229764976,3054.321088,3008,0.9571673731,0.9426512065,0.9086508219,0.9766515911
synthetic_20250706,synthetic,2025-07-06,adapted,3009,0.9429645879,5.049031252,1.412884019,1.996241251,3056.317329,3009,0.957792958,0.9429645879,0.9089642033,0.9769649725
synthetic_20250706,synthetic,2025-07-06,adapted,3010,0.9432779693,5.04851599,-1.67877322,2.818279524,3059.135608,3010,0.9586761543,0.9432779693,0.9092775847,0.9772783539
synthetic_20250706,synthetic,2025-07-06,adapted,3011,0.9435913507,5.046194199,-0.07203194406,0.005188600964,3059.140797,3011,0.9586777803,0.9435913507,0.9095909661,0.9775917353
synthetic_20250706,synthetic,2025-07-06,adapted,3012,0.9439047321,5.041968109,0.3386817619,0.1147053358,3059.255502,3012,0.9587137269,0.9439047321,0.9099043475,0.9779051167
synthetic_20250706,synthetic,2025-07-06,adapted,3013,0.9442181134,5.039371189,1.283756132,1.648029806,3060.903532,3013,0.9592301887,0.9442181134,0.9102177288,0.978218498
synthetic_20250706,synthetic,2025-07-06,adapted,3014,0.9445314948,5.033307368,1.366582916,1.867548865,3062.771081,3014,0.9598154438,0.9445314948,0.9105311102,0.9785318794
synthetic_20250706,synthetic,2025-07-06,adapted,3015,0.9448448762,5.03199283,-1.037979896,1.077402265,3063.848483,3015,0.9601530816,0.9448448762,0.9108444916,0.9788452608
synthetic_20250706,synthetic,2025-07-06,adapted,3016,0.9451582576,5.030447832,-0.5193368401,0.2697107535,3064.118194,3016,0.9602376039,0.9451582576,0.911157873,0.9791586422
synthetic_20250706,synthetic,2025-07-06,adapted,3017,0.945471639,5.027753003,-0.06984066147,0.004877717995,3064.123072,3017,0.9602391325,0.945471639,0.9114712544,0.9794720236
synthetic_20250706,synthetic,2025-07-06,adapted,3018,0.9457850204,5.026048662,-1.122893078,1.260888865,3065.383961,3018,0.9606342716,0.9457850204,0.9117846358,0.979785405
synthetic_20250706,synthetic,2025-07-06,adapted,3019,0.9460984018,5.024615297,0.5107669983,0.2608829265,3065.644844,3019,0.9607160275,0.9460984018,0.9120980172,0.9800987864
synthetic_20250706,synthetic,2025-07-06,adapted,3020,0.9464117831,5.023427046,0.4081865663,0.1666162729,3065.81146,3020,0.9607682419,0.9464117831,0.9124113985,0.9804121677
synthetic_20250706,synthetic,2025-07-06,adapted,3021,0.9467251645,5.020875392,0.5822217816,0.338982203,3066.150442,3021,0.9608744726,0.9467251645,0.9127247799,0.9807255491
synthetic_20250706,synthetic,2025-07-06,adapted,3022,0.9470385459,5.018817015,-0.5764280196,0.3322692618,3066.482711,3022,0.9609785996,0.9470385459,0.9130381613,0.9810389305
synthetic_20250706,synthetic,2025-07-06,adapted,3023,0.9473519273,5.017282823,-0.1021368852,0.01043194332,3066.493143,3023,0.9609818688,0.9473519273,0.9133515427,0.9813523119
synthetic_20250706,synthetic,2025-07-06,adapted,3024,0.9476653087,5.010948341,1.267998986,1.60782143,3068.100965,3024,0.9614857301,0.9476653087,0.9136649241,0.9816656933
synthetic_20250706,synthetic,2025-07-06,adapted,3025,0.9479786901,5.009258192,0.1870522402,0.03498854055,3068.135953,3025,0.9614966948,0.9479786901,0.9139783055,0.9819790747
synthetic_20250706,synthetic,2025-07-06,adapted,3026,0.9482920715,5.007370735,1.80742323,3.266778733,3071.402732,3026,0.9625204425,0.9482920715,0.9142916869,0.9822924561
synthetic_20250706,synthetic,2025-07-06,adapted,3027,0.9486054528,5.002976688,0.2642083592,0.06980605705,3071.472538,3027,0.9625423184,0.9486054528,0.9146050682,0.9826058374
synthetic_20250706,synthetic,2025-07-06,adapted,3028,0.9489188342,4.99861227,-1.373944268,1.887722853,3073.360261,3028,0.9631338956,0.9489188342,0.9149184496,0.9829192188
synthetic_20250706,synthetic,2025-07-06,adapted,3029,0.9492322156,4.996857911,0.674059698,0.4543564765,3073.814617,3029,0.9632762825,0.9492322156,0.915231831,0.9832326002
synthetic_20250706,synthetic,2025-07-06,adapted,3030,0.949545597,4.995728538,1.070529167,1.146032698,3074.96065,3030,0.9636354278,0.949545597,0.9155452124,0.9835459816
synthetic_20250706,synthetic,2025-07-06,adapted,3031,0.9498589784,4.993081924,1.214719382,1.475543178,3076.436193,3031,0.9640978356,0.9498589784,0.9158585938,0.983859363
synthetic_20250706,synthetic,2025-07-06,adapted,3032,0.9501723598,4.991446606,0.1569957947,0.02464767955,3076.460841,3032,0.9641055597,0.9501723598,0.9161719752,0.9841727444
synthetic_20250706,synthetic,2025-07-06,adapted,3033,0.9504857411,4.990713935,0.6008745301,0.361050201,3076.821891,3033,0.9642187061,0.9504857411,0.9164853565,0.9844861257
synthetic_20250706,synthetic,2025-07-06,adapted,3034,0.9507991225,4.989386279,0.954407157,0.9108930213,3077.732784,3034,0.964504163,0.9507991225,0.9167987379,0.9847995071
synthetic_20250706,synthetic,2025-07-06,adapted,3035,0.9511125039,4.987903444,-0.008772482626,7.695645142e-05,3077.732861,3035,0.9645041871,0.9511125039,0.9171121193,0.9851128885
synthetic_20250706,synthetic,2025-07-06,adapted,3036,0.9514258853,4.986689529,0.1559519553,0.02432101237,3077.757182,3036,0.9645118089,0.9514258853,0.9174255007,0.9854262699
synthetic_20250706,synthetic,2025-07-06,adapted,3037,0.9517392667,4.984256217,-0.1899285343,0.03607284813,3077.793255,3037,0.9645231134,0.9517392667,0.9177388821,0.9857396513
synthetic_20250706,synthetic,2025-07-06,adapted,3038,0.9520526481,4.980438723,-0.8507840327,0.7238334703,3078.517088,3038,0.9647499494,0.9520526481,0.9180522635,0.9860530327
synthetic_20250706,synthetic,2025-07-06,adapted,3039,0.9523660295,4.977288984,0.3849799676,0.1482095755,3078.665298,3039,0.9647963955,0.9523660295,0.9183656449,0.9863664141
synthetic_20250706,synthetic,2025-07-06,adapted,3040,0.9526794108,4.975635948,-1.38698758,1.923734548,3080.589033,3040,0.9653992581,0.9526794108,0.9186790262,0.9866797954
synthetic_20250706,synthetic,2025-07-06,adapted,3041,0.9529927922,4.974337834,0.4662794018,0.2174164805,3080.806449,3041,0.9654673924,0.9529927922,0.9189924076,0.9869931768
synthetic_20250706,synthetic,2025-07-06,adapted,3042,0.9533061736,4.973508803,-1.475913138,2.178319591,3082.984769,3042,0.9661500372,0.9533061736,0.919305789,0.9873065582
synthetic_20250706,synthetic,2025-07-06,adapted,3043,0.953619555,4.969199191,0.95425164,0.9105961925,3083.895365,3043,0.9664354011,0.953619555,0.9196191704,0.9876199396
synthetic_20250706,synthetic,2025-07-06,adapted,3044,0.9539329364,4.968092062,0.4811512085,0.2315064855,3084.126871,3044,0.9665079509,0.9539329364,0.9199325518,0.987933321
synthetic_20250706,synthetic,2025-07-06,adapted,3045,0.9542463178,4.960694237,1.109127993,1.230164905,3085.357036,3045,0.9668934617,0.9542463178,0.9202459332,0.9882467024
synthetic_20250706,synthetic,2025-07-06,adapted,3046,0.9545596992,4.959846932,-0.1437098402,0.02065251817,3085.377689,3046,0.9668999338,0.9545596992,0.9205593146,0.9885600838
synthetic_20250706,synthetic,2025-07-06,adapted,3047,0.9548730805,4.958197502,0.08776438406,0.007702587109,3085.385391,3047,0.9669023476,0.9548730805,0.9208726959,0.9888734651
synthetic_20250706,synthetic,2025-07-06,adapted,3048,0.9551864619,4.955387213,1.780218115,3.169176537,3088.554568,3048,0.9678955086,0.9551864619,0.9211860773,0.9891868465
synthetic_20250706,synthetic,2025-07-06,adapted,3049,0.9554998433,4.95478635,1.098979405,1.207755733,3089.762324,3049,0.9682739967,0.9554998433,0.9214994587,0.9895002279
synthetic_20250706,synthetic,2025-07-06,adapted,3050,0.9558132247,4.952095795,0.6412048427,0.4111436502,3090.173467,3050,0.9684028415,0.9558132247,0.9218128401,0.9898136093
synthetic_20250706,synthetic,2025-07-06,adapted,3051,0.9561266061,4.951352207,1.343653026,1.805403455,3091.978871,3051,0.9689686213,0.9561266061,0.9221262215,0.9901269907
synthetic_20250706,synthetic,2025-07-06,adapted,3052,0.9564399875,4.950622217,-0.6500601796,0.422578237,3092.401449,3052,0.9691010495,0.9564399875,0.9224396029,0.9904403721
synthetic_20250706,synthetic,2025-07-06,adapted,3053,0.9567533688,4.950330262,0.5251277334,0.2757591364,3092.677208,3053,0.9691874673,0.9567533688,0.9227529842,0.9907537535
synthetic_20250706,synthetic,2025-07-06,adapted,3054,0.9570667502,4.948972922,0.8238694769,0.678760915,3093.355969,3054,0.9694001783,0.9570667502,0.9230663656,0.9910671348
synthetic_20250706,synthetic,2025-07-06,adapted,3055,0.9573801316,4.948246134,0.9353787219,0.8749333534,3094.230902,3055,0.9696743661,0.9573801316,0.923379747,0.9913805162
synthetic_20250706,synthetic,2025-07-06,adapted,3056,0.957693513,4.947634022,-1.844774102,3.403191488,3097.634094,3056,0.970740863,0.957693513,0.9236931284,0.9916938976
synthetic_20250706,synthetic,2025-07-06,adapted,3057,0.9580068944,4.944291254,0.3825455371,0.1463410879,3097.780435,3057,0.9707867236,0.9580068944,0.9240065098,0.992007279
synthetic_20250706,synthetic,2025-07-06,adapted,3058,0.9583202758,4.941962159,-1.354602966,1.834949196,3099.615384,3058,0.9713617625,0.9583202758,0.9243198912,0.9923206604
synthetic_20250706,synthetic,2025-07-06,adapted,3059,0.9586336572,4.941530009,-0.7090052455,0.5026884381,3100.118073,3059,0.9715192957,0.9586336572,0.9246332726,0.9926340418
synthetic_20250706,synthetic,2025-07-06,adapted,3060,0.9589470385,4.941142425,0.2021562799,0.04086716152,3100.15894,3060,0.9715321027,0.9589470385,0.9249466539,0.9929474231
synthetic_20250706,synthetic,2025-07-06,adapted,3061,0.9592604199,4.940917515,-1.541403647,2.375925202,3102.534865,3061,0.9722766734,0.9592604199,0.9252600353,0.9932608045
synthetic_20250706,synthetic,2025-07-06,adapted,3062,0.9595738013,4.940083629,1.59463266,2.542853321,3105.077718,3062,0.9730735563,0.9595738013,0.9255734167,0.9935741859
synthetic_20250706,synthetic,2025-07-06,adapted,3063,0.9598871827,4.937046172,-1.068934761,1.142621524,3106.22034,3063,0.9734316326,0.9598871827,0.9258867981,0.9938875673
synthetic_20250706,synthetic,2025-07-06,adapted,3064,0.9602005641,4.93602727,0.8375300037,0.701456507,3106.921796,3064,0.9736514561,0.9602005641,0.9262001795,0.9942009487
synthetic_20250706,synthetic,2025-07-06,adapted,3065,0.9605139455,4.933388456,0.04806318064,0.002310069333,3106.924106,3065,0.97365218,0.9605139455,0.9265135609,0.9945143301
synthetic_20250706,synthetic,2025-07-06,adapted,3066,0.9608273269,4.931438139,0.9686373207,0.9382582591,3107.862365,3066,0.9739462127,0.9608273269,0.9268269423,0.9948277115
synthetic_20250706,synthetic,2025-07-06,adapted,3067,0.9611407082,4.924165936,-0.1739101384,0.03024473625,3107.892609,3067,0.9739556908,0.9611407082,0.9271403236,0.9951410928
synthetic_20250706,synthetic,2025-07-06,adapted,3068,0.9614540896,4.923679939,0.2509252903,0.06296350129,3107.955573,3068,0.9739754224,0.9614540896,0.927453705,0.9954544742
synthetic_20250706,synthetic,2025-07-06,adapted,3069,0.961767471,4.921697518,0.6088177435,0.3706590448,3108.326232,3069,0.97409158,0.961767471,0.9277670864,0.9957678556
synthetic_20250706,synthetic,2025-07-06,adapted,3070,0.9620808524,4.915963014,-0.48223823,0.2325537105,3108.558786,3070,0.974164458,0.9620808524,0.9280804678,0.996081237
synthetic_20250706,synthetic,2025-07-06,adapted,3071,0.9623942338,4.913527762,0.5850407826,0.3422727173,3108.901058,3071,0.9742717199,0.9623942338,0.9283938492,0.9963946184
synthetic_20250706,synthetic,2025-07-06,adapted,3072,0.9627076152,4.912753718,0.1259138192,0.01585428987,3108.916913,3072,0.9742766884,0.9627076152,0.9287072306,0.9967079998
synthetic_20250706,synthetic,2025-07-06,adapted,3073,0.9630209966,4.912543795,0.3552377489,0.1261938582,3109.043106,3073,0.9743162352,0.9630209966,0.929020612,0.9970213812
synthetic_20250706,synthetic,2025-07-06,adapted,3074,0.9633343779,4.908799274,0.1945893146,0.03786500136,3109.080971,3074,0.9743281014,0.9633343779,0.9293339933,0.9973347625
synthetic_20250706,synthetic,2025-07-06,adapted,3075,0.9636477593,4.907977764,0.704192326,0.495886832,3109.576858,3075,0.9744835031,0.9636477593,0.9296473747,0.9976481439
synthetic_20250706,synthetic,2025-07-06,adapted,3076,0.9639611407,4.904105462,-0.4254010772,0.1809660765,3109.757824,3076,0.9745402145,0.9639611407,0.9299607561,0.9979615253
synthetic_20250706,synthetic,2025-07-06,adapted,3077,0.9642745221,4.902300006,0.06367806539,0.004054896012,3109.761879,3077,0.9745414852,0.9642745221,0.9302741375,0.9982749067
synthetic_20250706,synthetic,2025-07-06,adapted,3078,0.9645879035,4.894820235,0.1503838636,0.02261530644,3109.784495,3078,0.9745485724,0.9645879035,0.9305875189,0.9985882881
synthetic_20250706,synthetic,2025-07-06,adapted,3079,0.9649012849,4.892557876,-2.078245813,4.31910566,3114.1036,3079,0.9759020997,0.9649012849,0.9309009003,0.9989016695
synthetic_20250706,synthetic,2025-07-06,adapted,3080,0.9652146662,4.891257864,-0.3039115291,0.09236221754,3114.195962,3080,0.9759310443,0.9652146662,0.9312142816,0.9992150508
synthetic_20250706,synthetic,2025-07-06,adapted,3081,0.9655280476,4.885830679,1.054696542,1.112384796,3115.308347,3081,0.976279645,0.9655280476,0.931527663,0.9995284322
synthetic_20250706,synthetic,2025-07-06,adapted,3082,0.965841429,4.882925656,-0.4383910821,0.1921867409,3115.500534,3082,0.9763398728,0.965841429,0.9318410444,0.9998418136
synthetic_20250706,synthetic,2025-07-06,adapted,3083,0.9661548104,4.880895183,-2.222874063,4.941169098,3120.441703,3083,0.9778883432,0.9661548104,0.9321544258,1.000155195
synthetic_20250706,synthetic,2025-07-06,adapted,3084,0.9664681918,4.876041552,0.3710970861,0.1377130473,3120.579416,3084,0.9779314999,0.9664681918,0.9324678072,1.000468576
synthetic_20250706,synthetic,2025-07-06,adapted,3085,0.9667815732,4.874143772,-0.6973845044,0.486345147,3121.065761,3085,0.9780839114,0.9667815732,0.9327811886,1.000781958
synthetic_20250706,synthetic,2025-07-06,adapted,3086,0.9670949546,4.871272923,-0.05394399814,0.002909954936,3121.068671,3086,0.9780848233,0.9670949546,0.93309457,1.001095339
synthetic_20250706,synthetic,2025-07-06,adapted,3087,0.9674083359,4.87012199,0.1989606182,0.03958532759,3121.108257,3087,0.9780972286,0.9674083359,0.9334079513,1.001408721
synthetic_20250706,synthetic,2025-07-06,adapted,3088,0.9677217173,4.868924351,-0.8529681507,0.7275546661,3121.835811,3088,0.9783252307,0.9677217173,0.9337213327,1.001722102
synthetic_20250706,synthetic,2025-07-06,adapted,3089,0.9680350987,4.867998331,-0.2072597738,0.04295661385,3121.878768,3089,0.9783386925,0.9680350987,0.9340347141,1.002035483
synthetic_20250706,synthetic,2025-07-06,adapted,3090,0.9683484801,4.865287435,1.13146458,1.280212097,3123.15898,3090,0.9787398872,0.9683484801,0.9343480955,1.002348865
synthetic_20250706,synthetic,2025-07-06,adapted,3091,0.9686618615,4.848473435,-0.039923852,0.001593913959,3123.160574,3091,0.9787403867,0.9686618615,0.9346614769,1.002662246
synthetic_20250706,synthetic,2025-07-06,adapted,3092,0.9689752429,4.843205502,-0.2931815696,0.08595543277,3123.246529,3092,0.9787673235,0.9689752429,0.9349748583,1.002975627
synthetic_20250706,synthetic,2025-07-06,adapted,3093,0.9692886243,4.841023167,0.543298925,0.2951737219,3123.541703,3093,0.9788598254,0.9692886243,0.9352882397,1.003289009
synthetic_20250706,synthetic,2025-07-06,adapted,3094,0.9696020056,4.840554739,1.023779658,1.048124787,3124.589828,3094,0.9791882882,0.9696020056,0.935601621,1.00360239
synthetic_20250706,synthetic,2025-07-06,adapted,3095,0.969915387,4.839897062,-0.8313546205,0.691150505,3125.280978,3095,0.9794048819,0.969915387,0.9359150024,1.003915772
synthetic_20250706,synthetic,2025-07-06,adapted,3096,0.9702287684,4.838364608,-0.2380108263,0.05664915345,3125.337627,3096,0.9794226347,0.9702287684,0.9362283838,1.004229153
synthetic_20250706,synthetic,2025-07-06,adapted,3097,0.9705421498,4.83713627,0.6736694262,0.4538304958,3125.791458,3097,0.9795648568,0.9705421498,0.9365417652,1.004542534
synthetic_20250706,synthetic,2025-07-06,adapted,3098,0.9708555312,4.83349219,-0.1998524295,0.03994099356,3125.831399,3098,0.9795773735,0.9708555312,0.9368551466,1.004855916
synthetic_20250706,synthetic,2025-07-06,adapted,3099,0.9711689126,4.825540552,1.162118148,1.35051859,3127.181918,3099,0.9800006009,0.9711689126,0.937168528,1.005169297
synthetic_20250706,synthetic,2025-07-06,adapted,3100,0.971482294,4.8240487,0.4988552851,0.2488565955,3127.430774,3100,0.9800785879,0.971482294,0.9374819094,1.005482679
synthetic_20250706,synthetic,2025-07-06,adapted,3101,0.9717956753,4.821947839,-0.8544424524,0.7300719045,3128.160846,3101,0.9803073789,0.9717956753,0.9377952907,1.00579606
synthetic_20250706,synthetic,2025-07-06,adapted,3102,0.9721090567,4.817291969,-0.804682181,0.6475134124,3128.808359,3102,0.9805102975,0.9721090567,0.9381086721,1.006109441
synthetic_20250706,synthetic,2025-07-06,adapted,3103,0.9724224381,4.817063147,0.7541485398,0.5687400201,3129.377099,3103,0.9806885301,0.9724224381,0.9384220535,1.006422823
synthetic_20250706,synthetic,2025-07-06,adapted,3104,0.9727358195,4.814190432,0.1553537944,0.02413480144,3129.401234,3104,0.9806960935,0.9727358195,0.9387354349,1.006736204
synthetic_20250706,synthetic,2025-07-06,adapted,3105,0.9730492009,4.811024878,0.1608424919,0.02587030719,3129.427105,3105,0.9807042007,0.9730492009,0.9390488163,1.007049585
synthetic_20250706,synthetic,2025-07-06,adapted,3106,0.9733625823,4.809174374,-1.756719416,3.086063106,3132.513168,3106,0.9816713155,0.9733625823,0.9393621977,1.007362967
synthetic_20250706,synthetic,2025-07-06,adapted,3107,0.9736759636,4.806635899,1.103987534,1.218788476,3133.731956,3107,0.9820532611,0.9736759636,0.939675579,1.007676348
synthetic_20250706,synthetic,2025-07-06,adapted,3108,0.973989345,4.803241594,-0.1986988943,0.03948125061,3133.771437,3108,0.9820656338,0.973989345,0.9399889604,1.00798973
synthetic_20250706,synthetic,2025-07-06,adapted,3109,0.9743027264,4.797135049,-0.5837569614,0.3407721899,3134.11221,3109,0.9821724254,0.9743027264,0.9403023418,1.008303111
synthetic_20250706,synthetic,2025-07-06,adapted,3110,0.9746161078,4.792498521,0.2867760403,0.08224049726,3134.19445,3110,0.9821981981,0.9746161078,0.9406157232,1.008616492
synthetic_20250706,synthetic,2025-07-06,adapted,3111,0.9749294892,4.789618351,0.7374162311,0.5437826979,3134.738233,3111,0.9823686095,0.9749294892,0.9409291046,1.008929874
synthetic_20250706,synthetic,2025-07-06,adapted,3112,0.9752428706,4.788110684,-1.287360953,1.657298224,3136.395531,3112,0.9828879759,0.9752428706,0.941242486,1.009243255
synthetic_20250706,synthetic,2025-07-06,adapted,3113,0.975556252,4.786349523,0.2537263958,0.06437708395,3136.459908,3113,0.9829081504,0.975556252,0.9415558674,1.009556637
synthetic_20250706,synthetic,2025-07-06,adapted,3114,0.9758696333,4.784187723,1.479455235,2.188787793,3138.648696,3114,0.9835940758,0.9758696333,0.9418692487,1.009870018
synthetic_20250706,synthetic,2025-07-06,adapted,3115,0.9761830147,4.778584639,0.3429517023,0.1176158701,3138.766312,3115,0.9836309344,0.9761830147,0.9421826301,1.010183399
synthetic_20250706,synthetic,2025-07-06,adapted,3116,0.9764963961,4.768117897,-0.6095421777,0.3715416664,3139.137853,3116,0.9837473687,0.9764963961,0.9424960115,1.010496781
synthetic_20250706,synthetic,2025-07-06,adapted,3117,0.9768097775,4.76291754,-0.3132614982,0.09813276626,3139.235986,3117,0.9837781216,0.9768097775,0.9428093929,1.010810162
synthetic_20250706,synthetic,2025-07-06,adapted,3118,0.9771231589,4.762214762,-1.540195744,2.372202929,3141.608189,3118,0.9845215259,0.9771231589,0.9431227743,1.011123543
synthetic_20250706,synthetic,2025-07-06,adapted,3119,0.9774365403,4.759245147,0.1585776976,0.02514688618,3141.633336,3119,0.9845294065,0.9774365403,0.9434361557,1.011436925
synthetic_20250706,synthetic,2025-07-06,adapted,3120,0.9777499217,4.756593507,-0.4195123375,0.1759906013,3141.809327,3120,0.9845845586,0.9777499217,0.9437495371,1.011750306
synthetic_20250706,synthetic,2025-07-06,adapted,3121,0.978063303,4.755115189,-0.4486799081,0.2013136599,3142.01064,3121,0.9846476466,0.978063303,0.9440629184,1.012063688
synthetic_20250706,synthetic,2025-07-06,adapted,3122,0.9783766844,4.751532804,-1.457535159,2.124408738,3144.135049,3122,0.9853133967,0.9783766844,0.9443762998,1.012377069
synthetic_20250706,synthetic,2025-07-06,adapted,3123,0.9786900658,4.744943282,0.5775695877,0.3335866286,3144.468636,3123,0.9854179366,0.9786900658,0.9446896812,1.01269045
synthetic_20250706,synthetic,2025-07-06,adapted,3124,0.9790034472,4.742880618,-1.659422835,2.753684146,3147.22232,3124,0.9862808899,0.9790034472,0.9450030626,1.013003832
synthetic_20250706,synthetic,2025-07-06,adapted,3125,0.9793168286,4.741351175,0.9342549908,0.8728323878,3148.095152,3125,0.9865544194,0.9793168286,0.945316444,1.013317213
synthetic_20250706,synthetic,2025-07-06,adapted,3126,0.97963021,4.739351805,-0.09633958898,0.009281316404,3148.104433,3126,0.9865573279,0.97963021,0.9456298254,1.013630595
synthetic_20250706,synthetic,2025-07-06,adapted,3127,0.9799435914,4.735632496,-0.05854059155,0.003427000859,3148.10786,3127,0.9865584019,0.9799435914,0.9459432068,1.013943976
synthetic_20250706,synthetic,2025-07-06,adapted,3128,0.9802569727,4.733836405,0.776061362,0.6022712377,3148.710132,3128,0.9867471425,0.9802569727,0.9462565881,1.014257357
synthetic_20250706,synthetic,2025-07-06,adapted,3129,0.9805703541,4.732179674,-0.7354690586,0.5409147362,3149.251046,3129,0.9869166551,0.9805703541,0.9465699695,1.014570739
synthetic_20250706,synthetic,2025-07-06,adapted,3130,0.9808837355,4.722069316,-0.9609837544,0.9234897761,3150.174536,3130,0.9872060596,0.9808837355,0.9468833509,1.01488412
synthetic_20250706,synthetic,2025-07-06,adapted,3131,0.9811971169,4.720264057,-0.1260592331,0.01589093025,3150.190427,3131,0.9872110395,0.9811971169,0.9471967323,1.015197501
synthetic_20250706,synthetic,2025-07-06,adapted,3132,0.9815104983,4.714527668,0.2986101747,0.08916803641,3150.279595,3132,0.9872389831,0.9815104983,0.9475101137,1.015510883
synthetic_20250706,synthetic,2025-07-06,adapted,3133,0.9818238797,4.712031704,-0.306173154,0.09374200025,3150.373337,3133,0.9872683601,0.9818238797,0.9478234951,1.015824264
synthetic_20250706,synthetic,2025-07-06,adapted,3134,0.982137261,4.708174387,0.4415533973,0.1949694026,3150.568307,3134,0.9873294599,0.982137261,0.9481368764,1.016137646
synthetic_20250706,synthetic,2025-07-06,adapted,3135,0.9824506424,4.70752031,0.3473876874,0.1206782054,3150.688985,3135,0.9873672782,0.9824506424,0.9484502578,1.016451027
synthetic_20250706,synthetic,2025-07-06,adapted,3136,0.9827640238,4.706084406,0.968974296,0.9389111864,3151.627896,3136,0.9876615155,0.9827640238,0.9487636392,1.016764408
synthetic_20250706,synthetic,2025-07-06,adapted,3137,0.9830774052,4.695740121,1.433310832,2.054379941,3153.682276,3137,0.9883053199,0.9830774052,0.9490770206,1.01707779
synthetic_20250706,synthetic,2025-07-06,adapted,3138,0.9833907866,4.678466321,-0.9454848574,0.8939416155,3154.576218,3138,0.9885854646,0.9833907866,0.949390402,1.017391171
synthetic_20250706,synthetic,2025-07-06,adapted,3139,0.983704168,4.676098225,0.02016588723,0.0004066630077,3154.576624,3139,0.988585592,0.983704168,0.9497037834,1.017704553
synthetic_20250706,synthetic,2025-07-06,adapted,3140,0.9840175494,4.673328565,0.8106756553,0.6571950181,3155.233819,3140,0.9887915447,0.9840175494,0.9500171648,1.018017934
synthetic_20250706,synthetic,2025-07-06,adapted,3141,0.9843309307,4.672273772,-1.638391337,2.684326173,3157.918145,3141,0.9896327626,0.9843309307,0.9503305461,1.018331315
synthetic_20250706,synthetic,2025-07-06,adapted,3142,0.9846443121,4.671497867,-0.01609051655,0.0002589047229,3157.918404,3142,0.9896328437,0.9846443121,0.9506439275,1.018644697
synthetic_20250706,synthetic,2025-07-06,adapted,3143,0.9849576935,4.667011106,0.8844766156,0.7822988836,3158.700703,3143,0.9898780016,0.9849576935,0.9509573089,1.018958078
synthetic_20250706,synthetic,2025-07-06,adapted,3144,0.9852710749,4.659674054,-1.089324221,1.186627257,3159.88733,3144,0.9902498685,0.9852710749,0.9512706903,1.019271459
synthetic_20250706,synthetic,2025-07-06,adapted,3145,0.9855844563,4.656586709,0.5692447194,0.3240395505,3160.21137,3145,0.9903514165,0.9855844563,0.9515840717,1.019584841
synthetic_20250706,synthetic,2025-07-06,adapted,3146,0.9858978377,4.652567488,-0.5026179799,0.2526248337,3160.463995,3146,0.9904305844,0.9858978377,0.9518974531,1.019898222
synthetic_20250706,synthetic,2025-07-06,adapted,3147,0.9862112191,4.650301486,1.421876845,2.021733763,3162.485729,3147,0.9910641581,0.9862112191,0.9522108345,1.020211604
synthetic_20250706,synthetic,2025-07-06,adapted,3148,0.9865246004,4.645707701,0.5865023094,0.3439849589,3162.829714,3148,0.9911719566,0.9865246004,0.9525242158,1.020524985
synthetic_20250706,synthetic,2025-07-06,adapted,3149,0.9868379818,4.641750037,-0.009994514286,9.98903158e-05,3162.829813,3149,0.9911719879,0.9868379818,0.9528375972,1.020838366
synthetic_20250706,synthetic,2025-07-06,adapted,3150,0.9871513632,4.641207373,-0.8715257142,0.7595570705,3163.589371,3150,0.991410019,0.9871513632,0.9531509786,1.021151748
synthetic_20250706,synthetic,2025-07-06,adapted,3151,0.9874647446,4.637280597,2.237919508,5.008283724,3168.597654,3151,0.9929795219,0.9874647446,0.95346436,1.021465129
synthetic_20250706,synthetic,2025-07-06,adapted,3152,0.987778126,4.628695421,-0.1876028495,0.03519482915,3168.632849,3152,0.9929905513,0.987778126,0.9537777414,1.021778511
synthetic_20250706,synthetic,2025-07-06,adapted,3153,0.9880915074,4.621138688,2.166257437,4.692671282,3173.32552,3153,0.9944611471,0.9880915074,0.9540911228,1.022091892
synthetic_20250706,synthetic,2025-07-06,adapted,3154,0.9884048887,4.614645768,-1.649395654,2.720506023,3176.046026,3154,0.995313703,0.9884048887,0.9544045041,1.022405273
synthetic_20250706,synthetic,2025-07-06,adapted,3155,0.9887182701,4.604473005,0.7297792194,0.5325777091,3176.578604,3155,0.995480603,0.9887182701,0.9547178855,1.022718655
synthetic_20250706,synthetic,2025-07-06,adapted,3156,0.9890316515,4.587627834,-1.286689273,1.655569286,3178.234173,3156,0.9959994276,0.9890316515,0.9550312669,1.023032036
synthetic_20250706,synthetic,2025-07-06,adapted,3157,0.9893450329,4.584754914,-0.4056609472,0.1645608041,3178.398734,3157,0.9960509979,0.9893450329,0.9553446483,1.023345418
synthetic_20250706,synthetic,2025-07-06,adapted,3158,0.9896584143,4.582132257,0.878818609,0.7723221475,3179.171056,3158,0.9962930292,0.9896584143,0.9556580297,1.023658799
synthetic_20250706,synthetic,2025-07-06,adapted,3159,0.9899717957,4.581737712,0.6867106437,0.4715715082,3179.642628,3159,0.996440811,0.9899717957,0.9559714111,1.02397218
synthetic_20250706,synthetic,2025-07-06,adapted,3160,0.9902851771,4.5783717,-0.863481067,0.745599553,3180.388227,3160,0.996674468,0.9902851771,0.9562847925,1.024285562
synthetic_20250706,synthetic,2025-07-06,adapted,3161,0.9905985584,4.573991095,-0.4050373486,0.1640552537,3180.552283,3161,0.9967258799,0.9905985584,0.9565981738,1.024598943
synthetic_20250706,synthetic,2025-07-06,adapted,3162,0.9909119398,4.572841353,0.9464397064,0.8957481178,3181.448031,3162,0.9970065906,0.9909119398,0.9569115552,1.024912324
synthetic_20250706,synthetic,2025-07-06,adapted,3163,0.9912253212,4.57227941,-0.7913289548,0.6262015146,3182.074232,3163,0.9972028305,0.9912253212,0.9572249366,1.025225706
synthetic_20250706,synthetic,2025-07-06,adapted,3164,0.9915387026,4.561729375,0.6300111374,0.3969140332,3182.471146,3164,0.997327216,0.9915387026,0.957538318,1.025539087
synthetic_20250706,synthetic,2025-07-06,adapted,3165,0.991852084,4.556330065,2.011541661,4.046299853,3186.517446,3165,0.9985952511,0.991852084,0.9578516994,1.025852469
synthetic_20250706,synthetic,2025-07-06,adapted,3166,0.9921654654,4.553641284,-1.667599751,2.780888928,3189.298335,3166,0.9994667299,0.9921654654,0.9581650808,1.02616585
synthetic_20250706,synthetic,2025-07-06,adapted,3167,0.9924788468,4.551751495,-2.94711932,8.685512287,3197.983847,3167,1.002188608,0.9924788468,0.9584784622,1.026479231
synthetic_20250706,synthetic,2025-07-06,adapted,3168,0.9927922281,4.550707802,-0.9824478176,0.9652037143,3198.949051,3168,1.002491085,0.9927922281,0.9587918435,1.026792613
synthetic_20250706,synthetic,2025-07-06,adapted,3169,0.9931056095,4.547280564,1.645818159,2.708717411,3201.657768,3169,1.003339946,0.9931056095,0.9591052249,1.027105994
synthetic_20250706,synthetic,2025-07-06,adapted,3170,0.9934189909,4.537140243,-0.4584561617,0.2101820522,3201.867951,3170,1.003405813,0.9934189909,0.9594186063,1.027419376
synthetic_20250706,synthetic,2025-07-06,adapted,3171,0.9937323723,4.53507787,0.8854601318,0.784039645,3202.65199,3171,1.003651517,0.9937323723,0.9597319877,1.027732757
synthetic_20250706,synthetic,2025-07-06,adapted,3172,0.9940457537,4.524978808,-0.6206765056,0.3852393246,3203.03723,3172,1.003772244,0.9940457537,0.9600453691,1.028046138
synthetic_20250706,synthetic,2025-07-06,adapted,3173,0.9943591351,4.518428483,1.041953744,1.085667605,3204.122897,3173,1.004112472,0.9943591351,0.9603587505,1.02835952
synthetic_20250706,synthetic,2025-07-06,adapted,3174,0.9946725165,4.51333457,0.6648317177,0.4420012128,3204.564898,3174,1.004250987,0.9946725165,0.9606721319,1.028672901
synthetic_20250706,synthetic,2025-07-06,adapted,3175,0.9949858978,4.509591368,-0.02174103264,0.0004726725002,3204.565371,3175,1.004251135,0.9949858978,0.9609855132,1.028986282
synthetic_20250706,synthetic,2025-07-06,adapted,3176,0.9952992792,4.501635393,1.399761911,1.959333409,3206.524704,3176,1.004865153,0.9952992792,0.9612988946,1.029299664
synthetic_20250706,synthetic,2025-07-06,adapted,3177,0.9956126606,4.496751969,1.179423818,1.391040543,3207.915745,3177,1.00530108,0.9956126606,0.961612276,1.029613045
synthetic_20250706,synthetic,2025-07-06,adapted,3178,0.995926042,4.488930109,0.8444212069,0.7130471746,3208.628792,3178,1.005524535,0.995926042,0.9619256574,1.029926427
synthetic_20250706,synthetic,2025-07-06,adapted,3179,0.9962394234,4.472728932,0.3727911431,0.1389732364,3208.767765,3179,1.005568087,0.9962394234,0.9622390388,1.030239808
synthetic_20250706,synthetic,2025-07-06,adapted,3180,0.9965528048,4.440378093,-0.5776830004,0.3337176489,3209.101483,3180,1.005672668,0.9965528048,0.9625524202,1.030553189
synthetic_20250706,synthetic,2025-07-06,adapted,3181,0.9968661861,4.433640626,1.377508073,1.897528492,3210.999012,3181,1.006267318,0.9968661861,0.9628658015,1.030866571
synthetic_20250706,synthetic,2025-07-06,adapted,3182,0.9971795675,4.424619605,0.7710179446,0.5944686709,3211.59348,3182,1.006453613,0.9971795675,0.9631791829,1.031179952
synthetic_20250706,synthetic,2025-07-06,adapted,3183,0.9974929489,4.393592917,-0.8910322382,0.7939384494,3212.387419,3183,1.006702419,0.9974929489,0.9634925643,1.031493334
synthetic_20250706,synthetic,2025-07-06,adapted,3184,0.9978063303,4.350678784,-0.3978033595,0.1582475128,3212.545666,3184,1.006752011,0.9978063303,0.9638059457,1.031806715
synthetic_20250706,synthetic,2025-07-06,adapted,3185,0.9981197117,4.33206946,-1.320626669,1.7440548,3214.289721,3185,1.007298565,0.9981197117,0.9641193271,1.032120096
synthetic_20250706,synthetic,2025-07-06,adapted,3186,0.9984330931,4.32074837,2.438267199,5.945146934,3220.234868,3186,1.009161663,0.9984330931,0.9644327085,1.032433478
synthetic_20250706,synthetic,2025-07-06,adapted,3187,0.9987464745,4.303458469,0.5619774251,0.3158186263,3220.550686,3187,1.009260635,0.9987464745,0.9647460899,1.032746859
synthetic_20250706,synthetic,2025-07-06,adapted,3188,0.9990598558,4.261018092,0.2503402264,0.06267022895,3220.613357,3188,1.009280275,0.9990598558,0.9650594712,1.03306024
synthetic_20250706,synthetic,2025-07-06,adapted,3189,0.9993732372,4.219381899,-0.9335239108,0.871466892,3221.484824,3189,1.009553376,0.9993732372,0.9653728526,1.033373622
synthetic_20250706,synthetic,2025-07-06,adapted,3190,0.9996866186,4.178042714,-1.0340241,1.069205838,3222.554029,3190,1.009888445,0.9996866186,0.965686234,1.033687003
synthetic_20250706,synthetic,2025-07-06,adapted,3191,1,4.151364848,-0.2637472639,0.06956261922,3222.623592,3191,1.009910245,1,0.9659996154,1.034000385
