dataset_id,data_kind,date,method,index,frac_index,eigenvalue,whitened_score,squared_score,cumulative_squared_score,expected,scaled_cumulative,scaled_expected,scaled_band_lower,scaled_band_upper
real_20240707,real,2024-07-07,adapted,1,0.0003133813851,63.95848657,1.347957393,1.816989135,1.816989135,1,0.0005694105718,0.0003133813851,-0.03368700322,0.03431376599
real_20240707,real,2024-07-07,adapted,2,0.0006267627703,63.10474495,7.703417316,59.34263835,61.15962748,2,0.01916628878,0.0006267627703,-0.03337362183,0.03462714737
real_20240707,real,2024-07-07,adapted,3,0.0009401441554,62.20092363,7.609670269,57.9070816,119.0667091,3,0.03731329022,0.0009401441554,-0.03306024044,0.03494052876
real_20240707,real,2024-07-07,adapted,4,0.001253525541,61.35977761,1.670324089,2.789982564,121.8566916,4,0.03818761882,0.001253525541,-0.03274685906,0.03525391014
real_20240707,real,2024-07-07,adapted,5,0.001566906926,60.88466741,-4.840401647,23.42948811,145.2861798,5,0.04552998425,0.001566906926,-0.03243347767,0.03556729153
real_20240707,real,2024-07-07,adapted,6,0.001880288311,59.79538231,-0.5387516436,0.2902533335,145.5764331,6,0.04562094425,0.001880288311,-0.03212009629,0.03588067291
real_20240707,real,2024-07-07,adapted,7,0.002193669696,59.71164103,3.014863438,9.089401551,154.6658346,7,0.04846939349,0.002193669696,-0.0318067149,0.0361940543
real_20240707,real,2024-07-07,adapted,8,0.002507051081,58.57752325,-5.045628976,25.45837177,180.1242064,8,0.0564475733,0.002507051081,-0.03149333352,0.03650743568
real_20240707,real,2024-07-07,adapted,9,0.002820432466,58.43985192,-3.228548607,10.42352611,190.5477325,9,0.05971411235,0.002820432466,-0.03117995213,0.03682081707
real_20240707,real,2024-07-07,adapted,10,0.003133813851,57.87823785,3.355402225,11.25872409,201.8064566,10,0.0632423869,0.003133813851,-0.03086657075,0.03713419845
real_20240707,real,2024-07-07,adapted,11,0.003447195237,57.60073106,2.418911771,5.851134156,207.6575908,11,0.06507602343,0.003447195237,-0.03055318936,0.03744757984
real_20240707,real,2024-07-07,adapted,12,0.003760576622,56.8234665,-3.855758058,14.8668702,222.524461,12,0.06973502381,0.003760576622,-0.03023980798,0.03776096122
real_20240707,real,2024-07-07,adapted,13,0.004073958007,56.26639339,-1.573079666,2.474579635,224.9990406,13,0.070510511,0.004073958007,-0.02992642659,0.03807434261
real_20240707,real,2024-07-07,adapted,14,0.004387339392,55.84828677,0.8136389585,0.6620083548,225.661049,14,0.0707179721,0.004387339392,-0.02961304521,0.03838772399
real_20240707,real,2024-07-07,adapted,15,0.004700720777,55.57289411,-0.3500666208,0.122546639,225.7835956,15,0.07075637593,0.004700720777,-0.02929966382,0.03870110538
real_20240707,real,2024-07-07,adapted,16,0.005014102162,54.75161437,-2.537505117,6.438932219,232.2225278,16,0.07277421743,0.005014102162,-0.02898628244,0.03901448676
real_20240707,real,2024-07-07,adapted,17,0.005327483547,54.56368977,-7.036804045,49.51661117,281.739139,17,0.08829180162,0.005327483547,-0.02867290105,0.03932786815
real_20240707,real,2024-07-07,adapted,18,0.005640864933,54.07775325,2.8335294,8.028888863,289.7680278,18,0.09080790594,0.005640864933,-0.02835951967,0.03964124953
real_20240707,real,2024-07-07,adapted,19,0.005954246318,53.72837288,0.9250263807,0.855673805,290.6237017,19,0.09107605818,0.005954246318,-0.02804613828,0.03995463092
real_20240707,real,2024-07-07,adapted,20,0.006267627703,53.18522643,0.6467204797,0.4182473788,291.041949,20,0.09120712912,0.006267627703,-0.0277327569,0.0402680123
real_20240707,real,2024-07-07,adapted,21,0.006581009088,52.55649706,-0.8781245975,0.7711028087,291.8130518,21,0.09144877839,0.006581009088,-0.02741937551,0.04058139369
real_20240707,real,2024-07-07,adapted,22,0.006894390473,52.10410292,0.3081812947,0.09497571039,291.9080275,22,0.09147854201,0.006894390473,-0.02710599413,0.04089477507
real_20240707,real,2024-07-07,adapted,23,0.007207771858,52.01080347,1.617521721,2.616376518,294.5244041,23,0.09229846571,0.007207771858,-0.02679261274,0.04120815646
real_20240707,real,2024-07-07,adapted,24,0.007521153243,51.65158745,-1.523362254,2.320632558,296.8450366,24,0.09302570875,0.007521153243,-0.02647923136,0.04152153784
real_20240707,real,2024-07-07,adapted,25,0.007834534629,51.41440096,0.586838561,0.3443794967,297.1894161,25,0.09313363088,0.007834534629,-0.02616584997,0.04183491923
real_20240707,real,2024-07-07,adapted,26,0.008147916014,51.12579467,-2.714200401,7.366883815,304.5562999,26,0.09544227513,0.008147916014,-0.02585246859,0.04214830061
real_20240707,real,2024-07-07,adapted,27,0.008461297399,50.77580581,-1.88105223,3.53835749,308.0946574,27,0.0965511305,0.008461297399,-0.0255390872,0.042461682
real_20240707,real,2024-07-07,adapted,28,0.008774678784,50.13398085,-0.688632318,0.4742144694,308.5688719,28,0.09669974049,0.008774678784,-0.02522570582,0.04277506338
real_20240707,real,2024-07-07,adapted,29,0.009088060169,49.59476165,-2.471329978,6.107471858,314.6763438,29,0.09861370848,0.009088060169,-0.02491232443,0.04308844477
real_20240707,real,2024-07-07,adapted,30,0.009401441554,49.51001095,-2.569091946,6.600233427,321.2765772,30,0.1006820988,0.009401441554,-0.02459894305,0.04340182615
real_20240707,real,2024-07-07,adapted,31,0.00971482294,49.02216673,-0.8229999839,0.6773289734,321.9539062,31,0.1008943611,0.00971482294,-0.02428556166,0.04371520754
real_20240707,real,2024-07-07,adapted,32,0.01002820432,48.63345793,0.9009967706,0.8117951805,322.7657013,32,0.1011487626,0.01002820432,-0.02397218028,0.04402858892
real_20240707,real,2024-07-07,adapted,33,0.01034158571,48.30904696,-0.01065551213,0.0001135399388,322.7658149,33,0.1011487981,0.01034158571,-0.02365879889,0.04434197031
real_20240707,real,2024-07-07,adapted,34,0.01065496709,48.04919119,0.1313193627,0.01724477502,322.7830597,34,0.1011542023,0.01065496709,-0.02334541751,0.0446553517
real_20240707,real,2024-07-07,adapted,35,0.01096834848,47.64489014,-0.06754349997,0.004562124388,322.7876218,35,0.101155632,0.01096834848,-0.02303203612,0.04496873308
real_20240707,real,2024-07-07,adapted,36,0.01128172987,47.57291839,2.766373474,7.652822196,330.440444,36,0.103553884,0.01128172987,-0.02271865474,0.04528211447
real_20240707,real,2024-07-07,adapted,37,0.01159511125,47.38209657,0.6673053825,0.4452964735,330.8857404,37,0.1036934317,0.01159511125,-0.02240527335,0.04559549585
real_20240707,real,2024-07-07,adapted,38,0.01190849264,47.09278378,1.512176907,2.286678999,333.1724194,38,0.1044100343,0.01190849264,-0.02209189196,0.04590887724
real_20240707,real,2024-07-07,adapted,39,0.01222187402,46.77313308,2.6116061,6.82048642,339.9929059,39,0.1065474478,0.01222187402,-0.02177851058,0.04622225862
real_20240707,real,2024-07-07,adapted,40,0.01253525541,46.55811719,-1.8290643,3.345476212,343.3383821,40,0.1075958577,0.01253525541,-0.02146512919,0.04653564001
real_20240707,real,2024-07-07,adapted,41,0.01284863679,46.14921183,1.483749591,2.20151285,345.5398949,41,0.1082857709,0.01284863679,-0.02115174781,0.04684902139
real_20240707,real,2024-07-07,adapted,42,0.01316201818,46.02357993,0.2395590849,0.05738855518,345.5972835,42,0.1083037554,0.01316201818,-0.02083836642,0.04716240278
real_20240707,real,2024-07-07,adapted,43,0.01347539956,45.82716686,-1.402888402,1.968095869,347.5653794,43,0.10892052,0.01347539956,-0.02052498504,0.04747578416
real_20240707,real,2024-07-07,adapted,44,0.01378878095,45.20427758,0.8325948201,0.6932141345,348.2585935,44,0.1091377604,0.01378878095,-0.02021160365,0.04778916555
real_20240707,real,2024-07-07,adapted,45,0.01410216233,45.06240165,-0.7716805569,0.5954908819,348.8540844,45,0.1093243762,0.01410216233,-0.01989822227,0.04810254693
real_20240707,real,2024-07-07,adapted,46,0.01441554372,44.95371795,1.501940736,2.255825975,351.1099103,46,0.11003131,0.01441554372,-0.01958484088,0.04841592832
real_20240707,real,2024-07-07,adapted,47,0.0147289251,44.88785895,-2.335466356,5.454403099,356.5643134,47,0.1117406184,0.0147289251,-0.0192714595,0.0487293097
real_20240707,real,2024-07-07,adapted,48,0.01504230649,44.58119702,1.858459064,3.453870094,360.0181835,48,0.112822997,0.01504230649,-0.01895807811,0.04904269109
real_20240707,real,2024-07-07,adapted,49,0.01535568787,44.32239947,-0.626889038,0.3929898659,360.4111734,49,0.1129461527,0.01535568787,-0.01864469673,0.04935607247
real_20240707,real,2024-07-07,adapted,50,0.01566906926,43.62602321,-2.497015279,6.235085301,366.6462587,50,0.1149001124,0.01566906926,-0.01833131534,0.04966945386
real_20240707,real,2024-07-07,adapted,51,0.01598245064,43.56456621,0.4029867439,0.1623983158,366.808657,51,0.114951005,0.01598245064,-0.01801793396,0.04998283524
real_20240707,real,2024-07-07,adapted,52,0.01629583203,43.33630555,2.297214021,5.27719226,372.0858493,52,0.1166047788,0.01629583203,-0.01770455257,0.05029621663
real_20240707,real,2024-07-07,adapted,53,0.01660921341,43.10065214,0.7403613461,0.5481349229,372.6339842,53,0.1167765541,0.01660921341,-0.01739117119,0.05060959801
real_20240707,real,2024-07-07,adapted,54,0.0169225948,43.03390541,-2.178719527,4.746818775,377.380803,54,0.1182641188,0.0169225948,-0.0170777898,0.0509229794
real_20240707,real,2024-07-07,adapted,55,0.01723597618,42.72289685,-1.331826159,1.773760917,379.1545639,55,0.1188199824,0.01723597618,-0.01676440842,0.05123636078
real_20240707,real,2024-07-07,adapted,56,0.01754935757,42.41699673,1.386089981,1.921245434,381.0758093,56,0.119422065,0.01754935757,-0.01645102703,0.05154974217
real_20240707,real,2024-07-07,adapted,57,0.01786273895,42.25208884,-0.6486980235,0.4208091256,381.4966185,57,0.1195539387,0.01786273895,-0.01613764565,0.05186312355
real_20240707,real,2024-07-07,adapted,58,0.01817612034,41.97411271,0.8356976276,0.6983905247,382.195009,58,0.1197728013,0.01817612034,-0.01582426426,0.05217650494
real_20240707,real,2024-07-07,adapted,59,0.01848950172,41.77261586,-1.085466525,1.178237576,383.3732466,59,0.120142039,0.01848950172,-0.01551088288,0.05248988632
real_20240707,real,2024-07-07,adapted,60,0.01880288311,41.58547197,2.336217068,5.45791019,388.8311567,60,0.1218524465,0.01880288311,-0.01519750149,0.05280326771
real_20240707,real,2024-07-07,adapted,61,0.01911626449,41.39860455,0.4206596464,0.1769545381,389.0081113,61,0.1219079007,0.01911626449,-0.01488412011,0.05311664909
real_20240707,real,2024-07-07,adapted,62,0.01942964588,41.16251877,-0.5494078302,0.3018489639,389.3099602,62,0.1220024946,0.01942964588,-0.01457073872,0.05343003048
real_20240707,real,2024-07-07,adapted,63,0.01974302726,40.97786901,0.3991287132,0.1593037297,389.469264,63,0.1220524174,0.01974302726,-0.01425735734,0.05374341186
real_20240707,real,2024-07-07,adapted,64,0.02005640865,40.96101753,-1.410467038,1.989417265,391.4586812,64,0.1226758638,0.02005640865,-0.01394397595,0.05405679325
real_20240707,real,2024-07-07,adapted,65,0.02036979003,40.80675767,1.034736902,1.070680457,392.5293617,65,0.1230113951,0.02036979003,-0.01363059457,0.05437017463
real_20240707,real,2024-07-07,adapted,66,0.02068317142,40.59853477,-0.2484308872,0.06171790574,392.5910796,66,0.1230307363,0.02068317142,-0.01331721318,0.05468355602
real_20240707,real,2024-07-07,adapted,67,0.0209965528,40.41735978,2.866012671,8.214028629,400.8051082,67,0.12560486,0.0209965528,-0.0130038318,0.05499693741
real_20240707,real,2024-07-07,adapted,68,0.02130993419,40.21038432,1.987127905,3.948677311,404.7537855,68,0.126842302,0.02130993419,-0.01269045041,0.05531031879
real_20240707,real,2024-07-07,adapted,69,0.02162331558,40.05083993,-1.449888591,2.102176925,406.8559625,69,0.1275010851,0.02162331558,-0.01237706903,0.05562370018
real_20240707,real,2024-07-07,adapted,70,0.02193669696,39.92420426,1.418458867,2.012025557,408.867988,70,0.1281316164,0.02193669696,-0.01206368764,0.05593708156
real_20240707,real,2024-07-07,adapted,71,0.02225007835,39.9065386,1.319158265,1.740178528,410.6081666,71,0.128676956,0.02225007835,-0.01175030625,0.05625046295
real_20240707,real,2024-07-07,adapted,72,0.02256345973,39.78950865,1.589054591,2.525094495,413.133261,72,0.1294682736,0.02256345973,-0.01143692487,0.05656384433
real_20240707,real,2024-07-07,adapted,73,0.02287684112,39.58704145,-2.799116104,7.835050961,420.968312,73,0.1319236327,0.02287684112,-0.01112354348,0.05687722572
real_20240707,real,2024-07-07,adapted,74,0.0231902225,39.45852907,-1.125286082,1.266268766,422.2345808,74,0.1323204578,0.0231902225,-0.0108101621,0.0571906071
real_20240707,real,2024-07-07,adapted,75,0.02350360389,39.41694635,0.5239833746,0.2745585768,422.5091394,75,0.1324064993,0.02350360389,-0.01049678071,0.05750398849
real_20240707,real,2024-07-07,adapted,76,0.02381698527,39.22661422,1.096899712,1.203188979,423.7123283,76,0.1327835564,0.02381698527,-0.01018339933,0.05781736987
real_20240707,real,2024-07-07,adapted,77,0.02413036666,39.16689828,1.93493623,3.743978214,427.4563065,77,0.1339568494,0.02413036666,-0.009870017944,0.05813075126
real_20240707,real,2024-07-07,adapted,78,0.02444374804,38.94229304,0.04066872725,0.001653945377,427.4579605,78,0.1339573678,0.02444374804,-0.009556636559,0.05844413264
real_20240707,real,2024-07-07,adapted,79,0.02475712943,38.80679872,-0.1087167604,0.01181933399,427.4697798,79,0.1339610717,0.02475712943,-0.009243255174,0.05875751403
real_20240707,real,2024-07-07,adapted,80,0.02507051081,38.71029633,-0.7035498527,0.4949823953,427.9647622,80,0.13411619,0.02507051081,-0.008929873789,0.05907089541
real_20240707,real,2024-07-07,adapted,81,0.0253838922,38.60791171,1.632479988,2.66499091,430.6297531,81,0.1349513485,0.0253838922,-0.008616492403,0.0593842768
real_20240707,real,2024-07-07,adapted,82,0.02569727358,38.45373619,-2.094095798,4.385237213,435.0149903,82,0.1363256002,0.02569727358,-0.008303111018,0.05969765818
real_20240707,real,2024-07-07,adapted,83,0.02601065497,38.31116257,0.681768123,0.4648077736,435.4797981,83,0.1364712623,0.02601065497,-0.007989729633,0.06001103957
real_20240707,real,2024-07-07,adapted,84,0.02632403635,38.23814948,1.231998727,1.517820863,436.997619,84,0.1369469191,0.02632403635,-0.007676348248,0.06032442095
real_20240707,real,2024-07-07,adapted,85,0.02663741774,38.16922875,1.395005995,1.946041727,438.9436607,85,0.1375567724,0.02663741774,-0.007362966863,0.06063780234
real_20240707,real,2024-07-07,adapted,86,0.02695079912,37.97313295,-1.372306076,1.883223966,440.8268847,86,0.1381469397,0.02695079912,-0.007049585478,0.06095118372
real_20240707,real,2024-07-07,adapted,87,0.02726418051,37.81513887,1.249107283,1.560269004,442.3871537,87,0.138635899,0.02726418051,-0.006736204093,0.06126456511
real_20240707,real,2024-07-07,adapted,88,0.02757756189,37.67238906,-3.65346552,13.34781031,455.734964,88,0.1428188543,0.02757756189,-0.006422822707,0.06157794649
real_20240707,real,2024-07-07,adapted,89,0.02789094328,37.61861452,-0.08808497957,0.007758963626,455.7427229,89,0.1428212858,0.02789094328,-0.006109441322,0.06189132788
real_20240707,real,2024-07-07,adapted,90,0.02820432466,37.48405972,1.459250616,2.12941236,457.8721353,90,0.143488604,0.02820432466,-0.005796059937,0.06220470926
real_20240707,real,2024-07-07,adapted,91,0.02851770605,37.4134769,2.196324167,4.823839848,462.6959752,91,0.1450003056,0.02851770605,-0.005482678552,0.06251809065
real_20240707,real,2024-07-07,adapted,92,0.02883108743,37.35934858,0.7636407153,0.5831471421,463.2791223,92,0.1451830531,0.02883108743,-0.005169297167,0.06283147203
real_20240707,real,2024-07-07,adapted,93,0.02914446882,37.24503525,-0.9295312725,0.8640283865,464.1431507,93,0.1454538235,0.02914446882,-0.004855915782,0.06314485342
real_20240707,real,2024-07-07,adapted,94,0.0294578502,37.14385141,1.362784825,1.857182479,466.0003332,94,0.1460358299,0.0294578502,-0.004542534397,0.0634582348
real_20240707,real,2024-07-07,adapted,95,0.02977123159,36.96781613,0.9553723467,0.9127363209,466.9130695,95,0.1463218645,0.02977123159,-0.004229153011,0.06377161619
real_20240707,real,2024-07-07,adapted,96,0.03008461297,36.88573982,-2.959964491,8.761389789,475.6744593,96,0.1490675209,0.03008461297,-0.003915771626,0.06408499757
real_20240707,real,2024-07-07,adapted,97,0.03039799436,36.77437452,0.3017904768,0.0910774919,475.7655368,97,0.1490960629,0.03039799436,-0.003602390241,0.06439837896
real_20240707,real,2024-07-07,adapted,98,0.03071137574,36.70494862,1.6100942,2.592403334,478.3579401,98,0.1499084739,0.03071137574,-0.003289008856,0.06471176034
real_20240707,real,2024-07-07,adapted,99,0.03102475713,36.60938522,-0.7211693183,0.5200851857,478.8780253,99,0.1500714589,0.03102475713,-0.002975627471,0.06502514173
real_20240707,real,2024-07-07,adapted,100,0.03133813851,36.54232497,2.68138691,7.18983576,486.067861,100,0.1523246196,0.03133813851,-0.002662246086,0.06533852311
real_20240707,real,2024-07-07,adapted,101,0.0316515199,36.37546084,1.105108489,1.221264773,487.2891258,101,0.1527073412,0.0316515199,-0.002348864701,0.0656519045
real_20240707,real,2024-07-07,adapted,102,0.03196490128,36.2144176,-2.266215918,5.135734586,492.4248604,102,0.1543167848,0.03196490128,-0.002035483315,0.06596528589
real_20240707,real,2024-07-07,adapted,103,0.03227828267,36.16031758,-0.1570294896,0.02465826061,492.4495187,103,0.1543245123,0.03227828267,-0.00172210193,0.06627866727
real_20240707,real,2024-07-07,adapted,104,0.03259166406,36.064663,-1.63603459,2.676609181,495.1261278,104,0.1551633118,0.03259166406,-0.001408720545,0.06659204866
real_20240707,real,2024-07-07,adapted,105,0.03290504544,35.9293286,2.254514128,5.082833954,500.2089618,105,0.1567561773,0.03290504544,-0.00109533916,0.06690543004
real_20240707,real,2024-07-07,adapted,106,0.03321842683,35.87500852,2.159674923,4.664195771,504.8731576,106,0.1582178494,0.03321842683,-0.0007819577748,0.06721881143
real_20240707,real,2024-07-07,adapted,107,0.03353180821,35.80431932,-1.552870253,2.411406023,507.2845636,107,0.1589735392,0.03353180821,-0.0004685763897,0.06753219281
real_20240707,real,2024-07-07,adapted,108,0.0338451896,35.76456082,-0.962414604,0.92624187,508.2108055,108,0.1592638062,0.0338451896,-0.0001551950045,0.0678455742
real_20240707,real,2024-07-07,adapted,109,0.03415857098,35.66803415,0.3266479809,0.1066989034,508.3175044,109,0.1592972436,0.03415857098,0.0001581863806,0.06815895558
real_20240707,real,2024-07-07,adapted,110,0.03447195237,35.51827045,0.1864062546,0.03474729175,508.3522517,110,0.1593081328,0.03447195237,0.0004715677658,0.06847233697
real_20240707,real,2024-07-07,adapted,111,0.03478533375,35.47663379,-1.043435951,1.088758584,509.4410102,111,0.1596493294,0.03478533375,0.0007849491509,0.06878571835
real_20240707,real,2024-07-07,adapted,112,0.03509871514,35.27776243,-0.3282357064,0.107738679,509.5487489,112,0.1596830927,0.03509871514,0.001098330536,0.06909909974
real_20240707,real,2024-07-07,adapted,113,0.03541209652,35.20379852,0.7761439775,0.6023994738,510.1511484,113,0.1598718735,0.03541209652,0.001411711921,0.06941248112
real_20240707,real,2024-07-07,adapted,114,0.03572547791,35.13379002,1.071972953,1.149126013,511.3002744,114,0.1602319882,0.03572547791,0.001725093306,0.06972586251
real_20240707,real,2024-07-07,adapted,115,0.03603885929,35.12014091,-0.441240201,0.1946929149,511.4949673,115,0.1602930014,0.03603885929,0.002038474691,0.07003924389
real_20240707,real,2024-07-07,adapted,116,0.03635224068,34.97649705,0.1994539556,0.0397818804,511.5347492,116,0.1603054683,0.03635224068,0.002351856077,0.07035262528
real_20240707,real,2024-07-07,adapted,117,0.03666562206,34.90117797,-1.085047825,1.177328783,512.712078,117,0.1606744212,0.03666562206,0.002665237462,0.07066600666
real_20240707,real,2024-07-07,adapted,118,0.03697900345,34.78578789,1.920171951,3.687060321,516.3991383,118,0.1618298772,0.03697900345,0.002978618847,0.07097938805
real_20240707,real,2024-07-07,adapted,119,0.03729238483,34.70406886,-0.2553281665,0.06519247261,516.4643308,119,0.1618503074,0.03729238483,0.003292000232,0.07129276943
real_20240707,real,2024-07-07,adapted,120,0.03760576622,34.59018694,-1.861086076,3.463641382,519.9279722,120,0.1629357481,0.03760576622,0.003605381617,0.07160615082
real_20240707,real,2024-07-07,adapted,121,0.0379191476,34.51650029,-1.675609565,2.807667413,522.7356396,121,0.1638156188,0.0379191476,0.003918763002,0.0719195322
real_20240707,real,2024-07-07,adapted,122,0.03823252899,34.48719655,0.65089906,0.4236695863,523.1593092,122,0.163948389,0.03823252899,0.004232144388,0.07223291359
real_20240707,real,2024-07-07,adapted,123,0.03854591037,34.39329378,1.487320769,2.212123071,525.3714322,123,0.1646416271,0.03854591037,0.004545525773,0.07254629497
real_20240707,real,2024-07-07,adapted,124,0.03885929176,34.25306865,1.697755511,2.882373776,528.253806,124,0.1655449094,0.03885929176,0.004858907158,0.07285967636
real_20240707,real,2024-07-07,adapted,125,0.03917267314,34.1673377,0.904017229,0.8172471503,529.0710532,125,0.1658010195,0.03917267314,0.005172288543,0.07317305774
real_20240707,real,2024-07-07,adapted,126,0.03948605453,34.04662123,0.2474889143,0.06125076268,529.1323039,126,0.1658202143,0.03948605453,0.005485669928,0.07348643913
real_20240707,real,2024-07-07,adapted,127,0.03979943591,33.98053726,-1.411906664,1.993480428,531.1257843,127,0.166444934,0.03979943591,0.005799051313,0.07379982051
real_20240707,real,2024-07-07,adapted,128,0.0401128173,33.8384912,0.1328626486,0.01765248339,531.1434368,128,0.1664504659,0.0401128173,0.006112432698,0.0741132019
real_20240707,real,2024-07-07,adapted,129,0.04042619868,33.70392449,1.702572312,2.898752477,534.0421893,129,0.167358881,0.04042619868,0.006425814084,0.07442658328
real_20240707,real,2024-07-07,adapted,130,0.04073958007,33.6921946,0.467556427,0.2186090124,534.2607983,130,0.167427389,0.04073958007,0.006739195469,0.07473996467
real_20240707,real,2024-07-07,adapted,131,0.04105296145,33.65030372,1.098425191,1.2065379,535.4673362,131,0.1678054955,0.04105296145,0.007052576854,0.07505334605
real_20240707,real,2024-07-07,adapted,132,0.04136634284,33.63454229,-0.5547667822,0.3077661826,535.7751024,132,0.1679019437,0.04136634284,0.007365958239,0.07536672744
real_20240707,real,2024-07-07,adapted,133,0.04167972422,33.53416618,1.761388683,3.102490092,538.8775925,133,0.1688742064,0.04167972422,0.007679339624,0.07568010882
real_20240707,real,2024-07-07,adapted,134,0.04199310561,33.46249261,1.635859124,2.676035074,541.5536276,134,0.1697128259,0.04199310561,0.007992721009,0.07599349021
real_20240707,real,2024-07-07,adapted,135,0.04230648699,33.38744347,0.01716379632,0.000294595904,541.5539222,135,0.1697129183,0.04230648699,0.008306102394,0.07630687159
real_20240707,real,2024-07-07,adapted,136,0.04261986838,33.34486527,-1.262023858,1.592704219,543.1466264,136,0.1702120421,0.04261986838,0.00861948378,0.07662025298
real_20240707,real,2024-07-07,adapted,137,0.04293324976,33.27723747,2.430071058,5.905245347,549.0518717,137,0.1720626361,0.04293324976,0.008932865165,0.07693363437
real_20240707,real,2024-07-07,adapted,138,0.04324663115,33.19258112,-0.1429770861,0.02044244716,549.0723142,138,0.1720690424,0.04324663115,0.00924624655,0.07724701575
real_20240707,real,2024-07-07,adapted,139,0.04356001254,33.0339865,-0.02904736576,0.0008437494578,549.0731579,139,0.1720693068,0.04356001254,0.009559627935,0.07756039714
real_20240707,real,2024-07-07,adapted,140,0.04387339392,32.97032568,-0.5555252067,0.3086082553,549.3817662,140,0.1721660189,0.04387339392,0.00987300932,0.07787377852
real_20240707,real,2024-07-07,adapted,141,0.04418677531,32.92148439,-1.46374491,2.142549161,551.5243153,141,0.1728374539,0.04418677531,0.01018639071,0.07818715991
real_20240707,real,2024-07-07,adapted,142,0.04450015669,32.86306285,2.619168944,6.860045957,558.3843613,142,0.1749872646,0.04450015669,0.01049977209,0.07850054129
real_20240707,real,2024-07-07,adapted,143,0.04481353808,32.73148346,-2.816352575,7.931841825,566.3162031,143,0.1774729562,0.04481353808,0.01081315348,0.07881392268
real_20240707,real,2024-07-07,adapted,144,0.04512691946,32.65643524,0.7190564095,0.51704212,566.8332452,144,0.1776349875,0.04512691946,0.01112653486,0.07912730406
real_20240707,real,2024-07-07,adapted,145,0.04544030085,32.62776401,0.431970555,0.1865985604,567.0198438,145,0.1776934641,0.04544030085,0.01143991625,0.07944068545
real_20240707,real,2024-07-07,adapted,146,0.04575368223,32.52182512,0.00819250201,6.711708918e-05,567.0199109,146,0.1776934851,0.04575368223,0.01175329763,0.07975406683
real_20240707,real,2024-07-07,adapted,147,0.04606706362,32.46157604,-1.017553869,1.035415875,568.0553268,147,0.1780179652,0.04606706362,0.01206667902,0.08006744822
real_20240707,real,2024-07-07,adapted,148,0.046380445,32.34978693,-0.7572624004,0.573446343,568.6287731,148,0.1781976726,0.046380445,0.0123800604,0.0803808296
real_20240707,real,2024-07-07,adapted,149,0.04669382639,32.2850499,1.294302779,1.675219685,570.3039928,149,0.1787226552,0.04669382639,0.01269344179,0.08069421099
real_20240707,real,2024-07-07,adapted,150,0.04700720777,32.23966955,-0.2928558334,0.08576453915,570.3897574,150,0.1787495322,0.04700720777,0.01300682317,0.08100759237
real_20240707,real,2024-07-07,adapted,151,0.04732058916,32.220776,1.369218286,1.874758714,572.2645161,151,0.1793370467,0.04732058916,0.01332020456,0.08132097376
real_20240707,real,2024-07-07,adapted,152,0.04763397054,32.15176603,1.393477804,1.941780391,574.2062965,152,0.1799455645,0.04763397054,0.01363358594,0.08163435514
real_20240707,real,2024-07-07,adapted,153,0.04794735193,32.01063539,0.8168468942,0.6672388486,574.8735353,153,0.1801546648,0.04794735193,0.01394696733,0.08194773653
real_20240707,real,2024-07-07,adapted,154,0.04826073331,31.94052355,1.037280026,1.075949852,575.9494852,154,0.1804918474,0.04826073331,0.01426034871,0.08226111791
real_20240707,real,2024-07-07,adapted,155,0.0485741147,31.88908363,1.32896014,1.766135053,577.7156202,155,0.1810453213,0.0485741147,0.0145737301,0.0825744993
real_20240707,real,2024-07-07,adapted,156,0.04888749608,31.87376951,-0.1675934759,0.02808757318,577.7437078,156,0.1810541234,0.04888749608,0.01488711148,0.08288788068
real_20240707,real,2024-07-07,adapted,157,0.04920087747,31.76630598,2.68247976,7.195697665,584.9394055,157,0.1833091211,0.04920087747,0.01520049287,0.08320126207
real_20240707,real,2024-07-07,adapted,158,0.04951425885,31.76015833,0.8254774304,0.681412988,585.6208184,158,0.1835226633,0.04951425885,0.01551387425,0.08351464345
real_20240707,real,2024-07-07,adapted,159,0.04982764024,31.64483858,0.5854661945,0.3427706649,585.9635891,159,0.1836300812,0.04982764024,0.01582725564,0.08382802484
real_20240707,real,2024-07-07,adapted,160,0.05014102162,31.53985292,0.5610735899,0.3148035733,586.2783927,160,0.1837287348,0.05014102162,0.01614063702,0.08414140622
real_20240707,real,2024-07-07,adapted,161,0.05045440301,31.46016458,0.916233127,0.839483143,587.1178758,161,0.1839918132,0.05045440301,0.01645401841,0.08445478761
real_20240707,real,2024-07-07,adapted,162,0.05076778439,31.44000031,0.4934149627,0.2434583254,587.3613342,162,0.1840681085,0.05076778439,0.01676739979,0.08476816899
real_20240707,real,2024-07-07,adapted,163,0.05108116578,31.38283048,0.3998590104,0.1598872282,587.5212214,163,0.1841182142,0.05108116578,0.01708078118,0.08508155038
real_20240707,real,2024-07-07,adapted,164,0.05139454716,31.32272636,0.6327700966,0.4003979951,587.9216194,164,0.1842436914,0.05139454716,0.01739416256,0.08539493176
real_20240707,real,2024-07-07,adapted,165,0.05170792855,31.20347859,-0.6226685754,0.3877161548,588.3093355,165,0.1843651945,0.05170792855,0.01770754395,0.08570831315
real_20240707,real,2024-07-07,adapted,166,0.05202130993,31.19213338,-2.091068344,4.37256682,592.6819024,166,0.1857354755,0.05202130993,0.01802092533,0.08602169453
real_20240707,real,2024-07-07,adapted,167,0.05233469132,31.15512011,0.1172943531,0.01375796526,592.6956603,167,0.185739787,0.05233469132,0.01833430672,0.08633507592
real_20240707,real,2024-07-07,adapted,168,0.0526480727,31.0279601,-0.6990271655,0.488638978,593.1842993,168,0.1858929174,0.0526480727,0.0186476881,0.0866484573
real_20240707,real,2024-07-07,adapted,169,0.05296145409,30.98491827,-0.765318375,0.5857122151,593.7700115,169,0.1860764687,0.05296145409,0.01896106949,0.08696183869
real_20240707,real,2024-07-07,adapted,170,0.05327483547,30.91667893,-0.4294921352,0.1844634942,593.954475,170,0.1861342761,0.05327483547,0.01927445087,0.08727522008
real_20240707,real,2024-07-07,adapted,171,0.05358821686,30.84698115,-0.3595620524,0.1292848695,594.0837599,171,0.1861747916,0.05358821686,0.01958783226,0.08758860146
real_20240707,real,2024-07-07,adapted,172,0.05390159825,30.81426063,-0.8875324457,0.7877138422,594.8714737,172,0.1864216464,0.05390159825,0.01990121364,0.08790198285
real_20240707,real,2024-07-07,adapted,173,0.05421497963,30.66246738,0.5297482851,0.2806332456,595.152107,173,0.1865095917,0.05421497963,0.02021459503,0.08821536423
real_20240707,real,2024-07-07,adapted,174,0.05452836102,30.60049362,-0.4679421034,0.2189698121,595.3710768,174,0.1865782127,0.05452836102,0.02052797642,0.08852874562
real_20240707,real,2024-07-07,adapted,175,0.0548417424,30.52262776,0.9742746753,0.949211143,596.3202879,175,0.1868756778,0.0548417424,0.0208413578,0.088842127
real_20240707,real,2024-07-07,adapted,176,0.05515512379,30.48615393,1.287558859,1.657807816,597.9780957,176,0.1873952039,0.05515512379,0.02115473919,0.08915550839
real_20240707,real,2024-07-07,adapted,177,0.05546850517,30.46124623,0.5422512774,0.2940364479,598.2721322,177,0.1874873495,0.05546850517,0.02146812057,0.08946888977
real_20240707,real,2024-07-07,adapted,178,0.05578188656,30.42418489,1.818198383,3.30584536,601.5779775,178,0.1885233399,0.05578188656,0.02178150196,0.08978227116
real_20240707,real,2024-07-07,adapted,179,0.05609526794,30.32758126,-0.1669903506,0.0278857772,601.6058633,179,0.1885320788,0.05609526794,0.02209488334,0.09009565254
real_20240707,real,2024-07-07,adapted,180,0.05640864933,30.31948545,-0.1666681483,0.02777827166,601.6336416,180,0.188540784,0.05640864933,0.02240826473,0.09040903393
real_20240707,real,2024-07-07,adapted,181,0.05672203071,30.24193447,0.9309036504,0.8665816064,602.5002232,181,0.1888123545,0.05672203071,0.02272164611,0.09072241531
real_20240707,real,2024-07-07,adapted,182,0.0570354121,30.16940601,-0.7810012331,0.6099629262,603.1101861,182,0.1890035055,0.0570354121,0.0230350275,0.0910357967
real_20240707,real,2024-07-07,adapted,183,0.05734879348,30.10284573,-0.6460369574,0.4173637503,603.5275499,183,0.1891342996,0.05734879348,0.02334840888,0.09134917808
real_20240707,real,2024-07-07,adapted,184,0.05766217487,30.05359422,0.8296727657,0.6883568981,604.2159068,184,0.1893500178,0.05766217487,0.02366179027,0.09166255947
real_20240707,real,2024-07-07,adapted,185,0.05797555625,30.00029218,0.128525322,0.01651875839,604.2324255,185,0.1893551945,0.05797555625,0.02397517165,0.09197594085
real_20240707,real,2024-07-07,adapted,186,0.05828893764,29.95073051,-1.973206284,3.893543041,608.1259686,186,0.1905753584,0.05828893764,0.02428855304,0.09228932224
real_20240707,real,2024-07-07,adapted,187,0.05860231902,29.87557714,-0.5348496686,0.286064168,608.4120327,187,0.1906650056,0.05860231902,0.02460193442,0.09260270362
real_20240707,real,2024-07-07,adapted,188,0.05891570041,29.79882464,-1.716061954,2.94486863,611.3569014,188,0.1915878726,0.05891570041,0.02491531581,0.09291608501
real_20240707,real,2024-07-07,adapted,189,0.05922908179,29.70941194,-0.5874232424,0.3450660657,611.7019674,189,0.1916960099,0.05922908179,0.02522869719,0.09322946639
real_20240707,real,2024-07-07,adapted,190,0.05954246318,29.63166244,-0.2363816483,0.05587628363,611.7578437,190,0.1917135204,0.05954246318,0.02554207858,0.09354284778
real_20240707,real,2024-07-07,adapted,191,0.05985584456,29.59746187,-1.451212481,2.106017665,613.8638614,191,0.1923735072,0.05985584456,0.02585545996,0.09385622916
real_20240707,real,2024-07-07,adapted,192,0.06016922595,29.54280771,-2.397120801,5.746188136,619.6100495,192,0.1941742556,0.06016922595,0.02616884135,0.09416961055
real_20240707,real,2024-07-07,adapted,193,0.06048260733,29.47735749,0.5388035179,0.2903092309,619.9003587,193,0.1942652331,0.06048260733,0.02648222273,0.09448299193
real_20240707,real,2024-07-07,adapted,194,0.06079598872,29.38065919,-0.1361517491,0.01853729879,619.918896,194,0.1942710423,0.06079598872,0.02679560412,0.09479637332
real_20240707,real,2024-07-07,adapted,195,0.0611093701,29.34326135,-0.2144693168,0.04599708785,619.9648931,195,0.194285457,0.0611093701,0.0271089855,0.0951097547
real_20240707,real,2024-07-07,adapted,196,0.06142275149,29.25948649,-1.870701231,3.499523094,623.4644162,196,0.1953821423,0.06142275149,0.02742236689,0.09542313609
real_20240707,real,2024-07-07,adapted,197,0.06173613287,29.23420503,-0.1036095148,0.01073493157,623.4751512,197,0.1953855065,0.06173613287,0.02773574827,0.09573651747
real_20240707,real,2024-07-07,adapted,198,0.06204951426,29.2021774,-1.053945597,1.110801322,624.5859525,198,0.1957336109,0.06204951426,0.02804912966,0.09604989886
real_20240707,real,2024-07-07,adapted,199,0.06236289564,29.15750402,0.4892388205,0.2393546235,624.8253071,199,0.1958086202,0.06236289564,0.02836251104,0.09636328024
real_20240707,real,2024-07-07,adapted,200,0.06267627703,29.10457505,0.7013340371,0.4918694316,625.3171765,200,0.1959627629,0.06267627703,0.02867589243,0.09667666163
real_20240707,real,2024-07-07,adapted,201,0.06298965841,29.05895524,-1.29712102,1.682522941,626.9996995,201,0.1964900343,0.06298965841,0.02898927381,0.09699004301
real_20240707,real,2024-07-07,adapted,202,0.0633030398,28.99537697,-0.8866013628,0.7860619765,627.7857615,202,0.1967363715,0.0633030398,0.0293026552,0.0973034244
real_20240707,real,2024-07-07,adapted,203,0.06361642118,28.94454138,-1.234574957,1.524175323,629.3099368,203,0.1972140197,0.06361642118,0.02961603658,0.09761680578
real_20240707,real,2024-07-07,adapted,204,0.06392980257,28.93142593,0.005197379234,2.70127509e-05,629.3099638,204,0.1972140281,0.06392980257,0.02992941797,0.09793018717
real_20240707,real,2024-07-07,adapted,205,0.06424318395,28.7625973,-1.194389416,1.426566077,630.7365299,205,0.1976610874,0.06424318395,0.03024279935,0.09824356856
real_20240707,real,2024-07-07,adapted,206,0.06455656534,28.71838546,1.360007854,1.849621363,632.5861512,206,0.1982407243,0.06455656534,0.03055618074,0.09855694994
real_20240707,real,2024-07-07,adapted,207,0.06486994673,28.69422147,0.6824122554,0.4656864863,633.0518377,207,0.1983866618,0.06486994673,0.03086956212,0.09887033133
real_20240707,real,2024-07-07,adapted,208,0.06518332811,28.6524457,0.9129792279,0.8335310706,633.8853688,208,0.1986478749,0.06518332811,0.03118294351,0.09918371271
real_20240707,real,2024-07-07,adapted,209,0.0654967095,28.52825571,-1.146295344,1.313993015,635.1993618,209,0.1990596558,0.0654967095,0.0314963249,0.0994970941
real_20240707,real,2024-07-07,adapted,210,0.06581009088,28.49113996,2.245550102,5.042495259,640.2418571,210,0.20063988,0.06581009088,0.03180970628,0.09981047548
real_20240707,real,2024-07-07,adapted,211,0.06612347227,28.44301919,0.2625063082,0.06890956183,640.3107666,211,0.200661475,0.06612347227,0.03212308767,0.1001238569
real_20240707,real,2024-07-07,adapted,212,0.06643685365,28.40445431,-1.300235513,1.690612389,642.001379,212,0.2011912814,0.06643685365,0.03243646905,0.1004372383
real_20240707,real,2024-07-07,adapted,213,0.06675023504,28.39606579,1.92484671,3.705034858,645.7064139,213,0.2023523704,0.06675023504,0.03274985044,0.1007506196
real_20240707,real,2024-07-07,adapted,214,0.06706361642,28.31593602,-1.936182686,3.748803393,649.4552173,214,0.2035271756,0.06706361642,0.03306323182,0.101064001
real_20240707,real,2024-07-07,adapted,215,0.06737699781,28.27406587,0.3489801663,0.1217871565,649.5770044,215,0.2035653414,0.06737699781,0.03337661321,0.1013773824
real_20240707,real,2024-07-07,adapted,216,0.06769037919,28.23405754,1.134695644,1.287534204,650.8645386,216,0.2039688307,0.06769037919,0.03368999459,0.1016907638
real_20240707,real,2024-07-07,adapted,217,0.06800376058,28.1524937,1.143986209,1.308704445,652.1732431,217,0.2043789543,0.06800376058,0.03400337598,0.1020041452
real_20240707,real,2024-07-07,adapted,218,0.06831714196,28.12557493,-0.5608142081,0.314512576,652.4877556,218,0.2044775167,0.06831714196,0.03431675736,0.1023175266
real_20240707,real,2024-07-07,adapted,219,0.06863052335,28.07112099,-0.1061089518,0.01125910965,652.4990148,219,0.2044810451,0.06863052335,0.03463013875,0.1026309079
real_20240707,real,2024-07-07,adapted,220,0.06894390473,28.04460718,1.691563487,2.861387032,655.3604018,220,0.2053777505,0.06894390473,0.03494352013,0.1029442893
real_20240707,real,2024-07-07,adapted,221,0.06925728612,27.99390607,0.4152451465,0.1724285317,655.5328303,221,0.2054317864,0.06925728612,0.03525690152,0.1032576707
real_20240707,real,2024-07-07,adapted,222,0.0695706675,27.93416149,-1.098051712,1.205717562,656.7385479,222,0.2058096358,0.0695706675,0.0355702829,0.1035710521
real_20240707,real,2024-07-07,adapted,223,0.06988404889,27.89386757,-0.5944133381,0.3533272165,657.0918751,223,0.205920362,0.06988404889,0.03588366429,0.1038844335
real_20240707,real,2024-07-07,adapted,224,0.07019743027,27.86589912,1.292745938,1.67119206,658.7630672,224,0.2064440825,0.07019743027,0.03619704567,0.1041978149
real_20240707,real,2024-07-07,adapted,225,0.07051081166,27.80348614,0.3365692946,0.1132788901,658.876346,225,0.206479582,0.07051081166,0.03651042706,0.1045111963
real_20240707,real,2024-07-07,adapted,226,0.07082419304,27.77218463,-0.1129871579,0.01276609785,658.8891121,226,0.2064835826,0.07082419304,0.03682380844,0.1048245776
real_20240707,real,2024-07-07,adapted,227,0.07113757443,27.7202445,-0.3336751501,0.1113391058,659.0004513,227,0.2065184742,0.07113757443,0.03713718983,0.105137959
real_20240707,real,2024-07-07,adapted,228,0.07145095581,27.66102334,-1.738539587,3.022519897,662.0229711,228,0.2074656757,0.07145095581,0.03745057121,0.1054513404
real_20240707,real,2024-07-07,adapted,229,0.0717643372,27.59501633,-0.8112398196,0.658110045,662.6810812,229,0.2076719151,0.0717643372,0.0377639526,0.1057647218
real_20240707,real,2024-07-07,adapted,230,0.07207771858,27.57131329,-0.7938639767,0.6302200135,663.3113012,230,0.2078694144,0.07207771858,0.03807733398,0.1060781032
real_20240707,real,2024-07-07,adapted,231,0.07239109997,27.51552767,0.455707549,0.2076693702,663.5189706,231,0.2079344941,0.07239109997,0.03839071537,0.1063914846
real_20240707,real,2024-07-07,adapted,232,0.07270448135,27.42396746,-1.876923698,3.522842566,667.0418131,232,0.2090384874,0.07270448135,0.03870409675,0.106704866
real_20240707,real,2024-07-07,adapted,233,0.07301786274,27.38035151,1.680662856,2.824627636,669.8664408,233,0.2099236731,0.07301786274,0.03901747814,0.1070182473
real_20240707,real,2024-07-07,adapted,234,0.07333124412,27.35097145,-0.4875833172,0.2377374912,670.1041783,234,0.2099981756,0.07333124412,0.03933085952,0.1073316287
real_20240707,real,2024-07-07,adapted,235,0.07364462551,27.27108928,1.122704089,1.260464471,671.3646427,235,0.2103931817,0.07364462551,0.03964424091,0.1076450101
real_20240707,real,2024-07-07,adapted,236,0.07395800689,27.24458266,-0.1221718064,0.01492595027,671.3795687,236,0.2103978592,0.07395800689,0.03995762229,0.1079583915
real_20240707,real,2024-07-07,adapted,237,0.07427138828,27.22562703,1.058211538,1.119811659,672.4993804,237,0.2107487873,0.07427138828,0.04027100368,0.1082717729
real_20240707,real,2024-07-07,adapted,238,0.07458476966,27.19608441,-0.3156930802,0.09966212087,672.5990425,238,0.2107800196,0.07458476966,0.04058438506,0.1085851543
real_20240707,real,2024-07-07,adapted,239,0.07489815105,27.11677045,1.169573351,1.367901823,673.9669443,239,0.2112086945,0.07489815105,0.04089776645,0.1088985357
real_20240707,real,2024-07-07,adapted,240,0.07521153243,27.08401709,-1.588851512,2.524449128,676.4913934,240,0.2119998099,0.07521153243,0.04121114783,0.109211917
real_20240707,real,2024-07-07,adapted,241,0.07552491382,27.05058454,-0.5987931933,0.3585532883,676.8499467,241,0.2121121738,0.07552491382,0.04152452922,0.1095252984
real_20240707,real,2024-07-07,adapted,242,0.07583829521,27.01664758,-1.120711821,1.255994986,678.1059417,242,0.2125057793,0.07583829521,0.04183791061,0.1098386798
real_20240707,real,2024-07-07,adapted,243,0.07615167659,26.92161178,-1.291172599,1.667126681,679.7730684,243,0.2130282258,0.07615167659,0.04215129199,0.1101520612
real_20240707,real,2024-07-07,adapted,244,0.07646505798,26.86599978,-1.33555696,1.783712393,681.5567808,244,0.213587208,0.07646505798,0.04246467338,0.1104654426
real_20240707,real,2024-07-07,adapted,245,0.07677843936,26.84146446,-0.9409309822,0.8853511132,682.4421319,245,0.2138646606,0.07677843936,0.04277805476,0.110778824
real_20240707,real,2024-07-07,adapted,246,0.07709182075,26.79988095,1.401015218,1.962843641,684.4049755,246,0.2144797792,0.07709182075,0.04309143615,0.1110922053
real_20240707,real,2024-07-07,adapted,247,0.07740520213,26.74942025,1.426478804,2.034841778,686.4398173,247,0.2151174608,0.07740520213,0.04340481753,0.1114055867
real_20240707,real,2024-07-07,adapted,248,0.07771858352,26.68217793,-0.721267954,0.5202274614,686.9600448,248,0.2152804904,0.07771858352,0.04371819892,0.1117189681
real_20240707,real,2024-07-07,adapted,249,0.0780319649,26.63363237,-0.02540449235,0.0006453882315,686.9606902,249,0.2152806926,0.0780319649,0.0440315803,0.1120323495
real_20240707,real,2024-07-07,adapted,250,0.07834534629,26.61111266,-0.1072296434,0.01149819641,686.9721883,250,0.2152842959,0.07834534629,0.04434496169,0.1123457309
real_20240707,real,2024-07-07,adapted,251,0.07865872767,26.57181435,0.3919491457,0.1536241328,687.1258125,251,0.2153324389,0.07865872767,0.04465834307,0.1126591123
real_20240707,real,2024-07-07,adapted,252,0.07897210906,26.54743696,-0.9482056632,0.8990939797,688.0249065,252,0.2156141982,0.07897210906,0.04497172446,0.1129724937
real_20240707,real,2024-07-07,adapted,253,0.07928549044,26.50299371,0.3888857079,0.1512320938,688.1761386,253,0.2156615915,0.07928549044,0.04528510584,0.113285875
real_20240707,real,2024-07-07,adapted,254,0.07959887183,26.45786044,0.03744930372,0.001402450349,688.177541,254,0.215662031,0.07959887183,0.04559848723,0.1135992564
real_20240707,real,2024-07-07,adapted,255,0.07991225321,26.38888565,-2.054290449,4.220109247,692.3976503,255,0.2169845347,0.07991225321,0.04591186861,0.1139126378
real_20240707,real,2024-07-07,adapted,256,0.0802256346,26.35864914,-0.2125650163,0.04518388614,692.4428341,256,0.2169986945,0.0802256346,0.04622525,0.1142260192
real_20240707,real,2024-07-07,adapted,257,0.08053901598,26.32817387,1.45647381,2.121315959,694.5641501,257,0.2176634754,0.08053901598,0.04653863138,0.1145394006
real_20240707,real,2024-07-07,adapted,258,0.08085239737,26.25787117,1.575878689,2.483393642,697.0475437,258,0.2184417248,0.08085239737,0.04685201277,0.114852782
real_20240707,real,2024-07-07,adapted,259,0.08116577875,26.20052689,-0.7152029222,0.5115152199,697.559059,259,0.2186020241,0.08116577875,0.04716539415,0.1151661634
real_20240707,real,2024-07-07,adapted,260,0.08147916014,26.16503824,0.1770283326,0.03133903053,697.590398,260,0.2186118452,0.08147916014,0.04747877554,0.1154795447
real_20240707,real,2024-07-07,adapted,261,0.08179254152,26.1362156,0.5004292141,0.2504293983,697.8408274,261,0.2186903251,0.08179254152,0.04779215692,0.1157929261
real_20240707,real,2024-07-07,adapted,262,0.08210592291,26.12354572,-0.1521681324,0.02315514053,697.8639825,262,0.2186975815,0.08210592291,0.04810553831,0.1161063075
real_20240707,real,2024-07-07,adapted,263,0.08241930429,26.09261622,-0.9734365841,0.9475787832,698.8115613,263,0.218994535,0.08241930429,0.04841891969,0.1164196889
real_20240707,real,2024-07-07,adapted,264,0.08273268568,25.98815513,-0.6632335718,0.4398787708,699.2514401,264,0.2191323849,0.08273268568,0.04873230108,0.1167330703
real_20240707,real,2024-07-07,adapted,265,0.08304606706,25.95032854,-0.4862415267,0.2364308223,699.4878709,265,0.2192064779,0.08304606706,0.04904568246,0.1170464517
real_20240707,real,2024-07-07,adapted,266,0.08335944845,25.92936542,2.165830868,4.690823347,704.1786943,266,0.2206764946,0.08335944845,0.04935906385,0.117359833
real_20240707,real,2024-07-07,adapted,267,0.08367282983,25.89247279,1.49466924,2.234036136,706.4127304,267,0.2213765999,0.08367282983,0.04967244523,0.1176732144
real_20240707,real,2024-07-07,adapted,268,0.08398621122,25.84470792,1.817861649,3.304620973,709.7173514,268,0.2224122066,0.08398621122,0.04998582662,0.1179865958
real_20240707,real,2024-07-07,adapted,269,0.0842995926,25.81115347,0.2620910739,0.06869173102,709.7860431,269,0.2224337333,0.0842995926,0.050299208,0.1182999772
real_20240707,real,2024-07-07,adapted,270,0.08461297399,25.7788893,-0.7352760396,0.5406308544,710.3266739,270,0.222603157,0.08461297399,0.05061258939,0.1186133586
real_20240707,real,2024-07-07,adapted,271,0.08492635537,25.73478344,0.5238475418,0.274416247,710.6010902,271,0.2226891539,0.08492635537,0.05092597077,0.11892674
real_20240707,real,2024-07-07,adapted,272,0.08523973676,25.70377896,0.9363567756,0.8767640111,711.4778542,272,0.2229639155,0.08523973676,0.05123935216,0.1192401214
real_20240707,real,2024-07-07,adapted,273,0.08555311814,25.6577054,2.236012318,4.999751084,716.4776053,273,0.2245307444,0.08555311814,0.05155273354,0.1195535027
real_20240707,real,2024-07-07,adapted,274,0.08586649953,25.63181186,-1.682028305,2.82921922,719.3068245,274,0.225417369,0.08586649953,0.05186611493,0.1198668841
real_20240707,real,2024-07-07,adapted,275,0.08617988092,25.62392632,0.6475675793,0.4193437698,719.7261683,275,0.2255487835,0.08617988092,0.05217949631,0.1201802655
real_20240707,real,2024-07-07,adapted,276,0.0864932623,25.55963968,-0.04613082987,0.002128053464,719.7282963,276,0.2255494504,0.0864932623,0.0524928777,0.1204936469
real_20240707,real,2024-07-07,adapted,277,0.08680664369,25.44445656,0.337854721,0.1141458125,719.8424421,277,0.2255852216,0.08680664369,0.05280625909,0.1208070283
real_20240707,real,2024-07-07,adapted,278,0.08712002507,25.43113771,-0.6675320105,0.4455989851,720.2880411,278,0.225724864,0.08712002507,0.05311964047,0.1211204097
real_20240707,real,2024-07-07,adapted,279,0.08743340646,25.41131079,-0.08898745611,0.007918767345,720.2959599,279,0.2257273456,0.08743340646,0.05343302186,0.1214337911
real_20240707,real,2024-07-07,adapted,280,0.08774678784,25.35885888,-0.4109511511,0.1688808486,720.4648407,280,0.2257802697,0.08774678784,0.05374640324,0.1217471724
real_20240707,real,2024-07-07,adapted,281,0.08806016923,25.35484431,0.19014463,0.03615498032,720.5009957,281,0.2257916,0.08806016923,0.05405978463,0.1220605538
real_20240707,real,2024-07-07,adapted,282,0.08837355061,25.31624112,0.7584347269,0.575223235,721.076219,282,0.2259718643,0.08837355061,0.05437316601,0.1223739352
real_20240707,real,2024-07-07,adapted,283,0.088686932,25.29523119,0.4018955798,0.1615200571,721.237739,283,0.2260224817,0.088686932,0.0546865474,0.1226873166
real_20240707,real,2024-07-07,adapted,284,0.08900031338,25.23674635,-1.033415443,1.067947478,722.3056865,284,0.2263571565,0.08900031338,0.05499992878,0.123000698
real_20240707,real,2024-07-07,adapted,285,0.08931369477,25.20268904,0.2145394488,0.04602717509,722.3517137,285,0.2263715806,0.08931369477,0.05531331017,0.1233140794
real_20240707,real,2024-07-07,adapted,286,0.08962707615,25.18593005,-0.6120789106,0.3746405929,722.7263543,286,0.226488986,0.08962707615,0.05562669155,0.1236274608
real_20240707,real,2024-07-07,adapted,287,0.08994045754,25.1543666,-1.263736728,1.597030517,724.3233848,287,0.2269894656,0.08994045754,0.05594007294,0.1239408421
real_20240707,real,2024-07-07,adapted,288,0.09025383892,25.09365812,2.567232165,6.590680991,730.9140658,288,0.2290548624,0.09025383892,0.05625345432,0.1242542235
real_20240707,real,2024-07-07,adapted,289,0.09056722031,25.07452121,-0.6409606274,0.4108305259,731.3248963,289,0.229183609,0.09056722031,0.05656683571,0.1245676049
real_20240707,real,2024-07-07,adapted,290,0.09088060169,25.04977756,2.426012968,5.885538923,737.2104352,290,0.2310280273,0.09088060169,0.05688021709,0.1248809863
real_20240707,real,2024-07-07,adapted,291,0.09119398308,25.0108496,-1.157029802,1.338717962,738.5491532,291,0.2314475566,0.09119398308,0.05719359848,0.1251943677
real_20240707,real,2024-07-07,adapted,292,0.09150736446,24.99224541,0.4596377347,0.2112668472,738.76042,292,0.2315137637,0.09150736446,0.05750697986,0.1255077491
real_20240707,real,2024-07-07,adapted,293,0.09182074585,24.97022526,-0.1957190042,0.03830592862,738.798726,293,0.2315257681,0.09182074585,0.05782036125,0.1258211304
real_20240707,real,2024-07-07,adapted,294,0.09213412723,24.9193932,0.9243834544,0.8544847707,739.6532107,294,0.2317935477,0.09213412723,0.05813374263,0.1261345118
real_20240707,real,2024-07-07,adapted,295,0.09244750862,24.86132865,-0.5418262553,0.2935756909,739.9467864,295,0.2318855489,0.09244750862,0.05844712402,0.1264478932
real_20240707,real,2024-07-07,adapted,296,0.09276089,24.85859551,-0.74773262,0.559104071,740.5058905,296,0.2320607617,0.09276089,0.0587605054,0.1267612746
real_20240707,real,2024-07-07,adapted,297,0.09307427139,24.81288789,0.3630652468,0.1318163734,740.6377069,297,0.2321020705,0.09307427139,0.05907388679,0.127074656
real_20240707,real,2024-07-07,adapted,298,0.09338765277,24.77517577,0.2345447576,0.05501124331,740.6927181,298,0.23211931,0.09338765277,0.05938726817,0.1273880374
real_20240707,real,2024-07-07,adapted,299,0.09370103416,24.71791093,1.566317775,2.453351372,743.1460695,299,0.2328881446,0.09370103416,0.05970064956,0.1277014188
real_20240707,real,2024-07-07,adapted,300,0.09401441554,24.6872953,0.09026322144,0.008147449145,743.1542169,300,0.2328906979,0.09401441554,0.06001403094,0.1280148001
real_20240707,real,2024-07-07,adapted,301,0.09432779693,24.66039238,-0.6868969685,0.4718274454,743.6260444,301,0.2330385598,0.09432779693,0.06032741233,0.1283281815
real_20240707,real,2024-07-07,adapted,302,0.09464117831,24.64797913,-0.9479777425,0.8986618003,744.5247062,302,0.2333201837,0.09464117831,0.06064079371,0.1286415629
real_20240707,real,2024-07-07,adapted,303,0.0949545597,24.58529746,-0.9762174859,0.9530005797,745.4777068,303,0.2336188363,0.0949545597,0.0609541751,0.1289549443
real_20240707,real,2024-07-07,adapted,304,0.09526794108,24.56166922,0.6916219879,0.4783409741,745.9560477,304,0.2337687395,0.09526794108,0.06126755648,0.1292683257
real_20240707,real,2024-07-07,adapted,305,0.09558132247,24.51619674,0.01076637606,0.0001159148534,745.9561636,305,0.2337687758,0.09558132247,0.06158093787,0.1295817071
real_20240707,real,2024-07-07,adapted,306,0.09589470385,24.5000582,0.6962719919,0.4847946868,746.4409583,306,0.2339207015,0.09589470385,0.06189431925,0.1298950885
real_20240707,real,2024-07-07,adapted,307,0.09620808524,24.46913299,-0.02247528902,0.0005051386165,746.4414635,307,0.2339208598,0.09620808524,0.06220770064,0.1302084698
real_20240707,real,2024-07-07,adapted,308,0.09652146662,24.43120672,0.1636225511,0.02677233923,746.4682358,308,0.2339292497,0.09652146662,0.06252108202,0.1305218512
real_20240707,real,2024-07-07,adapted,309,0.09683484801,24.40295079,0.5446815449,0.2966779854,746.7649138,309,0.2340222231,0.09683484801,0.06283446341,0.1308352326
real_20240707,real,2024-07-07,adapted,310,0.0971482294,24.35280849,-1.155744812,1.335746071,748.1006599,310,0.234440821,0.0971482294,0.06314784479,0.131148614
real_20240707,real,2024-07-07,adapted,311,0.09746161078,24.33950815,-0.9143043152,0.8359523808,748.9366122,311,0.2347027929,0.09746161078,0.06346122618,0.1314619954
real_20240707,real,2024-07-07,adapted,312,0.09777499217,24.31589173,0.8585683919,0.7371396836,749.6737519,312,0.2349337988,0.09777499217,0.06377460757,0.1317753768
real_20240707,real,2024-07-07,adapted,313,0.09808837355,24.28749649,-1.461143871,2.134941413,751.8086933,313,0.2356028497,0.09808837355,0.06408798895,0.1320887582
real_20240707,real,2024-07-07,adapted,314,0.09840175494,24.26171258,-0.595173044,0.3542309524,752.1629243,314,0.2357138591,0.09840175494,0.06440137034,0.1324021395
real_20240707,real,2024-07-07,adapted,315,0.09871513632,24.23152729,-0.9192500018,0.8450205659,753.0079449,315,0.2359786728,0.09871513632,0.06471475172,0.1327155209
real_20240707,real,2024-07-07,adapted,316,0.09902851771,24.20537476,1.108207517,1.2281239,754.2360688,316,0.236363544,0.09902851771,0.06502813311,0.1330289023
real_20240707,real,2024-07-07,adapted,317,0.09934189909,24.16794366,1.72263849,2.967483368,757.2035521,317,0.237293498,0.09934189909,0.06534151449,0.1333422837
real_20240707,real,2024-07-07,adapted,318,0.09965528048,24.15682675,-0.2849816074,0.08121451658,757.2847666,318,0.2373189491,0.09965528048,0.06565489588,0.1336556651
real_20240707,real,2024-07-07,adapted,319,0.09996866186,24.1203188,0.3719355802,0.1383360758,757.4231027,319,0.2373623011,0.09996866186,0.06596827726,0.1339690465
real_20240707,real,2024-07-07,adapted,320,0.1002820432,24.08779541,0.8248204822,0.6803288278,758.1034315,320,0.2375755035,0.1002820432,0.06628165865,0.1342824278
real_20240707,real,2024-07-07,adapted,321,0.1005954246,24.0795481,-0.3596127873,0.1293213568,758.2327529,321,0.2376160304,0.1005954246,0.06659504003,0.1345958092
real_20240707,real,2024-07-07,adapted,322,0.100908806,24.00707659,0.2045953261,0.04185924747,758.2746122,322,0.2376291483,0.100908806,0.06690842142,0.1349091906
real_20240707,real,2024-07-07,adapted,323,0.1012221874,23.99473862,0.9252251697,0.8560416146,759.1306538,323,0.2378974158,0.1012221874,0.0672218028,0.135222572
real_20240707,real,2024-07-07,adapted,324,0.1015355688,23.97028322,0.6479704659,0.4198657247,759.5505195,324,0.2380289939,0.1015355688,0.06753518419,0.1355359534
real_20240707,real,2024-07-07,adapted,325,0.1018489502,23.95315376,-0.6598420579,0.4353915414,759.985911,325,0.2381654375,0.1018489502,0.06784856557,0.1358493348
real_20240707,real,2024-07-07,adapted,326,0.1021623316,23.93006345,-1.789351931,3.201780331,763.1876914,326,0.2391688158,0.1021623316,0.06816194696,0.1361627162
real_20240707,real,2024-07-07,adapted,327,0.1024757129,23.90018808,1.051402903,1.105448064,764.2931394,327,0.2395152427,0.1024757129,0.06847532834,0.1364760975
real_20240707,real,2024-07-07,adapted,328,0.1027890943,23.86784792,-0.2537000655,0.06436372322,764.3575032,328,0.2395354131,0.1027890943,0.06878870973,0.1367894789
real_20240707,real,2024-07-07,adapted,329,0.1031024757,23.83445156,0.8659174609,0.7498130492,765.1073162,329,0.2397703905,0.1031024757,0.06910209111,0.1371028603
real_20240707,real,2024-07-07,adapted,330,0.1034158571,23.79600883,-1.305103582,1.703295359,766.8106116,330,0.2403041716,0.1034158571,0.0694154725,0.1374162417
real_20240707,real,2024-07-07,adapted,331,0.1037292385,23.78682289,0.1969400323,0.03878537632,766.8493969,331,0.2403163262,0.1037292385,0.06972885388,0.1377296231
real_20240707,real,2024-07-07,adapted,332,0.1040426199,23.73518631,-0.2369887706,0.05616367741,766.9055606,332,0.2403339269,0.1040426199,0.07004223527,0.1380430045
real_20240707,real,2024-07-07,adapted,333,0.1043560013,23.71515034,1.198979169,1.437551047,768.3431117,333,0.2407844286,0.1043560013,0.07035561665,0.1383563859
real_20240707,real,2024-07-07,adapted,334,0.1046693826,23.67048523,-0.5843123898,0.3414209689,768.6845326,334,0.2408914236,0.1046693826,0.07066899804,0.1386697672
real_20240707,real,2024-07-07,adapted,335,0.104982764,23.65966859,-1.06537234,1.135018223,769.8195509,335,0.2412471172,0.104982764,0.07098237942,0.1389831486
real_20240707,real,2024-07-07,adapted,336,0.1052961454,23.62281425,0.1946787929,0.0378998324,769.8574507,336,0.2412589943,0.1052961454,0.07129576081,0.13929653
real_20240707,real,2024-07-07,adapted,337,0.1056095268,23.6088907,-0.6269174179,0.3930254488,770.2504761,337,0.2413821611,0.1056095268,0.07160914219,0.1396099114
real_20240707,real,2024-07-07,adapted,338,0.1059229082,23.59605329,1.19688318,1.432529347,771.6830055,338,0.2418310892,0.1059229082,0.07192252358,0.1399232928
real_20240707,real,2024-07-07,adapted,339,0.1062362896,23.57715982,-0.4449122155,0.1979468795,771.8809524,339,0.241893122,0.1062362896,0.07223590496,0.1402366742
real_20240707,real,2024-07-07,adapted,340,0.1065496709,23.54915125,-0.7439688888,0.5534897075,772.4344421,340,0.2420665754,0.1065496709,0.07254928635,0.1405500555
real_20240707,real,2024-07-07,adapted,341,0.1068630523,23.53538313,-1.723264944,2.969642066,775.4040841,341,0.2429972059,0.1068630523,0.07286266773,0.1408634369
real_20240707,real,2024-07-07,adapted,342,0.1071764337,23.51339821,-0.5034148637,0.253426525,775.6575107,342,0.2430766251,0.1071764337,0.07317604912,0.1411768183
real_20240707,real,2024-07-07,adapted,343,0.1074898151,23.45327345,-0.6865147599,0.4713025156,776.1288132,343,0.2432243225,0.1074898151,0.0734894305,0.1414901997
real_20240707,real,2024-07-07,adapted,344,0.1078031965,23.42373998,-1.623440285,2.635558358,778.7643715,344,0.2440502575,0.1078031965,0.07380281189,0.1418035811
real_20240707,real,2024-07-07,adapted,345,0.1081165779,23.39927851,2.340949412,5.480044149,784.2444157,345,0.2457676013,0.1081165779,0.07411619328,0.1421169625
real_20240707,real,2024-07-07,adapted,346,0.1084299593,23.36399355,0.3084966456,0.09517018037,784.3395859,346,0.2457974258,0.1084299593,0.07442957466,0.1424303439
real_20240707,real,2024-07-07,adapted,347,0.1087433406,23.35139237,-0.3315712283,0.1099394794,784.4495253,347,0.2458318788,0.1087433406,0.07474295605,0.1427437252
real_20240707,real,2024-07-07,adapted,348,0.109056722,23.31763943,0.1340176683,0.01796073542,784.4674861,348,0.2458375074,0.109056722,0.07505633743,0.1430571066
real_20240707,real,2024-07-07,adapted,349,0.1093701034,23.29396296,0.7191810945,0.5172214467,784.9847075,349,0.245999595,0.1093701034,0.07536971882,0.143370488
real_20240707,real,2024-07-07,adapted,350,0.1096834848,23.27479553,-0.07602073425,0.005779152036,784.9904867,350,0.246001406,0.1096834848,0.0756831002,0.1436838694
real_20240707,real,2024-07-07,adapted,351,0.1099968662,23.26900491,-0.2605415013,0.06788187389,785.0583686,351,0.246022679,0.1099968662,0.07599648159,0.1439972508
real_20240707,real,2024-07-07,adapted,352,0.1103102476,23.23654797,-0.1011406665,0.01022943442,785.068598,352,0.2460258847,0.1103102476,0.07630986297,0.1443106322
real_20240707,real,2024-07-07,adapted,353,0.110623629,23.20832025,0.0223434879,0.0004992314518,785.0690972,353,0.2460260411,0.110623629,0.07662324436,0.1446240136
real_20240707,real,2024-07-07,adapted,354,0.1109370103,23.14647039,-0.7503300785,0.5629952267,785.6320924,354,0.2462024733,0.1109370103,0.07693662574,0.1449373949
real_20240707,real,2024-07-07,adapted,355,0.1112503917,23.11162592,0.3837990954,0.1473017456,785.7793942,355,0.246248635,0.1112503917,0.07725000713,0.1452507763
real_20240707,real,2024-07-07,adapted,356,0.1115637731,23.10677467,-0.9822483813,0.9648118826,786.7442061,356,0.2465509891,0.1115637731,0.07756338851,0.1455641577
real_20240707,real,2024-07-07,adapted,357,0.1118771545,23.08668942,0.3166955726,0.1002960857,786.8445022,357,0.24658242,0.1118771545,0.0778767699,0.1458775391
real_20240707,real,2024-07-07,adapted,358,0.1121905359,23.03069083,0.9791112068,0.9586587552,787.8031609,358,0.2468828458,0.1121905359,0.07819015128,0.1461909205
real_20240707,real,2024-07-07,adapted,359,0.1125039173,23.0273374,-0.19215418,0.03692322888,787.8400841,359,0.2468944168,0.1125039173,0.07850353267,0.1465043019
real_20240707,real,2024-07-07,adapted,360,0.1128172987,23.01532633,-0.6031672135,0.3638106874,788.2038948,360,0.2470084283,0.1128172987,0.07881691405,0.1468176833
real_20240707,real,2024-07-07,adapted,361,0.11313068,23.00069273,0.3799623723,0.1443714044,788.3482662,361,0.2470536716,0.11313068,0.07913029544,0.1471310646
real_20240707,real,2024-07-07,adapted,362,0.1134440614,22.97591314,2.490420633,6.202194928,794.5504612,362,0.2489973241,0.1134440614,0.07944367682,0.147444446
real_20240707,real,2024-07-07,adapted,363,0.1137574428,22.96509777,0.8698418285,0.7566248066,795.307086,363,0.2492344362,0.1137574428,0.07975705821,0.1477578274
real_20240707,real,2024-07-07,adapted,364,0.1140708242,22.91663061,1.135063104,1.288368249,796.5954542,364,0.2496381868,0.1140708242,0.08007043959,0.1480712088
real_20240707,real,2024-07-07,adapted,365,0.1143842056,22.87966389,-0.1404887292,0.01973708303,796.6151913,365,0.2496443721,0.1143842056,0.08038382098,0.1483845902
real_20240707,real,2024-07-07,adapted,366,0.114697587,22.87524089,-0.9080149547,0.824491158,797.4396825,366,0.2499027523,0.114697587,0.08069720236,0.1486979716
real_20240707,real,2024-07-07,adapted,367,0.1150109683,22.82978193,-2.351938839,5.531616303,802.9712988,367,0.2516362578,0.1150109683,0.08101058375,0.1490113529
real_20240707,real,2024-07-07,adapted,368,0.1153243497,22.82348255,0.9259581074,0.8573984166,803.8286972,368,0.2519049505,0.1153243497,0.08132396513,0.1493247343
real_20240707,real,2024-07-07,adapted,369,0.1156377311,22.78662446,0.7465437623,0.5573275891,804.3860248,369,0.2520796066,0.1156377311,0.08163734652,0.1496381157
real_20240707,real,2024-07-07,adapted,370,0.1159511125,22.74514405,1.717306907,2.949143014,807.3351678,370,0.2530038132,0.1159511125,0.0819507279,0.1499514971
real_20240707,real,2024-07-07,adapted,371,0.1162644939,22.71946883,1.152044305,1.327206081,808.6623739,371,0.2534197348,0.1162644939,0.08226410929,0.1502648785
real_20240707,real,2024-07-07,adapted,372,0.1165778753,22.70477238,0.1322332493,0.01748563222,808.6798595,372,0.2534252145,0.1165778753,0.08257749067,0.1505782599
real_20240707,real,2024-07-07,adapted,373,0.1168912567,22.67114696,0.8489308747,0.72068363,809.4005431,373,0.2536510633,0.1168912567,0.08289087206,0.1508916413
real_20240707,real,2024-07-07,adapted,374,0.117204638,22.66792051,-0.4679603233,0.2189868642,809.61953,374,0.2537196897,0.117204638,0.08320425344,0.1512050226
real_20240707,real,2024-07-07,adapted,375,0.1175180194,22.64949444,-0.908450036,0.8252814679,810.4448115,375,0.2539783176,0.1175180194,0.08351763483,0.151518404
real_20240707,real,2024-07-07,adapted,376,0.1178314008,22.62989585,-1.006066183,1.012169166,811.4569806,376,0.2542955126,0.1178314008,0.08383101621,0.1518317854
real_20240707,real,2024-07-07,adapted,377,0.1181447822,22.61113386,-1.389646505,1.931117408,813.388098,377,0.2549006888,0.1181447822,0.0841443976,0.1521451668
real_20240707,real,2024-07-07,adapted,378,0.1184581636,22.59483725,-0.6146101504,0.3777456369,813.7658437,378,0.2550190673,0.1184581636,0.08445777898,0.1524585482
real_20240707,real,2024-07-07,adapted,379,0.118771545,22.56011271,-0.1526159706,0.02329163448,813.7891353,379,0.2550263664,0.118771545,0.08477116037,0.1527719296
real_20240707,real,2024-07-07,adapted,380,0.1190849264,22.52365175,-0.3046268363,0.09279750939,813.8819328,380,0.2550554474,0.1190849264,0.08508454176,0.153085311
real_20240707,real,2024-07-07,adapted,381,0.1193983077,22.51417757,0.7132092668,0.5086674583,814.3906003,381,0.2552148544,0.1193983077,0.08539792314,0.1533986923
real_20240707,real,2024-07-07,adapted,382,0.1197116891,22.49075665,1.539189444,2.369104146,816.7597044,382,0.2559572875,0.1197116891,0.08571130453,0.1537120737
real_20240707,real,2024-07-07,adapted,383,0.1200250705,22.45618779,-1.026179674,1.053044722,817.8127491,383,0.2562872921,0.1200250705,0.08602468591,0.1540254551
real_20240707,real,2024-07-07,adapted,384,0.1203384519,22.45175098,-1.471326764,2.164802447,819.9775516,384,0.2569657009,0.1203384519,0.0863380673,0.1543388365
real_20240707,real,2024-07-07,adapted,385,0.1206518333,22.42491885,-0.8876422472,0.787908759,820.7654603,385,0.2572126168,0.1206518333,0.08665144868,0.1546522179
real_20240707,real,2024-07-07,adapted,386,0.1209652147,22.41686192,-2.304797556,5.312091775,826.0775521,386,0.2588773275,0.1209652147,0.08696483007,0.1549655993
real_20240707,real,2024-07-07,adapted,387,0.1212785961,22.39006938,0.389438818,0.151662593,826.2292147,387,0.2589248558,0.1212785961,0.08727821145,0.1552789807
real_20240707,real,2024-07-07,adapted,388,0.1215919774,22.35350728,0.1666799262,0.02778219781,826.2569969,388,0.2589335622,0.1215919774,0.08759159284,0.155592362
real_20240707,real,2024-07-07,adapted,389,0.1219053588,22.34041163,-1.263890493,1.597419179,827.8544161,389,0.2594341636,0.1219053588,0.08790497422,0.1559057434
real_20240707,real,2024-07-07,adapted,390,0.1222187402,22.30092072,-0.7891823662,0.6228088071,828.4772249,390,0.2596293403,0.1222187402,0.08821835561,0.1562191248
real_20240707,real,2024-07-07,adapted,391,0.1225321216,22.28174024,-0.4665320024,0.2176521092,828.694877,391,0.2596975484,0.1225321216,0.08853173699,0.1565325062
real_20240707,real,2024-07-07,adapted,392,0.122845503,22.26002075,-0.3337533529,0.1113913005,828.8062683,392,0.2597324564,0.122845503,0.08884511838,0.1568458876
real_20240707,real,2024-07-07,adapted,393,0.1231588844,22.24942299,-0.3936511527,0.15496123,828.9612295,393,0.2597810183,0.1231588844,0.08915849976,0.157159269
real_20240707,real,2024-07-07,adapted,394,0.1234722657,22.23934857,-0.3165764338,0.1002206385,829.0614502,394,0.2598124256,0.1234722657,0.08947188115,0.1574726503
real_20240707,real,2024-07-07,adapted,395,0.1237856471,22.20993285,-1.700641376,2.892181088,831.9536313,395,0.2607187813,0.1237856471,0.08978526253,0.1577860317
real_20240707,real,2024-07-07,adapted,396,0.1240990285,22.20322455,-1.472356144,2.167832615,834.1214639,396,0.2613981397,0.1240990285,0.09009864392,0.1580994131
real_20240707,real,2024-07-07,adapted,397,0.1244124099,22.16353887,-1.339866698,1.795242768,835.9167066,397,0.2619607354,0.1244124099,0.0904120253,0.1584127945
real_20240707,real,2024-07-07,adapted,398,0.1247257913,22.14045468,1.758255142,3.091461144,839.0081678,398,0.2629295418,0.1247257913,0.09072540669,0.1587261759
real_20240707,real,2024-07-07,adapted,399,0.1250391727,22.13588736,1.32672519,1.760199729,840.7683675,399,0.2634811556,0.1250391727,0.09103878807,0.1590395573
real_20240707,real,2024-07-07,adapted,400,0.1253525541,22.08992467,0.3944097401,0.1555590431,840.9239266,400,0.2635299049,0.1253525541,0.09135216946,0.1593529387
real_20240707,real,2024-07-07,adapted,401,0.1256659354,22.08288253,0.9322018727,0.8690003315,841.7929269,401,0.2638022334,0.1256659354,0.09166555084,0.15966632
real_20240707,real,2024-07-07,adapted,402,0.1259793168,22.08048327,0.2875366707,0.082677337,841.8756042,402,0.263828143,0.1259793168,0.09197893223,0.1599797014
real_20240707,real,2024-07-07,adapted,403,0.1262926982,22.03552732,-0.7778896538,0.6051123135,842.4807165,403,0.2640177739,0.1262926982,0.09229231361,0.1602930828
real_20240707,real,2024-07-07,adapted,404,0.1266060796,22.01612204,1.911148344,3.652487993,846.1332045,404,0.2651623957,0.1266060796,0.092605695,0.1606064642
real_20240707,real,2024-07-07,adapted,405,0.126919461,21.98429723,-0.4607645402,0.2123039615,846.3455085,405,0.2652289278,0.126919461,0.09291907638,0.1609198456
real_20240707,real,2024-07-07,adapted,406,0.1272328424,21.96546146,-1.903192117,3.622140234,849.9676487,406,0.2663640391,0.1272328424,0.09323245777,0.161233227
real_20240707,real,2024-07-07,adapted,407,0.1275462238,21.93044222,-0.05471534736,0.002993769237,849.9706425,407,0.2663649773,0.1275462238,0.09354583915,0.1615466084
real_20240707,real,2024-07-07,adapted,408,0.1278596051,21.90252671,-1.490259479,2.220873313,852.1915158,408,0.2670609576,0.1278596051,0.09385922054,0.1618599897
real_20240707,real,2024-07-07,adapted,409,0.1281729865,21.89800537,-1.464201633,2.143886421,854.3354022,409,0.2677328117,0.1281729865,0.09417260192,0.1621733711
real_20240707,real,2024-07-07,adapted,410,0.1284863679,21.88831683,-0.3892638061,0.1515263107,854.4869285,410,0.2677802973,0.1284863679,0.09448598331,0.1624867525
real_20240707,real,2024-07-07,adapted,411,0.1287997493,21.87667079,-0.0646253514,0.004176436044,854.491105,411,0.2677816061,0.1287997493,0.09479936469,0.1628001339
real_20240707,real,2024-07-07,adapted,412,0.1291131307,21.84741069,0.04060617323,0.001648861304,854.4927538,412,0.2677821228,0.1291131307,0.09511274608,0.1631135153
real_20240707,real,2024-07-07,adapted,413,0.1294265121,21.81816958,0.967994082,0.9370125427,855.4297664,413,0.2680757651,0.1294265121,0.09542612746,0.1634268967
real_20240707,real,2024-07-07,adapted,414,0.1297398935,21.78513129,-2.057527397,4.233418988,859.6631854,414,0.2694024398,0.1297398935,0.09573950885,0.1637402781
real_20240707,real,2024-07-07,adapted,415,0.1300532748,21.77203386,0.5748597322,0.3304637117,859.9936491,415,0.269506001,0.1300532748,0.09605289024,0.1640536594
real_20240707,real,2024-07-07,adapted,416,0.1303666562,21.75106847,0.2212792689,0.04896451484,860.0426136,416,0.2695213455,0.1303666562,0.09636627162,0.1643670408
real_20240707,real,2024-07-07,adapted,417,0.1306800376,21.73313742,-0.2493590244,0.06217992304,860.1047935,417,0.2695408316,0.1306800376,0.09667965301,0.1646804222
real_20240707,real,2024-07-07,adapted,418,0.130993419,21.71545455,0.7361615419,0.5419338158,860.6467273,418,0.2697106635,0.130993419,0.09699303439,0.1649938036
real_20240707,real,2024-07-07,adapted,419,0.1313068004,21.69911995,-0.04652223012,0.002164317896,860.6488917,419,0.2697113418,0.1313068004,0.09730641578,0.165307185
real_20240707,real,2024-07-07,adapted,420,0.1316201818,21.67244413,1.408463083,1.983768257,862.6326599,420,0.2703330178,0.1316201818,0.09761979716,0.1656205664
real_20240707,real,2024-07-07,adapted,421,0.1319335631,21.65020813,0.8987910116,0.8078252825,863.4404852,421,0.2705861752,0.1319335631,0.09793317855,0.1659339477
real_20240707,real,2024-07-07,adapted,422,0.1322469445,21.63836845,0.2059160478,0.04240141875,863.4828866,422,0.2705994631,0.1322469445,0.09824655993,0.1662473291
real_20240707,real,2024-07-07,adapted,423,0.1325603259,21.61148864,1.281296692,1.641721212,865.1246078,423,0.2711139479,0.1325603259,0.09855994132,0.1665607105
real_20240707,real,2024-07-07,adapted,424,0.1328737073,21.59863872,-0.933313737,0.8710745317,865.9956824,424,0.2713869265,0.1328737073,0.0988733227,0.1668740919
real_20240707,real,2024-07-07,adapted,425,0.1331870887,21.56479661,-0.810747872,0.6573121119,866.6529945,425,0.2715929158,0.1331870887,0.09918670409,0.1671874733
real_20240707,real,2024-07-07,adapted,426,0.1335004701,21.53512523,0.9956034365,0.9912262028,867.6442207,426,0.2719035477,0.1335004701,0.09950008547,0.1675008547
real_20240707,real,2024-07-07,adapted,427,0.1338138515,21.52385713,2.285283927,5.222522629,872.8667433,427,0.2735401891,0.1338138515,0.09981346686,0.1678142361
real_20240707,real,2024-07-07,adapted,428,0.1341272328,21.49048222,-0.9555189464,0.913016457,873.7797598,428,0.2738263114,0.1341272328,0.1001268482,0.1681276174
real_20240707,real,2024-07-07,adapted,429,0.1344406142,21.48320916,0.08448100314,0.007137039891,873.7868968,429,0.273828548,0.1344406142,0.1004402296,0.1684409988
real_20240707,real,2024-07-07,adapted,430,0.1347539956,21.46160131,0.6184327871,0.3824591122,874.1693559,430,0.2739484036,0.1347539956,0.100753611,0.1687543802
real_20240707,real,2024-07-07,adapted,431,0.135067377,21.43396099,-1.030217359,1.061347807,875.2307037,431,0.2742810103,0.135067377,0.1010669924,0.1690677616
real_20240707,real,2024-07-07,adapted,432,0.1353807584,21.41852882,0.8139293361,0.6624809642,875.8931847,432,0.2744886195,0.1353807584,0.1013803738,0.169381143
real_20240707,real,2024-07-07,adapted,433,0.1356941398,21.41026644,-1.304095034,1.700663858,877.5938485,433,0.2750215759,0.1356941398,0.1016937552,0.1696945244
real_20240707,real,2024-07-07,adapted,434,0.1360075212,21.38273383,0.8011678322,0.6418698954,878.2357184,434,0.2752227259,0.1360075212,0.1020071366,0.1700079058
real_20240707,real,2024-07-07,adapted,435,0.1363209025,21.36141623,-1.137402308,1.293684011,879.5294024,435,0.2756281424,0.1363209025,0.1023205179,0.1703212871
real_20240707,real,2024-07-07,adapted,436,0.1366342839,21.33374631,-0.307378001,0.09448123548,879.6238837,436,0.2756577511,0.1366342839,0.1026338993,0.1706346685
real_20240707,real,2024-07-07,adapted,437,0.1369476653,21.31757775,-0.3965826197,0.1572777743,879.7811615,437,0.275707039,0.1369476653,0.1029472807,0.1709480499
real_20240707,real,2024-07-07,adapted,438,0.1372610467,21.30569297,0.4044402435,0.1635719105,879.9447334,438,0.2757582994,0.1372610467,0.1032606621,0.1712614313
real_20240707,real,2024-07-07,adapted,439,0.1375744281,21.27045884,1.240546874,1.538956547,881.4836899,439,0.2762405797,0.1375744281,0.1035740435,0.1715748127
real_20240707,real,2024-07-07,adapted,440,0.1378878095,21.26679255,1.900556797,3.612116138,885.0958061,440,0.2773725497,0.1378878095,0.1038874249,0.1718881941
real_20240707,real,2024-07-07,adapted,441,0.1382011908,21.24653753,0.314607556,0.09897791429,885.194784,441,0.2774035675,0.1382011908,0.1042008062,0.1722015754
real_20240707,real,2024-07-07,adapted,442,0.1385145722,21.2357299,0.4774773595,0.2279846288,885.4227686,442,0.2774750137,0.1385145722,0.1045141876,0.1725149568
real_20240707,real,2024-07-07,adapted,443,0.1388279536,21.20248905,-0.0413343872,0.001708531565,885.4244771,443,0.2774755491,0.1388279536,0.104827569,0.1728283382
real_20240707,real,2024-07-07,adapted,444,0.139141335,21.18672401,2.037925495,4.153140324,889.5776175,444,0.278777066,0.139141335,0.1051409504,0.1731417196
real_20240707,real,2024-07-07,adapted,445,0.1394547164,21.17213645,-0.8313331167,0.691114751,890.2687322,445,0.2789936484,0.1394547164,0.1054543318,0.173455101
real_20240707,real,2024-07-07,adapted,446,0.1397680978,21.13652051,-0.2123233497,0.04508120483,890.3138134,446,0.2790077761,0.1397680978,0.1057677132,0.1737684824
real_20240707,real,2024-07-07,adapted,447,0.1400814792,21.13288291,0.3774637599,0.1424788901,890.4562923,447,0.2790524263,0.1400814792,0.1060810946,0.1740818638
real_20240707,real,2024-07-07,adapted,448,0.1403948605,21.09740606,0.2618873437,0.0685849808,890.5248773,448,0.2790739195,0.1403948605,0.1063944759,0.1743952451
real_20240707,real,2024-07-07,adapted,449,0.1407082419,21.08163563,-0.2535507223,0.0642879688,890.5891652,449,0.2790940662,0.1407082419,0.1067078573,0.1747086265
real_20240707,real,2024-07-07,adapted,450,0.1410216233,21.05273145,0.407024591,0.1656690177,890.7548343,450,0.2791459838,0.1410216233,0.1070212387,0.1750220079
real_20240707,real,2024-07-07,adapted,451,0.1413350047,21.04163712,1.216708707,1.480380079,892.2352143,451,0.2796099073,0.1413350047,0.1073346201,0.1753353893
real_20240707,real,2024-07-07,adapted,452,0.1416483861,21.01741282,-2.542063801,6.462088367,898.6973027,452,0.2816350055,0.1416483861,0.1076480015,0.1756487707
real_20240707,real,2024-07-07,adapted,453,0.1419617675,20.99556626,0.8503634232,0.7231179516,899.4204207,453,0.2818616173,0.1419617675,0.1079613829,0.1759621521
real_20240707,real,2024-07-07,adapted,454,0.1422751489,20.98453653,0.3501614951,0.1226130727,899.5430337,454,0.2819000419,0.1422751489,0.1082747643,0.1762755335
real_20240707,real,2024-07-07,adapted,455,0.1425885302,20.97081795,0.9438425324,0.890838726,900.4338725,455,0.2821792142,0.1425885302,0.1085881456,0.1765889148
real_20240707,real,2024-07-07,adapted,456,0.1429019116,20.95908256,0.692942046,0.480168679,900.9140411,456,0.2823296901,0.1429019116,0.108901527,0.1769022962
real_20240707,real,2024-07-07,adapted,457,0.143215293,20.93722846,0.3497492975,0.1223245711,901.0363657,457,0.2823680244,0.143215293,0.1092149084,0.1772156776
real_20240707,real,2024-07-07,adapted,458,0.1435286744,20.91396186,0.2044225583,0.04178858236,901.0781543,458,0.2823811201,0.1435286744,0.1095282898,0.177529059
real_20240707,real,2024-07-07,adapted,459,0.1438420558,20.8976656,0.5151035815,0.2653316997,901.343486,459,0.2824642701,0.1438420558,0.1098416712,0.1778424404
real_20240707,real,2024-07-07,adapted,460,0.1441554372,20.88994934,1.116279584,1.246080109,902.5895661,460,0.2828547684,0.1441554372,0.1101550526,0.1781558218
real_20240707,real,2024-07-07,adapted,461,0.1444688186,20.88037772,0.4535674158,0.2057234007,902.7952895,461,0.2829192383,0.1444688186,0.110468434,0.1784692032
real_20240707,real,2024-07-07,adapted,462,0.1447821999,20.86117278,1.403287238,1.969215072,904.7645046,462,0.2835363537,0.1447821999,0.1107818153,0.1787825845
real_20240707,real,2024-07-07,adapted,463,0.1450955813,20.81298337,-0.5795798892,0.335912848,905.1004174,463,0.2836416225,0.1450955813,0.1110951967,0.1790959659
real_20240707,real,2024-07-07,adapted,464,0.1454089627,20.80286415,-1.412776006,1.995936044,907.0963535,464,0.2842671117,0.1454089627,0.1114085781,0.1794093473
real_20240707,real,2024-07-07,adapted,465,0.1457223441,20.79367658,0.663707992,0.4405082986,907.5368618,465,0.2844051588,0.1457223441,0.1117219595,0.1797227287
real_20240707,real,2024-07-07,adapted,466,0.1460357255,20.77557917,1.125624921,1.267031463,908.8038932,466,0.2848022229,0.1460357255,0.1120353409,0.1800361101
real_20240707,real,2024-07-07,adapted,467,0.1463491069,20.76282946,-0.4488601286,0.2014754151,909.0053686,467,0.2848653615,0.1463491069,0.1123487223,0.1803494915
real_20240707,real,2024-07-07,adapted,468,0.1466624882,20.74911063,-0.7445546655,0.5543616499,909.5597303,468,0.2850390882,0.1466624882,0.1126621036,0.1806628728
real_20240707,real,2024-07-07,adapted,469,0.1469758696,20.73231563,0.3799650155,0.144373413,909.7041037,469,0.2850843321,0.1469758696,0.112975485,0.1809762542
real_20240707,real,2024-07-07,adapted,470,0.147289251,20.7081528,0.4213907107,0.1775701311,909.8816738,470,0.2851399793,0.147289251,0.1132888664,0.1812896356
real_20240707,real,2024-07-07,adapted,471,0.1476026324,20.69836294,-1.181521959,1.39599414,911.277668,471,0.2855774578,0.1476026324,0.1136022478,0.181603017
real_20240707,real,2024-07-07,adapted,472,0.1479160138,20.671864,-0.3107381546,0.09655820074,911.3742262,472,0.2856077174,0.1479160138,0.1139156292,0.1819163984
real_20240707,real,2024-07-07,adapted,473,0.1482293952,20.66661546,0.4928739961,0.242924776,911.617151,473,0.2856838455,0.1482293952,0.1142290106,0.1822297798
real_20240707,real,2024-07-07,adapted,474,0.1485427766,20.64784053,-0.6815605976,0.4645248482,912.0816758,474,0.2858294189,0.1485427766,0.114542392,0.1825431612
real_20240707,real,2024-07-07,adapted,475,0.1488561579,20.63481195,1.016563501,1.033401351,913.1150772,475,0.2861532677,0.1488561579,0.1148557733,0.1828565425
real_20240707,real,2024-07-07,adapted,476,0.1491695393,20.60312108,-0.00229861902,5.283649397e-06,913.1150824,476,0.2861532693,0.1491695393,0.1151691547,0.1831699239
real_20240707,real,2024-07-07,adapted,477,0.1494829207,20.59163387,-0.5868766665,0.3444242217,913.4595067,477,0.2862612055,0.1494829207,0.1154825361,0.1834833053
real_20240707,real,2024-07-07,adapted,478,0.1497963021,20.57494494,0.5802291579,0.3366658757,913.7961725,478,0.2863667103,0.1497963021,0.1157959175,0.1837966867
real_20240707,real,2024-07-07,adapted,479,0.1501096835,20.5443427,0.5081634578,0.2582300998,914.0544026,479,0.2864476348,0.1501096835,0.1161092989,0.1841100681
real_20240707,real,2024-07-07,adapted,480,0.1504230649,20.54143668,-1.112159015,1.236897675,915.2913003,480,0.2868352555,0.1504230649,0.1164226803,0.1844234495
real_20240707,real,2024-07-07,adapted,481,0.1507364463,20.51767359,-2.266260641,5.135937294,920.4272376,481,0.2884447626,0.1507364463,0.1167360617,0.1847368309
real_20240707,real,2024-07-07,adapted,482,0.1510498276,20.50597472,0.3643100368,0.1327218029,920.5599594,482,0.2884863552,0.1510498276,0.117049443,0.1850502122
real_20240707,real,2024-07-07,adapted,483,0.151363209,20.48783402,-0.1112885223,0.01238513519,920.5723445,483,0.2884902365,0.151363209,0.1173628244,0.1853635936
real_20240707,real,2024-07-07,adapted,484,0.1516765904,20.46662154,1.44317787,2.082762365,922.6551069,484,0.2891429354,0.1516765904,0.1176762058,0.185676975
real_20240707,real,2024-07-07,adapted,485,0.1519899718,20.45671169,0.6695374493,0.448280396,923.1033873,485,0.2892834181,0.1519899718,0.1179895872,0.1859903564
real_20240707,real,2024-07-07,adapted,486,0.1523033532,20.41245664,-0.4738535299,0.2245371678,923.3279245,486,0.2893537839,0.1523033532,0.1183029686,0.1863037378
real_20240707,real,2024-07-07,adapted,487,0.1526167346,20.40700451,-0.9368846674,0.8777528799,924.2056773,487,0.2896288553,0.1526167346,0.11861635,0.1866171192
real_20240707,real,2024-07-07,adapted,488,0.152930116,20.38429866,-0.2863095544,0.08197316094,924.2876505,488,0.2896545442,0.152930116,0.1189297314,0.1869305006
real_20240707,real,2024-07-07,adapted,489,0.1532434973,20.34679086,-0.3958062405,0.15666258,924.4443131,489,0.2897036393,0.1532434973,0.1192431127,0.1872438819
real_20240707,real,2024-07-07,adapted,490,0.1535568787,20.34053783,-1.094571928,1.198087705,925.6424008,490,0.2900790977,0.1535568787,0.1195564941,0.1875572633
real_20240707,real,2024-07-07,adapted,491,0.1538702601,20.3218794,0.1430814708,0.02047230729,925.6628731,491,0.2900855134,0.1538702601,0.1198698755,0.1878706447
real_20240707,real,2024-07-07,adapted,492,0.1541836415,20.3074876,-0.6830792846,0.466597309,926.1294704,492,0.2902317363,0.1541836415,0.1201832569,0.1881840261
real_20240707,real,2024-07-07,adapted,493,0.1544970229,20.28511703,-0.1256336284,0.0157838086,926.1452542,493,0.2902366826,0.1544970229,0.1204966383,0.1884974075
real_20240707,real,2024-07-07,adapted,494,0.1548104043,20.27377634,0.1599350355,0.02557921559,926.1708334,494,0.2902446987,0.1548104043,0.1208100197,0.1888107889
real_20240707,real,2024-07-07,adapted,495,0.1551237856,20.25364843,1.006327676,1.012695391,927.1835288,495,0.2905620585,0.1551237856,0.121123401,0.1891241702
real_20240707,real,2024-07-07,adapted,496,0.155437167,20.24908703,-1.123326996,1.261863539,928.4453924,496,0.2909575031,0.155437167,0.1214367824,0.1894375516
real_20240707,real,2024-07-07,adapted,497,0.1557505484,20.21701484,-1.129661251,1.276134541,929.7215269,497,0.2913574199,0.1557505484,0.1217501638,0.189750933
real_20240707,real,2024-07-07,adapted,498,0.1560639298,20.21156424,1.143981385,1.308693409,931.0302203,498,0.2917675401,0.1560639298,0.1220635452,0.1900643144
real_20240707,real,2024-07-07,adapted,499,0.1563773112,20.20441311,-1.210717171,1.465836067,932.4960564,499,0.2922269058,0.1563773112,0.1223769266,0.1903776958
real_20240707,real,2024-07-07,adapted,500,0.1566906926,20.17690574,0.6037348639,0.3644957858,932.8605522,500,0.292341132,0.1566906926,0.122690308,0.1906910772
real_20240707,real,2024-07-07,adapted,501,0.157004074,20.16735209,0.04887028684,0.002388304936,932.8629405,501,0.2923418804,0.157004074,0.1230036894,0.1910044586
real_20240707,real,2024-07-07,adapted,502,0.1573174553,20.1429476,0.3714243619,0.1379560566,933.0008965,502,0.2923851133,0.1573174553,0.1233170707,0.1913178399
real_20240707,real,2024-07-07,adapted,503,0.1576308367,20.13116194,-0.5562952856,0.3094644448,933.310361,503,0.2924820937,0.1576308367,0.1236304521,0.1916312213
real_20240707,real,2024-07-07,adapted,504,0.1579442181,20.11685752,0.7434799039,0.5527623675,933.8631233,504,0.2926553191,0.1579442181,0.1239438335,0.1919446027
real_20240707,real,2024-07-07,adapted,505,0.1582575995,20.10674826,-1.415500373,2.003641307,935.8667646,505,0.293283223,0.1582575995,0.1242572149,0.1922579841
real_20240707,real,2024-07-07,adapted,506,0.1585709809,20.10241194,-0.5638194207,0.3178923391,936.184657,506,0.2933828446,0.1585709809,0.1245705963,0.1925713655
real_20240707,real,2024-07-07,adapted,507,0.1588843623,20.05867976,0.6098668389,0.3719375612,936.5565946,507,0.2934994029,0.1588843623,0.1248839777,0.1928847469
real_20240707,real,2024-07-07,adapted,508,0.1591977437,20.04806133,1.460124783,2.131964383,938.6885589,508,0.2941675208,0.1591977437,0.1251973591,0.1931981283
real_20240707,real,2024-07-07,adapted,509,0.159511125,20.03467817,-1.086038113,1.179478783,939.8680377,509,0.2945371475,0.159511125,0.1255107404,0.1935115096
real_20240707,real,2024-07-07,adapted,510,0.1598245064,20.02649755,-0.8520790644,0.726038732,940.5940764,510,0.2947646745,0.1598245064,0.1258241218,0.193824891
real_20240707,real,2024-07-07,adapted,511,0.1601378878,20.01098304,-0.8769887732,0.7691093083,941.3631858,511,0.2950056991,0.1601378878,0.1261375032,0.1941382724
real_20240707,real,2024-07-07,adapted,512,0.1604512692,19.98608725,1.861376483,3.464722412,944.8279082,512,0.2960914786,0.1604512692,0.1264508846,0.1944516538
real_20240707,real,2024-07-07,adapted,513,0.1607646506,19.96500595,-0.1456740464,0.02122092779,944.8491291,513,0.2960981288,0.1607646506,0.126764266,0.1947650352
real_20240707,real,2024-07-07,adapted,514,0.161078032,19.959296,0.3184476527,0.1014089075,944.950538,514,0.2961299085,0.161078032,0.1270776474,0.1950784166
real_20240707,real,2024-07-07,adapted,515,0.1613914134,19.95203143,-1.035851809,1.072988971,946.023527,515,0.2964661633,0.1613914134,0.1273910287,0.195391798
real_20240707,real,2024-07-07,adapted,516,0.1617047947,19.92879507,-0.07710549938,0.005945258035,946.0294722,516,0.2964680264,0.1617047947,0.1277044101,0.1957051793
real_20240707,real,2024-07-07,adapted,517,0.1620181761,19.92291275,1.047108538,1.09643629,947.1259085,517,0.2968116291,0.1620181761,0.1280177915,0.1960185607
real_20240707,real,2024-07-07,adapted,518,0.1623315575,19.90348501,-2.725540218,7.428569482,954.554478,518,0.2991396045,0.1623315575,0.1283311729,0.1963319421
real_20240707,real,2024-07-07,adapted,519,0.1626449389,19.8946596,-0.1497376651,0.02242136834,954.5768994,519,0.299146631,0.1626449389,0.1286445543,0.1966453235
real_20240707,real,2024-07-07,adapted,520,0.1629583203,19.88323049,0.5436865938,0.2955951123,954.8724945,520,0.299239265,0.1629583203,0.1289579357,0.1969587049
real_20240707,real,2024-07-07,adapted,521,0.1632717017,19.8666726,-0.1605505468,0.02577647808,954.898271,521,0.2992473428,0.1632717017,0.1292713171,0.1972720863
real_20240707,real,2024-07-07,adapted,522,0.163585083,19.85130233,-1.021268073,1.042988477,955.9412594,522,0.299574196,0.163585083,0.1295846984,0.1975854676
real_20240707,real,2024-07-07,adapted,523,0.1638984644,19.82832639,-0.0257437719,0.0006627417915,955.9419222,523,0.2995744037,0.1638984644,0.1298980798,0.197898849
real_20240707,real,2024-07-07,adapted,524,0.1642118458,19.80068001,0.8208760748,0.6738375302,956.6157597,524,0.2997855718,0.1642118458,0.1302114612,0.1982122304
real_20240707,real,2024-07-07,adapted,525,0.1645252272,19.79892942,0.952938615,0.908092004,957.5238517,525,0.300070151,0.1645252272,0.1305248426,0.1985256118
real_20240707,real,2024-07-07,adapted,526,0.1648386086,19.78897583,0.6965043614,0.4851183255,958.00897,526,0.300222178,0.1648386086,0.130838224,0.1988389932
real_20240707,real,2024-07-07,adapted,527,0.16515199,19.76912212,-1.179495935,1.391210661,959.4001807,527,0.3006581575,0.16515199,0.1311516054,0.1991523746
real_20240707,real,2024-07-07,adapted,528,0.1654653714,19.75758206,-1.149626637,1.321641405,960.7218221,528,0.3010723354,0.1654653714,0.1314649868,0.199465756
real_20240707,real,2024-07-07,adapted,529,0.1657787527,19.73723551,0.3024482664,0.09147495387,960.8132971,529,0.3011010019,0.1657787527,0.1317783681,0.1997791373
real_20240707,real,2024-07-07,adapted,530,0.1660921341,19.71125338,-0.6000046416,0.36000557,961.1733026,530,0.3012138209,0.1660921341,0.1320917495,0.2000925187
real_20240707,real,2024-07-07,adapted,531,0.1664055155,19.69699507,0.1507204645,0.02271665843,961.1960193,531,0.3012209399,0.1664055155,0.1324051309,0.2004059001
real_20240707,real,2024-07-07,adapted,532,0.1667188969,19.67595432,-0.6550478094,0.4290876326,961.6251069,532,0.301355408,0.1667188969,0.1327185123,0.2007192815
real_20240707,real,2024-07-07,adapted,533,0.1670322783,19.65335357,-0.1815754442,0.03296964193,961.6580766,533,0.3013657401,0.1670322783,0.1330318937,0.2010326629
real_20240707,real,2024-07-07,adapted,534,0.1673456597,19.65048971,0.3401642514,0.1157117179,961.7737883,534,0.301402002,0.1673456597,0.1333452751,0.2013460443
real_20240707,real,2024-07-07,adapted,535,0.1676590411,19.63577175,-0.0521694488,0.002721651388,961.7765099,535,0.3014028549,0.1676590411,0.1336586565,0.2016594257
real_20240707,real,2024-07-07,adapted,536,0.1679724224,19.61838443,0.99240038,0.9848585142,962.7613684,536,0.3017114912,0.1679724224,0.1339720378,0.201972807
real_20240707,real,2024-07-07,adapted,537,0.1682858038,19.60673591,0.5068991732,0.2569467718,963.0183152,537,0.3017920135,0.1682858038,0.1342854192,0.2022861884
real_20240707,real,2024-07-07,adapted,538,0.1685991852,19.5833208,0.425321412,0.1808983035,963.1992135,538,0.3018487037,0.1685991852,0.1345988006,0.2025995698
real_20240707,real,2024-07-07,adapted,539,0.1689125666,19.58081435,0.006837174407,4.674695388e-05,963.1992603,539,0.3018487184,0.1689125666,0.134912182,0.2029129512
real_20240707,real,2024-07-07,adapted,540,0.169225948,19.55677214,0.005578094566,3.111513898e-05,963.1992914,540,0.3018487281,0.169225948,0.1352255634,0.2032263326
real_20240707,real,2024-07-07,adapted,541,0.1695393294,19.55523897,0.1191743214,0.01420251887,963.2134939,541,0.3018531789,0.1695393294,0.1355389448,0.203539714
real_20240707,real,2024-07-07,adapted,542,0.1698527107,19.5339526,0.1461405299,0.02135705447,963.234851,542,0.3018598718,0.1698527107,0.1358523261,0.2038530953
real_20240707,real,2024-07-07,adapted,543,0.1701660921,19.50287993,0.4997458214,0.249745886,963.4845968,543,0.3019381375,0.1701660921,0.1361657075,0.2041664767
real_20240707,real,2024-07-07,adapted,544,0.1704794735,19.48945505,-0.8559061079,0.7325752655,964.2171721,544,0.302167713,0.1704794735,0.1364790889,0.2044798581
real_20240707,real,2024-07-07,adapted,545,0.1707928549,19.47925304,-0.865652825,0.7493548135,964.9665269,545,0.3024025468,0.1707928549,0.1367924703,0.2047932395
real_20240707,real,2024-07-07,adapted,546,0.1711062363,19.4754417,-0.4485450792,0.2011926881,965.1677196,546,0.3024655969,0.1711062363,0.1371058517,0.2051066209
real_20240707,real,2024-07-07,adapted,547,0.1714196177,19.45165074,-0.2430674833,0.05908180142,965.2268014,547,0.302484112,0.1714196177,0.1374192331,0.2054200023
real_20240707,real,2024-07-07,adapted,548,0.1717329991,19.43937841,0.511851904,0.2619923716,965.4887938,548,0.3025662155,0.1717329991,0.1377326145,0.2057333837
real_20240707,real,2024-07-07,adapted,549,0.1720463804,19.43833233,0.2876648205,0.08275104896,965.5715448,549,0.3025921482,0.1720463804,0.1380459958,0.206046765
real_20240707,real,2024-07-07,adapted,550,0.1723597618,19.42998146,0.5382550581,0.2897185075,965.8612633,550,0.3026829406,0.1723597618,0.1383593772,0.2063601464
real_20240707,real,2024-07-07,adapted,551,0.1726731432,19.39775959,0.4702046316,0.2210923956,966.0823557,551,0.3027522268,0.1726731432,0.1386727586,0.2066735278
real_20240707,real,2024-07-07,adapted,552,0.1729865246,19.3832596,0.02949857549,0.0008701659558,966.0832259,552,0.3027524995,0.1729865246,0.13898614,0.2069869092
real_20240707,real,2024-07-07,adapted,553,0.173299906,19.37445927,0.6265401085,0.3925525075,966.4757784,553,0.3028755181,0.173299906,0.1392995214,0.2073002906
real_20240707,real,2024-07-07,adapted,554,0.1736132874,19.36265732,0.4219381316,0.1780317869,966.6538102,554,0.30293131,0.1736132874,0.1396129028,0.207613672
real_20240707,real,2024-07-07,adapted,555,0.1739266688,19.34559724,-0.07124281333,0.005075538452,966.6588857,555,0.3029329006,0.1739266688,0.1399262842,0.2079270534
real_20240707,real,2024-07-07,adapted,556,0.1742400501,19.33571144,-2.472149872,6.111524989,972.7704107,556,0.3048481387,0.1742400501,0.1402396655,0.2082404347
real_20240707,real,2024-07-07,adapted,557,0.1745534315,19.32892269,-0.7992084133,0.638734088,973.4091448,557,0.3050483061,0.1745534315,0.1405530469,0.2085538161
real_20240707,real,2024-07-07,adapted,558,0.1748668129,19.31469414,1.333717491,1.778802345,975.1879472,558,0.3056057497,0.1748668129,0.1408664283,0.2088671975
real_20240707,real,2024-07-07,adapted,559,0.1751801943,19.29343158,0.2693513091,0.07255012769,975.2604973,559,0.3056284855,0.1751801943,0.1411798097,0.2091805789
real_20240707,real,2024-07-07,adapted,560,0.1754935757,19.27008566,0.7916702982,0.6267418611,975.8872391,560,0.3058248948,0.1754935757,0.1414931911,0.2094939603
real_20240707,real,2024-07-07,adapted,561,0.1758069571,19.26147208,-1.101886723,1.214154351,977.1013935,561,0.3062053881,0.1758069571,0.1418065725,0.2098073417
real_20240707,real,2024-07-07,adapted,562,0.1761203385,19.24242253,-1.773625822,3.145748557,980.2471421,562,0.3071912072,0.1761203385,0.1421199539,0.2101207231
real_20240707,real,2024-07-07,adapted,563,0.1764337198,19.23090429,0.876547642,0.7683357687,981.0154778,563,0.3074319893,0.1764337198,0.1424333352,0.2104341044
real_20240707,real,2024-07-07,adapted,564,0.1767471012,19.21302024,0.4372349944,0.1911744403,981.2066523,564,0.3074918998,0.1767471012,0.1427467166,0.2107474858
real_20240707,real,2024-07-07,adapted,565,0.1770604826,19.1996711,-0.6545712292,0.4284634941,981.6351158,565,0.3076261723,0.1770604826,0.143060098,0.2110608672
real_20240707,real,2024-07-07,adapted,566,0.177373864,19.18162938,1.625536201,2.642367941,984.2774837,566,0.3084542412,0.177373864,0.1433734794,0.2113742486
real_20240707,real,2024-07-07,adapted,567,0.1776872454,19.16824052,-0.4730720281,0.2237971438,984.5012808,567,0.3085243751,0.1776872454,0.1436868608,0.21168763
real_20240707,real,2024-07-07,adapted,568,0.1780006268,19.14981613,1.065634712,1.135577339,985.6368582,568,0.3088802439,0.1780006268,0.1440002422,0.2120010114
real_20240707,real,2024-07-07,adapted,569,0.1783140081,19.13493938,-1.770759992,3.135590948,988.7724491,569,0.3098628797,0.1783140081,0.1443136235,0.2123143927
real_20240707,real,2024-07-07,adapted,570,0.1786273895,19.12868612,0.0979107973,0.009586524227,988.7820357,570,0.3098658839,0.1786273895,0.1446270049,0.2126277741
real_20240707,real,2024-07-07,adapted,571,0.1789407709,19.11535334,0.1227109959,0.0150579885,988.7970936,571,0.3098706028,0.1789407709,0.1449403863,0.2129411555
real_20240707,real,2024-07-07,adapted,572,0.1792541523,19.10507382,1.461769186,2.136769154,990.9338628,572,0.3105402265,0.1792541523,0.1452537677,0.2132545369
real_20240707,real,2024-07-07,adapted,573,0.1795675337,19.08691078,-0.9156280192,0.8383746696,991.7722375,573,0.3108029575,0.1795675337,0.1455671491,0.2135679183
real_20240707,real,2024-07-07,adapted,574,0.1798809151,19.06482152,-0.5677461612,0.3223357035,992.0945732,574,0.3109039715,0.1798809151,0.1458805305,0.2138812997
real_20240707,real,2024-07-07,adapted,575,0.1801942965,19.05087313,1.564787688,2.448560507,994.5431337,575,0.3116713048,0.1801942965,0.1461939119,0.2141946811
real_20240707,real,2024-07-07,adapted,576,0.1805076778,19.03443211,0.2610027175,0.06812241856,994.6112561,576,0.3116926531,0.1805076778,0.1465072932,0.2145080624
real_20240707,real,2024-07-07,adapted,577,0.1808210592,19.02253178,0.5602186515,0.3138449375,994.925101,577,0.3117910063,0.1808210592,0.1468206746,0.2148214438
real_20240707,real,2024-07-07,adapted,578,0.1811344406,19.01903253,0.5930474786,0.3517053119,995.2768063,578,0.3119012242,0.1811344406,0.147134056,0.2151348252
real_20240707,real,2024-07-07,adapted,579,0.181447822,19.00711219,-0.3490775102,0.1218551081,995.3986615,579,0.3119394113,0.181447822,0.1474474374,0.2154482066
real_20240707,real,2024-07-07,adapted,580,0.1817612034,19.00347814,-1.023911865,1.048395507,996.447057,580,0.3122679589,0.1817612034,0.1477608188,0.215761588
real_20240707,real,2024-07-07,adapted,581,0.1820745848,19.00057029,-0.9905052431,0.9811006366,997.4281576,581,0.3125754176,0.1820745848,0.1480742002,0.2160749694
real_20240707,real,2024-07-07,adapted,582,0.1823879662,18.98960536,1.262006517,1.592660448,999.020818,582,0.3130745277,0.1823879662,0.1483875816,0.2163883508
real_20240707,real,2024-07-07,adapted,583,0.1827013475,18.97475935,-0.5665694258,0.3210009143,999.341819,583,0.3131751235,0.1827013475,0.1487009629,0.2167017321
real_20240707,real,2024-07-07,adapted,584,0.1830147289,18.94517268,0.4605291127,0.2120870637,999.553906,584,0.3132415876,0.1830147289,0.1490143443,0.2170151135
real_20240707,real,2024-07-07,adapted,585,0.1833281103,18.93381964,-0.07871856454,0.006196612403,999.5601026,585,0.3132435295,0.1833281103,0.1493277257,0.2173284949
real_20240707,real,2024-07-07,adapted,586,0.1836414917,18.92035145,-0.2761410684,0.07625388967,999.6363565,586,0.3132674261,0.1836414917,0.1496411071,0.2176418763
real_20240707,real,2024-07-07,adapted,587,0.1839548731,18.89795766,0.6982072114,0.4874933101,1000.12385,587,0.3134201974,0.1839548731,0.1499544885,0.2179552577
real_20240707,real,2024-07-07,adapted,588,0.1842682545,18.89285908,1.17521393,1.38112778,1001.504978,588,0.3138530171,0.1842682545,0.1502678699,0.2182686391
real_20240707,real,2024-07-07,adapted,589,0.1845816359,18.87952106,0.2749074639,0.07557411368,1001.580552,589,0.3138767006,0.1845816359,0.1505812513,0.2185820205
real_20240707,real,2024-07-07,adapted,590,0.1848950172,18.85889683,-0.5616402846,0.3154398093,1001.895992,590,0.3139755536,0.1848950172,0.1508946326,0.2188954018
real_20240707,real,2024-07-07,adapted,591,0.1852083986,18.85555465,-0.8558947588,0.7325558382,1002.628547,591,0.314205123,0.1852083986,0.151208014,0.2192087832
real_20240707,real,2024-07-07,adapted,592,0.18552178,18.83175998,0.1231474496,0.01516529434,1002.643713,592,0.3142098755,0.18552178,0.1515213954,0.2195221646
real_20240707,real,2024-07-07,adapted,593,0.1858351614,18.81670388,1.007665339,1.015389435,1003.659102,593,0.3145280796,0.1858351614,0.1518347768,0.219835546
real_20240707,real,2024-07-07,adapted,594,0.1861485428,18.81595132,0.3730211138,0.1391447513,1003.798247,594,0.314571685,0.1861485428,0.1521481582,0.2201489274
real_20240707,real,2024-07-07,adapted,595,0.1864619242,18.78623668,0.8586861149,0.7373418439,1004.535589,595,0.3148027542,0.1864619242,0.1524615396,0.2204623088
real_20240707,real,2024-07-07,adapted,596,0.1867753055,18.77938946,-0.6590893096,0.4343987181,1004.969987,596,0.3149388867,0.1867753055,0.1527749209,0.2207756901
real_20240707,real,2024-07-07,adapted,597,0.1870886869,18.77123369,-0.1033912103,0.01068974237,1004.980677,597,0.3149422367,0.1870886869,0.1530883023,0.2210890715
real_20240707,real,2024-07-07,adapted,598,0.1874020683,18.7602504,0.1245207074,0.01550540658,1004.996183,598,0.3149470958,0.1874020683,0.1534016837,0.2214024529
real_20240707,real,2024-07-07,adapted,599,0.1877154497,18.74321668,-0.3985395352,0.1588337611,1005.155016,599,0.3149968713,0.1877154497,0.1537150651,0.2217158343
real_20240707,real,2024-07-07,adapted,600,0.1880288311,18.71869321,0.7462701239,0.5569190979,1005.711935,600,0.3151713994,0.1880288311,0.1540284465,0.2220292157
real_20240707,real,2024-07-07,adapted,601,0.1883422125,18.70794197,0.7301131507,0.5330652128,1006.245001,601,0.3153384521,0.1883422125,0.1543418279,0.2223425971
real_20240707,real,2024-07-07,adapted,602,0.1886555939,18.70530227,-0.8626661752,0.7441929298,1006.989194,602,0.3155716683,0.1886555939,0.1546552093,0.2226559785
real_20240707,real,2024-07-07,adapted,603,0.1889689752,18.69300931,1.168993826,1.366546565,1008.35574,603,0.3159999186,0.1889689752,0.1549685906,0.2229693598
real_20240707,real,2024-07-07,adapted,604,0.1892823566,18.67980384,-0.4783761286,0.2288437204,1008.584584,604,0.3160716339,0.1892823566,0.155281972,0.2232827412
real_20240707,real,2024-07-07,adapted,605,0.189595738,18.66130305,-0.5761400419,0.3319373479,1008.916521,605,0.3161756569,0.189595738,0.1555953534,0.2235961226
real_20240707,real,2024-07-07,adapted,606,0.1899091194,18.64435598,0.6984564002,0.487841343,1009.404363,606,0.3163285373,0.1899091194,0.1559087348,0.223909504
real_20240707,real,2024-07-07,adapted,607,0.1902225008,18.63659085,-0.4083101499,0.1667171785,1009.57108,607,0.3163807834,0.1902225008,0.1562221162,0.2242228854
real_20240707,real,2024-07-07,adapted,608,0.1905358822,18.62922653,-0.8268986936,0.6837614495,1010.254841,608,0.3165950615,0.1905358822,0.1565354976,0.2245362668
real_20240707,real,2024-07-07,adapted,609,0.1908492636,18.61271973,-1.0426449,1.087108389,1011.34195,609,0.316935741,0.1908492636,0.156848879,0.2248496482
real_20240707,real,2024-07-07,adapted,610,0.1911626449,18.58982651,0.3357718736,0.1127427511,1011.454692,610,0.3169710725,0.1911626449,0.1571622603,0.2251630295
real_20240707,real,2024-07-07,adapted,611,0.1914760263,18.57319336,-0.07265392577,0.00527859293,1011.459971,611,0.3169727267,0.1914760263,0.1574756417,0.2254764109
real_20240707,real,2024-07-07,adapted,612,0.1917894077,18.55357947,-0.4122537847,0.169953183,1011.629924,612,0.3170259869,0.1917894077,0.1577890231,0.2257897923
real_20240707,real,2024-07-07,adapted,613,0.1921027891,18.55170085,-0.3546237685,0.1257580172,1011.755682,613,0.3170653971,0.1921027891,0.1581024045,0.2261031737
real_20240707,real,2024-07-07,adapted,614,0.1924161705,18.53080249,0.1124697818,0.01264945182,1011.768332,614,0.3170693612,0.1924161705,0.1584157859,0.2264165551
real_20240707,real,2024-07-07,adapted,615,0.1927295519,18.51694518,-0.04034122861,0.001627414726,1011.769959,615,0.3170698712,0.1927295519,0.1587291673,0.2267299365
real_20240707,real,2024-07-07,adapted,616,0.1930429332,18.50848212,-0.4091229262,0.1673815687,1011.937341,616,0.3171223255,0.1930429332,0.1590425486,0.2270433179
real_20240707,real,2024-07-07,adapted,617,0.1933563146,18.48530171,0.4776337114,0.2281339622,1012.165475,617,0.3171938184,0.1933563146,0.15935593,0.2273566992
real_20240707,real,2024-07-07,adapted,618,0.193669696,18.48179465,-0.3744273631,0.1401958503,1012.30567,618,0.3172377532,0.193669696,0.1596693114,0.2276700806
real_20240707,real,2024-07-07,adapted,619,0.1939830774,18.46548121,1.710762134,2.92670708,1015.232377,619,0.3181549287,0.1939830774,0.1599826928,0.227983462
real_20240707,real,2024-07-07,adapted,620,0.1942964588,18.4544869,-0.7591163066,0.5762575669,1015.808635,620,0.3183355171,0.1942964588,0.1602960742,0.2282968434
real_20240707,real,2024-07-07,adapted,621,0.1946098402,18.4388131,1.758636346,3.092801798,1018.901437,621,0.3193047436,0.1946098402,0.1606094556,0.2286102248
real_20240707,real,2024-07-07,adapted,622,0.1949232216,18.4283344,0.4376659239,0.191551461,1019.092988,622,0.3193647723,0.1949232216,0.160922837,0.2289236062
real_20240707,real,2024-07-07,adapted,623,0.1952366029,18.40845742,-0.5636956621,0.3177527995,1019.410741,623,0.3194643501,0.1952366029,0.1612362183,0.2292369875
real_20240707,real,2024-07-07,adapted,624,0.1955499843,18.38554664,0.7147243975,0.5108309643,1019.921572,624,0.319624435,0.1955499843,0.1615495997,0.2295503689
real_20240707,real,2024-07-07,adapted,625,0.1958633657,18.38079581,-1.783807579,3.18196948,1023.103542,625,0.320621605,0.1958633657,0.1618629811,0.2298637503
real_20240707,real,2024-07-07,adapted,626,0.1961767471,18.37537466,-0.2728716859,0.07445895695,1023.178,626,0.320644939,0.1961767471,0.1621763625,0.2301771317
real_20240707,real,2024-07-07,adapted,627,0.1964901285,18.34967684,-0.2200566048,0.04842490931,1023.226425,627,0.3206601145,0.1964901285,0.1624897439,0.2304905131
real_20240707,real,2024-07-07,adapted,628,0.1968035099,18.34545452,2.158560676,4.659384192,1027.88581,628,0.3221202788,0.1968035099,0.1628031253,0.2308038945
real_20240707,real,2024-07-07,adapted,629,0.1971168913,18.31784268,-1.302861385,1.697447788,1029.583257,629,0.3226522273,0.1971168913,0.1631165067,0.2311172759
real_20240707,real,2024-07-07,adapted,630,0.1974302726,18.30898673,-0.5170985073,0.2673908662,1029.850648,630,0.3227360226,0.1974302726,0.163429888,0.2314306572
real_20240707,real,2024-07-07,adapted,631,0.197743654,18.30193092,0.4577632582,0.2095472006,1030.060195,631,0.3228016908,0.197743654,0.1637432694,0.2317440386
real_20240707,real,2024-07-07,adapted,632,0.1980570354,18.28145549,0.1131491265,0.01280272482,1030.072998,632,0.322805703,0.1980570354,0.1640566508,0.23205742
real_20240707,real,2024-07-07,adapted,633,0.1983704168,18.2692417,0.575353717,0.3310318996,1030.40403,633,0.3229094422,0.1983704168,0.1643700322,0.2323708014
real_20240707,real,2024-07-07,adapted,634,0.1986837982,18.25761805,-1.129388717,1.275518874,1031.679549,634,0.3233091661,0.1986837982,0.1646834136,0.2326841828
real_20240707,real,2024-07-07,adapted,635,0.1989971796,18.25331817,-0.02719206898,0.0007394086156,1031.680288,635,0.3233093978,0.1989971796,0.164996795,0.2329975642
real_20240707,real,2024-07-07,adapted,636,0.199310561,18.23844764,-1.058164937,1.119713034,1032.800001,636,0.323660295,0.199310561,0.1653101764,0.2333109456
real_20240707,real,2024-07-07,adapted,637,0.1996239423,18.23528157,-0.5101653219,0.2602686557,1033.06027,637,0.3237418584,0.1996239423,0.1656235577,0.2336243269
real_20240707,real,2024-07-07,adapted,638,0.1999373237,18.23076173,0.01808504012,0.000327068676,1033.060597,638,0.3237419609,0.1999373237,0.1659369391,0.2339377083
real_20240707,real,2024-07-07,adapted,639,0.2002507051,18.21764439,3.031717795,9.191312789,1042.25191,639,0.3266223472,0.2002507051,0.1662503205,0.2342510897
real_20240707,real,2024-07-07,adapted,640,0.2005640865,18.19232602,1.888113556,3.564972801,1045.816883,640,0.3277395433,0.2005640865,0.1665637019,0.2345644711
real_20240707,real,2024-07-07,adapted,641,0.2008774679,18.17556233,-0.9295223071,0.8640117193,1046.680894,641,0.3280103085,0.2008774679,0.1668770833,0.2348778525
real_20240707,real,2024-07-07,adapted,642,0.2011908493,18.1630047,0.2030322459,0.04122209288,1046.722116,642,0.3280232267,0.2011908493,0.1671904647,0.2351912339
real_20240707,real,2024-07-07,adapted,643,0.2015042306,18.14669597,-0.2476014756,0.06130649074,1046.783423,643,0.328042439,0.2015042306,0.167503846,0.2355046152
real_20240707,real,2024-07-07,adapted,644,0.201817612,18.14616626,-1.092630768,1.193841994,1047.977265,644,0.3284165669,0.201817612,0.1678172274,0.2358179966
real_20240707,real,2024-07-07,adapted,645,0.2021309934,18.13912305,0.7249767578,0.5255912993,1048.502856,645,0.3285812774,0.2021309934,0.1681306088,0.236131378
real_20240707,real,2024-07-07,adapted,646,0.2024443748,18.12703775,1.719086888,2.95525973,1051.458116,646,0.3295074008,0.2024443748,0.1684439902,0.2364447594
real_20240707,real,2024-07-07,adapted,647,0.2027577562,18.11700391,0.03163083359,0.001000509634,1051.459117,647,0.3295077144,0.2027577562,0.1687573716,0.2367581408
real_20240707,real,2024-07-07,adapted,648,0.2030711376,18.09904224,0.7133272844,0.5088358146,1051.967952,648,0.329667174,0.2030711376,0.169070753,0.2370715222
real_20240707,real,2024-07-07,adapted,649,0.203384519,18.07951006,0.7718340564,0.5957278106,1052.56368,649,0.329853864,0.203384519,0.1693841344,0.2373849036
real_20240707,real,2024-07-07,adapted,650,0.2036979003,18.06008176,0.614036536,0.3770408676,1052.940721,650,0.3299720216,0.2036979003,0.1696975157,0.2376982849
real_20240707,real,2024-07-07,adapted,651,0.2040112817,18.04575201,-0.3603474311,0.1298502711,1053.070571,651,0.3300127143,0.2040112817,0.1700108971,0.2380116663
real_20240707,real,2024-07-07,adapted,652,0.2043246631,18.03685012,-0.4764164238,0.2269726089,1053.297544,652,0.3300838433,0.2043246631,0.1703242785,0.2383250477
real_20240707,real,2024-07-07,adapted,653,0.2046380445,18.03266425,0.9474040647,0.8975744617,1054.195118,653,0.3303651264,0.2046380445,0.1706376599,0.2386384291
real_20240707,real,2024-07-07,adapted,654,0.2049514259,18.01963695,0.4980562174,0.2480599957,1054.443178,654,0.3304428638,0.2049514259,0.1709510413,0.2389518105
real_20240707,real,2024-07-07,adapted,655,0.2052648073,18.00951571,-0.6955028867,0.4837242655,1054.926903,655,0.330594454,0.2052648073,0.1712644227,0.2392651919
real_20240707,real,2024-07-07,adapted,656,0.2055781887,17.99002118,-0.3077903069,0.09473487302,1055.021637,656,0.3306241421,0.2055781887,0.1715778041,0.2395785733
real_20240707,real,2024-07-07,adapted,657,0.20589157,17.98059395,-0.9192878177,0.8450900918,1055.866728,657,0.3308889776,0.20589157,0.1718911854,0.2398919546
real_20240707,real,2024-07-07,adapted,658,0.2062049514,17.97235865,-1.116995212,1.247678304,1057.114406,658,0.3312799768,0.2062049514,0.1722045668,0.240205336
real_20240707,real,2024-07-07,adapted,659,0.2065183328,17.95428005,1.141872856,1.30387362,1058.418279,659,0.3316885865,0.2065183328,0.1725179482,0.2405187174
real_20240707,real,2024-07-07,adapted,660,0.2068317142,17.94979103,0.4471426086,0.1999365124,1058.618216,660,0.3317512429,0.2068317142,0.1728313296,0.2408320988
real_20240707,real,2024-07-07,adapted,661,0.2071450956,17.94283174,-0.07038078386,0.004953454736,1058.623169,661,0.3317527952,0.2071450956,0.173144711,0.2411454802
real_20240707,real,2024-07-07,adapted,662,0.207458477,17.93950032,-0.6762738233,0.4573462841,1059.080516,662,0.331896119,0.207458477,0.1734580924,0.2414588616
real_20240707,real,2024-07-07,adapted,663,0.2077718584,17.90999121,-0.2127108731,0.04524591552,1059.125762,663,0.3319102982,0.2077718584,0.1737714738,0.241772243
real_20240707,real,2024-07-07,adapted,664,0.2080852397,17.90108786,1.341843797,1.800544776,1060.926306,664,0.3324745554,0.2080852397,0.1740848551,0.2420856243
real_20240707,real,2024-07-07,adapted,665,0.2083986211,17.88971836,0.4115349967,0.1693610535,1061.095667,665,0.3325276301,0.2083986211,0.1743982365,0.2423990057
real_20240707,real,2024-07-07,adapted,666,0.2087120025,17.86454411,-1.444870042,2.087649439,1063.183317,666,0.3331818605,0.2087120025,0.1747116179,0.2427123871
real_20240707,real,2024-07-07,adapted,667,0.2090253839,17.85420399,-0.253833983,0.06443169093,1063.247749,667,0.3332020522,0.2090253839,0.1750249993,0.2430257685
real_20240707,real,2024-07-07,adapted,668,0.2093387653,17.847663,-0.9163068245,0.8396181965,1064.087367,668,0.3334651729,0.2093387653,0.1753383807,0.2433391499
real_20240707,real,2024-07-07,adapted,669,0.2096521467,17.83693788,0.6911115258,0.4776351411,1064.565002,669,0.3336148549,0.2096521467,0.1756517621,0.2436525313
real_20240707,real,2024-07-07,adapted,670,0.209965528,17.8212091,1.890979696,3.575804209,1068.140806,670,0.3347354454,0.209965528,0.1759651434,0.2439659126
real_20240707,real,2024-07-07,adapted,671,0.2102789094,17.81737176,-0.9680566021,0.9371335849,1069.07794,671,0.3350291256,0.2102789094,0.1762785248,0.244279294
real_20240707,real,2024-07-07,adapted,672,0.2105922908,17.80126049,0.5377656625,0.2891919077,1069.367132,672,0.3351197529,0.2105922908,0.1765919062,0.2445926754
real_20240707,real,2024-07-07,adapted,673,0.2109056722,17.7833567,-0.1893849381,0.03586665478,1069.402998,673,0.3351309929,0.2109056722,0.1769052876,0.2449060568
real_20240707,real,2024-07-07,adapted,674,0.2112190536,17.76828969,-0.1593877888,0.02540446723,1069.428403,674,0.3351389542,0.2112190536,0.177218669,0.2452194382
real_20240707,real,2024-07-07,adapted,675,0.211532435,17.7602362,0.137783117,0.01898418732,1069.447387,675,0.3351449035,0.211532435,0.1775320504,0.2455328196
real_20240707,real,2024-07-07,adapted,676,0.2118458164,17.750564,0.2193958544,0.04813454091,1069.495522,676,0.3351599879,0.2118458164,0.1778454318,0.245846201
real_20240707,real,2024-07-07,adapted,677,0.2121591977,17.74389123,0.3374291971,0.1138584631,1069.60938,677,0.3351956691,0.2121591977,0.1781588131,0.2461595823
real_20240707,real,2024-07-07,adapted,678,0.2124725791,17.72968864,-0.5448518266,0.296863513,1069.906243,678,0.3352887006,0.2124725791,0.1784721945,0.2464729637
real_20240707,real,2024-07-07,adapted,679,0.2127859605,17.71586951,0.3730723565,0.1391829832,1070.045426,679,0.3353323179,0.2127859605,0.1787855759,0.2467863451
real_20240707,real,2024-07-07,adapted,680,0.2130993419,17.71062919,-1.35607521,1.838939975,1071.884366,680,0.3359086075,0.2130993419,0.1790989573,0.2470997265
real_20240707,real,2024-07-07,adapted,681,0.2134127233,17.70837341,1.226897418,1.505277274,1073.389644,681,0.3363803334,0.2134127233,0.1794123387,0.2474131079
real_20240707,real,2024-07-07,adapted,682,0.2137261047,17.7024114,-0.5994291932,0.3593153576,1073.748959,682,0.3364929361,0.2137261047,0.1797257201,0.2477264893
real_20240707,real,2024-07-07,adapted,683,0.2140394861,17.69383608,0.7463339976,0.5570144359,1074.305974,683,0.3366674941,0.2140394861,0.1800391015,0.2480398707
real_20240707,real,2024-07-07,adapted,684,0.2143528674,17.670809,1.74680627,3.051332145,1077.357306,684,0.3376237247,0.2143528674,0.1803524828,0.248353252
real_20240707,real,2024-07-07,adapted,685,0.2146662488,17.65761125,-1.304840338,1.702608307,1079.059914,685,0.3381572905,0.2146662488,0.1806658642,0.2486666334
real_20240707,real,2024-07-07,adapted,686,0.2149796302,17.64710105,-0.3959261455,0.1567575127,1079.216671,686,0.3382064154,0.2149796302,0.1809792456,0.2489800148
real_20240707,real,2024-07-07,adapted,687,0.2152930116,17.62897849,0.4794864575,0.2299072629,1079.446579,687,0.338278464,0.2152930116,0.181292627,0.2492933962
real_20240707,real,2024-07-07,adapted,688,0.215606393,17.61506778,-0.309208885,0.09561013453,1079.542189,688,0.3383084265,0.215606393,0.1816060084,0.2496067776
real_20240707,real,2024-07-07,adapted,689,0.2159197744,17.60871156,0.2623144541,0.06880887283,1079.610998,689,0.3383299899,0.2159197744,0.1819193898,0.249920159
real_20240707,real,2024-07-07,adapted,690,0.2162331558,17.59995097,-0.8614252937,0.7420535366,1080.353051,690,0.3385625357,0.2162331558,0.1822327712,0.2502335404
real_20240707,real,2024-07-07,adapted,691,0.2165465371,17.58693998,-2.022603565,4.090925179,1084.443976,691,0.3398445555,0.2165465371,0.1825461525,0.2505469217
real_20240707,real,2024-07-07,adapted,692,0.2168599185,17.58132521,0.1474792877,0.02175014029,1084.465727,692,0.3398513715,0.2168599185,0.1828595339,0.2508603031
real_20240707,real,2024-07-07,adapted,693,0.2171732999,17.56785426,-1.815870227,3.29738468,1087.763111,693,0.3408847105,0.2171732999,0.1831729153,0.2511736845
real_20240707,real,2024-07-07,adapted,694,0.2174866813,17.5652784,-0.3410692483,0.1163282322,1087.87944,694,0.3409211656,0.2174866813,0.1834862967,0.2514870659
real_20240707,real,2024-07-07,adapted,695,0.2178000627,17.55726148,-1.420640701,2.01822,1089.89766,695,0.3415536382,0.2178000627,0.1837996781,0.2518004473
real_20240707,real,2024-07-07,adapted,696,0.2181134441,17.54479566,0.2501708869,0.06258547266,1089.960245,696,0.3415732513,0.2181134441,0.1841130595,0.2521138287
real_20240707,real,2024-07-07,adapted,697,0.2184268254,17.53030672,0.7116978134,0.5065137777,1090.466759,697,0.3417319833,0.2184268254,0.1844264408,0.25242721
real_20240707,real,2024-07-07,adapted,698,0.2187402068,17.504515,-0.2680607279,0.07185655385,1090.538615,698,0.3417545018,0.2187402068,0.1847398222,0.2527405914
real_20240707,real,2024-07-07,adapted,699,0.2190535882,17.49801601,0.8461436295,0.7159590417,1091.254574,699,0.3419788701,0.2190535882,0.1850532036,0.2530539728
real_20240707,real,2024-07-07,adapted,700,0.2193669696,17.48851904,-1.799375336,3.237751601,1094.492326,700,0.3429935211,0.2193669696,0.185366585,0.2533673542
real_20240707,real,2024-07-07,adapted,701,0.219680351,17.4852047,1.857340007,3.449711903,1097.942038,701,0.3440745966,0.219680351,0.1856799664,0.2536807356
real_20240707,real,2024-07-07,adapted,702,0.2199937324,17.46356121,0.4262960148,0.1817282922,1098.123766,702,0.3441315469,0.2199937324,0.1859933478,0.253994117
real_20240707,real,2024-07-07,adapted,703,0.2203071138,17.4587598,1.039840809,1.081268907,1099.205035,703,0.3444703964,0.2203071138,0.1863067292,0.2543074984
real_20240707,real,2024-07-07,adapted,704,0.2206204951,17.43742403,-0.0640768712,0.004105845423,1099.209141,704,0.3444716831,0.2206204951,0.1866201105,0.2546208797
real_20240707,real,2024-07-07,adapted,705,0.2209338765,17.42611888,0.3994711497,0.1595771995,1099.368718,705,0.3445216917,0.2209338765,0.1869334919,0.2549342611
real_20240707,real,2024-07-07,adapted,706,0.2212472579,17.41331436,-0.1782991723,0.03179059483,1099.400509,706,0.3445316542,0.2212472579,0.1872468733,0.2552476425
real_20240707,real,2024-07-07,adapted,707,0.2215606393,17.4011419,0.04419478644,0.001953179149,1099.402462,707,0.3445322663,0.2215606393,0.1875602547,0.2555610239
real_20240707,real,2024-07-07,adapted,708,0.2218740207,17.38065595,1.103769863,1.21830791,1100.62077,708,0.3449140614,0.2218740207,0.1878736361,0.2558744053
real_20240707,real,2024-07-07,adapted,709,0.2221874021,17.37612961,0.9906860742,0.9814588976,1101.602229,709,0.3452216323,0.2221874021,0.1881870175,0.2561877867
real_20240707,real,2024-07-07,adapted,710,0.2225007835,17.36918304,0.09800991848,0.00960594412,1101.611835,710,0.3452246426,0.2225007835,0.1885003989,0.2565011681
real_20240707,real,2024-07-07,adapted,711,0.2228141648,17.35676761,-0.1556395661,0.02422367455,1101.636058,711,0.3452322339,0.2228141648,0.1888137802,0.2568145494
real_20240707,real,2024-07-07,adapted,712,0.2231275462,17.35529119,0.2320531917,0.05384868377,1101.689907,712,0.3452491091,0.2231275462,0.1891271616,0.2571279308
real_20240707,real,2024-07-07,adapted,713,0.2234409276,17.34813439,-0.05086335108,0.002587080483,1101.692494,713,0.3452499198,0.2234409276,0.189440543,0.2574413122
real_20240707,real,2024-07-07,adapted,714,0.223754309,17.3332509,-0.03594282155,0.001291886421,1101.693786,714,0.3452503247,0.223754309,0.1897539244,0.2577546936
real_20240707,real,2024-07-07,adapted,715,0.2240676904,17.32734202,0.129325121,0.01672498691,1101.710511,715,0.345255566,0.2240676904,0.1900673058,0.258068075
real_20240707,real,2024-07-07,adapted,716,0.2243810718,17.31500353,0.8850970165,0.7833967286,1102.493908,716,0.3455010679,0.2243810718,0.1903806872,0.2583814564
real_20240707,real,2024-07-07,adapted,717,0.2246944531,17.30071904,-1.555579716,2.419828252,1104.913736,717,0.346259397,0.2246944531,0.1906940685,0.2586948377
real_20240707,real,2024-07-07,adapted,718,0.2250078345,17.28811117,0.01315019115,0.0001729275273,1104.913909,718,0.3462594512,0.2250078345,0.1910074499,0.2590082191
real_20240707,real,2024-07-07,adapted,719,0.2253212159,17.28113604,-0.2803582369,0.07860074101,1104.99251,719,0.3462840832,0.2253212159,0.1913208313,0.2593216005
real_20240707,real,2024-07-07,adapted,720,0.2256345973,17.26917075,-1.590847476,2.530795693,1107.523305,720,0.3470771875,0.2256345973,0.1916342127,0.2596349819
real_20240707,real,2024-07-07,adapted,721,0.2259479787,17.25773595,-1.604963826,2.575908883,1110.099214,721,0.3478844294,0.2259479787,0.1919475941,0.2599483633
real_20240707,real,2024-07-07,adapted,722,0.2262613601,17.2541924,0.4436870057,0.196858159,1110.296072,722,0.3479461211,0.2262613601,0.1922609755,0.2602617447
real_20240707,real,2024-07-07,adapted,723,0.2265747415,17.24880745,-0.9139112921,0.8352338498,1111.131306,723,0.3482078678,0.2265747415,0.1925743569,0.2605751261
real_20240707,real,2024-07-07,adapted,724,0.2268881228,17.22627128,1.200433469,1.441040514,1112.572347,724,0.3486594631,0.2268881228,0.1928877382,0.2608885074
real_20240707,real,2024-07-07,adapted,725,0.2272015042,17.21610925,-1.684695357,2.838198445,1115.410545,725,0.3495489016,0.2272015042,0.1932011196,0.2612018888
real_20240707,real,2024-07-07,adapted,726,0.2275148856,17.20688064,-0.03041261293,0.0009249270252,1115.41147,726,0.3495491915,0.2275148856,0.193514501,0.2615152702
real_20240707,real,2024-07-07,adapted,727,0.227828267,17.19926216,0.7876353305,0.6203694139,1116.031839,727,0.3497436037,0.227828267,0.1938278824,0.2618286516
real_20240707,real,2024-07-07,adapted,728,0.2281416484,17.19243473,-0.003270150124,1.069388184e-05,1116.03185,728,0.3497436071,0.2281416484,0.1941412638,0.262142033
real_20240707,real,2024-07-07,adapted,729,0.2284550298,17.1620245,-0.1338999108,0.01792918611,1116.049779,729,0.3497492257,0.2284550298,0.1944546452,0.2624554144
real_20240707,real,2024-07-07,adapted,730,0.2287684112,17.15749752,0.4328968759,0.1873997051,1116.237179,730,0.3498079533,0.2287684112,0.1947680266,0.2627687958
real_20240707,real,2024-07-07,adapted,731,0.2290817925,17.14362808,0.3239637248,0.104952495,1116.342132,731,0.3498408435,0.2290817925,0.1950814079,0.2630821771
real_20240707,real,2024-07-07,adapted,732,0.2293951739,17.13841362,0.211741677,0.04483453777,1116.386966,732,0.3498548938,0.2293951739,0.1953947893,0.2633955585
real_20240707,real,2024-07-07,adapted,733,0.2297085553,17.13239203,0.05944531008,0.00353374489,1116.3905,733,0.3498560012,0.2297085553,0.1957081707,0.2637089399
real_20240707,real,2024-07-07,adapted,734,0.2300219367,17.11696496,-1.070158277,1.145238738,1117.535739,734,0.3502148977,0.2300219367,0.1960215521,0.2640223213
real_20240707,real,2024-07-07,adapted,735,0.2303353181,17.10829866,-0.2207334681,0.04872326395,1117.584462,735,0.3502301667,0.2303353181,0.1963349335,0.2643357027
real_20240707,real,2024-07-07,adapted,736,0.2306486995,17.09953585,-0.7340714442,0.5388608851,1118.123323,736,0.3503990356,0.2306486995,0.1966483149,0.2646490841
real_20240707,real,2024-07-07,adapted,737,0.2309620809,17.08214782,2.057144923,4.231845235,1122.355168,737,0.3517252172,0.2309620809,0.1969616963,0.2649624655
real_20240707,real,2024-07-07,adapted,738,0.2312754622,17.07696368,-1.505819627,2.26749275,1124.622661,738,0.3524358072,0.2312754622,0.1972750776,0.2652758468
real_20240707,real,2024-07-07,adapted,739,0.2315888436,17.07067537,-1.574463967,2.478936784,1127.101598,739,0.3532126598,0.2315888436,0.197588459,0.2655892282
real_20240707,real,2024-07-07,adapted,740,0.231902225,17.06550703,-0.5922336588,0.3507407066,1127.452338,740,0.3533225754,0.231902225,0.1979018404,0.2659026096
real_20240707,real,2024-07-07,adapted,741,0.2322156064,17.0534258,0.3929988044,0.1544480602,1127.606786,741,0.3533709766,0.2322156064,0.1982152218,0.266215991
real_20240707,real,2024-07-07,adapted,742,0.2325289878,17.04200371,-0.5335661367,0.2846928222,1127.891479,742,0.353460194,0.2325289878,0.1985286032,0.2665293724
real_20240707,real,2024-07-07,adapted,743,0.2328423692,17.03712822,0.02941370965,0.0008651663154,1127.892344,743,0.3534604651,0.2328423692,0.1988419846,0.2668427538
real_20240707,real,2024-07-07,adapted,744,0.2331557505,17.02279839,0.1274296224,0.01623830866,1127.908583,744,0.3534655539,0.2331557505,0.1991553659,0.2671561351
real_20240707,real,2024-07-07,adapted,745,0.2334691319,17.01058292,-1.180535116,1.393663159,1129.302246,745,0.353902302,0.2334691319,0.1994687473,0.2674695165
real_20240707,real,2024-07-07,adapted,746,0.2337825133,17.00497756,-0.2478827939,0.06144587949,1129.363692,746,0.353921558,0.2337825133,0.1997821287,0.2677828979
real_20240707,real,2024-07-07,adapted,747,0.2340958947,16.99220865,0.1290243991,0.01664729555,1129.380339,747,0.353926775,0.2340958947,0.2000955101,0.2680962793
real_20240707,real,2024-07-07,adapted,748,0.2344092761,16.98241556,0.624446104,0.3899329368,1129.770272,748,0.3540489727,0.2344092761,0.2004088915,0.2684096607
real_20240707,real,2024-07-07,adapted,749,0.2347226575,16.96064859,-0.4252095234,0.1808031388,1129.951075,749,0.354105633,0.2347226575,0.2007222729,0.2687230421
real_20240707,real,2024-07-07,adapted,750,0.2350360389,16.94705962,-0.1488349059,0.02215182921,1129.973227,750,0.354112575,0.2350360389,0.2010356543,0.2690364235
real_20240707,real,2024-07-07,adapted,751,0.2353494202,16.92465667,0.7059087343,0.4983071412,1130.471534,751,0.3542687352,0.2353494202,0.2013490356,0.2693498048
real_20240707,real,2024-07-07,adapted,752,0.2356628016,16.91465047,-0.07744407433,0.005997584648,1130.477532,752,0.3542706147,0.2356628016,0.201662417,0.2696631862
real_20240707,real,2024-07-07,adapted,753,0.235976183,16.90236459,-0.5741381501,0.3296346154,1130.807166,753,0.3543739161,0.235976183,0.2019757984,0.2699765676
real_20240707,real,2024-07-07,adapted,754,0.2362895644,16.90102714,-0.2161083483,0.04670281819,1130.853869,754,0.3543885519,0.2362895644,0.2022891798,0.270289949
real_20240707,real,2024-07-07,adapted,755,0.2366029458,16.87792312,-0.5460696546,0.2981920677,1131.152061,755,0.3544819997,0.2366029458,0.2026025612,0.2706033304
real_20240707,real,2024-07-07,adapted,756,0.2369163272,16.86514291,-0.003229233448,1.042794866e-05,1131.152071,756,0.354482003,0.2369163272,0.2029159426,0.2709167118
real_20240707,real,2024-07-07,adapted,757,0.2372297086,16.85730709,0.8191788782,0.6710540345,1131.823125,757,0.3546922988,0.2372297086,0.203229324,0.2712300932
real_20240707,real,2024-07-07,adapted,758,0.2375430899,16.84676543,1.120560089,1.255654913,1133.07878,758,0.3550857977,0.2375430899,0.2035427053,0.2715434745
real_20240707,real,2024-07-07,adapted,759,0.2378564713,16.83974654,1.403419622,1.969586636,1135.048367,759,0.3557030295,0.2378564713,0.2038560867,0.2718568559
real_20240707,real,2024-07-07,adapted,760,0.2381698527,16.83215058,0.629956998,0.3968458193,1135.445213,760,0.3558273936,0.2381698527,0.2041694681,0.2721702373
real_20240707,real,2024-07-07,adapted,761,0.2384832341,16.81405815,0.3955170709,0.1564337534,1135.601647,761,0.355876417,0.2384832341,0.2044828495,0.2724836187
real_20240707,real,2024-07-07,adapted,762,0.2387966155,16.79723043,-0.3845859648,0.1479063643,1135.749553,762,0.3559227681,0.2387966155,0.2047962309,0.2727970001
real_20240707,real,2024-07-07,adapted,763,0.2391099969,16.79566422,-0.1417200697,0.02008457816,1135.769638,763,0.3559290622,0.2391099969,0.2051096123,0.2731103815
real_20240707,real,2024-07-07,adapted,764,0.2394233783,16.78089432,0.05147508521,0.002649684397,1135.772287,764,0.3559298926,0.2394233783,0.2054229937,0.2734237629
real_20240707,real,2024-07-07,adapted,765,0.2397367596,16.77669299,0.6970657533,0.4859006644,1136.258188,765,0.3560821648,0.2397367596,0.205736375,0.2737371442
real_20240707,real,2024-07-07,adapted,766,0.240050141,16.76936094,1.190033109,1.416178801,1137.674367,766,0.3565259689,0.240050141,0.2060497564,0.2740505256
real_20240707,real,2024-07-07,adapted,767,0.2403635224,16.75933221,0.9702577091,0.9414000221,1138.615767,767,0.3568209861,0.2403635224,0.2063631378,0.274363907
real_20240707,real,2024-07-07,adapted,768,0.2406769038,16.74811372,1.191556516,1.41980693,1140.035574,768,0.3572659272,0.2406769038,0.2066765192,0.2746772884
real_20240707,real,2024-07-07,adapted,769,0.2409902852,16.73735843,-0.2450444285,0.06004677196,1140.09562,769,0.3572847447,0.2409902852,0.2069899006,0.2749906698
real_20240707,real,2024-07-07,adapted,770,0.2413036666,16.72907111,-0.3014381442,0.09086495477,1140.186485,770,0.3573132201,0.2413036666,0.207303282,0.2753040512
real_20240707,real,2024-07-07,adapted,771,0.2416170479,16.71308672,0.02597695893,0.0006748023954,1140.18716,771,0.3573134316,0.2416170479,0.2076166633,0.2756174325
real_20240707,real,2024-07-07,adapted,772,0.2419304293,16.70345403,0.5475660461,0.2998285748,1140.486989,772,0.3574073923,0.2419304293,0.2079300447,0.2759308139
real_20240707,real,2024-07-07,adapted,773,0.2422438107,16.70253965,-0.674130664,0.4544521521,1140.941441,773,0.3575498091,0.2422438107,0.2082434261,0.2762441953
real_20240707,real,2024-07-07,adapted,774,0.2425571921,16.69510079,-0.6857234894,0.4702167039,1141.411658,774,0.3576971663,0.2425571921,0.2085568075,0.2765575767
real_20240707,real,2024-07-07,adapted,775,0.2428705735,16.68133579,1.005846333,1.011726846,1142.423384,775,0.3580142226,0.2428705735,0.2088701889,0.2768709581
real_20240707,real,2024-07-07,adapted,776,0.2431839549,16.67615206,-0.3355116329,0.1125680558,1142.535953,776,0.3580494994,0.2431839549,0.2091835703,0.2771843395
real_20240707,real,2024-07-07,adapted,777,0.2434973363,16.67265155,-0.37651141,0.1417608419,1142.677713,777,0.3580939246,0.2434973363,0.2094969517,0.2774977209
real_20240707,real,2024-07-07,adapted,778,0.2438107176,16.65526247,0.3349727255,0.1122067268,1142.78992,778,0.3581290881,0.2438107176,0.209810333,0.2778111022
real_20240707,real,2024-07-07,adapted,779,0.244124099,16.65101983,0.01951922503,0.0003810001456,1142.790301,779,0.3581292075,0.244124099,0.2101237144,0.2781244836
real_20240707,real,2024-07-07,adapted,780,0.2444374804,16.64216191,0.9196335732,0.8457259089,1143.636027,780,0.3583942422,0.2444374804,0.2104370958,0.278437865
real_20240707,real,2024-07-07,adapted,781,0.2447508618,16.6362807,0.7478757288,0.5593181058,1144.195345,781,0.3585695221,0.2447508618,0.2107504772,0.2787512464
real_20240707,real,2024-07-07,adapted,782,0.2450642432,16.61056219,0.6999119922,0.4898767968,1144.685222,782,0.3587230404,0.2450642432,0.2110638586,0.2790646278
real_20240707,real,2024-07-07,adapted,783,0.2453776246,16.60460401,0.2904518712,0.0843622895,1144.769584,783,0.358749478,0.2453776246,0.21137724,0.2793780092
real_20240707,real,2024-07-07,adapted,784,0.245691006,16.60069336,-0.385141877,0.1483342654,1144.917918,784,0.3587959632,0.245691006,0.2116906214,0.2796913906
real_20240707,real,2024-07-07,adapted,785,0.2460043873,16.59224463,-0.1276773484,0.0163015053,1144.93422,785,0.3588010718,0.2460043873,0.2120040027,0.2800047719
real_20240707,real,2024-07-07,adapted,786,0.2463177687,16.58693581,0.782234659,0.6118910618,1145.546111,786,0.358992827,0.2463177687,0.2123173841,0.2803181533
real_20240707,real,2024-07-07,adapted,787,0.2466311501,16.57438424,0.4598069148,0.2114223989,1145.757533,787,0.3590590829,0.2466311501,0.2126307655,0.2806315347
real_20240707,real,2024-07-07,adapted,788,0.2469445315,16.56228287,1.758424731,3.092057534,1148.849591,788,0.3600280761,0.2469445315,0.2129441469,0.2809449161
real_20240707,real,2024-07-07,adapted,789,0.2472579129,16.55347573,0.1152432143,0.01328099843,1148.862872,789,0.3600322382,0.2472579129,0.2132575283,0.2812582975
real_20240707,real,2024-07-07,adapted,790,0.2475712943,16.54411372,-0.3553991812,0.126308578,1148.989181,790,0.3600718209,0.2475712943,0.2135709097,0.2815716789
real_20240707,real,2024-07-07,adapted,791,0.2478846757,16.52955269,-0.4719360093,0.2227235969,1149.211904,791,0.3601416183,0.2478846757,0.2138842911,0.2818850603
real_20240707,real,2024-07-07,adapted,792,0.248198057,16.52597232,-0.18823564,0.03543265616,1149.247337,792,0.3601527223,0.248198057,0.2141976724,0.2821984416
real_20240707,real,2024-07-07,adapted,793,0.2485114384,16.52048142,0.4287218722,0.1838024437,1149.431139,793,0.3602103225,0.2485114384,0.2145110538,0.282511823
real_20240707,real,2024-07-07,adapted,794,0.2488248198,16.50272148,-1.678892224,2.818679101,1152.249818,794,0.3610936441,0.2488248198,0.2148244352,0.2828252044
real_20240707,real,2024-07-07,adapted,795,0.2491382012,16.48246695,-0.306693227,0.09406073546,1152.343879,795,0.361123121,0.2491382012,0.2151378166,0.2831385858
real_20240707,real,2024-07-07,adapted,796,0.2494515826,16.47398072,-0.8178866611,0.6689385904,1153.012818,796,0.3613327539,0.2494515826,0.215451198,0.2834519672
real_20240707,real,2024-07-07,adapted,797,0.249764964,16.4699284,0.3355306975,0.112580849,1153.125399,797,0.3613680346,0.249764964,0.2157645794,0.2837653486
real_20240707,real,2024-07-07,adapted,798,0.2500783453,16.46271217,0.1149986031,0.01322467872,1153.138623,798,0.361372179,0.2500783453,0.2160779607,0.2840787299
real_20240707,real,2024-07-07,adapted,799,0.2503917267,16.44502891,0.4907183591,0.240804508,1153.379428,799,0.3614476426,0.2503917267,0.2163913421,0.2843921113
real_20240707,real,2024-07-07,adapted,800,0.2507051081,16.44467008,0.0996641047,0.009932933765,1153.389361,800,0.3614507554,0.2507051081,0.2167047235,0.2847054927
real_20240707,real,2024-07-07,adapted,801,0.2510184895,16.43260666,1.031037437,1.063038197,1154.452399,801,0.3617838918,0.2510184895,0.2170181049,0.2850188741
real_20240707,real,2024-07-07,adapted,802,0.2513318709,16.4175025,1.483994767,2.202240469,1156.654639,802,0.362474033,0.2513318709,0.2173314863,0.2853322555
real_20240707,real,2024-07-07,adapted,803,0.2516452523,16.40658477,-0.5475605495,0.2998225553,1156.954462,803,0.3625679918,0.2516452523,0.2176448677,0.2856456369
real_20240707,real,2024-07-07,adapted,804,0.2519586337,16.40254134,-0.5835746162,0.3405593326,1157.295021,804,0.3626747168,0.2519586337,0.2179582491,0.2859590183
real_20240707,real,2024-07-07,adapted,805,0.252272015,16.39734646,-0.272412685,0.07420867095,1157.36923,805,0.3626979724,0.252272015,0.2182716304,0.2862723996
real_20240707,real,2024-07-07,adapted,806,0.2525853964,16.38288361,-0.7879818877,0.6209154553,1157.990145,806,0.3628925557,0.2525853964,0.2185850118,0.286585781
real_20240707,real,2024-07-07,adapted,807,0.2528987778,16.3765754,0.6409473625,0.4108135215,1158.400959,807,0.363021297,0.2528987778,0.2188983932,0.2868991624
real_20240707,real,2024-07-07,adapted,808,0.2532121592,16.37085605,-1.590088292,2.528380777,1160.92934,808,0.3638136445,0.2532121592,0.2192117746,0.2872125438
real_20240707,real,2024-07-07,adapted,809,0.2535255406,16.36692488,0.7169651689,0.5140390534,1161.443379,809,0.3639747348,0.2535255406,0.219525156,0.2875259252
real_20240707,real,2024-07-07,adapted,810,0.253838922,16.35483315,0.4011500211,0.1609213394,1161.6043,810,0.3640251645,0.253838922,0.2198385374,0.2878393066
real_20240707,real,2024-07-07,adapted,811,0.2541523034,16.34315317,0.6508864703,0.4236531972,1162.027953,811,0.3641579296,0.2541523034,0.2201519188,0.288152688
real_20240707,real,2024-07-07,adapted,812,0.2544656847,16.32961155,-0.2713504751,0.07363108036,1162.101584,812,0.3641810042,0.2544656847,0.2204653001,0.2884660693
real_20240707,real,2024-07-07,adapted,813,0.2547790661,16.32788672,-1.581603451,2.501469475,1164.603054,813,0.3649649181,0.2547790661,0.2207786815,0.2887794507
real_20240707,real,2024-07-07,adapted,814,0.2550924475,16.32260526,-2.009404998,4.037708447,1168.640762,814,0.3662302608,0.2550924475,0.2210920629,0.2890928321
real_20240707,real,2024-07-07,adapted,815,0.2554058289,16.30880657,-0.7044709016,0.4962792512,1169.137041,815,0.3663857855,0.2554058289,0.2214054443,0.2894062135
real_20240707,real,2024-07-07,adapted,816,0.2557192103,16.30566291,0.3170397605,0.1005142097,1169.237556,816,0.3664172848,0.2557192103,0.2217188257,0.2897195949
real_20240707,real,2024-07-07,adapted,817,0.2560325917,16.29012654,0.4022408931,0.1617977361,1169.399353,817,0.3664679892,0.2560325917,0.2220322071,0.2900329763
real_20240707,real,2024-07-07,adapted,818,0.256345973,16.28780779,-1.017273222,1.034844808,1170.434198,818,0.3667922903,0.256345973,0.2223455884,0.2903463576
real_20240707,real,2024-07-07,adapted,819,0.2566593544,16.28291103,1.22213093,1.49360401,1171.927802,819,0.3672603579,0.2566593544,0.2226589698,0.290659739
real_20240707,real,2024-07-07,adapted,820,0.2569727358,16.26132616,0.02920065969,0.0008526785263,1171.928655,820,0.3672606252,0.2569727358,0.2229723512,0.2909731204
real_20240707,real,2024-07-07,adapted,821,0.2572861172,16.25210145,1.119811044,1.253976775,1173.182632,821,0.3676535981,0.2572861172,0.2232857326,0.2912865018
real_20240707,real,2024-07-07,adapted,822,0.2575994986,16.24320375,-1.624899958,2.640299875,1175.822932,822,0.368481019,0.2575994986,0.223599114,0.2915998832
real_20240707,real,2024-07-07,adapted,823,0.25791288,16.22167381,-0.2653405962,0.070405632,1175.893337,823,0.3685030828,0.25791288,0.2239124954,0.2919132646
real_20240707,real,2024-07-07,adapted,824,0.2582262614,16.21806508,-1.401693238,1.964743933,1177.858081,824,0.369118797,0.2582262614,0.2242258768,0.292226646
real_20240707,real,2024-07-07,adapted,825,0.2585396427,16.20270128,-0.5475279644,0.2997868718,1178.157868,825,0.3692127446,0.2585396427,0.2245392581,0.2925400273
real_20240707,real,2024-07-07,adapted,826,0.2588530241,16.19766427,-0.09793089369,0.00959045994,1178.167458,826,0.3692157501,0.2588530241,0.2248526395,0.2928534087
real_20240707,real,2024-07-07,adapted,827,0.2591664055,16.1842664,-0.226097443,0.05112005371,1178.218578,827,0.3692317701,0.2591664055,0.2251660209,0.2931667901
real_20240707,real,2024-07-07,adapted,828,0.2594797869,16.16737334,-0.06105226648,0.003727379243,1178.222306,828,0.3692329382,0.2594797869,0.2254794023,0.2934801715
real_20240707,real,2024-07-07,adapted,829,0.2597931683,16.16311442,-0.9450665588,0.8931508006,1179.115457,829,0.3695128351,0.2597931683,0.2257927837,0.2937935529
real_20240707,real,2024-07-07,adapted,830,0.2601065497,16.15072642,-0.8287182369,0.6867739161,1179.802231,830,0.3697280572,0.2601065497,0.2261061651,0.2941069343
real_20240707,real,2024-07-07,adapted,831,0.2604199311,16.150179,-1.217576853,1.482493393,1181.284724,831,0.3701926431,0.2604199311,0.2264195465,0.2944203157
real_20240707,real,2024-07-07,adapted,832,0.2607333124,16.13389302,-0.05560599717,0.003092026922,1181.287816,832,0.370193612,0.2607333124,0.2267329278,0.294733697
real_20240707,real,2024-07-07,adapted,833,0.2610466938,16.12198399,-0.1549172177,0.02399934434,1181.311815,833,0.370201133,0.2610466938,0.2270463092,0.2950470784
real_20240707,real,2024-07-07,adapted,834,0.2613600752,16.11827942,0.125727595,0.01580742814,1181.327623,834,0.3702060867,0.2613600752,0.2273596906,0.2953604598
real_20240707,real,2024-07-07,adapted,835,0.2616734566,16.10651196,-1.112878145,1.238497765,1182.566121,835,0.3705942089,0.2616734566,0.227673072,0.2956738412
real_20240707,real,2024-07-07,adapted,836,0.261986838,16.10379487,-0.4290724763,0.1841031899,1182.750224,836,0.3706519034,0.261986838,0.2279864534,0.2959872226
real_20240707,real,2024-07-07,adapted,837,0.2623002194,16.09946129,0.5762278749,0.3320385638,1183.082262,837,0.3707559581,0.2623002194,0.2282998348,0.296300604
real_20240707,real,2024-07-07,adapted,838,0.2626136008,16.08759303,-0.237839535,0.05656764443,1183.13883,838,0.3707736853,0.2626136008,0.2286132162,0.2966139854
real_20240707,real,2024-07-07,adapted,839,0.2629269821,16.08072702,-1.574057175,2.477655989,1185.616486,839,0.3715501366,0.2629269821,0.2289265975,0.2969273667
real_20240707,real,2024-07-07,adapted,840,0.2632403635,16.07853053,0.3277119745,0.1073951383,1185.723881,840,0.3715837923,0.2632403635,0.2292399789,0.2972407481
real_20240707,real,2024-07-07,adapted,841,0.2635537449,16.05877771,-0.3284362615,0.1078703778,1185.831751,841,0.3716175968,0.2635537449,0.2295533603,0.2975541295
real_20240707,real,2024-07-07,adapted,842,0.2638671263,16.0484265,-1.455317635,2.117949417,1187.949701,842,0.3722813227,0.2638671263,0.2298667417,0.2978675109
real_20240707,real,2024-07-07,adapted,843,0.2641805077,16.04333451,0.8632744514,0.7452427784,1188.694944,843,0.372514868,0.2641805077,0.2301801231,0.2981808923
real_20240707,real,2024-07-07,adapted,844,0.2644938891,16.02616303,0.3843642796,0.1477358994,1188.84268,844,0.3725611656,0.2644938891,0.2304935045,0.2984942737
real_20240707,real,2024-07-07,adapted,845,0.2648072704,16.01696729,0.1372557155,0.01883913145,1188.861519,845,0.3725670695,0.2648072704,0.2308068858,0.298807655
real_20240707,real,2024-07-07,adapted,846,0.2651206518,16.0112503,0.361438488,0.1306377806,1188.992156,846,0.3726080089,0.2651206518,0.2311202672,0.2991210364
real_20240707,real,2024-07-07,adapted,847,0.2654340332,15.99773913,-1.144680465,1.310293366,1190.30245,847,0.3730186305,0.2654340332,0.2314336486,0.2994344178
real_20240707,real,2024-07-07,adapted,848,0.2657474146,15.9923606,0.01963434304,0.0003855074265,1190.302835,848,0.3730187513,0.2657474146,0.23174703,0.2997477992
real_20240707,real,2024-07-07,adapted,849,0.266060796,15.98467612,1.175134843,1.380941898,1191.683777,849,0.3734515128,0.266060796,0.2320604114,0.3000611806
real_20240707,real,2024-07-07,adapted,850,0.2663741774,15.96572475,1.630069021,2.657125014,1194.340902,850,0.3742842063,0.2663741774,0.2323737928,0.300374562
real_20240707,real,2024-07-07,adapted,851,0.2666875588,15.96105556,-0.6369985802,0.4057671912,1194.746669,851,0.3744113662,0.2666875588,0.2326871742,0.3006879434
real_20240707,real,2024-07-07,adapted,852,0.2670009401,15.95085458,-0.2407587959,0.05796479781,1194.804634,852,0.3744295313,0.2670009401,0.2330005555,0.3010013247
real_20240707,real,2024-07-07,adapted,853,0.2673143215,15.94383632,-0.9503341524,0.9031350012,1195.707769,853,0.374712557,0.2673143215,0.2333139369,0.3013147061
real_20240707,real,2024-07-07,adapted,854,0.2676277029,15.92614247,-1.004284216,1.008586786,1196.716356,854,0.3750286293,0.2676277029,0.2336273183,0.3016280875
real_20240707,real,2024-07-07,adapted,855,0.2679410843,15.92501186,0.5042736289,0.2542918928,1196.970648,855,0.3751083196,0.2679410843,0.2339406997,0.3019414689
real_20240707,real,2024-07-07,adapted,856,0.2682544657,15.91551842,0.06862040272,0.00470875967,1196.975357,856,0.3751097953,0.2682544657,0.2342540811,0.3022548503
real_20240707,real,2024-07-07,adapted,857,0.2685678471,15.89647714,0.4706786114,0.2215383552,1197.196895,857,0.3751792213,0.2685678471,0.2345674625,0.3025682317
real_20240707,real,2024-07-07,adapted,858,0.2688812285,15.88766086,-0.5398036973,0.2913880317,1197.488283,858,0.3752705368,0.2688812285,0.2348808439,0.3028816131
real_20240707,real,2024-07-07,adapted,859,0.2691946098,15.87971397,-1.069101092,1.142977144,1198.63126,859,0.3756287246,0.2691946098,0.2351942252,0.3031949944
real_20240707,real,2024-07-07,adapted,860,0.2695079912,15.8727358,0.05622604031,0.003161367609,1198.634422,860,0.3756297153,0.2695079912,0.2355076066,0.3035083758
real_20240707,real,2024-07-07,adapted,861,0.2698213726,15.85813324,-0.651836156,0.4248903742,1199.059312,861,0.375762868,0.2698213726,0.235820988,0.3038217572
real_20240707,real,2024-07-07,adapted,862,0.270134754,15.85067487,-0.07805693515,0.006092885125,1199.065405,862,0.3757647774,0.270134754,0.2361343694,0.3041351386
real_20240707,real,2024-07-07,adapted,863,0.2704481354,15.84191818,-0.1040645221,0.01082942477,1199.076234,863,0.3757681712,0.2704481354,0.2364477508,0.30444852
real_20240707,real,2024-07-07,adapted,864,0.2707615168,15.83674141,0.6153381893,0.3786410873,1199.454875,864,0.3758868303,0.2707615168,0.2367611322,0.3047619014
real_20240707,real,2024-07-07,adapted,865,0.2710748982,15.83096128,-0.2009325387,0.04037388511,1199.495249,865,0.3758994827,0.2710748982,0.2370745136,0.3050752828
real_20240707,real,2024-07-07,adapted,866,0.2713882795,15.81456135,-0.3787757833,0.143471094,1199.63872,866,0.3759444438,0.2713882795,0.2373878949,0.3053886641
real_20240707,real,2024-07-07,adapted,867,0.2717016609,15.80937768,2.815020235,7.924338924,1207.563059,867,0.3784277842,0.2717016609,0.2377012763,0.3057020455
real_20240707,real,2024-07-07,adapted,868,0.2720150423,15.80037771,0.972082459,0.9449443071,1208.508004,868,0.3787239121,0.2720150423,0.2380146577,0.3060154269
real_20240707,real,2024-07-07,adapted,869,0.2723284237,15.79181866,0.6932217872,0.4805564463,1208.98856,869,0.3788745096,0.2723284237,0.2383280391,0.3063288083
real_20240707,real,2024-07-07,adapted,870,0.2726418051,15.78150781,-0.3747115636,0.1404087559,1209.128969,870,0.378918511,0.2726418051,0.2386414205,0.3066421897
real_20240707,real,2024-07-07,adapted,871,0.2729551865,15.76665335,0.1112955903,0.01238670843,1209.141355,871,0.3789223928,0.2729551865,0.2389548019,0.3069555711
real_20240707,real,2024-07-07,adapted,872,0.2732685678,15.75961168,0.02642717542,0.0006983956007,1209.142054,872,0.3789226117,0.2732685678,0.2392681832,0.3072689524
real_20240707,real,2024-07-07,adapted,873,0.2735819492,15.74475304,0.2863428368,0.08199222017,1209.224046,873,0.3789483065,0.2735819492,0.2395815646,0.3075823338
real_20240707,real,2024-07-07,adapted,874,0.2738953306,15.73712032,1.362849857,1.857359732,1211.081406,874,0.3795303685,0.2738953306,0.239894946,0.3078957152
real_20240707,real,2024-07-07,adapted,875,0.274208712,15.73179453,-0.3272665983,0.1071034264,1211.188509,875,0.3795639327,0.274208712,0.2402083274,0.3082090966
real_20240707,real,2024-07-07,adapted,876,0.2745220934,15.72502224,0.8273908411,0.6845756039,1211.873085,876,0.3797784659,0.2745220934,0.2405217088,0.308522478
real_20240707,real,2024-07-07,adapted,877,0.2748354748,15.71808218,-0.208310411,0.04339322735,1211.916478,877,0.3797920646,0.2748354748,0.2408350902,0.3088358594
real_20240707,real,2024-07-07,adapted,878,0.2751488562,15.70868576,-0.2170190376,0.04709726268,1211.963575,878,0.379806824,0.2751488562,0.2411484716,0.3091492408
real_20240707,real,2024-07-07,adapted,879,0.2754622375,15.70285097,-0.2154011033,0.04639763529,1212.009973,879,0.3798213641,0.2754622375,0.2414618529,0.3094626221
real_20240707,real,2024-07-07,adapted,880,0.2757756189,15.70124938,1.237856507,1.532288732,1213.542262,880,0.3803015549,0.2757756189,0.2417752343,0.3097760035
real_20240707,real,2024-07-07,adapted,881,0.2760890003,15.679183,0.4534833363,0.2056471363,1213.747909,881,0.3803660009,0.2760890003,0.2420886157,0.3100893849
real_20240707,real,2024-07-07,adapted,882,0.2764023817,15.6711747,-0.3719430305,0.1383416179,1213.88625,882,0.3804093546,0.2764023817,0.2424019971,0.3104027663
real_20240707,real,2024-07-07,adapted,883,0.2767157631,15.660384,0.8749337173,0.7655090096,1214.651759,883,0.3806492509,0.2767157631,0.2427153785,0.3107161477
real_20240707,real,2024-07-07,adapted,884,0.2770291445,15.6547307,-0.6103338172,0.3725073685,1215.024267,884,0.3807659877,0.2770291445,0.2430287599,0.3110295291
real_20240707,real,2024-07-07,adapted,885,0.2773425259,15.64314493,0.419459547,0.1759463116,1215.200213,885,0.380821126,0.2773425259,0.2433421413,0.3113429105
real_20240707,real,2024-07-07,adapted,886,0.2776559072,15.63434247,-2.079579598,4.324651304,1219.524864,886,0.3821763912,0.2776559072,0.2436555226,0.3116562918
real_20240707,real,2024-07-07,adapted,887,0.2779692886,15.6170532,0.736324074,0.5421731419,1220.067038,887,0.3823462982,0.2779692886,0.243968904,0.3119696732
real_20240707,real,2024-07-07,adapted,888,0.27828267,15.61559813,-0.5694223008,0.3242417567,1220.391279,888,0.3824479095,0.27828267,0.2442822854,0.3122830546
real_20240707,real,2024-07-07,adapted,889,0.2785960514,15.60452568,0.1225043218,0.01500730885,1220.406287,889,0.3824526126,0.2785960514,0.2445956668,0.312596436
real_20240707,real,2024-07-07,adapted,890,0.2789094328,15.59786034,1.902218895,3.618436725,1224.024723,890,0.3835865633,0.2789094328,0.2449090482,0.3129098174
real_20240707,real,2024-07-07,adapted,891,0.2792228142,15.58995472,0.05465640367,0.002987322463,1224.027711,891,0.3835874994,0.2792228142,0.2452224296,0.3132231988
real_20240707,real,2024-07-07,adapted,892,0.2795361955,15.58530301,1.142594337,1.305521819,1225.333233,892,0.3839966257,0.2795361955,0.2455358109,0.3135365802
real_20240707,real,2024-07-07,adapted,893,0.2798495769,15.57030582,0.2135226093,0.0455919047,1225.378824,893,0.3840109133,0.2798495769,0.2458491923,0.3138499615
real_20240707,real,2024-07-07,adapted,894,0.2801629583,15.5635466,0.4387412971,0.1924939258,1225.571318,894,0.3840712373,0.2801629583,0.2461625737,0.3141633429
real_20240707,real,2024-07-07,adapted,895,0.2804763397,15.5496554,0.2937519371,0.08629020056,1225.657609,895,0.3840982791,0.2804763397,0.2464759551,0.3144767243
real_20240707,real,2024-07-07,adapted,896,0.2807897211,15.53674454,-1.017792009,1.035900574,1226.693509,896,0.384422911,0.2807897211,0.2467893365,0.3147901057
real_20240707,real,2024-07-07,adapted,897,0.2811031025,15.52683385,0.4507075041,0.2031372542,1226.896646,897,0.3844865705,0.2811031025,0.2471027179,0.3151034871
real_20240707,real,2024-07-07,adapted,898,0.2814164839,15.520722,0.6337120706,0.4015909884,1227.298237,898,0.3846124216,0.2814164839,0.2474160993,0.3154168685
real_20240707,real,2024-07-07,adapted,899,0.2817298652,15.50435047,-1.093152942,1.194983354,1228.493221,899,0.3849869072,0.2817298652,0.2477294806,0.3157302498
real_20240707,real,2024-07-07,adapted,900,0.2820432466,15.49941496,0.1864904355,0.03477868254,1228.527999,900,0.3849978061,0.2820432466,0.248042862,0.3160436312
real_20240707,real,2024-07-07,adapted,901,0.282356628,15.48834997,1.052690432,1.108157147,1229.636157,901,0.385345082,0.282356628,0.2483562434,0.3163570126
real_20240707,real,2024-07-07,adapted,902,0.2826700094,15.48154577,-0.4343922434,0.1886966211,1229.824853,902,0.385404216,0.2826700094,0.2486696248,0.316670394
real_20240707,real,2024-07-07,adapted,903,0.2829833908,15.47691998,1.275304303,1.626401064,1231.451254,903,0.3859138998,0.2829833908,0.2489830062,0.3169837754
real_20240707,real,2024-07-07,adapted,904,0.2832967722,15.47014531,-1.162493104,1.351390218,1232.802644,904,0.3863374003,0.2832967722,0.2492963876,0.3172971568
real_20240707,real,2024-07-07,adapted,905,0.2836101536,15.46074112,-0.2855127585,0.08151753524,1232.884162,905,0.3863629464,0.2836101536,0.249609769,0.3176105382
real_20240707,real,2024-07-07,adapted,906,0.2839235349,15.45004497,-0.8507842345,0.7238338137,1233.607996,906,0.3865897825,0.2839235349,0.2499231503,0.3179239195
real_20240707,real,2024-07-07,adapted,907,0.2842369163,15.44648882,0.188448481,0.03551283,1233.643509,907,0.3866009115,0.2842369163,0.2502365317,0.3182373009
real_20240707,real,2024-07-07,adapted,908,0.2845502977,15.42916925,0.6222727969,0.3872234337,1234.030732,908,0.3867222601,0.2845502977,0.2505499131,0.3185506823
real_20240707,real,2024-07-07,adapted,909,0.2848636791,15.42328739,1.454506143,2.11558812,1236.14632,909,0.3873852461,0.2848636791,0.2508632945,0.3188640637
real_20240707,real,2024-07-07,adapted,910,0.2851770605,15.42070523,-0.4811793186,0.2315335367,1236.377854,910,0.3874578044,0.2851770605,0.2511766759,0.3191774451
real_20240707,real,2024-07-07,adapted,911,0.2854904419,15.41391034,-1.04471686,1.091433318,1237.469287,911,0.3877998392,0.2854904419,0.2514900573,0.3194908265
real_20240707,real,2024-07-07,adapted,912,0.2858038233,15.40889314,1.881912291,3.541593871,1241.010881,912,0.3889097088,0.2858038233,0.2518034387,0.3198042079
real_20240707,real,2024-07-07,adapted,913,0.2861172046,15.39589638,-0.4928142614,0.2428658962,1241.253747,913,0.3889858185,0.2861172046,0.25211682,0.3201175892
real_20240707,real,2024-07-07,adapted,914,0.286430586,15.39123135,-1.18172795,1.396480947,1242.650228,914,0.3894234496,0.286430586,0.2524302014,0.3204309706
real_20240707,real,2024-07-07,adapted,915,0.2867439674,15.37820225,-0.2096940892,0.04397161106,1242.694199,915,0.3894372295,0.2867439674,0.2527435828,0.320744352
real_20240707,real,2024-07-07,adapted,916,0.2870573488,15.3637822,-1.00203145,1.004067027,1243.698266,916,0.3897518854,0.2870573488,0.2530569642,0.3210577334
real_20240707,real,2024-07-07,adapted,917,0.2873707302,15.36146033,-0.1326153337,0.01758682672,1243.715853,917,0.3897573968,0.2873707302,0.2533703456,0.3213711148
real_20240707,real,2024-07-07,adapted,918,0.2876841116,15.35894693,-1.88536023,3.554583195,1247.270436,918,0.390871337,0.2876841116,0.253683727,0.3216844962
real_20240707,real,2024-07-07,adapted,919,0.2879974929,15.34273393,-0.08716514753,0.007597762944,1247.278034,919,0.390873718,0.2879974929,0.2539971083,0.3219978775
real_20240707,real,2024-07-07,adapted,920,0.2883108743,15.33615192,0.9605895348,0.9227322543,1248.200766,920,0.3911628851,0.2883108743,0.2543104897,0.3223112589
real_20240707,real,2024-07-07,adapted,921,0.2886242557,15.3219647,1.617546722,2.616457398,1250.817224,921,0.3919828342,0.2886242557,0.2546238711,0.3226246403
real_20240707,real,2024-07-07,adapted,922,0.2889376371,15.32023243,0.6579334746,0.432876457,1251.2501,922,0.3921184896,0.2889376371,0.2549372525,0.3229380217
real_20240707,real,2024-07-07,adapted,923,0.2892510185,15.30591846,0.04237219794,0.001795403158,1251.251896,923,0.3921190522,0.2892510185,0.2552506339,0.3232514031
real_20240707,real,2024-07-07,adapted,924,0.2895643999,15.30121331,0.4853925238,0.2356059021,1251.487502,924,0.3921928867,0.2895643999,0.2555640153,0.3235647845
real_20240707,real,2024-07-07,adapted,925,0.2898777813,15.29966902,0.4979007859,0.2479051926,1251.735407,925,0.3922705756,0.2898777813,0.2558773967,0.3238781659
real_20240707,real,2024-07-07,adapted,926,0.2901911626,15.28696977,0.9289596681,0.862966065,1252.598373,926,0.3925410131,0.2901911626,0.256190778,0.3241915472
real_20240707,real,2024-07-07,adapted,927,0.290504544,15.28265248,-0.3239972014,0.1049741865,1252.703347,927,0.3925739101,0.290504544,0.2565041594,0.3245049286
real_20240707,real,2024-07-07,adapted,928,0.2908179254,15.2799745,0.6309946796,0.3981542856,1253.101501,928,0.3926986842,0.2908179254,0.2568175408,0.32481831
real_20240707,real,2024-07-07,adapted,929,0.2911313068,15.26247136,0.09667945104,0.009346916254,1253.110848,929,0.3927016134,0.2911313068,0.2571309222,0.3251316914
real_20240707,real,2024-07-07,adapted,930,0.2914446882,15.2562948,2.182394302,4.762844888,1257.873693,930,0.3941942003,0.2914446882,0.2574443036,0.3254450728
real_20240707,real,2024-07-07,adapted,931,0.2917580696,15.24914861,-0.2546334512,0.06483819449,1257.938531,931,0.3942145194,0.2917580696,0.257757685,0.3257584542
real_20240707,real,2024-07-07,adapted,932,0.292071451,15.2463493,0.1815117638,0.0329465204,1257.971478,932,0.3942248442,0.292071451,0.2580710664,0.3260718356
real_20240707,real,2024-07-07,adapted,933,0.2923848323,15.23915321,0.977093983,0.9547126516,1258.92619,933,0.3945240334,0.2923848323,0.2583844477,0.3263852169
real_20240707,real,2024-07-07,adapted,934,0.2926982137,15.22827545,-0.2333150447,0.05443591009,1258.980626,934,0.3945410926,0.2926982137,0.2586978291,0.3266985983
real_20240707,real,2024-07-07,adapted,935,0.2930115951,15.22321438,-0.6534916165,0.4270512928,1259.407678,935,0.3946749225,0.2930115951,0.2590112105,0.3270119797
real_20240707,real,2024-07-07,adapted,936,0.2933249765,15.21672144,-0.05850351304,0.003422661039,1259.4111,936,0.3946759951,0.2933249765,0.2593245919,0.3273253611
real_20240707,real,2024-07-07,adapted,937,0.2936383579,15.21218142,0.1508507987,0.02275596346,1259.433856,937,0.3946831264,0.2936383579,0.2596379733,0.3276387425
real_20240707,real,2024-07-07,adapted,938,0.2939517393,15.20866492,0.8860259536,0.7850419905,1260.218898,938,0.3949291439,0.2939517393,0.2599513547,0.3279521239
real_20240707,real,2024-07-07,adapted,939,0.2942651207,15.20158104,0.2138374622,0.04572646024,1260.264625,939,0.3949434738,0.2942651207,0.2602647361,0.3282655053
real_20240707,real,2024-07-07,adapted,940,0.294578502,15.19435056,-0.5886826721,0.3465472885,1260.611172,940,0.3950520752,0.294578502,0.2605781174,0.3285788866
real_20240707,real,2024-07-07,adapted,941,0.2948918834,15.18320442,0.7524011899,0.5661075505,1261.17728,941,0.3952294828,0.2948918834,0.2608914988,0.328892268
real_20240707,real,2024-07-07,adapted,942,0.2952052648,15.178621,-0.3148534591,0.09913270072,1261.276412,942,0.3952605491,0.2952052648,0.2612048802,0.3292056494
real_20240707,real,2024-07-07,adapted,943,0.2955186462,15.17399042,-0.1271814875,0.01617513075,1261.292587,943,0.3952656181,0.2955186462,0.2615182616,0.3295190308
real_20240707,real,2024-07-07,adapted,944,0.2958320276,15.16491853,-0.2399214407,0.05756229771,1261.35015,944,0.3952836571,0.2958320276,0.261831643,0.3298324122
real_20240707,real,2024-07-07,adapted,945,0.296145409,15.15725343,0.6618437041,0.4380370886,1261.788187,945,0.3954209297,0.296145409,0.2621450244,0.3301457936
real_20240707,real,2024-07-07,adapted,946,0.2964587903,15.15259581,-0.05685434217,0.003232416224,1261.791419,946,0.3954219427,0.2964587903,0.2624584057,0.3304591749
real_20240707,real,2024-07-07,adapted,947,0.2967721717,15.14985567,1.007585912,1.01522937,1262.806649,947,0.3957400967,0.2967721717,0.2627717871,0.3307725563
real_20240707,real,2024-07-07,adapted,948,0.2970855531,15.14606003,-0.2570637765,0.06608178517,1262.87273,948,0.3957608055,0.2970855531,0.2630851685,0.3310859377
real_20240707,real,2024-07-07,adapted,949,0.2973989345,15.14060922,-0.2386912938,0.05697353376,1262.929704,949,0.39577866,0.2973989345,0.2633985499,0.3313993191
real_20240707,real,2024-07-07,adapted,950,0.2977123159,15.12609646,-0.287173715,0.08246874257,1263.012173,950,0.3958045041,0.2977123159,0.2637119313,0.3317127005
real_20240707,real,2024-07-07,adapted,951,0.2980256973,15.11708665,0.04550615315,0.002070809975,1263.014243,951,0.3958051531,0.2980256973,0.2640253127,0.3320260819
real_20240707,real,2024-07-07,adapted,952,0.2983390787,15.11226264,-0.1967360816,0.03870508581,1263.052949,952,0.3958172825,0.2983390787,0.2643386941,0.3323394633
real_20240707,real,2024-07-07,adapted,953,0.29865246,15.11144111,0.07240056346,0.005241841589,1263.05819,953,0.3958189252,0.29865246,0.2646520754,0.3326528446
real_20240707,real,2024-07-07,adapted,954,0.2989658414,15.09642331,-0.06664663988,0.004441774607,1263.062632,954,0.3958203172,0.2989658414,0.2649654568,0.332966226
real_20240707,real,2024-07-07,adapted,955,0.2992792228,15.08199851,1.323954151,1.752854595,1264.815487,955,0.3963696292,0.2992792228,0.2652788382,0.3332796074
real_20240707,real,2024-07-07,adapted,956,0.2995926042,15.07959039,0.9916607797,0.983391102,1265.798878,956,0.3966778057,0.2995926042,0.2655922196,0.3335929888
real_20240707,real,2024-07-07,adapted,957,0.2999059856,15.07780077,-0.3198068818,0.1022764416,1265.901154,957,0.3967098572,0.2999059856,0.265905601,0.3339063702
real_20240707,real,2024-07-07,adapted,958,0.300219367,15.07085985,-0.2436832586,0.05938153051,1265.960536,958,0.3967284663,0.300219367,0.2662189824,0.3342197516
real_20240707,real,2024-07-07,adapted,959,0.3005327484,15.06638812,0.00640223797,4.098865103e-05,1265.960577,959,0.3967284791,0.3005327484,0.2665323638,0.334533133
real_20240707,real,2024-07-07,adapted,960,0.3008461297,15.05366886,0.2323021161,0.05396427315,1266.014541,960,0.3967453905,0.3008461297,0.2668457451,0.3348465143
real_20240707,real,2024-07-07,adapted,961,0.3011595111,15.05082937,-0.950118336,0.9027248523,1266.917266,961,0.3970282877,0.3011595111,0.2671591265,0.3351598957
real_20240707,real,2024-07-07,adapted,962,0.3014728925,15.04451775,-0.7278200622,0.529722043,1267.446988,962,0.3971942927,0.3014728925,0.2674725079,0.3354732771
real_20240707,real,2024-07-07,adapted,963,0.3017862739,15.03076608,0.7372135069,0.5434837547,1267.990472,963,0.3973646104,0.3017862739,0.2677858893,0.3357866585
real_20240707,real,2024-07-07,adapted,964,0.3020996553,15.02892971,-0.6422032734,0.4124250444,1268.402897,964,0.3974938567,0.3020996553,0.2680992707,0.3361000399
real_20240707,real,2024-07-07,adapted,965,0.3024130367,15.0191512,-0.8870721559,0.7868970098,1269.189794,965,0.3977404556,0.3024130367,0.2684126521,0.3364134213
real_20240707,real,2024-07-07,adapted,966,0.3027264181,15.01043383,2.072913148,4.296968918,1273.486763,966,0.3990870457,0.3027264181,0.2687260335,0.3367268027
real_20240707,real,2024-07-07,adapted,967,0.3030397994,15.00530967,-1.348420689,1.818238354,1275.305001,967,0.3996568477,0.3030397994,0.2690394148,0.337040184
real_20240707,real,2024-07-07,adapted,968,0.3033531808,15.00453852,0.05255175622,0.002761687082,1275.307763,968,0.3996577132,0.3033531808,0.2693527962,0.3373535654
real_20240707,real,2024-07-07,adapted,969,0.3036665622,15.0000391,0.8932917393,0.7979701315,1276.105733,969,0.3999077822,0.3036665622,0.2696661776,0.3376669468
real_20240707,real,2024-07-07,adapted,970,0.3039799436,14.98963956,-1.316789895,1.733935627,1277.839669,970,0.4004511653,0.3039799436,0.269979559,0.3379803282
real_20240707,real,2024-07-07,adapted,971,0.304293325,14.97146845,-0.6415705958,0.4116128294,1278.251281,971,0.4005801571,0.304293325,0.2702929404,0.3382937096
real_20240707,real,2024-07-07,adapted,972,0.3046067064,14.96827603,-0.7120413884,0.5070029388,1278.758284,972,0.4007390424,0.3046067064,0.2706063218,0.338607091
real_20240707,real,2024-07-07,adapted,973,0.3049200877,14.96286722,0.03109401028,0.0009668374755,1278.759251,973,0.4007393454,0.3049200877,0.2709197031,0.3389204723
real_20240707,real,2024-07-07,adapted,974,0.3052334691,14.95641862,0.8139800568,0.6625635329,1279.421815,974,0.4009469805,0.3052334691,0.2712330845,0.3392338537
real_20240707,real,2024-07-07,adapted,975,0.3055468505,14.9447405,-0.743275518,0.5524584956,1279.974273,975,0.4011201107,0.3055468505,0.2715464659,0.3395472351
real_20240707,real,2024-07-07,adapted,976,0.3058602319,14.94414168,0.4121688228,0.1698831385,1280.144156,976,0.4011733489,0.3058602319,0.2718598473,0.3398606165
real_20240707,real,2024-07-07,adapted,977,0.3061736133,14.93899449,-0.3599633002,0.1295735775,1280.27373,977,0.4012139548,0.3061736133,0.2721732287,0.3401739979
real_20240707,real,2024-07-07,adapted,978,0.3064869947,14.93334728,-0.8006157465,0.6409855736,1280.914715,978,0.4014148278,0.3064869947,0.2724866101,0.3404873793
real_20240707,real,2024-07-07,adapted,979,0.3068003761,14.92951948,0.06212647622,0.003859699048,1280.918575,979,0.4014160373,0.3068003761,0.2727999915,0.3408007607
real_20240707,real,2024-07-07,adapted,980,0.3071137574,14.92686704,-0.8195026493,0.6715845923,1281.59016,980,0.4016264995,0.3071137574,0.2731133728,0.341114142
real_20240707,real,2024-07-07,adapted,981,0.3074271388,14.91648325,1.642002931,2.696173627,1284.286333,981,0.4024714301,0.3074271388,0.2734267542,0.3414275234
real_20240707,real,2024-07-07,adapted,982,0.3077405202,14.91463237,0.7635781285,0.5830515583,1284.869385,982,0.4026541476,0.3077405202,0.2737401356,0.3417409048
real_20240707,real,2024-07-07,adapted,983,0.3080539016,14.90417846,-2.447436364,5.989944757,1290.85933,983,0.4045312848,0.3080539016,0.274053517,0.3420542862
real_20240707,real,2024-07-07,adapted,984,0.308367283,14.90153444,-0.9482396655,0.8991584633,1291.758488,984,0.4048130643,0.308367283,0.2743668984,0.3423676676
real_20240707,real,2024-07-07,adapted,985,0.3086806644,14.89183057,-0.7304475639,0.5335536436,1292.292042,985,0.4049802701,0.3086806644,0.2746802798,0.342681049
real_20240707,real,2024-07-07,adapted,986,0.3089940458,14.88579102,0.7426764716,0.5515683415,1292.84361,986,0.4051531213,0.3089940458,0.2749936612,0.3429944304
real_20240707,real,2024-07-07,adapted,987,0.3093074271,14.8777122,0.05307422192,0.002816873032,1292.846427,987,0.4051540041,0.3093074271,0.2753070425,0.3433078117
real_20240707,real,2024-07-07,adapted,988,0.3096208085,14.86481625,0.4633618494,0.2147042035,1293.061131,988,0.4052212884,0.3096208085,0.2756204239,0.3436211931
real_20240707,real,2024-07-07,adapted,989,0.3099341899,14.85961016,-0.5193025024,0.269675089,1293.330806,989,0.4053057995,0.3099341899,0.2759338053,0.3439345745
real_20240707,real,2024-07-07,adapted,990,0.3102475713,14.85143225,0.3913862215,0.1531831744,1293.483989,990,0.4053538043,0.3102475713,0.2762471867,0.3442479559
real_20240707,real,2024-07-07,adapted,991,0.3105609527,14.84947085,0.06063096497,0.003676113913,1293.487666,991,0.4053549563,0.3105609527,0.2765605681,0.3445613373
real_20240707,real,2024-07-07,adapted,992,0.3108743341,14.84191603,-0.2162385488,0.04675910998,1293.534425,992,0.4053696098,0.3108743341,0.2768739495,0.3448747187
real_20240707,real,2024-07-07,adapted,993,0.3111877154,14.83239673,-0.6908889874,0.4773275929,1294.011752,993,0.4055191953,0.3111877154,0.2771873308,0.3451881
real_20240707,real,2024-07-07,adapted,994,0.3115010968,14.82898968,0.7219492749,0.5212107555,1294.532963,994,0.4056825331,0.3115010968,0.2775007122,0.3455014814
real_20240707,real,2024-07-07,adapted,995,0.3118144782,14.82125585,1.435780414,2.061465397,1296.594428,995,0.406328558,0.3118144782,0.2778140936,0.3458148628
real_20240707,real,2024-07-07,adapted,996,0.3121278596,14.80744931,-1.329601803,1.767840954,1298.362269,996,0.4068825664,0.3121278596,0.278127475,0.3461282442
real_20240707,real,2024-07-07,adapted,997,0.312441241,14.80580759,-1.980235951,3.921334421,1302.283604,997,0.4081114396,0.312441241,0.2784408564,0.3464416256
real_20240707,real,2024-07-07,adapted,998,0.3127546224,14.80184723,-0.05042261431,0.002542440033,1302.286146,998,0.4081122364,0.3127546224,0.2787542378,0.346755007
real_20240707,real,2024-07-07,adapted,999,0.3130680038,14.78768839,0.1392692226,0.01939591636,1302.305542,999,0.4081183147,0.3130680038,0.2790676192,0.3470683884
real_20240707,real,2024-07-07,adapted,1000,0.3133813851,14.77631705,-0.4752693887,0.2258809919,1302.531423,1000,0.4081891016,0.3133813851,0.2793810005,0.3473817697
real_20240707,real,2024-07-07,adapted,1001,0.3136947665,14.7737549,-0.4265341655,0.1819313943,1302.713355,1001,0.4082461155,0.3136947665,0.2796943819,0.3476951511
real_20240707,real,2024-07-07,adapted,1002,0.3140081479,14.7669262,0.2229800484,0.04972010198,1302.763075,1002,0.4082616969,0.3140081479,0.2800077633,0.3480085325
real_20240707,real,2024-07-07,adapted,1003,0.3143215293,14.76168473,-0.9672535124,0.9355793572,1303.698654,1003,0.40855489,0.3143215293,0.2803211447,0.3483219139
real_20240707,real,2024-07-07,adapted,1004,0.3146349107,14.74921634,0.9054500785,0.8198398447,1304.518494,1004,0.4088118126,0.3146349107,0.2806345261,0.3486352953
real_20240707,real,2024-07-07,adapted,1005,0.3149482921,14.7479848,-0.8845860924,0.7824925548,1305.300986,1005,0.4090570312,0.3149482921,0.2809479075,0.3489486767
real_20240707,real,2024-07-07,adapted,1006,0.3152616735,14.74293286,0.0122792324,0.0001507795483,1305.301137,1006,0.4090570784,0.3152616735,0.2812612889,0.3492620581
real_20240707,real,2024-07-07,adapted,1007,0.3155750548,14.73530136,1.401009363,1.962827234,1307.263964,1007,0.4096721919,0.3155750548,0.2815746702,0.3495754394
real_20240707,real,2024-07-07,adapted,1008,0.3158884362,14.73071977,0.02266603609,0.000513749192,1307.264478,1008,0.4096723529,0.3158884362,0.2818880516,0.3498888208
real_20240707,real,2024-07-07,adapted,1009,0.3162018176,14.72890301,0.2517143903,0.06336013428,1307.327838,1009,0.4096922088,0.3162018176,0.282201433,0.3502022022
real_20240707,real,2024-07-07,adapted,1010,0.316515199,14.72178423,0.202634827,0.04106087313,1307.368899,1010,0.4097050765,0.316515199,0.2825148144,0.3505155836
real_20240707,real,2024-07-07,adapted,1011,0.3168285804,14.71716262,-0.6845577311,0.4686192872,1307.837518,1011,0.4098519331,0.3168285804,0.2828281958,0.350828965
real_20240707,real,2024-07-07,adapted,1012,0.3171419618,14.71166115,-0.6110574809,0.3733912449,1308.21091,1012,0.409968947,0.3171419618,0.2831415772,0.3511423464
real_20240707,real,2024-07-07,adapted,1013,0.3174553432,14.70224011,0.9859366185,0.9720710157,1309.182981,1013,0.4102735759,0.3174553432,0.2834549586,0.3514557278
real_20240707,real,2024-07-07,adapted,1014,0.3177687245,14.69011706,1.591421761,2.532623222,1311.715604,1014,0.4110672529,0.3177687245,0.2837683399,0.3517691091
real_20240707,real,2024-07-07,adapted,1015,0.3180821059,14.68166186,1.276380442,1.629147034,1313.344751,1015,0.4115777972,0.3180821059,0.2840817213,0.3520824905
real_20240707,real,2024-07-07,adapted,1016,0.3183954873,14.67973421,-0.404987662,0.1640150063,1313.508766,1016,0.4116291965,0.3183954873,0.2843951027,0.3523958719
real_20240707,real,2024-07-07,adapted,1017,0.3187088687,14.67733999,0.8150172393,0.6642531004,1314.173019,1017,0.4118373611,0.3187088687,0.2847084841,0.3527092533
real_20240707,real,2024-07-07,adapted,1018,0.3190222501,14.6679312,2.211651913,4.891404184,1319.064423,1018,0.4133702361,0.3190222501,0.2850218655,0.3530226347
real_20240707,real,2024-07-07,adapted,1019,0.3193356315,14.66048874,0.5132890949,0.2634656949,1319.327889,1019,0.4134528013,0.3193356315,0.2853352469,0.3533360161
real_20240707,real,2024-07-07,adapted,1020,0.3196490128,14.65440928,-0.6388314357,0.4081056032,1319.735995,1020,0.413580694,0.3196490128,0.2856486282,0.3536493974
real_20240707,real,2024-07-07,adapted,1021,0.3199623942,14.65199498,0.07118530431,0.005067347549,1319.741062,1021,0.413582282,0.3199623942,0.2859620096,0.3539627788
real_20240707,real,2024-07-07,adapted,1022,0.3202757756,14.64411989,0.222419749,0.04947054474,1319.790532,1022,0.4135977852,0.3202757756,0.286275391,0.3542761602
real_20240707,real,2024-07-07,adapted,1023,0.320589157,14.63981858,-0.7127417661,0.5080008251,1320.298533,1023,0.4137569832,0.320589157,0.2865887724,0.3545895416
real_20240707,real,2024-07-07,adapted,1024,0.3209025384,14.63147857,-0.3666910561,0.1344623307,1320.432996,1024,0.4137991212,0.3209025384,0.2869021538,0.354902923
real_20240707,real,2024-07-07,adapted,1025,0.3212159198,14.6257593,-1.292921576,1.671646201,1322.104642,1025,0.414322984,0.3212159198,0.2872155352,0.3552163044
real_20240707,real,2024-07-07,adapted,1026,0.3215293012,14.61063912,0.5754521869,0.3311452195,1322.435787,1026,0.4144267587,0.3215293012,0.2875289166,0.3555296858
real_20240707,real,2024-07-07,adapted,1027,0.3218426825,14.60620892,1.834714352,3.366176755,1325.801964,1027,0.4154816559,0.3218426825,0.2878422979,0.3558430671
real_20240707,real,2024-07-07,adapted,1028,0.3221560639,14.60175638,0.3554441593,0.1263405504,1325.928304,1028,0.4155212486,0.3221560639,0.2881556793,0.3561564485
real_20240707,real,2024-07-07,adapted,1029,0.3224694453,14.59563354,0.1797464313,0.03230877956,1325.960613,1029,0.4155313736,0.3224694453,0.2884690607,0.3564698299
real_20240707,real,2024-07-07,adapted,1030,0.3227828267,14.59130179,2.690852353,7.240686385,1333.2013,1030,0.4178004699,0.3227828267,0.2887824421,0.3567832113
real_20240707,real,2024-07-07,adapted,1031,0.3230962081,14.58373856,-0.3651920497,0.1333652332,1333.334665,1031,0.4178422641,0.3230962081,0.2890958235,0.3570965927
real_20240707,real,2024-07-07,adapted,1032,0.3234095895,14.58067742,-1.580228882,2.497123321,1335.831788,1032,0.4186248161,0.3234095895,0.2894092049,0.3574099741
real_20240707,real,2024-07-07,adapted,1033,0.3237229709,14.57630939,-1.250375495,1.56343888,1337.395227,1033,0.4191147687,0.3237229709,0.2897225863,0.3577233555
real_20240707,real,2024-07-07,adapted,1034,0.3240363522,14.57331413,0.003256382458,1.060402671e-05,1337.395238,1034,0.419114772,0.3240363522,0.2900359676,0.3580367368
real_20240707,real,2024-07-07,adapted,1035,0.3243497336,14.55850876,0.6455296882,0.4167085783,1337.811946,1035,0.4192453608,0.3243497336,0.290349349,0.3583501182
real_20240707,real,2024-07-07,adapted,1036,0.324663115,14.55556291,0.9603475889,0.9222674914,1338.734214,1036,0.4195343822,0.324663115,0.2906627304,0.3586634996
real_20240707,real,2024-07-07,adapted,1037,0.3249764964,14.55009893,-0.6449631893,0.4159775155,1339.150191,1037,0.4196647418,0.3249764964,0.2909761118,0.358976881
real_20240707,real,2024-07-07,adapted,1038,0.3252898778,14.54619428,-0.3539745924,0.1252980121,1339.275489,1038,0.4197040079,0.3252898778,0.2912894932,0.3592902624
real_20240707,real,2024-07-07,adapted,1039,0.3256032592,14.53989329,-0.1505019522,0.02265083763,1339.29814,1039,0.4197111062,0.3256032592,0.2916028746,0.3596036438
real_20240707,real,2024-07-07,adapted,1040,0.3259166406,14.52351994,0.9434782699,0.8901512457,1340.188291,1040,0.4199900631,0.3259166406,0.291916256,0.3599170252
real_20240707,real,2024-07-07,adapted,1041,0.3262300219,14.52247993,-0.5116402628,0.2617757586,1340.450067,1041,0.4200720987,0.3262300219,0.2922296373,0.3602304065
real_20240707,real,2024-07-07,adapted,1042,0.3265434033,14.51605284,-0.975526714,0.9516523697,1341.401719,1042,0.4203703289,0.3265434033,0.2925430187,0.3605437879
real_20240707,real,2024-07-07,adapted,1043,0.3268567847,14.50926047,0.5571024102,0.3103630955,1341.712082,1043,0.4204675909,0.3268567847,0.2928564001,0.3608571693
real_20240707,real,2024-07-07,adapted,1044,0.3271701661,14.50627614,0.4362385195,0.1903040459,1341.902387,1044,0.4205272286,0.3271701661,0.2931697815,0.3611705507
real_20240707,real,2024-07-07,adapted,1045,0.3274835475,14.50085696,0.1111928115,0.01236384133,1341.91475,1045,0.4205311032,0.3274835475,0.2934831629,0.3614839321
real_20240707,real,2024-07-07,adapted,1046,0.3277969289,14.49176545,2.170166131,4.709621037,1346.624371,1046,0.4220070108,0.3277969289,0.2937965443,0.3617973135
real_20240707,real,2024-07-07,adapted,1047,0.3281103102,14.48552547,-0.4271789994,0.1824818976,1346.806853,1047,0.4220641972,0.3281103102,0.2941099256,0.3621106948
real_20240707,real,2024-07-07,adapted,1048,0.3284236916,14.46919354,2.763881202,7.639039298,1354.445893,1048,0.4244581299,0.3284236916,0.294423307,0.3624240762
real_20240707,real,2024-07-07,adapted,1049,0.328737073,14.46878297,-0.06251085639,0.003907607167,1354.4498,1049,0.4244593545,0.328737073,0.2947366884,0.3627374576
real_20240707,real,2024-07-07,adapted,1050,0.3290504544,14.46143565,-1.639012165,2.686360878,1357.136161,1050,0.42530121,0.3290504544,0.2950500698,0.363050839
real_20240707,real,2024-07-07,adapted,1051,0.3293638358,14.45687144,-2.0854843,4.349244765,1361.485406,1051,0.4266641823,0.3293638358,0.2953634512,0.3633642204
real_20240707,real,2024-07-07,adapted,1052,0.3296772172,14.45185386,-1.543667996,2.382910882,1363.868317,1052,0.4274109423,0.3296772172,0.2956768326,0.3636776018
real_20240707,real,2024-07-07,adapted,1053,0.3299905986,14.44409554,-0.4426847832,0.1959698173,1364.064287,1053,0.4274723555,0.3299905986,0.295990214,0.3639909832
real_20240707,real,2024-07-07,adapted,1054,0.3303039799,14.43431001,0.02516555134,0.000633304974,1364.06492,1054,0.427472554,0.3303039799,0.2963035953,0.3643043645
real_20240707,real,2024-07-07,adapted,1055,0.3306173613,14.43131469,0.4502534936,0.2027282085,1364.267648,1055,0.4275360853,0.3306173613,0.2966169767,0.3646177459
real_20240707,real,2024-07-07,adapted,1056,0.3309307427,14.42357602,-0.5172526465,0.2675503003,1364.535198,1056,0.4276199305,0.3309307427,0.2969303581,0.3649311273
real_20240707,real,2024-07-07,adapted,1057,0.3312441241,14.41555306,1.403888126,1.970901869,1366.5061,1057,0.4282375745,0.3312441241,0.2972437395,0.3652445087
real_20240707,real,2024-07-07,adapted,1058,0.3315575055,14.41020666,0.7928145204,0.6285548638,1367.134655,1058,0.4284345519,0.3315575055,0.2975571209,0.3655578901
real_20240707,real,2024-07-07,adapted,1059,0.3318708869,14.40465379,0.4271060001,0.1824195353,1367.317075,1059,0.4284917188,0.3318708869,0.2978705023,0.3658712715
real_20240707,real,2024-07-07,adapted,1060,0.3321842683,14.40325821,-0.4535565262,0.2057135225,1367.522788,1060,0.4285561856,0.3321842683,0.2981838837,0.3661846529
real_20240707,real,2024-07-07,adapted,1061,0.3324976496,14.39881461,1.45051927,2.104006152,1369.626794,1061,0.4292155419,0.3324976496,0.298497265,0.3664980342
real_20240707,real,2024-07-07,adapted,1062,0.332811031,14.38967583,0.1901081826,0.03614112108,1369.662935,1062,0.4292268679,0.332811031,0.2988106464,0.3668114156
real_20240707,real,2024-07-07,adapted,1063,0.3331244124,14.38736165,1.802316402,3.248344411,1372.91128,1063,0.4302448386,0.3331244124,0.2991240278,0.367124797
real_20240707,real,2024-07-07,adapted,1064,0.3334377938,14.37941686,-0.402245364,0.1618013329,1373.073081,1064,0.4302955441,0.3334377938,0.2994374092,0.3674381784
real_20240707,real,2024-07-07,adapted,1065,0.3337511752,14.3718968,-1.020015805,1.040432243,1374.113513,1065,0.4306215962,0.3337511752,0.2997507906,0.3677515598
real_20240707,real,2024-07-07,adapted,1066,0.3340645566,14.36795184,-0.1390801335,0.01934328354,1374.132857,1066,0.430627658,0.3340645566,0.300064172,0.3680649412
real_20240707,real,2024-07-07,adapted,1067,0.334377938,14.36115849,-0.5989947812,0.3587947479,1374.491651,1067,0.4307400976,0.334377938,0.3003775534,0.3683783226
real_20240707,real,2024-07-07,adapted,1068,0.3346913193,14.35275026,0.3758678115,0.1412766117,1374.632928,1068,0.4307843711,0.3346913193,0.3006909347,0.3686917039
real_20240707,real,2024-07-07,adapted,1069,0.3350047007,14.35113564,0.201085574,0.04043540806,1374.673363,1069,0.4307970428,0.3350047007,0.3010043161,0.3690050853
real_20240707,real,2024-07-07,adapted,1070,0.3353180821,14.34595962,-0.3031144968,0.09187839815,1374.765242,1070,0.4308258357,0.3353180821,0.3013176975,0.3693184667
real_20240707,real,2024-07-07,adapted,1071,0.3356314635,14.34420811,-1.93183035,3.7319685,1378.49721,1071,0.4319953652,0.3356314635,0.3016310789,0.3696318481
real_20240707,real,2024-07-07,adapted,1072,0.3359448449,14.33144825,0.4242216728,0.1799640277,1378.677174,1072,0.4320517626,0.3359448449,0.3019444603,0.3699452295
real_20240707,real,2024-07-07,adapted,1073,0.3362582263,14.3205697,-0.7823748824,0.6121104566,1379.289285,1073,0.4322435866,0.3362582263,0.3022578417,0.3702586109
real_20240707,real,2024-07-07,adapted,1074,0.3365716076,14.31808933,-2.550227828,6.503661973,1385.792947,1074,0.4342817132,0.3365716076,0.302571223,0.3705719922
real_20240707,real,2024-07-07,adapted,1075,0.336884989,14.31391007,0.1799124591,0.03236849294,1385.825315,1075,0.4342918569,0.336884989,0.3028846044,0.3708853736
real_20240707,real,2024-07-07,adapted,1076,0.3371983704,14.31005541,-0.645725554,0.416961491,1386.242277,1076,0.4344225249,0.3371983704,0.3031979858,0.371198755
real_20240707,real,2024-07-07,adapted,1077,0.3375117518,14.30599166,1.627557509,2.648943444,1388.89122,1077,0.4352526544,0.3375117518,0.3035113672,0.3715121364
real_20240707,real,2024-07-07,adapted,1078,0.3378251332,14.30017904,0.1966124197,0.03865644358,1388.929877,1078,0.4352647686,0.3378251332,0.3038247486,0.3718255178
real_20240707,real,2024-07-07,adapted,1079,0.3381385146,14.29170916,0.5601912838,0.3138142745,1389.243691,1079,0.4353631122,0.3381385146,0.30413813,0.3721388992
real_20240707,real,2024-07-07,adapted,1080,0.338451896,14.28384501,0.4028453937,0.1622844112,1389.405975,1080,0.4354139691,0.338451896,0.3044515114,0.3724522806
real_20240707,real,2024-07-07,adapted,1081,0.3387652773,14.28325474,0.3133684465,0.09819978329,1389.504175,1081,0.4354447431,0.3387652773,0.3047648927,0.3727656619
real_20240707,real,2024-07-07,adapted,1082,0.3390786587,14.27115139,-1.08326898,1.173471684,1390.677647,1082,0.4358124873,0.3390786587,0.3050782741,0.3730790433
real_20240707,real,2024-07-07,adapted,1083,0.3393920401,14.26742617,0.1653174417,0.02732985653,1390.704977,1083,0.4358210519,0.3393920401,0.3053916555,0.3733924247
real_20240707,real,2024-07-07,adapted,1084,0.3397054215,14.25628257,0.3201525517,0.1024976564,1390.807474,1084,0.4358531728,0.3397054215,0.3057050369,0.3737058061
real_20240707,real,2024-07-07,adapted,1085,0.3400188029,14.25309718,-0.7698929127,0.5927350971,1391.400209,1085,0.4360389249,0.3400188029,0.3060184183,0.3740191875
real_20240707,real,2024-07-07,adapted,1086,0.3403321843,14.24705606,-0.6035560875,0.3642799508,1391.764489,1086,0.4361530835,0.3403321843,0.3063317997,0.3743325689
real_20240707,real,2024-07-07,adapted,1087,0.3406455657,14.24580613,0.1771627067,0.03138662466,1391.795876,1087,0.4361629195,0.3406455657,0.3066451811,0.3746459503
real_20240707,real,2024-07-07,adapted,1088,0.340958947,14.23302025,-0.864524131,0.747401973,1392.543278,1088,0.4363971413,0.340958947,0.3069585624,0.3749593316
real_20240707,real,2024-07-07,adapted,1089,0.3412723284,14.22787423,-0.1009315893,0.01018718572,1392.553465,1089,0.4364003338,0.3412723284,0.3072719438,0.375272713
real_20240707,real,2024-07-07,adapted,1090,0.3415857098,14.21997964,0.8495802293,0.7217865659,1393.275252,1090,0.4366265283,0.3415857098,0.3075853252,0.3755860944
real_20240707,real,2024-07-07,adapted,1091,0.3418990912,14.20769853,-0.004881765393,2.383163336e-05,1393.275276,1091,0.4366265358,0.3418990912,0.3078987066,0.3758994758
real_20240707,real,2024-07-07,adapted,1092,0.3422124726,14.20371628,-1.384873476,1.917874545,1395.19315,1092,0.4372275619,0.3422124726,0.308212088,0.3762128572
real_20240707,real,2024-07-07,adapted,1093,0.342525854,14.19640951,-0.3893046961,0.1515581464,1395.344708,1093,0.4372750574,0.342525854,0.3085254694,0.3765262386
real_20240707,real,2024-07-07,adapted,1094,0.3428392353,14.18915285,1.418054058,2.010877312,1397.355586,1094,0.437905229,0.3428392353,0.3088388507,0.3768396199
real_20240707,real,2024-07-07,adapted,1095,0.3431526167,14.17948725,-1.894519309,3.589203412,1400.944789,1095,0.4390300185,0.3431526167,0.3091522321,0.3771530013
real_20240707,real,2024-07-07,adapted,1096,0.3434659981,14.16830248,-0.7079298156,0.5011646239,1401.445954,1096,0.4391870742,0.3434659981,0.3094656135,0.3774663827
real_20240707,real,2024-07-07,adapted,1097,0.3437793795,14.16650216,0.9649337214,0.9310970868,1402.377051,1097,0.4394788626,0.3437793795,0.3097789949,0.3777797641
real_20240707,real,2024-07-07,adapted,1098,0.3440927609,14.16488092,-1.047161098,1.096546365,1403.473597,1098,0.4398224999,0.3440927609,0.3100923763,0.3780931455
real_20240707,real,2024-07-07,adapted,1099,0.3444061423,14.15989035,0.6160521362,0.3795202345,1403.853117,1099,0.4399414344,0.3444061423,0.3104057577,0.3784065269
real_20240707,real,2024-07-07,adapted,1100,0.3447195237,14.15605533,0.7957855782,0.6332746864,1404.486392,1100,0.4401398909,0.3447195237,0.3107191391,0.3787199083
real_20240707,real,2024-07-07,adapted,1101,0.345032905,14.14681465,0.5438163139,0.2957361833,1404.782128,1101,0.4402325692,0.345032905,0.3110325204,0.3790332896
real_20240707,real,2024-07-07,adapted,1102,0.3453462864,14.14583795,1.623319921,2.635167567,1407.417296,1102,0.4410583816,0.3453462864,0.3113459018,0.379346671
real_20240707,real,2024-07-07,adapted,1103,0.3456596678,14.14315868,-0.1307336491,0.01709128701,1407.434387,1103,0.4410637377,0.3456596678,0.3116592832,0.3796600524
real_20240707,real,2024-07-07,adapted,1104,0.3459730492,14.13849702,-2.149767147,4.621498785,1412.055886,1104,0.4425120294,0.3459730492,0.3119726646,0.3799734338
real_20240707,real,2024-07-07,adapted,1105,0.3462864306,14.13539204,0.09597856151,0.00921188427,1412.065098,1105,0.4425149162,0.3462864306,0.312286046,0.3802868152
real_20240707,real,2024-07-07,adapted,1106,0.346599812,14.1304423,1.178510807,1.388887723,1413.453985,1106,0.4429501678,0.346599812,0.3125994274,0.3806001966
real_20240707,real,2024-07-07,adapted,1107,0.3469131934,14.11918698,0.6666846288,0.4444683943,1413.898454,1107,0.4430894559,0.3469131934,0.3129128088,0.380913578
real_20240707,real,2024-07-07,adapted,1108,0.3472265747,14.11797111,-1.488882529,2.216771184,1416.115225,1108,0.4437841507,0.3472265747,0.3132261901,0.3812269593
real_20240707,real,2024-07-07,adapted,1109,0.3475399561,14.10593899,0.9893224332,0.9787588769,1417.093984,1109,0.4440908756,0.3475399561,0.3135395715,0.3815403407
real_20240707,real,2024-07-07,adapted,1110,0.3478533375,14.10233671,1.526386608,2.329856078,1419.42384,1110,0.4448210091,0.3478533375,0.3138529529,0.3818537221
real_20240707,real,2024-07-07,adapted,1111,0.3481667189,14.09656713,-0.08328612811,0.006936579135,1419.430777,1111,0.4448231829,0.3481667189,0.3141663343,0.3821671035
real_20240707,real,2024-07-07,adapted,1112,0.3484801003,14.09011753,-0.7619484476,0.5805654367,1420.011342,1112,0.4450051213,0.3484801003,0.3144797157,0.3824804849
real_20240707,real,2024-07-07,adapted,1113,0.3487934817,14.08464881,1.065711082,1.135740111,1421.147082,1113,0.4453610411,0.3487934817,0.3147930971,0.3827938663
real_20240707,real,2024-07-07,adapted,1114,0.3491068631,14.07284985,-0.7092744218,0.5030702054,1421.650152,1114,0.4455186939,0.3491068631,0.3151064785,0.3831072477
real_20240707,real,2024-07-07,adapted,1115,0.3494202444,14.06978617,0.005438527782,2.957758444e-05,1421.650182,1115,0.4455187032,0.3494202444,0.3154198598,0.383420629
real_20240707,real,2024-07-07,adapted,1116,0.3497336258,14.06416985,0.1053148547,0.01109121862,1421.661273,1116,0.445522179,0.3497336258,0.3157332412,0.3837340104
real_20240707,real,2024-07-07,adapted,1117,0.3500470072,14.05862658,-0.6605967068,0.436388009,1422.097661,1117,0.4456589348,0.3500470072,0.3160466226,0.3840473918
real_20240707,real,2024-07-07,adapted,1118,0.3503603886,14.05499784,0.05390966762,0.002906252263,1422.100567,1118,0.4456598456,0.3503603886,0.316360004,0.3843607732
real_20240707,real,2024-07-07,adapted,1119,0.35067377,14.04864683,-0.5745212528,0.3300746699,1422.430642,1119,0.4457632849,0.35067377,0.3166733854,0.3846741546
real_20240707,real,2024-07-07,adapted,1120,0.3509871514,14.04355771,0.355504225,0.126383254,1422.557025,1120,0.445802891,0.3509871514,0.3169867668,0.384987536
real_20240707,real,2024-07-07,adapted,1121,0.3513005327,14.03943813,0.4464805309,0.1993448645,1422.75637,1121,0.445865362,0.3513005327,0.3173001481,0.3853009173
real_20240707,real,2024-07-07,adapted,1122,0.3516139141,14.03688866,0.6332091545,0.4009538334,1423.157324,1122,0.4459910135,0.3516139141,0.3176135295,0.3856142987
real_20240707,real,2024-07-07,adapted,1123,0.3519272955,14.03179236,1.495461406,2.236404817,1425.393729,1123,0.4466918611,0.3519272955,0.3179269109,0.3859276801
real_20240707,real,2024-07-07,adapted,1124,0.3522406769,14.02505964,0.2352578157,0.05534623986,1425.449075,1124,0.4467092056,0.3522406769,0.3182402923,0.3862410615
real_20240707,real,2024-07-07,adapted,1125,0.3525540583,14.01690418,0.3516689163,0.1236710267,1425.572746,1125,0.4467479618,0.3525540583,0.3185536737,0.3865544429
real_20240707,real,2024-07-07,adapted,1126,0.3528674397,14.01453227,1.318687099,1.738935664,1427.311682,1126,0.4472929119,0.3528674397,0.3188670551,0.3868678243
real_20240707,real,2024-07-07,adapted,1127,0.3531808211,14.01254767,0.8985336665,0.8073627498,1428.119044,1127,0.4475459243,0.3531808211,0.3191804365,0.3871812057
real_20240707,real,2024-07-07,adapted,1128,0.3534942024,14.00815426,-1.55903961,2.430604507,1430.549649,1128,0.4483076305,0.3534942024,0.3194938178,0.387494587
real_20240707,real,2024-07-07,adapted,1129,0.3538075838,13.99673773,-0.1875137161,0.03516139372,1430.58481,1129,0.4483186494,0.3538075838,0.3198071992,0.3878079684
real_20240707,real,2024-07-07,adapted,1130,0.3541209652,13.9917671,1.349085519,1.820031739,1432.404842,1130,0.4488890135,0.3541209652,0.3201205806,0.3881213498
real_20240707,real,2024-07-07,adapted,1131,0.3544343466,13.98570037,-0.903413645,0.8161562141,1433.220998,1131,0.4491447817,0.3544343466,0.320433962,0.3884347312
real_20240707,real,2024-07-07,adapted,1132,0.354747728,13.98424462,0.3380094199,0.1142503679,1433.335249,1132,0.4491805856,0.354747728,0.3207473434,0.3887481126
real_20240707,real,2024-07-07,adapted,1133,0.3550611094,13.97730426,-0.3748992564,0.1405494525,1433.475798,1133,0.4492246312,0.3550611094,0.3210607248,0.389061494
real_20240707,real,2024-07-07,adapted,1134,0.3553744908,13.97052608,-0.6236503053,0.3889397033,1433.864738,1134,0.4493465177,0.3553744908,0.3213741062,0.3893748754
real_20240707,real,2024-07-07,adapted,1135,0.3556878721,13.96828588,1.447309575,2.094705006,1435.959443,1135,0.4500029592,0.3556878721,0.3216874875,0.3896882567
real_20240707,real,2024-07-07,adapted,1136,0.3560012535,13.96536075,0.6694518665,0.4481658015,1436.407609,1136,0.450143406,0.3560012535,0.3220008689,0.3900016381
real_20240707,real,2024-07-07,adapted,1137,0.3563146349,13.95707552,0.1625063773,0.02640832266,1436.434017,1137,0.4501516819,0.3563146349,0.3223142503,0.3903150195
real_20240707,real,2024-07-07,adapted,1138,0.3566280163,13.95209428,-1.820128613,3.31286817,1439.746885,1138,0.4511898731,0.3566280163,0.3226276317,0.3906284009
real_20240707,real,2024-07-07,adapted,1139,0.3569413977,13.94457807,-0.7222429371,0.5216348601,1440.26852,1139,0.4513533438,0.3569413977,0.3229410131,0.3909417823
real_20240707,real,2024-07-07,adapted,1140,0.3572547791,13.93849522,-0.3621255302,0.1311348996,1440.399655,1140,0.451394439,0.3572547791,0.3232543945,0.3912551637
real_20240707,real,2024-07-07,adapted,1141,0.3575681605,13.93498109,1.07749711,1.161000022,1441.560655,1141,0.4517582748,0.3575681605,0.3235677759,0.3915685451
real_20240707,real,2024-07-07,adapted,1142,0.3578815418,13.92727517,0.1061885735,0.01127601315,1441.571931,1142,0.4517618085,0.3578815418,0.3238811572,0.3918819264
real_20240707,real,2024-07-07,adapted,1143,0.3581949232,13.92650094,0.09635570059,0.009284421036,1441.581215,1143,0.4517647181,0.3581949232,0.3241945386,0.3921953078
real_20240707,real,2024-07-07,adapted,1144,0.3585083046,13.91937251,-0.4174926447,0.1743001084,1441.755515,1144,0.4518193405,0.3585083046,0.32450792,0.3925086892
real_20240707,real,2024-07-07,adapted,1145,0.358821686,13.91872063,0.2933372679,0.08604675273,1441.841562,1145,0.4518463059,0.358821686,0.3248213014,0.3928220706
real_20240707,real,2024-07-07,adapted,1146,0.3591350674,13.9137939,-1.483024027,2.199360264,1444.040922,1146,0.4525355445,0.3591350674,0.3251346828,0.393135452
real_20240707,real,2024-07-07,adapted,1147,0.3594484488,13.90920127,1.736231358,3.014499327,1447.055422,1147,0.4534802325,0.3594484488,0.3254480642,0.3934488334
real_20240707,real,2024-07-07,adapted,1148,0.3597618301,13.89936232,-1.00028988,1.000579843,1448.056002,1148,0.4537937956,0.3597618301,0.3257614455,0.3937622147
real_20240707,real,2024-07-07,adapted,1149,0.3600752115,13.89315279,-1.086605048,1.18071053,1449.236712,1149,0.4541638083,0.3600752115,0.3260748269,0.3940755961
real_20240707,real,2024-07-07,adapted,1150,0.3603885929,13.88179996,0.07124499052,0.005075848675,1449.241788,1150,0.4541653989,0.3603885929,0.3263882083,0.3943889775
real_20240707,real,2024-07-07,adapted,1151,0.3607019743,13.87809599,0.2318453103,0.05375224791,1449.29554,1151,0.4541822439,0.3607019743,0.3267015897,0.3947023589
real_20240707,real,2024-07-07,adapted,1152,0.3610153557,13.87329618,-0.3620957677,0.131113345,1449.426654,1152,0.4542233324,0.3610153557,0.3270149711,0.3950157403
real_20240707,real,2024-07-07,adapted,1153,0.3613287371,13.86803191,0.3507529625,0.1230276407,1449.549681,1153,0.454261887,0.3613287371,0.3273283525,0.3953291217
real_20240707,real,2024-07-07,adapted,1154,0.3616421185,13.85646461,2.272868572,5.165931547,1454.715613,1154,0.4558807937,0.3616421185,0.3276417339,0.3956425031
real_20240707,real,2024-07-07,adapted,1155,0.3619554998,13.85208097,-2.782931948,7.744710225,1462.460323,1155,0.4583078418,0.3619554998,0.3279551152,0.3959558844
real_20240707,real,2024-07-07,adapted,1156,0.3622688812,13.84503804,0.73499364,0.5402156508,1463.000539,1156,0.4584771353,0.3622688812,0.3282684966,0.3962692658
real_20240707,real,2024-07-07,adapted,1157,0.3625822626,13.84259014,0.9374333707,0.8787813246,1463.87932,1157,0.458752529,0.3625822626,0.328581878,0.3965826472
real_20240707,real,2024-07-07,adapted,1158,0.362895644,13.8412731,-0.9250751734,0.8557640764,1464.735084,1158,0.4590207095,0.362895644,0.3288952594,0.3968960286
real_20240707,real,2024-07-07,adapted,1159,0.3632090254,13.83442881,-0.5783995409,0.3345460289,1465.06963,1159,0.45912555,0.3632090254,0.3292086408,0.39720941
real_20240707,real,2024-07-07,adapted,1160,0.3635224068,13.82930356,1.521229667,2.3141397,1467.38377,1160,0.4598507583,0.3635224068,0.3295220222,0.3975227914
real_20240707,real,2024-07-07,adapted,1161,0.3638357882,13.82467556,-1.694542018,2.871472649,1470.255242,1161,0.4607506244,0.3638357882,0.3298354036,0.3978361728
real_20240707,real,2024-07-07,adapted,1162,0.3641491695,13.81986205,1.36801619,1.871468296,1472.126711,1162,0.4613371077,0.3641491695,0.3301487849,0.3981495541
real_20240707,real,2024-07-07,adapted,1163,0.3644625509,13.81661154,0.9415587817,0.8865329393,1473.013244,1163,0.4616149307,0.3644625509,0.3304621663,0.3984629355
real_20240707,real,2024-07-07,adapted,1164,0.3647759323,13.81185654,-0.4166774723,0.173620116,1473.186864,1164,0.46166934,0.3647759323,0.3307755477,0.3987763169
real_20240707,real,2024-07-07,adapted,1165,0.3650893137,13.80337319,-0.827941253,0.6854867184,1473.872351,1165,0.4618841587,0.3650893137,0.3310889291,0.3990896983
real_20240707,real,2024-07-07,adapted,1166,0.3654026951,13.80263783,0.7940615264,0.6305337076,1474.502884,1166,0.4620817563,0.3654026951,0.3314023105,0.3994030797
real_20240707,real,2024-07-07,adapted,1167,0.3657160765,13.79988976,0.5198069256,0.2701992399,1474.773083,1167,0.4621664317,0.3657160765,0.3317156919,0.3997164611
real_20240707,real,2024-07-07,adapted,1168,0.3660294579,13.79060134,-0.06353055959,0.004036132002,1474.77712,1168,0.4621676965,0.3660294579,0.3320290732,0.4000298425
real_20240707,real,2024-07-07,adapted,1169,0.3663428392,13.78702019,-1.084035841,1.175133705,1475.952253,1169,0.4625359616,0.3663428392,0.3323424546,0.4003432238
real_20240707,real,2024-07-07,adapted,1170,0.3666562206,13.7808909,1.031057768,1.06308012,1477.015333,1170,0.4628691111,0.3666562206,0.332655836,0.4006566052
real_20240707,real,2024-07-07,adapted,1171,0.366969602,13.78021168,-0.6397069434,0.4092249734,1477.424558,1171,0.4629973546,0.366969602,0.3329692174,0.4009699866
real_20240707,real,2024-07-07,adapted,1172,0.3672829834,13.77568972,0.8915336727,0.7948322896,1478.219391,1172,0.4632464402,0.3672829834,0.3332825988,0.401283368
real_20240707,real,2024-07-07,adapted,1173,0.3675963648,13.76843707,-2.122210872,4.503778986,1482.72317,1173,0.4646578407,0.3675963648,0.3335959802,0.4015967494
real_20240707,real,2024-07-07,adapted,1174,0.3679097462,13.76584383,-1.349705414,1.821704704,1484.544874,1174,0.4652287291,0.3679097462,0.3339093616,0.4019101308
real_20240707,real,2024-07-07,adapted,1175,0.3682231275,13.7648622,0.5902179088,0.3483571798,1484.893232,1175,0.4653378977,0.3682231275,0.3342227429,0.4022235121
real_20240707,real,2024-07-07,adapted,1176,0.3685365089,13.76140907,0.7123700592,0.5074711012,1485.400703,1176,0.4654969297,0.3685365089,0.3345361243,0.4025368935
real_20240707,real,2024-07-07,adapted,1177,0.3688498903,13.75676305,-0.3586854492,0.1286552515,1485.529358,1177,0.4655372479,0.3688498903,0.3348495057,0.4028502749
real_20240707,real,2024-07-07,adapted,1178,0.3691632717,13.75500004,0.7195990549,0.5178227999,1486.047181,1178,0.4656995239,0.3691632717,0.3351628871,0.4031636563
real_20240707,real,2024-07-07,adapted,1179,0.3694766531,13.74576804,-1.449318574,2.10052433,1488.147705,1179,0.4663577891,0.3694766531,0.3354762685,0.4034770377
real_20240707,real,2024-07-07,adapted,1180,0.3697900345,13.7425676,1.814668536,3.293021896,1491.440727,1180,0.4673897609,0.3697900345,0.3357896499,0.4037904191
real_20240707,real,2024-07-07,adapted,1181,0.3701034159,13.73958295,-0.6533106892,0.4268148566,1491.867542,1181,0.4675235167,0.3701034159,0.3361030313,0.4041038005
real_20240707,real,2024-07-07,adapted,1182,0.3704167972,13.7328701,1.200427411,1.441025968,1493.308568,1182,0.4679751074,0.3704167972,0.3364164126,0.4044171818
real_20240707,real,2024-07-07,adapted,1183,0.3707301786,13.72887998,1.041769333,1.085283342,1494.393851,1183,0.468315215,0.3707301786,0.336729794,0.4047305632
real_20240707,real,2024-07-07,adapted,1184,0.37104356,13.72602148,-1.99584613,3.983401775,1498.377253,1184,0.469563539,0.37104356,0.3370431754,0.4050439446
real_20240707,real,2024-07-07,adapted,1185,0.3713569414,13.72010189,0.915279493,0.8377365503,1499.214989,1185,0.46982607,0.3713569414,0.3373565568,0.405357326
real_20240707,real,2024-07-07,adapted,1186,0.3716703228,13.70622714,2.17867816,4.746638524,1503.961628,1186,0.4713135782,0.3716703228,0.3376699382,0.4056707074
real_20240707,real,2024-07-07,adapted,1187,0.3719837042,13.70526341,-0.2018074667,0.04072625363,1504.002354,1187,0.471326341,0.3719837042,0.3379833196,0.4059840888
real_20240707,real,2024-07-07,adapted,1188,0.3722970856,13.70032487,0.244682555,0.05986955271,1504.062224,1188,0.471345103,0.3722970856,0.338296701,0.4062974702
real_20240707,real,2024-07-07,adapted,1189,0.3726104669,13.69424867,0.9131719263,0.833882967,1504.896107,1189,0.4716064264,0.3726104669,0.3386100823,0.4066108515
real_20240707,real,2024-07-07,adapted,1190,0.3729238483,13.69010961,-0.1971149754,0.03885431355,1504.934961,1190,0.4716186027,0.3729238483,0.3389234637,0.4069242329
real_20240707,real,2024-07-07,adapted,1191,0.3732372297,13.68599953,-0.4668850128,0.2179816152,1505.152943,1191,0.471686914,0.3732372297,0.3392368451,0.4072376143
real_20240707,real,2024-07-07,adapted,1192,0.3735506111,13.68371903,0.9713370502,0.9434956651,1506.096438,1192,0.471982588,0.3735506111,0.3395502265,0.4075509957
real_20240707,real,2024-07-07,adapted,1193,0.3738639925,13.67790023,-0.06278967767,0.003942543622,1506.100381,1193,0.4719838235,0.3738639925,0.3398636079,0.4078643771
real_20240707,real,2024-07-07,adapted,1194,0.3741773739,13.67244302,-0.4005953193,0.1604766099,1506.260857,1194,0.4720341139,0.3741773739,0.3401769893,0.4081777585
real_20240707,real,2024-07-07,adapted,1195,0.3744907552,13.66972617,1.797610699,3.231404224,1509.492262,1195,0.4730467758,0.3744907552,0.3404903706,0.4084911398
real_20240707,real,2024-07-07,adapted,1196,0.3748041366,13.66190258,-0.780771222,0.6096037012,1510.101865,1196,0.4732378143,0.3748041366,0.340803752,0.4088045212
real_20240707,real,2024-07-07,adapted,1197,0.375117518,13.65212333,0.4453191816,0.1983091735,1510.300175,1197,0.4732999607,0.375117518,0.3411171334,0.4091179026
real_20240707,real,2024-07-07,adapted,1198,0.3754308994,13.64563068,-0.3706588816,0.1373880065,1510.437563,1198,0.4733430155,0.3754308994,0.3414305148,0.409431284
real_20240707,real,2024-07-07,adapted,1199,0.3757442808,13.64314165,0.5029998155,0.2530088144,1510.690571,1199,0.4734223038,0.3757442808,0.3417438962,0.4097446654
real_20240707,real,2024-07-07,adapted,1200,0.3760576622,13.64055191,-0.5464622009,0.298620937,1510.989192,1200,0.473515886,0.3760576622,0.3420572776,0.4100580468
real_20240707,real,2024-07-07,adapted,1201,0.3763710436,13.63409556,-1.193189887,1.423702105,1512.412894,1201,0.4739620478,0.3763710436,0.342370659,0.4103714282
real_20240707,real,2024-07-07,adapted,1202,0.3766844249,13.63083653,1.30747953,1.709502723,1514.122397,1202,0.4744977741,0.3766844249,0.3426840403,0.4106848095
real_20240707,real,2024-07-07,adapted,1203,0.3769978063,13.62406554,0.1404616323,0.01972947015,1514.142127,1203,0.474503957,0.3769978063,0.3429974217,0.4109981909
real_20240707,real,2024-07-07,adapted,1204,0.3773111877,13.61964406,0.6005688953,0.360682998,1514.50281,1204,0.4746169883,0.3773111877,0.3433108031,0.4113115723
real_20240707,real,2024-07-07,adapted,1205,0.3776245691,13.61090792,0.4378055657,0.1916737134,1514.694483,1205,0.4746770553,0.3776245691,0.3436241845,0.4116249537
real_20240707,real,2024-07-07,adapted,1206,0.3779379505,13.60958171,0.1760351162,0.03098836215,1514.725472,1206,0.4746867664,0.3779379505,0.3439375659,0.4119383351
real_20240707,real,2024-07-07,adapted,1207,0.3782513319,13.60387416,0.7121990173,0.5072274402,1515.232699,1207,0.4748457221,0.3782513319,0.3442509473,0.4122517165
real_20240707,real,2024-07-07,adapted,1208,0.3785647133,13.59803284,-0.16387016,0.02685342934,1515.259553,1208,0.4748541374,0.3785647133,0.3445643287,0.4125650979
real_20240707,real,2024-07-07,adapted,1209,0.3788780946,13.5964596,-2.179807403,4.751560315,1520.011113,1209,0.476343188,0.3788780946,0.34487771,0.4128784792
real_20240707,real,2024-07-07,adapted,1210,0.379191476,13.59197507,-0.08776252208,0.007702260283,1520.018815,1210,0.4763456017,0.379191476,0.3451910914,0.4131918606
real_20240707,real,2024-07-07,adapted,1211,0.3795048574,13.58726103,-0.114288379,0.01306183358,1520.031877,1211,0.4763496951,0.3795048574,0.3455044728,0.413505242
real_20240707,real,2024-07-07,adapted,1212,0.3798182388,13.58072724,0.2189406113,0.04793499126,1520.079812,1212,0.476364717,0.3798182388,0.3458178542,0.4138186234
real_20240707,real,2024-07-07,adapted,1213,0.3801316202,13.57309219,-0.4023371315,0.1618751674,1520.241687,1213,0.4764154457,0.3801316202,0.3461312356,0.4141320048
real_20240707,real,2024-07-07,adapted,1214,0.3804450016,13.56935308,0.7758974578,0.6020168649,1520.843704,1214,0.4766041066,0.3804450016,0.346444617,0.4144453862
real_20240707,real,2024-07-07,adapted,1215,0.380758383,13.5638922,-1.540164653,2.372107157,1523.215811,1215,0.4773474808,0.380758383,0.3467579984,0.4147587676
real_20240707,real,2024-07-07,adapted,1216,0.3810717643,13.56060443,0.6705060262,0.4495783312,1523.66539,1216,0.4774883703,0.3810717643,0.3470713797,0.4150721489
real_20240707,real,2024-07-07,adapted,1217,0.3813851457,13.55686017,0.1142382604,0.01305038013,1523.67844,1217,0.47749246,0.3813851457,0.3473847611,0.4153855303
real_20240707,real,2024-07-07,adapted,1218,0.3816985271,13.55427106,0.7294949588,0.5321628949,1524.210603,1218,0.47765923,0.3816985271,0.3476981425,0.4156989117
real_20240707,real,2024-07-07,adapted,1219,0.3820119085,13.54447297,1.092829367,1.194276025,1525.404879,1219,0.4780334938,0.3820119085,0.3480115239,0.4160122931
real_20240707,real,2024-07-07,adapted,1220,0.3823252899,13.53599902,1.203767326,1.449055775,1526.853935,1220,0.4784876009,0.3823252899,0.3483249053,0.4163256745
real_20240707,real,2024-07-07,adapted,1221,0.3826386713,13.53226368,-0.02856424152,0.0008159158939,1526.854751,1221,0.4784878566,0.3826386713,0.3486382867,0.4166390559
real_20240707,real,2024-07-07,adapted,1222,0.3829520526,13.52911924,-0.5206512516,0.2710777258,1527.125828,1222,0.4785728073,0.3829520526,0.348951668,0.4169524372
real_20240707,real,2024-07-07,adapted,1223,0.383265434,13.52806647,0.005265601637,2.77265606e-05,1527.125856,1223,0.478572816,0.383265434,0.3492650494,0.4172658186
real_20240707,real,2024-07-07,adapted,1224,0.3835788154,13.52509711,-1.073332102,1.1520418,1528.277898,1224,0.4789338445,0.3835788154,0.3495784308,0.4175792
real_20240707,real,2024-07-07,adapted,1225,0.3838921968,13.51868175,-0.4406150354,0.1941416094,1528.472039,1225,0.4789946849,0.3838921968,0.3498918122,0.4178925814
real_20240707,real,2024-07-07,adapted,1226,0.3842055782,13.51195185,-0.3739946098,0.1398719682,1528.611911,1226,0.4790385181,0.3842055782,0.3502051936,0.4182059628
real_20240707,real,2024-07-07,adapted,1227,0.3845189596,13.50902138,0.1151261415,0.01325402846,1528.625165,1227,0.4790426717,0.3845189596,0.350518575,0.4185193442
real_20240707,real,2024-07-07,adapted,1228,0.384832341,13.49804786,-1.284742098,1.650562258,1530.275728,1228,0.4795599272,0.384832341,0.3508319564,0.4188327256
real_20240707,real,2024-07-07,adapted,1229,0.3851457223,13.49639698,2.461293225,6.05796434,1536.333692,1229,0.4814583804,0.3851457223,0.3511453377,0.4191461069
real_20240707,real,2024-07-07,adapted,1230,0.3854591037,13.4912768,1.259469721,1.586263979,1537.919956,1230,0.481955486,0.3854591037,0.3514587191,0.4194594883
real_20240707,real,2024-07-07,adapted,1231,0.3857724851,13.48803449,0.5388500241,0.2903593485,1538.210315,1231,0.4820464793,0.3857724851,0.3517721005,0.4197728697
real_20240707,real,2024-07-07,adapted,1232,0.3860858665,13.48297754,-0.7530463667,0.5670788304,1538.777394,1232,0.4822241912,0.3860858665,0.3520854819,0.4200862511
real_20240707,real,2024-07-07,adapted,1233,0.3863992479,13.47944236,-1.365227782,1.863846896,1540.641241,1233,0.4828082861,0.3863992479,0.3523988633,0.4203996325
real_20240707,real,2024-07-07,adapted,1234,0.3867126293,13.47645442,0.1263229967,0.0159574995,1540.657199,1234,0.4828132869,0.3867126293,0.3527122447,0.4207130139
real_20240707,real,2024-07-07,adapted,1235,0.3870260107,13.47025187,-1.17784185,1.387311423,1542.04451,1235,0.4832480445,0.3870260107,0.3530256261,0.4210263953
real_20240707,real,2024-07-07,adapted,1236,0.387339392,13.46415782,-0.8739281129,0.7637503464,1542.80826,1236,0.4834873896,0.387339392,0.3533390074,0.4213397766
real_20240707,real,2024-07-07,adapted,1237,0.3876527734,13.45878838,2.159784914,4.664670875,1547.472931,1237,0.4849492106,0.3876527734,0.3536523888,0.421653158
real_20240707,real,2024-07-07,adapted,1238,0.3879661548,13.45109739,0.422717182,0.178689816,1547.651621,1238,0.4850052087,0.3879661548,0.3539657702,0.4219665394
real_20240707,real,2024-07-07,adapted,1239,0.3882795362,13.4452603,-0.672831775,0.4527025974,1548.104324,1239,0.4851470773,0.3882795362,0.3542791516,0.4222799208
real_20240707,real,2024-07-07,adapted,1240,0.3885929176,13.43986685,-0.02439748217,0.000595237136,1548.104919,1240,0.4851472638,0.3885929176,0.354592533,0.4225933022
real_20240707,real,2024-07-07,adapted,1241,0.388906299,13.43862383,-0.759120151,0.5762634036,1548.681182,1241,0.485327854,0.388906299,0.3549059144,0.4229066836
real_20240707,real,2024-07-07,adapted,1242,0.3892196804,13.43374195,0.6635396009,0.4402848019,1549.121467,1242,0.4854658311,0.3892196804,0.3552192958,0.423220065
real_20240707,real,2024-07-07,adapted,1243,0.3895330617,13.42939626,-0.5745085275,0.3300600482,1549.451527,1243,0.4855692658,0.3895330617,0.3555326771,0.4235334463
real_20240707,real,2024-07-07,adapted,1244,0.3898464431,13.42578128,0.8838812433,0.7812460523,1550.232773,1244,0.4858140937,0.3898464431,0.3558460585,0.4238468277
real_20240707,real,2024-07-07,adapted,1245,0.3901598245,13.41871256,-2.119423187,4.491954647,1554.724728,1245,0.4872217887,0.3901598245,0.3561594399,0.4241602091
real_20240707,real,2024-07-07,adapted,1246,0.3904732059,13.41310546,1.031491887,1.063975513,1555.788703,1246,0.4875552188,0.3904732059,0.3564728213,0.4244735905
real_20240707,real,2024-07-07,adapted,1247,0.3907865873,13.40952563,-0.5447514531,0.2967541457,1556.085457,1247,0.4876482161,0.3907865873,0.3567862027,0.4247869719
real_20240707,real,2024-07-07,adapted,1248,0.3910999687,13.40127851,-0.3690758731,0.1362170001,1556.221674,1248,0.4876909039,0.3910999687,0.3570995841,0.4251003533
real_20240707,real,2024-07-07,adapted,1249,0.39141335,13.3996968,-0.1704411757,0.02905019439,1556.250725,1249,0.4877000077,0.39141335,0.3574129654,0.4254137346
real_20240707,real,2024-07-07,adapted,1250,0.3917267314,13.39635523,-1.292823367,1.671392257,1557.922117,1250,0.4882237909,0.3917267314,0.3577263468,0.425727116
real_20240707,real,2024-07-07,adapted,1251,0.3920401128,13.39245124,-0.3164215847,0.1001226193,1558.022239,1251,0.4882551675,0.3920401128,0.3580397282,0.4260404974
real_20240707,real,2024-07-07,adapted,1252,0.3923534942,13.38614705,-2.240100664,5.018050983,1563.04029,1252,0.4898277313,0.3923534942,0.3583531096,0.4263538788
real_20240707,real,2024-07-07,adapted,1253,0.3926668756,13.38349127,-0.790005641,0.6241089128,1563.664399,1253,0.4900233154,0.3926668756,0.358666491,0.4266672602
real_20240707,real,2024-07-07,adapted,1254,0.392980257,13.3761412,-0.3411629869,0.1163921837,1563.780792,1254,0.4900597905,0.392980257,0.3589798724,0.4269806416
real_20240707,real,2024-07-07,adapted,1255,0.3932936384,13.36721476,0.4717459794,0.2225442691,1564.003336,1255,0.4901295318,0.3932936384,0.3592932538,0.427294023
real_20240707,real,2024-07-07,adapted,1256,0.3936070197,13.35874811,0.3562367576,0.1269046275,1564.13024,1256,0.4901693013,0.3936070197,0.3596066351,0.4276074043
real_20240707,real,2024-07-07,adapted,1257,0.3939204011,13.3560192,0.3933122247,0.1546945061,1564.284935,1257,0.4902177797,0.3939204011,0.3599200165,0.4279207857
real_20240707,real,2024-07-07,adapted,1258,0.3942337825,13.35221163,-0.1922217782,0.036949212,1564.321884,1258,0.4902293589,0.3942337825,0.3602333979,0.4282341671
real_20240707,real,2024-07-07,adapted,1259,0.3945471639,13.34478217,0.1782815664,0.03178431693,1564.353669,1259,0.4902393195,0.3945471639,0.3605467793,0.4285475485
real_20240707,real,2024-07-07,adapted,1260,0.3948605453,13.33981992,-2.450938422,6.00709915,1570.360768,1260,0.4921218325,0.3948605453,0.3608601607,0.4288609299
real_20240707,real,2024-07-07,adapted,1261,0.3951739267,13.33366521,2.352991581,5.53656938,1575.897337,1261,0.4938568903,0.3951739267,0.3611735421,0.4291743113
real_20240707,real,2024-07-07,adapted,1262,0.3954873081,13.33011844,0.2145562715,0.04603439363,1575.943371,1262,0.4938713166,0.3954873081,0.3614869235,0.4294876927
real_20240707,real,2024-07-07,adapted,1263,0.3958006894,13.3248429,-1.219556315,1.487317606,1577.430689,1263,0.4943374143,0.3958006894,0.3618003048,0.429801074
real_20240707,real,2024-07-07,adapted,1264,0.3961140708,13.31467487,2.999570762,8.997424755,1586.428114,1264,0.4971570397,0.3961140708,0.3621136862,0.4301144554
real_20240707,real,2024-07-07,adapted,1265,0.3964274522,13.31001796,0.2898827411,0.0840320036,1586.512146,1265,0.4971833738,0.3964274522,0.3624270676,0.4304278368
real_20240707,real,2024-07-07,adapted,1266,0.3967408336,13.30334704,-0.7970308824,0.6352582275,1587.147404,1266,0.4973824519,0.3967408336,0.362740449,0.4307412182
real_20240707,real,2024-07-07,adapted,1267,0.397054215,13.29894421,-1.92263802,3.696536955,1590.843941,1267,0.4985408778,0.397054215,0.3630538304,0.4310545996
real_20240707,real,2024-07-07,adapted,1268,0.3973675964,13.29543314,-0.6892025418,0.4750001437,1591.318941,1268,0.498689734,0.3973675964,0.3633672118,0.431367981
real_20240707,real,2024-07-07,adapted,1269,0.3976809777,13.29152821,-0.2619607072,0.06862341209,1591.387565,1269,0.4987112393,0.3976809777,0.3636805931,0.4316813624
real_20240707,real,2024-07-07,adapted,1270,0.3979943591,13.28600698,0.7289862813,0.5314209984,1591.918986,1270,0.4988777767,0.3979943591,0.3639939745,0.4319947437
real_20240707,real,2024-07-07,adapted,1271,0.3983077405,13.28358906,-0.1682098483,0.02829455308,1591.94728,1271,0.4988866437,0.3983077405,0.3643073559,0.4323081251
real_20240707,real,2024-07-07,adapted,1272,0.3986211219,13.27833306,0.8165286122,0.6667189746,1592.613999,1272,0.499095581,0.3986211219,0.3646207373,0.4326215065
real_20240707,real,2024-07-07,adapted,1273,0.3989345033,13.27606177,0.006358449368,4.042987837e-05,1592.614039,1273,0.4990955937,0.3989345033,0.3649341187,0.4329348879
real_20240707,real,2024-07-07,adapted,1274,0.3992478847,13.26741444,-1.739980685,3.027532784,1595.641572,1274,0.5000443661,0.3992478847,0.3652475001,0.4332482693
real_20240707,real,2024-07-07,adapted,1275,0.3995612661,13.26347313,-0.8502030329,0.7228451972,1596.364417,1275,0.5002708923,0.3995612661,0.3655608815,0.4335616507
real_20240707,real,2024-07-07,adapted,1276,0.3998746474,13.25822446,-0.5328222938,0.2838995967,1596.648317,1276,0.5003598612,0.3998746474,0.3658742628,0.433875032
real_20240707,real,2024-07-07,adapted,1277,0.4001880288,13.25180427,-1.160666413,1.347146522,1597.995464,1277,0.5007820318,0.4001880288,0.3661876442,0.4341884134
real_20240707,real,2024-07-07,adapted,1278,0.4005014102,13.2457228,-0.4486423945,0.2012799982,1598.196744,1278,0.5008451092,0.4005014102,0.3665010256,0.4345017948
real_20240707,real,2024-07-07,adapted,1279,0.4008147916,13.2418506,-0.1793179704,0.03215493451,1598.228899,1279,0.500855186,0.4008147916,0.366814407,0.4348151762
real_20240707,real,2024-07-07,adapted,1280,0.401128173,13.23714766,-0.01861811012,0.0003466340244,1598.229245,1280,0.5008552946,0.401128173,0.3671277884,0.4351285576
real_20240707,real,2024-07-07,adapted,1281,0.4014415544,13.23142646,-0.5585244096,0.3119495161,1598.541195,1281,0.5009530538,0.4014415544,0.3674411698,0.435441939
real_20240707,real,2024-07-07,adapted,1282,0.4017549358,13.22803388,-0.8161244786,0.6660591646,1599.207254,1282,0.5011617843,0.4017549358,0.3677545512,0.4357553204
real_20240707,real,2024-07-07,adapted,1283,0.4020683171,13.2262412,1.215884233,1.478374468,1600.685628,1283,0.5016250794,0.4020683171,0.3680679325,0.4360687017
real_20240707,real,2024-07-07,adapted,1284,0.4023816985,13.21760968,1.994209221,3.976870415,1604.662499,1284,0.5028713565,0.4023816985,0.3683813139,0.4363820831
real_20240707,real,2024-07-07,adapted,1285,0.4026950799,13.21461434,-0.002910100959,8.468687594e-06,1604.662507,1285,0.5028713592,0.4026950799,0.3686946953,0.4366954645
real_20240707,real,2024-07-07,adapted,1286,0.4030084613,13.20966336,-0.3298967974,0.1088318969,1604.771339,1286,0.5029054651,0.4030084613,0.3690080767,0.4370088459
real_20240707,real,2024-07-07,adapted,1287,0.4033218427,13.20523931,-0.07117769032,0.005066263599,1604.776405,1287,0.5029070528,0.4033218427,0.3693214581,0.4373222273
real_20240707,real,2024-07-07,adapted,1288,0.4036352241,13.20036793,0.6814573709,0.4643841484,1605.240789,1288,0.5030525821,0.4036352241,0.3696348395,0.4376356087
real_20240707,real,2024-07-07,adapted,1289,0.4039486055,13.1957811,1.021613659,1.043694467,1606.284484,1289,0.5033796565,0.4039486055,0.3699482209,0.4379489901
real_20240707,real,2024-07-07,adapted,1290,0.4042619868,13.18985506,0.5842522066,0.3413506409,1606.625835,1290,0.5034866295,0.4042619868,0.3702616022,0.4382623714
real_20240707,real,2024-07-07,adapted,1291,0.4045753682,13.18498814,1.063663404,1.131379838,1607.757214,1291,0.5038411828,0.4045753682,0.3705749836,0.4385757528
real_20240707,real,2024-07-07,adapted,1292,0.4048887496,13.18121437,-1.15722635,1.339172826,1609.096387,1292,0.5042608547,0.4048887496,0.370888365,0.4388891342
real_20240707,real,2024-07-07,adapted,1293,0.405202131,13.17343986,-1.55353217,2.413462204,1611.509849,1293,0.5050171888,0.405202131,0.3712017464,0.4392025156
real_20240707,real,2024-07-07,adapted,1294,0.4055155124,13.17133961,-1.145420366,1.311987816,1612.821837,1294,0.5054283414,0.4055155124,0.3715151278,0.439515897
real_20240707,real,2024-07-07,adapted,1295,0.4058288938,13.16276076,0.1155707692,0.01335660269,1612.835194,1295,0.5054325271,0.4058288938,0.3718285092,0.4398292784
real_20240707,real,2024-07-07,adapted,1296,0.4061422751,13.15759254,0.2250805624,0.05066125959,1612.885855,1296,0.5054484034,0.4061422751,0.3721418905,0.4401426597
real_20240707,real,2024-07-07,adapted,1297,0.4064556565,13.14477481,1.730938649,2.996148607,1615.882004,1297,0.5063873406,0.4064556565,0.3724552719,0.4404560411
real_20240707,real,2024-07-07,adapted,1298,0.4067690379,13.14305609,0.9261029486,0.8576666713,1616.73967,1298,0.5066561173,0.4067690379,0.3727686533,0.4407694225
real_20240707,real,2024-07-07,adapted,1299,0.4070824193,13.13942786,0.8157026384,0.6653707943,1617.405041,1299,0.5068646322,0.4070824193,0.3730820347,0.4410828039
real_20240707,real,2024-07-07,adapted,1300,0.4073958007,13.12795945,1.767173297,3.122901463,1620.527943,1300,0.5078432913,0.4073958007,0.3733954161,0.4413961853
real_20240707,real,2024-07-07,adapted,1301,0.4077091821,13.12738523,1.600197965,2.560633529,1623.088576,1301,0.5086457462,0.4077091821,0.3737087975,0.4417095667
real_20240707,real,2024-07-07,adapted,1302,0.4080225635,13.12598899,-0.9209945072,0.8482308823,1623.936807,1302,0.508911566,0.4080225635,0.3740221789,0.4420229481
real_20240707,real,2024-07-07,adapted,1303,0.4083359448,13.12043341,-0.09767494852,0.009540395569,1623.946347,1303,0.5089145558,0.4083359448,0.3743355602,0.4423363294
real_20240707,real,2024-07-07,adapted,1304,0.4086493262,13.10851769,2.018163621,4.072984399,1628.019332,1304,0.5101909533,0.4086493262,0.3746489416,0.4426497108
real_20240707,real,2024-07-07,adapted,1305,0.4089627076,13.10486955,-1.470739394,2.163074366,1630.182406,1305,0.5108688205,0.4089627076,0.374962323,0.4429630922
real_20240707,real,2024-07-07,adapted,1306,0.409276089,13.09876515,1.956834793,3.829202408,1634.011609,1306,0.5120688213,0.409276089,0.3752757044,0.4432764736
real_20240707,real,2024-07-07,adapted,1307,0.4095894704,13.09391736,-0.6922150933,0.4791617354,1634.49077,1307,0.5122189816,0.4095894704,0.3755890858,0.443589855
real_20240707,real,2024-07-07,adapted,1308,0.4099028518,13.08416614,0.0251091442,0.0006304691222,1634.491401,1308,0.5122191792,0.4099028518,0.3759024672,0.4439032364
real_20240707,real,2024-07-07,adapted,1309,0.4102162332,13.08297242,2.414336304,5.829019789,1640.320421,1309,0.5140458855,0.4102162332,0.3762158486,0.4442166178
real_20240707,real,2024-07-07,adapted,1310,0.4105296145,13.07756566,0.331696306,0.1100224394,1640.430443,1310,0.5140803645,0.4105296145,0.3765292299,0.4445299991
real_20240707,real,2024-07-07,adapted,1311,0.4108429959,13.0736801,0.4491644668,0.2017487182,1640.632192,1311,0.5141435888,0.4108429959,0.3768426113,0.4448433805
real_20240707,real,2024-07-07,adapted,1312,0.4111563773,13.07261767,-1.076698202,1.159279018,1641.791471,1312,0.5145068852,0.4111563773,0.3771559927,0.4451567619
real_20240707,real,2024-07-07,adapted,1313,0.4114697587,13.07064738,-0.730453528,0.5335623566,1642.325033,1313,0.5146740938,0.4114697587,0.3774693741,0.4454701433
real_20240707,real,2024-07-07,adapted,1314,0.4117831401,13.06761682,-0.09367524822,0.008775052129,1642.333808,1314,0.5146768437,0.4117831401,0.3777827555,0.4457835247
real_20240707,real,2024-07-07,adapted,1315,0.4120965215,13.05549348,-0.4784914746,0.2289540913,1642.562762,1315,0.5147485936,0.4120965215,0.3780961369,0.4460969061
real_20240707,real,2024-07-07,adapted,1316,0.4124099029,13.05191867,2.124845344,4.514967734,1647.07773,1316,0.5161635005,0.4124099029,0.3784095183,0.4464102875
real_20240707,real,2024-07-07,adapted,1317,0.4127232842,13.04892574,-1.600507769,2.56162512,1649.639355,1317,0.5169662661,0.4127232842,0.3787228996,0.4467236688
real_20240707,real,2024-07-07,adapted,1318,0.4130366656,13.04540146,0.7103118978,0.5045429922,1650.143898,1318,0.5171243805,0.4130366656,0.379036281,0.4470370502
real_20240707,real,2024-07-07,adapted,1319,0.413350047,13.04070185,-0.7953885535,0.632642951,1650.776541,1319,0.517322639,0.413350047,0.3793496624,0.4473504316
real_20240707,real,2024-07-07,adapted,1320,0.4136634284,13.03319342,-0.3817358688,0.1457222735,1650.922263,1320,0.5173683057,0.4136634284,0.3796630438,0.447663813
real_20240707,real,2024-07-07,adapted,1321,0.4139768098,13.0290089,-0.9701783994,0.9412461267,1651.86351,1321,0.5176632747,0.4139768098,0.3799764252,0.4479771944
real_20240707,real,2024-07-07,adapted,1322,0.4142901912,13.02404446,-0.2090426872,0.04369884506,1651.907208,1322,0.5176769691,0.4142901912,0.3802898066,0.4482905758
real_20240707,real,2024-07-07,adapted,1323,0.4146035725,13.02160843,0.7609190738,0.5789978368,1652.486206,1323,0.5178584162,0.4146035725,0.3806031879,0.4486039571
real_20240707,real,2024-07-07,adapted,1324,0.4149169539,13.01894299,-0.1751791475,0.03068773372,1652.516894,1324,0.5178680332,0.4149169539,0.3809165693,0.4489173385
real_20240707,real,2024-07-07,adapted,1325,0.4152303353,13.01222612,2.12231727,4.504230595,1657.021125,1325,0.5192795752,0.4152303353,0.3812299507,0.4492307199
real_20240707,real,2024-07-07,adapted,1326,0.4155437167,13.00236682,1.415178127,2.002729131,1659.023854,1326,0.5199071933,0.4155437167,0.3815433321,0.4495441013
real_20240707,real,2024-07-07,adapted,1327,0.4158570981,12.99790892,1.54721132,2.393862867,1661.417717,1327,0.5206573853,0.4158570981,0.3818567135,0.4498574827
real_20240707,real,2024-07-07,adapted,1328,0.4161704795,12.99176965,-0.6106338008,0.3728736386,1661.79059,1328,0.520774237,0.4161704795,0.3821700949,0.4501708641
real_20240707,real,2024-07-07,adapted,1329,0.4164838609,12.98924646,-1.725274122,2.976570795,1664.767161,1329,0.5217070389,0.4164838609,0.3824834763,0.4504842455
real_20240707,real,2024-07-07,adapted,1330,0.4167972422,12.98875491,1.467103958,2.152394022,1666.919555,1330,0.5223815591,0.4167972422,0.3827968576,0.4507976268
real_20240707,real,2024-07-07,adapted,1331,0.4171106236,12.97909942,0.0220348795,0.0004855359148,1666.920041,1331,0.5223817112,0.4171106236,0.383110239,0.4511110082
real_20240707,real,2024-07-07,adapted,1332,0.417424005,12.97602054,-0.1967287015,0.03870218199,1666.958743,1332,0.5223938398,0.417424005,0.3834236204,0.4514243896
real_20240707,real,2024-07-07,adapted,1333,0.4177373864,12.96994789,0.5881244812,0.3458904054,1667.304633,1333,0.5225022354,0.4177373864,0.3837370018,0.451737771
real_20240707,real,2024-07-07,adapted,1334,0.4180507678,12.9685138,-0.5957958808,0.3549727316,1667.659606,1334,0.5226134772,0.4180507678,0.3840503832,0.4520511524
real_20240707,real,2024-07-07,adapted,1335,0.4183641492,12.96505406,0.2267042112,0.05139479936,1667.711001,1335,0.5226295834,0.4183641492,0.3843637646,0.4523645338
real_20240707,real,2024-07-07,adapted,1336,0.4186775306,12.95703856,-0.07816517091,0.006109793944,1667.71711,1336,0.5226314981,0.4186775306,0.384677146,0.4526779152
real_20240707,real,2024-07-07,adapted,1337,0.4189909119,12.9502901,-0.3529824413,0.1245966038,1667.841707,1337,0.5226705444,0.4189909119,0.3849905273,0.4529912965
real_20240707,real,2024-07-07,adapted,1338,0.4193042933,12.9473901,1.966355174,3.866552668,1671.70826,1338,0.52388225,0.4193042933,0.3853039087,0.4533046779
real_20240707,real,2024-07-07,adapted,1339,0.4196176747,12.94379187,0.1716641984,0.02946859701,1671.737728,1339,0.5238914849,0.4196176747,0.3856172901,0.4536180593
real_20240707,real,2024-07-07,adapted,1340,0.4199310561,12.93996789,0.00508156339,2.582228648e-05,1671.737754,1340,0.523891493,0.4199310561,0.3859306715,0.4539314407
real_20240707,real,2024-07-07,adapted,1341,0.4202444375,12.93485925,0.489288974,0.2394037001,1671.977158,1341,0.5239665177,0.4202444375,0.3862440529,0.4542448221
real_20240707,real,2024-07-07,adapted,1342,0.4205578189,12.93096043,-0.8205814517,0.6733539188,1672.650512,1342,0.5241775342,0.4205578189,0.3865574343,0.4545582035
real_20240707,real,2024-07-07,adapted,1343,0.4208712003,12.92304462,-1.603552162,2.571379535,1675.221891,1343,0.5249833567,0.4208712003,0.3868708157,0.4548715849
real_20240707,real,2024-07-07,adapted,1344,0.4211845816,12.91918618,-1.214339039,1.474619302,1676.696511,1344,0.525445475,0.4211845816,0.387184197,0.4551849662
real_20240707,real,2024-07-07,adapted,1345,0.421497963,12.91625488,0.9285674682,0.8622375429,1677.558748,1345,0.5257156842,0.421497963,0.3874975784,0.4554983476
real_20240707,real,2024-07-07,adapted,1346,0.4218113444,12.91407317,-0.4551837267,0.207192225,1677.76594,1346,0.5257806143,0.4218113444,0.3878109598,0.455811729
real_20240707,real,2024-07-07,adapted,1347,0.4221247258,12.91303651,0.1609964616,0.02591986066,1677.79186,1347,0.5257887371,0.4221247258,0.3881243412,0.4561251104
real_20240707,real,2024-07-07,adapted,1348,0.4224381072,12.90109508,-2.005661283,4.022677182,1681.814537,1348,0.5270493693,0.4224381072,0.3884377226,0.4564384918
real_20240707,real,2024-07-07,adapted,1349,0.4227514886,12.89440873,0.4602363898,0.2118175345,1682.026355,1349,0.527115749,0.4227514886,0.388751104,0.4567518732
real_20240707,real,2024-07-07,adapted,1350,0.4230648699,12.88751514,-0.8046400147,0.6474455533,1682.6738,1350,0.5273186463,0.4230648699,0.3890644853,0.4570652545
real_20240707,real,2024-07-07,adapted,1351,0.4233782513,12.88468442,-0.9501069851,0.9027032831,1683.576504,1351,0.5276015368,0.4233782513,0.3893778667,0.4573786359
real_20240707,real,2024-07-07,adapted,1352,0.4236916327,12.87886576,0.2025230751,0.04101559595,1683.617519,1352,0.5276143903,0.4236916327,0.3896912481,0.4576920173
real_20240707,real,2024-07-07,adapted,1353,0.4240050141,12.87788985,0.499572752,0.2495729345,1683.867092,1353,0.5276926018,0.4240050141,0.3900046295,0.4580053987
real_20240707,real,2024-07-07,adapted,1354,0.4243183955,12.87368487,-0.1248985986,0.01559965994,1683.882692,1354,0.5276974904,0.4243183955,0.3903180109,0.4583187801
real_20240707,real,2024-07-07,adapted,1355,0.4246317769,12.87049607,0.3327662987,0.1107334095,1683.993425,1355,0.5277321922,0.4246317769,0.3906313923,0.4586321615
real_20240707,real,2024-07-07,adapted,1356,0.4249451583,12.86327737,-0.3806282732,0.1448778823,1684.138303,1356,0.5277775943,0.4249451583,0.3909447737,0.4589455429
real_20240707,real,2024-07-07,adapted,1357,0.4252585396,12.85767665,-0.6694215261,0.4481251797,1684.586428,1357,0.5279180283,0.4252585396,0.391258155,0.4592589242
real_20240707,real,2024-07-07,adapted,1358,0.425571921,12.85434351,-1.831926999,3.35595653,1687.942385,1358,0.5289697226,0.425571921,0.3915715364,0.4595723056
real_20240707,real,2024-07-07,adapted,1359,0.4258853024,12.85349269,-0.6059678506,0.3671970359,1688.309582,1359,0.5290847954,0.4258853024,0.3918849178,0.459885687
real_20240707,real,2024-07-07,adapted,1360,0.4261986838,12.84908394,1.387335762,1.924700518,1690.234283,1360,0.5296879607,0.4261986838,0.3921982992,0.4601990684
real_20240707,real,2024-07-07,adapted,1361,0.4265120652,12.84102049,-0.6527250915,0.426050045,1690.660333,1361,0.5298214768,0.4265120652,0.3925116806,0.4605124498
real_20240707,real,2024-07-07,adapted,1362,0.4268254466,12.83782056,-0.8686581214,0.754566932,1691.414899,1362,0.5300579441,0.4268254466,0.392825062,0.4608258312
real_20240707,real,2024-07-07,adapted,1363,0.427138828,12.83284511,-0.6701061972,0.4490423155,1691.863942,1363,0.5301986656,0.427138828,0.3931384434,0.4611392126
real_20240707,real,2024-07-07,adapted,1364,0.4274522093,12.83128762,0.5610508904,0.3147781016,1692.17872,1364,0.5302973112,0.4274522093,0.3934518247,0.4614525939
real_20240707,real,2024-07-07,adapted,1365,0.4277655907,12.82470719,1.253054884,1.570146543,1693.748866,1365,0.5307893659,0.4277655907,0.3937652061,0.4617659753
real_20240707,real,2024-07-07,adapted,1366,0.4280789721,12.81753627,1.435822195,2.061585374,1695.810452,1366,0.5314354283,0.4280789721,0.3940785875,0.4620793567
real_20240707,real,2024-07-07,adapted,1367,0.4283923535,12.80758173,0.7284632163,0.5306586575,1696.34111,1367,0.5316017269,0.4283923535,0.3943919689,0.4623927381
real_20240707,real,2024-07-07,adapted,1368,0.4287057349,12.8065176,0.1643470256,0.02700994482,1696.36812,1368,0.5316101913,0.4287057349,0.3947053503,0.4627061195
real_20240707,real,2024-07-07,adapted,1369,0.4290191163,12.80559733,1.213309076,1.472118915,1697.840239,1369,0.532071526,0.4290191163,0.3950187317,0.4630195009
real_20240707,real,2024-07-07,adapted,1370,0.4293324976,12.80415478,0.7387583113,0.5457638425,1698.386003,1370,0.5322425582,0.4293324976,0.395332113,0.4633328822
real_20240707,real,2024-07-07,adapted,1371,0.429645879,12.80106752,1.710457384,2.925664464,1701.311668,1371,0.533159407,0.429645879,0.3956454944,0.4636462636
real_20240707,real,2024-07-07,adapted,1372,0.4299592604,12.79631646,0.4616321193,0.2131042135,1701.524772,1372,0.5332261899,0.4299592604,0.3959588758,0.463959645
real_20240707,real,2024-07-07,adapted,1373,0.4302726418,12.79361445,0.3809313763,0.1451087135,1701.669881,1373,0.5332716642,0.4302726418,0.3962722572,0.4642730264
real_20240707,real,2024-07-07,adapted,1374,0.4305860232,12.79136903,-1.619587645,2.62306414,1704.292945,1374,0.5340936837,0.4305860232,0.3965856386,0.4645864078
real_20240707,real,2024-07-07,adapted,1375,0.4308994046,12.78773586,-0.6761421523,0.4571682101,1704.750113,1375,0.5342369517,0.4308994046,0.39689902,0.4648997892
real_20240707,real,2024-07-07,adapted,1376,0.431212786,12.77726343,-0.1781975398,0.03175436318,1704.781867,1376,0.5342469029,0.431212786,0.3972124014,0.4652131706
real_20240707,real,2024-07-07,adapted,1377,0.4315261673,12.77063719,0.8071646452,0.6515147645,1705.433382,1377,0.5344510755,0.4315261673,0.3975257827,0.4655265519
real_20240707,real,2024-07-07,adapted,1378,0.4318395487,12.76687198,-0.09464006815,0.008956742499,1705.442339,1378,0.5344538824,0.4318395487,0.3978391641,0.4658399333
real_20240707,real,2024-07-07,adapted,1379,0.4321529301,12.76169981,-1.707920009,2.916990755,1708.35933,1379,0.535368013,0.4321529301,0.3981525455,0.4661533147
real_20240707,real,2024-07-07,adapted,1380,0.4324663115,12.75969899,0.3867225459,0.1495543275,1708.508884,1380,0.5354148806,0.4324663115,0.3984659269,0.4664666961
real_20240707,real,2024-07-07,adapted,1381,0.4327796929,12.75784295,-1.40517875,1.974527319,1710.483411,1381,0.5360336607,0.4327796929,0.3987793083,0.4667800775
real_20240707,real,2024-07-07,adapted,1382,0.4330930743,12.74706123,-0.9733015446,0.9473158968,1711.430727,1382,0.5363305318,0.4330930743,0.3990926897,0.4670934589
real_20240707,real,2024-07-07,adapted,1383,0.4334064557,12.73952164,0.5960534558,0.3552797221,1711.786007,1383,0.5364418699,0.4334064557,0.3994060711,0.4674068403
real_20240707,real,2024-07-07,adapted,1384,0.433719837,12.73494306,2.617398186,6.850773263,1718.63678,1384,0.5385887747,0.433719837,0.3997194524,0.4677202216
real_20240707,real,2024-07-07,adapted,1385,0.4340332184,12.73148647,-0.3920144396,0.1536753209,1718.790455,1385,0.5386369337,0.4340332184,0.4000328338,0.468033603
real_20240707,real,2024-07-07,adapted,1386,0.4343465998,12.72969452,0.04677403459,0.002187810312,1718.792643,1386,0.5386376193,0.4343465998,0.4003462152,0.4683469844
real_20240707,real,2024-07-07,adapted,1387,0.4346599812,12.72703376,0.5185168523,0.2688597262,1719.061503,1387,0.5387218749,0.4346599812,0.4006595966,0.4686603658
real_20240707,real,2024-07-07,adapted,1388,0.4349733626,12.72444209,-0.1521002547,0.02313448749,1719.084637,1388,0.5387291249,0.4349733626,0.400972978,0.4689737472
real_20240707,real,2024-07-07,adapted,1389,0.435286744,12.71970358,-0.2035330146,0.04142568802,1719.126063,1389,0.5387421069,0.435286744,0.4012863594,0.4692871286
real_20240707,real,2024-07-07,adapted,1390,0.4356001254,12.71800967,0.6082867843,0.3700128119,1719.496076,1390,0.538858062,0.4356001254,0.4015997408,0.46960051
real_20240707,real,2024-07-07,adapted,1391,0.4359135067,12.7098209,-0.1061577405,0.01126946588,1719.507345,1391,0.5388615937,0.4359135067,0.4019131221,0.4699138913
real_20240707,real,2024-07-07,adapted,1392,0.4362268881,12.70667197,-0.6335550671,0.4013920231,1719.908737,1392,0.5389873825,0.4362268881,0.4022265035,0.4702272727
real_20240707,real,2024-07-07,adapted,1393,0.4365402695,12.70193032,-0.8478530671,0.7188548235,1720.627592,1393,0.5392126582,0.4365402695,0.4025398849,0.4705406541
real_20240707,real,2024-07-07,adapted,1394,0.4368536509,12.698735,0.1938746165,0.03758736692,1720.66518,1394,0.5392244374,0.4368536509,0.4028532663,0.4708540355
real_20240707,real,2024-07-07,adapted,1395,0.4371670323,12.69537832,0.4795901588,0.2300067204,1720.895186,1395,0.5392965172,0.4371670323,0.4031666477,0.4711674169
real_20240707,real,2024-07-07,adapted,1396,0.4374804137,12.69328334,-1.417549942,2.009447838,1722.904634,1396,0.5399262407,0.4374804137,0.4034800291,0.4714807983
real_20240707,real,2024-07-07,adapted,1397,0.437793795,12.69021373,-0.5052448011,0.255272309,1723.159906,1397,0.5400062383,0.437793795,0.4037934104,0.4717941796
real_20240707,real,2024-07-07,adapted,1398,0.4381071764,12.68453916,-0.3658621438,0.1338551083,1723.293762,1398,0.540048186,0.4381071764,0.4041067918,0.472107561
real_20240707,real,2024-07-07,adapted,1399,0.4384205578,12.68270881,-0.2035752453,0.04144288048,1723.335204,1399,0.5400611734,0.4384205578,0.4044201732,0.4724209424
real_20240707,real,2024-07-07,adapted,1400,0.4387339392,12.67984366,-0.1934120555,0.03740822323,1723.372613,1400,0.5400728965,0.4387339392,0.4047335546,0.4727343238
real_20240707,real,2024-07-07,adapted,1401,0.4390473206,12.67797098,-0.1437692865,0.02066960773,1723.393282,1401,0.540079374,0.4390473206,0.405046936,0.4730477052
real_20240707,real,2024-07-07,adapted,1402,0.439360702,12.67170163,0.2709975641,0.07343967973,1723.466722,1402,0.5401023886,0.439360702,0.4053603174,0.4733610866
real_20240707,real,2024-07-07,adapted,1403,0.4396740834,12.66507395,0.1666502552,0.02777230757,1723.494494,1403,0.5401110919,0.4396740834,0.4056736988,0.473674468
real_20240707,real,2024-07-07,adapted,1404,0.4399874647,12.66138805,-0.6562403626,0.4306514135,1723.925146,1404,0.54024605,0.4399874647,0.4059870801,0.4739878493
real_20240707,real,2024-07-07,adapted,1405,0.4403008461,12.65905255,-0.5228815325,0.2734050971,1724.198551,1405,0.5403317301,0.4403008461,0.4063004615,0.4743012307
real_20240707,real,2024-07-07,adapted,1406,0.4406142275,12.65604633,0.2160084893,0.04665966745,1724.24521,1406,0.5403463524,0.4406142275,0.4066138429,0.4746146121
real_20240707,real,2024-07-07,adapted,1407,0.4409276089,12.65105979,-1.994909778,3.979665022,1728.224875,1407,0.5415935053,0.4409276089,0.4069272243,0.4749279935
real_20240707,real,2024-07-07,adapted,1408,0.4412409903,12.640579,-0.3782673367,0.143086178,1728.367962,1408,0.5416383459,0.4412409903,0.4072406057,0.4752413749
real_20240707,real,2024-07-07,adapted,1409,0.4415543717,12.63293174,-1.212840237,1.470981441,1729.838943,1409,0.5420993241,0.4415543717,0.4075539871,0.4755547563
real_20240707,real,2024-07-07,adapted,1410,0.4418677531,12.63046969,-0.4702171556,0.2211041734,1730.060047,1410,0.542168614,0.4418677531,0.4078673685,0.4758681377
real_20240707,real,2024-07-07,adapted,1411,0.4421811344,12.62853242,0.05695001381,0.003243304073,1730.063291,1411,0.5421696304,0.4421811344,0.4081807498,0.476181519
real_20240707,real,2024-07-07,adapted,1412,0.4424945158,12.6236306,0.455397839,0.2073871917,1730.270678,1412,0.5422346217,0.4424945158,0.4084941312,0.4764949004
real_20240707,real,2024-07-07,adapted,1413,0.4428078972,12.61686936,1.593771286,2.540106912,1732.810785,1413,0.5430306439,0.4428078972,0.4088075126,0.4768082818
real_20240707,real,2024-07-07,adapted,1414,0.4431212786,12.61494977,0.4301947278,0.1850675038,1732.995852,1414,0.5430886406,0.4431212786,0.409120894,0.4771216632
real_20240707,real,2024-07-07,adapted,1415,0.44343466,12.61012119,-0.3294224304,0.1085191377,1733.104371,1415,0.5431226485,0.44343466,0.4094342754,0.4774350446
real_20240707,real,2024-07-07,adapted,1416,0.4437480414,12.60644678,0.6855365056,0.4699603005,1733.574332,1416,0.5432699253,0.4437480414,0.4097476568,0.477748426
real_20240707,real,2024-07-07,adapted,1417,0.4440614228,12.60157305,0.07561041757,0.005716935245,1733.580049,1417,0.5432717169,0.4440614228,0.4100610382,0.4780618074
real_20240707,real,2024-07-07,adapted,1418,0.4443748041,12.59916526,0.9268712838,0.8590903767,1734.439139,1418,0.5435409398,0.4443748041,0.4103744195,0.4783751887
real_20240707,real,2024-07-07,adapted,1419,0.4446881855,12.59248319,-0.8152016895,0.6645537946,1735.103693,1419,0.5437491986,0.4446881855,0.4106878009,0.4786885701
real_20240707,real,2024-07-07,adapted,1420,0.4450015669,12.58530183,0.1917909345,0.03678376256,1735.140476,1420,0.5437607259,0.4450015669,0.4110011823,0.4790019515
real_20240707,real,2024-07-07,adapted,1421,0.4453149483,12.5786231,-0.6952894416,0.4834274076,1735.623904,1421,0.5439122231,0.4453149483,0.4113145637,0.4793153329
real_20240707,real,2024-07-07,adapted,1422,0.4456283297,12.57461632,-1.288502167,1.660237833,1737.284142,1422,0.5444325107,0.4456283297,0.4116279451,0.4796287143
real_20240707,real,2024-07-07,adapted,1423,0.4459417111,12.56959785,0.1788382281,0.03198311184,1737.316125,1423,0.5444425336,0.4459417111,0.4119413265,0.4799420957
real_20240707,real,2024-07-07,adapted,1424,0.4462550924,12.56532846,1.471781435,2.166140592,1739.482265,1424,0.5451213618,0.4462550924,0.4122547078,0.480255477
real_20240707,real,2024-07-07,adapted,1425,0.4465684738,12.56238324,1.38663631,1.922760257,1741.405026,1425,0.5457239191,0.4465684738,0.4125680892,0.4805688584
real_20240707,real,2024-07-07,adapted,1426,0.4468818552,12.55934214,-0.05285496516,0.002793647342,1741.407819,1426,0.5457247945,0.4468818552,0.4128814706,0.4808822398
real_20240707,real,2024-07-07,adapted,1427,0.4471952366,12.55066877,0.2675743271,0.07159602051,1741.479415,1427,0.5457472314,0.4471952366,0.413194852,0.4811956212
real_20240707,real,2024-07-07,adapted,1428,0.447508618,12.55021069,0.8937536567,0.7987955988,1742.278211,1428,0.5459975591,0.447508618,0.4135082334,0.4815090026
real_20240707,real,2024-07-07,adapted,1429,0.4478219994,12.5456105,-0.4144602279,0.1717772805,1742.449988,1429,0.5460513909,0.4478219994,0.4138216148,0.481822384
real_20240707,real,2024-07-07,adapted,1430,0.4481353808,12.54136114,0.9466821358,0.8962070663,1743.346195,1430,0.5463322455,0.4481353808,0.4141349962,0.4821357654
real_20240707,real,2024-07-07,adapted,1431,0.4484487621,12.53384209,0.8840845186,0.781605436,1744.127801,1431,0.5465771861,0.4484487621,0.4144483775,0.4824491467
real_20240707,real,2024-07-07,adapted,1432,0.4487621435,12.5329901,-1.195347155,1.428854821,1745.556656,1432,0.5470249626,0.4487621435,0.4147617589,0.4827625281
real_20240707,real,2024-07-07,adapted,1433,0.4490755249,12.52942839,-0.5616471529,0.3154475243,1745.872103,1433,0.547123818,0.4490755249,0.4150751403,0.4830759095
real_20240707,real,2024-07-07,adapted,1434,0.4493889063,12.5216274,0.1953322254,0.03815467829,1745.910258,1434,0.5471357749,0.4493889063,0.4153885217,0.4833892909
real_20240707,real,2024-07-07,adapted,1435,0.4497022877,12.51806585,-1.563604501,2.444859035,1748.355117,1435,0.5479019482,0.4497022877,0.4157019031,0.4837026723
real_20240707,real,2024-07-07,adapted,1436,0.4500156691,12.5143155,0.3960008699,0.156816689,1748.511933,1436,0.5479510917,0.4500156691,0.4160152845,0.4840160537
real_20240707,real,2024-07-07,adapted,1437,0.4503290505,12.50712544,-0.1987994065,0.03952120401,1748.551455,1437,0.5479634769,0.4503290505,0.4163286659,0.4843294351
real_20240707,real,2024-07-07,adapted,1438,0.4506424318,12.50504269,-0.5975118094,0.3570203624,1748.908475,1438,0.5480753604,0.4506424318,0.4166420472,0.4846428164
real_20240707,real,2024-07-07,adapted,1439,0.4509558132,12.50123087,-0.1086777801,0.01181085988,1748.920286,1439,0.5480790617,0.4509558132,0.4169554286,0.4849561978
real_20240707,real,2024-07-07,adapted,1440,0.4512691946,12.49061885,-0.4357022575,0.1898364572,1749.110122,1440,0.5481385529,0.4512691946,0.41726881,0.4852695792
real_20240707,real,2024-07-07,adapted,1441,0.451582576,12.4888431,0.5364355508,0.2877631001,1749.397885,1441,0.5482287325,0.451582576,0.4175821914,0.4855829606
real_20240707,real,2024-07-07,adapted,1442,0.4518959574,12.48690859,-0.5605624064,0.3142302114,1749.712116,1442,0.5483272064,0.4518959574,0.4178955728,0.485896342
real_20240707,real,2024-07-07,adapted,1443,0.4522093388,12.48315905,0.2485976841,0.06180080855,1749.773916,1443,0.5483465736,0.4522093388,0.4182089542,0.4862097234
real_20240707,real,2024-07-07,adapted,1444,0.4525227202,12.48046549,0.7927148507,0.6283968345,1750.402313,1444,0.5485435015,0.4525227202,0.4185223356,0.4865231048
real_20240707,real,2024-07-07,adapted,1445,0.4528361015,12.47371826,1.38175288,1.909241023,1752.311554,1445,0.5491418221,0.4528361015,0.4188357169,0.4868364861
real_20240707,real,2024-07-07,adapted,1446,0.4531494829,12.47047924,0.5593422352,0.312863736,1752.624418,1446,0.5492398678,0.4531494829,0.4191490983,0.4871498675
real_20240707,real,2024-07-07,adapted,1447,0.4534628643,12.46890682,0.5491183624,0.301530976,1752.925949,1447,0.549334362,0.4534628643,0.4194624797,0.4874632489
real_20240707,real,2024-07-07,adapted,1448,0.4537762457,12.46327068,-0.6761703,0.4572062747,1753.383155,1448,0.5494776419,0.4537762457,0.4197758611,0.4877766303
real_20240707,real,2024-07-07,adapted,1449,0.4540896271,12.46205983,0.2744336145,0.07531380877,1753.458469,1449,0.5495012439,0.4540896271,0.4200892425,0.4880900117
real_20240707,real,2024-07-07,adapted,1450,0.4544030085,12.45536169,-1.232945716,1.520155138,1754.978624,1450,0.5499776322,0.4544030085,0.4204026239,0.4884033931
real_20240707,real,2024-07-07,adapted,1451,0.4547163898,12.44919882,-0.8545926089,0.7303285271,1755.708953,1451,0.5502065035,0.4547163898,0.4207160052,0.4887167744
real_20240707,real,2024-07-07,adapted,1452,0.4550297712,12.44177089,-0.771282684,0.5948769787,1756.30383,1452,0.5503929269,0.4550297712,0.4210293866,0.4890301558
real_20240707,real,2024-07-07,adapted,1453,0.4553431526,12.44028396,-1.206126176,1.454740352,1757.75857,1453,0.5508488155,0.4553431526,0.421342768,0.4893435372
real_20240707,real,2024-07-07,adapted,1454,0.455656534,12.43109571,-1.058887466,1.121242666,1758.879813,1454,0.551200192,0.455656534,0.4216561494,0.4896569186
real_20240707,real,2024-07-07,adapted,1455,0.4559699154,12.4299798,-0.02067050639,0.0004272698346,1758.88024,1455,0.5512003259,0.4559699154,0.4219695308,0.4899703
real_20240707,real,2024-07-07,adapted,1456,0.4562832968,12.42964947,-0.2735482662,0.07482865395,1758.955069,1456,0.5512237759,0.4562832968,0.4222829122,0.4902836814
real_20240707,real,2024-07-07,adapted,1457,0.4565966782,12.41829333,-1.0144986,1.029207409,1759.984276,1457,0.5515463103,0.4565966782,0.4225962936,0.4905970628
real_20240707,real,2024-07-07,adapted,1458,0.4569100595,12.41503437,0.0511518217,0.002616508864,1759.986893,1458,0.5515471303,0.4569100595,0.4229096749,0.4909104441
real_20240707,real,2024-07-07,adapted,1459,0.4572234409,12.41169026,-1.565159209,2.449723349,1762.436616,1459,0.552314828,0.4572234409,0.4232230563,0.4912238255
real_20240707,real,2024-07-07,adapted,1460,0.4575368223,12.40870602,-0.04131626937,0.001707034115,1762.438323,1460,0.5523153629,0.4575368223,0.4235364377,0.4915372069
real_20240707,real,2024-07-07,adapted,1461,0.4578502037,12.4059322,-0.1045605213,0.01093290261,1762.449256,1461,0.5523187891,0.4578502037,0.4238498191,0.4918505883
real_20240707,real,2024-07-07,adapted,1462,0.4581635851,12.3942278,-1.23580267,1.527208239,1763.976464,1462,0.5527973877,0.4581635851,0.4241632005,0.4921639697
real_20240707,real,2024-07-07,adapted,1463,0.4584769665,12.39049049,1.144735027,1.310418281,1765.286882,1463,0.5532080484,0.4584769665,0.4244765819,0.4924773511
real_20240707,real,2024-07-07,adapted,1464,0.4587903479,12.3864852,0.2717682727,0.07385799404,1765.36074,1464,0.5532311941,0.4587903479,0.4247899633,0.4927907325
real_20240707,real,2024-07-07,adapted,1465,0.4591037292,12.38092015,0.3217300664,0.1035102357,1765.464251,1465,0.5532636323,0.4591037292,0.4251033446,0.4931041138
real_20240707,real,2024-07-07,adapted,1466,0.4594171106,12.38023887,0.1018458548,0.01037257814,1765.474623,1466,0.5532668829,0.4594171106,0.425416726,0.4934174952
real_20240707,real,2024-07-07,adapted,1467,0.459730492,12.37797375,-1.711824136,2.930341874,1768.404965,1467,0.5541851975,0.459730492,0.4257301074,0.4937308766
real_20240707,real,2024-07-07,adapted,1468,0.4600438734,12.3772231,0.530137393,0.2810456555,1768.686011,1468,0.554273272,0.4600438734,0.4260434888,0.494044258
real_20240707,real,2024-07-07,adapted,1469,0.4603572548,12.36719651,-0.9105098661,0.8290282162,1769.515039,1469,0.554533074,0.4603572548,0.4263568702,0.4943576394
real_20240707,real,2024-07-07,adapted,1470,0.4606706362,12.36299893,0.07206232551,0.005192978757,1769.520232,1470,0.5545347013,0.4606706362,0.4266702516,0.4946710208
real_20240707,real,2024-07-07,adapted,1471,0.4609840175,12.36273395,0.01916859711,0.0003674351153,1769.520599,1471,0.5545348165,0.4609840175,0.4269836329,0.4949844021
real_20240707,real,2024-07-07,adapted,1472,0.4612973989,12.36006307,-1.32040805,1.74347742,1771.264077,1472,0.5550811899,0.4612973989,0.4272970143,0.4952977835
real_20240707,real,2024-07-07,adapted,1473,0.4616107803,12.35486733,-1.534780561,2.355551371,1773.619628,1473,0.5558193758,0.4616107803,0.4276103957,0.4956111649
real_20240707,real,2024-07-07,adapted,1474,0.4619241617,12.35453404,1.015984968,1.032225455,1774.651854,1474,0.5561428561,0.4619241617,0.4279237771,0.4959245463
real_20240707,real,2024-07-07,adapted,1475,0.4622375431,12.34848772,-0.7621256374,0.5808354871,1775.232689,1475,0.5563248791,0.4622375431,0.4282371585,0.4962379277
real_20240707,real,2024-07-07,adapted,1476,0.4625509245,12.34454097,0.5077917128,0.2578524236,1775.490542,1476,0.5564056852,0.4625509245,0.4285505399,0.4965513091
real_20240707,real,2024-07-07,adapted,1477,0.4628643059,12.34100943,0.640757655,0.4105703724,1775.901112,1477,0.5565343503,0.4628643059,0.4288639213,0.4968646905
real_20240707,real,2024-07-07,adapted,1478,0.4631776872,12.33759005,-0.1711637934,0.02929704416,1775.930409,1478,0.5565435315,0.4631776872,0.4291773026,0.4971780718
real_20240707,real,2024-07-07,adapted,1479,0.4634910686,12.33218047,0.5293327716,0.2801931831,1776.210602,1479,0.5566313388,0.4634910686,0.429490684,0.4974914532
real_20240707,real,2024-07-07,adapted,1480,0.46380445,12.32774876,0.1068589753,0.0114188406,1776.222021,1480,0.5566349173,0.46380445,0.4298040654,0.4978048346
real_20240707,real,2024-07-07,adapted,1481,0.4641178314,12.32397201,2.024651403,4.099213305,1780.321234,1481,0.5579195344,0.4641178314,0.4301174468,0.498118216
real_20240707,real,2024-07-07,adapted,1482,0.4644312128,12.31846447,0.8984450538,0.8072035148,1781.128438,1482,0.558172497,0.4644312128,0.4304308282,0.4984315974
real_20240707,real,2024-07-07,adapted,1483,0.4647445942,12.31635193,0.1783618355,0.03181294437,1781.160251,1483,0.5581824666,0.4647445942,0.4307442096,0.4987449788
real_20240707,real,2024-07-07,adapted,1484,0.4650579756,12.31439764,0.71086249,0.5053254797,1781.665576,1484,0.5583408262,0.4650579756,0.431057591,0.4990583602
real_20240707,real,2024-07-07,adapted,1485,0.4653713569,12.30840177,-0.8164089258,0.6665235342,1782.3321,1485,0.5585497022,0.4653713569,0.4313709723,0.4993717415
real_20240707,real,2024-07-07,adapted,1486,0.4656847383,12.30458291,0.4811980329,0.2315515469,1782.563651,1486,0.5586222662,0.4656847383,0.4316843537,0.4996851229
real_20240707,real,2024-07-07,adapted,1487,0.4659981197,12.30204183,0.1559487264,0.02432000526,1782.587971,1487,0.5586298876,0.4659981197,0.4319977351,0.4999985043
real_20240707,real,2024-07-07,adapted,1488,0.4663115011,12.30031364,0.1250762845,0.01564407696,1782.603615,1488,0.5586347902,0.4663115011,0.4323111165,0.5003118857
real_20240707,real,2024-07-07,adapted,1489,0.4666248825,12.29215867,-0.418780574,0.1753771692,1782.778993,1489,0.5586897501,0.4666248825,0.4326244979,0.5006252671
real_20240707,real,2024-07-07,adapted,1490,0.4669382639,12.29117126,0.9034864607,0.8162877846,1783.59528,1490,0.5589455595,0.4669382639,0.4329378793,0.5009386485
real_20240707,real,2024-07-07,adapted,1491,0.4672516453,12.28989797,0.7515977795,0.5648992221,1784.16018,1491,0.5591225884,0.4672516453,0.4332512607,0.5012520299
real_20240707,real,2024-07-07,adapted,1492,0.4675650266,12.2869509,-0.2873924102,0.08259439746,1784.242774,1492,0.559148472,0.4675650266,0.433564642,0.5015654112
real_20240707,real,2024-07-07,adapted,1493,0.467878408,12.28125425,0.05167404901,0.002670207341,1784.245444,1493,0.5591493087,0.467878408,0.4338780234,0.5018787926
real_20240707,real,2024-07-07,adapted,1494,0.4681917894,12.27701403,0.8360435903,0.698968885,1784.944413,1494,0.5593683526,0.4681917894,0.4341914048,0.502192174
real_20240707,real,2024-07-07,adapted,1495,0.4685051708,12.27581033,0.8268865625,0.6837413872,1785.628154,1495,0.5595826244,0.4685051708,0.4345047862,0.5025055554
real_20240707,real,2024-07-07,adapted,1496,0.4688185522,12.27211274,0.4136158706,0.1710780884,1785.799233,1496,0.5596362371,0.4688185522,0.4348181676,0.5028189368
real_20240707,real,2024-07-07,adapted,1497,0.4691319336,12.26890424,0.3075809222,0.09460602367,1785.893839,1497,0.5596658849,0.4691319336,0.435131549,0.5031323182
real_20240707,real,2024-07-07,adapted,1498,0.4694453149,12.26423697,0.05532895882,0.003061293684,1785.8969,1498,0.5596668442,0.4694453149,0.4354449303,0.5034456995
real_20240707,real,2024-07-07,adapted,1499,0.4697586963,12.26092272,-1.317720969,1.736388553,1787.633288,1499,0.5602109961,0.4697586963,0.4357583117,0.5037590809
real_20240707,real,2024-07-07,adapted,1500,0.4700720777,12.25947762,-0.8884780297,0.7893932093,1788.422682,1500,0.5604583772,0.4700720777,0.4360716931,0.5040724623
real_20240707,real,2024-07-07,adapted,1501,0.4703854591,12.2547778,-0.3689225571,0.1361038531,1788.558786,1501,0.5605010296,0.4703854591,0.4363850745,0.5043858437
real_20240707,real,2024-07-07,adapted,1502,0.4706988405,12.25286831,-0.07989214607,0.006382755004,1788.565168,1502,0.5605030299,0.4706988405,0.4366984559,0.5046992251
real_20240707,real,2024-07-07,adapted,1503,0.4710122219,12.25131405,0.4191153382,0.1756576667,1788.740826,1503,0.5605580777,0.4710122219,0.4370118373,0.5050126065
real_20240707,real,2024-07-07,adapted,1504,0.4713256033,12.24642815,0.05840423741,0.003411054948,1788.744237,1504,0.5605591467,0.4713256033,0.4373252187,0.5053259879
real_20240707,real,2024-07-07,adapted,1505,0.4716389846,12.24219387,-0.5709113526,0.3259397725,1789.070177,1505,0.5606612901,0.4716389846,0.4376386,0.5056393692
real_20240707,real,2024-07-07,adapted,1506,0.471952366,12.23852484,0.8676901553,0.7528862056,1789.823063,1506,0.5608972306,0.471952366,0.4379519814,0.5059527506
real_20240707,real,2024-07-07,adapted,1507,0.4722657474,12.23264958,0.7986654003,0.6378664216,1790.460929,1507,0.5610971261,0.4722657474,0.4382653628,0.506266132
real_20240707,real,2024-07-07,adapted,1508,0.4725791288,12.22617896,-0.5465511241,0.2987181313,1790.759648,1508,0.5611907388,0.4725791288,0.4385787442,0.5065795134
real_20240707,real,2024-07-07,adapted,1509,0.4728925102,12.22390289,0.9976748403,0.9953550869,1791.755003,1509,0.5615026646,0.4728925102,0.4388921256,0.5068928948
real_20240707,real,2024-07-07,adapted,1510,0.4732058916,12.21711379,-0.1691595876,0.02861496609,1791.783618,1510,0.561511632,0.4732058916,0.439205507,0.5072062762
real_20240707,real,2024-07-07,adapted,1511,0.473519273,12.21270228,-0.5358307844,0.2871146295,1792.070732,1511,0.5616016083,0.473519273,0.4395188884,0.5075196576
real_20240707,real,2024-07-07,adapted,1512,0.4738326543,12.20789865,0.8401592523,0.7058675693,1792.7766,1512,0.5618228141,0.4738326543,0.4398322697,0.5078330389
real_20240707,real,2024-07-07,adapted,1513,0.4741460357,12.20683908,0.6549034545,0.4288985347,1793.205498,1513,0.5619572229,0.4741460357,0.4401456511,0.5081464203
real_20240707,real,2024-07-07,adapted,1514,0.4744594171,12.20570187,1.304202004,1.700942868,1794.906441,1514,0.5624902667,0.4744594171,0.4404590325,0.5084598017
real_20240707,real,2024-07-07,adapted,1515,0.4747727985,12.20115666,0.2489443956,0.06197331208,1794.968414,1515,0.562509688,0.4747727985,0.4407724139,0.5087731831
real_20240707,real,2024-07-07,adapted,1516,0.4750861799,12.19268224,-2.035347185,4.142638165,1799.111053,1516,0.5638079137,0.4750861799,0.4410857953,0.5090865645
real_20240707,real,2024-07-07,adapted,1517,0.4753995613,12.18984381,1.71618629,2.945295382,1802.056348,1517,0.5647309145,0.4753995613,0.4413991767,0.5093999459
real_20240707,real,2024-07-07,adapted,1518,0.4757129427,12.18951446,-1.908415523,3.642049807,1805.698398,1518,0.5658722651,0.4757129427,0.4417125581,0.5097133273
real_20240707,real,2024-07-07,adapted,1519,0.476026324,12.18152545,0.3920751713,0.15372294,1805.852121,1519,0.565920439,0.476026324,0.4420259394,0.5100267086
real_20240707,real,2024-07-07,adapted,1520,0.4763397054,12.17719047,-1.113758907,1.240458903,1807.09258,1520,0.5663091757,0.4763397054,0.4423393208,0.51034009
real_20240707,real,2024-07-07,adapted,1521,0.4766530868,12.17667116,-1.180788341,1.394261107,1808.486841,1521,0.5667461112,0.4766530868,0.4426527022,0.5106534714
real_20240707,real,2024-07-07,adapted,1522,0.4769664682,12.16932037,1.982202639,3.929127303,1812.415968,1522,0.5679774265,0.4769664682,0.4429660836,0.5109668528
real_20240707,real,2024-07-07,adapted,1523,0.4772798496,12.16756957,-0.6341410062,0.4021348158,1812.818103,1523,0.5681034481,0.4772798496,0.443279465,0.5112802342
real_20240707,real,2024-07-07,adapted,1524,0.477593231,12.16263935,-0.07258056477,0.005267938382,1812.823371,1524,0.568105099,0.477593231,0.4435928464,0.5115936156
real_20240707,real,2024-07-07,adapted,1525,0.4779066123,12.1604178,0.2430354458,0.05906622791,1812.882437,1525,0.5681236092,0.4779066123,0.4439062277,0.5119069969
real_20240707,real,2024-07-07,adapted,1526,0.4782199937,12.15520853,0.4979980266,0.2480020345,1813.130439,1526,0.5682013285,0.4782199937,0.4442196091,0.5122203783
real_20240707,real,2024-07-07,adapted,1527,0.4785333751,12.15176048,0.2492580551,0.06212957805,1813.192569,1527,0.5682207987,0.4785333751,0.4445329905,0.5125337597
real_20240707,real,2024-07-07,adapted,1528,0.4788467565,12.15085379,-0.2439387878,0.05950613221,1813.252075,1528,0.5682394468,0.4788467565,0.4448463719,0.5128471411
real_20240707,real,2024-07-07,adapted,1529,0.4791601379,12.14645945,-2.054025398,4.219020337,1817.471095,1529,0.5695616093,0.4791601379,0.4451597533,0.5131605225
real_20240707,real,2024-07-07,adapted,1530,0.4794735193,12.14434297,0.3191317857,0.1018450966,1817.57294,1530,0.5695935256,0.4794735193,0.4454731347,0.5134739039
real_20240707,real,2024-07-07,adapted,1531,0.4797869007,12.1406363,0.6659450459,0.4434828041,1818.016423,1531,0.5697325049,0.4797869007,0.4457865161,0.5137872853
real_20240707,real,2024-07-07,adapted,1532,0.480100282,12.13884464,-1.290232899,1.664700934,1819.681124,1532,0.5702541912,0.480100282,0.4460998974,0.5141006666
real_20240707,real,2024-07-07,adapted,1533,0.4804136634,12.13172571,2.14139493,4.585572245,1824.266696,1533,0.5716912241,0.4804136634,0.4464132788,0.514414048
real_20240707,real,2024-07-07,adapted,1534,0.4807270448,12.12740837,-1.103210139,1.217072611,1825.483769,1534,0.572072632,0.4807270448,0.4467266602,0.5147274294
real_20240707,real,2024-07-07,adapted,1535,0.4810404262,12.12502411,1.370835402,1.879189701,1827.362959,1535,0.5726615351,0.4810404262,0.4470400416,0.5150408108
real_20240707,real,2024-07-07,adapted,1536,0.4813538076,12.1210376,0.3417105599,0.1167661067,1827.479725,1536,0.5726981274,0.4813538076,0.447353423,0.5153541922
real_20240707,real,2024-07-07,adapted,1537,0.481667189,12.11031926,-0.6699566446,0.4488419057,1827.928567,1537,0.5728387861,0.481667189,0.4476668044,0.5156675736
real_20240707,real,2024-07-07,adapted,1538,0.4819805704,12.10980362,-0.2854961526,0.08150805312,1828.010075,1538,0.5728643292,0.4819805704,0.4479801858,0.515980955
real_20240707,real,2024-07-07,adapted,1539,0.4822939517,12.10520135,-0.6507028053,0.4234141408,1828.433489,1539,0.5729970194,0.4822939517,0.4482935671,0.5162943363
real_20240707,real,2024-07-07,adapted,1540,0.4826073331,12.09812716,1.408722932,1.9845003,1830.417989,1540,0.5736189248,0.4826073331,0.4486069485,0.5166077177
real_20240707,real,2024-07-07,adapted,1541,0.4829207145,12.09350234,-0.4433867756,0.1965918328,1830.614581,1541,0.573680533,0.4829207145,0.4489203299,0.5169210991
real_20240707,real,2024-07-07,adapted,1542,0.4832340959,12.08919236,-1.726290215,2.980077906,1833.594659,1542,0.574614434,0.4832340959,0.4492337113,0.5172344805
real_20240707,real,2024-07-07,adapted,1543,0.4835474773,12.08431912,1.669323731,2.786641718,1836.381301,1543,0.5754877156,0.4835474773,0.4495470927,0.5175478619
real_20240707,real,2024-07-07,adapted,1544,0.4838608587,12.08212252,1.213246663,1.471967466,1837.853268,1544,0.5759490028,0.4838608587,0.4498604741,0.5178612433
real_20240707,real,2024-07-07,adapted,1545,0.4841742401,12.0798648,-0.438899187,0.1926324964,1838.0459,1545,0.5760093703,0.4841742401,0.4501738554,0.5181746247
real_20240707,real,2024-07-07,adapted,1546,0.4844876214,12.07733525,0.5659501362,0.3202995567,1838.3662,1546,0.5761097462,0.4844876214,0.4504872368,0.518488006
real_20240707,real,2024-07-07,adapted,1547,0.4848010028,12.07341767,-1.145062952,1.311169165,1839.677369,1547,0.5765206422,0.4848010028,0.4508006182,0.5188013874
real_20240707,real,2024-07-07,adapted,1548,0.4851143842,12.07044318,-0.9400934534,0.8837757011,1840.561145,1548,0.576797601,0.4851143842,0.4511139996,0.5191147688
real_20240707,real,2024-07-07,adapted,1549,0.4854277656,12.06940146,0.09802191889,0.009608296582,1840.570753,1549,0.5768006121,0.4854277656,0.451427381,0.5194281502
real_20240707,real,2024-07-07,adapted,1550,0.485741147,12.06264105,0.1629041251,0.02653775398,1840.597291,1550,0.5768089285,0.485741147,0.4517407624,0.5197415316
real_20240707,real,2024-07-07,adapted,1551,0.4860545284,12.05896499,0.9421686357,0.8876817381,1841.484973,1551,0.5770871115,0.4860545284,0.4520541438,0.520054913
real_20240707,real,2024-07-07,adapted,1552,0.4863679097,12.05544946,0.09834579272,0.009671894947,1841.494645,1552,0.5770901425,0.4863679097,0.4523675251,0.5203682943
real_20240707,real,2024-07-07,adapted,1553,0.4866812911,12.05176561,0.5800993364,0.3365152401,1841.83116,1553,0.5771956001,0.4866812911,0.4526809065,0.5206816757
real_20240707,real,2024-07-07,adapted,1554,0.4869946725,12.05155582,-0.9440821963,0.8912911933,1842.722451,1554,0.5774749141,0.4869946725,0.4529942879,0.5209950571
real_20240707,real,2024-07-07,adapted,1555,0.4873080539,12.04446723,-0.1421696066,0.02021219705,1842.742663,1555,0.5774812483,0.4873080539,0.4533076693,0.5213084385
real_20240707,real,2024-07-07,adapted,1556,0.4876214353,12.04297097,0.5691100691,0.3238862707,1843.066549,1556,0.5775827482,0.4876214353,0.4536210507,0.5216218199
real_20240707,real,2024-07-07,adapted,1557,0.4879348167,12.04104195,0.5844797729,0.3416166049,1843.408166,1557,0.5776898045,0.4879348167,0.4539344321,0.5219352013
real_20240707,real,2024-07-07,adapted,1558,0.4882481981,12.03458564,0.4870869497,0.2372536966,1843.64542,1558,0.5777641554,0.4882481981,0.4542478135,0.5222485827
real_20240707,real,2024-07-07,adapted,1559,0.4885615794,12.03193895,-0.1113457042,0.01239786584,1843.657818,1559,0.5777680406,0.4885615794,0.4545611948,0.522561964
real_20240707,real,2024-07-07,adapted,1560,0.4888749608,12.02557643,1.234660814,1.524387326,1845.182205,1560,0.5782457552,0.4888749608,0.4548745762,0.5228753454
real_20240707,real,2024-07-07,adapted,1561,0.4891883422,12.0230187,1.655844305,2.741820363,1847.924025,1561,0.5791049907,0.4891883422,0.4551879576,0.5231887268
real_20240707,real,2024-07-07,adapted,1562,0.4895017236,12.01558704,0.2153323326,0.04636801345,1847.970393,1562,0.5791195216,0.4895017236,0.455501339,0.5235021082
real_20240707,real,2024-07-07,adapted,1563,0.489815105,12.01194067,-0.2576577228,0.06638750213,1848.036781,1563,0.5791403262,0.489815105,0.4558147204,0.5238154896
real_20240707,real,2024-07-07,adapted,1564,0.4901284864,12.00286292,2.25050268,5.064762312,1853.101543,1564,0.5807275284,0.4901284864,0.4561281018,0.524128871
real_20240707,real,2024-07-07,adapted,1565,0.4904418678,12.00061025,0.5689061391,0.3236541951,1853.425197,1565,0.5808289556,0.4904418678,0.4564414832,0.5244422524
real_20240707,real,2024-07-07,adapted,1566,0.4907552491,11.9979618,0.5681483821,0.3227925841,1853.74799,1566,0.5809301128,0.4907552491,0.4567548645,0.5247556337
real_20240707,real,2024-07-07,adapted,1567,0.4910686305,11.99517665,-1.324524389,1.754364858,1855.502355,1567,0.5814798981,0.4910686305,0.4570682459,0.5250690151
real_20240707,real,2024-07-07,adapted,1568,0.4913820119,11.99395571,-0.4184398686,0.1750919237,1855.677447,1568,0.5815347686,0.4913820119,0.4573816273,0.5253823965
real_20240707,real,2024-07-07,adapted,1569,0.4916953933,11.9887457,-0.1148057171,0.01318035268,1855.690627,1569,0.5815388991,0.4916953933,0.4576950087,0.5256957779
real_20240707,real,2024-07-07,adapted,1570,0.4920087747,11.98731572,-0.07480320771,0.005595519883,1855.696223,1570,0.5815406526,0.4920087747,0.4580083901,0.5260091593
real_20240707,real,2024-07-07,adapted,1571,0.4923221561,11.98536467,-0.641795881,0.4119019529,1856.108125,1571,0.5816697351,0.4923221561,0.4583217715,0.5263225407
real_20240707,real,2024-07-07,adapted,1572,0.4926355374,11.98278207,-0.2928975777,0.085788991,1856.193914,1572,0.5816966197,0.4926355374,0.4586351528,0.526635922
real_20240707,real,2024-07-07,adapted,1573,0.4929489188,11.97962093,-1.141156947,1.302239179,1857.496153,1573,0.5821047172,0.4929489188,0.4589485342,0.5269493034
real_20240707,real,2024-07-07,adapted,1574,0.4932623002,11.97584229,0.3267508318,0.1067661061,1857.602919,1574,0.5821381758,0.4932623002,0.4592619156,0.5272626848
real_20240707,real,2024-07-07,adapted,1575,0.4935756816,11.9693625,1.034989407,1.071203073,1858.674122,1575,0.5824738709,0.4935756816,0.459575297,0.5275760662
real_20240707,real,2024-07-07,adapted,1576,0.493889063,11.96689052,1.073428757,1.152249297,1859.826371,1576,0.5828349643,0.493889063,0.4598886784,0.5278894476
real_20240707,real,2024-07-07,adapted,1577,0.4942024444,11.96342422,-0.2852821568,0.08138590898,1859.907757,1577,0.5828604692,0.4942024444,0.4602020598,0.528202829
real_20240707,real,2024-07-07,adapted,1578,0.4945158258,11.95944613,0.926033989,0.8575389488,1860.765296,1578,0.5831292059,0.4945158258,0.4605154412,0.5285162104
real_20240707,real,2024-07-07,adapted,1579,0.4948292071,11.95566366,0.516222031,0.2664851853,1861.031781,1579,0.5832127174,0.4948292071,0.4608288225,0.5288295917
real_20240707,real,2024-07-07,adapted,1580,0.4951425885,11.95386388,0.0194828295,0.0003795806453,1861.032161,1580,0.5832128364,0.4951425885,0.4611422039,0.5291429731
real_20240707,real,2024-07-07,adapted,1581,0.4954559699,11.94979389,-0.0736042778,0.005417589711,1861.037578,1581,0.5832145341,0.4954559699,0.4614555853,0.5294563545
real_20240707,real,2024-07-07,adapted,1582,0.4957693513,11.94540808,1.403613228,1.970130094,1863.007709,1582,0.5838319362,0.4957693513,0.4617689667,0.5297697359
real_20240707,real,2024-07-07,adapted,1583,0.4960827327,11.94196386,-0.1235985484,0.01527660118,1863.022985,1583,0.5838367236,0.4960827327,0.4620823481,0.5300831173
real_20240707,real,2024-07-07,adapted,1584,0.4963961141,11.94137696,1.790129629,3.204564088,1866.227549,1584,0.5848409744,0.4963961141,0.4623957295,0.5303964987
real_20240707,real,2024-07-07,adapted,1585,0.4967094955,11.93859029,-1.884444235,3.551130073,1869.778679,1585,0.5859538324,0.4967094955,0.4627091109,0.5307098801
real_20240707,real,2024-07-07,adapted,1586,0.4970228768,11.93587942,0.257587069,0.06635109811,1869.84503,1586,0.5859746256,0.4970228768,0.4630224922,0.5310232614
real_20240707,real,2024-07-07,adapted,1587,0.4973362582,11.9301404,0.8975061002,0.8055171998,1870.650548,1587,0.5862270597,0.4973362582,0.4633358736,0.5313366428
real_20240707,real,2024-07-07,adapted,1588,0.4976496396,11.9258892,0.02568077046,0.0006595019712,1870.651207,1588,0.5862272664,0.4976496396,0.463649255,0.5316500242
real_20240707,real,2024-07-07,adapted,1589,0.497963021,11.92211876,-0.2375478662,0.05642898874,1870.707636,1589,0.5862449502,0.497963021,0.4639626364,0.5319634056
real_20240707,real,2024-07-07,adapted,1590,0.4982764024,11.91755629,1.298819709,1.686932636,1872.394569,1590,0.5867736035,0.4982764024,0.4642760178,0.532276787
real_20240707,real,2024-07-07,adapted,1591,0.4985897838,11.91462542,0.7450024689,0.5550286787,1872.949597,1591,0.5869475391,0.4985897838,0.4645893992,0.5325901684
real_20240707,real,2024-07-07,adapted,1592,0.4989031652,11.91238598,-1.174371633,1.379148733,1874.328746,1592,0.5873797387,0.4989031652,0.4649027806,0.5329035498
real_20240707,real,2024-07-07,adapted,1593,0.4992165465,11.90547899,1.272266179,1.618661231,1875.947407,1593,0.587886997,0.4992165465,0.4652161619,0.5332169311
real_20240707,real,2024-07-07,adapted,1594,0.4995299279,11.90217386,0.5632539592,0.3172550225,1876.264662,1594,0.5879864188,0.4995299279,0.4655295433,0.5335303125
real_20240707,real,2024-07-07,adapted,1595,0.4998433093,11.89958976,-0.2083488837,0.04340925736,1876.308072,1595,0.5880000224,0.4998433093,0.4658429247,0.5338436939
real_20240707,real,2024-07-07,adapted,1596,0.5001566907,11.89352746,-0.6158082199,0.3792197637,1876.687291,1596,0.5881188629,0.5001566907,0.4661563061,0.5341570753
real_20240707,real,2024-07-07,adapted,1597,0.5004700721,11.89072077,-0.5027913922,0.252799184,1876.940091,1597,0.5881980854,0.5004700721,0.4664696875,0.5344704567
real_20240707,real,2024-07-07,adapted,1598,0.5007834535,11.88834399,-0.1932495562,0.03734539096,1876.977436,1598,0.5882097888,0.5007834535,0.4667830689,0.5347838381
real_20240707,real,2024-07-07,adapted,1599,0.5010968348,11.8851177,0.3961627725,0.1569449423,1877.134381,1599,0.5882589724,0.5010968348,0.4670964502,0.5350972194
real_20240707,real,2024-07-07,adapted,1600,0.5014102162,11.88168817,-0.5093333013,0.2594204118,1877.393801,1600,0.5883402699,0.5014102162,0.4674098316,0.5354106008
real_20240707,real,2024-07-07,adapted,1601,0.5017235976,11.87830123,0.8215971396,0.6750218597,1878.068823,1601,0.5885518092,0.5017235976,0.467723213,0.5357239822
real_20240707,real,2024-07-07,adapted,1602,0.502036979,11.87583586,0.5978139121,0.3573814734,1878.426205,1602,0.5886638059,0.502036979,0.4680365944,0.5360373636
real_20240707,real,2024-07-07,adapted,1603,0.5023503604,11.87320479,-0.3222550991,0.1038483489,1878.530053,1603,0.58869635,0.5023503604,0.4683499758,0.536350745
real_20240707,real,2024-07-07,adapted,1604,0.5026637418,11.86995224,-0.261699452,0.0684866032,1878.59854,1604,0.5887178125,0.5026637418,0.4686633572,0.5366641264
real_20240707,real,2024-07-07,adapted,1605,0.5029771232,11.86489612,-0.4860005289,0.2361965141,1878.834736,1605,0.5887918321,0.5029771232,0.4689767386,0.5369775078
real_20240707,real,2024-07-07,adapted,1606,0.5032905045,11.86237647,0.2581386593,0.06663556744,1878.901372,1606,0.5888127144,0.5032905045,0.4692901199,0.5372908891
real_20240707,real,2024-07-07,adapted,1607,0.5036038859,11.8568762,-0.3865046162,0.1493858184,1879.050757,1607,0.5888595291,0.5036038859,0.4696035013,0.5376042705
real_20240707,real,2024-07-07,adapted,1608,0.5039172673,11.85599839,-0.04363996241,0.001904446319,1879.052662,1608,0.588860126,0.5039172673,0.4699168827,0.5379176519
real_20240707,real,2024-07-07,adapted,1609,0.5042306487,11.85034632,0.7918893094,0.6270886784,1879.679751,1609,0.5890566439,0.5042306487,0.4702302641,0.5382310333
real_20240707,real,2024-07-07,adapted,1610,0.5045440301,11.84482445,-0.01184572619,0.0001403212289,1879.679891,1610,0.5890566879,0.5045440301,0.4705436455,0.5385444147
real_20240707,real,2024-07-07,adapted,1611,0.5048574115,11.84001455,1.50923281,2.277783675,1881.957675,1611,0.5897705029,0.5048574115,0.4708570269,0.5388577961
real_20240707,real,2024-07-07,adapted,1612,0.5051707929,11.83492654,-0.3905891406,0.1525598767,1882.110234,1612,0.5898183123,0.5051707929,0.4711704083,0.5391711775
real_20240707,real,2024-07-07,adapted,1613,0.5054841742,11.83440641,0.2471590766,0.06108760913,1882.171322,1613,0.589837456,0.5054841742,0.4714837896,0.5394845588
real_20240707,real,2024-07-07,adapted,1614,0.5057975556,11.8300881,1.236778112,1.529620097,1883.700942,1614,0.5903168105,0.5057975556,0.471797171,0.5397979402
real_20240707,real,2024-07-07,adapted,1615,0.506110937,11.82905033,0.9499437164,0.9023930643,1884.603335,1615,0.5905996037,0.506110937,0.4721105524,0.5401113216
real_20240707,real,2024-07-07,adapted,1616,0.5064243184,11.8225944,0.2335073261,0.05452567132,1884.657861,1616,0.590616691,0.5064243184,0.4724239338,0.540424703
real_20240707,real,2024-07-07,adapted,1617,0.5067376998,11.8186094,0.01231566878,0.0001516756975,1884.658013,1617,0.5906167385,0.5067376998,0.4727373152,0.5407380844
real_20240707,real,2024-07-07,adapted,1618,0.5070510812,11.81421004,-1.071923777,1.149020583,1885.807033,1618,0.5909768202,0.5070510812,0.4730506966,0.5410514658
real_20240707,real,2024-07-07,adapted,1619,0.5073644626,11.81086009,0.8538460456,0.7290530695,1886.536086,1619,0.5912052918,0.5073644626,0.473364078,0.5413648472
real_20240707,real,2024-07-07,adapted,1620,0.5076778439,11.80758104,0.5263176755,0.2770102955,1886.813097,1620,0.5912921017,0.5076778439,0.4736774593,0.5416782285
real_20240707,real,2024-07-07,adapted,1621,0.5079912253,11.80420175,-1.562673316,2.441947892,1889.255044,1621,0.5920573627,0.5079912253,0.4739908407,0.5419916099
real_20240707,real,2024-07-07,adapted,1622,0.5083046067,11.79810513,0.5585017307,0.3119241832,1889.566969,1622,0.592155114,0.5083046067,0.4743042221,0.5423049913
real_20240707,real,2024-07-07,adapted,1623,0.5086179881,11.79427805,0.05451342594,0.002971713608,1889.56994,1623,0.5921560452,0.5086179881,0.4746176035,0.5426183727
real_20240707,real,2024-07-07,adapted,1624,0.5089313695,11.79190866,-0.3461345934,0.1198091568,1889.689749,1624,0.5921935912,0.5089313695,0.4749309849,0.5429317541
real_20240707,real,2024-07-07,adapted,1625,0.5092447509,11.78382698,-0.8922660137,0.7961386391,1890.485888,1625,0.5924430862,0.5092447509,0.4752443663,0.5432451355
real_20240707,real,2024-07-07,adapted,1626,0.5095581322,11.77892045,-1.318903203,1.73950566,1892.225394,1626,0.5929882149,0.5095581322,0.4755577476,0.5435585168
real_20240707,real,2024-07-07,adapted,1627,0.5098715136,11.77393739,0.2861813929,0.08189978965,1892.307294,1627,0.5930138808,0.5098715136,0.475871129,0.5438718982
real_20240707,real,2024-07-07,adapted,1628,0.510184895,11.76973627,-1.092036162,1.192542978,1893.499837,1628,0.5933876016,0.510184895,0.4761845104,0.5441852796
real_20240707,real,2024-07-07,adapted,1629,0.5104982764,11.76608489,2.426979718,5.890230552,1899.390067,1629,0.5952334902,0.5104982764,0.4764978918,0.544498661
real_20240707,real,2024-07-07,adapted,1630,0.5108116578,11.76416037,-0.600119822,0.3601438008,1899.750211,1630,0.5953463525,0.5108116578,0.4768112732,0.5448120424
real_20240707,real,2024-07-07,adapted,1631,0.5111250392,11.7621665,-1.184229349,1.402399151,1901.15261,1631,0.5957858383,0.5111250392,0.4771246546,0.5451254238
real_20240707,real,2024-07-07,adapted,1632,0.5114384206,11.76036142,-0.5051735611,0.2552003268,1901.40781,1632,0.5958658133,0.5114384206,0.477438036,0.5454388052
real_20240707,real,2024-07-07,adapted,1633,0.5117518019,11.75738686,-0.1079658004,0.01165661405,1901.419467,1633,0.5958694663,0.5117518019,0.4777514173,0.5457521865
real_20240707,real,2024-07-07,adapted,1634,0.5120651833,11.75468576,-0.9829780836,0.9662459128,1902.385713,1634,0.5961722698,0.5120651833,0.4780647987,0.5460655679
real_20240707,real,2024-07-07,adapted,1635,0.5123785647,11.75280709,-0.4040017519,0.1632174156,1902.54893,1635,0.5962234191,0.5123785647,0.4783781801,0.5463789493
real_20240707,real,2024-07-07,adapted,1636,0.5126919461,11.74777785,0.09770931241,0.009547109732,1902.558477,1636,0.596226411,0.5126919461,0.4786915615,0.5466923307
real_20240707,real,2024-07-07,adapted,1637,0.5130053275,11.74608203,-1.191532045,1.419748615,1903.978226,1637,0.5966713338,0.5130053275,0.4790049429,0.5470057121
real_20240707,real,2024-07-07,adapted,1638,0.5133187089,11.74326087,-0.6191640567,0.3833641291,1904.36159,1638,0.596791473,0.5133187089,0.4793183243,0.5473190935
real_20240707,real,2024-07-07,adapted,1639,0.5136320903,11.73908642,0.7900448223,0.6241708213,1904.985761,1639,0.5969870765,0.5136320903,0.4796317057,0.5476324749
real_20240707,real,2024-07-07,adapted,1640,0.5139454716,11.73748657,-0.6161863384,0.3796856036,1905.365447,1640,0.5971060629,0.5139454716,0.479945087,0.5479458562
real_20240707,real,2024-07-07,adapted,1641,0.514258853,11.73296073,-1.093792546,1.196382134,1906.561829,1641,0.5974809868,0.514258853,0.4802584684,0.5482592376
real_20240707,real,2024-07-07,adapted,1642,0.5145722344,11.72868526,-0.4873205789,0.2374813466,1906.79931,1642,0.597555409,0.5145722344,0.4805718498,0.548572619
real_20240707,real,2024-07-07,adapted,1643,0.5148856158,11.72740953,0.8597506962,0.7391712596,1907.538481,1643,0.5977870515,0.5148856158,0.4808852312,0.5488860004
real_20240707,real,2024-07-07,adapted,1644,0.5151989972,11.72133765,-0.4454911687,0.1984623814,1907.736944,1644,0.5978492459,0.5151989972,0.4811986126,0.5491993818
real_20240707,real,2024-07-07,adapted,1645,0.5155123786,11.71398475,-0.5139526481,0.2641473244,1908.001091,1645,0.5979320248,0.5155123786,0.481511994,0.5495127632
real_20240707,real,2024-07-07,adapted,1646,0.5158257599,11.71358723,1.891751945,3.578725422,1911.579816,1646,0.5990535307,0.5158257599,0.4818253753,0.5498261446
real_20240707,real,2024-07-07,adapted,1647,0.5161391413,11.71198986,-0.9383145738,0.8804342395,1912.460251,1647,0.5993294424,0.5161391413,0.4821387567,0.5501395259
real_20240707,real,2024-07-07,adapted,1648,0.5164525227,11.71125332,-0.557640051,0.3109624264,1912.771213,1648,0.5994268922,0.5164525227,0.4824521381,0.5504529073
real_20240707,real,2024-07-07,adapted,1649,0.5167659041,11.70346117,-0.9103910286,0.828811825,1913.600025,1649,0.5996866264,0.5167659041,0.4827655195,0.5507662887
real_20240707,real,2024-07-07,adapted,1650,0.5170792855,11.70305319,-0.7463396393,0.5570228572,1914.157048,1650,0.599861187,0.5170792855,0.4830789009,0.5510796701
real_20240707,real,2024-07-07,adapted,1651,0.5173926669,11.69610593,0.005630560962,3.170321675e-05,1914.15708,1651,0.599861197,0.5173926669,0.4833922823,0.5513930515
real_20240707,real,2024-07-07,adapted,1652,0.5177060483,11.69426754,0.4711602032,0.2219919371,1914.379071,1652,0.5999307651,0.5177060483,0.4837056637,0.5517064329
real_20240707,real,2024-07-07,adapted,1653,0.5180194296,11.69240154,-0.4823648262,0.2326758256,1914.611747,1653,0.6000036814,0.5180194296,0.484019045,0.5520198142
real_20240707,real,2024-07-07,adapted,1654,0.518332811,11.68987727,-0.1926548755,0.03711590105,1914.648863,1654,0.6000153128,0.518332811,0.4843324264,0.5523331956
real_20240707,real,2024-07-07,adapted,1655,0.5186461924,11.68730405,1.648220728,2.716631569,1917.365495,1655,0.6008666546,0.5186461924,0.4846458078,0.552646577
real_20240707,real,2024-07-07,adapted,1656,0.5189595738,11.68243869,0.9899533138,0.9800075635,1918.345502,1656,0.6011737707,0.5189595738,0.4849591892,0.5529599584
real_20240707,real,2024-07-07,adapted,1657,0.5192729552,11.67805156,0.7336000951,0.5381690996,1918.883671,1657,0.6013424229,0.5192729552,0.4852725706,0.5532733398
real_20240707,real,2024-07-07,adapted,1658,0.5195863366,11.67503138,0.01552797805,0.0002411181023,1918.883913,1658,0.6013424984,0.5195863366,0.485585952,0.5535867212
real_20240707,real,2024-07-07,adapted,1659,0.519899718,11.6685706,0.9915309477,0.9831336202,1919.867046,1659,0.6016505942,0.519899718,0.4858993334,0.5539001026
real_20240707,real,2024-07-07,adapted,1660,0.5202130993,11.66540502,-0.1528766322,0.02337126468,1919.890417,1660,0.6016579183,0.5202130993,0.4862127147,0.5542134839
real_20240707,real,2024-07-07,adapted,1661,0.5205264807,11.66310096,-3.250233458,10.56401753,1930.454435,1661,0.6049684848,0.5205264807,0.4865260961,0.5545268653
real_20240707,real,2024-07-07,adapted,1662,0.5208398621,11.65891552,-1.016785149,1.033852039,1931.488287,1662,0.6052924748,0.5208398621,0.4868394775,0.5548402467
real_20240707,real,2024-07-07,adapted,1663,0.5211532435,11.65384624,2.12761755,4.526756439,1936.015043,1663,0.606711076,0.5211532435,0.4871528589,0.5551536281
real_20240707,real,2024-07-07,adapted,1664,0.5214666249,11.64979989,-0.1642524095,0.02697885404,1936.042022,1664,0.6067195306,0.5214666249,0.4874662403,0.5554670095
real_20240707,real,2024-07-07,adapted,1665,0.5217800063,11.64349084,0.5417917181,0.2935382658,1936.335561,1665,0.6068115201,0.5217800063,0.4877796217,0.5557803909
real_20240707,real,2024-07-07,adapted,1666,0.5220933877,11.63710522,-0.1230176135,0.01513333324,1936.350694,1666,0.6068162626,0.5220933877,0.4880930031,0.5560937723
real_20240707,real,2024-07-07,adapted,1667,0.522406769,11.63531392,1.745480795,3.046703207,1939.397397,1667,0.6077710427,0.522406769,0.4884063844,0.5564071536
real_20240707,real,2024-07-07,adapted,1668,0.5227201504,11.63190156,0.3562509929,0.1269147699,1939.524312,1668,0.6078108154,0.5227201504,0.4887197658,0.556720535
real_20240707,real,2024-07-07,adapted,1669,0.5230335318,11.62983332,-0.1873810403,0.03511165427,1939.559424,1669,0.6078218187,0.5230335318,0.4890331472,0.5570339164
real_20240707,real,2024-07-07,adapted,1670,0.5233469132,11.62711528,-1.223892448,1.497912725,1941.057336,1670,0.6082912367,0.5233469132,0.4893465286,0.5573472978
real_20240707,real,2024-07-07,adapted,1671,0.5236602946,11.62015631,-0.8175415813,0.6683742372,1941.72571,1671,0.6085006927,0.5236602946,0.48965991,0.5576606792
real_20240707,real,2024-07-07,adapted,1672,0.523973676,11.61891751,-0.1580220821,0.02497097844,1941.750681,1672,0.6085085182,0.523973676,0.4899732914,0.5579740606
real_20240707,real,2024-07-07,adapted,1673,0.5242870573,11.61480888,1.321851982,1.747292662,1943.497974,1673,0.6090560872,0.5242870573,0.4902866727,0.5582874419
real_20240707,real,2024-07-07,adapted,1674,0.5246004387,11.61321777,0.8699028309,0.7567309351,1944.254705,1674,0.6092932325,0.5246004387,0.4906000541,0.5586008233
real_20240707,real,2024-07-07,adapted,1675,0.5249138201,11.60737678,0.2524484744,0.06373023222,1944.318435,1675,0.6093132044,0.5249138201,0.4909134355,0.5589142047
real_20240707,real,2024-07-07,adapted,1676,0.5252272015,11.603824,0.374356627,0.1401428842,1944.458578,1676,0.6093571226,0.5252272015,0.4912268169,0.5592275861
real_20240707,real,2024-07-07,adapted,1677,0.5255405829,11.60271843,0.2102998756,0.04422603769,1944.502804,1677,0.6093709822,0.5255405829,0.4915401983,0.5595409675
real_20240707,real,2024-07-07,adapted,1678,0.5258539643,11.59073219,0.802188218,0.6435059372,1945.14631,1678,0.609572645,0.5258539643,0.4918535797,0.5598543489
real_20240707,real,2024-07-07,adapted,1679,0.5261673457,11.58774505,-0.8754956066,0.7664925572,1945.912803,1679,0.6098128495,0.5261673457,0.4921669611,0.5601677303
real_20240707,real,2024-07-07,adapted,1680,0.526480727,11.58607709,0.4971845481,0.2471924749,1946.159995,1680,0.609890315,0.526480727,0.4924803424,0.5604811116
real_20240707,real,2024-07-07,adapted,1681,0.5267941084,11.5839259,0.493111511,0.2431589622,1946.403154,1681,0.6099665165,0.5267941084,0.4927937238,0.560794493
real_20240707,real,2024-07-07,adapted,1682,0.5271074898,11.58017093,1.243239198,1.545643702,1947.948798,1682,0.6104508925,0.5271074898,0.4931071052,0.5611078744
real_20240707,real,2024-07-07,adapted,1683,0.5274208712,11.5776729,1.312269938,1.72205239,1949.67085,1683,0.6109905516,0.5274208712,0.4934204866,0.5614212558
real_20240707,real,2024-07-07,adapted,1684,0.5277342526,11.57198917,-0.4534968531,0.2056593957,1949.87651,1684,0.6110550015,0.5277342526,0.493733868,0.5617346372
real_20240707,real,2024-07-07,adapted,1685,0.528047634,11.56530746,0.3244277237,0.1052533479,1949.981763,1685,0.6110879859,0.528047634,0.4940472494,0.5620480186
real_20240707,real,2024-07-07,adapted,1686,0.5283610154,11.56381657,-0.2097240561,0.04398417971,1950.025747,1686,0.6111017697,0.5283610154,0.4943606308,0.5623614
real_20240707,real,2024-07-07,adapted,1687,0.5286743967,11.56020111,0.09816293132,0.009635961085,1950.035383,1687,0.6111047894,0.5286743967,0.4946740121,0.5626747813
real_20240707,real,2024-07-07,adapted,1688,0.5289877781,11.55715991,1.240451273,1.538719361,1951.574102,1688,0.6115869955,0.5289877781,0.4949873935,0.5629881627
real_20240707,real,2024-07-07,adapted,1689,0.5293011595,11.55465311,0.410592147,0.1685859112,1951.742688,1689,0.6116398271,0.5293011595,0.4953007749,0.5633015441
real_20240707,real,2024-07-07,adapted,1690,0.5296145409,11.55016759,-0.4207010915,0.1769894084,1951.919678,1690,0.6116952923,0.5296145409,0.4956141563,0.5636149255
real_20240707,real,2024-07-07,adapted,1691,0.5299279223,11.5494047,-1.284958515,1.651118385,1953.570796,1691,0.6122127221,0.5299279223,0.4959275377,0.5639283069
real_20240707,real,2024-07-07,adapted,1692,0.5302413037,11.54376826,1.068940702,1.142634225,1954.71343,1692,0.6125708024,0.5302413037,0.4962409191,0.5642416883
real_20240707,real,2024-07-07,adapted,1693,0.5305546851,11.54051159,-0.3783046481,0.1431144067,1954.856545,1693,0.6126156518,0.5305546851,0.4965543005,0.5645550697
real_20240707,real,2024-07-07,adapted,1694,0.5308680664,11.53736682,-0.2945448404,0.08675666299,1954.943301,1694,0.6126428397,0.5308680664,0.4968676818,0.564868451
real_20240707,real,2024-07-07,adapted,1695,0.5311814478,11.53640604,-0.5030105765,0.25301964,1955.196321,1695,0.6127221313,0.5311814478,0.4971810632,0.5651818324
real_20240707,real,2024-07-07,adapted,1696,0.5314948292,11.53344747,0.3906814898,0.1526320265,1955.348953,1696,0.6127699634,0.5314948292,0.4974944446,0.5654952138
real_20240707,real,2024-07-07,adapted,1697,0.5318082106,11.52669681,1.050933434,1.104461082,1956.453414,1697,0.6131160809,0.5318082106,0.497807826,0.5658085952
real_20240707,real,2024-07-07,adapted,1698,0.532121592,11.52178611,0.2890051068,0.08352395175,1956.536938,1698,0.6131422558,0.532121592,0.4981212074,0.5661219766
real_20240707,real,2024-07-07,adapted,1699,0.5324349734,11.51763507,-1.312778707,1.723387933,1958.260326,1699,0.6136823335,0.5324349734,0.4984345888,0.566435358
real_20240707,real,2024-07-07,adapted,1700,0.5327483547,11.51486741,-1.565608355,2.45112952,1960.711456,1700,0.6144504718,0.5327483547,0.4987479701,0.5667487393
real_20240707,real,2024-07-07,adapted,1701,0.5330617361,11.50789112,-1.193803453,1.425166684,1962.136622,1701,0.6148970925,0.5330617361,0.4990613515,0.5670621207
real_20240707,real,2024-07-07,adapted,1702,0.5333751175,11.50254677,-1.51730643,2.302218802,1964.438841,1702,0.6156185651,0.5333751175,0.4993747329,0.5673755021
real_20240707,real,2024-07-07,adapted,1703,0.5336884989,11.50097574,0.2532490716,0.06413509225,1964.502976,1703,0.6156386638,0.5336884989,0.4996881143,0.5676888835
real_20240707,real,2024-07-07,adapted,1704,0.5340018803,11.49632767,0.8800275835,0.7744485477,1965.277425,1704,0.6158813616,0.5340018803,0.5000014957,0.5680022649
real_20240707,real,2024-07-07,adapted,1705,0.5343152617,11.49565813,1.481929703,2.196115646,1967.47354,1705,0.6165695833,0.5343152617,0.5003148771,0.5683156463
real_20240707,real,2024-07-07,adapted,1706,0.5346286431,11.49342976,1.447618605,2.095599625,1969.56914,1706,0.6172263052,0.5346286431,0.5006282585,0.5686290277
real_20240707,real,2024-07-07,adapted,1707,0.5349420244,11.48998265,0.3866030106,0.1494618878,1969.718602,1707,0.6172731438,0.5349420244,0.5009416398,0.568942409
real_20240707,real,2024-07-07,adapted,1708,0.5352554058,11.48756905,-0.5989766609,0.3587730403,1970.077375,1708,0.6173855766,0.5352554058,0.5012550212,0.5692557904
real_20240707,real,2024-07-07,adapted,1709,0.5355687872,11.48174236,-0.809403982,0.6551348061,1970.73251,1709,0.6175908837,0.5355687872,0.5015684026,0.5695691718
real_20240707,real,2024-07-07,adapted,1710,0.5358821686,11.47914695,-0.3072033262,0.09437388364,1970.826884,1710,0.6176204587,0.5358821686,0.501881784,0.5698825532
real_20240707,real,2024-07-07,adapted,1711,0.53619555,11.47768635,-0.6063365113,0.367643965,1971.194528,1711,0.6177356715,0.53619555,0.5021951654,0.5701959346
real_20240707,real,2024-07-07,adapted,1712,0.5365089314,11.47412101,-1.445733981,2.090146743,1973.284674,1712,0.6183906845,0.5365089314,0.5025085468,0.570509316
real_20240707,real,2024-07-07,adapted,1713,0.5368223128,11.47144895,0.6851189374,0.4693879584,1973.754062,1713,0.618537782,0.5368223128,0.5028219282,0.5708226974
real_20240707,real,2024-07-07,adapted,1714,0.5371356941,11.46978715,0.6746486184,0.4551507583,1974.209213,1714,0.6186804178,0.5371356941,0.5031353095,0.5711360787
real_20240707,real,2024-07-07,adapted,1715,0.5374490755,11.46857225,-0.77633923,0.6027026,1974.811916,1715,0.6188692935,0.5374490755,0.5034486909,0.5714494601
real_20240707,real,2024-07-07,adapted,1716,0.5377624569,11.46405484,0.971085867,0.943007761,1975.754923,1716,0.6191648146,0.5377624569,0.5037620723,0.5717628415
real_20240707,real,2024-07-07,adapted,1717,0.5380758383,11.45969203,-0.06598463582,0.004353972164,1975.759277,1717,0.6191661791,0.5380758383,0.5040754537,0.5720762229
real_20240707,real,2024-07-07,adapted,1718,0.5383892197,11.45575243,-0.4925003874,0.2425566316,1976.001834,1718,0.6192421918,0.5383892197,0.5043888351,0.5723896043
real_20240707,real,2024-07-07,adapted,1719,0.5387026011,11.4526091,0.2550746197,0.0650630616,1976.066897,1719,0.6192625814,0.5387026011,0.5047022165,0.5727029857
real_20240707,real,2024-07-07,adapted,1720,0.5390159825,11.45140701,1.165141227,1.357554079,1977.424451,1720,0.6196880135,0.5390159825,0.5050155979,0.5730163671
real_20240707,real,2024-07-07,adapted,1721,0.5393293638,11.44774438,-1.039846776,1.081281318,1978.505732,1721,0.620026867,0.5393293638,0.5053289792,0.5733297484
real_20240707,real,2024-07-07,adapted,1722,0.5396427452,11.44381273,-0.5040020384,0.2540180547,1978.759751,1722,0.6201064715,0.5396427452,0.5056423606,0.5736431298
real_20240707,real,2024-07-07,adapted,1723,0.5399561266,11.44062809,-0.349748865,0.1223242686,1978.882075,1723,0.6201448056,0.5399561266,0.505955742,0.5739565112
real_20240707,real,2024-07-07,adapted,1724,0.540269508,11.43810321,-1.349891518,1.822207109,1980.704282,1724,0.6207158514,0.540269508,0.5062691234,0.5742698926
real_20240707,real,2024-07-07,adapted,1725,0.5405828894,11.43532251,-0.7682124958,0.5901504386,1981.294432,1725,0.6209007936,0.5405828894,0.5065825048,0.574583274
real_20240707,real,2024-07-07,adapted,1726,0.5408962708,11.43335292,0.579207667,0.3354815216,1981.629914,1726,0.6210059273,0.5408962708,0.5068958862,0.5748966554
real_20240707,real,2024-07-07,adapted,1727,0.5412096521,11.43212967,-0.1098158756,0.01205952653,1981.641973,1727,0.6210097065,0.5412096521,0.5072092675,0.5752100367
real_20240707,real,2024-07-07,adapted,1728,0.5415230335,11.43174733,-0.4101152818,0.1681945443,1981.810168,1728,0.6210624155,0.5415230335,0.5075226489,0.5755234181
real_20240707,real,2024-07-07,adapted,1729,0.5418364149,11.42552638,1.599329057,2.557853434,1984.368021,1729,0.6218639992,0.5418364149,0.5078360303,0.5758367995
real_20240707,real,2024-07-07,adapted,1730,0.5421497963,11.42209152,-0.1111607257,0.01235670695,1984.380378,1730,0.6218678715,0.5421497963,0.5081494117,0.5761501809
real_20240707,real,2024-07-07,adapted,1731,0.5424631777,11.42022842,0.9214287615,0.8490309626,1985.229409,1731,0.622133942,0.5424631777,0.5084627931,0.5764635623
real_20240707,real,2024-07-07,adapted,1732,0.5427765591,11.41779632,-1.784775661,3.185424161,1988.414833,1732,0.6231321947,0.5427765591,0.5087761745,0.5767769437
real_20240707,real,2024-07-07,adapted,1733,0.5430899405,11.4133369,0.4317656843,0.1864216062,1988.601255,1733,0.6231906157,0.5430899405,0.5090895559,0.5770903251
real_20240707,real,2024-07-07,adapted,1734,0.5434033218,11.40704065,-0.8052663473,0.6484538902,1989.249709,1734,0.6233938291,0.5434033218,0.5094029372,0.5774037064
real_20240707,real,2024-07-07,adapted,1735,0.5437167032,11.40508703,-0.01656919571,0.0002745382464,1989.249983,1735,0.6233939152,0.5437167032,0.5097163186,0.5777170878
real_20240707,real,2024-07-07,adapted,1736,0.5440300846,11.39976065,0.1265147263,0.01600597596,1989.265989,1736,0.6233989311,0.5440300846,0.5100297,0.5780304692
real_20240707,real,2024-07-07,adapted,1737,0.544343466,11.39837926,-1.080572365,1.167636637,1990.433626,1737,0.6237648467,0.544343466,0.5103430814,0.5783438506
real_20240707,real,2024-07-07,adapted,1738,0.5446568474,11.39433772,0.606635519,0.3680066529,1990.801633,1738,0.6238801732,0.5446568474,0.5106564628,0.578657232
real_20240707,real,2024-07-07,adapted,1739,0.5449702288,11.3908369,0.9100027039,0.828104921,1991.629737,1739,0.6241396858,0.5449702288,0.5109698442,0.5789706134
real_20240707,real,2024-07-07,adapted,1740,0.5452836102,11.38607479,-0.1312266525,0.01722043434,1991.646958,1740,0.6241450824,0.5452836102,0.5112832256,0.5792839948
real_20240707,real,2024-07-07,adapted,1741,0.5455969915,11.38322263,-0.1056565581,0.01116330828,1991.658121,1741,0.6241485808,0.5455969915,0.5115966069,0.5795973761
real_20240707,real,2024-07-07,adapted,1742,0.5459103729,11.37934174,0.7043006615,0.4960394218,1992.154161,1742,0.6243040303,0.5459103729,0.5119099883,0.5799107575
real_20240707,real,2024-07-07,adapted,1743,0.5462237543,11.37167173,-0.4511234883,0.2035124017,1992.357673,1743,0.6243678073,0.5462237543,0.5122233697,0.5802241389
real_20240707,real,2024-07-07,adapted,1744,0.5465371357,11.37108416,1.065692293,1.135700064,1993.493373,1744,0.6247237145,0.5465371357,0.5125367511,0.5805375203
real_20240707,real,2024-07-07,adapted,1745,0.5468505171,11.36798966,0.3962718739,0.1570313981,1993.650404,1745,0.6247729253,0.5468505171,0.5128501325,0.5808509017
real_20240707,real,2024-07-07,adapted,1746,0.5471638985,11.36581302,1.793082611,3.21514525,1996.86555,1746,0.6257804919,0.5471638985,0.5131635139,0.5811642831
real_20240707,real,2024-07-07,adapted,1747,0.5474772798,11.36169516,0.9653701475,0.9319395217,1997.797489,1747,0.6260725444,0.5474772798,0.5134768952,0.5814776644
real_20240707,real,2024-07-07,adapted,1748,0.5477906612,11.35840303,-0.5118379164,0.2619780527,1998.059467,1748,0.6261546435,0.5477906612,0.5137902766,0.5817910458
real_20240707,real,2024-07-07,adapted,1749,0.5481040426,11.35691707,-1.306986455,1.708213593,1999.767681,1749,0.6266899658,0.5481040426,0.514103658,0.5821044272
real_20240707,real,2024-07-07,adapted,1750,0.548417424,11.35322994,-1.746855371,3.051503685,2002.819185,1750,0.6276462503,0.548417424,0.5144170394,0.5824178086
real_20240707,real,2024-07-07,adapted,1751,0.5487308054,11.34975323,0.07960264069,0.006336580405,2002.825521,1751,0.627648236,0.5487308054,0.5147304208,0.58273119
real_20240707,real,2024-07-07,adapted,1752,0.5490441868,11.346012,0.5459217557,0.2980305634,2003.123552,1752,0.6277416333,0.5490441868,0.5150438022,0.5830445714
real_20240707,real,2024-07-07,adapted,1753,0.5493575682,11.34331773,0.4424549828,0.1957664118,2003.319318,1753,0.6278029828,0.5493575682,0.5153571836,0.5833579528
real_20240707,real,2024-07-07,adapted,1754,0.5496709495,11.33716892,0.9894495417,0.9790103955,2004.298329,1754,0.6281097864,0.5496709495,0.5156705649,0.5836713341
real_20240707,real,2024-07-07,adapted,1755,0.5499843309,11.33334764,-0.6639668923,0.440852034,2004.739181,1755,0.6282479413,0.5499843309,0.5159839463,0.5839847155
real_20240707,real,2024-07-07,adapted,1756,0.5502977123,11.33228778,0.1977763203,0.03911547289,2004.778296,1756,0.6282601993,0.5502977123,0.5162973277,0.5842980969
real_20240707,real,2024-07-07,adapted,1757,0.5506110937,11.32957344,0.7232995797,0.5231622819,2005.301458,1757,0.6284241486,0.5506110937,0.5166107091,0.5846114783
real_20240707,real,2024-07-07,adapted,1758,0.5509244751,11.32711673,1.046664122,1.095505785,2006.396964,1758,0.6287674598,0.5509244751,0.5169240905,0.5849248597
real_20240707,real,2024-07-07,adapted,1759,0.5512378565,11.32305732,0.6651714552,0.4424530649,2006.839417,1759,0.6289061163,0.5512378565,0.5172374719,0.5852382411
real_20240707,real,2024-07-07,adapted,1760,0.5515512379,11.3203225,-0.5457106179,0.2978000785,2007.137217,1760,0.6289994413,0.5515512379,0.5175508533,0.5855516225
real_20240707,real,2024-07-07,adapted,1761,0.5518646192,11.31897451,-0.3313195033,0.1097726133,2007.24699,1761,0.629033842,0.5518646192,0.5178642346,0.5858650038
real_20240707,real,2024-07-07,adapted,1762,0.5521780006,11.30995495,-0.6895470604,0.4754751485,2007.722465,1762,0.6291828471,0.5521780006,0.518177616,0.5861783852
real_20240707,real,2024-07-07,adapted,1763,0.552491382,11.30790716,0.9077086356,0.8239349672,2008.5464,1763,0.629441053,0.552491382,0.5184909974,0.5864917666
real_20240707,real,2024-07-07,adapted,1764,0.5528047634,11.30537344,-1.810985451,3.279668302,2011.826068,1764,0.6304688399,0.5528047634,0.5188043788,0.586805148
real_20240707,real,2024-07-07,adapted,1765,0.5531181448,11.30291702,-0.3253236587,0.1058354829,2011.931904,1765,0.6305020068,0.5531181448,0.5191177602,0.5871185294
real_20240707,real,2024-07-07,adapted,1766,0.5534315262,11.29856394,-0.3051993799,0.09314666152,2012.02505,1766,0.6305311972,0.5534315262,0.5194311416,0.5874319108
real_20240707,real,2024-07-07,adapted,1767,0.5537449076,11.28932486,0.4218683809,0.1779729308,2012.203023,1767,0.6305869707,0.5537449076,0.519744523,0.5877452922
real_20240707,real,2024-07-07,adapted,1768,0.5540582889,11.28728431,0.6809662875,0.4637150848,2012.666738,1768,0.6307322903,0.5540582889,0.5200579043,0.5880586735
real_20240707,real,2024-07-07,adapted,1769,0.5543716703,11.28597727,0.0643117225,0.004135997651,2012.670874,1769,0.6307335865,0.5543716703,0.5203712857,0.5883720549
real_20240707,real,2024-07-07,adapted,1770,0.5546850517,11.28411706,1.26526078,1.60088484,2014.271759,1770,0.631235274,0.5546850517,0.5206846671,0.5886854363
real_20240707,real,2024-07-07,adapted,1771,0.5549984331,11.28188954,-0.381321995,0.1454064638,2014.417166,1771,0.6312808417,0.5549984331,0.5209980485,0.5889988177
real_20240707,real,2024-07-07,adapted,1772,0.5553118145,11.27568331,-1.66756544,2.780774497,2017.19794,1772,0.6321522846,0.5553118145,0.5213114299,0.5893121991
real_20240707,real,2024-07-07,adapted,1773,0.5556251959,11.27329606,0.8977947757,0.8060354593,2018.003976,1773,0.6324048811,0.5556251959,0.5216248113,0.5896255805
real_20240707,real,2024-07-07,adapted,1774,0.5559385772,11.26996925,-1.934561477,3.742528107,2021.746504,1774,0.6335777198,0.5559385772,0.5219381926,0.5899389618
real_20240707,real,2024-07-07,adapted,1775,0.5562519586,11.26930059,0.7304911791,0.5336173628,2022.280121,1775,0.6337449455,0.5562519586,0.522251574,0.5902523432
real_20240707,real,2024-07-07,adapted,1776,0.55656534,11.26492693,0.2525640888,0.06378861896,2022.34391,1776,0.6337649357,0.55656534,0.5225649554,0.5905657246
real_20240707,real,2024-07-07,adapted,1777,0.5568787214,11.26294281,-0.579414462,0.3357211188,2022.679631,1777,0.6338701444,0.5568787214,0.5228783368,0.590879106
real_20240707,real,2024-07-07,adapted,1778,0.5571921028,11.26041464,0.3263633058,0.1065130074,2022.786144,1778,0.6339035236,0.5571921028,0.5231917182,0.5911924874
real_20240707,real,2024-07-07,adapted,1779,0.5575054842,11.25208479,-0.4372269679,0.1911674214,2022.977311,1779,0.6339634319,0.5575054842,0.5235050996,0.5915058688
real_20240707,real,2024-07-07,adapted,1780,0.5578188656,11.24909306,0.3594414747,0.1291981738,2023.10651,1780,0.6340039202,0.5578188656,0.523818481,0.5918192502
real_20240707,real,2024-07-07,adapted,1781,0.5581322469,11.24304534,-0.1379688879,0.01903541402,2023.125545,1781,0.6340098856,0.5581322469,0.5241318623,0.5921326315
real_20240707,real,2024-07-07,adapted,1782,0.5584456283,11.24073385,0.4549125881,0.2069454628,2023.33249,1782,0.6340747384,0.5584456283,0.5244452437,0.5924460129
real_20240707,real,2024-07-07,adapted,1783,0.5587590097,11.2373491,0.271863917,0.07390998935,2023.4064,1783,0.6340979005,0.5587590097,0.5247586251,0.5927593943
real_20240707,real,2024-07-07,adapted,1784,0.5590723911,11.23265848,-0.1266881672,0.0160498917,2023.42245,1784,0.6341029302,0.5590723911,0.5250720065,0.5930727757
real_20240707,real,2024-07-07,adapted,1785,0.5593857725,11.23106736,-2.095708732,4.391995091,2027.814445,1785,0.6354792997,0.5593857725,0.5253853879,0.5933861571
real_20240707,real,2024-07-07,adapted,1786,0.5596991539,11.23029532,0.8460085049,0.7157303903,2028.530176,1786,0.6357035963,0.5596991539,0.5256987693,0.5936995385
real_20240707,real,2024-07-07,adapted,1787,0.5600125353,11.226199,0.1254115947,0.01572806808,2028.545904,1787,0.6357085252,0.5600125353,0.5260121507,0.5940129199
real_20240707,real,2024-07-07,adapted,1788,0.5603259166,11.22154432,1.449099484,2.099889314,2030.645793,1788,0.6363665914,0.5603259166,0.526325532,0.5943263012
real_20240707,real,2024-07-07,adapted,1789,0.560639298,11.21447287,0.195792285,0.03833461887,2030.684128,1789,0.6363786047,0.560639298,0.5266389134,0.5946396826
real_20240707,real,2024-07-07,adapted,1790,0.5609526794,11.21065695,-1.248247947,1.558122937,2032.242251,1790,0.6368668915,0.5609526794,0.5269522948,0.594953064
real_20240707,real,2024-07-07,adapted,1791,0.5612660608,11.20667006,-1.281350844,1.641859987,2033.884111,1791,0.6373814198,0.5612660608,0.5272656762,0.5952664454
real_20240707,real,2024-07-07,adapted,1792,0.5615794422,11.20179411,0.2400171427,0.05760822879,2033.941719,1792,0.6373994732,0.5615794422,0.5275790576,0.5955798268
real_20240707,real,2024-07-07,adapted,1793,0.5618928236,11.20129778,-1.276016472,1.628218036,2035.569937,1793,0.6379097264,0.5618928236,0.527892439,0.5958932082
real_20240707,real,2024-07-07,adapted,1794,0.562206205,11.19750918,0.8218200555,0.6753882037,2036.245325,1794,0.6381213805,0.562206205,0.5282058204,0.5962065896
real_20240707,real,2024-07-07,adapted,1795,0.5625195863,11.19419475,0.4797270351,0.2301380282,2036.475463,1795,0.6381935015,0.5625195863,0.5285192017,0.5965199709
real_20240707,real,2024-07-07,adapted,1796,0.5628329677,11.19093669,0.5472010526,0.299428992,2036.774892,1796,0.6382873369,0.5628329677,0.5288325831,0.5968333523
real_20240707,real,2024-07-07,adapted,1797,0.5631463491,11.19033704,-0.4199036497,0.1763190751,2036.951211,1797,0.6383425921,0.5631463491,0.5291459645,0.5971467337
real_20240707,real,2024-07-07,adapted,1798,0.5634597305,11.18928775,0.9479084628,0.8985304539,2037.849742,1798,0.6386241748,0.5634597305,0.5294593459,0.5974601151
real_20240707,real,2024-07-07,adapted,1799,0.5637731119,11.18318457,-0.4013067367,0.1610470969,2038.010789,1799,0.6386746439,0.5637731119,0.5297727273,0.5977734965
real_20240707,real,2024-07-07,adapted,1800,0.5640864933,11.18166673,0.1253078219,0.01570205024,2038.026491,1800,0.6386795647,0.5640864933,0.5300861087,0.5980868779
real_20240707,real,2024-07-07,adapted,1801,0.5643998746,11.17886343,0.622634233,0.3876733881,2038.414164,1801,0.6388010543,0.5643998746,0.53039949,0.5984002592
real_20240707,real,2024-07-07,adapted,1802,0.564713256,11.17827524,1.798391454,3.234211822,2041.648376,1802,0.6398145961,0.564713256,0.5307128714,0.5987136406
real_20240707,real,2024-07-07,adapted,1803,0.5650266374,11.17662051,-0.8287076128,0.6867563076,2042.335132,1803,0.6400298127,0.5650266374,0.5310262528,0.599027022
real_20240707,real,2024-07-07,adapted,1804,0.5653400188,11.17158127,0.06543272828,0.00428144193,2042.339414,1804,0.6400311544,0.5653400188,0.5313396342,0.5993404034
real_20240707,real,2024-07-07,adapted,1805,0.5656534002,11.16910638,-1.151342075,1.325588573,2043.665002,1805,0.6404465692,0.5656534002,0.5316530156,0.5996537848
real_20240707,real,2024-07-07,adapted,1806,0.5659667816,11.16658059,-0.8872455168,0.7872046071,2044.452207,1806,0.6406932645,0.5659667816,0.531966397,0.5999671662
real_20240707,real,2024-07-07,adapted,1807,0.566280163,11.16060817,-0.6974766583,0.4864736889,2044.938681,1807,0.6408457163,0.566280163,0.5322797784,0.6002805476
real_20240707,real,2024-07-07,adapted,1808,0.5665935443,11.15449641,1.390831565,1.934412441,2046.873093,1808,0.6414519251,0.5665935443,0.5325931597,0.6005939289
real_20240707,real,2024-07-07,adapted,1809,0.5669069257,11.15195169,0.3452562653,0.1192018887,2046.992295,1809,0.6414892808,0.5669069257,0.5329065411,0.6009073103
real_20240707,real,2024-07-07,adapted,1810,0.5672203071,11.14986613,-0.6740661767,0.4543652106,2047.44666,1810,0.6416316704,0.5672203071,0.5332199225,0.6012206917
real_20240707,real,2024-07-07,adapted,1811,0.5675336885,11.14800526,0.6987098178,0.4881954095,2047.934856,1811,0.6417846617,0.5675336885,0.5335333039,0.6015340731
real_20240707,real,2024-07-07,adapted,1812,0.5678470699,11.14571645,-1.026155875,1.05299588,2048.987851,1812,0.642114651,0.5678470699,0.5338466853,0.6018474545
real_20240707,real,2024-07-07,adapted,1813,0.5681604513,11.1410337,-1.046033395,1.094185865,2050.082037,1813,0.6424575485,0.5681604513,0.5341600667,0.6021608359
real_20240707,real,2024-07-07,adapted,1814,0.5684738327,11.13756275,-2.376593486,5.6481966,2055.730234,1814,0.6442275882,0.5684738327,0.5344734481,0.6024742173
real_20240707,real,2024-07-07,adapted,1815,0.568787214,11.13479767,0.02665455734,0.0007104654267,2055.730944,1815,0.6442278109,0.568787214,0.5347868294,0.6027875986
real_20240707,real,2024-07-07,adapted,1816,0.5691005954,11.13246267,0.3748620297,0.1405215413,2055.871466,1816,0.6442718477,0.5691005954,0.5351002108,0.60310098
real_20240707,real,2024-07-07,adapted,1817,0.5694139768,11.13022205,0.3088857034,0.09541037776,2055.966876,1817,0.6443017475,0.5694139768,0.5354135922,0.6034143614
real_20240707,real,2024-07-07,adapted,1818,0.5697273582,11.12919132,-1.201624969,1.443902566,2057.410779,1818,0.6447542397,0.5697273582,0.5357269736,0.6037277428
real_20240707,real,2024-07-07,adapted,1819,0.5700407396,11.12646926,0.3714223952,0.1379545957,2057.548734,1819,0.6447974721,0.5700407396,0.536040355,0.6040411242
real_20240707,real,2024-07-07,adapted,1820,0.570354121,11.12114186,0.2955976322,0.08737796013,2057.636111,1820,0.6448248547,0.570354121,0.5363537364,0.6043545056
real_20240707,real,2024-07-07,adapted,1821,0.5706675024,11.11674643,-0.9376333576,0.8791563132,2058.515268,1821,0.645100366,0.5706675024,0.5366671178,0.604667887
real_20240707,real,2024-07-07,adapted,1822,0.5709808837,11.11445713,0.4652428628,0.2164509214,2058.731719,1822,0.6451681976,0.5709808837,0.5369804991,0.6049812683
real_20240707,real,2024-07-07,adapted,1823,0.5712942651,11.10873049,0.2944286506,0.08668823028,2058.818407,1823,0.6451953641,0.5712942651,0.5372938805,0.6052946497
real_20240707,real,2024-07-07,adapted,1824,0.5716076465,11.10599914,0.2596264903,0.06740591446,2058.885813,1824,0.6452164879,0.5716076465,0.5376072619,0.6056080311
real_20240707,real,2024-07-07,adapted,1825,0.5719210279,11.10586045,-1.738080167,3.020922666,2061.906736,1825,0.6461631888,0.5719210279,0.5379206433,0.6059214125
real_20240707,real,2024-07-07,adapted,1826,0.5722344093,11.10062632,0.7747668718,0.6002637056,2062.506999,1826,0.6463513003,0.5722344093,0.5382340247,0.6062347939
real_20240707,real,2024-07-07,adapted,1827,0.5725477907,11.09953476,1.187553829,1.410284097,2063.917283,1827,0.6467932571,0.5725477907,0.5385474061,0.6065481753
real_20240707,real,2024-07-07,adapted,1828,0.572861172,11.09588669,1.131857915,1.281102339,2065.198386,1828,0.6471947307,0.572861172,0.5388607874,0.6068615566
real_20240707,real,2024-07-07,adapted,1829,0.5731745534,11.09281437,0.03000045678,0.0009000274072,2065.199286,1829,0.6471950127,0.5731745534,0.5391741688,0.607174938
real_20240707,real,2024-07-07,adapted,1830,0.5734879348,11.09055607,-1.058386727,1.120182464,2066.319468,1830,0.6475460571,0.5734879348,0.5394875502,0.6074883194
real_20240707,real,2024-07-07,adapted,1831,0.5738013162,11.0886851,1.187293591,1.40966607,2067.729134,1831,0.6479878202,0.5738013162,0.5398009316,0.6078017008
real_20240707,real,2024-07-07,adapted,1832,0.5741146976,11.0871245,0.8704400683,0.7576659125,2068.4868,1832,0.6482252586,0.5741146976,0.540114313,0.6081150822
real_20240707,real,2024-07-07,adapted,1833,0.574428079,11.08458603,-1.256975157,1.579986545,2070.066787,1833,0.648720397,0.574428079,0.5404276944,0.6084284636
real_20240707,real,2024-07-07,adapted,1834,0.5747414604,11.08190378,2.005989907,4.023995509,2074.090782,1834,0.6499814422,0.5747414604,0.5407410758,0.608741845
real_20240707,real,2024-07-07,adapted,1835,0.5750548417,11.07919949,-1.401403947,1.963933023,2076.054715,1835,0.6505969023,0.5750548417,0.5410544571,0.6090552263
real_20240707,real,2024-07-07,adapted,1836,0.5753682231,11.07653167,0.002651439016,7.030128857e-06,2076.054722,1836,0.6505969045,0.5753682231,0.5413678385,0.6093686077
real_20240707,real,2024-07-07,adapted,1837,0.5756816045,11.07640805,0.06323643565,0.003998846794,2076.058721,1837,0.6505981577,0.5756816045,0.5416812199,0.6096819891
real_20240707,real,2024-07-07,adapted,1838,0.5759949859,11.07437032,-0.191860085,0.03681029222,2076.095531,1838,0.6506096933,0.5759949859,0.5419946013,0.6099953705
real_20240707,real,2024-07-07,adapted,1839,0.5763083673,11.07163165,0.5446312873,0.2966232391,2076.392155,1839,0.6507026495,0.5763083673,0.5423079827,0.6103087519
real_20240707,real,2024-07-07,adapted,1840,0.5766217487,11.06904676,-0.1611170426,0.02595870143,2076.418113,1840,0.6507107845,0.5766217487,0.5426213641,0.6106221333
real_20240707,real,2024-07-07,adapted,1841,0.5769351301,11.06295852,1.08502591,1.177281225,2077.595395,1841,0.6510797225,0.5769351301,0.5429347455,0.6109355147
real_20240707,real,2024-07-07,adapted,1842,0.5772485114,11.06145411,-0.145980024,0.02131016741,2077.616705,1842,0.6510864007,0.5772485114,0.5432481268,0.611248896
real_20240707,real,2024-07-07,adapted,1843,0.5775618928,11.05763998,-0.1451134222,0.02105790531,2077.637763,1843,0.6510929999,0.5775618928,0.5435615082,0.6115622774
real_20240707,real,2024-07-07,adapted,1844,0.5778752742,11.05666091,0.4228352591,0.1787896563,2077.816552,1844,0.6511490292,0.5778752742,0.5438748896,0.6118756588
real_20240707,real,2024-07-07,adapted,1845,0.5781886556,11.05501312,-0.8102983767,0.6565834593,2078.473136,1845,0.6513547903,0.5781886556,0.544188271,0.6121890402
real_20240707,real,2024-07-07,adapted,1846,0.578502037,11.05258755,1.184103248,1.402100502,2079.875236,1846,0.6517941825,0.578502037,0.5445016524,0.6125024216
real_20240707,real,2024-07-07,adapted,1847,0.5788154184,11.04902762,-0.07964586209,0.006343463348,2079.88158,1847,0.6517961704,0.5788154184,0.5448150338,0.612815803
real_20240707,real,2024-07-07,adapted,1848,0.5791287997,11.04605677,-0.9482394717,0.8991580957,2080.780738,1848,0.6520779498,0.5791287997,0.5451284151,0.6131291843
real_20240707,real,2024-07-07,adapted,1849,0.5794421811,11.04426941,1.357569666,1.842995397,2082.623733,1849,0.6526555102,0.5794421811,0.5454417965,0.6134425657
real_20240707,real,2024-07-07,adapted,1850,0.5797555625,11.04244492,-0.2155977266,0.0464823797,2082.670216,1850,0.652670077,0.5797555625,0.5457551779,0.6137559471
real_20240707,real,2024-07-07,adapted,1851,0.5800689439,11.04081094,0.6047188107,0.36568484,2083.0359,1851,0.6527846758,0.5800689439,0.5460685593,0.6140693285
real_20240707,real,2024-07-07,adapted,1852,0.5803823253,11.0400936,-0.6114928697,0.3739235298,2083.409824,1852,0.6529018565,0.5803823253,0.5463819407,0.6143827099
real_20240707,real,2024-07-07,adapted,1853,0.5806957067,11.0380186,-0.8457840897,0.7153507265,2084.125175,1853,0.6531260341,0.5806957067,0.5466953221,0.6146960913
real_20240707,real,2024-07-07,adapted,1854,0.5810090881,11.02979522,-0.967234738,0.9355430384,2085.060718,1854,0.6534192158,0.5810090881,0.5470087035,0.6150094727
real_20240707,real,2024-07-07,adapted,1855,0.5813224694,11.02451112,0.5321494857,0.2831830752,2085.343901,1855,0.6535079601,0.5813224694,0.5473220848,0.615322854
real_20240707,real,2024-07-07,adapted,1856,0.5816358508,11.02086369,-0.9537030428,0.9095494939,2086.25345,1856,0.653792996,0.5816358508,0.5476354662,0.6156362354
real_20240707,real,2024-07-07,adapted,1857,0.5819492322,11.01957827,0.9663216128,0.9337774594,2087.187228,1857,0.6540856245,0.5819492322,0.5479488476,0.6159496168
real_20240707,real,2024-07-07,adapted,1858,0.5822626136,11.01668407,0.2352042253,0.05532102758,2087.242549,1858,0.6541029611,0.5822626136,0.548262229,0.6162629982
real_20240707,real,2024-07-07,adapted,1859,0.582575995,11.01374295,1.331473072,1.772820542,2089.015369,1859,0.65465853,0.582575995,0.5485756104,0.6165763796
real_20240707,real,2024-07-07,adapted,1860,0.5828893764,11.01146596,0.02873163137,0.0008255066413,2089.016195,1860,0.6546587887,0.5828893764,0.5488889918,0.616889761
real_20240707,real,2024-07-07,adapted,1861,0.5832027578,11.00888867,-0.2253016513,0.0507608341,2089.066956,1861,0.6546746962,0.5832027578,0.5492023732,0.6172031424
real_20240707,real,2024-07-07,adapted,1862,0.5835161391,11.00659517,2.030014776,4.120959991,2093.187916,1862,0.6559661284,0.5835161391,0.5495157545,0.6175165237
real_20240707,real,2024-07-07,adapted,1863,0.5838295205,11.00176261,-0.8504576062,0.7232781399,2093.911194,1863,0.6561927903,0.5838295205,0.5498291359,0.6178299051
real_20240707,real,2024-07-07,adapted,1864,0.5841429019,10.9991946,-0.4364013157,0.1904461084,2094.10164,1864,0.6562524725,0.5841429019,0.5501425173,0.6181432865
real_20240707,real,2024-07-07,adapted,1865,0.5844562833,10.99662839,-1.054310672,1.111570993,2095.213211,1865,0.6566008182,0.5844562833,0.5504558987,0.6184566679
real_20240707,real,2024-07-07,adapted,1866,0.5847696647,10.99216836,0.389636618,0.1518166941,2095.365028,1866,0.6566483947,0.5847696647,0.5507692801,0.6187700493
real_20240707,real,2024-07-07,adapted,1867,0.5850830461,10.98526964,-0.2094486945,0.04386875562,2095.408896,1867,0.6566621424,0.5850830461,0.5510826615,0.6190834307
real_20240707,real,2024-07-07,adapted,1868,0.5853964275,10.98281293,1.262924239,1.594977633,2097.003874,1868,0.6571619787,0.5853964275,0.5513960429,0.6193968121
real_20240707,real,2024-07-07,adapted,1869,0.5857098088,10.98230561,0.9355809553,0.8753117239,2097.879186,1869,0.6574362851,0.5857098088,0.5517094242,0.6197101934
real_20240707,real,2024-07-07,adapted,1870,0.5860231902,10.97528212,1.005610903,1.011253288,2098.890439,1870,0.657753193,0.5860231902,0.5520228056,0.6200235748
real_20240707,real,2024-07-07,adapted,1871,0.5863365716,10.96935086,0.2851093817,0.08128735952,2098.971726,1871,0.657778667,0.5863365716,0.552336187,0.6203369562
real_20240707,real,2024-07-07,adapted,1872,0.586649953,10.96888005,-0.7354145021,0.54083449,2099.512561,1872,0.6579481544,0.586649953,0.5526495684,0.6206503376
real_20240707,real,2024-07-07,adapted,1873,0.5869633344,10.96561927,-0.08341510914,0.006958080432,2099.519519,1873,0.657950335,0.5869633344,0.5529629498,0.620963719
real_20240707,real,2024-07-07,adapted,1874,0.5872767158,10.96069534,1.472861786,2.169321841,2101.688841,1874,0.6586301601,0.5872767158,0.5532763312,0.6212771004
real_20240707,real,2024-07-07,adapted,1875,0.5875900971,10.95867128,0.8925736359,0.7966876955,2102.485528,1875,0.6588798271,0.5875900971,0.5535897125,0.6215904817
real_20240707,real,2024-07-07,adapted,1876,0.5879034785,10.95827159,-0.1039048031,0.01079620811,2102.496325,1876,0.6588832105,0.5879034785,0.5539030939,0.6219038631
real_20240707,real,2024-07-07,adapted,1877,0.5882168599,10.95750666,1.397795456,1.953832138,2104.450157,1877,0.6594955051,0.5882168599,0.5542164753,0.6222172445
real_20240707,real,2024-07-07,adapted,1878,0.5885302413,10.95416895,0.00485865683,2.360654619e-05,2104.45018,1878,0.6594955125,0.5885302413,0.5545298567,0.6225306259
real_20240707,real,2024-07-07,adapted,1879,0.5888436227,10.94996736,-0.3424715546,0.1172867657,2104.567467,1879,0.659532268,0.5888436227,0.5548432381,0.6228440073
real_20240707,real,2024-07-07,adapted,1880,0.5891570041,10.94520636,-1.049865194,1.102216926,2105.669684,1880,0.6598776823,0.5891570041,0.5551566195,0.6231573887
real_20240707,real,2024-07-07,adapted,1881,0.5894703855,10.94115225,0.7956646372,0.6330822148,2106.302766,1881,0.6600760784,0.5894703855,0.5554700009,0.6234707701
real_20240707,real,2024-07-07,adapted,1882,0.5897837668,10.9409869,0.9164871267,0.8399486534,2107.142715,1882,0.6603393027,0.5897837668,0.5557833822,0.6237841514
real_20240707,real,2024-07-07,adapted,1883,0.5900971482,10.93481232,-1.319402586,1.740823183,2108.883538,1883,0.6608848443,0.5900971482,0.5560967636,0.6240975328
real_20240707,real,2024-07-07,adapted,1884,0.5904105296,10.93213696,-0.424687228,0.1803592416,2109.063897,1884,0.6609413655,0.5904105296,0.556410145,0.6244109142
real_20240707,real,2024-07-07,adapted,1885,0.590723911,10.92548986,-0.1773579773,0.03145585212,2109.095353,1885,0.6609512232,0.590723911,0.5567235264,0.6247242956
real_20240707,real,2024-07-07,adapted,1886,0.5910372924,10.92182419,0.4021201135,0.1617005857,2109.257054,1886,0.6610018972,0.5910372924,0.5570369078,0.625037677
real_20240707,real,2024-07-07,adapted,1887,0.5913506738,10.92031271,2.032885134,4.132621967,2113.389676,1887,0.6622969839,0.5913506738,0.5573502892,0.6253510584
real_20240707,real,2024-07-07,adapted,1888,0.5916640552,10.91848398,0.5676677077,0.3222466264,2113.711922,1888,0.66239797,0.5916640552,0.5576636706,0.6256644398
real_20240707,real,2024-07-07,adapted,1889,0.5919774365,10.90913478,0.660411824,0.4361437773,2114.148066,1889,0.6625346494,0.5919774365,0.5579770519,0.6259778211
real_20240707,real,2024-07-07,adapted,1890,0.5922908179,10.90800116,-0.181031907,0.03277255136,2114.180839,1890,0.6625449197,0.5922908179,0.5582904333,0.6262912025
real_20240707,real,2024-07-07,adapted,1891,0.5926041993,10.90624323,-1.08400278,1.175062027,2115.355901,1891,0.6629131623,0.5926041993,0.5586038147,0.6266045839
real_20240707,real,2024-07-07,adapted,1892,0.5929175807,10.90113297,0.2860294292,0.08181283437,2115.437714,1892,0.6629388009,0.5929175807,0.5589171961,0.6269179653
real_20240707,real,2024-07-07,adapted,1893,0.5932309621,10.89482778,0.9177673683,0.8422969422,2116.280011,1893,0.6632027611,0.5932309621,0.5592305775,0.6272313467
real_20240707,real,2024-07-07,adapted,1894,0.5935443435,10.89095531,-0.5409652854,0.29264344,2116.572654,1894,0.6632944701,0.5935443435,0.5595439589,0.6275447281
real_20240707,real,2024-07-07,adapted,1895,0.5938577249,10.8882,-0.0164991542,0.0002722220892,2116.572926,1895,0.6632945554,0.5938577249,0.5598573403,0.6278581095
real_20240707,real,2024-07-07,adapted,1896,0.5941711062,10.88646794,0.8821099282,0.7781179254,2117.351044,1896,0.663538403,0.5941711062,0.5601707216,0.6281714908
real_20240707,real,2024-07-07,adapted,1897,0.5944844876,10.88175863,0.0410336598,0.001683761236,2117.352728,1897,0.6635389307,0.5944844876,0.560484103,0.6284848722
real_20240707,real,2024-07-07,adapted,1898,0.594797869,10.87598643,0.6373023594,0.4061542972,2117.758882,1898,0.6636662119,0.594797869,0.5607974844,0.6287982536
real_20240707,real,2024-07-07,adapted,1899,0.5951112504,10.87287952,-0.6337897239,0.4016894141,2118.160572,1899,0.6637920939,0.5951112504,0.5611108658,0.629111635
real_20240707,real,2024-07-07,adapted,1900,0.5954246318,10.87178534,0.1729186282,0.02990085198,2118.190472,1900,0.6638014643,0.5954246318,0.5614242472,0.6294250164
real_20240707,real,2024-07-07,adapted,1901,0.5957380132,10.86871627,1.612321486,2.599580574,2120.790053,1901,0.6646161244,0.5957380132,0.5617376286,0.6297383978
real_20240707,real,2024-07-07,adapted,1902,0.5960513945,10.86548618,0.7935094613,0.6296572652,2121.41971,1902,0.6648134473,0.5960513945,0.5620510099,0.6300517791
real_20240707,real,2024-07-07,adapted,1903,0.5963647759,10.85930523,-1.349744365,1.821809852,2123.24152,1903,0.6653843686,0.5963647759,0.5623643913,0.6303651605
real_20240707,real,2024-07-07,adapted,1904,0.5966781573,10.85625453,0.2280567389,0.05200987615,2123.29353,1904,0.6654006675,0.5966781573,0.5626777727,0.6306785419
real_20240707,real,2024-07-07,adapted,1905,0.5969915387,10.85544666,-0.03367599327,0.001134072522,2123.294664,1905,0.6654010229,0.5969915387,0.5629911541,0.6309919233
real_20240707,real,2024-07-07,adapted,1906,0.5973049201,10.85255108,-0.3423843961,0.1172270747,2123.411891,1906,0.6654377597,0.5973049201,0.5633045355,0.6313053047
real_20240707,real,2024-07-07,adapted,1907,0.5976183015,10.84688858,1.501629456,2.254891024,2125.666782,1907,0.6661444006,0.5976183015,0.5636179169,0.6316186861
real_20240707,real,2024-07-07,adapted,1908,0.5979316829,10.84611392,0.01856509822,0.0003446628719,2125.667127,1908,0.6661445086,0.5979316829,0.5639312983,0.6319320675
real_20240707,real,2024-07-07,adapted,1909,0.5982450642,10.83459892,-0.6229094738,0.3880162126,2126.055143,1909,0.6662661056,0.5982450642,0.5642446796,0.6322454488
real_20240707,real,2024-07-07,adapted,1910,0.5985584456,10.83406187,-0.2204763258,0.04860981024,2126.103753,1910,0.666281339,0.5985584456,0.564558061,0.6325588302
real_20240707,real,2024-07-07,adapted,1911,0.598871827,10.83037159,0.5624616814,0.316363143,2126.420116,1911,0.6663804814,0.598871827,0.5648714424,0.6328722116
real_20240707,real,2024-07-07,adapted,1912,0.5991852084,10.82795267,2.310328848,5.337619385,2131.757735,1912,0.6680531919,0.5991852084,0.5651848238,0.633185593
real_20240707,real,2024-07-07,adapted,1913,0.5994985898,10.82722583,-0.6539393801,0.4276367129,2132.185372,1913,0.6681872053,0.5994985898,0.5654982052,0.6334989744
real_20240707,real,2024-07-07,adapted,1914,0.5998119712,10.81739219,0.6537048303,0.4273300052,2132.612702,1914,0.6683211226,0.5998119712,0.5658115866,0.6338123558
real_20240707,real,2024-07-07,adapted,1915,0.6001253526,10.81576232,-1.133387322,1.284566821,2133.897269,1915,0.6687236819,0.6001253526,0.566124968,0.6341257372
real_20240707,real,2024-07-07,adapted,1916,0.6004387339,10.81413682,-1.416265123,2.005806899,2135.903076,1916,0.6693522644,0.6004387339,0.5664383493,0.6344391185
real_20240707,real,2024-07-07,adapted,1917,0.6007521153,10.8112147,-0.1274630797,0.01624683668,2135.919323,1917,0.6693573559,0.6007521153,0.5667517307,0.6347524999
real_20240707,real,2024-07-07,adapted,1918,0.6010654967,10.80940894,0.02704427423,0.0007313927689,2135.920054,1918,0.6693575851,0.6010654967,0.5670651121,0.6350658813
real_20240707,real,2024-07-07,adapted,1919,0.6013788781,10.80813824,-1.314063093,1.726761811,2137.646816,1919,0.6698987201,0.6013788781,0.5673784935,0.6353792627
real_20240707,real,2024-07-07,adapted,1920,0.6016922595,10.80071608,-0.4719838451,0.2227687501,2137.869585,1920,0.6699685317,0.6016922595,0.5676918749,0.6356926441
real_20240707,real,2024-07-07,adapted,1921,0.6020056409,10.80009218,0.4176207084,0.1744070561,2138.043992,1921,0.6700231876,0.6020056409,0.5680052563,0.6360060255
real_20240707,real,2024-07-07,adapted,1922,0.6023190223,10.79798594,-1.249971384,1.562428462,2139.60642,1922,0.6705128236,0.6023190223,0.5683186376,0.6363194069
real_20240707,real,2024-07-07,adapted,1923,0.6026324036,10.79410848,0.9454385026,0.8938539623,2140.500274,1923,0.6707929408,0.6026324036,0.568632019,0.6366327882
real_20240707,real,2024-07-07,adapted,1924,0.602945785,10.79029868,0.6510407265,0.4238540275,2140.924128,1924,0.6709257688,0.602945785,0.5689454004,0.6369461696
real_20240707,real,2024-07-07,adapted,1925,0.6032591664,10.78511733,0.8958822628,0.8026050287,2141.726733,1925,0.6711772902,0.6032591664,0.5692587818,0.637259551
real_20240707,real,2024-07-07,adapted,1926,0.6035725478,10.78128728,-0.2878019899,0.08282998538,2141.809563,1926,0.6712032476,0.6035725478,0.5695721632,0.6375729324
real_20240707,real,2024-07-07,adapted,1927,0.6038859292,10.77515151,0.009175033808,8.418124538e-05,2141.809647,1927,0.671203274,0.6038859292,0.5698855446,0.6378863138
real_20240707,real,2024-07-07,adapted,1928,0.6041993106,10.7721175,1.483047545,2.199430021,2144.009077,1928,0.6718925344,0.6041993106,0.570198926,0.6381996952
real_20240707,real,2024-07-07,adapted,1929,0.6045126919,10.76859796,1.191936966,1.420713732,2145.429791,1929,0.6723377597,0.6045126919,0.5705123073,0.6385130765
real_20240707,real,2024-07-07,adapted,1930,0.6048260733,10.76728717,1.01297874,1.026125927,2146.455917,1930,0.6726593284,0.6048260733,0.5708256887,0.6388264579
real_20240707,real,2024-07-07,adapted,1931,0.6051394547,10.76596162,0.4923609754,0.2424193301,2146.698336,1931,0.6727352981,0.6051394547,0.5711390701,0.6391398393
real_20240707,real,2024-07-07,adapted,1932,0.6054528361,10.76260669,-0.004136885142,1.711381868e-05,2146.698353,1932,0.6727353035,0.6054528361,0.5714524515,0.6394532207
real_20240707,real,2024-07-07,adapted,1933,0.6057662175,10.75807118,1.519098189,2.307659309,2149.006013,1933,0.673458481,0.6057662175,0.5717658329,0.6397666021
real_20240707,real,2024-07-07,adapted,1934,0.6060795989,10.75069859,0.3666152012,0.1344067058,2149.140419,1934,0.6735006015,0.6060795989,0.5720792143,0.6400799835
real_20240707,real,2024-07-07,adapted,1935,0.6063929803,10.74905251,-0.7388536209,0.545904673,2149.686324,1935,0.6736716779,0.6063929803,0.5723925957,0.6403933649
real_20240707,real,2024-07-07,adapted,1936,0.6067063616,10.74643164,0.7973931212,0.6358357897,2150.32216,1936,0.673870937,0.6067063616,0.572705977,0.6407067462
real_20240707,real,2024-07-07,adapted,1937,0.607019743,10.74562851,0.9632804783,0.92790928,2151.250069,1937,0.6741617265,0.607019743,0.5730193584,0.6410201276
real_20240707,real,2024-07-07,adapted,1938,0.6073331244,10.73884159,1.043576767,1.089052469,2152.339122,1938,0.6745030153,0.6073331244,0.5733327398,0.641333509
real_20240707,real,2024-07-07,adapted,1939,0.6076465058,10.73555337,0.7459627379,0.5564604064,2152.895582,1939,0.6746773996,0.6076465058,0.5736461212,0.6416468904
real_20240707,real,2024-07-07,adapted,1940,0.6079598872,10.7331821,0.6538177332,0.4274776282,2153.32306,1940,0.6748113631,0.6079598872,0.5739595026,0.6419602718
real_20240707,real,2024-07-07,adapted,1941,0.6082732686,10.73231273,0.3771090159,0.1422112099,2153.465271,1941,0.6748559295,0.6082732686,0.574272884,0.6422736532
real_20240707,real,2024-07-07,adapted,1942,0.60858665,10.72305685,1.102535239,1.215583952,2154.680855,1942,0.6752368708,0.60858665,0.5745862654,0.6425870346
real_20240707,real,2024-07-07,adapted,1943,0.6089000313,10.72071193,-1.085009487,1.177245587,2155.8581,1943,0.6756057977,0.6089000313,0.5748996467,0.6429004159
real_20240707,real,2024-07-07,adapted,1944,0.6092134127,10.7185604,0.66700746,0.4448989517,2156.302999,1944,0.6757452208,0.6092134127,0.5752130281,0.6432137973
real_20240707,real,2024-07-07,adapted,1945,0.6095267941,10.71436335,-1.691903288,2.862536738,2159.165536,1945,0.6766422865,0.6095267941,0.5755264095,0.6435271787
real_20240707,real,2024-07-07,adapted,1946,0.6098401755,10.71283828,0.1752563915,0.03071480275,2159.196251,1946,0.6766519119,0.6098401755,0.5758397909,0.6438405601
real_20240707,real,2024-07-07,adapted,1947,0.6101535569,10.70721806,0.947307972,0.8973923937,2160.093643,1947,0.676933138,0.6101535569,0.5761531723,0.6441539415
real_20240707,real,2024-07-07,adapted,1948,0.6104669383,10.7037763,-0.01577001048,0.0002486932305,2160.093892,1948,0.6769332159,0.6104669383,0.5764665537,0.6444673229
real_20240707,real,2024-07-07,adapted,1949,0.6107803196,10.6991407,0.768649538,0.5908221123,2160.684714,1949,0.6771183686,0.6107803196,0.576779935,0.6447807042
real_20240707,real,2024-07-07,adapted,1950,0.611093701,10.6956623,0.7533729639,0.5675708227,2161.252285,1950,0.6772962347,0.611093701,0.5770933164,0.6450940856
real_20240707,real,2024-07-07,adapted,1951,0.6114070824,10.69520933,-0.151073702,0.02282326344,2161.275108,1951,0.6773033871,0.6114070824,0.5774066978,0.645407467
real_20240707,real,2024-07-07,adapted,1952,0.6117204638,10.69432015,-0.9154674539,0.8380806591,2162.113189,1952,0.677566026,0.6117204638,0.5777200792,0.6457208484
real_20240707,real,2024-07-07,adapted,1953,0.6120338452,10.69097057,-0.877439323,0.7698997655,2162.883089,1953,0.6778072982,0.6120338452,0.5780334606,0.6460342298
real_20240707,real,2024-07-07,adapted,1954,0.6123472266,10.69020948,0.1155615688,0.01335447618,2162.896443,1954,0.6778114833,0.6123472266,0.578346842,0.6463476112
real_20240707,real,2024-07-07,adapted,1955,0.612660608,10.68650379,-0.335505986,0.1125642667,2163.009007,1955,0.6778467588,0.612660608,0.5786602234,0.6466609926
real_20240707,real,2024-07-07,adapted,1956,0.6129739893,10.68531208,0.1363414017,0.01858897781,2163.027596,1956,0.6778525843,0.6129739893,0.5789736047,0.6469743739
real_20240707,real,2024-07-07,adapted,1957,0.6132873707,10.67620055,0.7952386891,0.6324045727,2163.660001,1957,0.6780507681,0.6132873707,0.5792869861,0.6472877553
real_20240707,real,2024-07-07,adapted,1958,0.6136007521,10.67393107,-1.28498419,1.651184369,2165.311185,1958,0.6785682185,0.6136007521,0.5796003675,0.6476011367
real_20240707,real,2024-07-07,adapted,1959,0.6139141335,10.67323868,-0.2968883114,0.08814266948,2165.399328,1959,0.6785958408,0.6139141335,0.5799137489,0.6479145181
real_20240707,real,2024-07-07,adapted,1960,0.6142275149,10.67023246,-2.38837377,5.704329265,2171.103657,1960,0.6803834714,0.6142275149,0.5802271303,0.6482278995
real_20240707,real,2024-07-07,adapted,1961,0.6145408963,10.66571001,1.102199165,1.214842999,2172.3185,1961,0.6807641806,0.6145408963,0.5805405117,0.6485412809
real_20240707,real,2024-07-07,adapted,1962,0.6148542777,10.6647247,0.9256055426,0.8567456206,2173.175246,1962,0.6810326687,0.6148542777,0.5808538931,0.6488546623
real_20240707,real,2024-07-07,adapted,1963,0.615167659,10.66176766,-0.6479732638,0.4198693506,2173.595115,1963,0.681164248,0.615167659,0.5811672744,0.6491680436
real_20240707,real,2024-07-07,adapted,1964,0.6154810404,10.65672707,-0.8866770579,0.786196205,2174.381311,1964,0.6814106272,0.6154810404,0.5814806558,0.649481425
real_20240707,real,2024-07-07,adapted,1965,0.6157944218,10.65327964,-0.5061107938,0.2561481356,2174.63746,1965,0.6814908993,0.6157944218,0.5817940372,0.6497948064
real_20240707,real,2024-07-07,adapted,1966,0.6161078032,10.65269888,-0.6761924469,0.4572362252,2175.094696,1966,0.6816341886,0.6161078032,0.5821074186,0.6501081878
real_20240707,real,2024-07-07,adapted,1967,0.6164211846,10.64556113,-0.0384358677,0.001477315926,2175.096173,1967,0.6816346516,0.6164211846,0.5824208,0.6504215692
real_20240707,real,2024-07-07,adapted,1968,0.616734566,10.64199359,-1.066876447,1.138225354,2176.234398,1968,0.6819913502,0.616734566,0.5827341814,0.6507349506
real_20240707,real,2024-07-07,adapted,1969,0.6170479474,10.63845361,-1.397523868,1.953072963,2178.187471,1969,0.6826034069,0.6170479474,0.5830475628,0.651048332
real_20240707,real,2024-07-07,adapted,1970,0.6173613287,10.62717356,1.067266437,1.139057648,2179.326529,1970,0.6829603664,0.6173613287,0.5833609441,0.6513617133
real_20240707,real,2024-07-07,adapted,1971,0.6176747101,10.62617349,-1.085027465,1.1772846,2180.503814,1971,0.6833293054,0.6176747101,0.5836743255,0.6516750947
real_20240707,real,2024-07-07,adapted,1972,0.6179880915,10.62041738,0.9081915568,0.8248119039,2181.328626,1972,0.6835877861,0.6179880915,0.5839877069,0.6519884761
real_20240707,real,2024-07-07,adapted,1973,0.6183014729,10.61376707,-0.1117473063,0.01248746046,2181.341113,1973,0.6835916995,0.6183014729,0.5843010883,0.6523018575
real_20240707,real,2024-07-07,adapted,1974,0.6186148543,10.60736399,0.7264646924,0.5277509494,2181.868864,1974,0.6837570868,0.6186148543,0.5846144697,0.6526152389
real_20240707,real,2024-07-07,adapted,1975,0.6189282357,10.60587316,-1.890525543,3.57408683,2185.442951,1975,0.6848771391,0.6189282357,0.5849278511,0.6529286203
real_20240707,real,2024-07-07,adapted,1976,0.619241617,10.60381636,-1.231365801,1.516261736,2186.959213,1976,0.6853523073,0.619241617,0.5852412324,0.6532420016
real_20240707,real,2024-07-07,adapted,1977,0.6195549984,10.60098609,-0.9443317247,0.8917624063,2187.850975,1977,0.685631769,0.6195549984,0.5855546138,0.653555383
real_20240707,real,2024-07-07,adapted,1978,0.6198683798,10.59855404,-1.012212878,1.02457491,2188.87555,1978,0.6859528517,0.6198683798,0.5858679952,0.6538687644
real_20240707,real,2024-07-07,adapted,1979,0.6201817612,10.59540655,0.7972376547,0.635587878,2189.511138,1979,0.6861520331,0.6201817612,0.5861813766,0.6541821458
real_20240707,real,2024-07-07,adapted,1980,0.6204951426,10.59351235,0.378809298,0.1434964842,2189.654634,1980,0.6861970023,0.6204951426,0.586494758,0.6544955272
real_20240707,real,2024-07-07,adapted,1981,0.620808524,10.59239542,-0.5762590141,0.3320744514,2189.986709,1981,0.6863010682,0.620808524,0.5868081394,0.6548089086
real_20240707,real,2024-07-07,adapted,1982,0.6211219054,10.59011784,-0.6346422132,0.4027707388,2190.389479,1982,0.6864272891,0.6211219054,0.5871215208,0.65512229
real_20240707,real,2024-07-07,adapted,1983,0.6214352867,10.58708675,-0.1722980649,0.02968662316,2190.419166,1983,0.6864365923,0.6214352867,0.5874349021,0.6554356713
real_20240707,real,2024-07-07,adapted,1984,0.6217486681,10.58606063,0.1928701831,0.03719890755,2190.456365,1984,0.6864482498,0.6217486681,0.5877482835,0.6557490527
real_20240707,real,2024-07-07,adapted,1985,0.6220620495,10.58120802,-1.391932229,1.937475331,2192.39384,1985,0.6870554185,0.6220620495,0.5880616649,0.6560624341
real_20240707,real,2024-07-07,adapted,1986,0.6223754309,10.57870526,0.008627846782,7.443974009e-05,2192.393915,1986,0.6870554418,0.6223754309,0.5883750463,0.6563758155
real_20240707,real,2024-07-07,adapted,1987,0.6226888123,10.57477303,0.8080919974,0.6530126763,2193.046927,1987,0.6872600838,0.6226888123,0.5886884277,0.6566891969
real_20240707,real,2024-07-07,adapted,1988,0.6230021937,10.57313937,0.334887064,0.1121493456,2193.159077,1988,0.6872952293,0.6230021937,0.5890018091,0.6570025783
real_20240707,real,2024-07-07,adapted,1989,0.6233155751,10.57081953,-0.289886338,0.08403408898,2193.243111,1989,0.687321564,0.6233155751,0.5893151905,0.6573159597
real_20240707,real,2024-07-07,adapted,1990,0.6236289564,10.56677768,-1.442810721,2.081702778,2195.324814,1990,0.6879739309,0.6236289564,0.5896285718,0.657629341
real_20240707,real,2024-07-07,adapted,1991,0.6239423378,10.56314678,0.3990082939,0.1592076186,2195.484021,1991,0.6880238236,0.6239423378,0.5899419532,0.6579427224
real_20240707,real,2024-07-07,adapted,1992,0.6242557192,10.55961216,0.3808247271,0.1450274728,2195.629049,1992,0.6880692726,0.6242557192,0.5902553346,0.6582561038
real_20240707,real,2024-07-07,adapted,1993,0.6245691006,10.5588204,-0.471355795,0.2221762855,2195.851225,1993,0.6881388985,0.6245691006,0.590568716,0.6585694852
real_20240707,real,2024-07-07,adapted,1994,0.624882482,10.55631713,0.5000790734,0.2500790797,2196.101304,1994,0.6882172686,0.624882482,0.5908820974,0.6588828666
real_20240707,real,2024-07-07,adapted,1995,0.6251958634,10.55500628,-1.87831246,3.528057698,2199.629362,1995,0.6893228962,0.6251958634,0.5911954788,0.659196248
real_20240707,real,2024-07-07,adapted,1996,0.6255092448,10.54955843,1.048521745,1.099397849,2200.72876,1996,0.689667427,0.6255092448,0.5915088602,0.6595096294
real_20240707,real,2024-07-07,adapted,1997,0.6258226261,10.54765824,-1.058715268,1.120878019,2201.849638,1997,0.6900186893,0.6258226261,0.5918222415,0.6598230107
real_20240707,real,2024-07-07,adapted,1998,0.6261360075,10.54564659,0.2400047621,0.05760228581,2201.90724,1998,0.6900367408,0.6261360075,0.5921356229,0.6601363921
real_20240707,real,2024-07-07,adapted,1999,0.6264493889,10.54303338,-0.1659207927,0.02752970946,2201.93477,1999,0.6900453681,0.6264493889,0.5924490043,0.6604497735
real_20240707,real,2024-07-07,adapted,2000,0.6267627703,10.53629587,-1.674333045,2.803391144,2204.738161,2000,0.6909238987,0.6267627703,0.5927623857,0.6607631549
real_20240707,real,2024-07-07,adapted,2001,0.6270761517,10.53317541,1.059129759,1.121755846,2205.859917,2001,0.6912754361,0.6270761517,0.5930757671,0.6610765363
real_20240707,real,2024-07-07,adapted,2002,0.6273895331,10.53296115,-1.434562238,2.057968813,2207.917885,2002,0.6919203652,0.6273895331,0.5933891485,0.6613899177
real_20240707,real,2024-07-07,adapted,2003,0.6277029144,10.52887003,0.0873523702,0.007630436579,2207.925516,2003,0.6919227565,0.6277029144,0.5937025298,0.661703299
real_20240707,real,2024-07-07,adapted,2004,0.6280162958,10.5253536,0.07608638212,0.005789137543,2207.931305,2004,0.6919245707,0.6280162958,0.5940159112,0.6620166804
real_20240707,real,2024-07-07,adapted,2005,0.6283296772,10.5241802,-1.253193175,1.570493134,2209.501798,2005,0.692416734,0.6283296772,0.5943292926,0.6623300618
real_20240707,real,2024-07-07,adapted,2006,0.6286430586,10.52189795,-0.5471881083,0.2994148259,2209.801213,2006,0.692510565,0.6286430586,0.594642674,0.6626434432
real_20240707,real,2024-07-07,adapted,2007,0.62895644,10.52032819,0.6690462268,0.4476228536,2210.248836,2007,0.6926508417,0.62895644,0.5949560554,0.6629568246
real_20240707,real,2024-07-07,adapted,2008,0.6292698214,10.51693237,0.5144929405,0.2647029858,2210.513539,2008,0.6927337947,0.6292698214,0.5952694368,0.663270206
real_20240707,real,2024-07-07,adapted,2009,0.6295832028,10.51415304,-0.3192090503,0.1018944178,2210.615433,2009,0.6927657265,0.6295832028,0.5955828182,0.6635835874
real_20240707,real,2024-07-07,adapted,2010,0.6298965841,10.51333844,-0.6145492712,0.3776708068,2210.993104,2010,0.6928840815,0.6298965841,0.5958961995,0.6638969687
real_20240707,real,2024-07-07,adapted,2011,0.6302099655,10.5097921,-0.4750772079,0.2256983535,2211.218802,2011,0.6929548112,0.6302099655,0.5962095809,0.6642103501
real_20240707,real,2024-07-07,adapted,2012,0.6305233469,10.50873814,0.1428174096,0.02039681248,2211.239199,2012,0.6929612031,0.6305233469,0.5965229623,0.6645237315
real_20240707,real,2024-07-07,adapted,2013,0.6308367283,10.50710308,0.9912355918,0.9825479984,2212.221747,2013,0.6932691154,0.6308367283,0.5968363437,0.6648371129
real_20240707,real,2024-07-07,adapted,2014,0.6311501097,10.50345639,0.2747134956,0.07546750464,2212.297215,2014,0.6932927655,0.6311501097,0.5971497251,0.6651504943
real_20240707,real,2024-07-07,adapted,2015,0.6314634911,10.50101344,2.103447475,4.424491281,2216.721706,2015,0.6946793187,0.6314634911,0.5974631065,0.6654638757
real_20240707,real,2024-07-07,adapted,2016,0.6317768725,10.49866215,-2.760475453,7.620224729,2224.341931,2016,0.6970673553,0.6317768725,0.5977764879,0.6657772571
real_20240707,real,2024-07-07,adapted,2017,0.6320902538,10.49387931,-0.02403699431,0.0005777770956,2224.342508,2017,0.6970675363,0.6320902538,0.5980898692,0.6660906384
real_20240707,real,2024-07-07,adapted,2018,0.6324036352,10.48960364,1.203645608,1.448762751,2225.791271,2018,0.6975215516,0.6324036352,0.5984032506,0.6664040198
real_20240707,real,2024-07-07,adapted,2019,0.6327170166,10.48614304,0.1673758142,0.02801466317,2225.819286,2019,0.6975303309,0.6327170166,0.598716632,0.6667174012
real_20240707,real,2024-07-07,adapted,2020,0.633030398,10.48558084,0.248194314,0.06160041748,2225.880886,2020,0.6975496353,0.633030398,0.5990300134,0.6670307826
real_20240707,real,2024-07-07,adapted,2021,0.6333437794,10.48164572,-1.703541508,2.90205367,2228.78294,2021,0.6984590849,0.6333437794,0.5993433948,0.667344164
real_20240707,real,2024-07-07,adapted,2022,0.6336571608,10.47750175,-1.407789949,1.981872541,2230.764813,2022,0.6990801669,0.6336571608,0.5996567762,0.6676575454
real_20240707,real,2024-07-07,adapted,2023,0.6339705421,10.47340082,1.156609843,1.33774633,2232.102559,2023,0.6994993917,0.6339705421,0.5999701575,0.6679709268
real_20240707,real,2024-07-07,adapted,2024,0.6342839235,10.47066134,-0.9326041761,0.8697505492,2232.972309,2024,0.6997719553,0.6342839235,0.6002835389,0.6682843081
real_20240707,real,2024-07-07,adapted,2025,0.6345973049,10.4675108,0.002407352023,5.795343762e-06,2232.972315,2025,0.6997719571,0.6345973049,0.6005969203,0.6685976895
real_20240707,real,2024-07-07,adapted,2026,0.6349106863,10.46192127,0.4742341487,0.2248980278,2233.197213,2026,0.699842436,0.6349106863,0.6009103017,0.6689110709
real_20240707,real,2024-07-07,adapted,2027,0.6352240677,10.45914518,-0.2157446676,0.04654576159,2233.243759,2027,0.6998570226,0.6352240677,0.6012236831,0.6692244523
real_20240707,real,2024-07-07,adapted,2028,0.6355374491,10.4526118,-1.04459615,1.091181117,2234.33494,2028,0.7001989784,0.6355374491,0.6015370645,0.6695378337
real_20240707,real,2024-07-07,adapted,2029,0.6358508305,10.45005038,0.541996083,0.293759754,2234.6287,2029,0.7002910373,0.6358508305,0.6018504459,0.6698512151
real_20240707,real,2024-07-07,adapted,2030,0.6361642118,10.4479291,-1.681022708,2.825837346,2237.454537,2030,0.7011766021,0.6361642118,0.6021638272,0.6701645964
real_20240707,real,2024-07-07,adapted,2031,0.6364775932,10.4409673,0.6029389897,0.3635354253,2237.818073,2031,0.7012905273,0.6364775932,0.6024772086,0.6704779778
real_20240707,real,2024-07-07,adapted,2032,0.6367909746,10.44019931,0.4830922006,0.2333780743,2238.051451,2032,0.7013636637,0.6367909746,0.60279059,0.6707913592
real_20240707,real,2024-07-07,adapted,2033,0.637104356,10.43906803,-0.1568328457,0.02459654151,2238.076047,2033,0.7013713718,0.637104356,0.6031039714,0.6711047406
real_20240707,real,2024-07-07,adapted,2034,0.6374177374,10.43530398,-1.010746875,1.021609245,2239.097657,2034,0.7016915251,0.6374177374,0.6034173528,0.671418122
real_20240707,real,2024-07-07,adapted,2035,0.6377311188,10.42642525,0.3841785812,0.1475931822,2239.24525,2035,0.701737778,0.6377311188,0.6037307342,0.6717315034
real_20240707,real,2024-07-07,adapted,2036,0.6380445002,10.42460782,-0.1523933585,0.02322373572,2239.268473,2036,0.7017450559,0.6380445002,0.6040441156,0.6720448848
real_20240707,real,2024-07-07,adapted,2037,0.6383578815,10.42225988,-0.6426190778,0.4129592791,2239.681433,2037,0.7018744697,0.6383578815,0.6043574969,0.6723582661
real_20240707,real,2024-07-07,adapted,2038,0.6386712629,10.41688705,-0.1212745824,0.01470752434,2239.69614,2038,0.7018790787,0.6386712629,0.6046708783,0.6726716475
real_20240707,real,2024-07-07,adapted,2039,0.6389846443,10.41641584,-1.051919554,1.106534749,2240.802675,2039,0.7022258461,0.6389846443,0.6049842597,0.6729850289
real_20240707,real,2024-07-07,adapted,2040,0.6392980257,10.41101861,-0.1198756792,0.01437017846,2240.817045,2040,0.7022303495,0.6392980257,0.6052976411,0.6732984103
real_20240707,real,2024-07-07,adapted,2041,0.6396114071,10.40839816,0.63516661,0.4034366224,2241.220482,2041,0.702356779,0.6396114071,0.6056110225,0.6736117917
real_20240707,real,2024-07-07,adapted,2042,0.6399247885,10.4057759,-0.267027339,0.07130359977,2241.291785,2042,0.7023791242,0.6399247885,0.6059244039,0.6739251731
real_20240707,real,2024-07-07,adapted,2043,0.6402381699,10.40423458,-0.8118168044,0.6590465239,2241.950832,2043,0.7025856571,0.6402381699,0.6062377853,0.6742385545
real_20240707,real,2024-07-07,adapted,2044,0.6405515512,10.40241307,0.4051545758,0.1641502303,2242.114982,2044,0.7026370988,0.6405515512,0.6065511666,0.6745519358
real_20240707,real,2024-07-07,adapted,2045,0.6408649326,10.39416067,-0.5024758482,0.252481978,2242.367464,2045,0.7027162219,0.6408649326,0.606864548,0.6748653172
real_20240707,real,2024-07-07,adapted,2046,0.641178314,10.3926595,0.5472263118,0.2994566363,2242.666921,2046,0.702810066,0.641178314,0.6071779294,0.6751786986
real_20240707,real,2024-07-07,adapted,2047,0.6414916954,10.39123281,-1.514978087,2.295158603,2244.962079,2047,0.703529326,0.6414916954,0.6074913108,0.67549208
real_20240707,real,2024-07-07,adapted,2048,0.6418050768,10.38691846,0.263387327,0.06937288401,2245.031452,2048,0.7035510662,0.6418050768,0.6078046922,0.6758054614
real_20240707,real,2024-07-07,adapted,2049,0.6421184582,10.38227201,-0.169011639,0.02856493413,2245.060017,2049,0.7035600179,0.6421184582,0.6081180736,0.6761188428
real_20240707,real,2024-07-07,adapted,2050,0.6424318395,10.37983102,0.7999599626,0.6399359418,2245.699953,2050,0.7037605619,0.6424318395,0.6084314549,0.6764322241
real_20240707,real,2024-07-07,adapted,2051,0.6427452209,10.37748109,-1.260626542,1.58917928,2247.289132,2051,0.7042585811,0.6427452209,0.6087448363,0.6767456055
real_20240707,real,2024-07-07,adapted,2052,0.6430586023,10.372692,0.7803670906,0.6089727961,2247.898105,2052,0.7044494219,0.6430586023,0.6090582177,0.6770589869
real_20240707,real,2024-07-07,adapted,2053,0.6433719837,10.37125533,-0.3598435626,0.1294873896,2248.027593,2053,0.7044900008,0.6433719837,0.6093715991,0.6773723683
real_20240707,real,2024-07-07,adapted,2054,0.6436853651,10.37008728,-0.1401999159,0.01965601643,2248.047249,2054,0.7044961606,0.6436853651,0.6096849805,0.6776857497
real_20240707,real,2024-07-07,adapted,2055,0.6439987465,10.36523165,0.3531452652,0.1247115784,2248.17196,2055,0.7045352429,0.6439987465,0.6099983619,0.6779991311
real_20240707,real,2024-07-07,adapted,2056,0.6443121279,10.36195506,-0.854419209,0.7300321847,2248.901992,2056,0.7047640214,0.6443121279,0.6103117433,0.6783125125
real_20240707,real,2024-07-07,adapted,2057,0.6446255092,10.35591745,1.53165666,2.345972125,2251.247964,2057,0.7054992054,0.6446255092,0.6106251246,0.6786258938
real_20240707,real,2024-07-07,adapted,2058,0.6449388906,10.3543046,-0.05528713924,0.003056667765,2251.251021,2058,0.7055001633,0.6449388906,0.610938506,0.6789392752
real_20240707,real,2024-07-07,adapted,2059,0.645252272,10.35126298,-0.6324179444,0.3999524563,2251.650974,2059,0.705625501,0.645252272,0.6112518874,0.6792526566
real_20240707,real,2024-07-07,adapted,2060,0.6455656534,10.34743443,1.999280787,3.997123664,2255.648097,2060,0.7068781251,0.6455656534,0.6115652688,0.679566038
real_20240707,real,2024-07-07,adapted,2061,0.6458790348,10.3435327,0.6976067314,0.4866551518,2256.134752,2061,0.7070306338,0.6458790348,0.6118786502,0.6798794194
real_20240707,real,2024-07-07,adapted,2062,0.6461924162,10.33892898,-0.334130066,0.111642901,2256.246395,2062,0.7070656206,0.6461924162,0.6121920316,0.6801928008
real_20240707,real,2024-07-07,adapted,2063,0.6465057976,10.33752998,-0.02937433789,0.0008628517265,2256.247258,2063,0.707065891,0.6465057976,0.612505413,0.6805061822
real_20240707,real,2024-07-07,adapted,2064,0.6468191789,10.3354918,-1.521222849,2.314118955,2258.561377,2064,0.7077910928,0.6468191789,0.6128187943,0.6808195635
real_20240707,real,2024-07-07,adapted,2065,0.6471325603,10.33088501,-1.037812045,1.07705384,2259.638431,2065,0.7081286214,0.6471325603,0.6131321757,0.6811329449
real_20240707,real,2024-07-07,adapted,2066,0.6474459417,10.32803353,-1.412328356,1.994671384,2261.633102,2066,0.7087537143,0.6474459417,0.6134455571,0.6814463263
real_20240707,real,2024-07-07,adapted,2067,0.6477593231,10.32482142,-1.088089423,1.183938594,2262.817041,2067,0.7091247386,0.6477593231,0.6137589385,0.6817597077
real_20240707,real,2024-07-07,adapted,2068,0.6480727045,10.31899389,0.03532185462,0.001247633414,2262.818289,2068,0.7091251296,0.6480727045,0.6140723199,0.6820730891
real_20240707,real,2024-07-07,adapted,2069,0.6483860859,10.31321855,0.04088780136,0.0016718123,2262.81996,2069,0.7091256535,0.6483860859,0.6143857013,0.6823864705
real_20240707,real,2024-07-07,adapted,2070,0.6486994673,10.31095647,-0.6381987648,0.4072976634,2263.227258,2070,0.709253293,0.6486994673,0.6146990827,0.6826998519
real_20240707,real,2024-07-07,adapted,2071,0.6490128486,10.30674823,-1.114222646,1.241492106,2264.46875,2071,0.7096423535,0.6490128486,0.615012464,0.6830132332
real_20240707,real,2024-07-07,adapted,2072,0.64932623,10.30190258,-0.5209361781,0.2713745017,2264.740125,2072,0.7097273973,0.64932623,0.6153258454,0.6833266146
real_20240707,real,2024-07-07,adapted,2073,0.6496396114,10.2998971,-3.066972402,9.406319717,2274.146444,2073,0.7126751628,0.6496396114,0.6156392268,0.683639996
real_20240707,real,2024-07-07,adapted,2074,0.6499529928,10.29872949,-1.724034004,2.972293248,2277.118738,2074,0.7136066241,0.6499529928,0.6159526082,0.6839533774
real_20240707,real,2024-07-07,adapted,2075,0.6502663742,10.29472936,-0.2742069912,0.07518947405,2277.193927,2075,0.7136301871,0.6502663742,0.6162659896,0.6842667588
real_20240707,real,2024-07-07,adapted,2076,0.6505797556,10.29063291,1.819967755,3.31228263,2280.50621,2076,0.7146681948,0.6505797556,0.616579371,0.6845801402
real_20240707,real,2024-07-07,adapted,2077,0.6508931369,10.28993788,-0.3684125639,0.1357278172,2280.641938,2077,0.7147107294,0.6508931369,0.6168927523,0.6848935215
real_20240707,real,2024-07-07,adapted,2078,0.6512065183,10.28797396,0.5684764771,0.323165505,2280.965103,2078,0.7148120035,0.6512065183,0.6172061337,0.6852069029
real_20240707,real,2024-07-07,adapted,2079,0.6515198997,10.28749065,-0.2719909176,0.07397905928,2281.039082,2079,0.7148351871,0.6515198997,0.6175195151,0.6855202843
real_20240707,real,2024-07-07,adapted,2080,0.6518332811,10.28457533,-0.3035558184,0.09214613488,2281.131228,2080,0.714864064,0.6518332811,0.6178328965,0.6858336657
real_20240707,real,2024-07-07,adapted,2081,0.6521466625,10.28122565,0.5356340508,0.2869038363,2281.418132,2081,0.7149539743,0.6521466625,0.6181462779,0.6861470471
real_20240707,real,2024-07-07,adapted,2082,0.6524600439,10.28095457,-0.2946309283,0.08680738392,2281.504939,2082,0.7149811781,0.6524600439,0.6184596593,0.6864604285
real_20240707,real,2024-07-07,adapted,2083,0.6527734253,10.27699914,-0.2884907187,0.08322689475,2281.588166,2083,0.7150072599,0.6527734253,0.6187730407,0.6867738099
real_20240707,real,2024-07-07,adapted,2084,0.6530868066,10.27377418,0.9239620783,0.8537059221,2282.441872,2084,0.7152747954,0.6530868066,0.619086422,0.6870871912
real_20240707,real,2024-07-07,adapted,2085,0.653400188,10.27325241,-0.3431322793,0.1177397611,2282.559612,2085,0.7153116929,0.653400188,0.6193998034,0.6874005726
real_20240707,real,2024-07-07,adapted,2086,0.6537135694,10.26616722,0.1808750809,0.03271579488,2282.592328,2086,0.7153219454,0.6537135694,0.6197131848,0.687713954
real_20240707,real,2024-07-07,adapted,2087,0.6540269508,10.26563057,0.434331984,0.1886442723,2282.780972,2087,0.715381063,0.6540269508,0.6200265662,0.6880273354
real_20240707,real,2024-07-07,adapted,2088,0.6543403322,10.25914998,0.4073623425,0.1659440781,2282.946916,2088,0.7154330668,0.6543403322,0.6203399476,0.6883407168
real_20240707,real,2024-07-07,adapted,2089,0.6546537136,10.25635649,0.4886514849,0.2387802736,2283.185696,2089,0.7155078961,0.6546537136,0.620653329,0.6886540982
real_20240707,real,2024-07-07,adapted,2090,0.654967095,10.25276967,-0.07392380446,0.005464728866,2283.191161,2090,0.7155096086,0.654967095,0.6209667104,0.6889674796
real_20240707,real,2024-07-07,adapted,2091,0.6552804763,10.25110383,-0.4933912547,0.2434349302,2283.434596,2091,0.7155858966,0.6552804763,0.6212800917,0.6892808609
real_20240707,real,2024-07-07,adapted,2092,0.6555938577,10.24753949,2.077967274,4.317947994,2287.752544,2092,0.7169390611,0.6555938577,0.6215934731,0.6895942423
real_20240707,real,2024-07-07,adapted,2093,0.6559072391,10.24638041,0.3921925242,0.153814976,2287.906359,2093,0.7169872639,0.6559072391,0.6219068545,0.6899076237
real_20240707,real,2024-07-07,adapted,2094,0.6562206205,10.2423819,-0.856468662,0.7335385689,2288.639898,2094,0.7172171412,0.6562206205,0.6222202359,0.6902210051
real_20240707,real,2024-07-07,adapted,2095,0.6565340019,10.23940597,2.249258477,5.059163699,2293.699061,2095,0.718802589,0.6565340019,0.6225336173,0.6905343865
real_20240707,real,2024-07-07,adapted,2096,0.6568473833,10.23757721,-0.4957979957,0.2458156525,2293.944877,2096,0.718879623,0.6568473833,0.6228469987,0.6908477679
real_20240707,real,2024-07-07,adapted,2097,0.6571607647,10.23633399,1.704835844,2.906465256,2296.851342,2097,0.7197904551,0.6571607647,0.6231603801,0.6911611493
real_20240707,real,2024-07-07,adapted,2098,0.657474146,10.23280107,-0.2617204186,0.06849757749,2296.91984,2098,0.719811921,0.657474146,0.6234737614,0.6914745306
real_20240707,real,2024-07-07,adapted,2099,0.6577875274,10.23216885,-1.266032267,1.602837701,2298.522678,2099,0.7203142205,0.6577875274,0.6237871428,0.691787912
real_20240707,real,2024-07-07,adapted,2100,0.6581009088,10.22800392,0.6130696388,0.375854382,2298.898532,2100,0.7204320062,0.6581009088,0.6241005242,0.6921012934
real_20240707,real,2024-07-07,adapted,2101,0.6584142902,10.22277415,-0.8384677868,0.7030282295,2299.60156,2101,0.7206523222,0.6584142902,0.6244139056,0.6924146748
real_20240707,real,2024-07-07,adapted,2102,0.6587276716,10.2219709,0.6360733036,0.4045892476,2300.006149,2102,0.7207791129,0.6587276716,0.624727287,0.6927280562
real_20240707,real,2024-07-07,adapted,2103,0.659041053,10.21835956,0.09621628134,0.009257572796,2300.015407,2103,0.7207820141,0.659041053,0.6250406684,0.6930414376
real_20240707,real,2024-07-07,adapted,2104,0.6593544343,10.21464869,1.210915996,1.466317549,2301.481725,2104,0.7212415307,0.6593544343,0.6253540497,0.6933548189
real_20240707,real,2024-07-07,adapted,2105,0.6596678157,10.21225076,-2.640049321,6.969860418,2308.451585,2105,0.7234257552,0.6596678157,0.6256674311,0.6936682003
real_20240707,real,2024-07-07,adapted,2106,0.6599811971,10.20940636,0.5016566369,0.2516593813,2308.703244,2106,0.7235046206,0.6599811971,0.6259808125,0.6939815817
real_20240707,real,2024-07-07,adapted,2107,0.6602945785,10.20828105,-1.455579112,2.118710552,2310.821955,2107,0.724168585,0.6602945785,0.6262941939,0.6942949631
real_20240707,real,2024-07-07,adapted,2108,0.6606079599,10.20211509,-1.598684324,2.555791568,2313.377746,2108,0.7249695225,0.6606079599,0.6266075753,0.6946083445
real_20240707,real,2024-07-07,adapted,2109,0.6609213413,10.19902949,-1.593228356,2.538376595,2315.916123,2109,0.7257650025,0.6609213413,0.6269209567,0.6949217259
real_20240707,real,2024-07-07,adapted,2110,0.6612347227,10.19663297,-1.466268864,2.149944381,2318.066067,2110,0.7264387551,0.6612347227,0.6272343381,0.6952351073
real_20240707,real,2024-07-07,adapted,2111,0.661548104,10.19512441,0.5981024446,0.3577265342,2318.423794,2111,0.7265508599,0.661548104,0.6275477194,0.6955484886
real_20240707,real,2024-07-07,adapted,2112,0.6618614854,10.19338938,1.431976376,2.050556343,2320.47435,2112,0.7271934661,0.6618614854,0.6278611008,0.69586187
real_20240707,real,2024-07-07,adapted,2113,0.6621748668,10.19262742,1.093252371,1.195200746,2321.669551,2113,0.7275680198,0.6621748668,0.6281744822,0.6961752514
real_20240707,real,2024-07-07,adapted,2114,0.6624882482,10.18911935,-0.4197310139,0.176174124,2321.845725,2114,0.7276232294,0.6624882482,0.6284878636,0.6964886328
real_20240707,real,2024-07-07,adapted,2115,0.6628016296,10.18770493,0.239675651,0.0574444177,2321.90317,2115,0.7276412315,0.6628016296,0.628801245,0.6968020142
real_20240707,real,2024-07-07,adapted,2116,0.663115011,10.18396533,0.2151329234,0.04628217475,2321.949452,2116,0.7276557354,0.663115011,0.6291146264,0.6971153956
real_20240707,real,2024-07-07,adapted,2117,0.6634283924,10.17925379,-0.335891444,0.1128230622,2322.062275,2117,0.7276910921,0.6634283924,0.6294280078,0.697428777
real_20240707,real,2024-07-07,adapted,2118,0.6637417737,10.17728042,-0.4779965708,0.2284807217,2322.290756,2118,0.7277626937,0.6637417737,0.6297413891,0.6977421583
real_20240707,real,2024-07-07,adapted,2119,0.6640551551,10.17433805,-0.3884162253,0.150867164,2322.441623,2119,0.7278099726,0.6640551551,0.6300547705,0.6980555397
real_20240707,real,2024-07-07,adapted,2120,0.6643685365,10.17261652,-0.1625357908,0.02641788328,2322.468041,2120,0.7278182515,0.6643685365,0.6303681519,0.6983689211
real_20240707,real,2024-07-07,adapted,2121,0.6646819179,10.16895589,-0.9550119615,0.9120478466,2323.380088,2121,0.7281040703,0.6646819179,0.6306815333,0.6986823025
real_20240707,real,2024-07-07,adapted,2122,0.6649952993,10.16660723,-0.01890651042,0.0003574561362,2323.380446,2122,0.7281041824,0.6649952993,0.6309949147,0.6989956839
real_20240707,real,2024-07-07,adapted,2123,0.6653086807,10.16327655,0.2853342274,0.08141562132,2323.461862,2123,0.7281296965,0.6653086807,0.6313082961,0.6993090653
real_20240707,real,2024-07-07,adapted,2124,0.665622062,10.15828739,-0.2828255698,0.07999030295,2323.541852,2124,0.728154764,0.665622062,0.6316216774,0.6996224466
real_20240707,real,2024-07-07,adapted,2125,0.6659354434,10.15349665,0.01917850872,0.0003678151966,2323.54222,2125,0.7281548792,0.6659354434,0.6319350588,0.699935828
real_20240707,real,2024-07-07,adapted,2126,0.6662488248,10.15278632,-0.1378094319,0.01899143952,2323.561211,2126,0.7281608308,0.6662488248,0.6322484402,0.7002492094
real_20240707,real,2024-07-07,adapted,2127,0.6665622062,10.15056289,-1.985800627,3.943404131,2327.504615,2127,0.7293966202,0.6665622062,0.6325618216,0.7005625908
real_20240707,real,2024-07-07,adapted,2128,0.6668755876,10.14530639,0.03582498598,0.001283429621,2327.505899,2128,0.7293970224,0.6668755876,0.632875203,0.7008759722
real_20240707,real,2024-07-07,adapted,2129,0.667188969,10.14443475,0.3812361368,0.145340992,2327.65124,2129,0.7294425696,0.667188969,0.6331885844,0.7011893536
real_20240707,real,2024-07-07,adapted,2130,0.6675023504,10.14339966,-1.008634472,1.017343498,2328.668583,2130,0.7297613861,0.6675023504,0.6335019658,0.701502735
real_20240707,real,2024-07-07,adapted,2131,0.6678157317,10.14168253,-1.63983326,2.689053121,2331.357636,2131,0.7306040853,0.6678157317,0.6338153471,0.7018161163
real_20240707,real,2024-07-07,adapted,2132,0.6681291131,10.13883487,-0.4117961235,0.1695760473,2331.527212,2132,0.7306572273,0.6681291131,0.6341287285,0.7021294977
real_20240707,real,2024-07-07,adapted,2133,0.6684424945,10.13674562,-0.8779080065,0.7707224678,2332.297935,2133,0.7308987574,0.6684424945,0.6344421099,0.7024428791
real_20240707,real,2024-07-07,adapted,2134,0.6687558759,10.13259027,0.94140642,0.8862460477,2333.184181,2134,0.7311764904,0.6687558759,0.6347554913,0.7027562605
real_20240707,real,2024-07-07,adapted,2135,0.6690692573,10.12746807,-1.763104049,3.108535886,2336.292717,2135,0.7321506477,0.6690692573,0.6350688727,0.7030696419
real_20240707,real,2024-07-07,adapted,2136,0.6693826387,10.12701158,0.4546690329,0.2067239295,2336.499441,2136,0.7322154311,0.6693826387,0.6353822541,0.7033830233
real_20240707,real,2024-07-07,adapted,2137,0.6696960201,10.11968686,1.324977374,1.75556504,2338.255006,2137,0.7327655925,0.6696960201,0.6356956355,0.7036964047
real_20240707,real,2024-07-07,adapted,2138,0.6700094014,10.11659039,-1.306437366,1.706778591,2339.961784,2138,0.7333004651,0.6700094014,0.6360090168,0.704009786
real_20240707,real,2024-07-07,adapted,2139,0.6703227828,10.11599432,-0.6596225004,0.4351018431,2340.396886,2139,0.733436818,0.6703227828,0.6363223982,0.7043231674
real_20240707,real,2024-07-07,adapted,2140,0.6706361642,10.11420977,1.381876524,1.909582727,2342.306469,2140,0.7340352456,0.6706361642,0.6366357796,0.7046365488
real_20240707,real,2024-07-07,adapted,2141,0.6709495456,10.11113363,-1.418789969,2.012964975,2344.319434,2141,0.7346660714,0.6709495456,0.636949161,0.7049499302
real_20240707,real,2024-07-07,adapted,2142,0.671262927,10.10979017,0.1552699736,0.02410876471,2344.343543,2142,0.7346736266,0.671262927,0.6372625424,0.7052633116
real_20240707,real,2024-07-07,adapted,2143,0.6715763084,10.10800098,-0.1746303061,0.03049574381,2344.374038,2143,0.7346831834,0.6715763084,0.6375759238,0.705576693
real_20240707,real,2024-07-07,adapted,2144,0.6718896898,10.10560598,0.3224706291,0.1039873066,2344.478026,2144,0.7347157711,0.6718896898,0.6378893052,0.7058900744
real_20240707,real,2024-07-07,adapted,2145,0.6722030711,10.09976397,-0.6230567882,0.3881997613,2344.866225,2145,0.7348374257,0.6722030711,0.6382026865,0.7062034557
real_20240707,real,2024-07-07,adapted,2146,0.6725164525,10.09625918,1.391726739,1.936903315,2346.803129,2146,0.7354444151,0.6725164525,0.6385160679,0.7065168371
real_20240707,real,2024-07-07,adapted,2147,0.6728298339,10.09250345,0.3528256153,0.1244859148,2346.927615,2147,0.7354834267,0.6728298339,0.6388294493,0.7068302185
real_20240707,real,2024-07-07,adapted,2148,0.6731432153,10.08934609,1.298596802,1.686353654,2348.613968,2148,0.7360118985,0.6731432153,0.6391428307,0.7071435999
real_20240707,real,2024-07-07,adapted,2149,0.6734565967,10.08723075,-0.6329846568,0.4006695758,2349.014638,2149,0.7361374609,0.6734565967,0.6394562121,0.7074569813
real_20240707,real,2024-07-07,adapted,2150,0.6737699781,10.08325654,-0.04243317382,0.00180057424,2349.016438,2150,0.7361380252,0.6737699781,0.6397695935,0.7077703627
real_20240707,real,2024-07-07,adapted,2151,0.6740833594,10.07868204,0.2269583478,0.05151009163,2349.067948,2151,0.7361541675,0.6740833594,0.6400829748,0.708083744
real_20240707,real,2024-07-07,adapted,2152,0.6743967408,10.07371713,0.6675628672,0.4456401817,2349.513589,2152,0.7362938228,0.6743967408,0.6403963562,0.7083971254
real_20240707,real,2024-07-07,adapted,2153,0.6747101222,10.06766036,-0.7466793086,0.5575299899,2350.071119,2153,0.7364685424,0.6747101222,0.6407097376,0.7087105068
real_20240707,real,2024-07-07,adapted,2154,0.6750235036,10.06426147,0.3344778986,0.1118754646,2350.182994,2154,0.736503602,0.6750235036,0.641023119,0.7090238882
real_20240707,real,2024-07-07,adapted,2155,0.675336885,10.06325364,0.09822374633,0.009647904343,2350.192642,2155,0.7365066255,0.675336885,0.6413365004,0.7093372696
real_20240707,real,2024-07-07,adapted,2156,0.6756502664,10.06127725,-1.180003363,1.392407936,2351.58505,2156,0.7369429802,0.6756502664,0.6416498818,0.709650651
real_20240707,real,2024-07-07,adapted,2157,0.6759636478,10.06021155,0.7023432751,0.4932860761,2352.078336,2157,0.7370975669,0.6759636478,0.6419632632,0.7099640324
real_20240707,real,2024-07-07,adapted,2158,0.6762770291,10.05837233,-0.2212607518,0.04895632031,2352.127292,2158,0.7371129089,0.6762770291,0.6422766445,0.7102774137
real_20240707,real,2024-07-07,adapted,2159,0.6765904105,10.05323046,-0.3769868284,0.1421190688,2352.269411,2159,0.7371574464,0.6765904105,0.6425900259,0.7105907951
real_20240707,real,2024-07-07,adapted,2160,0.6769037919,10.04991558,-1.333976491,1.779493277,2354.048905,2160,0.7377151065,0.6769037919,0.6429034073,0.7109041765
real_20240707,real,2024-07-07,adapted,2161,0.6772171733,10.04765721,0.5004791424,0.250479372,2354.299384,2161,0.737793602,0.6772171733,0.6432167887,0.7112175579
real_20240707,real,2024-07-07,adapted,2162,0.6775305547,10.04530463,-0.5303961705,0.2813200977,2354.580704,2162,0.7378817625,0.6775305547,0.6435301701,0.7115309393
real_20240707,real,2024-07-07,adapted,2163,0.6778439361,10.04076623,-0.5487855807,0.3011656136,2354.88187,2163,0.7379761422,0.6778439361,0.6438435515,0.7118443207
real_20240707,real,2024-07-07,adapted,2164,0.6781573175,10.03936439,-0.6006365092,0.3607642162,2355.242634,2164,0.738089199,0.6781573175,0.6441569329,0.7121577021
real_20240707,real,2024-07-07,adapted,2165,0.6784706988,10.03474769,2.627027568,6.901273846,2362.143908,2165,0.7402519298,0.6784706988,0.6444703142,0.7124710834
real_20240707,real,2024-07-07,adapted,2166,0.6787840802,10.03025324,-1.59561369,2.545983047,2364.689891,2166,0.7410497935,0.6787840802,0.6447836956,0.7127844648
real_20240707,real,2024-07-07,adapted,2167,0.6790974616,10.02262317,0.8244381745,0.6796983036,2365.369589,2167,0.7412627982,0.6790974616,0.645097077,0.7130978462
real_20240707,real,2024-07-07,adapted,2168,0.679410843,10.02182017,0.8794472726,0.7734275053,2366.143017,2168,0.741505176,0.679410843,0.6454104584,0.7134112276
real_20240707,real,2024-07-07,adapted,2169,0.6797242244,10.02070282,2.18908532,4.792094536,2370.935111,2169,0.7430069293,0.6797242244,0.6457238398,0.713724609
real_20240707,real,2024-07-07,adapted,2170,0.6800376058,10.01568655,-2.201480066,4.846514482,2375.781626,2170,0.7445257367,0.6800376058,0.6460372212,0.7140379904
real_20240707,real,2024-07-07,adapted,2171,0.6803509872,10.00961761,-0.2902784052,0.08426155252,2375.865887,2171,0.7445521427,0.6803509872,0.6463506026,0.7143513718
real_20240707,real,2024-07-07,adapted,2172,0.6806643685,10.00757878,0.1228058855,0.01508128552,2375.880969,2172,0.7445568689,0.6806643685,0.6466639839,0.7146647531
real_20240707,real,2024-07-07,adapted,2173,0.6809777499,10.00450499,0.154080163,0.02374069664,2375.904709,2173,0.7445643088,0.6809777499,0.6469773653,0.7149781345
real_20240707,real,2024-07-07,adapted,2174,0.6812911313,9.995210814,0.7653597342,0.5857755227,2376.490485,2174,0.7447478799,0.6812911313,0.6472907467,0.7152915159
real_20240707,real,2024-07-07,adapted,2175,0.6816045127,9.99347281,-0.6419834773,0.4121427851,2376.902628,2175,0.7448770378,0.6816045127,0.6476041281,0.7156048973
real_20240707,real,2024-07-07,adapted,2176,0.6819178941,9.989967976,0.08485414352,0.007200225672,2376.909828,2176,0.7448792942,0.6819178941,0.6479175095,0.7159182787
real_20240707,real,2024-07-07,adapted,2177,0.6822312755,9.986694418,-1.005336769,1.010702019,2377.92053,2177,0.7451960294,0.6822312755,0.6482308909,0.7162316601
real_20240707,real,2024-07-07,adapted,2178,0.6825446568,9.982964667,-1.790184027,3.204758852,2381.125289,2178,0.7462003412,0.6825446568,0.6485442722,0.7165450414
real_20240707,real,2024-07-07,adapted,2179,0.6828580382,9.982007803,-0.5251165707,0.2757474129,2381.401036,2179,0.7462867553,0.6828580382,0.6488576536,0.7168584228
real_20240707,real,2024-07-07,adapted,2180,0.6831714196,9.976655579,1.585298155,2.513170242,2383.914206,2180,0.747074336,0.6831714196,0.649171035,0.7171718042
real_20240707,real,2024-07-07,adapted,2181,0.683484801,9.973495694,0.1456195177,0.02120504393,2383.935411,2181,0.7470809813,0.683484801,0.6494844164,0.7174851856
real_20240707,real,2024-07-07,adapted,2182,0.6837981824,9.970931048,-0.0006920765968,4.789700159e-07,2383.935412,2182,0.7470809815,0.6837981824,0.6497977978,0.717798567
real_20240707,real,2024-07-07,adapted,2183,0.6841115638,9.965408925,-0.8075211344,0.6520903825,2384.587502,2183,0.7472853345,0.6841115638,0.6501111792,0.7181119484
real_20240707,real,2024-07-07,adapted,2184,0.6844249452,9.961533265,0.8938387509,0.7989477126,2385.38645,2184,0.7475357098,0.6844249452,0.6504245606,0.7184253298
real_20240707,real,2024-07-07,adapted,2185,0.6847383265,9.960596388,-1.536631517,2.36123642,2387.747686,2185,0.7482756773,0.6847383265,0.6507379419,0.7187387111
real_20240707,real,2024-07-07,adapted,2186,0.6850517079,9.958320209,-0.3283144927,0.1077904061,2387.855477,2186,0.7483094568,0.6850517079,0.6510513233,0.7190520925
real_20240707,real,2024-07-07,adapted,2187,0.6853650893,9.955501742,-2.10340952,4.424331609,2392.279808,2187,0.74969596,0.6853650893,0.6513647047,0.7193654739
real_20240707,real,2024-07-07,adapted,2188,0.6856784707,9.954960045,-0.5968006398,0.3561710037,2392.635979,2188,0.7498075774,0.6856784707,0.6516780861,0.7196788553
real_20240707,real,2024-07-07,adapted,2189,0.6859918521,9.947992877,1.481439683,2.194663535,2394.830643,2189,0.7504953441,0.6859918521,0.6519914675,0.7199922367
real_20240707,real,2024-07-07,adapted,2190,0.6863052335,9.945516602,-1.965064382,3.861478024,2398.692121,2190,0.7517054594,0.6863052335,0.6523048489,0.7203056181
real_20240707,real,2024-07-07,adapted,2191,0.6866186149,9.941498578,0.5340267295,0.2851845478,2398.977305,2191,0.7517948309,0.6866186149,0.6526182303,0.7206189995
real_20240707,real,2024-07-07,adapted,2192,0.6869319962,9.940180643,0.996375734,0.9927646032,2399.97007,2192,0.7521059449,0.6869319962,0.6529316116,0.7209323808
real_20240707,real,2024-07-07,adapted,2193,0.6872453776,9.933712425,1.022307625,1.045112881,2401.015183,2193,0.7524334638,0.6872453776,0.653244993,0.7212457622
real_20240707,real,2024-07-07,adapted,2194,0.687558759,9.932145264,-0.6593051382,0.4346832653,2401.449866,2194,0.7525696854,0.687558759,0.6535583744,0.7215591436
real_20240707,real,2024-07-07,adapted,2195,0.6878721404,9.923088855,0.4182947777,0.174970521,2401.624837,2195,0.7526245179,0.6878721404,0.6538717558,0.721872525
real_20240707,real,2024-07-07,adapted,2196,0.6881855218,9.921138243,0.2441777965,0.05962279631,2401.68446,2196,0.7526432026,0.6881855218,0.6541851372,0.7221859064
real_20240707,real,2024-07-07,adapted,2197,0.6884989032,9.919567421,-0.3485576887,0.1214924624,2401.805952,2197,0.7526812761,0.6884989032,0.6544985186,0.7224992878
real_20240707,real,2024-07-07,adapted,2198,0.6888122846,9.910044955,0.03163180897,0.001000571339,2401.806953,2198,0.7526815897,0.6888122846,0.6548119,0.7228126692
real_20240707,real,2024-07-07,adapted,2199,0.6891256659,9.908873078,-0.4423526542,0.1956758707,2402.002628,2199,0.7527429108,0.6891256659,0.6551252813,0.7231260505
real_20240707,real,2024-07-07,adapted,2200,0.6894390473,9.904400002,0.6471651985,0.4188227942,2402.421451,2200,0.7528741621,0.6894390473,0.6554386627,0.7234394319
real_20240707,real,2024-07-07,adapted,2201,0.6897524287,9.902725573,0.2793723886,0.07804893154,2402.4995,2201,0.7528986212,0.6897524287,0.6557520441,0.7237528133
real_20240707,real,2024-07-07,adapted,2202,0.6900658101,9.901642702,0.02495035069,0.0006225199997,2402.500123,2202,0.7528988163,0.6900658101,0.6560654255,0.7240661947
real_20240707,real,2024-07-07,adapted,2203,0.6903791915,9.896586103,-1.984762685,3.939282915,2406.439406,2203,0.7541333142,0.6903791915,0.6563788069,0.7243795761
real_20240707,real,2024-07-07,adapted,2204,0.6906925729,9.894503834,0.6645268681,0.4415959584,2406.881002,2204,0.7542717022,0.6906925729,0.6566921883,0.7246929575
real_20240707,real,2024-07-07,adapted,2205,0.6910059542,9.890174087,-1.311298098,1.719502701,2408.600504,2205,0.7548105623,0.6910059542,0.6570055696,0.7250063388
real_20240707,real,2024-07-07,adapted,2206,0.6913193356,9.887921681,0.4769343583,0.2274663821,2408.827971,2206,0.754881846,0.6913193356,0.657318951,0.7253197202
real_20240707,real,2024-07-07,adapted,2207,0.691632717,9.883221588,-0.05430622488,0.002949166061,2408.83092,2207,0.7548827702,0.691632717,0.6576323324,0.7256331016
real_20240707,real,2024-07-07,adapted,2208,0.6919460984,9.88264221,-0.06818188413,0.004648769323,2408.835569,2208,0.7548842271,0.6919460984,0.6579457138,0.725946483
real_20240707,real,2024-07-07,adapted,2209,0.6922594798,9.881174546,-0.7414194631,0.5497028203,2409.385271,2209,0.7550564937,0.6922594798,0.6582590952,0.7262598644
real_20240707,real,2024-07-07,adapted,2210,0.6925728612,9.8762095,1.678232991,2.816465973,2412.201737,2210,0.7559391217,0.6925728612,0.6585724766,0.7265732458
real_20240707,real,2024-07-07,adapted,2211,0.6928862426,9.87313309,0.04782101429,0.002286849408,2412.204024,2211,0.7559398384,0.6928862426,0.658885858,0.7268866272
real_20240707,real,2024-07-07,adapted,2212,0.6931996239,9.869848872,0.09645032261,0.009302664731,2412.213327,2212,0.7559427537,0.6931996239,0.6591992393,0.7272000085
real_20240707,real,2024-07-07,adapted,2213,0.6935130053,9.867010865,0.7084401389,0.5018874304,2412.715214,2213,0.7561000358,0.6935130053,0.6595126207,0.7275133899
real_20240707,real,2024-07-07,adapted,2214,0.6938263867,9.863726727,-0.8718935556,0.7601983723,2413.475413,2214,0.7563382679,0.6938263867,0.6598260021,0.7278267713
real_20240707,real,2024-07-07,adapted,2215,0.6941397681,9.859851398,-0.3355390093,0.1125864268,2413.587999,2215,0.7563735503,0.6941397681,0.6601393835,0.7281401527
real_20240707,real,2024-07-07,adapted,2216,0.6944531495,9.855982492,0.8883171216,0.7891073085,2414.377106,2216,0.7566208419,0.6944531495,0.6604527649,0.7284535341
real_20240707,real,2024-07-07,adapted,2217,0.6947665309,9.854041853,0.5769162159,0.3328323202,2414.709939,2217,0.7567251453,0.6947665309,0.6607661463,0.7287669155
real_20240707,real,2024-07-07,adapted,2218,0.6950799123,9.853764414,0.627084321,0.3932347457,2415.103174,2218,0.7568483778,0.6950799123,0.6610795277,0.7290802969
real_20240707,real,2024-07-07,adapted,2219,0.6953932936,9.852785007,0.09635079483,0.009283475665,2415.112457,2219,0.7568512871,0.6953932936,0.661392909,0.7293936782
real_20240707,real,2024-07-07,adapted,2220,0.695706675,9.850109405,-1.360597924,1.851226712,2416.963684,2220,0.757431427,0.695706675,0.6617062904,0.7297070596
real_20240707,real,2024-07-07,adapted,2221,0.6960200564,9.849442791,-0.6075851492,0.3691597135,2417.332843,2221,0.7575471148,0.6960200564,0.6620196718,0.730020441
real_20240707,real,2024-07-07,adapted,2222,0.6963334378,9.847825797,-0.6966789968,0.4853616246,2417.818205,2222,0.7576992181,0.6963334378,0.6623330532,0.7303338224
real_20240707,real,2024-07-07,adapted,2223,0.6966468192,9.845827475,1.272839668,1.620120821,2419.438326,2223,0.7582069338,0.6966468192,0.6626464346,0.7306472038
real_20240707,real,2024-07-07,adapted,2224,0.6969602006,9.843220689,-1.089133645,1.186212097,2420.624538,2224,0.7585786706,0.6969602006,0.662959816,0.7309605852
real_20240707,real,2024-07-07,adapted,2225,0.6972735819,9.840974796,-0.6350639636,0.4033062378,2421.027844,2225,0.7587050593,0.6972735819,0.6632731973,0.7312739665
real_20240707,real,2024-07-07,adapted,2226,0.6975869633,9.837577297,0.2880411789,0.08296772073,2421.110812,2226,0.7587310598,0.6975869633,0.6635865787,0.7315873479
real_20240707,real,2024-07-07,adapted,2227,0.6979003447,9.83607648,0.1301526015,0.01693969967,2421.127752,2227,0.7587363684,0.6979003447,0.6638999601,0.7319007293
real_20240707,real,2024-07-07,adapted,2228,0.6982137261,9.835157123,0.8283827603,0.6862179976,2421.81397,2228,0.7589514164,0.6982137261,0.6642133415,0.7322141107
real_20240707,real,2024-07-07,adapted,2229,0.6985271075,9.832631022,0.2857169569,0.08163417949,2421.895604,2229,0.758976999,0.6985271075,0.6645267229,0.7325274921
real_20240707,real,2024-07-07,adapted,2230,0.6988404889,9.830320034,1.340062023,1.795766227,2423.69137,2230,0.7595397587,0.6988404889,0.6648401043,0.7328408735
real_20240707,real,2024-07-07,adapted,2231,0.6991538703,9.828517214,1.020722845,1.041875126,2424.733245,2231,0.759866263,0.6991538703,0.6651534857,0.7331542549
real_20240707,real,2024-07-07,adapted,2232,0.6994672516,9.827939348,-2.907291502,8.452343878,2433.185589,2232,0.7625150702,0.6994672516,0.665466867,0.7334676362
real_20240707,real,2024-07-07,adapted,2233,0.699780633,9.824568712,0.470080011,0.2209752168,2433.406564,2233,0.7625843197,0.699780633,0.6657802484,0.7337810176
real_20240707,real,2024-07-07,adapted,2234,0.7000940144,9.824109184,-1.104806286,1.220596931,2434.627161,2234,0.7629668321,0.7000940144,0.6660936298,0.734094399
real_20240707,real,2024-07-07,adapted,2235,0.7004073958,9.822525871,0.02768502528,0.0007664606248,2434.627928,2235,0.7629670723,0.7004073958,0.6664070112,0.7344077804
real_20240707,real,2024-07-07,adapted,2236,0.7007207772,9.81834476,0.3944908726,0.1556230485,2434.783551,2236,0.7630158416,0.7007207772,0.6667203926,0.7347211618
real_20240707,real,2024-07-07,adapted,2237,0.7010341586,9.816849222,-0.539325626,0.2908721308,2435.074423,2237,0.7631069956,0.7010341586,0.667033774,0.7350345432
real_20240707,real,2024-07-07,adapted,2238,0.70134754,9.814290157,-0.2886044464,0.08329252645,2435.157715,2238,0.7631330979,0.70134754,0.6673471554,0.7353479246
real_20240707,real,2024-07-07,adapted,2239,0.7016609213,9.813585324,1.429426893,2.043261241,2437.200977,2239,0.7637734179,0.7016609213,0.6676605367,0.7356613059
real_20240707,real,2024-07-07,adapted,2240,0.7019743027,9.812352322,-0.3233065682,0.1045271371,2437.305504,2240,0.7638061748,0.7019743027,0.6679739181,0.7359746873
real_20240707,real,2024-07-07,adapted,2241,0.7022876841,9.799806817,1.04634772,1.094843551,2438.400347,2241,0.7641492784,0.7022876841,0.6682872995,0.7362880687
real_20240707,real,2024-07-07,adapted,2242,0.7026010655,9.798447835,1.456831833,2.122358991,2440.522706,2242,0.7648143862,0.7026010655,0.6686006809,0.7366014501
real_20240707,real,2024-07-07,adapted,2243,0.7029144469,9.796785112,0.5681361286,0.3227786606,2440.845485,2243,0.764915539,0.7029144469,0.6689140623,0.7369148315
real_20240707,real,2024-07-07,adapted,2244,0.7032278283,9.794580483,1.763976751,3.111613978,2443.957099,2244,0.7658906609,0.7032278283,0.6692274437,0.7372282129
real_20240707,real,2024-07-07,adapted,2245,0.7035412097,9.792654487,-0.411047402,0.1689599667,2444.126059,2245,0.7659436098,0.7035412097,0.6695408251,0.7375415943
real_20240707,real,2024-07-07,adapted,2246,0.703854591,9.790800833,-1.286578874,1.655285199,2445.781344,2246,0.7664623454,0.703854591,0.6698542064,0.7378549756
real_20240707,real,2024-07-07,adapted,2247,0.7041679724,9.782090361,-0.0443429142,0.00196629404,2445.78331,2247,0.7664629616,0.7041679724,0.6701675878,0.738168357
real_20240707,real,2024-07-07,adapted,2248,0.7044813538,9.780340996,-1.154439547,1.332730669,2447.116041,2248,0.7668806145,0.7044813538,0.6704809692,0.7384817384
real_20240707,real,2024-07-07,adapted,2249,0.7047947352,9.779537061,0.7951931551,0.6323321539,2447.748373,2249,0.7670787757,0.7047947352,0.6707943506,0.7387951198
real_20240707,real,2024-07-07,adapted,2250,0.7051081166,9.776838174,-0.7747364844,0.6002166203,2448.34859,2250,0.7672668724,0.7051081166,0.671107732,0.7391085012
real_20240707,real,2024-07-07,adapted,2251,0.705421498,9.771621029,-1.125182959,1.266036691,2449.614626,2251,0.7676636247,0.705421498,0.6714211134,0.7394218826
real_20240707,real,2024-07-07,adapted,2252,0.7057348793,9.769689404,0.6339249301,0.401860817,2450.016487,2252,0.7677895604,0.7057348793,0.6717344947,0.7397352639
real_20240707,real,2024-07-07,adapted,2253,0.7060482607,9.766619332,1.8515138,3.428103353,2453.444591,2253,0.7688638642,0.7060482607,0.6720478761,0.7400486453
real_20240707,real,2024-07-07,adapted,2254,0.7063616421,9.764237371,-0.4263096216,0.1817398935,2453.626331,2254,0.7689208181,0.7063616421,0.6723612575,0.7403620267
real_20240707,real,2024-07-07,adapted,2255,0.7066750235,9.762809179,0.2013800505,0.04055392473,2453.666884,2255,0.7689335269,0.7066750235,0.6726746389,0.7406754081
real_20240707,real,2024-07-07,adapted,2256,0.7069884049,9.761270991,-1.670106251,2.78925489,2456.456139,2256,0.7698076275,0.7069884049,0.6729880203,0.7409887895
real_20240707,real,2024-07-07,adapted,2257,0.7073017863,9.760692178,-0.6544573077,0.4283143676,2456.884454,2257,0.7699418533,0.7073017863,0.6733014017,0.7413021709
real_20240707,real,2024-07-07,adapted,2258,0.7076151677,9.758379366,0.9540300474,0.9101733314,2457.794627,2258,0.7702270846,0.7076151677,0.6736147831,0.7416155523
real_20240707,real,2024-07-07,adapted,2259,0.707928549,9.753006225,-0.6088064113,0.3706452464,2458.165272,2259,0.770343238,0.707928549,0.6739281644,0.7419289336
real_20240707,real,2024-07-07,adapted,2260,0.7082419304,9.749473525,-0.8107283798,0.6572805057,2458.822553,2260,0.7705492174,0.7082419304,0.6742415458,0.742242315
real_20240707,real,2024-07-07,adapted,2261,0.7085553118,9.746957998,0.3579002314,0.1280925756,2458.950645,2261,0.7705893593,0.7085553118,0.6745549272,0.7425556964
real_20240707,real,2024-07-07,adapted,2262,0.7088686932,9.743805204,0.9920062651,0.9840764301,2459.934722,2262,0.7708977505,0.7088686932,0.6748683086,0.7428690778
real_20240707,real,2024-07-07,adapted,2263,0.7091820746,9.741564148,-0.6361367334,0.4046699436,2460.339392,2263,0.7710245665,0.7091820746,0.67518169,0.7431824592
real_20240707,real,2024-07-07,adapted,2264,0.709495456,9.740712067,-0.801532397,0.6424541834,2460.981846,2264,0.7712258997,0.709495456,0.6754950714,0.7434958406
real_20240707,real,2024-07-07,adapted,2265,0.7098088374,9.739181035,0.594515368,0.3534485227,2461.335294,2265,0.7713366639,0.7098088374,0.6758084528,0.743809222
real_20240707,real,2024-07-07,adapted,2266,0.7101222187,9.736534781,1.233786417,1.522228922,2462.857523,2266,0.7718137021,0.7101222187,0.6761218341,0.7441226033
real_20240707,real,2024-07-07,adapted,2267,0.7104356001,9.735778731,0.1140708283,0.01301215387,2462.870536,2267,0.7718177799,0.7104356001,0.6764352155,0.7444359847
real_20240707,real,2024-07-07,adapted,2268,0.7107489815,9.735177658,0.4583421394,0.2100775168,2463.080613,2268,0.7718836142,0.7107489815,0.6767485969,0.7447493661
real_20240707,real,2024-07-07,adapted,2269,0.7110623629,9.725676369,1.680751634,2.824926055,2465.905539,2269,0.7727688935,0.7110623629,0.6770619783,0.7450627475
real_20240707,real,2024-07-07,adapted,2270,0.7113757443,9.72418846,0.7214747488,0.5205258131,2466.426065,2270,0.7729320166,0.7113757443,0.6773753597,0.7453761289
real_20240707,real,2024-07-07,adapted,2271,0.7116891257,9.72235391,-0.2081501379,0.04332647991,2466.469391,2271,0.7729455943,0.7116891257,0.6776887411,0.7456895103
real_20240707,real,2024-07-07,adapted,2272,0.7120025071,9.720913205,1.088620609,1.18509483,2467.654486,2272,0.773316981,0.7120025071,0.6780021225,0.7460028917
real_20240707,real,2024-07-07,adapted,2273,0.7123158884,9.716299384,0.3327021603,0.1106907274,2467.765177,2273,0.7733516694,0.7123158884,0.6783155038,0.746316273
real_20240707,real,2024-07-07,adapted,2274,0.7126292698,9.715074912,0.02839811359,0.0008064528556,2467.765983,2274,0.7733519221,0.7126292698,0.6786288852,0.7466296544
real_20240707,real,2024-07-07,adapted,2275,0.7129426512,9.707377357,0.7485603342,0.560342574,2468.326326,2275,0.773527523,0.7129426512,0.6789422666,0.7469430358
real_20240707,real,2024-07-07,adapted,2276,0.7132560326,9.704077868,-1.168052742,1.364347207,2469.690673,2276,0.7739550841,0.7132560326,0.679255648,0.7472564172
real_20240707,real,2024-07-07,adapted,2277,0.713569414,9.702666999,0.4556045302,0.2075754879,2469.898249,2277,0.7740201343,0.713569414,0.6795690294,0.7475697986
real_20240707,real,2024-07-07,adapted,2278,0.7138827954,9.700200841,-0.6686423198,0.4470825519,2470.345331,2278,0.7741602417,0.7138827954,0.6798824108,0.74788318
real_20240707,real,2024-07-07,adapted,2279,0.7141961767,9.699285013,-0.102321618,0.01046971352,2470.355801,2279,0.7741635227,0.7141961767,0.6801957921,0.7481965613
real_20240707,real,2024-07-07,adapted,2280,0.7145095581,9.691025132,-0.6651246536,0.4423908049,2470.798192,2280,0.7743021598,0.7145095581,0.6805091735,0.7485099427
real_20240707,real,2024-07-07,adapted,2281,0.7148229395,9.683006972,-0.5273790445,0.2781286566,2471.07632,2281,0.7743893201,0.7148229395,0.6808225549,0.7488233241
real_20240707,real,2024-07-07,adapted,2282,0.7151363209,9.680668455,0.08773439771,0.007697324542,2471.084018,2282,0.7743917323,0.7151363209,0.6811359363,0.7491367055
real_20240707,real,2024-07-07,adapted,2283,0.7154497023,9.678509809,-1.384022426,1.915518075,2472.999536,2283,0.77499202,0.7154497023,0.6814493177,0.7494500869
real_20240707,real,2024-07-07,adapted,2284,0.7157630837,9.6739012,0.1993061,0.03972292149,2473.039259,2284,0.7750044684,0.7157630837,0.6817626991,0.7497634683
real_20240707,real,2024-07-07,adapted,2285,0.7160764651,9.673463329,-1.157845909,1.340607149,2474.379866,2285,0.7754245898,0.7160764651,0.6820760805,0.7500768497
real_20240707,real,2024-07-07,adapted,2286,0.7163898464,9.672469394,1.620932839,2.627423268,2477.007289,2286,0.7762479753,0.7163898464,0.6823894618,0.750390231
real_20240707,real,2024-07-07,adapted,2287,0.7167032278,9.667539951,-0.6522107362,0.4253788444,2477.432668,2287,0.7763812811,0.7167032278,0.6827028432,0.7507036124
real_20240707,real,2024-07-07,adapted,2288,0.7170166092,9.666443556,0.9624442137,0.9262988645,2478.358967,2288,0.7766715659,0.7170166092,0.6830162246,0.7510169938
real_20240707,real,2024-07-07,adapted,2289,0.7173299906,9.664306706,0.6781965536,0.4599505653,2478.818917,2289,0.7768157059,0.7173299906,0.683329606,0.7513303752
real_20240707,real,2024-07-07,adapted,2290,0.717643372,9.663037404,-0.5011211777,0.2511224347,2479.07004,2290,0.776894403,0.717643372,0.6836429874,0.7516437566
real_20240707,real,2024-07-07,adapted,2291,0.7179567534,9.658760564,1.470819883,2.163311128,2481.233351,2291,0.7775723444,0.7179567534,0.6839563688,0.751957138
real_20240707,real,2024-07-07,adapted,2292,0.7182701348,9.655926086,-0.3055832852,0.09338114422,2481.326732,2292,0.7776016083,0.7182701348,0.6842697502,0.7522705194
real_20240707,real,2024-07-07,adapted,2293,0.7185835161,9.651931517,1.142114547,1.304425638,2482.631158,2293,0.778010391,0.7185835161,0.6845831315,0.7525839007
real_20240707,real,2024-07-07,adapted,2294,0.7188968975,9.649984483,-0.5784007545,0.3345474328,2482.965705,2294,0.778115232,0.7188968975,0.6848965129,0.7528972821
real_20240707,real,2024-07-07,adapted,2295,0.7192102789,9.649327391,-1.919034231,3.68269238,2486.648398,2295,0.7792693192,0.7192102789,0.6852098943,0.7532106635
real_20240707,real,2024-07-07,adapted,2296,0.7195236603,9.647034562,-1.507670378,2.273069969,2488.921468,2296,0.779981657,0.7195236603,0.6855232757,0.7535240449
real_20240707,real,2024-07-07,adapted,2297,0.7198370417,9.645391271,-0.3597895065,0.129448489,2489.050916,2297,0.7800222238,0.7198370417,0.6858366571,0.7538374263
real_20240707,real,2024-07-07,adapted,2298,0.7201504231,9.640418872,-2.59302995,6.723804321,2495.77472,2298,0.7821293389,0.7201504231,0.6861500385,0.7541508077
real_20240707,real,2024-07-07,adapted,2299,0.7204638045,9.635452503,0.8171881833,0.667796527,2496.442517,2299,0.7823386139,0.7204638045,0.6864634198,0.7544641891
real_20240707,real,2024-07-07,adapted,2300,0.7207771858,9.632973644,-0.452736851,0.2049706562,2496.647488,2300,0.7824028479,0.7207771858,0.6867768012,0.7547775704
real_20240707,real,2024-07-07,adapted,2301,0.7210905672,9.632231661,0.5456740855,0.2977602076,2496.945248,2301,0.7824961604,0.7210905672,0.6870901826,0.7550909518
real_20240707,real,2024-07-07,adapted,2302,0.7214039486,9.631218112,1.501184187,2.253553962,2499.198802,2302,0.7832023822,0.7214039486,0.687403564,0.7554043332
real_20240707,real,2024-07-07,adapted,2303,0.72171733,9.628633786,0.8013035723,0.6420874149,2499.840889,2303,0.7834036005,0.72171733,0.6877169454,0.7557177146
real_20240707,real,2024-07-07,adapted,2304,0.7220307114,9.628313045,-0.3477107693,0.1209027791,2499.961792,2304,0.7834414892,0.7220307114,0.6880303268,0.756031096
real_20240707,real,2024-07-07,adapted,2305,0.7223440928,9.62512034,-1.709240708,2.921503798,2502.883296,2305,0.7843570341,0.7223440928,0.6883437082,0.7563444774
real_20240707,real,2024-07-07,adapted,2306,0.7226574741,9.620504295,0.3461758825,0.1198377417,2503.003133,2306,0.784394589,0.7226574741,0.6886570895,0.7566578587
real_20240707,real,2024-07-07,adapted,2307,0.7229708555,9.617416979,1.267341922,1.606155546,2504.609289,2307,0.7848979282,0.7229708555,0.6889704709,0.7569712401
real_20240707,real,2024-07-07,adapted,2308,0.7232842369,9.613694202,1.039480293,1.08051928,2505.689808,2308,0.7852365429,0.7232842369,0.6892838523,0.7572846215
real_20240707,real,2024-07-07,adapted,2309,0.7235976183,9.605514248,-1.620729105,2.626762833,2508.316571,2309,0.7860597214,0.7235976183,0.6895972337,0.7575980029
real_20240707,real,2024-07-07,adapted,2310,0.7239109997,9.603647917,-1.283615638,1.647669105,2509.96424,2310,0.7865760703,0.7239109997,0.6899106151,0.7579113843
real_20240707,real,2024-07-07,adapted,2311,0.7242243811,9.595163985,-0.1098313895,0.01206293413,2509.976303,2311,0.7865798506,0.7242243811,0.6902239965,0.7582247657
real_20240707,real,2024-07-07,adapted,2312,0.7245377625,9.593213203,-2.51839631,6.342319976,2516.318623,2312,0.7885674156,0.7245377625,0.6905373779,0.7585381471
real_20240707,real,2024-07-07,adapted,2313,0.7248511438,9.590016314,0.7039093905,0.4954884301,2516.814112,2313,0.7887226924,0.7248511438,0.6908507592,0.7588515284
real_20240707,real,2024-07-07,adapted,2314,0.7251645252,9.58807017,0.8354386234,0.6979576935,2517.512069,2314,0.7889414194,0.7251645252,0.6911641406,0.7591649098
real_20240707,real,2024-07-07,adapted,2315,0.7254779066,9.586018183,-0.7787969934,0.6065247569,2518.118594,2315,0.789131493,0.7254779066,0.691477522,0.7594782912
real_20240707,real,2024-07-07,adapted,2316,0.725791288,9.583259073,-0.4812438458,0.2315956391,2518.35019,2316,0.7892040707,0.725791288,0.6917909034,0.7597916726
real_20240707,real,2024-07-07,adapted,2317,0.7261046694,9.579901268,-0.5466706073,0.2988487529,2518.649038,2317,0.7892977244,0.7261046694,0.6921042848,0.760105054
real_20240707,real,2024-07-07,adapted,2318,0.7264180508,9.575816374,0.4292461214,0.1842522328,2518.833291,2318,0.7893554656,0.7264180508,0.6924176662,0.7604184354
real_20240707,real,2024-07-07,adapted,2319,0.7267314322,9.573869803,-0.04406423552,0.001941656852,2518.835232,2319,0.7893560741,0.7267314322,0.6927310476,0.7607318168
real_20240707,real,2024-07-07,adapted,2320,0.7270448135,9.564854679,-0.6444538842,0.4153208088,2519.250553,2320,0.7894862279,0.7270448135,0.6930444289,0.7610451981
real_20240707,real,2024-07-07,adapted,2321,0.7273581949,9.56215289,-1.055817991,1.11475163,2520.365305,2321,0.7898355703,0.7273581949,0.6933578103,0.7613585795
real_20240707,real,2024-07-07,adapted,2322,0.7276715763,9.557080559,2.767486376,7.65898084,2528.024286,2322,0.7922357523,0.7276715763,0.6936711917,0.7616719609
real_20240707,real,2024-07-07,adapted,2323,0.7279849577,9.556699451,0.7002819965,0.4903948747,2528.51468,2323,0.7923894329,0.7279849577,0.6939845731,0.7619853423
real_20240707,real,2024-07-07,adapted,2324,0.7282983391,9.555451228,-0.6235505631,0.3888153047,2528.903496,2324,0.7925112804,0.7282983391,0.6942979545,0.7622987237
real_20240707,real,2024-07-07,adapted,2325,0.7286117205,9.554009551,0.3790235136,0.1436588238,2529.047155,2325,0.7925563004,0.7286117205,0.6946113359,0.7626121051
real_20240707,real,2024-07-07,adapted,2326,0.7289251018,9.550867652,-0.3711547211,0.137755827,2529.18491,2326,0.7925994705,0.7289251018,0.6949247172,0.7629254864
real_20240707,real,2024-07-07,adapted,2327,0.7292384832,9.549717056,-0.7957628718,0.6332385482,2529.818149,2327,0.7927979157,0.7292384832,0.6952380986,0.7632388678
real_20240707,real,2024-07-07,adapted,2328,0.7295518646,9.545021834,0.617809045,0.3816880161,2530.199837,2328,0.7929175296,0.7295518646,0.69555148,0.7635522492
real_20240707,real,2024-07-07,adapted,2329,0.729865246,9.542352733,0.6400688646,0.4096881514,2530.609525,2329,0.7930459182,0.729865246,0.6958648614,0.7638656306
real_20240707,real,2024-07-07,adapted,2330,0.7301786274,9.54214983,-0.6628667462,0.4393923232,2531.048917,2330,0.7931836156,0.7301786274,0.6961782428,0.764179012
real_20240707,real,2024-07-07,adapted,2331,0.7304920088,9.539128622,-0.2104325591,0.04428186193,2531.093199,2331,0.7931974927,0.7304920088,0.6964916242,0.7644923934
real_20240707,real,2024-07-07,adapted,2332,0.7308053902,9.534197577,0.5514382876,0.304084185,2531.397283,2332,0.7932927871,0.7308053902,0.6968050056,0.7648057748
real_20240707,real,2024-07-07,adapted,2333,0.7311187715,9.532049789,0.6881070674,0.4734913362,2531.870775,2333,0.7934411704,0.7311187715,0.6971183869,0.7651191561
real_20240707,real,2024-07-07,adapted,2334,0.7314321529,9.531343896,0.7557190106,0.5711112229,2532.441886,2334,0.7936201461,0.7314321529,0.6974317683,0.7654325375
real_20240707,real,2024-07-07,adapted,2335,0.7317455343,9.528086084,-0.4384173451,0.1922097685,2532.634096,2335,0.793680381,0.7317455343,0.6977451497,0.7657459189
real_20240707,real,2024-07-07,adapted,2336,0.7320589157,9.526692519,0.3588996611,0.1288089668,2532.762905,2336,0.7937207473,0.7320589157,0.6980585311,0.7660593003
real_20240707,real,2024-07-07,adapted,2337,0.7323722971,9.52254197,0.2398108711,0.05750925388,2532.820414,2337,0.7937387697,0.7323722971,0.6983719125,0.7663726817
real_20240707,real,2024-07-07,adapted,2338,0.7326856785,9.520718799,-0.3400648024,0.1156440698,2532.936058,2338,0.7937750104,0.7326856785,0.6986852939,0.7666860631
real_20240707,real,2024-07-07,adapted,2339,0.7329990599,9.520289279,-0.1916333519,0.03672334156,2532.972781,2339,0.7937865188,0.7329990599,0.6989986753,0.7669994445
real_20240707,real,2024-07-07,adapted,2340,0.7333124412,9.516669728,-0.410850113,0.1687978154,2533.141579,2340,0.7938394169,0.7333124412,0.6993120566,0.7673128258
real_20240707,real,2024-07-07,adapted,2341,0.7336258226,9.508759459,-0.2459950041,0.06051354206,2533.202093,2341,0.7938583807,0.7336258226,0.699625438,0.7676262072
real_20240707,real,2024-07-07,adapted,2342,0.733939204,9.507391655,1.099769758,1.209493521,2534.411586,2342,0.7942374135,0.733939204,0.6999388194,0.7679395886
real_20240707,real,2024-07-07,adapted,2343,0.7342525854,9.505463839,-1.227023381,1.505586378,2535.917173,2343,0.7947092362,0.7342525854,0.7002522008,0.76825297
real_20240707,real,2024-07-07,adapted,2344,0.7345659668,9.503954123,1.627892195,2.650032997,2538.567206,2344,0.7955397072,0.7345659668,0.7005655822,0.7685663514
real_20240707,real,2024-07-07,adapted,2345,0.7348793482,9.503390695,-0.242021852,0.05857457683,2538.62578,2345,0.7955580634,0.7348793482,0.7008789636,0.7688797328
real_20240707,real,2024-07-07,adapted,2346,0.7351927296,9.50041417,0.774825163,0.6003540332,2539.226134,2346,0.7957462032,0.7351927296,0.701192345,0.7691931142
real_20240707,real,2024-07-07,adapted,2347,0.7355061109,9.499772005,0.8040814892,0.6465470413,2539.872681,2347,0.795948819,0.7355061109,0.7015057263,0.7695064955
real_20240707,real,2024-07-07,adapted,2348,0.7358194923,9.496742901,-0.5562172874,0.3093776708,2540.182059,2348,0.7960457722,0.7358194923,0.7018191077,0.7698198769
real_20240707,real,2024-07-07,adapted,2349,0.7361328737,9.494934771,0.5742490177,0.3297619343,2540.511821,2349,0.7961491134,0.7361328737,0.7021324891,0.7701332583
real_20240707,real,2024-07-07,adapted,2350,0.7364462551,9.493496487,-1.430622035,2.046679406,2542.5585,2350,0.7967905047,0.7364462551,0.7024458705,0.7704466397
real_20240707,real,2024-07-07,adapted,2351,0.7367596365,9.490403821,-0.2845747357,0.08098278019,2542.639483,2351,0.7968158832,0.7367596365,0.7027592519,0.7707600211
real_20240707,real,2024-07-07,adapted,2352,0.7370730179,9.489312974,-0.3460589245,0.1197567792,2542.75924,2352,0.7968534127,0.7370730179,0.7030726333,0.7710734025
real_20240707,real,2024-07-07,adapted,2353,0.7373863992,9.485480351,-0.3039069924,0.09235946006,2542.851599,2353,0.7968823564,0.7373863992,0.7033860146,0.7713867838
real_20240707,real,2024-07-07,adapted,2354,0.7376997806,9.483587016,-1.104137558,1.219119746,2544.070719,2354,0.7972644059,0.7376997806,0.703699396,0.7717001652
real_20240707,real,2024-07-07,adapted,2355,0.738013162,9.482687147,-1.214719686,1.475543916,2545.546263,2355,0.7977268139,0.738013162,0.7040127774,0.7720135466
real_20240707,real,2024-07-07,adapted,2356,0.7383265434,9.480679599,1.441821232,2.078848464,2547.625112,2356,0.7983782863,0.7383265434,0.7043261588,0.772326928
real_20240707,real,2024-07-07,adapted,2357,0.7386399248,9.479126606,1.122634104,1.26030733,2548.885419,2357,0.7987732431,0.7386399248,0.7046395402,0.7726403094
real_20240707,real,2024-07-07,adapted,2358,0.7389533062,9.475857524,0.3328825587,0.1108107979,2548.99623,2358,0.7988079692,0.7389533062,0.7049529216,0.7729536908
real_20240707,real,2024-07-07,adapted,2359,0.7392666876,9.473246943,-0.3848365271,0.1480991526,2549.144329,2359,0.7988543807,0.7392666876,0.705266303,0.7732670722
real_20240707,real,2024-07-07,adapted,2360,0.7395800689,9.470784774,0.540458223,0.2920950908,2549.436424,2360,0.7989459179,0.7395800689,0.7055796843,0.7735804535
real_20240707,real,2024-07-07,adapted,2361,0.7398934503,9.466190508,1.527758043,2.334044637,2551.770469,2361,0.799677364,0.7398934503,0.7058930657,0.7738938349
real_20240707,real,2024-07-07,adapted,2362,0.7402068317,9.46439402,0.2761968588,0.07628470484,2551.846753,2362,0.7997012702,0.7402068317,0.7062064471,0.7742072163
real_20240707,real,2024-07-07,adapted,2363,0.7405202131,9.460961769,-1.192795616,1.422761381,2553.269515,2363,0.8001471371,0.7405202131,0.7065198285,0.7745205977
real_20240707,real,2024-07-07,adapted,2364,0.7408335945,9.454826987,-0.4691570904,0.2201083755,2553.489623,2364,0.800216115,0.7408335945,0.7068332099,0.7748339791
real_20240707,real,2024-07-07,adapted,2365,0.7411469759,9.450620106,-0.4292217603,0.1842313196,2553.673854,2365,0.8002738497,0.7411469759,0.7071465913,0.7751473605
real_20240707,real,2024-07-07,adapted,2366,0.7414603573,9.450346292,0.08304549976,0.00689655503,2553.680751,2366,0.8002760109,0.7414603573,0.7074599727,0.7754607419
real_20240707,real,2024-07-07,adapted,2367,0.7417737386,9.444376802,-0.7606034162,0.5785175567,2554.259268,2367,0.8004573076,0.7417737386,0.707773354,0.7757741232
real_20240707,real,2024-07-07,adapted,2368,0.74208712,9.44207356,0.1767029893,0.03122394643,2554.290492,2368,0.8004670926,0.74208712,0.7080867354,0.7760875046
real_20240707,real,2024-07-07,adapted,2369,0.7424005014,9.43880027,0.5493168961,0.3017490523,2554.592241,2369,0.8005616551,0.7424005014,0.7084001168,0.776400886
real_20240707,real,2024-07-07,adapted,2370,0.7427138828,9.435195266,1.934843645,3.743619933,2558.335861,2370,0.8017348359,0.7427138828,0.7087134982,0.7767142674
real_20240707,real,2024-07-07,adapted,2371,0.7430272642,9.4334127,0.3851688579,0.1483550491,2558.484216,2371,0.8017813276,0.7430272642,0.7090268796,0.7770276488
real_20240707,real,2024-07-07,adapted,2372,0.7433406456,9.431426141,1.626363786,2.645059165,2561.129276,2372,0.8026102399,0.7433406456,0.709340261,0.7773410302
real_20240707,real,2024-07-07,adapted,2373,0.743654027,9.424166635,-0.007541437485,5.687327934e-05,2561.129332,2373,0.8026102577,0.743654027,0.7096536424,0.7776544116
real_20240707,real,2024-07-07,adapted,2374,0.7439674083,9.418363778,-0.388405753,0.150859029,2561.280191,2374,0.8026575341,0.7439674083,0.7099670237,0.7779677929
real_20240707,real,2024-07-07,adapted,2375,0.7442807897,9.415778718,-0.6943978233,0.482188337,2561.76238,2375,0.802808643,0.7442807897,0.7102804051,0.7782811743
real_20240707,real,2024-07-07,adapted,2376,0.7445941711,9.41387438,-2.223070867,4.942044082,2566.704424,2376,0.8043573876,0.7445941711,0.7105937865,0.7785945557
real_20240707,real,2024-07-07,adapted,2377,0.7449075525,9.411358956,0.01969737797,0.0003879866991,2566.704812,2377,0.8043575092,0.7449075525,0.7109071679,0.7789079371
real_20240707,real,2024-07-07,adapted,2378,0.7452209339,9.409950519,-0.5278321819,0.2786068123,2566.983419,2378,0.8044448194,0.7452209339,0.7112205493,0.7792213185
real_20240707,real,2024-07-07,adapted,2379,0.7455343153,9.407960656,0.7944620227,0.6311699056,2567.614589,2379,0.8046426163,0.7455343153,0.7115339307,0.7795346999
real_20240707,real,2024-07-07,adapted,2380,0.7458476966,9.407864396,0.8654755064,0.7490478521,2568.363636,2380,0.8048773539,0.7458476966,0.711847312,0.7798480812
real_20240707,real,2024-07-07,adapted,2381,0.746161078,9.403116365,0.2628063056,0.06906715425,2568.432704,2381,0.8048989983,0.746161078,0.7121606934,0.7801614626
real_20240707,real,2024-07-07,adapted,2382,0.7464744594,9.398041631,-0.1221317417,0.01491616232,2568.44762,2382,0.8049036728,0.7464744594,0.7124740748,0.780474844
real_20240707,real,2024-07-07,adapted,2383,0.7467878408,9.395755735,-0.006818347917,4.648986832e-05,2568.447666,2383,0.8049036873,0.7467878408,0.7127874562,0.7807882254
real_20240707,real,2024-07-07,adapted,2384,0.7471012222,9.393562052,-0.4488039915,0.2014250228,2568.649091,2384,0.8049668102,0.7471012222,0.7131008376,0.7811016068
real_20240707,real,2024-07-07,adapted,2385,0.7474146036,9.389281025,-0.7557722017,0.5711916209,2569.220283,2385,0.805145811,0.7474146036,0.713414219,0.7814149882
real_20240707,real,2024-07-07,adapted,2386,0.747727985,9.387879882,-0.4209722216,0.1772176113,2569.3975,2386,0.8052013477,0.747727985,0.7137276004,0.7817283696
real_20240707,real,2024-07-07,adapted,2387,0.7480413663,9.386214949,0.02187020357,0.0004783058041,2569.397979,2387,0.8052014976,0.7480413663,0.7140409817,0.7820417509
real_20240707,real,2024-07-07,adapted,2388,0.7483547477,9.385747888,-0.2430135371,0.0590555792,2569.457034,2388,0.8052200045,0.7483547477,0.7143543631,0.7823551323
real_20240707,real,2024-07-07,adapted,2389,0.7486681291,9.383251067,0.3981231638,0.1585020535,2569.615536,2389,0.8052696761,0.7486681291,0.7146677445,0.7826685137
real_20240707,real,2024-07-07,adapted,2390,0.7489815105,9.380330951,-0.2560509546,0.06556209137,2569.681099,2390,0.805290222,0.7489815105,0.7149811259,0.7829818951
real_20240707,real,2024-07-07,adapted,2391,0.7492948919,9.377167342,-1.120379808,1.255250914,2570.936349,2391,0.8056835943,0.7492948919,0.7152945073,0.7832952765
real_20240707,real,2024-07-07,adapted,2392,0.7496082733,9.37442946,0.6579229088,0.432862554,2571.369212,2392,0.8058192454,0.7496082733,0.7156078887,0.7836086579
real_20240707,real,2024-07-07,adapted,2393,0.7499216547,9.373735454,-0.5933602989,0.3520764443,2571.721288,2393,0.8059295796,0.7499216547,0.7159212701,0.7839220393
real_20240707,real,2024-07-07,adapted,2394,0.750235036,9.371909047,0.009898417406,9.797866714e-05,2571.721386,2394,0.8059296103,0.750235036,0.7162346514,0.7842354206
real_20240707,real,2024-07-07,adapted,2395,0.7505484174,9.36740685,0.5309480083,0.2819057875,2572.003292,2395,0.8060179543,0.7505484174,0.7165480328,0.784548802
real_20240707,real,2024-07-07,adapted,2396,0.7508617988,9.366975666,-1.44060331,2.075337896,2574.07863,2396,0.8066683266,0.7508617988,0.7168614142,0.7848621834
real_20240707,real,2024-07-07,adapted,2397,0.7511751802,9.365914262,-0.5466898936,0.2988698398,2574.3775,2397,0.8067619868,0.7511751802,0.7171747956,0.7851755648
real_20240707,real,2024-07-07,adapted,2398,0.7514885616,9.35990509,-0.6413680705,0.4113530018,2574.788853,2398,0.8068908972,0.7514885616,0.717488177,0.7854889462
real_20240707,real,2024-07-07,adapted,2399,0.751801943,9.35602842,-0.480594392,0.2309709696,2575.019824,2399,0.8069632792,0.751801943,0.7178015584,0.7858023276
real_20240707,real,2024-07-07,adapted,2400,0.7521153243,9.354212936,0.929171541,0.8633597527,2575.883184,2400,0.8072338401,0.7521153243,0.7181149397,0.7861157089
real_20240707,real,2024-07-07,adapted,2401,0.7524287057,9.353870882,1.629500811,2.655272892,2578.538457,2401,0.8080659532,0.7524287057,0.7184283211,0.7864290903
real_20240707,real,2024-07-07,adapted,2402,0.7527420871,9.350500619,-0.5648919829,0.3191029524,2578.85756,2402,0.8081659541,0.7527420871,0.7187417025,0.7867424717
real_20240707,real,2024-07-07,adapted,2403,0.7530554685,9.349962332,-0.8518624691,0.7256696662,2579.583229,2403,0.8083933655,0.7530554685,0.7190550839,0.7870558531
real_20240707,real,2024-07-07,adapted,2404,0.7533688499,9.345642621,0.9061074599,0.8210307289,2580.40426,2404,0.8086506612,0.7533688499,0.7193684653,0.7873692345
real_20240707,real,2024-07-07,adapted,2405,0.7536822313,9.343208356,-0.9013449356,0.812422693,2581.216683,2405,0.8089052594,0.7536822313,0.7196818467,0.7876826159
real_20240707,real,2024-07-07,adapted,2406,0.7539956127,9.340552072,-0.4334620091,0.1878893133,2581.404572,2406,0.8089641404,0.7539956127,0.7199952281,0.7879959973
real_20240707,real,2024-07-07,adapted,2407,0.754308994,9.336311194,-0.007252041508,5.259210604e-05,2581.404625,2407,0.8089641568,0.754308994,0.7203086094,0.7883093786
real_20240707,real,2024-07-07,adapted,2408,0.7546223754,9.334266466,0.3947392251,0.1558190558,2581.560444,2408,0.8090129876,0.7546223754,0.7206219908,0.78862276
real_20240707,real,2024-07-07,adapted,2409,0.7549357568,9.331998474,0.312440196,0.09761887607,2581.658062,2409,0.8090435796,0.7549357568,0.7209353722,0.7889361414
real_20240707,real,2024-07-07,adapted,2410,0.7552491382,9.328361956,-0.5257471836,0.2764101011,2581.934473,2410,0.8091302014,0.7552491382,0.7212487536,0.7892495228
real_20240707,real,2024-07-07,adapted,2411,0.7555625196,9.326013448,0.02348813554,0.000551692511,2581.935024,2411,0.8091303742,0.7555625196,0.721562135,0.7895629042
real_20240707,real,2024-07-07,adapted,2412,0.755875901,9.32548814,0.08753674263,0.00766268131,2581.942687,2412,0.8091327756,0.755875901,0.7218755164,0.7898762856
real_20240707,real,2024-07-07,adapted,2413,0.7561892824,9.323132484,0.1519191729,0.02307943509,2581.965766,2413,0.8091400083,0.7561892824,0.7221888978,0.790189667
real_20240707,real,2024-07-07,adapted,2414,0.7565026637,9.319722411,0.307765758,0.09471976181,2582.060486,2414,0.8091696917,0.7565026637,0.7225022791,0.7905030483
real_20240707,real,2024-07-07,adapted,2415,0.7568160451,9.315834729,-0.5862428165,0.3436806399,2582.404167,2415,0.8092773948,0.7568160451,0.7228156605,0.7908164297
real_20240707,real,2024-07-07,adapted,2416,0.7571294265,9.310980871,0.5609090832,0.3146189997,2582.718786,2416,0.8093759905,0.7571294265,0.7231290419,0.7911298111
real_20240707,real,2024-07-07,adapted,2417,0.7574428079,9.308704155,-0.4451107385,0.1981235695,2582.916909,2417,0.8094380788,0.7574428079,0.7234424233,0.7914431925
real_20240707,real,2024-07-07,adapted,2418,0.7577561893,9.30580458,-0.3868301947,0.1496375996,2583.066547,2418,0.8094849724,0.7577561893,0.7237558047,0.7917565739
real_20240707,real,2024-07-07,adapted,2419,0.7580695707,9.304369822,0.02406369632,0.0005790614807,2583.067126,2419,0.8094851539,0.7580695707,0.7240691861,0.7920699553
real_20240707,real,2024-07-07,adapted,2420,0.7583829521,9.300623791,-0.687866167,0.4731598637,2583.540286,2420,0.8096334334,0.7583829521,0.7243825675,0.7923833367
real_20240707,real,2024-07-07,adapted,2421,0.7586963334,9.296343277,-0.5494575156,0.3019035614,2583.842189,2421,0.8097280443,0.7586963334,0.7246959488,0.792696718
real_20240707,real,2024-07-07,adapted,2422,0.7590097148,9.294876445,0.5090326692,0.2591142583,2584.101304,2422,0.8098092459,0.7590097148,0.7250093302,0.7930100994
real_20240707,real,2024-07-07,adapted,2423,0.7593230962,9.294516709,0.4309597903,0.1857263408,2584.28703,2423,0.8098674491,0.7593230962,0.7253227116,0.7933234808
real_20240707,real,2024-07-07,adapted,2424,0.7596364776,9.291718942,-0.2690053187,0.07236386149,2584.359394,2424,0.8098901266,0.7596364776,0.725636093,0.7936368622
real_20240707,real,2024-07-07,adapted,2425,0.759949859,9.289400719,0.5669129429,0.3213902848,2584.680784,2425,0.8099908443,0.759949859,0.7259494744,0.7939502436
real_20240707,real,2024-07-07,adapted,2426,0.7602632404,9.28773146,-1.090845827,1.189944619,2585.870729,2426,0.8103637508,0.7602632404,0.7262628558,0.794263625
real_20240707,real,2024-07-07,adapted,2427,0.7605766217,9.28607695,0.7978807567,0.636613702,2586.507342,2427,0.8105632537,0.7605766217,0.7265762371,0.7945770063
real_20240707,real,2024-07-07,adapted,2428,0.7608900031,9.284136727,-0.6010630191,0.3612767529,2586.868619,2428,0.8106764711,0.7608900031,0.7268896185,0.7948903877
real_20240707,real,2024-07-07,adapted,2429,0.7612033845,9.283165297,-1.223929462,1.498003328,2588.366623,2429,0.8111459174,0.7612033845,0.7272029999,0.7952037691
real_20240707,real,2024-07-07,adapted,2430,0.7615167659,9.281359918,-0.9555020502,0.9129841678,2589.279607,2430,0.8114320297,0.7615167659,0.7275163813,0.7955171505
real_20240707,real,2024-07-07,adapted,2431,0.7618301473,9.276033197,-0.7936584665,0.6298937614,2589.9095,2431,0.8116294267,0.7618301473,0.7278297627,0.7958305319
real_20240707,real,2024-07-07,adapted,2432,0.7621435287,9.271784749,0.2856874822,0.08161733747,2589.991118,2432,0.811655004,0.7621435287,0.7281431441,0.7961439133
real_20240707,real,2024-07-07,adapted,2433,0.7624569101,9.268695102,-1.027031035,1.054792748,2591.045911,2433,0.8119855564,0.7624569101,0.7284565255,0.7964572947
real_20240707,real,2024-07-07,adapted,2434,0.7627702914,9.265069379,0.08632226527,0.007451533481,2591.053362,2434,0.8119878916,0.7627702914,0.7287699068,0.796770676
real_20240707,real,2024-07-07,adapted,2435,0.7630836728,9.264355803,0.5327298187,0.2838010597,2591.337163,2435,0.8120768296,0.7630836728,0.7290832882,0.7970840574
real_20240707,real,2024-07-07,adapted,2436,0.7633970542,9.263502582,-0.4317716404,0.1864267494,2591.52359,2436,0.8121352522,0.7633970542,0.7293966696,0.7973974388
real_20240707,real,2024-07-07,adapted,2437,0.7637104356,9.261699417,1.611309456,2.596318164,2594.119908,2437,0.81294889,0.7637104356,0.729710051,0.7977108202
real_20240707,real,2024-07-07,adapted,2438,0.764023817,9.258715505,1.331059213,1.771718627,2595.891627,2438,0.8135041137,0.764023817,0.7300234324,0.7980242016
real_20240707,real,2024-07-07,adapted,2439,0.7643371984,9.251282968,-0.2012342095,0.04049520708,2595.932122,2439,0.8135168041,0.7643371984,0.7303368138,0.798337583
real_20240707,real,2024-07-07,adapted,2440,0.7646505798,9.250651688,1.053829997,1.110557662,2597.04268,2440,0.8138648322,0.7646505798,0.7306501952,0.7986509644
real_20240707,real,2024-07-07,adapted,2441,0.7649639611,9.24971482,-0.3812904708,0.1453824231,2597.188062,2441,0.8139103924,0.7649639611,0.7309635765,0.7989643457
real_20240707,real,2024-07-07,adapted,2442,0.7652773425,9.2473964,0.3559511079,0.1267011912,2597.314763,2442,0.8139500981,0.7652773425,0.7312769579,0.7992777271
real_20240707,real,2024-07-07,adapted,2443,0.7655907239,9.2449111,0.1535062937,0.02356418221,2597.338327,2443,0.8139574827,0.7655907239,0.7315903393,0.7995911085
real_20240707,real,2024-07-07,adapted,2444,0.7659041053,9.239295629,-0.1317447129,0.01735666938,2597.355684,2444,0.813962922,0.7659041053,0.7319037207,0.7999044899
real_20240707,real,2024-07-07,adapted,2445,0.7662174867,9.234012551,-1.916559378,3.673199849,2601.028884,2445,0.8151140344,0.7662174867,0.7322171021,0.8002178713
real_20240707,real,2024-07-07,adapted,2446,0.7665308681,9.232925445,0.5438985988,0.2958256858,2601.32471,2446,0.8152067407,0.7665308681,0.7325304835,0.8005312527
real_20240707,real,2024-07-07,adapted,2447,0.7668442495,9.230259795,0.01019801101,0.0001039994286,2601.324814,2447,0.8152067733,0.7668442495,0.7328438649,0.8008446341
real_20240707,real,2024-07-07,adapted,2448,0.7671576308,9.228314436,-1.373044255,1.885250526,2603.210064,2448,0.8157975757,0.7671576308,0.7331572462,0.8011580154
real_20240707,real,2024-07-07,adapted,2449,0.7674710122,9.226568111,1.179980401,1.392353748,2604.602418,2449,0.8162339135,0.7674710122,0.7334706276,0.8014713968
real_20240707,real,2024-07-07,adapted,2450,0.7677843936,9.223662297,0.450521991,0.2029700644,2604.805388,2450,0.8162975205,0.7677843936,0.733784009,0.8017847782
real_20240707,real,2024-07-07,adapted,2451,0.768097775,9.219321292,0.4292212477,0.1842308795,2604.989619,2451,0.816355255,0.768097775,0.7340973904,0.8020981596
real_20240707,real,2024-07-07,adapted,2452,0.7684111564,9.214681919,-0.9064826456,0.8217107868,2605.81133,2452,0.8166127639,0.7684111564,0.7344107718,0.802411541
real_20240707,real,2024-07-07,adapted,2453,0.7687245378,9.213186894,0.9851943751,0.9706079566,2606.781938,2453,0.8169169344,0.7687245378,0.7347241532,0.8027249224
real_20240707,real,2024-07-07,adapted,2454,0.7690379191,9.213090979,-0.8058158488,0.6493391823,2607.431277,2454,0.8171204252,0.7690379191,0.7350375345,0.8030383037
real_20240707,real,2024-07-07,adapted,2455,0.7693513005,9.211699537,-0.4610222816,0.2125415441,2607.643818,2455,0.8171870317,0.7693513005,0.7353509159,0.8033516851
real_20240707,real,2024-07-07,adapted,2456,0.7696646819,9.209925498,0.4973923999,0.2473991994,2607.891217,2456,0.817264562,0.7696646819,0.7356642973,0.8036650665
real_20240707,real,2024-07-07,adapted,2457,0.7699780633,9.204939689,0.2598535855,0.06752388591,2607.958741,2457,0.8172857228,0.7699780633,0.7359776787,0.8039784479
real_20240707,real,2024-07-07,adapted,2458,0.7702914447,9.202920029,0.06482155418,0.004201833887,2607.962943,2458,0.8172870395,0.7702914447,0.7362910601,0.8042918293
real_20240707,real,2024-07-07,adapted,2459,0.7706048261,9.199148759,-0.8055062013,0.6488402403,2608.611783,2459,0.817490374,0.7706048261,0.7366044415,0.8046052107
real_20240707,real,2024-07-07,adapted,2460,0.7709182075,9.197353222,-1.1514011,1.325724493,2609.937508,2460,0.8179058314,0.7709182075,0.7369178229,0.8049185921
real_20240707,real,2024-07-07,adapted,2461,0.7712315888,9.194256336,1.050810164,1.104202001,2611.04171,2461,0.8182518677,0.7712315888,0.7372312042,0.8052319734
real_20240707,real,2024-07-07,adapted,2462,0.7715449702,9.193122866,0.4357025623,0.1898367228,2611.231547,2462,0.818311359,0.7715449702,0.7375445856,0.8055453548
real_20240707,real,2024-07-07,adapted,2463,0.7718583516,9.19073342,-0.9315566626,0.8677978157,2612.099344,2463,0.8185833107,0.7718583516,0.737857967,0.8058587362
real_20240707,real,2024-07-07,adapted,2464,0.772171733,9.187573282,0.9352126762,0.8746227496,2612.973967,2464,0.8188574012,0.772171733,0.7381713484,0.8061721176
real_20240707,real,2024-07-07,adapted,2465,0.7724851144,9.187262729,-1.10249939,1.215504905,2614.189472,2465,0.8192383178,0.7724851144,0.7384847298,0.806485499
real_20240707,real,2024-07-07,adapted,2466,0.7727984958,9.186448619,-0.311077188,0.09676901686,2614.286241,2466,0.8192686434,0.7727984958,0.7387981112,0.8067988804
real_20240707,real,2024-07-07,adapted,2467,0.7731118772,9.185082334,-1.542337206,2.378804056,2616.665045,2467,0.8200141163,0.7731118772,0.7391114926,0.8071122618
real_20240707,real,2024-07-07,adapted,2468,0.7734252585,9.179752437,-0.4448493569,0.1978909503,2616.862936,2468,0.8200761317,0.7734252585,0.7394248739,0.8074256431
real_20240707,real,2024-07-07,adapted,2469,0.7737386399,9.177281651,0.4547917111,0.2068355005,2617.069772,2469,0.8201409501,0.7737386399,0.7397382553,0.8077390245
real_20240707,real,2024-07-07,adapted,2470,0.7740520213,9.17590045,2.622090792,6.875360124,2623.945132,2470,0.8222955599,0.7740520213,0.7400516367,0.8080524059
real_20240707,real,2024-07-07,adapted,2471,0.7743654027,9.172699678,-0.9378307957,0.8795266013,2624.824658,2471,0.8225711872,0.7743654027,0.7403650181,0.8083657873
real_20240707,real,2024-07-07,adapted,2472,0.7746787841,9.16825762,-0.06814534015,0.004643787384,2624.829302,2472,0.8225726425,0.7746787841,0.7406783995,0.8086791687
real_20240707,real,2024-07-07,adapted,2473,0.7749921655,9.163573332,-0.9974525399,0.9949115694,2625.824214,2473,0.8228844292,0.7749921655,0.7409917809,0.8089925501
real_20240707,real,2024-07-07,adapted,2474,0.7753055469,9.161704571,0.32038684,0.1026477272,2625.926861,2474,0.8229165971,0.7753055469,0.7413051623,0.8093059315
real_20240707,real,2024-07-07,adapted,2475,0.7756189282,9.160245136,-1.182929201,1.399321494,2627.326183,2475,0.8233551184,0.7756189282,0.7416185436,0.8096193128
real_20240707,real,2024-07-07,adapted,2476,0.7759323096,9.155939234,-1.363808146,1.85997266,2629.186156,2476,0.8239379992,0.7759323096,0.741931925,0.8099326942
real_20240707,real,2024-07-07,adapted,2477,0.776245691,9.151920529,0.597376858,0.3568591105,2629.543015,2477,0.8240498322,0.776245691,0.7422453064,0.8102460756
real_20240707,real,2024-07-07,adapted,2478,0.7765590724,9.150856478,0.2139395557,0.04577013349,2629.588785,2478,0.8240641758,0.7765590724,0.7425586878,0.810559457
real_20240707,real,2024-07-07,adapted,2479,0.7768724538,9.143028745,-0.2015499344,0.04062237605,2629.629407,2479,0.8240769061,0.7768724538,0.7428720692,0.8108728384
real_20240707,real,2024-07-07,adapted,2480,0.7771858352,9.140502758,0.9281478512,0.8614584338,2630.490866,2480,0.8243468711,0.7771858352,0.7431854506,0.8111862198
real_20240707,real,2024-07-07,adapted,2481,0.7774992165,9.138782526,-0.9323417457,0.8692611308,2631.360127,2481,0.8246192813,0.7774992165,0.7434988319,0.8114996011
real_20240707,real,2024-07-07,adapted,2482,0.7778125979,9.134092679,0.1971512317,0.03886860817,2631.398995,2482,0.824631462,0.7778125979,0.7438122133,0.8118129825
real_20240707,real,2024-07-07,adapted,2483,0.7781259793,9.131701629,1.019408035,1.039192742,2632.438188,2483,0.8249571257,0.7781259793,0.7441255947,0.8121263639
real_20240707,real,2024-07-07,adapted,2484,0.7784393607,9.130824687,-0.1853241694,0.03434504777,2632.472533,2484,0.8249678888,0.7784393607,0.7444389761,0.8124397453
real_20240707,real,2024-07-07,adapted,2485,0.7787527421,9.127100932,0.3459310365,0.119668282,2632.592201,2485,0.8250053906,0.7787527421,0.7447523575,0.8127531267
real_20240707,real,2024-07-07,adapted,2486,0.7790661235,9.126096922,-1.947546679,3.792938066,2636.38514,2486,0.8261940268,0.7790661235,0.7450657389,0.8130665081
real_20240707,real,2024-07-07,adapted,2487,0.7793795049,9.124315905,0.4515234035,0.203873384,2636.589013,2487,0.8262579169,0.7793795049,0.7453791203,0.8133798895
real_20240707,real,2024-07-07,adapted,2488,0.7796928862,9.12006308,0.715838495,0.5124247509,2637.101438,2488,0.8264185013,0.7796928862,0.7456925016,0.8136932708
real_20240707,real,2024-07-07,adapted,2489,0.7800062676,9.117677111,0.01459933471,0.0002131405741,2637.101651,2489,0.8264185681,0.7800062676,0.746005883,0.8140066522
real_20240707,real,2024-07-07,adapted,2490,0.780319649,9.113190637,-0.4346455543,0.1889167579,2637.290568,2490,0.8264777711,0.780319649,0.7463192644,0.8143200336
real_20240707,real,2024-07-07,adapted,2491,0.7806330304,9.112235211,-0.3317145883,0.1100345681,2637.400602,2491,0.8265122539,0.7806330304,0.7466326458,0.814633415
real_20240707,real,2024-07-07,adapted,2492,0.7809464118,9.108904275,0.8646802015,0.7476718509,2638.148274,2492,0.8267465603,0.7809464118,0.7469460272,0.8149467964
real_20240707,real,2024-07-07,adapted,2493,0.7812597932,9.105805615,0.1446830677,0.02093319007,2638.169207,2493,0.8267531204,0.7812597932,0.7472594086,0.8152601778
real_20240707,real,2024-07-07,adapted,2494,0.7815731746,9.10312777,-3.121230389,9.742079142,2647.911286,2494,0.8298061066,0.7815731746,0.74757279,0.8155735592
real_20240707,real,2024-07-07,adapted,2495,0.7818865559,9.101318749,0.2301536668,0.05297071033,2647.964257,2495,0.8298227067,0.7818865559,0.7478861713,0.8158869405
real_20240707,real,2024-07-07,adapted,2496,0.7821999373,9.100882875,-0.3575093642,0.1278129455,2648.09207,2496,0.8298627609,0.7821999373,0.7481995527,0.8162003219
real_20240707,real,2024-07-07,adapted,2497,0.7825133187,9.092736607,0.7752414977,0.6009993798,2648.693069,2497,0.8300511029,0.7825133187,0.7485129341,0.8165137033
real_20240707,real,2024-07-07,adapted,2498,0.7828267001,9.091992495,0.8039785453,0.6463815013,2649.339451,2498,0.8302536668,0.7828267001,0.7488263155,0.8168270847
real_20240707,real,2024-07-07,adapted,2499,0.7831400815,9.089472716,-0.8074961489,0.6520500305,2649.991501,2499,0.8304580072,0.7831400815,0.7491396969,0.8171404661
real_20240707,real,2024-07-07,adapted,2500,0.7834534629,9.087598281,0.8251235224,0.6808288273,2650.67233,2500,0.8306713662,0.7834534629,0.7494530783,0.8174538475
real_20240707,real,2024-07-07,adapted,2501,0.7837668442,9.086257129,1.532564816,2.348754914,2653.021085,2501,0.8314074223,0.7837668442,0.7497664596,0.8177672288
real_20240707,real,2024-07-07,adapted,2502,0.7840802256,9.082224267,-0.07444823854,0.005542540221,2653.026627,2502,0.8314091592,0.7840802256,0.750079841,0.8180806102
real_20240707,real,2024-07-07,adapted,2503,0.784393607,9.079894992,0.8387945673,0.7035763261,2653.730203,2503,0.831629647,0.784393607,0.7503932224,0.8183939916
real_20240707,real,2024-07-07,adapted,2504,0.7847069884,9.074828378,-0.3775923395,0.1425759749,2653.872779,2504,0.8316743276,0.7847069884,0.7507066038,0.818707373
real_20240707,real,2024-07-07,adapted,2505,0.7850203698,9.06944071,0.1719945409,0.02958212209,2653.902362,2505,0.8316835981,0.7850203698,0.7510199852,0.8190207544
real_20240707,real,2024-07-07,adapted,2506,0.7853337512,9.068640788,-1.269902158,1.61265149,2655.515013,2506,0.8321889731,0.7853337512,0.7513333666,0.8193341358
real_20240707,real,2024-07-07,adapted,2507,0.7856471326,9.065243107,0.1073808352,0.01153064377,2655.526544,2507,0.8321925866,0.7856471326,0.751646748,0.8196475172
real_20240707,real,2024-07-07,adapted,2508,0.7859605139,9.061909885,0.4047576255,0.1638287354,2655.690372,2508,0.8322439274,0.7859605139,0.7519601293,0.8199608985
real_20240707,real,2024-07-07,adapted,2509,0.7862738953,9.058622274,0.1510947183,0.02282961391,2655.713202,2509,0.8322510818,0.7862738953,0.7522735107,0.8202742799
real_20240707,real,2024-07-07,adapted,2510,0.7865872767,9.057338205,0.1585894098,0.0251506009,2655.738353,2510,0.8322589635,0.7865872767,0.7525868921,0.8205876613
real_20240707,real,2024-07-07,adapted,2511,0.7869006581,9.054598412,-0.08435679877,0.007116069498,2655.745469,2511,0.8322611936,0.7869006581,0.7529002735,0.8209010427
real_20240707,real,2024-07-07,adapted,2512,0.7872140395,9.053430533,-0.1878756083,0.03529724421,2655.780766,2512,0.8322722551,0.7872140395,0.7532136549,0.8212144241
real_20240707,real,2024-07-07,adapted,2513,0.7875274209,9.051880895,-0.4532921975,0.2054738163,2655.98624,2513,0.8323366468,0.7875274209,0.7535270363,0.8215278055
real_20240707,real,2024-07-07,adapted,2514,0.7878408023,9.047408399,0.1351236345,0.0182583966,2656.004498,2514,0.8323423686,0.7878408023,0.7538404177,0.8218411869
real_20240707,real,2024-07-07,adapted,2515,0.7881541836,9.045952526,0.09441324736,0.008913861276,2656.013412,2515,0.832345162,0.7881541836,0.754153799,0.8221545682
real_20240707,real,2024-07-07,adapted,2516,0.788467565,9.042481059,-0.06346271449,0.004027516131,2656.01744,2516,0.8323464242,0.788467565,0.7544671804,0.8224679496
real_20240707,real,2024-07-07,adapted,2517,0.7887809464,9.040834172,-0.3419185655,0.1169083055,2656.134348,2517,0.8323830611,0.7887809464,0.7547805618,0.822781331
real_20240707,real,2024-07-07,adapted,2518,0.7890943278,9.039686185,-1.214653338,1.475382731,2657.609731,2518,0.8328454186,0.7890943278,0.7550939432,0.8230947124
real_20240707,real,2024-07-07,adapted,2519,0.7894077092,9.037564175,-0.1364008554,0.01860519335,2657.628336,2519,0.8328512491,0.7894077092,0.7554073246,0.8234080938
real_20240707,real,2024-07-07,adapted,2520,0.7897210906,9.035960903,0.3725010907,0.1387570626,2657.767093,2520,0.832894733,0.7897210906,0.755720706,0.8237214752
real_20240707,real,2024-07-07,adapted,2521,0.790034472,9.030323939,-0.5858165572,0.3431810387,2658.110274,2521,0.8330022795,0.790034472,0.7560340874,0.8240348566
real_20240707,real,2024-07-07,adapted,2522,0.7903478533,9.029209408,0.03282547184,0.001077511602,2658.111351,2522,0.8330026172,0.7903478533,0.7563474687,0.8243482379
real_20240707,real,2024-07-07,adapted,2523,0.7906612347,9.027447652,-1.282153577,1.643917796,2659.755269,2523,0.8335177904,0.7906612347,0.7566608501,0.8246616193
real_20240707,real,2024-07-07,adapted,2524,0.7909746161,9.02506478,-1.082626266,1.172079632,2660.927349,2524,0.8338850983,0.7909746161,0.7569742315,0.8249750007
real_20240707,real,2024-07-07,adapted,2525,0.7912879975,9.024478667,-0.6679017234,0.4460927121,2661.373442,2525,0.8340248955,0.7912879975,0.7572876129,0.8252883821
real_20240707,real,2024-07-07,adapted,2526,0.7916013789,9.023014706,0.7300598576,0.5329873957,2661.906429,2526,0.8341919238,0.7916013789,0.7576009943,0.8256017635
real_20240707,real,2024-07-07,adapted,2527,0.7919147603,9.01849406,1.03778079,1.076988969,2662.983418,2527,0.8345294321,0.7919147603,0.7579143757,0.8259151449
real_20240707,real,2024-07-07,adapted,2528,0.7922281416,9.013795637,-0.5824985453,0.3393045553,2663.322722,2528,0.8346357639,0.7922281416,0.758227757,0.8262285262
real_20240707,real,2024-07-07,adapted,2529,0.792541523,9.011607655,-1.121481419,1.257720572,2664.580443,2529,0.8350299101,0.792541523,0.7585411384,0.8265419076
real_20240707,real,2024-07-07,adapted,2530,0.7928549044,9.009295144,0.08938812495,0.007990236881,2664.588433,2530,0.8350324141,0.7928549044,0.7588545198,0.826855289
real_20240707,real,2024-07-07,adapted,2531,0.7931682858,9.007300218,0.4544642131,0.206537721,2664.794971,2531,0.8350971391,0.7931682858,0.7591679012,0.8271686704
real_20240707,real,2024-07-07,adapted,2532,0.7934816672,9.003439592,-0.8231100924,0.6775102242,2665.472481,2532,0.8353094582,0.7934816672,0.7594812826,0.8274820518
real_20240707,real,2024-07-07,adapted,2533,0.7937950486,9.001280874,-0.5153616157,0.2655975949,2665.738079,2533,0.8353926916,0.7937950486,0.759794664,0.8277954332
real_20240707,real,2024-07-07,adapted,2534,0.79410843,9.000507745,0.876674198,0.7685576494,2666.506636,2534,0.8356335432,0.79410843,0.7601080454,0.8281088146
real_20240707,real,2024-07-07,adapted,2535,0.7944218113,8.999167254,-0.1797514031,0.03231056691,2666.538947,2535,0.8356436688,0.7944218113,0.7604214267,0.8284221959
real_20240707,real,2024-07-07,adapted,2536,0.7947351927,8.997050677,1.698577853,2.885166721,2669.424114,2536,0.8365478263,0.7947351927,0.7607348081,0.8287355773
real_20240707,real,2024-07-07,adapted,2537,0.7950485741,8.995245185,0.8733498755,0.762740005,2670.186854,2537,0.8367868548,0.7950485741,0.7610481895,0.8290489587
real_20240707,real,2024-07-07,adapted,2538,0.7953619555,8.991133222,0.4289105641,0.183964272,2670.370818,2538,0.8368445058,0.7953619555,0.7613615709,0.8293623401
real_20240707,real,2024-07-07,adapted,2539,0.7956753369,8.990307171,0.4447896386,0.1978378226,2670.568656,2539,0.8369065045,0.7956753369,0.7616749523,0.8296757215
real_20240707,real,2024-07-07,adapted,2540,0.7959887183,8.983710114,0.1417108873,0.02008197558,2670.588738,2540,0.8369127978,0.7959887183,0.7619883337,0.8299891029
real_20240707,real,2024-07-07,adapted,2541,0.7963020997,8.981205841,1.191937115,1.420714087,2672.009452,2541,0.8373580232,0.7963020997,0.7623017151,0.8303024843
real_20240707,real,2024-07-07,adapted,2542,0.796615481,8.979190278,1.575125857,2.481021467,2674.490473,2542,0.8381355291,0.796615481,0.7626150964,0.8306158656
real_20240707,real,2024-07-07,adapted,2543,0.7969288624,8.977955794,0.2365425828,0.05595239346,2674.546426,2543,0.8381530635,0.7969288624,0.7629284778,0.830929247
real_20240707,real,2024-07-07,adapted,2544,0.7972422438,8.975205977,-0.1543408158,0.02382108741,2674.570247,2544,0.8381605286,0.7972422438,0.7632418592,0.8312426284
real_20240707,real,2024-07-07,adapted,2545,0.7975556252,8.971527125,-0.07350329689,0.005402734654,2674.57565,2545,0.8381622217,0.7975556252,0.7635552406,0.8315560098
real_20240707,real,2024-07-07,adapted,2546,0.7978690066,8.97050687,1.72263947,2.967486745,2677.543136,2546,0.8390921769,0.7978690066,0.763868622,0.8318693912
real_20240707,real,2024-07-07,adapted,2547,0.798182388,8.967813257,0.484607495,0.2348444242,2677.777981,2547,0.8391657727,0.798182388,0.7641820034,0.8321827726
real_20240707,real,2024-07-07,adapted,2548,0.7984957694,8.967084836,0.6092663916,0.371205536,2678.149186,2548,0.8392821016,0.7984957694,0.7644953848,0.832496154
real_20240707,real,2024-07-07,adapted,2549,0.7988091507,8.9662714,0.8995135145,0.8091245628,2678.958311,2549,0.8395356662,0.7988091507,0.7648087661,0.8328095353
real_20240707,real,2024-07-07,adapted,2550,0.7991225321,8.96337844,0.07329169755,0.00537167293,2678.963683,2550,0.8395373496,0.7991225321,0.7651221475,0.8331229167
real_20240707,real,2024-07-07,adapted,2551,0.7994359135,8.960204583,-1.332306062,1.775039442,2680.738722,2551,0.8400936139,0.7994359135,0.7654355289,0.8334362981
real_20240707,real,2024-07-07,adapted,2552,0.7997492949,8.957969344,-1.26713459,1.60563007,2682.344352,2552,0.8405967885,0.7997492949,0.7657489103,0.8337496795
real_20240707,real,2024-07-07,adapted,2553,0.8000626763,8.955309101,0.805545149,0.648902987,2682.993255,2553,0.8408001426,0.8000626763,0.7660622917,0.8340630609
real_20240707,real,2024-07-07,adapted,2554,0.8003760577,8.954352747,0.06097110473,0.003717475612,2682.996973,2554,0.8408013076,0.8003760577,0.7663756731,0.8343764423
real_20240707,real,2024-07-07,adapted,2555,0.800689439,8.953545155,0.1595749848,0.02546417579,2683.022437,2555,0.8408092876,0.800689439,0.7666890544,0.8346898236
real_20240707,real,2024-07-07,adapted,2556,0.8010028204,8.950855351,-0.1073180267,0.01151715886,2683.033954,2556,0.8408128968,0.8010028204,0.7670024358,0.835003205
real_20240707,real,2024-07-07,adapted,2557,0.8013162018,8.943881606,-0.4844059984,0.2346491713,2683.268603,2557,0.8408864315,0.8013162018,0.7673158172,0.8353165864
real_20240707,real,2024-07-07,adapted,2558,0.8016295832,8.942742463,-1.171834291,1.373195606,2684.641799,2558,0.8413167655,0.8016295832,0.7676291986,0.8356299678
real_20240707,real,2024-07-07,adapted,2559,0.8019429646,8.941561109,2.106410793,4.436966429,2689.078765,2559,0.8427072282,0.8019429646,0.76794258,0.8359433492
real_20240707,real,2024-07-07,adapted,2560,0.802256346,8.940001541,0.05170781803,0.002673698445,2689.081439,2560,0.842708066,0.802256346,0.7682559614,0.8362567306
real_20240707,real,2024-07-07,adapted,2561,0.8025697274,8.936941897,-0.4972580013,0.2472655199,2689.328704,2561,0.8427855545,0.8025697274,0.7685693428,0.836570112
real_20240707,real,2024-07-07,adapted,2562,0.8028831087,8.935677339,-0.6486629469,0.4207636187,2689.749468,2562,0.8429174139,0.8028831087,0.7688827241,0.8368834933
real_20240707,real,2024-07-07,adapted,2563,0.8031964901,8.932403084,-2.007905112,4.031682938,2693.781151,2563,0.8441808683,0.8031964901,0.7691961055,0.8371968747
real_20240707,real,2024-07-07,adapted,2564,0.8035098715,8.927800412,-0.07894542776,0.006232380565,2693.787383,2564,0.8441828214,0.8035098715,0.7695094869,0.8375102561
real_20240707,real,2024-07-07,adapted,2565,0.8038232529,8.926132775,0.08212341959,0.006744256044,2693.794127,2565,0.844184935,0.8038232529,0.7698228683,0.8378236375
real_20240707,real,2024-07-07,adapted,2566,0.8041366343,8.924598859,-2.169207804,4.705462498,2698.49959,2566,0.8456595393,0.8041366343,0.7701362497,0.8381370189
real_20240707,real,2024-07-07,adapted,2567,0.8044500157,8.923678542,0.3260541073,0.1063112809,2698.605901,2567,0.8456928553,0.8044500157,0.7704496311,0.8384504003
real_20240707,real,2024-07-07,adapted,2568,0.8047633971,8.922729595,1.388689297,1.928457965,2700.534359,2568,0.8462971981,0.8047633971,0.7707630125,0.8387637817
real_20240707,real,2024-07-07,adapted,2569,0.8050767784,8.919065023,-0.3249529361,0.1055944107,2700.639954,2569,0.8463302894,0.8050767784,0.7710763938,0.839077163
real_20240707,real,2024-07-07,adapted,2570,0.8053901598,8.9163274,-0.2231985894,0.04981761031,2700.689771,2570,0.8463459014,0.8053901598,0.7713897752,0.8393905444
real_20240707,real,2024-07-07,adapted,2571,0.8057035412,8.913318441,1.167880226,1.363944222,2702.053715,2571,0.8467733361,0.8057035412,0.7717031566,0.8397039258
real_20240707,real,2024-07-07,adapted,2572,0.8060169226,8.911593127,-0.1969956361,0.03880728064,2702.092523,2572,0.8467854976,0.8060169226,0.772016538,0.8400173072
real_20240707,real,2024-07-07,adapted,2573,0.806330304,8.911133483,-0.8800996592,0.7745754101,2702.867098,2573,0.8470282351,0.806330304,0.7723299194,0.8403306886
real_20240707,real,2024-07-07,adapted,2574,0.8066436854,8.908365531,-0.2593119913,0.06724270883,2702.934341,2574,0.8470493077,0.8066436854,0.7726433008,0.84064407
real_20240707,real,2024-07-07,adapted,2575,0.8069570668,8.905346226,-0.9713326781,0.9434871715,2703.877828,2575,0.847344979,0.8069570668,0.7729566821,0.8409574514
real_20240707,real,2024-07-07,adapted,2576,0.8072704481,8.902837224,0.5081016441,0.2581672807,2704.135995,2576,0.8474258838,0.8072704481,0.7732700635,0.8412708327
real_20240707,real,2024-07-07,adapted,2577,0.8075838295,8.900313996,-0.8418001767,0.7086275376,2704.844623,2577,0.8476479545,0.8075838295,0.7735834449,0.8415842141
real_20240707,real,2024-07-07,adapted,2578,0.8078972109,8.898008717,1.193286459,1.423932574,2706.268555,2578,0.8480941885,0.8078972109,0.7738968263,0.8418975955
real_20240707,real,2024-07-07,adapted,2579,0.8082105923,8.896524119,1.062875393,1.129704101,2707.39826,2579,0.8484482167,0.8082105923,0.7742102077,0.8422109769
real_20240707,real,2024-07-07,adapted,2580,0.8085239737,8.891242756,-0.02067833771,0.0004275936503,2707.398687,2580,0.8484483507,0.8085239737,0.7745235891,0.8425243583
real_20240707,real,2024-07-07,adapted,2581,0.8088373551,8.888269891,1.165967449,1.359480091,2708.758167,2581,0.8488743865,0.8088373551,0.7748369705,0.8428377397
real_20240707,real,2024-07-07,adapted,2582,0.8091507364,8.886114843,-0.8921764611,0.7959788378,2709.554146,2582,0.8491238314,0.8091507364,0.7751503518,0.843151121
real_20240707,real,2024-07-07,adapted,2583,0.8094641178,8.883399869,-0.04035471396,0.001628502938,2709.555775,2583,0.8491243418,0.8094641178,0.7754637332,0.8434645024
real_20240707,real,2024-07-07,adapted,2584,0.8097774992,8.880983198,-1.660314255,2.756643426,2712.312418,2584,0.8499882225,0.8097774992,0.7757771146,0.8437778838
real_20240707,real,2024-07-07,adapted,2585,0.8100908806,8.879687959,-1.159789574,1.345111856,2713.65753,2585,0.8504097555,0.8100908806,0.776090496,0.8440912652
real_20240707,real,2024-07-07,adapted,2586,0.810404262,8.87670765,-0.8475425715,0.7183284105,2714.375858,2586,0.8506348663,0.810404262,0.7764038774,0.8444046466
real_20240707,real,2024-07-07,adapted,2587,0.8107176434,8.87590897,-1.169672936,1.368134777,2715.743993,2587,0.8510636142,0.8107176434,0.7767172588,0.844718028
real_20240707,real,2024-07-07,adapted,2588,0.8110310248,8.875447032,0.400787904,0.160630944,2715.904624,2588,0.851113953,0.8110310248,0.7770306402,0.8450314094
real_20240707,real,2024-07-07,adapted,2589,0.8113444061,8.873555308,0.06412486533,0.004111998353,2715.908736,2589,0.8511152416,0.8113444061,0.7773440215,0.8453447907
real_20240707,real,2024-07-07,adapted,2590,0.8116577875,8.87286296,-0.02369834133,0.0005616113818,2715.909298,2590,0.8511154176,0.8116577875,0.7776574029,0.8456581721
real_20240707,real,2024-07-07,adapted,2591,0.8119711689,8.870096748,0.906622591,0.8219645225,2716.731262,2591,0.851373006,0.8119711689,0.7779707843,0.8459715535
real_20240707,real,2024-07-07,adapted,2592,0.8122845503,8.863878923,0.03007629026,0.0009045832359,2716.732167,2592,0.8513732895,0.8122845503,0.7782841657,0.8462849349
real_20240707,real,2024-07-07,adapted,2593,0.8125979317,8.861740031,1.522384814,2.317655521,2719.049822,2593,0.8520995996,0.8125979317,0.7785975471,0.8465983163
real_20240707,real,2024-07-07,adapted,2594,0.8129113131,8.855996746,-2.534640546,6.424402699,2725.474225,2594,0.8541128878,0.8129113131,0.7789109285,0.8469116977
real_20240707,real,2024-07-07,adapted,2595,0.8132246945,8.851553816,0.6956389615,0.4839135647,2725.958138,2595,0.8542645373,0.8132246945,0.7792243099,0.8472250791
real_20240707,real,2024-07-07,adapted,2596,0.8135380758,8.849658629,0.6993682574,0.4891159595,2726.447254,2596,0.8544178171,0.8135380758,0.7795376912,0.8475384604
real_20240707,real,2024-07-07,adapted,2597,0.8138514572,8.846827346,0.1792857589,0.03214338334,2726.479398,2597,0.8544278903,0.8138514572,0.7798510726,0.8478518418
real_20240707,real,2024-07-07,adapted,2598,0.8141648386,8.844367569,0.6742434466,0.4546042253,2726.934002,2598,0.8545703548,0.8141648386,0.780164454,0.8481652232
real_20240707,real,2024-07-07,adapted,2599,0.81447822,8.836977997,-0.6995692503,0.489397136,2727.423399,2599,0.8547237227,0.81447822,0.7804778354,0.8484786046
real_20240707,real,2024-07-07,adapted,2600,0.8147916014,8.835184437,-0.06673103198,0.004453030629,2727.427852,2600,0.8547251182,0.8147916014,0.7807912168,0.848791986
real_20240707,real,2024-07-07,adapted,2601,0.8151049828,8.833050709,-0.4048475459,0.1639015354,2727.591754,2601,0.8547764819,0.8151049828,0.7811045982,0.8491053674
real_20240707,real,2024-07-07,adapted,2602,0.8154183641,8.829784576,-1.916438215,3.672735432,2731.264489,2602,0.8559274488,0.8154183641,0.7814179795,0.8494187487
real_20240707,real,2024-07-07,adapted,2603,0.8157317455,8.82709239,-0.2351217152,0.05528222096,2731.319771,2603,0.8559447732,0.8157317455,0.7817313609,0.8497321301
real_20240707,real,2024-07-07,adapted,2604,0.8160451269,8.824787311,-0.2627799162,0.06905328435,2731.388825,2604,0.8559664132,0.8160451269,0.7820447423,0.8500455115
real_20240707,real,2024-07-07,adapted,2605,0.8163585083,8.81948071,0.4433052533,0.1965195476,2731.585344,2605,0.8560279988,0.8163585083,0.7823581237,0.8503588929
real_20240707,real,2024-07-07,adapted,2606,0.8166718897,8.81558903,-0.2616716483,0.06847205154,2731.653816,2606,0.8560494567,0.8166718897,0.7826715051,0.8506722743
real_20240707,real,2024-07-07,adapted,2607,0.8169852711,8.812247855,-0.5438616663,0.295785512,2731.949602,2607,0.8561421504,0.8169852711,0.7829848865,0.8509856557
real_20240707,real,2024-07-07,adapted,2608,0.8172986525,8.807019739,0.247050797,0.06103409628,2732.010636,2608,0.8561612773,0.8172986525,0.7832982679,0.8512990371
real_20240707,real,2024-07-07,adapted,2609,0.8176120338,8.804121903,-0.5171649161,0.2674595505,2732.278095,2609,0.8562450941,0.8176120338,0.7836116492,0.8516124184
real_20240707,real,2024-07-07,adapted,2610,0.8179254152,8.803030809,-0.1579166979,0.02493768349,2732.303033,2610,0.8562529092,0.8179254152,0.7839250306,0.8519257998
real_20240707,real,2024-07-07,adapted,2611,0.8182387966,8.80165203,1.12701516,1.270163171,2733.573196,2611,0.8566509546,0.8182387966,0.784238412,0.8522391812
real_20240707,real,2024-07-07,adapted,2612,0.818552178,8.80007525,-0.974239816,0.949143219,2734.522339,2612,0.8569483985,0.818552178,0.7845517934,0.8525525626
real_20240707,real,2024-07-07,adapted,2613,0.8188655594,8.797903751,0.8723170843,0.7609370956,2735.283277,2613,0.857186862,0.8188655594,0.7848651748,0.852865944
real_20240707,real,2024-07-07,adapted,2614,0.8191789408,8.797459323,0.5734556828,0.3288514202,2735.612128,2614,0.8572899179,0.8191789408,0.7851785562,0.8531793254
real_20240707,real,2024-07-07,adapted,2615,0.8194923222,8.79482071,0.1801027889,0.03243701457,2735.644565,2615,0.8573000831,0.8194923222,0.7854919376,0.8534927068
real_20240707,real,2024-07-07,adapted,2616,0.8198057035,8.793429883,0.3516483676,0.1236565745,2735.768222,2616,0.8573388347,0.8198057035,0.7858053189,0.8538060881
real_20240707,real,2024-07-07,adapted,2617,0.8201190849,8.789338317,0.99943606,0.9988724381,2736.767094,2617,0.8576518628,0.8201190849,0.7861187003,0.8541194695
real_20240707,real,2024-07-07,adapted,2618,0.8204324663,8.78851472,0.003879138819,1.504771798e-05,2736.767109,2618,0.8576518675,0.8204324663,0.7864320817,0.8544328509
real_20240707,real,2024-07-07,adapted,2619,0.8207458477,8.787504833,-0.2046331161,0.0418747122,2736.808984,2619,0.8576649902,0.8207458477,0.7867454631,0.8547462323
real_20240707,real,2024-07-07,adapted,2620,0.8210592291,8.785386415,-0.7765740351,0.603067232,2737.412051,2620,0.8578539803,0.8210592291,0.7870588445,0.8550596137
real_20240707,real,2024-07-07,adapted,2621,0.8213726105,8.776819924,-0.6226146004,0.3876489407,2737.7997,2621,0.8579754622,0.8213726105,0.7873722259,0.8553729951
real_20240707,real,2024-07-07,adapted,2622,0.8216859919,8.776125841,-0.5826520499,0.3394834112,2738.139183,2622,0.85808185,0.8216859919,0.7876856073,0.8556863765
real_20240707,real,2024-07-07,adapted,2623,0.8219993732,8.770765361,1.315729781,1.731144857,2739.870328,2623,0.8586243586,0.8219993732,0.7879989886,0.8559997578
real_20240707,real,2024-07-07,adapted,2624,0.8223127546,8.768153423,0.260208905,0.06770867424,2739.938037,2624,0.8586455772,0.8223127546,0.78831237,0.8563131392
real_20240707,real,2024-07-07,adapted,2625,0.822626136,8.7669844,0.6245171074,0.3900216174,2740.328059,2625,0.8587678027,0.822626136,0.7886257514,0.8566265206
real_20240707,real,2024-07-07,adapted,2626,0.8229395174,8.764832795,0.05187089788,0.002690590047,2740.330749,2626,0.8587686459,0.8229395174,0.7889391328,0.856939902
real_20240707,real,2024-07-07,adapted,2627,0.8232528988,8.764296587,-1.156744959,1.338058901,2741.668808,2627,0.8591879687,0.8232528988,0.7892525142,0.8572532834
real_20240707,real,2024-07-07,adapted,2628,0.8235662802,8.763481263,1.015687359,1.031620812,2742.700429,2628,0.8595112594,0.8235662802,0.7895658956,0.8575666648
real_20240707,real,2024-07-07,adapted,2629,0.8238796615,8.756061858,-0.5458505313,0.2979528026,2742.998382,2629,0.8596046323,0.8238796615,0.7898792769,0.8578800461
real_20240707,real,2024-07-07,adapted,2630,0.8241930429,8.750491608,-1.293738415,1.673759086,2744.672141,2630,0.8601291572,0.8241930429,0.7901926583,0.8581934275
real_20240707,real,2024-07-07,adapted,2631,0.8245064243,8.748177396,-0.2409505015,0.05805714417,2744.730198,2631,0.8601473513,0.8245064243,0.7905060397,0.8585068089
real_20240707,real,2024-07-07,adapted,2632,0.8248198057,8.745883993,1.186607298,1.408036879,2746.138235,2632,0.8605886038,0.8248198057,0.7908194211,0.8588201903
real_20240707,real,2024-07-07,adapted,2633,0.8251331871,8.741963153,0.9882534419,0.9766448654,2747.11488,2633,0.8608946661,0.8251331871,0.7911328025,0.8591335717
real_20240707,real,2024-07-07,adapted,2634,0.8254465685,8.738661374,3.158389165,9.975422115,2757.090302,2634,0.8640207777,0.8254465685,0.7914461839,0.8594469531
real_20240707,real,2024-07-07,adapted,2635,0.8257599499,8.736625975,-0.2991581129,0.08949557649,2757.179797,2635,0.864048824,0.8257599499,0.7917595653,0.8597603345
real_20240707,real,2024-07-07,adapted,2636,0.8260733312,8.733298898,1.101589978,1.21350048,2758.393298,2636,0.8644291124,0.8260733312,0.7920729466,0.8600737158
real_20240707,real,2024-07-07,adapted,2637,0.8263867126,8.731853208,-0.2682202977,0.07194212808,2758.46524,2637,0.8644516578,0.8263867126,0.792386328,0.8603870972
real_20240707,real,2024-07-07,adapted,2638,0.826700094,8.73135622,0.7159866485,0.5126368808,2758.977877,2638,0.8646123086,0.826700094,0.7926997094,0.8607004786
real_20240707,real,2024-07-07,adapted,2639,0.8270134754,8.729373035,-0.4506676301,0.2031013128,2759.180978,2639,0.8646759568,0.8270134754,0.7930130908,0.86101386
real_20240707,real,2024-07-07,adapted,2640,0.8273268568,8.725169805,0.1896788455,0.03597806442,2759.216956,2640,0.8646872316,0.8273268568,0.7933264722,0.8613272414
real_20240707,real,2024-07-07,adapted,2641,0.8276402382,8.723821944,-0.9294175943,0.8638170646,2760.080773,2641,0.8649579358,0.8276402382,0.7936398536,0.8616406228
real_20240707,real,2024-07-07,adapted,2642,0.8279536196,8.719683818,-1.339742886,1.794911002,2761.875684,2642,0.8655204275,0.8279536196,0.793953235,0.8619540042
real_20240707,real,2024-07-07,adapted,2643,0.8282670009,8.715785792,-0.4766566045,0.2272015186,2762.102886,2643,0.8655916283,0.8282670009,0.7942666163,0.8622673855
real_20240707,real,2024-07-07,adapted,2644,0.8285803823,8.711680673,0.4781179672,0.2285967906,2762.331483,2644,0.8656632662,0.8285803823,0.7945799977,0.8625807669
real_20240707,real,2024-07-07,adapted,2645,0.8288937637,8.708849896,0.197594396,0.03904354533,2762.370526,2645,0.8656755018,0.8288937637,0.7948933791,0.8628941483
real_20240707,real,2024-07-07,adapted,2646,0.8292071451,8.706134358,-0.613919992,0.3768977565,2762.747424,2646,0.8657936145,0.8292071451,0.7952067605,0.8632075297
real_20240707,real,2024-07-07,adapted,2647,0.8295205265,8.705001037,-0.4458033229,0.1987406027,2762.946164,2647,0.8658558961,0.8295205265,0.7955201419,0.8635209111
real_20240707,real,2024-07-07,adapted,2648,0.8298339079,8.700135319,-0.6210066482,0.3856492571,2763.331814,2648,0.8659767514,0.8298339079,0.7958335233,0.8638342925
real_20240707,real,2024-07-07,adapted,2649,0.8301472893,8.699298286,-1.992812142,3.971300233,2767.303114,2649,0.867221283,0.8301472893,0.7961469047,0.8641476739
real_20240707,real,2024-07-07,adapted,2650,0.8304606706,8.69584444,-0.3538618311,0.1252181955,2767.428332,2650,0.867260524,0.8304606706,0.796460286,0.8644610552
real_20240707,real,2024-07-07,adapted,2651,0.830774052,8.69428109,-0.5279763439,0.2787590197,2767.707091,2651,0.8673478819,0.830774052,0.7967736674,0.8647744366
real_20240707,real,2024-07-07,adapted,2652,0.8310874334,8.69389733,-0.1228638761,0.01509553206,2767.722187,2652,0.8673526126,0.8310874334,0.7970870488,0.865087818
real_20240707,real,2024-07-07,adapted,2653,0.8314008148,8.692707399,-0.1833841883,0.03362976053,2767.755816,2653,0.8673631515,0.8314008148,0.7974004302,0.8654011994
real_20240707,real,2024-07-07,adapted,2654,0.8317141962,8.688452633,0.4420260474,0.1953870266,2767.951203,2654,0.8674243822,0.8317141962,0.7977138116,0.8657145808
real_20240707,real,2024-07-07,adapted,2655,0.8320275776,8.68565473,0.9116719148,0.8311456803,2768.782349,2655,0.8676848477,0.8320275776,0.798027193,0.8660279622
real_20240707,real,2024-07-07,adapted,2656,0.8323409589,8.684093225,-0.4776279846,0.2281284917,2769.010478,2656,0.867756339,0.8323409589,0.7983405743,0.8663413435
real_20240707,real,2024-07-07,adapted,2657,0.8326543403,8.682754287,0.1047310167,0.01096858586,2769.021446,2657,0.8677597763,0.8326543403,0.7986539557,0.8666547249
real_20240707,real,2024-07-07,adapted,2658,0.8329677217,8.679550352,0.3508985313,0.1231297793,2769.144576,2658,0.8677983629,0.8329677217,0.7989673371,0.8669681063
real_20240707,real,2024-07-07,adapted,2659,0.8332811031,8.678833825,0.5018215491,0.2518248671,2769.396401,2659,0.8678772801,0.8332811031,0.7992807185,0.8672814877
real_20240707,real,2024-07-07,adapted,2660,0.8335944845,8.67819999,-0.2813364067,0.07915017376,2769.475551,2660,0.8679020843,0.8335944845,0.7995940999,0.8675948691
real_20240707,real,2024-07-07,adapted,2661,0.8339078659,8.672661699,0.103764436,0.01076705817,2769.486318,2661,0.8679054585,0.8339078659,0.7999074813,0.8679082505
real_20240707,real,2024-07-07,adapted,2662,0.8342212473,8.670456504,0.8286673997,0.6866896593,2770.173008,2662,0.8681206543,0.8342212473,0.8002208627,0.8682216319
real_20240707,real,2024-07-07,adapted,2663,0.8345346286,8.665749,-0.148997307,0.02220019748,2770.195208,2663,0.8681276114,0.8345346286,0.800534244,0.8685350132
real_20240707,real,2024-07-07,adapted,2664,0.83484801,8.660550159,1.053815995,1.110528152,2771.305736,2664,0.8684756302,0.83484801,0.8008476254,0.8688483946
real_20240707,real,2024-07-07,adapted,2665,0.8351613914,8.658373229,-1.895029823,3.591138029,2774.896874,2665,0.8696010261,0.8351613914,0.8011610068,0.869161776
real_20240707,real,2024-07-07,adapted,2666,0.8354747728,8.655314606,1.062365193,1.128619803,2776.025494,2666,0.8699547145,0.8354747728,0.8014743882,0.8694751574
real_20240707,real,2024-07-07,adapted,2667,0.8357881542,8.654039098,-0.2156346653,0.04649830887,2776.071992,2667,0.8699692862,0.8357881542,0.8017877696,0.8697885388
real_20240707,real,2024-07-07,adapted,2668,0.8361015356,8.651974196,0.7791287559,0.6070416182,2776.679034,2668,0.8701595217,0.8361015356,0.802101151,0.8701019202
real_20240707,real,2024-07-07,adapted,2669,0.836414917,8.649454024,-0.319462996,0.1020566058,2776.78109,2669,0.8701915044,0.836414917,0.8024145324,0.8704153016
real_20240707,real,2024-07-07,adapted,2670,0.8367282983,8.646822903,-0.2629148959,0.06912424246,2776.850215,2670,0.8702131666,0.8367282983,0.8027279137,0.8707286829
real_20240707,real,2024-07-07,adapted,2671,0.8370416797,8.644032233,0.6560438833,0.4303935768,2777.280608,2671,0.870348044,0.8370416797,0.8030412951,0.8710420643
real_20240707,real,2024-07-07,adapted,2672,0.8373550611,8.642151175,0.2913919502,0.08490926863,2777.365518,2672,0.870374653,0.8373550611,0.8033546765,0.8713554457
real_20240707,real,2024-07-07,adapted,2673,0.8376684425,8.638427665,-0.3673506982,0.1349465355,2777.500464,2673,0.8704169427,0.8376684425,0.8036680579,0.8716688271
real_20240707,real,2024-07-07,adapted,2674,0.8379818239,8.635168515,0.74384538,0.5533059493,2778.05377,2674,0.8705903385,0.8379818239,0.8039814393,0.8719822085
real_20240707,real,2024-07-07,adapted,2675,0.8382952053,8.632710105,-0.6155224383,0.3788678721,2778.432638,2675,0.8707090686,0.8382952053,0.8042948207,0.8722955899
real_20240707,real,2024-07-07,adapted,2676,0.8386085866,8.630812523,1.774299515,3.14813877,2781.580777,2676,0.8716956367,0.8386085866,0.804608202,0.8726089713
real_20240707,real,2024-07-07,adapted,2677,0.838921968,8.628148058,2.891872805,8.36292832,2789.943705,2677,0.8743164228,0.838921968,0.8049215834,0.8729223526
real_20240707,real,2024-07-07,adapted,2678,0.8392353494,8.627305388,0.8910615491,0.7939906842,2790.737696,2678,0.8745652447,0.8392353494,0.8052349648,0.873235734
real_20240707,real,2024-07-07,adapted,2679,0.8395487308,8.625802148,0.2540452647,0.06453899654,2790.802235,2679,0.87458547,0.8395487308,0.8055483462,0.8735491154
real_20240707,real,2024-07-07,adapted,2680,0.8398621122,8.623826627,-0.09272393235,0.00859772763,2790.810832,2680,0.8745881643,0.8398621122,0.8058617276,0.8738624968
real_20240707,real,2024-07-07,adapted,2681,0.8401754936,8.618303614,1.128242315,1.272930721,2792.083763,2681,0.8749870771,0.8401754936,0.806175109,0.8741758782
real_20240707,real,2024-07-07,adapted,2682,0.840488875,8.617843464,-0.2526365678,0.06382523541,2792.147588,2682,0.8750070788,0.840488875,0.8064884904,0.8744892596
real_20240707,real,2024-07-07,adapted,2683,0.8408022563,8.615558762,-0.5328972231,0.2839794504,2792.431568,2683,0.8750960727,0.8408022563,0.8068018717,0.8748026409
real_20240707,real,2024-07-07,adapted,2684,0.8411156377,8.61427535,1.134423955,1.286917709,2793.718486,2684,0.8754993687,0.8411156377,0.8071152531,0.8751160223
real_20240707,real,2024-07-07,adapted,2685,0.8414290191,8.608332084,-1.408685449,1.984394694,2795.70288,2685,0.8761212411,0.8414290191,0.8074286345,0.8754294037
real_20240707,real,2024-07-07,adapted,2686,0.8417424005,8.596343715,0.1490179708,0.02220635563,2795.725087,2686,0.8761282001,0.8417424005,0.8077420159,0.8757427851
real_20240707,real,2024-07-07,adapted,2687,0.8420557819,8.594603062,0.1496445347,0.02239348676,2795.74748,2687,0.8761352178,0.8420557819,0.8080553973,0.8760561665
real_20240707,real,2024-07-07,adapted,2688,0.8423691633,8.593804373,0.2435576856,0.0593203462,2795.8068,2688,0.8761538077,0.8423691633,0.8083687787,0.8763695479
real_20240707,real,2024-07-07,adapted,2689,0.8426825447,8.592124399,-1.086104462,1.179622903,2796.986423,2689,0.8765234796,0.8426825447,0.8086821601,0.8766829293
real_20240707,real,2024-07-07,adapted,2690,0.842995926,8.590166593,-0.6085300701,0.3703088462,2797.356732,2690,0.8766395275,0.842995926,0.8089955414,0.8769963106
real_20240707,real,2024-07-07,adapted,2691,0.8433093074,8.58870823,-0.8565278073,0.7336398847,2798.090372,2691,0.8768694366,0.8433093074,0.8093089228,0.877309692
real_20240707,real,2024-07-07,adapted,2692,0.8436226888,8.587896952,-0.01906358753,0.0003634203697,2798.090735,2692,0.8768695504,0.8436226888,0.8096223042,0.8776230734
real_20240707,real,2024-07-07,adapted,2693,0.8439360702,8.586427575,0.9088885106,0.8260783246,2798.916814,2693,0.877128428,0.8439360702,0.8099356856,0.8779364548
real_20240707,real,2024-07-07,adapted,2694,0.8442494516,8.583546573,1.722524869,2.967091924,2801.883906,2694,0.8780582594,0.8442494516,0.810249067,0.8782498362
real_20240707,real,2024-07-07,adapted,2695,0.844562833,8.582699814,-0.430175204,0.1850507062,2802.068956,2695,0.8781162508,0.844562833,0.8105624484,0.8785632176
real_20240707,real,2024-07-07,adapted,2696,0.8448762144,8.580992817,0.3079752604,0.09484876102,2802.163805,2696,0.8781459747,0.8448762144,0.8108758298,0.878876599
real_20240707,real,2024-07-07,adapted,2697,0.8451895957,8.579700591,-0.8195938801,0.6717341283,2802.835539,2697,0.8783564836,0.8451895957,0.8111892111,0.8791899803
real_20240707,real,2024-07-07,adapted,2698,0.8455029771,8.578916995,0.5426424552,0.2944608342,2803.13,2698,0.8784487622,0.8455029771,0.8115025925,0.8795033617
real_20240707,real,2024-07-07,adapted,2699,0.8458163585,8.576012843,-1.012623831,1.025407024,2804.155407,2699,0.8787701057,0.8458163585,0.8118159739,0.8798167431
real_20240707,real,2024-07-07,adapted,2700,0.8461297399,8.575231003,0.9243804468,0.8544792105,2805.009886,2700,0.8790378835,0.8461297399,0.8121293553,0.8801301245
real_20240707,real,2024-07-07,adapted,2701,0.8464431213,8.573320292,-0.3152080726,0.09935612903,2805.109243,2701,0.8790690199,0.8464431213,0.8124427367,0.8804435059
real_20240707,real,2024-07-07,adapted,2702,0.8467565027,8.572501477,0.7242295094,0.5245083823,2805.633751,2702,0.8792333911,0.8467565027,0.8127561181,0.8807568873
real_20240707,real,2024-07-07,adapted,2703,0.847069884,8.571146582,-0.4413079365,0.1947526948,2805.828504,2703,0.8792944229,0.847069884,0.8130694994,0.8810702686
real_20240707,real,2024-07-07,adapted,2704,0.8473832654,8.569454813,-0.3738571255,0.1397691503,2805.968273,2704,0.879338224,0.8473832654,0.8133828808,0.88138365
real_20240707,real,2024-07-07,adapted,2705,0.8476966468,8.565156467,-0.8515810982,0.7251903668,2806.693463,2705,0.8795654851,0.8476966468,0.8136962622,0.8816970314
real_20240707,real,2024-07-07,adapted,2706,0.8480100282,8.561805928,0.1353344619,0.01831541657,2806.711779,2706,0.8795712249,0.8480100282,0.8140096436,0.8820104128
real_20240707,real,2024-07-07,adapted,2707,0.8483234096,8.561363951,1.579577613,2.495065435,2809.206844,2707,0.8803531319,0.8483234096,0.814323025,0.8823237942
real_20240707,real,2024-07-07,adapted,2708,0.848636791,8.558649307,1.010293516,1.020692988,2810.227537,2708,0.8806729981,0.848636791,0.8146364064,0.8826371756
real_20240707,real,2024-07-07,adapted,2709,0.8489501724,8.556947286,0.6967856545,0.4855102483,2810.713047,2709,0.880825148,0.8489501724,0.8149497878,0.882950557
real_20240707,real,2024-07-07,adapted,2710,0.8492635537,8.553490967,1.922939536,3.69769646,2814.410744,2710,0.8819839372,0.8492635537,0.8152631691,0.8832639383
real_20240707,real,2024-07-07,adapted,2711,0.8495769351,8.55171033,-0.8278511485,0.685337524,2815.096081,2711,0.8821987092,0.8495769351,0.8155765505,0.8835773197
real_20240707,real,2024-07-07,adapted,2712,0.8498903165,8.551074846,-0.284610873,0.08100334903,2815.177085,2712,0.8822240942,0.8498903165,0.8158899319,0.8838907011
real_20240707,real,2024-07-07,adapted,2713,0.8502036979,8.54957351,0.3652664943,0.1334196119,2815.310504,2713,0.8822659054,0.8502036979,0.8162033133,0.8842040825
real_20240707,real,2024-07-07,adapted,2714,0.8505170793,8.548073847,-0.8613032853,0.7418433493,2816.052347,2714,0.8824983853,0.8505170793,0.8165166947,0.8845174639
real_20240707,real,2024-07-07,adapted,2715,0.8508304607,8.547166244,0.7148321675,0.5109850276,2816.563333,2715,0.8826585185,0.8508304607,0.8168300761,0.8848308453
real_20240707,real,2024-07-07,adapted,2716,0.8511438421,8.545843086,0.02201995776,0.0004848785399,2816.563817,2716,0.8826586704,0.8511438421,0.8171434575,0.8851442267
real_20240707,real,2024-07-07,adapted,2717,0.8514572234,8.543543597,0.3066439349,0.09403050282,2816.657848,2717,0.8826881379,0.8514572234,0.8174568388,0.885457608
real_20240707,real,2024-07-07,adapted,2718,0.8517706048,8.542118381,1.572194631,2.471795958,2819.129644,2718,0.8834627527,0.8517706048,0.8177702202,0.8857709894
real_20240707,real,2024-07-07,adapted,2719,0.8520839862,8.540426967,0.5718087473,0.3269652435,2819.456609,2719,0.8835652175,0.8520839862,0.8180836016,0.8860843708
real_20240707,real,2024-07-07,adapted,2720,0.8523973676,8.53706615,-0.693630857,0.4811237658,2819.937733,2720,0.8837159928,0.8523973676,0.818396983,0.8863977522
real_20240707,real,2024-07-07,adapted,2721,0.852710749,8.535236464,1.669882828,2.788508659,2822.726242,2721,0.8845898595,0.852710749,0.8187103644,0.8867111336
real_20240707,real,2024-07-07,adapted,2722,0.8530241304,8.534220717,1.349599022,1.821417521,2824.547659,2722,0.8851606578,0.8530241304,0.8190237458,0.887024515
real_20240707,real,2024-07-07,adapted,2723,0.8533375118,8.532967518,-0.5858702142,0.3432439078,2824.890903,2723,0.8852682241,0.8533375118,0.8193371272,0.8873378964
real_20240707,real,2024-07-07,adapted,2724,0.8536508931,8.532453802,-0.7813481452,0.610504924,2825.501408,2724,0.8854595449,0.8536508931,0.8196505085,0.8876512777
real_20240707,real,2024-07-07,adapted,2725,0.8539642745,8.529341617,-0.1204366945,0.01450499738,2825.515913,2725,0.8854640905,0.8539642745,0.8199638899,0.8879646591
real_20240707,real,2024-07-07,adapted,2726,0.8542776559,8.527201139,0.4087648617,0.1670887121,2825.683002,2726,0.885516453,0.8542776559,0.8202772713,0.8882780405
real_20240707,real,2024-07-07,adapted,2727,0.8545910373,8.520399239,0.8178726368,0.6689156501,2826.351917,2727,0.8857260787,0.8545910373,0.8205906527,0.8885914219
real_20240707,real,2024-07-07,adapted,2728,0.8549044187,8.518819055,-0.5495670298,0.3020239202,2826.653941,2728,0.8858207274,0.8549044187,0.8209040341,0.8889048033
real_20240707,real,2024-07-07,adapted,2729,0.8552178001,8.517453132,-0.4556965442,0.2076593404,2826.861601,2729,0.885885804,0.8552178001,0.8212174155,0.8892181847
real_20240707,real,2024-07-07,adapted,2730,0.8555311814,8.508787451,0.9817309603,0.9637956785,2827.825396,2730,0.8861878396,0.8555311814,0.8215307968,0.889531566
real_20240707,real,2024-07-07,adapted,2731,0.8558445628,8.506396836,-0.9909603236,0.9820023629,2828.807399,2731,0.8864955809,0.8558445628,0.8218441782,0.8898449474
real_20240707,real,2024-07-07,adapted,2732,0.8561579442,8.501912173,-0.3270922409,0.1069893341,2828.914388,2732,0.8865291093,0.8561579442,0.8221575596,0.8901583288
real_20240707,real,2024-07-07,adapted,2733,0.8564713256,8.500810333,0.2383986815,0.05683393136,2828.971222,2733,0.88654692,0.8564713256,0.822470941,0.8904717102
real_20240707,real,2024-07-07,adapted,2734,0.856784707,8.496787024,0.9390070072,0.8817341595,2829.852956,2734,0.8868232391,0.856784707,0.8227843224,0.8907850916
real_20240707,real,2024-07-07,adapted,2735,0.8570980884,8.494755532,-0.7270559706,0.5286103844,2830.381566,2735,0.8869888958,0.8570980884,0.8230977038,0.891098473
real_20240707,real,2024-07-07,adapted,2736,0.8574114698,8.491782028,0.4543384258,0.2064234052,2830.58799,2736,0.887053585,0.8574114698,0.8234110852,0.8914118544
real_20240707,real,2024-07-07,adapted,2737,0.8577248511,8.489839863,0.4500082119,0.2025073908,2830.790497,2737,0.8871170471,0.8577248511,0.8237244665,0.8917252357
real_20240707,real,2024-07-07,adapted,2738,0.8580382325,8.487749652,-2.807709305,7.883231544,2838.673729,2738,0.8895875051,0.8580382325,0.8240378479,0.8920386171
real_20240707,real,2024-07-07,adapted,2739,0.8583516139,8.486684096,-1.140018709,1.299642656,2839.973371,2739,0.8899947889,0.8583516139,0.8243512293,0.8923519985
real_20240707,real,2024-07-07,adapted,2740,0.8586649953,8.485808101,1.196798591,1.432326868,2841.405698,2740,0.8904436535,0.8586649953,0.8246646107,0.8926653799
real_20240707,real,2024-07-07,adapted,2741,0.8589783767,8.483729495,-0.2657038791,0.07059855136,2841.476297,2741,0.8904657777,0.8589783767,0.8249779921,0.8929787613
real_20240707,real,2024-07-07,adapted,2742,0.8592917581,8.482960122,-1.116325327,1.246182235,2842.722479,2742,0.8908563081,0.8592917581,0.8252913735,0.8932921427
real_20240707,real,2024-07-07,adapted,2743,0.8596051395,8.478857455,0.3228807848,0.1042520012,2842.826731,2743,0.8908889787,0.8596051395,0.8256047549,0.8936055241
real_20240707,real,2024-07-07,adapted,2744,0.8599185208,8.475700164,-0.3145953411,0.09897022865,2842.925701,2744,0.8909199941,0.8599185208,0.8259181362,0.8939189054
real_20240707,real,2024-07-07,adapted,2745,0.8602319022,8.471021114,-1.456654385,2.121841998,2845.047543,2745,0.8915849399,0.8602319022,0.8262315176,0.8942322868
real_20240707,real,2024-07-07,adapted,2746,0.8605452836,8.469687953,-0.2918427727,0.08517220398,2845.132715,2746,0.8916116313,0.8605452836,0.826544899,0.8945456682
real_20240707,real,2024-07-07,adapted,2747,0.860858665,8.467808187,0.5600755423,0.3136846131,2845.4464,2747,0.8917099342,0.860858665,0.8268582804,0.8948590496
real_20240707,real,2024-07-07,adapted,2748,0.8611720464,8.465858473,-0.7571642118,0.5732976437,2846.019698,2748,0.891889595,0.8611720464,0.8271716618,0.895172431
real_20240707,real,2024-07-07,adapted,2749,0.8614854278,8.463548157,-0.9728655053,0.9464672914,2846.966165,2749,0.8921862002,0.8614854278,0.8274850432,0.8954858124
real_20240707,real,2024-07-07,adapted,2750,0.8617988092,8.463338266,-0.7193984128,0.5175340764,2847.483699,2750,0.8923483858,0.8617988092,0.8277984246,0.8957991938
real_20240707,real,2024-07-07,adapted,2751,0.8621121905,8.461016597,0.7642654277,0.5841016439,2848.067801,2751,0.8925314324,0.8621121905,0.8281118059,0.8961125751
real_20240707,real,2024-07-07,adapted,2752,0.8624255719,8.458568732,0.5571676791,0.3104358226,2848.378237,2752,0.8926287172,0.8624255719,0.8284251873,0.8964259565
real_20240707,real,2024-07-07,adapted,2753,0.8627389533,8.454901984,1.46876643,2.157274827,2850.535511,2753,0.893304767,0.8627389533,0.8287385687,0.8967393379
real_20240707,real,2024-07-07,adapted,2754,0.8630523347,8.446233678,-0.1814889563,0.03293824126,2850.56845,2754,0.8933150892,0.8630523347,0.8290519501,0.8970527193
real_20240707,real,2024-07-07,adapted,2755,0.8633657161,8.444435182,-0.1833038072,0.03360028575,2850.60205,2755,0.8933256189,0.8633657161,0.8293653315,0.8973661007
real_20240707,real,2024-07-07,adapted,2756,0.8636790975,8.443208861,-1.089861154,1.187797334,2851.789847,2756,0.8936978525,0.8636790975,0.8296787129,0.8976794821
real_20240707,real,2024-07-07,adapted,2757,0.8639924788,8.442303047,0.7255758921,0.5264603753,2852.316308,2757,0.8938628353,0.8639924788,0.8299920942,0.8979928634
real_20240707,real,2024-07-07,adapted,2758,0.8643058602,8.44069886,-1.498725165,2.24617712,2854.562485,2758,0.8945667454,0.8643058602,0.8303054756,0.8983062448
real_20240707,real,2024-07-07,adapted,2759,0.8646192416,8.434268116,0.4820242579,0.2323473852,2854.794832,2759,0.8946395588,0.8646192416,0.830618857,0.8986196262
real_20240707,real,2024-07-07,adapted,2760,0.864932623,8.428481788,-1.739749843,3.026729517,2857.821562,2760,0.8955880795,0.864932623,0.8309322384,0.8989330076
real_20240707,real,2024-07-07,adapted,2761,0.8652460044,8.4274785,-1.616013081,2.611498277,2860.43306,2761,0.8964064744,0.8652460044,0.8312456198,0.899246389
real_20240707,real,2024-07-07,adapted,2762,0.8655593858,8.423294131,0.7698390453,0.5926521557,2861.025712,2762,0.8965922006,0.8655593858,0.8315590012,0.8995597704
real_20240707,real,2024-07-07,adapted,2763,0.8658727672,8.420593514,1.179150842,1.390396709,2862.416109,2763,0.897027925,0.8658727672,0.8318723826,0.8998731518
real_20240707,real,2024-07-07,adapted,2764,0.8661861485,8.417873089,-0.7493774022,0.5615664909,2862.977675,2764,0.8972039095,0.8661861485,0.8321857639,0.9001865331
real_20240707,real,2024-07-07,adapted,2765,0.8664995299,8.416616899,0.3609761024,0.1303037465,2863.107979,2765,0.8972447443,0.8664995299,0.8324991453,0.9004999145
real_20240707,real,2024-07-07,adapted,2766,0.8668129113,8.409768162,0.2950528401,0.08705617846,2863.195035,2766,0.8972720261,0.8668129113,0.8328125267,0.9008132959
real_20240707,real,2024-07-07,adapted,2767,0.8671262927,8.408882879,-0.7497090814,0.5620637068,2863.757099,2767,0.8974481664,0.8671262927,0.8331259081,0.9011266773
real_20240707,real,2024-07-07,adapted,2768,0.8674396741,8.407824182,1.466086521,2.149409686,2865.906509,2768,0.8981217514,0.8674396741,0.8334392895,0.9014400587
real_20240707,real,2024-07-07,adapted,2769,0.8677530555,8.405482013,0.8553430125,0.731611669,2866.63812,2769,0.8983510248,0.8677530555,0.8337526709,0.9017534401
real_20240707,real,2024-07-07,adapted,2770,0.8680664369,8.402553423,-2.358164174,5.560938272,2872.199059,2770,0.9000937194,0.8680664369,0.8340660523,0.9020668215
real_20240707,real,2024-07-07,adapted,2771,0.8683798182,8.401032893,0.6868659423,0.4717848227,2872.670843,2771,0.9002415679,0.8683798182,0.8343794336,0.9023802028
real_20240707,real,2024-07-07,adapted,2772,0.8686931996,8.399917829,-0.1455287769,0.02117862491,2872.692022,2772,0.9002482049,0.8686931996,0.834692815,0.9026935842
real_20240707,real,2024-07-07,adapted,2773,0.869006581,8.398965257,-1.171382228,1.372136325,2874.064158,2773,0.9006782069,0.869006581,0.8350061964,0.9030069656
real_20240707,real,2024-07-07,adapted,2774,0.8693199624,8.398598717,-1.229280702,1.511131044,2875.575289,2774,0.9011517673,0.8693199624,0.8353195778,0.903320347
real_20240707,real,2024-07-07,adapted,2775,0.8696333438,8.396900628,0.1526660938,0.02330693618,2875.598596,2775,0.9011590712,0.8696333438,0.8356329592,0.9036337284
real_20240707,real,2024-07-07,adapted,2776,0.8699467252,8.39553609,1.823078215,3.323614178,2878.92221,2776,0.90220063,0.8699467252,0.8359463406,0.9039471098
real_20240707,real,2024-07-07,adapted,2777,0.8702601065,8.392044591,0.5368826966,0.2882430299,2879.210453,2777,0.90229096,0.8702601065,0.8362597219,0.9042604911
real_20240707,real,2024-07-07,adapted,2778,0.8705734879,8.388146644,0.7405602212,0.5484294413,2879.758883,2778,0.9024628276,0.8705734879,0.8365731033,0.9045738725
real_20240707,real,2024-07-07,adapted,2779,0.8708868693,8.387015356,-0.1552354797,0.02409805415,2879.782981,2779,0.9024703795,0.8708868693,0.8368864847,0.9048872539
real_20240707,real,2024-07-07,adapted,2780,0.8712002507,8.381229087,0.8670050399,0.7516977392,2880.534679,2780,0.9027059476,0.8712002507,0.8371998661,0.9052006353
real_20240707,real,2024-07-07,adapted,2781,0.8715136321,8.376841857,0.09514671258,0.009052896915,2880.543732,2781,0.9027087846,0.8715136321,0.8375132475,0.9055140167
real_20240707,real,2024-07-07,adapted,2782,0.8718270135,8.374606467,0.2795680582,0.07815829916,2880.62189,2782,0.9027332779,0.8718270135,0.8378266289,0.9058273981
real_20240707,real,2024-07-07,adapted,2783,0.8721403949,8.373179946,1.162663402,1.351786187,2881.973676,2783,0.9031569026,0.8721403949,0.8381400103,0.9061407795
real_20240707,real,2024-07-07,adapted,2784,0.8724537762,8.369044141,-0.3973834268,0.1579135879,2882.13159,2784,0.9032063897,0.8724537762,0.8384533916,0.9064541608
real_20240707,real,2024-07-07,adapted,2785,0.8727671576,8.368656127,0.4835669271,0.233836973,2882.365427,2785,0.9032796699,0.8727671576,0.838766773,0.9067675422
real_20240707,real,2024-07-07,adapted,2786,0.873080539,8.366748598,0.1091650924,0.0119170174,2882.377344,2786,0.9032834045,0.873080539,0.8390801544,0.9070809236
real_20240707,real,2024-07-07,adapted,2787,0.8733939204,8.363429411,1.463752918,2.142572606,2884.519916,2787,0.9039548468,0.8733939204,0.8393935358,0.907394305
real_20240707,real,2024-07-07,adapted,2788,0.8737073018,8.355422647,0.4940000254,0.2440360251,2884.763952,2788,0.9040313232,0.8737073018,0.8397069172,0.9077076864
real_20240707,real,2024-07-07,adapted,2789,0.8740206832,8.351476475,-1.956662873,3.8285296,2888.592482,2789,0.9052311131,0.8740206832,0.8400202986,0.9080210678
real_20240707,real,2024-07-07,adapted,2790,0.8743340646,8.350875878,1.74943733,3.06053097,2891.653013,2790,0.9061902265,0.8743340646,0.84033368,0.9083344492
real_20240707,real,2024-07-07,adapted,2791,0.8746474459,8.349809816,-0.06539058998,0.004275929257,2891.657289,2791,0.9061915665,0.8746474459,0.8406470613,0.9086478305
real_20240707,real,2024-07-07,adapted,2792,0.8749608273,8.348174584,0.6734092704,0.4534800454,2892.110769,2792,0.9063336787,0.8749608273,0.8409604427,0.9089612119
real_20240707,real,2024-07-07,adapted,2793,0.8752742087,8.346491277,-1.340319057,1.796455174,2893.907224,2793,0.9068966543,0.8752742087,0.8412738241,0.9092745933
real_20240707,real,2024-07-07,adapted,2794,0.8755875901,8.344755293,0.8797438022,0.7739491575,2894.681173,2794,0.9071391956,0.8755875901,0.8415872055,0.9095879747
real_20240707,real,2024-07-07,adapted,2795,0.8759009715,8.34441925,0.3624613165,0.131378206,2894.812551,2795,0.9071803671,0.8759009715,0.8419005869,0.9099013561
real_20240707,real,2024-07-07,adapted,2796,0.8762143529,8.339083147,-0.4113021864,0.1691694885,2894.981721,2796,0.9072333817,0.8762143529,0.8422139683,0.9102147375
real_20240707,real,2024-07-07,adapted,2797,0.8765277343,8.337591722,1.244105377,1.547798188,2896.529519,2797,0.9077184328,0.8765277343,0.8425273497,0.9105281189
real_20240707,real,2024-07-07,adapted,2798,0.8768411156,8.334844492,0.8927448393,0.7969933481,2897.326512,2798,0.9079681957,0.8768411156,0.842840731,0.9108415002
real_20240707,real,2024-07-07,adapted,2799,0.877154497,8.33239992,-0.5311948423,0.2821679605,2897.60868,2799,0.9080566219,0.877154497,0.8431541124,0.9111548816
real_20240707,real,2024-07-07,adapted,2800,0.8774678784,8.326187085,-0.2114702256,0.0447196563,2897.6534,2800,0.9080706362,0.8774678784,0.8434674938,0.911468263
real_20240707,real,2024-07-07,adapted,2801,0.8777812598,8.325535952,-0.3224945919,0.1040027618,2897.757403,2801,0.9081032287,0.8777812598,0.8437808752,0.9117816444
real_20240707,real,2024-07-07,adapted,2802,0.8780946412,8.323787752,1.484514416,2.203783052,2899.961186,2802,0.9087938533,0.8780946412,0.8440942566,0.9120950258
real_20240707,real,2024-07-07,adapted,2803,0.8784080226,8.321574421,-0.08511822085,0.00724511152,2899.968431,2803,0.9087961238,0.8784080226,0.844407638,0.9124084072
real_20240707,real,2024-07-07,adapted,2804,0.8787214039,8.319416141,0.9644133559,0.9300931211,2900.898524,2804,0.9090875976,0.8787214039,0.8447210193,0.9127217885
real_20240707,real,2024-07-07,adapted,2805,0.8790347853,8.316759416,1.632351519,2.664571482,2903.563096,2805,0.9099226247,0.8790347853,0.8450344007,0.9130351699
real_20240707,real,2024-07-07,adapted,2806,0.8793481667,8.312910711,0.9979604764,0.9959251125,2904.559021,2806,0.9102347291,0.8793481667,0.8453477821,0.9133485513
real_20240707,real,2024-07-07,adapted,2807,0.8796615481,8.30915047,0.8694845597,0.7560033995,2905.315024,2807,0.9104716465,0.8796615481,0.8456611635,0.9136619327
real_20240707,real,2024-07-07,adapted,2808,0.8799749295,8.308660844,0.6023985007,0.3628839536,2905.677908,2808,0.9105853676,0.8799749295,0.8459745449,0.9139753141
real_20240707,real,2024-07-07,adapted,2809,0.8802883109,8.306502074,1.372699768,1.884304654,2907.562213,2809,0.9111758736,0.8802883109,0.8462879263,0.9142886955
real_20240707,real,2024-07-07,adapted,2810,0.8806016923,8.304128787,-1.020978707,1.04239752,2908.60461,2810,0.9115025416,0.8806016923,0.8466013077,0.9146020769
real_20240707,real,2024-07-07,adapted,2811,0.8809150736,8.302565591,-0.6178835898,0.3817801305,2908.98639,2811,0.9116221844,0.8809150736,0.846914689,0.9149154582
real_20240707,real,2024-07-07,adapted,2812,0.881228455,8.299346164,0.5031735658,0.2531836373,2909.239574,2812,0.9117015274,0.881228455,0.8472280704,0.9152288396
real_20240707,real,2024-07-07,adapted,2813,0.8815418364,8.29781926,-0.801424297,0.6422809038,2909.881855,2813,0.9119028063,0.8815418364,0.8475414518,0.915542221
real_20240707,real,2024-07-07,adapted,2814,0.8818552178,8.293756237,-0.2218966938,0.04923814274,2909.931093,2814,0.9119182366,0.8818552178,0.8478548332,0.9158556024
real_20240707,real,2024-07-07,adapted,2815,0.8821685992,8.289396746,2.568241725,6.595865556,2916.526959,2815,0.9139852581,0.8821685992,0.8481682146,0.9161689838
real_20240707,real,2024-07-07,adapted,2816,0.8824819806,8.289243634,0.9464260608,0.8957222886,2917.422681,2816,0.9142659608,0.8824819806,0.848481596,0.9164823652
real_20240707,real,2024-07-07,adapted,2817,0.882795362,8.287775996,-1.065635506,1.135579032,2918.55826,2817,0.9146218301,0.882795362,0.8487949774,0.9167957466
real_20240707,real,2024-07-07,adapted,2818,0.8831087433,8.285866069,-0.3602986636,0.129815127,2918.688075,2818,0.9146625118,0.8831087433,0.8491083587,0.9171091279
real_20240707,real,2024-07-07,adapted,2819,0.8834221247,8.283589591,-1.32533075,1.756501597,2920.444577,2819,0.9152129667,0.8834221247,0.8494217401,0.9174225093
real_20240707,real,2024-07-07,adapted,2820,0.8837355061,8.278956181,-0.6319490561,0.3993596095,2920.843936,2820,0.9153381185,0.8837355061,0.8497351215,0.9177358907
real_20240707,real,2024-07-07,adapted,2821,0.8840488875,8.275694947,-0.05062338795,0.002562727408,2920.846499,2821,0.9153389216,0.8840488875,0.8500485029,0.9180492721
real_20240707,real,2024-07-07,adapted,2822,0.8843622689,8.273962546,0.7004803374,0.490672703,2921.337172,2822,0.9154926893,0.8843622689,0.8503618843,0.9183626535
real_20240707,real,2024-07-07,adapted,2823,0.8846756503,8.272460562,1.655221462,2.739758088,2924.07693,2823,0.9163512785,0.8846756503,0.8506752657,0.9186760349
real_20240707,real,2024-07-07,adapted,2824,0.8849890317,8.271904236,-0.1807100134,0.03265610893,2924.109586,2824,0.9163615123,0.8849890317,0.8509886471,0.9189894163
real_20240707,real,2024-07-07,adapted,2825,0.885302413,8.271106366,0.4445022802,0.1975822771,2924.307168,2825,0.9164234309,0.885302413,0.8513020284,0.9193027976
real_20240707,real,2024-07-07,adapted,2826,0.8856157944,8.268148535,2.243853852,5.034880109,2929.342048,2826,0.9180012686,0.8856157944,0.8516154098,0.919616179
real_20240707,real,2024-07-07,adapted,2827,0.8859291758,8.266159605,0.3847919686,0.1480648591,2929.490113,2827,0.9180476694,0.8859291758,0.8519287912,0.9199295604
real_20240707,real,2024-07-07,adapted,2828,0.8862425572,8.259536473,0.9664906383,0.9341041539,2930.424217,2828,0.9183404003,0.8862425572,0.8522421726,0.9202429418
real_20240707,real,2024-07-07,adapted,2829,0.8865559386,8.25739667,-0.1661568623,0.02760810289,2930.451825,2829,0.9183490521,0.8865559386,0.852555554,0.9205563232
real_20240707,real,2024-07-07,adapted,2830,0.88686932,8.256611742,0.5591484594,0.3126469997,2930.764472,2830,0.9184470299,0.88686932,0.8528689354,0.9208697046
real_20240707,real,2024-07-07,adapted,2831,0.8871827013,8.251245044,0.05468980073,0.002990974304,2930.767463,2831,0.9184479672,0.8871827013,0.8531823167,0.9211830859
real_20240707,real,2024-07-07,adapted,2832,0.8874960827,8.247089205,-0.1865265902,0.03479216886,2930.802255,2832,0.9184588704,0.8874960827,0.8534956981,0.9214964673
real_20240707,real,2024-07-07,adapted,2833,0.8878094641,8.244584457,0.06654285202,0.004427951155,2930.806683,2833,0.918460258,0.8878094641,0.8538090795,0.9218098487
real_20240707,real,2024-07-07,adapted,2834,0.8881228455,8.241492147,-0.2008093599,0.04032439903,2930.847008,2834,0.918472895,0.8881228455,0.8541224609,0.9221232301
real_20240707,real,2024-07-07,adapted,2835,0.8884362269,8.241314858,-0.1310394079,0.01717132643,2930.864179,2835,0.9184782761,0.8884362269,0.8544358423,0.9224366115
real_20240707,real,2024-07-07,adapted,2836,0.8887496083,8.237738902,-0.9445210285,0.8921199733,2931.756299,2836,0.9187578499,0.8887496083,0.8547492237,0.9227499929
real_20240707,real,2024-07-07,adapted,2837,0.8890629897,8.236204314,-0.2175253974,0.04731729851,2931.803616,2837,0.9187726783,0.8890629897,0.8550626051,0.9230633743
real_20240707,real,2024-07-07,adapted,2838,0.889376371,8.233700353,-0.8354807955,0.6980281596,2932.501645,2838,0.9189914273,0.889376371,0.8553759864,0.9233767556
real_20240707,real,2024-07-07,adapted,2839,0.8896897524,8.231483994,-0.5888531851,0.3467480736,2932.848393,2839,0.9191000917,0.8896897524,0.8556893678,0.923690137
real_20240707,real,2024-07-07,adapted,2840,0.8900031338,8.229804988,-0.5675150634,0.3220733472,2933.170466,2840,0.9192010235,0.8900031338,0.8560027492,0.9240035184
real_20240707,real,2024-07-07,adapted,2841,0.8903165152,8.229098549,0.2551605727,0.06510691784,2933.235573,2841,0.9192214268,0.8903165152,0.8563161306,0.9243168998
real_20240707,real,2024-07-07,adapted,2842,0.8906298966,8.227974346,-0.1697185014,0.02880436971,2933.264377,2842,0.9192304536,0.8906298966,0.856629512,0.9246302812
real_20240707,real,2024-07-07,adapted,2843,0.890943278,8.226915524,0.614680891,0.3778325977,2933.64221,2843,0.9193488593,0.890943278,0.8569428934,0.9249436626
real_20240707,real,2024-07-07,adapted,2844,0.8912566594,8.222979086,0.7361621598,0.5419347256,2934.184145,2844,0.9195186915,0.8912566594,0.8572562748,0.925257044
real_20240707,real,2024-07-07,adapted,2845,0.8915700407,8.220573964,2.329556064,5.426831455,2939.610976,2845,0.9212193595,0.8915700407,0.8575696561,0.9255704253
real_20240707,real,2024-07-07,adapted,2846,0.8918834221,8.219607291,0.7534118643,0.5676294373,2940.178606,2846,0.921397244,0.8918834221,0.8578830375,0.9258838067
real_20240707,real,2024-07-07,adapted,2847,0.8921968035,8.218818233,-1.151588332,1.326155687,2941.504761,2847,0.9218128365,0.8921968035,0.8581964189,0.9261971881
real_20240707,real,2024-07-07,adapted,2848,0.8925101849,8.215593116,-0.1270333316,0.01613746734,2941.520899,2848,0.9218178937,0.8925101849,0.8585098003,0.9265105695
real_20240707,real,2024-07-07,adapted,2849,0.8928235663,8.209234282,0.6967185291,0.4854167087,2942.006315,2849,0.9219700142,0.8928235663,0.8588231817,0.9268239509
real_20240707,real,2024-07-07,adapted,2850,0.8931369477,8.208206342,-1.356557263,1.840247608,2943.846563,2850,0.9225467136,0.8931369477,0.8591365631,0.9271373323
real_20240707,real,2024-07-07,adapted,2851,0.8934503291,8.207315459,-1.465349538,2.147249269,2945.993812,2851,0.9232196215,0.8934503291,0.8594499445,0.9274507137
real_20240707,real,2024-07-07,adapted,2852,0.8937637104,8.20556041,0.3026457659,0.0915944596,2946.085407,2852,0.9232483255,0.8937637104,0.8597633258,0.927764095
real_20240707,real,2024-07-07,adapted,2853,0.8940770918,8.204355373,-1.552992364,2.411785284,2948.497192,2853,0.9240041341,0.8940770918,0.8600767072,0.9280774764
real_20240707,real,2024-07-07,adapted,2854,0.8943904732,8.203107549,-0.3040257879,0.09243167971,2948.589624,2854,0.9240331005,0.8943904732,0.8603900886,0.9283908578
real_20240707,real,2024-07-07,adapted,2855,0.8947038546,8.201074367,-0.1804407012,0.03255884663,2948.622183,2855,0.9240433038,0.8947038546,0.86070347,0.9287042392
real_20240707,real,2024-07-07,adapted,2856,0.895017236,8.200884052,1.785836516,3.18921206,2951.811395,2856,0.9250427435,0.895017236,0.8610168514,0.9290176206
real_20240707,real,2024-07-07,adapted,2857,0.8953306174,8.200310592,0.6394608563,0.4089101868,2952.220305,2857,0.9251708884,0.8953306174,0.8613302328,0.929331002
real_20240707,real,2024-07-07,adapted,2858,0.8956439987,8.199544372,1.625070539,2.640854257,2954.861159,2858,0.9259984829,0.8956439987,0.8616436141,0.9296443833
real_20240707,real,2024-07-07,adapted,2859,0.8959573801,8.198974809,0.2316247819,0.05365003959,2954.914809,2859,0.9260152959,0.8959573801,0.8619569955,0.9299577647
real_20240707,real,2024-07-07,adapted,2860,0.8962707615,8.197090747,-1.348872904,1.819458111,2956.734267,2860,0.9265854802,0.8962707615,0.8622703769,0.9302711461
real_20240707,real,2024-07-07,adapted,2861,0.8965841429,8.195224629,-1.004074617,1.008165837,2957.742433,2861,0.9269014206,0.8965841429,0.8625837583,0.9305845275
real_20240707,real,2024-07-07,adapted,2862,0.8968975243,8.191170506,0.797344062,0.6357575533,2958.378191,2862,0.9271006551,0.8968975243,0.8628971397,0.9308979089
real_20240707,real,2024-07-07,adapted,2863,0.8972109057,8.189455343,-0.4476446487,0.2003857315,2958.578576,2863,0.9271634523,0.8972109057,0.8632105211,0.9312112903
real_20240707,real,2024-07-07,adapted,2864,0.8975242871,8.186274973,-0.7202664855,0.5187838101,2959.09736,2864,0.9273260295,0.8975242871,0.8635239025,0.9315246717
real_20240707,real,2024-07-07,adapted,2865,0.8978376684,8.184421203,-1.102356916,1.215190771,2960.312551,2865,0.9277068477,0.8978376684,0.8638372838,0.931838053
real_20240707,real,2024-07-07,adapted,2866,0.8981510498,8.182685661,-0.08915896304,0.007949320691,2960.3205,2866,0.9277093388,0.8981510498,0.8641506652,0.9321514344
real_20240707,real,2024-07-07,adapted,2867,0.8984644312,8.176903798,0.8770396106,0.7691984786,2961.089699,2867,0.9279503913,0.8984644312,0.8644640466,0.9324648158
real_20240707,real,2024-07-07,adapted,2868,0.8987778126,8.176610108,0.6389126544,0.4082093799,2961.497908,2868,0.9280783165,0.8987778126,0.864777428,0.9327781972
real_20240707,real,2024-07-07,adapted,2869,0.899091194,8.17110262,0.4747440735,0.2253819353,2961.72329,2869,0.928148947,0.899091194,0.8650908094,0.9330915786
real_20240707,real,2024-07-07,adapted,2870,0.8994045754,8.168318172,-0.01922557444,0.0003696227127,2961.72366,2870,0.9281490629,0.8994045754,0.8654041908,0.93340496
real_20240707,real,2024-07-07,adapted,2871,0.8997179568,8.164004037,0.3615631251,0.1307278934,2961.854388,2871,0.9281900306,0.8997179568,0.8657175722,0.9337183414
real_20240707,real,2024-07-07,adapted,2872,0.9000313381,8.159382878,0.1978277862,0.03913583299,2961.893523,2872,0.928202295,0.9000313381,0.8660309535,0.9340317227
real_20240707,real,2024-07-07,adapted,2873,0.9003447195,8.155380498,1.639693449,2.688594606,2964.582118,2873,0.9290448505,0.9003447195,0.8663443349,0.9343451041
real_20240707,real,2024-07-07,adapted,2874,0.9006581009,8.148041065,0.1648685162,0.02718162764,2964.6093,2874,0.9290533687,0.9006581009,0.8666577163,0.9346584855
real_20240707,real,2024-07-07,adapted,2875,0.9009714823,8.146783803,-0.8098025009,0.6557800904,2965.26508,2875,0.929258878,0.9009714823,0.8669710977,0.9349718669
real_20240707,real,2024-07-07,adapted,2876,0.9012848637,8.145289745,0.3349961598,0.1122224271,2965.377302,2876,0.9292940464,0.9012848637,0.8672844791,0.9352852483
real_20240707,real,2024-07-07,adapted,2877,0.9015982451,8.144132491,-1.118903322,1.251944644,2966.629247,2877,0.9296863826,0.9015982451,0.8675978605,0.9355986297
real_20240707,real,2024-07-07,adapted,2878,0.9019116264,8.137814798,0.5570672663,0.3103239392,2966.939571,2878,0.9297836323,0.9019116264,0.8679112418,0.935912011
real_20240707,real,2024-07-07,adapted,2879,0.9022250078,8.134123112,-0.6658829601,0.4434001165,2967.382971,2879,0.9299225856,0.9022250078,0.8682246232,0.9362253924
real_20240707,real,2024-07-07,adapted,2880,0.9025383892,8.129420913,-1.573013621,2.474371851,2969.857343,2880,0.9306980077,0.9025383892,0.8685380046,0.9365387738
real_20240707,real,2024-07-07,adapted,2881,0.9028517706,8.12790585,-0.3938921466,0.1551510232,2970.012494,2881,0.9307466292,0.9028517706,0.868851386,0.9368521552
real_20240707,real,2024-07-07,adapted,2882,0.903165152,8.125480334,-0.02266708852,0.0005137969019,2970.013007,2882,0.9307467902,0.903165152,0.8691647674,0.9371655366
real_20240707,real,2024-07-07,adapted,2883,0.9034785334,8.124905746,-1.343819034,1.805849597,2971.818857,2883,0.9313127098,0.9034785334,0.8694781488,0.937478918
real_20240707,real,2024-07-07,adapted,2884,0.9037919148,8.122635739,-0.1522087211,0.02316749479,2971.842025,2884,0.9313199701,0.9037919148,0.8697915302,0.9377922994
real_20240707,real,2024-07-07,adapted,2885,0.9041052961,8.120456035,-0.5063695407,0.2564101117,2972.098435,2885,0.9314003242,0.9041052961,0.8701049115,0.9381056807
real_20240707,real,2024-07-07,adapted,2886,0.9044186775,8.118017461,0.8618556196,0.7427951091,2972.84123,2886,0.9316331024,0.9044186775,0.8704182929,0.9384190621
real_20240707,real,2024-07-07,adapted,2887,0.9047320589,8.117117877,0.3523257871,0.1241334602,2972.965363,2887,0.9316720035,0.9047320589,0.8707316743,0.9387324435
real_20240707,real,2024-07-07,adapted,2888,0.9050454403,8.116171743,0.3535101356,0.124969416,2973.090333,2888,0.9317111666,0.9050454403,0.8710450557,0.9390458249
real_20240707,real,2024-07-07,adapted,2889,0.9053588217,8.113412811,0.4728342264,0.2235722057,2973.313905,2889,0.93178123,0.9053588217,0.8713584371,0.9393592063
real_20240707,real,2024-07-07,adapted,2890,0.9056722031,8.11034075,-1.973770047,3.895768199,2977.209673,2890,0.9330020912,0.9056722031,0.8716718185,0.9396725877
real_20240707,real,2024-07-07,adapted,2891,0.9059855845,8.106885154,1.666842442,2.778363727,2979.988037,2891,0.9338727787,0.9059855845,0.8719851999,0.9399859691
real_20240707,real,2024-07-07,adapted,2892,0.9062989658,8.106148107,-1.371023507,1.879705457,2981.867742,2892,0.9344618434,0.9062989658,0.8722985812,0.9402993504
real_20240707,real,2024-07-07,adapted,2893,0.9066123472,8.105863065,-1.175655717,1.382166364,2983.249909,2893,0.9348949886,0.9066123472,0.8726119626,0.9406127318
real_20240707,real,2024-07-07,adapted,2894,0.9069257286,8.104187386,0.02598557264,0.0006752499855,2983.250584,2894,0.9348952002,0.9069257286,0.872925344,0.9409261132
real_20240707,real,2024-07-07,adapted,2895,0.90723911,8.101213423,1.635627211,2.675276373,2985.92586,2895,0.935733582,0.90723911,0.8732387254,0.9412394946
real_20240707,real,2024-07-07,adapted,2896,0.9075524914,8.096716243,0.1276640227,0.0162981027,2985.942158,2896,0.9357386895,0.9075524914,0.8735521068,0.941552876
real_20240707,real,2024-07-07,adapted,2897,0.9078658728,8.09631882,-0.5550853004,0.3081196907,2986.250278,2897,0.9358352485,0.9078658728,0.8738654882,0.9418662574
real_20240707,real,2024-07-07,adapted,2898,0.9081792542,8.094222763,-0.5930810684,0.3517451537,2986.602023,2898,0.9359454789,0.9081792542,0.8741788696,0.9421796388
real_20240707,real,2024-07-07,adapted,2899,0.9084926355,8.091230081,1.125004766,1.265635724,2987.867659,2899,0.9363421056,0.9084926355,0.8744922509,0.9424930201
real_20240707,real,2024-07-07,adapted,2900,0.9088060169,8.090325764,-0.3939651825,0.155208565,2988.022867,2900,0.9363907451,0.9088060169,0.8748056323,0.9428064015
real_20240707,real,2024-07-07,adapted,2901,0.9091193983,8.089049937,-0.8269131116,0.6837852942,2988.706653,2901,0.9366050306,0.9091193983,0.8751190137,0.9431197829
real_20240707,real,2024-07-07,adapted,2902,0.9094327797,8.087352621,-0.5461216675,0.2982488758,2989.004902,2902,0.9366984963,0.9094327797,0.8754323951,0.9434331643
real_20240707,real,2024-07-07,adapted,2903,0.9097461611,8.08434957,0.431652223,0.1863236416,2989.191225,2903,0.9367568866,0.9097461611,0.8757457765,0.9437465457
real_20240707,real,2024-07-07,adapted,2904,0.9100595425,8.081649936,-0.4146872785,0.171965539,2989.363191,2904,0.9368107774,0.9100595425,0.8760591579,0.9440599271
real_20240707,real,2024-07-07,adapted,2905,0.9103729238,8.079489255,0.0731656703,0.00535321531,2989.368544,2905,0.936812455,0.9103729238,0.8763725392,0.9443733084
real_20240707,real,2024-07-07,adapted,2906,0.9106863052,8.078373664,0.006039107985,3.647082525e-05,2989.36858,2906,0.9368124665,0.9106863052,0.8766859206,0.9446866898
real_20240707,real,2024-07-07,adapted,2907,0.9109996866,8.072704168,1.3018312,1.694764474,2991.063345,2907,0.9373435741,0.9109996866,0.876999302,0.9450000712
real_20240707,real,2024-07-07,adapted,2908,0.911313068,8.071244823,0.4301486576,0.1850278676,2991.248373,2908,0.9374015584,0.911313068,0.8773126834,0.9453134526
real_20240707,real,2024-07-07,adapted,2909,0.9116264494,8.066569418,-0.07178812828,0.005153535362,2991.253526,2909,0.9374031734,0.9116264494,0.8776260648,0.945626834
real_20240707,real,2024-07-07,adapted,2910,0.9119398308,8.065089807,-1.089827453,1.187723878,2992.44125,2910,0.937775384,0.9119398308,0.8779394462,0.9459402154
real_20240707,real,2024-07-07,adapted,2911,0.9122532122,8.063754966,0.5636682996,0.317721952,2992.758972,2911,0.9378749521,0.9122532122,0.8782528276,0.9462535968
real_20240707,real,2024-07-07,adapted,2912,0.9125665935,8.061016018,0.2602513542,0.06773076739,2992.826703,2912,0.9378961777,0.9125665935,0.8785662089,0.9465669781
real_20240707,real,2024-07-07,adapted,2913,0.9128799749,8.058181611,0.3880191785,0.1505588829,2992.977262,2913,0.93794336,0.9128799749,0.8788795903,0.9468803595
real_20240707,real,2024-07-07,adapted,2914,0.9131933563,8.056564558,0.2951703837,0.08712555542,2993.064387,2914,0.9379706636,0.9131933563,0.8791929717,0.9471937409
real_20240707,real,2024-07-07,adapted,2915,0.9135067377,8.05204638,0.7126972928,0.5079374311,2993.572325,2915,0.9381298417,0.9135067377,0.8795063531,0.9475071223
real_20240707,real,2024-07-07,adapted,2916,0.9138201191,8.041870768,1.525859917,2.328248487,2995.900573,2916,0.9388594714,0.9138201191,0.8798197345,0.9478205037
real_20240707,real,2024-07-07,adapted,2917,0.9141335005,8.038886513,-0.3677235355,0.1352205986,2996.035794,2917,0.938901847,0.9141335005,0.8801331159,0.9481338851
real_20240707,real,2024-07-07,adapted,2918,0.9144468819,8.038492404,1.665515975,2.773943463,2998.809737,2918,0.9397711493,0.9144468819,0.8804464973,0.9484472665
real_20240707,real,2024-07-07,adapted,2919,0.9147602632,8.035488163,0.7348430504,0.5399943087,2999.349732,2919,0.9399403735,0.9147602632,0.8807598786,0.9487606478
real_20240707,real,2024-07-07,adapted,2920,0.9150736446,8.031937764,1.154502239,1.332875421,3000.682607,2920,0.9403580718,0.9150736446,0.88107326,0.9490740292
real_20240707,real,2024-07-07,adapted,2921,0.915387026,8.026383861,0.5333925205,0.2845075809,3000.967115,2921,0.9404472312,0.915387026,0.8813866414,0.9493874106
real_20240707,real,2024-07-07,adapted,2922,0.9157004074,8.023611231,-0.3910316001,0.1529057123,3001.12002,2922,0.940495149,0.9157004074,0.8817000228,0.949700792
real_20240707,real,2024-07-07,adapted,2923,0.9160137888,8.021975278,1.389974144,1.932028121,3003.052049,2923,0.9411006106,0.9160137888,0.8820134042,0.9500141734
real_20240707,real,2024-07-07,adapted,2924,0.9163271702,8.019357173,0.4891843336,0.2393013122,3003.29135,2924,0.9411756032,0.9163271702,0.8823267856,0.9503275548
real_20240707,real,2024-07-07,adapted,2925,0.9166405516,8.017233663,0.6232504764,0.3884411563,3003.679791,2925,0.9412973334,0.9166405516,0.882640167,0.9506409362
real_20240707,real,2024-07-07,adapted,2926,0.9169539329,8.016130685,-1.088394409,1.18460239,3004.864393,2926,0.9416685658,0.9169539329,0.8829535483,0.9509543175
real_20240707,real,2024-07-07,adapted,2927,0.9172673143,8.013900657,1.024101137,1.048783138,3005.913177,2927,0.9419972349,0.9172673143,0.8832669297,0.9512676989
real_20240707,real,2024-07-07,adapted,2928,0.9175806957,8.011039515,0.7198053778,0.5181197819,3006.431296,2928,0.942159604,0.9175806957,0.8835803111,0.9515810803
real_20240707,real,2024-07-07,adapted,2929,0.9178940771,8.010167668,0.3621873131,0.1311796498,3006.562476,2929,0.9422007132,0.9178940771,0.8838936925,0.9518944617
real_20240707,real,2024-07-07,adapted,2930,0.9182074585,8.008201026,0.4176636901,0.1744429581,3006.736919,2930,0.9422553804,0.9182074585,0.8842070739,0.9522078431
real_20240707,real,2024-07-07,adapted,2931,0.9185208399,8.006965897,-0.4071211198,0.1657476062,3006.902667,2931,0.9423073226,0.9185208399,0.8845204553,0.9525212245
real_20240707,real,2024-07-07,adapted,2932,0.9188342212,8.006102053,-1.42055824,2.017985712,3008.920652,2932,0.9429397218,0.9188342212,0.8848338366,0.9528346058
real_20240707,real,2024-07-07,adapted,2933,0.9191476026,8.000088939,-2.299271941,5.286651459,3014.207304,2933,0.9445964599,0.9191476026,0.885147218,0.9531479872
real_20240707,real,2024-07-07,adapted,2934,0.919460984,7.998794711,0.1361348444,0.01853269585,3014.225836,2934,0.9446022678,0.919460984,0.8854605994,0.9534613686
real_20240707,real,2024-07-07,adapted,2935,0.9197743654,7.993929737,-1.262980635,1.595120084,3015.820956,2935,0.9451021487,0.9197743654,0.8857739808,0.95377475
real_20240707,real,2024-07-07,adapted,2936,0.9200877468,7.993300278,-1.452011489,2.108337363,3017.929294,2936,0.9457628624,0.9200877468,0.8860873622,0.9540881314
real_20240707,real,2024-07-07,adapted,2937,0.9204011282,7.988636496,-0.08819153014,0.007777745988,3017.937072,2937,0.9457652998,0.9204011282,0.8864007436,0.9544015128
real_20240707,real,2024-07-07,adapted,2938,0.9207145096,7.987433088,0.222439368,0.04947927246,3017.986551,2938,0.9457808057,0.9207145096,0.886714125,0.9547148942
real_20240707,real,2024-07-07,adapted,2939,0.9210278909,7.986431543,-0.2463745416,0.06070041472,3018.047251,2939,0.945799828,0.9210278909,0.8870275063,0.9550282755
real_20240707,real,2024-07-07,adapted,2940,0.9213412723,7.982943133,-0.4690126117,0.2199728299,3018.267224,2940,0.9458687634,0.9213412723,0.8873408877,0.9553416569
real_20240707,real,2024-07-07,adapted,2941,0.9216546537,7.980079328,1.07667719,1.159233772,3019.426458,2941,0.9462320457,0.9216546537,0.8876542691,0.9556550383
real_20240707,real,2024-07-07,adapted,2942,0.9219680351,7.977714679,2.412015726,5.817819862,3025.244278,2942,0.9480552422,0.9219680351,0.8879676505,0.9559684197
real_20240707,real,2024-07-07,adapted,2943,0.9222814165,7.972057032,-0.07438113113,0.005532552668,3025.24981,2943,0.948056976,0.9222814165,0.8882810319,0.9562818011
real_20240707,real,2024-07-07,adapted,2944,0.9225947979,7.968681337,-0.4281991578,0.1833545187,3025.433165,2944,0.9481144359,0.9225947979,0.8885944133,0.9565951825
real_20240707,real,2024-07-07,adapted,2945,0.9229081793,7.965796534,-0.6553666158,0.4295054011,3025.86267,2945,0.9482490349,0.9229081793,0.8889077947,0.9569085639
real_20240707,real,2024-07-07,adapted,2946,0.9232215606,7.964536359,-1.466582129,2.150863142,3028.013533,2946,0.9489230753,0.9232215606,0.889221176,0.9572219452
real_20240707,real,2024-07-07,adapted,2947,0.923534942,7.964430125,1.318858916,1.73938884,3029.752922,2947,0.9494681674,0.923534942,0.8895345574,0.9575353266
real_20240707,real,2024-07-07,adapted,2948,0.9238483234,7.962915879,0.09309681896,0.0086670177,3029.761589,2948,0.9494708835,0.9238483234,0.8898479388,0.957848708
real_20240707,real,2024-07-07,adapted,2949,0.9241617048,7.962422895,0.271701662,0.07382179316,3029.835411,2949,0.9494940179,0.9241617048,0.8901613202,0.9581620894
real_20240707,real,2024-07-07,adapted,2950,0.9244750862,7.960535064,0.2776117768,0.07706829861,3029.912479,2950,0.9495181696,0.9244750862,0.8904747016,0.9584754708
real_20240707,real,2024-07-07,adapted,2951,0.9247884676,7.95884896,-0.08090196261,0.006545127553,3029.919024,2951,0.9495202208,0.9247884676,0.890788083,0.9587888522
real_20240707,real,2024-07-07,adapted,2952,0.925101849,7.957251357,0.1225138248,0.01500963727,3029.934034,2952,0.9495249245,0.925101849,0.8911014643,0.9591022336
real_20240707,real,2024-07-07,adapted,2953,0.9254152303,7.956051662,1.849323567,3.419997655,3033.354032,2953,0.9505966881,0.9254152303,0.8914148457,0.9594156149
real_20240707,real,2024-07-07,adapted,2954,0.9257286117,7.954017887,-0.3361704584,0.1130105771,3033.467042,2954,0.9506321035,0.9257286117,0.8917282271,0.9597289963
real_20240707,real,2024-07-07,adapted,2955,0.9260419931,7.951771769,0.8763676213,0.7680202077,3034.235063,2955,0.9508727867,0.9260419931,0.8920416085,0.9600423777
real_20240707,real,2024-07-07,adapted,2956,0.9263553745,7.948338005,0.9180108729,0.8427439628,3035.077806,2956,0.951136887,0.9263553745,0.8923549899,0.9603557591
real_20240707,real,2024-07-07,adapted,2957,0.9266687559,7.944791337,0.7256601042,0.5265825868,3035.604389,2957,0.9513019082,0.9266687559,0.8926683713,0.9606691405
real_20240707,real,2024-07-07,adapted,2958,0.9269821373,7.939957853,-0.4942434943,0.2442766317,3035.848666,2958,0.9513784599,0.9269821373,0.8929817527,0.9609825219
real_20240707,real,2024-07-07,adapted,2959,0.9272955186,7.939635626,1.14394061,1.308600118,3037.157266,2959,0.9517885509,0.9272955186,0.893295134,0.9612959032
real_20240707,real,2024-07-07,adapted,2960,0.9276089,7.935584161,1.279408275,1.636885534,3038.794151,2960,0.9523015203,0.9276089,0.8936085154,0.9616092846
real_20240707,real,2024-07-07,adapted,2961,0.9279222814,7.933555964,-0.005851533,3.424043845e-05,3038.794186,2961,0.9523015311,0.9279222814,0.8939218968,0.961922666
real_20240707,real,2024-07-07,adapted,2962,0.9282356628,7.92896261,-0.9056421275,0.8201876631,3039.614373,2962,0.9525585626,0.9282356628,0.8942352782,0.9622360474
real_20240707,real,2024-07-07,adapted,2963,0.9285490442,7.92384406,0.6731808724,0.4531724869,3040.067546,2963,0.9527005784,0.9285490442,0.8945486596,0.9625494288
real_20240707,real,2024-07-07,adapted,2964,0.9288624256,7.920945423,-1.369579696,1.875748543,3041.943294,2964,0.9532884031,0.9288624256,0.894862041,0.9628628102
real_20240707,real,2024-07-07,adapted,2965,0.929175807,7.918449301,-0.3598614769,0.1295002826,3042.072795,2965,0.9533289861,0.929175807,0.8951754224,0.9631761916
real_20240707,real,2024-07-07,adapted,2966,0.9294891883,7.915359569,1.945110108,3.78345333,3045.856248,2966,0.9545146499,0.9294891883,0.8954888037,0.9634895729
real_20240707,real,2024-07-07,adapted,2967,0.9298025697,7.914454493,0.2903297295,0.08429135185,3045.940539,2967,0.9545410653,0.9298025697,0.8958021851,0.9638029543
real_20240707,real,2024-07-07,adapted,2968,0.9301159511,7.913480449,-0.2490315448,0.06201671031,3046.002556,2968,0.9545605001,0.9301159511,0.8961155665,0.9641163357
real_20240707,real,2024-07-07,adapted,2969,0.9304293325,7.910474656,0.2963638605,0.08783153782,3046.090387,2969,0.9545880249,0.9304293325,0.8964289479,0.9644297171
real_20240707,real,2024-07-07,adapted,2970,0.9307427139,7.908338277,0.04124613838,0.001701243931,3046.092089,2970,0.954588558,0.9307427139,0.8967423293,0.9647430985
real_20240707,real,2024-07-07,adapted,2971,0.9310560953,7.904341845,-0.9396242728,0.882893774,3046.974983,2971,0.9548652405,0.9310560953,0.8970557107,0.9650564799
real_20240707,real,2024-07-07,adapted,2972,0.9313694767,7.901283261,2.528122824,6.391405014,3053.366388,2972,0.9568681879,0.9313694767,0.8973690921,0.9653698613
real_20240707,real,2024-07-07,adapted,2973,0.931682858,7.900811625,0.3259438048,0.1062393639,3053.472627,2973,0.9569014813,0.931682858,0.8976824734,0.9656832426
real_20240707,real,2024-07-07,adapted,2974,0.9319962394,7.900561855,1.354098811,1.83358359,3055.30621,2974,0.9574760923,0.9319962394,0.8979958548,0.965996624
real_20240707,real,2024-07-07,adapted,2975,0.9323096208,7.896253794,-0.9528353757,0.9078952532,3056.214106,2975,0.9577606098,0.9323096208,0.8983092362,0.9663100054
real_20240707,real,2024-07-07,adapted,2976,0.9326230022,7.888039708,-1.096058852,1.201345007,3057.415451,2976,0.9581370889,0.9326230022,0.8986226176,0.9666233868
real_20240707,real,2024-07-07,adapted,2977,0.9329363836,7.885944452,0.06384331731,0.004075969165,3057.419527,2977,0.9581383662,0.9329363836,0.898935999,0.9669367682
real_20240707,real,2024-07-07,adapted,2978,0.933249765,7.882481968,0.4382552441,0.192067659,3057.611594,2978,0.9581985567,0.933249765,0.8992493804,0.9672501496
real_20240707,real,2024-07-07,adapted,2979,0.9335631463,7.880567785,0.6914618669,0.4781195134,3058.089714,2979,0.9583483904,0.9335631463,0.8995627617,0.9675635309
real_20240707,real,2024-07-07,adapted,2980,0.9338765277,7.878322074,0.1615270848,0.02609099913,3058.115805,2980,0.9583565669,0.9338765277,0.8998761431,0.9678769123
real_20240707,real,2024-07-07,adapted,2981,0.9341899091,7.877126805,-0.03268084174,0.001068037417,3058.116873,2981,0.9583569016,0.9341899091,0.9001895245,0.9681902937
real_20240707,real,2024-07-07,adapted,2982,0.9345032905,7.872655679,-0.7174552101,0.5147419785,3058.631615,2982,0.9585182121,0.9345032905,0.9005029059,0.9685036751
real_20240707,real,2024-07-07,adapted,2983,0.9348166719,7.871272464,-1.672217089,2.796309993,3061.427925,2983,0.9593945236,0.9348166719,0.9008162873,0.9688170565
real_20240707,real,2024-07-07,adapted,2984,0.9351300533,7.867169979,0.7484598937,0.5601922125,3061.988117,2984,0.9595700774,0.9351300533,0.9011296687,0.9691304379
real_20240707,real,2024-07-07,adapted,2985,0.9354434347,7.861230576,0.509423516,0.2595123187,3062.247629,2985,0.9596514038,0.9354434347,0.9014430501,0.9694438193
real_20240707,real,2024-07-07,adapted,2986,0.935756816,7.857963683,-1.506989486,2.271017311,3064.518647,2986,0.9603630983,0.935756816,0.9017564314,0.9697572006
real_20240707,real,2024-07-07,adapted,2987,0.9360701974,7.85645728,-0.4277473791,0.1829678203,3064.701615,2987,0.960420437,0.9360701974,0.9020698128,0.970070582
real_20240707,real,2024-07-07,adapted,2988,0.9363835788,7.850336275,-0.3487527756,0.1216284985,3064.823243,2988,0.9604585531,0.9363835788,0.9023831942,0.9703839634
real_20240707,real,2024-07-07,adapted,2989,0.9366969602,7.848606726,-0.6111020356,0.3734456979,3065.196689,2989,0.9605755841,0.9366969602,0.9026965756,0.9706973448
real_20240707,real,2024-07-07,adapted,2990,0.9370103416,7.84732165,-0.7811039027,0.6101233069,3065.806812,2990,0.9607667853,0.9370103416,0.903009957,0.9710107262
real_20240707,real,2024-07-07,adapted,2991,0.937323723,7.845148451,0.5878023739,0.3455116307,3066.152324,2991,0.9608750623,0.937323723,0.9033233384,0.9713241076
real_20240707,real,2024-07-07,adapted,2992,0.9376371044,7.841693626,1.064398301,1.132943744,3067.285267,2992,0.9612301057,0.9376371044,0.9036367198,0.971637489
real_20240707,real,2024-07-07,adapted,2993,0.9379504857,7.839847346,0.656122578,0.4304968374,3067.715764,2993,0.9613650154,0.9379504857,0.9039501011,0.9719508703
real_20240707,real,2024-07-07,adapted,2994,0.9382638671,7.834903141,-0.383181914,0.1468283792,3067.862593,2994,0.9614110287,0.9382638671,0.9042634825,0.9722642517
real_20240707,real,2024-07-07,adapted,2995,0.9385772485,7.830928084,-0.4340167082,0.188370503,3068.050963,2995,0.9614700605,0.9385772485,0.9045768639,0.9725776331
real_20240707,real,2024-07-07,adapted,2996,0.9388906299,7.829692781,0.1453902076,0.02113831248,3068.072101,2996,0.9614766849,0.9388906299,0.9048902453,0.9728910145
real_20240707,real,2024-07-07,adapted,2997,0.9392040113,7.82433698,1.362432643,1.856222707,3069.928324,2997,0.9620583905,0.9392040113,0.9052036267,0.9732043959
real_20240707,real,2024-07-07,adapted,2998,0.9395173927,7.82206083,0.7979363691,0.6367024492,3070.565027,2998,0.9622579212,0.9395173927,0.9055170081,0.9735177773
real_20240707,real,2024-07-07,adapted,2999,0.9398307741,7.819716856,-0.1735798266,0.03012995621,3070.595157,2999,0.9622673634,0.9398307741,0.9058303895,0.9738311587
real_20240707,real,2024-07-07,adapted,3000,0.9401441554,7.818722264,0.3189944351,0.1017574496,3070.696914,3000,0.9622992523,0.9401441554,0.9061437708,0.97414454
real_20240707,real,2024-07-07,adapted,3001,0.9404575368,7.814479391,-0.3800397398,0.1444302038,3070.841344,3001,0.962344514,0.9404575368,0.9064571522,0.9744579214
real_20240707,real,2024-07-07,adapted,3002,0.9407709182,7.812554219,0.05305836737,0.002815190348,3070.844159,3002,0.9623453962,0.9407709182,0.9067705336,0.9747713028
real_20240707,real,2024-07-07,adapted,3003,0.9410842996,7.809539032,0.05115619216,0.002616955996,3070.846776,3003,0.9623462163,0.9410842996,0.907083915,0.9750846842
real_20240707,real,2024-07-07,adapted,3004,0.941397681,7.806309034,0.5917239747,0.3501372622,3071.196914,3004,0.9624559428,0.941397681,0.9073972964,0.9753980656
real_20240707,real,2024-07-07,adapted,3005,0.9417110624,7.803128851,-1.510087846,2.280365302,3073.477279,3005,0.9631705669,0.9417110624,0.9077106778,0.975711447
real_20240707,real,2024-07-07,adapted,3006,0.9420244437,7.800587507,1.842413798,3.394488601,3076.871768,3006,0.9642343364,0.9420244437,0.9080240591,0.9760248283
real_20240707,real,2024-07-07,adapted,3007,0.9423378251,7.798690376,-0.9721039085,0.944986009,3077.816754,3007,0.9645304774,0.9423378251,0.9083374405,0.9763382097
real_20240707,real,2024-07-07,adapted,3008,0.9426512065,7.796583482,1.416643447,2.006878657,3079.823632,3008,0.9651593959,0.9426512065,0.9086508219,0.9766515911
real_20240707,real,2024-07-07,adapted,3009,0.9429645879,7.795270022,0.2955746309,0.08736436243,3079.910997,3009,0.9651867742,0.9429645879,0.9089642033,0.9769649725
real_20240707,real,2024-07-07,adapted,3010,0.9432779693,7.792286931,1.753790931,3.075782629,3082.986779,3010,0.9661506672,0.9432779693,0.9092775847,0.9772783539
real_20240707,real,2024-07-07,adapted,3011,0.9435913507,7.788893143,-0.3684880268,0.1357834259,3083.122563,3011,0.9661932192,0.9435913507,0.9095909661,0.9775917353
real_20240707,real,2024-07-07,adapted,3012,0.9439047321,7.787910837,1.185654801,1.405777306,3084.52834,3012,0.9666337637,0.9439047321,0.9099043475,0.9779051167
real_20240707,real,2024-07-07,adapted,3013,0.9442181134,7.787126862,1.821018893,3.31610981,3087.84445,3013,0.9676729708,0.9442181134,0.9102177288,0.978218498
real_20240707,real,2024-07-07,adapted,3014,0.9445314948,7.786475474,-1.111676402,1.235824424,3089.080274,3014,0.9680602551,0.9445314948,0.9105311102,0.9785318794
real_20240707,real,2024-07-07,adapted,3015,0.9448448762,7.785394482,-1.251046068,1.565116265,3090.64539,3015,0.9685507334,0.9448448762,0.9108444916,0.9788452608
real_20240707,real,2024-07-07,adapted,3016,0.9451582576,7.780935717,-0.6248849847,0.3904812441,3091.035872,3016,0.968673103,0.9451582576,0.911157873,0.9791586422
real_20240707,real,2024-07-07,adapted,3017,0.945471639,7.775726003,-0.5248348292,0.2754515979,3091.311323,3017,0.9687594244,0.945471639,0.9114712544,0.9794720236
real_20240707,real,2024-07-07,adapted,3018,0.9457850204,7.773740637,1.151500681,1.325953818,3092.637277,3018,0.9691749536,0.9457850204,0.9117846358,0.979785405
real_20240707,real,2024-07-07,adapted,3019,0.9460984018,7.769185032,-1.021287374,1.0430279,3093.680305,3019,0.9695018192,0.9460984018,0.9120980172,0.9800987864
real_20240707,real,2024-07-07,adapted,3020,0.9464117831,7.767485105,-1.520142763,2.310834019,3095.991139,3020,0.9702259915,0.9464117831,0.9124113985,0.9804121677
real_20240707,real,2024-07-07,adapted,3021,0.9467251645,7.766121148,-1.090284563,1.188720428,3097.179859,3021,0.9705985144,0.9467251645,0.9127247799,0.9807255491
real_20240707,real,2024-07-07,adapted,3022,0.9470385459,7.765575532,-0.8886617887,0.7897197748,3097.969579,3022,0.9708459979,0.9470385459,0.9130381613,0.9810389305
real_20240707,real,2024-07-07,adapted,3023,0.9473519273,7.761694249,2.750142548,7.563284033,3105.532863,3023,0.9732161903,0.9473519273,0.9133515427,0.9813523119
real_20240707,real,2024-07-07,adapted,3024,0.9476653087,7.760307177,0.7044475483,0.4962463483,3106.02911,3024,0.9733717047,0.9476653087,0.9136649241,0.9816656933
real_20240707,real,2024-07-07,adapted,3025,0.9479786901,7.759888417,-3.180749205,10.11716551,3116.146275,3025,0.976542236,0.9479786901,0.9139783055,0.9819790747
real_20240707,real,2024-07-07,adapted,3026,0.9482920715,7.75847614,-0.515933327,0.2661871979,3116.412462,3026,0.9766256541,0.9482920715,0.9142916869,0.9822924561
real_20240707,real,2024-07-07,adapted,3027,0.9486054528,7.752583574,0.07873015376,0.006198437111,3116.418661,3027,0.9766275966,0.9486054528,0.9146050682,0.9826058374
real_20240707,real,2024-07-07,adapted,3028,0.9489188342,7.743008643,-0.2922458896,0.08540765996,3116.504068,3028,0.9766543618,0.9489188342,0.9149184496,0.9829192188
real_20240707,real,2024-07-07,adapted,3029,0.9492322156,7.739821946,1.425311696,2.031513429,3118.535582,3029,0.9772910003,0.9492322156,0.915231831,0.9832326002
real_20240707,real,2024-07-07,adapted,3030,0.949545597,7.733328534,0.6674514111,0.4454913861,3118.981073,3030,0.977430609,0.949545597,0.9155452124,0.9835459816
real_20240707,real,2024-07-07,adapted,3031,0.9498589784,7.728470954,-1.633040092,2.666819943,3121.647893,3031,0.9782663407,0.9498589784,0.9158585938,0.983859363
real_20240707,real,2024-07-07,adapted,3032,0.9501723598,7.727375869,-0.1670736632,0.02791360893,3121.675807,3032,0.9782750883,0.9501723598,0.9161719752,0.9841727444
real_20240707,real,2024-07-07,adapted,3033,0.9504857411,7.725705151,1.251046069,1.565116267,3123.240923,3033,0.9787655666,0.9504857411,0.9164853565,0.9844861257
real_20240707,real,2024-07-07,adapted,3034,0.9507991225,7.723179125,1.231540526,1.516692067,3124.757615,3034,0.9792408697,0.9507991225,0.9167987379,0.9847995071
real_20240707,real,2024-07-07,adapted,3035,0.9511125039,7.720153966,-0.1489284589,0.02217968587,3124.779795,3035,0.9792478204,0.9511125039,0.9171121193,0.9851128885
real_20240707,real,2024-07-07,adapted,3036,0.9514258853,7.714912935,-0.263353702,0.06935517238,3124.84915,3036,0.979269555,0.9514258853,0.9174255007,0.9854262699
real_20240707,real,2024-07-07,adapted,3037,0.9517392667,7.705653687,-0.737047993,0.543239744,3125.39239,3037,0.9794397962,0.9517392667,0.9177388821,0.9857396513
real_20240707,real,2024-07-07,adapted,3038,0.9520526481,7.699888363,-1.419320149,2.014469686,3127.406859,3038,0.9800710935,0.9520526481,0.9180522635,0.9860530327
real_20240707,real,2024-07-07,adapted,3039,0.9523660295,7.694957036,1.099886269,1.209749804,3128.616609,3039,0.9804502066,0.9523660295,0.9183656449,0.9863664141
real_20240707,real,2024-07-07,adapted,3040,0.9526794108,7.69274624,2.166083283,4.691916788,3133.308526,3040,0.981920566,0.9526794108,0.9186790262,0.9866797954
real_20240707,real,2024-07-07,adapted,3041,0.9529927922,7.678916783,0.9644422644,0.9301488813,3134.238675,3041,0.9822120573,0.9529927922,0.9189924076,0.9869931768
real_20240707,real,2024-07-07,adapted,3042,0.9533061736,7.672394255,1.144100388,1.308965698,3135.547641,3042,0.9826222628,0.9533061736,0.919305789,0.9873065582
real_20240707,real,2024-07-07,adapted,3043,0.953619555,7.668597491,-0.005045318811,2.54552419e-05,3135.547666,3043,0.9826222708,0.953619555,0.9196191704,0.9876199396
real_20240707,real,2024-07-07,adapted,3044,0.9539329364,7.667970304,0.6967781901,0.4854998462,3136.033166,3044,0.9827744174,0.9539329364,0.9199325518,0.987933321
real_20240707,real,2024-07-07,adapted,3045,0.9542463178,7.662061845,0.7764453103,0.6028673199,3136.636033,3045,0.9829633448,0.9542463178,0.9202459332,0.9882467024
real_20240707,real,2024-07-07,adapted,3046,0.9545596992,7.659111815,1.292264793,1.669948294,3138.305981,3046,0.9834866755,0.9545596992,0.9205593146,0.9885600838
real_20240707,real,2024-07-07,adapted,3047,0.9548730805,7.657808174,-0.5958130504,0.354993191,3138.660975,3047,0.9835979237,0.9548730805,0.9208726959,0.9888734651
real_20240707,real,2024-07-07,adapted,3048,0.9551864619,7.653822885,-0.3710908501,0.137708419,3138.798683,3048,0.983641079,0.9551864619,0.9211860773,0.9891868465
real_20240707,real,2024-07-07,adapted,3049,0.9554998433,7.651517076,0.9076051322,0.8237470759,3139.62243,3049,0.983899226,0.9554998433,0.9214994587,0.9895002279
real_20240707,real,2024-07-07,adapted,3050,0.9558132247,7.647898611,-0.1031204511,0.01063382744,3139.633064,3050,0.9839025584,0.9558132247,0.9218128401,0.9898136093
real_20240707,real,2024-07-07,adapted,3051,0.9561266061,7.642606979,0.7811742789,0.610233254,3140.243297,3051,0.9840937942,0.9561266061,0.9221262215,0.9901269907
real_20240707,real,2024-07-07,adapted,3052,0.9564399875,7.639959833,0.6543041046,0.4281138613,3140.671411,3052,0.9842279571,0.9564399875,0.9224396029,0.9904403721
real_20240707,real,2024-07-07,adapted,3053,0.9567533688,7.63735814,0.3427124389,0.1174518158,3140.788863,3053,0.9842647643,0.9567533688,0.9227529842,0.9907537535
real_20240707,real,2024-07-07,adapted,3054,0.9570667502,7.635856448,1.764012621,3.111740527,3143.900603,3054,0.9852399259,0.9570667502,0.9230663656,0.9910671348
real_20240707,real,2024-07-07,adapted,3055,0.9573801316,7.630439902,-0.2053398068,0.04216443628,3143.942768,3055,0.9852531394,0.9573801316,0.923379747,0.9913805162
real_20240707,real,2024-07-07,adapted,3056,0.957693513,7.625305332,0.6605232917,0.4362910189,3144.379059,3056,0.9853898649,0.957693513,0.9236931284,0.9916938976
real_20240707,real,2024-07-07,adapted,3057,0.9580068944,7.621547956,0.4521035059,0.20439758,3144.583456,3057,0.9854539193,0.9580068944,0.9240065098,0.992007279
real_20240707,real,2024-07-07,adapted,3058,0.9583202758,7.620746511,0.7776711366,0.6047723966,3145.188229,3058,0.9856434437,0.9583202758,0.9243198912,0.9923206604
real_20240707,real,2024-07-07,adapted,3059,0.9586336572,7.618756606,1.587962086,2.521623586,3147.709852,3059,0.9864336736,0.9586336572,0.9246332726,0.9926340418
real_20240707,real,2024-07-07,adapted,3060,0.9589470385,7.61749792,0.4845572761,0.2347957538,3147.944648,3060,0.9865072542,0.9589470385,0.9249466539,0.9929474231
real_20240707,real,2024-07-07,adapted,3061,0.9592604199,7.609177394,-0.9837965335,0.9678556194,3148.912504,3061,0.9868105622,0.9592604199,0.9252600353,0.9932608045
real_20240707,real,2024-07-07,adapted,3062,0.9595738013,7.608029392,0.6566821999,0.4312315117,3149.343735,3062,0.9869457021,0.9595738013,0.9255734167,0.9935741859
real_20240707,real,2024-07-07,adapted,3063,0.9598871827,7.60224634,0.2909873029,0.08467361045,3149.428409,3063,0.9869722372,0.9598871827,0.9258867981,0.9938875673
real_20240707,real,2024-07-07,adapted,3064,0.9602005641,7.595470178,-0.6843586712,0.4683467909,3149.896756,3064,0.9871190084,0.9602005641,0.9262001795,0.9942009487
real_20240707,real,2024-07-07,adapted,3065,0.9605139455,7.593466307,-1.147835706,1.317526808,3151.214283,3065,0.9875318968,0.9605139455,0.9265135609,0.9945143301
real_20240707,real,2024-07-07,adapted,3066,0.9608273269,7.591348734,-0.7349317322,0.540124651,3151.754407,3066,0.9877011618,0.9608273269,0.9268269423,0.9948277115
real_20240707,real,2024-07-07,adapted,3067,0.9611407082,7.590104533,0.8864269429,0.785752725,3152.54016,3067,0.987947402,0.9611407082,0.9271403236,0.9951410928
real_20240707,real,2024-07-07,adapted,3068,0.9614540896,7.578274989,-0.1009062733,0.01018207599,3152.550342,3068,0.9879505929,0.9614540896,0.927453705,0.9954544742
real_20240707,real,2024-07-07,adapted,3069,0.961767471,7.575120454,1.869963706,3.496764263,3156.047106,3069,0.9890464137,0.961767471,0.9277670864,0.9957678556
real_20240707,real,2024-07-07,adapted,3070,0.9620808524,7.573988952,-2.614462201,6.8354126,3162.882519,3070,0.9911885048,0.9620808524,0.9280804678,0.996081237
real_20240707,real,2024-07-07,adapted,3071,0.9623942338,7.569174617,-1.339139995,1.793295926,3164.675815,3071,0.9917504904,0.9623942338,0.9283938492,0.9963946184
real_20240707,real,2024-07-07,adapted,3072,0.9627076152,7.566518063,0.2403215503,0.05775444752,3164.733569,3072,0.9917685895,0.9627076152,0.9287072306,0.9967079998
real_20240707,real,2024-07-07,adapted,3073,0.9630209966,7.564692716,0.7865165586,0.618608297,3165.352178,3073,0.9919624499,0.9630209966,0.929020612,0.9970213812
real_20240707,real,2024-07-07,adapted,3074,0.9633343779,7.563576228,1.02656506,1.053835823,3166.406013,3074,0.9922927024,0.9633343779,0.9293339933,0.9973347625
real_20240707,real,2024-07-07,adapted,3075,0.9636477593,7.5615013,1.586303146,2.516357671,3168.922371,3075,0.9930812821,0.9636477593,0.9296473747,0.9976481439
real_20240707,real,2024-07-07,adapted,3076,0.9639611407,7.55476979,-0.9531637836,0.9085211984,3169.830892,3076,0.9933659957,0.9639611407,0.9299607561,0.9979615253
real_20240707,real,2024-07-07,adapted,3077,0.9642745221,7.552559605,0.09506655184,0.009037649279,3169.83993,3077,0.9933688279,0.9642745221,0.9302741375,0.9982749067
real_20240707,real,2024-07-07,adapted,3078,0.9645879035,7.548986307,-0.710340857,0.5045841331,3170.344514,3078,0.9935269552,0.9645879035,0.9305875189,0.9985882881
real_20240707,real,2024-07-07,adapted,3079,0.9649012849,7.546534116,-0.8010214044,0.6416352904,3170.986149,3079,0.9937280317,0.9649012849,0.9309009003,0.9989016695
real_20240707,real,2024-07-07,adapted,3080,0.9652146662,7.54325979,-0.00711009832,5.055349812e-05,3170.9862,3080,0.9937280476,0.9652146662,0.9312142816,0.9992150508
real_20240707,real,2024-07-07,adapted,3081,0.9655280476,7.541728944,-2.027361307,4.110193868,3175.096394,3081,0.9950161058,0.9655280476,0.931527663,0.9995284322
real_20240707,real,2024-07-07,adapted,3082,0.965841429,7.538301751,0.1204931045,0.01451858823,3175.110912,3082,0.9950206557,0.965841429,0.9318410444,0.9998418136
real_20240707,real,2024-07-07,adapted,3083,0.9661548104,7.533378435,-0.02260229254,0.0005108636281,3175.111423,3083,0.9950208158,0.9661548104,0.9321544258,1.000155195
real_20240707,real,2024-07-07,adapted,3084,0.9664681918,7.531174888,-0.3896888991,0.1518574381,3175.263281,3084,0.9950684051,0.9664681918,0.9324678072,1.000468576
real_20240707,real,2024-07-07,adapted,3085,0.9667815732,7.527692705,0.01114031499,0.0001241066181,3175.263405,3085,0.995068444,0.9667815732,0.9327811886,1.000781958
real_20240707,real,2024-07-07,adapted,3086,0.9670949546,7.520829902,0.6491948049,0.4214538947,3175.684859,3086,0.9952005198,0.9670949546,0.93309457,1.001095339
real_20240707,real,2024-07-07,adapted,3087,0.9674083359,7.519672694,-0.4839204689,0.2341790202,3175.919038,3087,0.9952739071,0.9674083359,0.9334079513,1.001408721
real_20240707,real,2024-07-07,adapted,3088,0.9677217173,7.513314147,-2.249688282,5.061097368,3180.980135,3088,0.9968599608,0.9677217173,0.9337213327,1.001722102
real_20240707,real,2024-07-07,adapted,3089,0.9680350987,7.513113532,-1.386151102,1.921414878,3182.90155,3089,0.9974620965,0.9680350987,0.9340347141,1.002035483
real_20240707,real,2024-07-07,adapted,3090,0.9683484801,7.510767601,-1.459128558,2.129056147,3185.030606,3090,0.998129303,0.9683484801,0.9343480955,1.002348865
real_20240707,real,2024-07-07,adapted,3091,0.9686618615,7.507506416,0.4150367651,0.1722555164,3185.202862,3091,0.9981832847,0.9686618615,0.9346614769,1.002662246
real_20240707,real,2024-07-07,adapted,3092,0.9689752429,7.504496449,0.6243312111,0.3897894612,3185.592651,3092,0.9983054375,0.9689752429,0.9349748583,1.002975627
real_20240707,real,2024-07-07,adapted,3093,0.9692886243,7.499006009,-0.3937073255,0.1550054581,3185.747656,3093,0.9983540133,0.9692886243,0.9352882397,1.003289009
real_20240707,real,2024-07-07,adapted,3094,0.9696020056,7.494474641,0.5086422015,0.2587168892,3186.006373,3094,0.9984350904,0.9696020056,0.935601621,1.00360239
real_20240707,real,2024-07-07,adapted,3095,0.969915387,7.49279811,0.0247580285,0.0006129599754,3186.006986,3095,0.9984352825,0.969915387,0.9359150024,1.003915772
real_20240707,real,2024-07-07,adapted,3096,0.9702287684,7.487933821,-0.5299775183,0.2808761699,3186.287862,3096,0.9985233038,0.9702287684,0.9362283838,1.004229153
real_20240707,real,2024-07-07,adapted,3097,0.9705421498,7.486258743,-0.5762827916,0.3321018559,3186.619964,3097,0.9986273784,0.9705421498,0.9365417652,1.004542534
real_20240707,real,2024-07-07,adapted,3098,0.9708555312,7.482969391,0.200694596,0.04027832085,3186.660243,3098,0.9986400008,0.9708555312,0.9368551466,1.004855916
real_20240707,real,2024-07-07,adapted,3099,0.9711689126,7.482093108,0.3465510974,0.1200976631,3186.78034,3099,0.9986776372,0.9711689126,0.937168528,1.005169297
real_20240707,real,2024-07-07,adapted,3100,0.971482294,7.480332566,0.719494765,0.5176727168,3187.298013,3100,0.9988398662,0.971482294,0.9374819094,1.005482679
real_20240707,real,2024-07-07,adapted,3101,0.9717956753,7.478848486,0.9654254958,0.9320463879,3188.230059,3101,0.9991319522,0.9717956753,0.9377952907,1.00579606
real_20240707,real,2024-07-07,adapted,3102,0.9721090567,7.475790869,-0.5938103637,0.352610748,3188.58267,3102,0.9992424538,0.9721090567,0.9381086721,1.006109441
real_20240707,real,2024-07-07,adapted,3103,0.9724224381,7.455613726,0.9782206151,0.9569155718,3189.539586,3103,0.9995423334,0.9724224381,0.9384220535,1.006422823
real_20240707,real,2024-07-07,adapted,3104,0.9727358195,7.453049843,-0.6335541341,0.4013908408,3189.940977,3104,0.9996681218,0.9727358195,0.9387354349,1.006736204
real_20240707,real,2024-07-07,adapted,3105,0.9730492009,7.44574262,-0.3908738,0.1527823276,3190.093759,3105,0.9997160009,0.9730492009,0.9390488163,1.007049585
real_20240707,real,2024-07-07,adapted,3106,0.9733625823,7.43454845,-1.676588981,2.810950611,3192.90471,3106,1.000596901,0.9733625823,0.9393621977,1.007362967
real_20240707,real,2024-07-07,adapted,3107,0.9736759636,7.430251976,0.1609588599,0.02590775458,3192.930617,3107,1.00060502,0.9736759636,0.939675579,1.007676348
real_20240707,real,2024-07-07,adapted,3108,0.973989345,7.429405504,0.2632373519,0.06929390345,3192.999911,3108,1.000626735,0.973989345,0.9399889604,1.00798973
real_20240707,real,2024-07-07,adapted,3109,0.9743027264,7.427584432,-0.9847341541,0.9697013542,3193.969613,3109,1.000930621,0.9743027264,0.9403023418,1.008303111
real_20240707,real,2024-07-07,adapted,3110,0.9746161078,7.426141588,1.015177537,1.030585431,3195.000198,3110,1.001253588,0.9746161078,0.9406157232,1.008616492
real_20240707,real,2024-07-07,adapted,3111,0.9749294892,7.425975929,0.8101385926,0.6563245392,3195.656523,3111,1.001459267,0.9749294892,0.9409291046,1.008929874
real_20240707,real,2024-07-07,adapted,3112,0.9752428706,7.420466547,0.452669561,0.2049097315,3195.861432,3112,1.001523482,0.9752428706,0.941242486,1.009243255
real_20240707,real,2024-07-07,adapted,3113,0.975556252,7.419522648,1.727454079,2.984097594,3198.84553,3113,1.002458643,0.975556252,0.9415558674,1.009556637
real_20240707,real,2024-07-07,adapted,3114,0.9758696333,7.418638612,0.1165318216,0.01357966545,3198.859109,3114,1.002462899,0.9758696333,0.9418692487,1.009870018
real_20240707,real,2024-07-07,adapted,3115,0.9761830147,7.412069983,-0.6414570834,0.4114671898,3199.270577,3115,1.002591845,0.9761830147,0.9421826301,1.010183399
real_20240707,real,2024-07-07,adapted,3116,0.9764963961,7.409852998,0.4803959844,0.2307803018,3199.501357,3116,1.002664167,0.9764963961,0.9424960115,1.010496781
real_20240707,real,2024-07-07,adapted,3117,0.9768097775,7.399655035,0.08460370654,0.00715778716,3199.508515,3117,1.00266641,0.9768097775,0.9428093929,1.010810162
real_20240707,real,2024-07-07,adapted,3118,0.9771231589,7.390834931,0.09908202581,0.009817247839,3199.518332,3118,1.002669487,0.9771231589,0.9431227743,1.011123543
real_20240707,real,2024-07-07,adapted,3119,0.9774365403,7.382340321,0.5546658089,0.3076541596,3199.825986,3119,1.0027659,0.9774365403,0.9434361557,1.011436925
real_20240707,real,2024-07-07,adapted,3120,0.9777499217,7.380464871,0.483065223,0.2333520097,3200.059338,3120,1.002839028,0.9777499217,0.9437495371,1.011750306
real_20240707,real,2024-07-07,adapted,3121,0.978063303,7.367981932,-0.441305575,0.1947506105,3200.254089,3121,1.002900059,0.978063303,0.9440629184,1.012063688
real_20240707,real,2024-07-07,adapted,3122,0.9783766844,7.358606653,-0.9684838113,0.9379608927,3201.19205,3122,1.003193999,0.9783766844,0.9443762998,1.012377069
real_20240707,real,2024-07-07,adapted,3123,0.9786900658,7.350723252,-0.4082716354,0.1666857283,3201.358735,3123,1.003246235,0.9786900658,0.9446896812,1.01269045
real_20240707,real,2024-07-07,adapted,3124,0.9790034472,7.348576115,0.6387056111,0.4079448576,3201.76668,3124,1.003374077,0.9790034472,0.9450030626,1.013003832
real_20240707,real,2024-07-07,adapted,3125,0.9793168286,7.338766294,1.124583553,1.264688169,3203.031368,3125,1.003770407,0.9793168286,0.945316444,1.013317213
real_20240707,real,2024-07-07,adapted,3126,0.97963021,7.330668425,0.4973939252,0.2474007168,3203.278769,3126,1.003847938,0.97963021,0.9456298254,1.013630595
real_20240707,real,2024-07-07,adapted,3127,0.9799435914,7.323556821,1.085389576,1.178070532,3204.45684,3127,1.004217123,0.9799435914,0.9459432068,1.013943976
real_20240707,real,2024-07-07,adapted,3128,0.9802569727,7.318898075,1.320466768,1.743632486,3206.200472,3128,1.004763545,0.9802569727,0.9462565881,1.014257357
real_20240707,real,2024-07-07,adapted,3129,0.9805703541,7.306666665,-0.08826065861,0.007789943859,3206.208262,3129,1.004765986,0.9805703541,0.9465699695,1.014570739
real_20240707,real,2024-07-07,adapted,3130,0.9808837355,7.29897562,-2.208422043,4.877127919,3211.08539,3130,1.006294387,0.9808837355,0.9468833509,1.01488412
real_20240707,real,2024-07-07,adapted,3131,0.9811971169,7.297251012,-0.5647111765,0.3188987129,3211.404289,3131,1.006394324,0.9811971169,0.9471967323,1.015197501
real_20240707,real,2024-07-07,adapted,3132,0.9815104983,7.290974193,0.1517207607,0.02301918921,3211.427308,3132,1.006401538,0.9815104983,0.9475101137,1.015510883
real_20240707,real,2024-07-07,adapted,3133,0.9818238797,7.28473668,1.157125562,1.338939566,3212.766248,3133,1.006821137,0.9818238797,0.9478234951,1.015824264
real_20240707,real,2024-07-07,adapted,3134,0.982137261,7.282659511,-1.406567676,1.978432628,3214.74468,3134,1.007441141,0.982137261,0.9481368764,1.016137646
real_20240707,real,2024-07-07,adapted,3135,0.9824506424,7.282068136,0.8585221187,0.7370602284,3215.48174,3135,1.007672122,0.9824506424,0.9484502578,1.016451027
real_20240707,real,2024-07-07,adapted,3136,0.9827640238,7.280572951,0.06116010465,0.003740558401,3215.485481,3136,1.007673294,0.9827640238,0.9487636392,1.016764408
real_20240707,real,2024-07-07,adapted,3137,0.9830774052,7.279288332,-0.8177470085,0.6687101698,3216.154191,3137,1.007882855,0.9830774052,0.9490770206,1.01707779
real_20240707,real,2024-07-07,adapted,3138,0.9833907866,7.278708063,-1.344892773,1.80873657,3217.962928,3138,1.00844968,0.9833907866,0.949390402,1.017391171
real_20240707,real,2024-07-07,adapted,3139,0.983704168,7.277687363,-0.1382866222,0.01912318989,3217.982051,3139,1.008455672,0.983704168,0.9497037834,1.017704553
real_20240707,real,2024-07-07,adapted,3140,0.9840175494,7.269979669,-0.008960659726,8.029342273e-05,3217.982131,3140,1.008455698,0.9840175494,0.9500171648,1.018017934
real_20240707,real,2024-07-07,adapted,3141,0.9843309307,7.254518626,1.980490378,3.922342137,3221.904473,3141,1.009684887,0.9843309307,0.9503305461,1.018331315
real_20240707,real,2024-07-07,adapted,3142,0.9846443121,7.248726574,0.00746252433,5.568926938e-05,3221.904529,3142,1.009684904,0.9846443121,0.9506439275,1.018644697
real_20240707,real,2024-07-07,adapted,3143,0.9849576935,7.24286977,1.084115732,1.17530692,3223.079836,3143,1.010053223,0.9849576935,0.9509573089,1.018958078
real_20240707,real,2024-07-07,adapted,3144,0.9852710749,7.239627326,-0.257486289,0.06629918902,3223.146135,3144,1.010074,0.9852710749,0.9512706903,1.019271459
real_20240707,real,2024-07-07,adapted,3145,0.9855844563,7.237705707,-0.2778959938,0.07722618338,3223.223361,3145,1.010098202,0.9855844563,0.9515840717,1.019584841
real_20240707,real,2024-07-07,adapted,3146,0.9858978377,7.234817618,-0.9145156331,0.8363388432,3224.0597,3146,1.010360295,0.9858978377,0.9518974531,1.019898222
real_20240707,real,2024-07-07,adapted,3147,0.9862112191,7.233331668,0.6230324202,0.3881693966,3224.44787,3147,1.01048194,0.9862112191,0.9522108345,1.020211604
real_20240707,real,2024-07-07,adapted,3148,0.9865246004,7.229204942,-0.8077472277,0.6524555839,3225.100325,3148,1.010686407,0.9865246004,0.9525242158,1.020524985
real_20240707,real,2024-07-07,adapted,3149,0.9868379818,7.226745183,0.389891018,0.1520150059,3225.25234,3149,1.010734046,0.9868379818,0.9528375972,1.020838366
real_20240707,real,2024-07-07,adapted,3150,0.9871513632,7.224758352,0.1473902215,0.02172387739,3225.274064,3150,1.010740854,0.9871513632,0.9531509786,1.021151748
real_20240707,real,2024-07-07,adapted,3151,0.9874647446,7.223683795,0.7315829792,0.5352136554,3225.809278,3151,1.01090858,0.9874647446,0.95346436,1.021465129
real_20240707,real,2024-07-07,adapted,3152,0.987778126,7.218258166,-1.29122274,1.667256165,3227.476534,3152,1.011431067,0.987778126,0.9537777414,1.021778511
real_20240707,real,2024-07-07,adapted,3153,0.9880915074,7.213540393,-1.755923824,3.083268474,3230.559802,3153,1.012397306,0.9880915074,0.9540911228,1.022091892
real_20240707,real,2024-07-07,adapted,3154,0.9884048887,7.206433523,-0.483040198,0.2333278329,3230.79313,3154,1.012470426,0.9884048887,0.9544045041,1.022405273
real_20240707,real,2024-07-07,adapted,3155,0.9887182701,7.201196247,-0.7642632907,0.5840983775,3231.377228,3155,1.012653472,0.9887182701,0.9547178855,1.022718655
real_20240707,real,2024-07-07,adapted,3156,0.9890316515,7.19466034,-0.8315786538,0.6915230574,3232.068752,3156,1.012870182,0.9890316515,0.9550312669,1.023032036
real_20240707,real,2024-07-07,adapted,3157,0.9893450329,7.190500156,-2.22688705,4.959025932,3237.027777,3157,1.014424249,0.9893450329,0.9553446483,1.023345418
real_20240707,real,2024-07-07,adapted,3158,0.9896584143,7.189550513,0.8412951821,0.7077775834,3237.735555,3158,1.014646053,0.9896584143,0.9556580297,1.023658799
real_20240707,real,2024-07-07,adapted,3159,0.9899717957,7.187960278,0.4428298731,0.1960982965,3237.931653,3159,1.014707507,0.9899717957,0.9559714111,1.02397218
real_20240707,real,2024-07-07,adapted,3160,0.9902851771,7.185443894,-0.899986329,0.8099753924,3238.741629,3160,1.014961338,0.9902851771,0.9562847925,1.024285562
real_20240707,real,2024-07-07,adapted,3161,0.9905985584,7.184167956,-0.6202312451,0.3846867974,3239.126316,3161,1.015081891,0.9905985584,0.9565981738,1.024598943
real_20240707,real,2024-07-07,adapted,3162,0.9909119398,7.182011302,-1.570829887,2.467506534,3241.593822,3162,1.015855162,0.9909119398,0.9569115552,1.024912324
real_20240707,real,2024-07-07,adapted,3163,0.9912253212,7.175745534,0.8226904888,0.6768196403,3242.270642,3163,1.016067265,0.9912253212,0.9572249366,1.025225706
real_20240707,real,2024-07-07,adapted,3164,0.9915387026,7.174959763,0.04124911987,0.00170148989,3242.272343,3164,1.016067798,0.9915387026,0.957538318,1.025539087
real_20240707,real,2024-07-07,adapted,3165,0.991852084,7.164543984,-0.5743029359,0.3298238622,3242.602167,3165,1.016171159,0.991852084,0.9578516994,1.025852469
real_20240707,real,2024-07-07,adapted,3166,0.9921654654,7.153959721,-0.5678390754,0.3224412156,3242.924608,3166,1.016272206,0.9921654654,0.9581650808,1.02616585
real_20240707,real,2024-07-07,adapted,3167,0.9924788468,7.116267107,-0.1032481193,0.01066017413,3242.935268,3167,1.016275546,0.9924788468,0.9584784622,1.026479231
real_20240707,real,2024-07-07,adapted,3168,0.9927922281,7.105132834,0.4187866482,0.1753822567,3243.110651,3168,1.016330508,0.9927922281,0.9587918435,1.026792613
real_20240707,real,2024-07-07,adapted,3169,0.9931056095,7.101113405,-1.011005662,1.022132448,3244.132783,3169,1.016650825,0.9931056095,0.9591052249,1.027105994
real_20240707,real,2024-07-07,adapted,3170,0.9934189909,7.094253979,-1.233246223,1.520896245,3245.653679,3170,1.017127446,0.9934189909,0.9594186063,1.027419376
real_20240707,real,2024-07-07,adapted,3171,0.9937323723,7.089023134,-0.2342468814,0.05487160146,3245.708551,3171,1.017144641,0.9937323723,0.9597319877,1.027732757
real_20240707,real,2024-07-07,adapted,3172,0.9940457537,7.086985771,-0.4742137144,0.2248786469,3245.93343,3172,1.017215114,0.9940457537,0.9600453691,1.028046138
real_20240707,real,2024-07-07,adapted,3173,0.9943591351,7.075305084,0.2066765934,0.04271521428,3245.976145,3173,1.0172285,0.9943591351,0.9603587505,1.02835952
real_20240707,real,2024-07-07,adapted,3174,0.9946725165,7.051583109,0.7065303883,0.4991851896,3246.47533,3174,1.017384936,0.9946725165,0.9606721319,1.028672901
real_20240707,real,2024-07-07,adapted,3175,0.9949858978,7.049818337,-0.4874851391,0.2376417608,3246.712972,3175,1.017459408,0.9949858978,0.9609855132,1.028986282
real_20240707,real,2024-07-07,adapted,3176,0.9952992792,7.046796182,0.5675518878,0.3221151454,3247.035087,3176,1.017560353,0.9952992792,0.9612988946,1.029299664
real_20240707,real,2024-07-07,adapted,3177,0.9956126606,7.037408877,0.7497142204,0.5620714123,3247.597158,3177,1.017736496,0.9956126606,0.961612276,1.029613045
real_20240707,real,2024-07-07,adapted,3178,0.995926042,7.029616175,0.8713371319,0.7592283974,3248.356387,3178,1.017974424,0.995926042,0.9619256574,1.029926427
real_20240707,real,2024-07-07,adapted,3179,0.9962394234,6.986055283,0.9250087913,0.8556412639,3249.212028,3179,1.018242566,0.9962394234,0.9622390388,1.030239808
real_20240707,real,2024-07-07,adapted,3180,0.9965528048,6.981557811,0.1431233731,0.02048429993,3249.232512,3180,1.018248985,0.9965528048,0.9625524202,1.030553189
real_20240707,real,2024-07-07,adapted,3181,0.9968661861,6.937414445,-0.8451731441,0.7143176436,3249.94683,3181,1.018472839,0.9968661861,0.9628658015,1.030866571
real_20240707,real,2024-07-07,adapted,3182,0.9971795675,6.913106816,0.3006326589,0.09037999559,3250.03721,3182,1.018501163,0.9971795675,0.9631791829,1.031179952
real_20240707,real,2024-07-07,adapted,3183,0.9974929489,6.868034072,-1.619323703,2.622209255,3252.659419,3183,1.019322914,0.9974929489,0.9634925643,1.031493334
real_20240707,real,2024-07-07,adapted,3184,0.9978063303,6.862072629,0.5170981454,0.2673904919,3252.92681,3184,1.019406709,0.9978063303,0.9638059457,1.031806715
real_20240707,real,2024-07-07,adapted,3185,0.9981197117,6.835274993,-0.5404553757,0.2920920131,3253.218902,3185,1.019498246,0.9981197117,0.9641193271,1.032120096
real_20240707,real,2024-07-07,adapted,3186,0.9984330931,6.832204012,0.8215530997,0.6749494956,3253.893851,3186,1.019709762,0.9984330931,0.9644327085,1.032433478
real_20240707,real,2024-07-07,adapted,3187,0.9987464745,6.80903725,0.307043132,0.09427548491,3253.988127,3187,1.019739306,0.9987464745,0.9647460899,1.032746859
real_20240707,real,2024-07-07,adapted,3188,0.9990598558,6.798798448,0.5564340248,0.309618824,3254.297746,3188,1.019836335,0.9990598558,0.9650594712,1.03306024
real_20240707,real,2024-07-07,adapted,3189,0.9993732372,6.767234901,0.06910058275,0.004774890537,3254.30252,3189,1.019837832,0.9993732372,0.9653728526,1.033373622
real_20240707,real,2024-07-07,adapted,3190,0.9996866186,6.703991652,-1.359149345,1.847286942,3256.149807,3190,1.020416737,0.9996866186,0.965686234,1.033687003
real_20240707,real,2024-07-07,adapted,3191,1,6.558199088,-0.5643588288,0.3185008876,3256.468308,3191,1.020516549,1,0.9659996154,1.034000385
