sigmasq,range_lat,range_lon,advec_lat,advec_lon,beta,nugget,loss
25.822897,1.0230141,1.1314229,0.07328569,-0.09581009,0.17767046,1.5697005,50396.41796875
24.242847,2.1479526,1.945775,0.050044917,-0.07003191,0.14017819,1.4429024,43290.984375
26.15612,0.81818414,1.0619209,0.08169135,-0.119475275,0.24149042,2.1232045,54808.96484375
26.00123,1.1942,1.4344773,-0.20652774,-0.17457518,0.041952252,2.5937777,52697.54296875
23.72466,1.8193388,2.713623,-0.16641916,-0.037361033,-0.014583686,1.9451278,43821.0546875
