dataset_id,data_kind,date,method,index,frac_index,eigenvalue,whitened_score,squared_score,leverage,expected_increment,cumulative_squared_score,expected,scaled_cumulative,scaled_expected,scaled_band_lower,scaled_band_upper
real_20240707,real,2024-07-07,adapted,1,0.0001937968075,65.6822007,-1.367888957,1.871120198,0.3815943871,0.6184056129,1.871120198,0.6184056129,0.0005863742393,0.0001937968075,-0.03380658779,0.03419418141
real_20240707,real,2024-07-07,adapted,2,0.0004153239693,63.82832657,-3.659234627,13.38999805,0.2931068269,0.7068931731,15.26111825,1.325298786,0.004782550377,0.0004153239693,-0.03358506063,0.03441570857
real_20240707,real,2024-07-07,adapted,3,0.0007227669185,63.18734944,-7.882987351,62.14148957,0.01894954916,0.9810504508,77.40260783,2.306349237,0.02425653645,0.0007227669185,-0.03327761768,0.03472315152
real_20240707,real,2024-07-07,adapted,4,0.0009676915989,62.80560152,-4.860072005,23.62029989,0.2184453446,0.7815546554,101.0229077,3.087903892,0.03165869875,0.0009676915989,-0.033032693,0.0349680762
real_20240707,real,2024-07-07,adapted,5,0.001255551677,61.60443999,2.104472117,4.428802891,0.081438491,0.918561509,105.4517106,4.006465401,0.03304660314,0.001255551677,-0.03274483292,0.03525593628
real_20240707,real,2024-07-07,adapted,6,0.001549993727,61.23095741,2.61309763,6.828279225,0.06043541951,0.9395645805,112.2799898,4.946029982,0.03518645874,0.001549993727,-0.03245039087,0.03555037833
real_20240707,real,2024-07-07,adapted,7,0.001832256093,60.22213026,-5.417538705,29.34972562,0.09930078833,0.9006992117,141.6297155,5.846729193,0.04438411641,0.001832256093,-0.03216812851,0.03583264069
real_20240707,real,2024-07-07,adapted,8,0.002144321008,59.7803276,2.974762459,8.849211689,0.004200857696,0.9957991423,150.4789271,6.842528336,0.04715729463,0.002144321008,-0.03185606359,0.03614470561
real_20240707,real,2024-07-07,adapted,9,0.00243839809,59.32710131,0.2498329223,0.06241648905,0.06160002917,0.9383999708,150.5413436,7.780928307,0.04717685479,0.00243839809,-0.03156198651,0.03643878269
real_20240707,real,2024-07-07,adapted,10,0.00274741865,58.44714821,1.475799069,2.177982891,0.01391539457,0.9860846054,152.7193265,8.767012912,0.04785939409,0.00274741865,-0.03125296595,0.03674780325
real_20240707,real,2024-07-07,adapted,11,0.003054703636,58.37923328,7.678756676,58.9633041,0.01945361016,0.9805463898,211.6826306,9.747559302,0.066337396,0.003054703636,-0.03094568096,0.03705508824
real_20240707,real,2024-07-07,adapted,12,0.003364660868,57.83910988,-0.5087180921,0.2587940972,0.01092647221,0.9890735278,211.9414247,10.73663283,0.06641849725,0.003364660868,-0.03063572373,0.03736504547
real_20240707,real,2024-07-07,adapted,13,0.003667236482,57.31894764,-1.681496748,2.827431313,0.0344812154,0.9655187846,214.768856,11.70215161,0.06730456159,0.003667236482,-0.03033314812,0.03766762108
real_20240707,real,2024-07-07,adapted,14,0.003971069316,56.56561811,2.649460578,7.019641352,0.03046942565,0.9695305743,221.7884974,12.67168219,0.06950438652,0.003971069316,-0.03002931528,0.03797145392
real_20240707,real,2024-07-07,adapted,15,0.004280192722,56.12731471,1.520548899,2.312068956,0.01358721199,0.986412788,224.1005663,13.65809498,0.07022894589,0.004280192722,-0.02972019188,0.03828057732
real_20240707,real,2024-07-07,adapted,16,0.004590553545,55.81190912,-1.638160727,2.683570569,0.009638614059,0.9903613859,226.7841369,14.64845636,0.07106992695,0.004590553545,-0.02940983106,0.03859093815
real_20240707,real,2024-07-07,adapted,17,0.004894335285,55.16036332,0.8107020888,0.6572378767,0.03063246839,0.9693675316,227.4413748,15.61782389,0.07127589307,0.004894335285,-0.02910604932,0.03889471989
real_20240707,real,2024-07-07,adapted,18,0.00520632936,54.61879544,7.131617751,50.85997175,0.004426907256,0.9955730927,278.3013465,16.61339699,0.08721446147,0.00520632936,-0.02879405524,0.03920671396
real_20240707,real,2024-07-07,adapted,19,0.00551387225,54.56654547,2.419366314,5.853333364,0.01863063653,0.9813693635,284.1546799,17.59476635,0.08904878718,0.00551387225,-0.02848651235,0.03951425685
real_20240707,real,2024-07-07,adapted,20,0.005823034327,53.91866909,-2.391787938,5.720649539,0.01346381377,0.9865361862,289.8753294,18.58130254,0.09084153226,0.005823034327,-0.02817735027,0.03982341893
real_20240707,real,2024-07-07,adapted,21,0.006126153233,53.57677313,0.1933323818,0.03737740985,0.03274757159,0.9672524284,289.9127068,19.54855496,0.09085324564,0.006126153233,-0.02787423137,0.04012653783
real_20240707,real,2024-07-07,adapted,22,0.006437260377,53.18448173,-0.960299795,0.9221756963,0.007257101199,0.9927428988,290.8348825,20.54129786,0.09114223834,0.006437260377,-0.02756312422,0.04043764498
real_20240707,real,2024-07-07,adapted,23,0.006748784548,52.63279324,0.9310412948,0.8668378926,0.005926371512,0.9940736285,291.7017204,21.53537149,0.0914138892,0.006748784548,-0.02725160005,0.04074916915
real_20240707,real,2024-07-07,adapted,24,0.007061796147,51.99768451,1.875332756,3.516872947,0.001179988256,0.9988200117,295.2185934,22.5341915,0.09251601172,0.007061796147,-0.02693858845,0.04106218075
real_20240707,real,2024-07-07,adapted,25,0.00736642977,51.8563034,0.1588057309,0.02521926015,0.02791410806,0.9720858919,295.2438126,23.5062774,0.09252391496,0.00736642977,-0.02663395483,0.04136681437
real_20240707,real,2024-07-07,adapted,26,0.007679042765,51.56469235,-0.9276825743,0.8605949586,0.002451932158,0.9975480678,296.1044076,24.50382546,0.0927936094,0.007679042765,-0.02632134184,0.04167942737
real_20240707,real,2024-07-07,adapted,27,0.007989892369,51.14595413,-2.648423549,7.014147295,0.008078912943,0.9919210871,303.1185549,25.49574655,0.0949917126,0.007989892369,-0.02601049223,0.04199027697
real_20240707,real,2024-07-07,adapted,28,0.008296821526,51.04966533,-1.314087265,1.72682534,0.02058906158,0.9794109384,304.8453802,26.47515749,0.09553286751,0.008296821526,-0.02570356307,0.04229720613
real_20240707,real,2024-07-07,adapted,29,0.008607920678,50.7438145,1.654663982,2.737912893,0.007282605374,0.9927173946,307.5832931,27.46787488,0.09639087845,0.008607920678,-0.02539246392,0.04260830528
real_20240707,real,2024-07-07,adapted,30,0.008915269461,50.09860023,0.5394852376,0.2910443216,0.01925003456,0.9807499654,307.8743375,28.44862485,0.09648208632,0.008915269461,-0.02508511514,0.04291565406
real_20240707,real,2024-07-07,adapted,31,0.009227368437,49.55807248,3.308922011,10.94896487,0.004092165811,0.9959078342,318.8233023,29.44453268,0.0999132881,0.009227368437,-0.02477301616,0.04322775304
real_20240707,real,2024-07-07,adapted,32,0.009537814113,49.46676563,1.214552583,1.475137978,0.009367848911,0.9906321511,320.2984403,30.43516483,0.1003755689,0.009537814113,-0.02446257049,0.04353819871
real_20240707,real,2024-07-07,adapted,33,0.009844567584,49.06711682,1.594567771,2.542646378,0.02114967464,0.9788503254,322.8410867,31.41401516,0.1011723869,0.009844567584,-0.02415581702,0.04384495218
real_20240707,real,2024-07-07,adapted,34,0.01015654606,48.68628855,-0.617312163,0.3810743066,0.004476685046,0.995523315,323.222161,32.40953847,0.1012918085,0.01015654606,-0.02384383854,0.04415693066
real_20240707,real,2024-07-07,adapted,35,0.01046757777,48.33846292,-0.6168951281,0.3805595991,0.007497810086,0.9925021899,323.6027206,33.40204066,0.1014110688,0.01046757777,-0.02353280683,0.04446796237
real_20240707,real,2024-07-07,adapted,36,0.01078057924,48.03195925,0.0594431185,0.003533484337,0.00121230366,0.9987876963,323.6062541,34.40082836,0.1014121761,0.01078057924,-0.02321980536,0.04478096384
real_20240707,real,2024-07-07,adapted,37,0.0110937991,47.63889571,1.055662648,1.114423625,0.0005154242563,0.9994845757,324.7206777,35.40031294,0.1017614158,0.0110937991,-0.0229065855,0.0450941837
real_20240707,real,2024-07-07,adapted,38,0.01140248926,47.5716695,0.1633790586,0.02669271679,0.01496969985,0.9850303002,324.7473704,36.38534324,0.1017697808,0.01140248926,-0.02259789534,0.04540287386
real_20240707,real,2024-07-07,adapted,39,0.01171268154,47.41015952,-2.898963683,8.403990437,0.01017643983,0.9898235602,333.1513609,37.3751668,0.1044034349,0.01171268154,-0.02228770306,0.04571306614
real_20240707,real,2024-07-07,adapted,40,0.01202433436,47.016397,-2.086557091,4.353720493,0.005515840075,0.9944841599,337.5050813,38.36965096,0.1057678099,0.01202433436,-0.02197605024,0.04602471896
real_20240707,real,2024-07-07,adapted,41,0.01233509477,46.69750499,1.182853507,1.399142419,0.008363540903,0.9916364591,338.9042238,39.36128742,0.1062062751,0.01233509477,-0.02166528983,0.04633547937
real_20240707,real,2024-07-07,adapted,42,0.01264404412,46.44294008,-2.143505988,4.594617923,0.01414262434,0.9858573757,343.4988417,40.34714479,0.1076461428,0.01264404412,-0.02135634048,0.04664442872
real_20240707,real,2024-07-07,adapted,43,0.01295687282,46.13303719,1.475507912,2.177123598,0.001763633946,0.9982363661,345.6759653,41.34538116,0.1083284128,0.01295687282,-0.02104351178,0.04695725742
real_20240707,real,2024-07-07,adapted,44,0.01326922795,45.90839523,1.001881896,1.003767334,0.003274771444,0.9967252286,346.6797326,42.34210639,0.1086429748,0.01326922795,-0.02073115665,0.04726961255
real_20240707,real,2024-07-07,adapted,45,0.01357551021,45.61512964,-1.178085025,1.387884327,0.02265331769,0.9773466823,348.0676169,43.31945307,0.1090779119,0.01357551021,-0.02042487439,0.04757589481
real_20240707,real,2024-07-07,adapted,46,0.01388773423,45.20772488,-0.3048716042,0.09294669503,0.00369314024,0.9963068598,348.1605636,44.31575993,0.1091070397,0.01388773423,-0.02011265037,0.04788811883
real_20240707,real,2024-07-07,adapted,47,0.01420043187,45.08367979,-0.7568427562,0.5728109576,0.002181821163,0.9978181788,348.7333746,45.31357811,0.109286548,0.01420043187,-0.01979995273,0.04820081647
real_20240707,real,2024-07-07,adapted,48,0.01450950342,44.84897034,0.4067293465,0.1654287613,0.01375269174,0.9862473083,348.8988034,46.29982542,0.1093383903,0.01450950342,-0.01949088118,0.04850988802
real_20240707,real,2024-07-07,adapted,49,0.01481959957,44.80250358,-3.05193423,9.314302544,0.01048318845,0.9895168116,358.2131059,47.28934223,0.1122573193,0.01481959957,-0.01918078503,0.04881998417
real_20240707,real,2024-07-07,adapted,50,0.01513241442,44.59280558,1.926675588,3.71207882,0.001807800415,0.9981921996,361.9251847,48.28753443,0.1134206157,0.01513241442,-0.01886797018,0.04913279902
real_20240707,real,2024-07-07,adapted,51,0.01544451398,44.3451063,-0.7044910543,0.4963076455,0.004090316466,0.9959096835,362.4214924,49.28344411,0.1135761493,0.01544451398,-0.01855587062,0.04944489858
real_20240707,real,2024-07-07,adapted,52,0.01575758051,43.60503883,-2.136841257,4.566090557,0.001004715999,0.998995284,366.9875829,50.28243939,0.1150070771,0.01575758051,-0.01824280409,0.04975796511
real_20240707,real,2024-07-07,adapted,53,0.01606910368,43.47957219,0.1511591494,0.02284908845,0.005929539897,0.9940704601,367.010432,51.27650985,0.1150142375,0.01606910368,-0.01793128092,0.05006948828
real_20240707,real,2024-07-07,adapted,54,0.0163795138,43.24412343,1.997387923,3.989558515,0.009481323679,0.9905186763,370.9999905,52.26702853,0.1162644909,0.0163795138,-0.0176208708,0.0503798984
real_20240707,real,2024-07-07,adapted,55,0.01668871352,43.06474635,2.737257108,7.492576476,0.01334368659,0.9866563134,378.492567,53.25368484,0.1186125249,0.01668871352,-0.01731167108,0.05068909812
real_20240707,real,2024-07-07,adapted,56,0.01700002153,42.99456316,-0.4884890635,0.2386215652,0.006616155899,0.9933838441,378.7311886,54.24706869,0.1186873045,0.01700002153,-0.01700036307,0.05100040613
real_20240707,real,2024-07-07,adapted,57,0.01731204406,42.68634831,-1.567495373,2.457041744,0.004336086941,0.9956639131,381.1882303,55.2427326,0.1194572956,0.01731204406,-0.01668834054,0.05131242866
real_20240707,real,2024-07-07,adapted,58,0.01762454451,42.41762436,1.024186172,1.048957316,0.002811069008,0.997188931,382.2371876,56.23992153,0.1197860193,0.01762454451,-0.01637584009,0.05162492911
real_20240707,real,2024-07-07,adapted,59,0.01792134954,42.25202406,-0.069946058,0.00489245103,0.05289513484,0.9471048652,382.2420801,57.1870264,0.1197875525,0.01792134954,-0.01607903506,0.05192173415
real_20240707,real,2024-07-07,adapted,60,0.0182337223,41.96135217,0.6186861546,0.3827725579,0.003218537121,0.9967814629,382.6248526,58.18380786,0.1199075063,0.0182337223,-0.0157666623,0.0522341069
real_20240707,real,2024-07-07,adapted,61,0.0185390607,41.83206035,-0.7214406694,0.5204766395,0.02566515411,0.9743348459,383.1453293,59.15814271,0.120070614,0.0185390607,-0.0154613239,0.0525394453
real_20240707,real,2024-07-07,adapted,62,0.01884800221,41.60750524,1.770843131,3.135885395,0.01416766607,0.9858323339,386.2812147,60.14397504,0.1210533421,0.01884800221,-0.01515238239,0.05284838681
real_20240707,real,2024-07-07,adapted,63,0.01915629404,41.2290682,0.6398712617,0.4094352316,0.01624075788,0.9837592421,386.6906499,61.12773428,0.1211816515,0.01915629404,-0.01484409056,0.05315667864
real_20240707,real,2024-07-07,adapted,64,0.01944340168,41.17360609,-0.4690913209,0.2200466674,0.08383953402,0.916160466,386.9106966,62.04389475,0.12125061,0.01944340168,-0.01455698292,0.05344378628
real_20240707,real,2024-07-07,adapted,65,0.01973814848,41.10826338,0.9545174368,0.9111035372,0.059462951,0.940537049,387.8218001,62.9844318,0.1215361329,0.01973814848,-0.01426223612,0.05373853308
real_20240707,real,2024-07-07,adapted,66,0.02005086497,40.95841249,1.1105288,1.233274216,0.002121678931,0.9978783211,389.0550743,63.98231012,0.1219226181,0.02005086497,-0.01394951963,0.05405124957
real_20240707,real,2024-07-07,adapted,67,0.02035884036,40.83267367,0.05005434192,0.002505437145,0.01725052591,0.9827494741,389.0575798,64.96505959,0.1219234032,0.02035884036,-0.01364154424,0.05435922496
real_20240707,real,2024-07-07,adapted,68,0.02064198204,40.683054,-2.085173882,4.347950117,0.09649491477,0.9035050852,393.4055299,65.86856468,0.1232859699,0.02064198204,-0.01335840256,0.05464236664
real_20240707,real,2024-07-07,adapted,69,0.02090471129,40.49025855,2.235809237,4.998842946,0.1616309571,0.8383690429,398.4043728,66.70693372,0.1248525142,0.02090471129,-0.01309567331,0.05490509589
real_20240707,real,2024-07-07,adapted,70,0.02121711924,40.38578067,-2.985189612,8.911357021,0.003106222216,0.9968937778,407.3157298,67.7038275,0.1276451676,0.02121711924,-0.01278326536,0.05521750384
real_20240707,real,2024-07-07,adapted,71,0.02152896246,40.19853131,-1.872343469,3.505670065,0.004908283095,0.9950917169,410.8213999,68.69891922,0.1287437794,0.02152896246,-0.01247142214,0.05552934706
real_20240707,real,2024-07-07,adapted,72,0.02184128817,40.07428279,1.792570544,3.213309155,0.003368674242,0.9966313258,414.0347091,69.69555054,0.1297507706,0.02184128817,-0.01215909643,0.05584167277
real_20240707,real,2024-07-07,adapted,73,0.02215436784,39.91690667,0.5068519496,0.2568988988,0.0009627541747,0.9990372458,414.291608,70.69458779,0.129831278,0.02215436784,-0.01184601676,0.05615475244
real_20240707,real,2024-07-07,adapted,74,0.02246603292,39.87645473,-1.515600264,2.29704416,0.005476738433,0.9945232616,416.5886521,71.68911105,0.1305511288,0.02246603292,-0.01153435168,0.05646641752
real_20240707,real,2024-07-07,adapted,75,0.02277235236,39.67897796,-0.9082922781,0.8249948624,0.02253467187,0.9774653281,417.413647,72.66657638,0.1308096669,0.02277235236,-0.01122803224,0.05677273696
real_20240707,real,2024-07-07,adapted,76,0.02308270703,39.56523782,2.425273403,5.881951079,0.009658247549,0.9903417525,423.2955981,73.65691813,0.1326529608,0.02308270703,-0.01091767757,0.05708309163
real_20240707,real,2024-07-07,adapted,77,0.02339572872,39.44726473,-1.32139776,1.746092041,0.001147773638,0.9988522264,425.0416901,74.65577036,0.1332001536,0.02339572872,-0.01060465588,0.05739611332
real_20240707,real,2024-07-07,adapted,78,0.02370415939,39.37026269,-0.6089464478,0.3708157762,0.01579772821,0.9842022718,425.4125059,75.63997263,0.1333163604,0.02370415939,-0.01029622521,0.05770454399
real_20240707,real,2024-07-07,adapted,79,0.02401211416,39.17868537,2.057337156,4.232636173,0.017316349,0.982683651,429.6451421,76.62265628,0.1346427897,0.02401211416,-0.009988270442,0.05801249876
real_20240707,real,2024-07-07,adapted,80,0.0243232339,39.15983509,1.276788452,1.630188751,0.007216918047,0.992783082,431.2753308,77.61543936,0.1351536605,0.0243232339,-0.009677150705,0.0583236185
real_20240707,real,2024-07-07,adapted,81,0.02463629968,38.93889354,0.03184454777,0.001014075223,0.001007090735,0.9989929093,431.2763449,78.61443227,0.1351539783,0.02463629968,-0.009364084923,0.05863668428
real_20240707,real,2024-07-07,adapted,82,0.02494866196,38.78985931,0.1336853659,0.01787177706,0.003251947175,0.9967480528,431.2942167,79.61118032,0.135159579,0.02494866196,-0.009051722638,0.05894904656
real_20240707,real,2024-07-07,adapted,83,0.02526078121,38.70424328,-0.9881165239,0.9763742648,0.004027475303,0.9959725247,432.2705909,80.60715285,0.1354655565,0.02526078121,-0.008739603388,0.05926116581
real_20240707,real,2024-07-07,adapted,84,0.02557232437,38.58967455,1.475678667,2.177627528,0.005865772639,0.9941342274,434.4482185,81.60128707,0.1361479845,0.02557232437,-0.008428060227,0.05957270897
real_20240707,real,2024-07-07,adapted,85,0.02588410502,38.44565246,-2.176914888,4.738958431,0.00510795869,0.9948920413,439.1871769,82.59617912,0.1376330858,0.02588410502,-0.008116279581,0.05988448962
real_20240707,real,2024-07-07,adapted,86,0.02619741434,38.31351226,0.8512413012,0.7246117529,0.0002299455199,0.9997700545,439.9117886,83.59594917,0.1378601657,0.02619741434,-0.007802970257,0.06019779894
real_20240707,real,2024-07-07,adapted,87,0.02651033685,38.24086311,1.012659895,1.025480063,0.001464284229,0.9985357158,440.9372687,84.59448489,0.138181532,0.02651033685,-0.007490047751,0.06051072145
real_20240707,real,2024-07-07,adapted,88,0.02682221857,38.16157486,1.781332445,3.173145279,0.004785437379,0.9952145626,444.110414,85.58969945,0.1391759367,0.02682221857,-0.007178166033,0.06082260317
real_20240707,real,2024-07-07,adapted,89,0.02713207216,37.90399276,-1.310448986,1.717276546,0.01125719639,0.9887428036,445.8276905,86.57844225,0.1397140992,0.02713207216,-0.006868312444,0.06113245676
real_20240707,real,2024-07-07,adapted,90,0.02744316461,37.77477889,1.725244268,2.976467785,0.007303972369,0.9926960276,448.8041583,87.57113828,0.1406468688,0.02744316461,-0.006557219987,0.06144354921
real_20240707,real,2024-07-07,adapted,91,0.0277556602,37.64458804,-3.254091625,10.5891123,0.002826594985,0.997173405,459.3932706,88.56831168,0.1439652995,0.0277556602,-0.006244724404,0.0617560448
real_20240707,real,2024-07-07,adapted,92,0.02806860074,37.62353482,1.958061785,3.834005954,0.001406725144,0.9985932749,463.2272766,89.56690496,0.1451668056,0.02806860074,-0.005931783861,0.06206898534
real_20240707,real,2024-07-07,adapted,93,0.02838070043,37.42931835,-0.07621972454,0.005809446409,0.004089892119,0.9959101079,463.233086,90.56281507,0.1451686261,0.02838070043,-0.005619684172,0.06238108503
real_20240707,real,2024-07-07,adapted,94,0.02869364039,37.35957131,-0.5775250825,0.3335352209,0.00140858149,0.9985914185,463.5666212,91.56140649,0.1452731499,0.02869364039,-0.00530674421,0.06269402499
real_20240707,real,2024-07-07,adapted,95,0.02900394037,37.2853673,1.894567258,3.589385097,0.009832771062,0.9901672289,467.1560063,92.55157371,0.1463979963,0.02900394037,-0.004996444232,0.06300432497
real_20240707,real,2024-07-07,adapted,96,0.02931340243,37.17544586,-0.9040021538,0.817219894,0.01250657048,0.9874934295,467.9732262,93.53906714,0.1466540978,0.02931340243,-0.004686982173,0.06331378703
real_20240707,real,2024-07-07,adapted,97,0.02962466058,37.11431263,1.18281719,1.399056504,0.006775245874,0.9932247541,469.3722827,94.5322919,0.1470925361,0.02962466058,-0.004375724024,0.06362504518
real_20240707,real,2024-07-07,adapted,98,0.02993482234,36.89780469,-2.639578961,6.967377091,0.01027380657,0.9897261934,476.3396598,95.52201809,0.1492759824,0.02993482234,-0.004065562259,0.06393520694
real_20240707,real,2024-07-07,adapted,99,0.03024636661,36.85229478,-1.978587847,3.91480987,0.005862228503,0.9941377715,480.2544697,96.51615586,0.1505028109,0.03024636661,-0.003754017987,0.06424675121
real_20240707,real,2024-07-07,adapted,100,0.03055925977,36.76437988,-0.5729525847,0.3282746643,0.001557933702,0.9984420663,480.5827444,97.51459793,0.1506056861,0.03055925977,-0.003441124829,0.06455964437
real_20240707,real,2024-07-07,adapted,101,0.03087053724,36.70049991,1.285302314,1.652002038,0.006713603932,0.9932863961,482.2347464,98.50788433,0.1511233928,0.03087053724,-0.003129847362,0.06487092184
real_20240707,real,2024-07-07,adapted,102,0.03118270458,36.57593763,-1.846120901,3.408162381,0.003874009073,0.9961259909,485.6429088,99.50401032,0.1521914474,0.03118270458,-0.00281768002,0.06518308918
real_20240707,real,2024-07-07,adapted,103,0.03149491421,36.50226631,1.857390643,3.449900002,0.003739079767,0.9962609202,489.0928088,100.5002712,0.1532725819,0.03149491421,-0.002505470392,0.06549529881
real_20240707,real,2024-07-07,adapted,104,0.03180611701,36.35474024,1.877037473,3.523269675,0.006951859565,0.9930481404,492.6160784,101.4933194,0.154376709,0.03180611701,-0.002194267591,0.06580650161
real_20240707,real,2024-07-07,adapted,105,0.03211912133,36.16861974,-0.03747304846,0.001404229361,0.001203227034,0.998796773,492.6174827,102.4921162,0.1543771491,0.03211912133,-0.001881263275,0.06611950593
real_20240707,real,2024-07-07,adapted,106,0.03243047865,36.14683522,1.93962958,3.762162909,0.006458777031,0.993541223,496.3796456,103.4856574,0.1555561409,0.03243047865,-0.00156990595,0.06643086325
real_20240707,real,2024-07-07,adapted,107,0.032739829,35.97223502,1.983222408,3.933171119,0.01286303675,0.9871369633,500.3128167,104.4727943,0.1567887235,0.032739829,-0.001260555601,0.0667402136
real_20240707,real,2024-07-07,adapted,108,0.03305291086,35.93027385,2.597754472,6.748328298,0.0009557857473,0.9990442143,507.061145,105.4718386,0.158903524,0.03305291086,-0.0009474737413,0.06705329546
real_20240707,real,2024-07-07,adapted,109,0.03336445561,35.81429789,-0.2359052274,0.05565127632,0.005860692005,0.994139308,507.1167963,106.4659779,0.158920964,0.03336445561,-0.000635928988,0.06736484021
real_20240707,real,2024-07-07,adapted,110,0.03367232871,35.77918798,-1.29217203,1.669708556,0.01757695745,0.9824230426,508.7865048,107.4484009,0.1594442196,0.03367232871,-0.0003280558941,0.06767271331
real_20240707,real,2024-07-07,adapted,111,0.03398310579,35.6859958,-0.7639063873,0.5835529685,0.008310329985,0.99168967,509.3700578,108.4400906,0.1596270943,0.03398310579,-1.727881166e-05,0.06798349039
real_20240707,real,2024-07-07,adapted,112,0.03429523435,35.67399719,0.5922774841,0.3507926182,0.003997771885,0.9960022281,509.7208504,109.4360928,0.1597370261,0.03429523435,0.0002948497462,0.06829561895
real_20240707,real,2024-07-07,adapted,113,0.03460832633,35.51871257,-0.003667173887,1.344816432e-05,0.0009234737063,0.9990765263,509.7208639,110.4351693,0.1597370304,0.03460832633,0.0006079417319,0.06860871093
real_20240707,real,2024-07-07,adapted,114,0.03491937441,35.44831146,-1.444226887,2.085791302,0.007445571362,0.9925544286,511.8066552,111.4277238,0.1603906785,0.03491937441,0.0009189898136,0.06891975901
real_20240707,real,2024-07-07,adapted,115,0.03523228108,35.26750856,-0.4271717672,0.1824757187,0.00151482478,0.9984851752,511.9891309,112.4262089,0.160447863,0.03523228108,0.001231896481,0.06923266568
real_20240707,real,2024-07-07,adapted,116,0.03554358491,35.17024439,-0.8408142397,0.7069685856,0.006629487165,0.9933705128,512.6960995,113.4195794,0.1606694138,0.03554358491,0.001543200308,0.06954396951
real_20240707,real,2024-07-07,adapted,117,0.03585641233,35.13037235,0.4077023021,0.1662211672,0.001767713048,0.998232287,512.8623206,114.4178117,0.1607215044,0.03585641233,0.001856027725,0.06985679693
real_20240707,real,2024-07-07,adapted,118,0.0361659749,35.09368039,-0.791720627,0.6268215512,0.01218583635,0.9878141636,513.4891422,115.4056259,0.1609179386,0.0361659749,0.002165590296,0.0701663595
real_20240707,real,2024-07-07,adapted,119,0.03647921731,34.97108693,0.02197771989,0.0004830201714,0.0004434442346,0.9995565558,513.4896252,116.4051824,0.16091809,0.03647921731,0.002478832714,0.07047960191
real_20240707,real,2024-07-07,adapted,120,0.03678927701,34.87362563,-1.315066061,1.729398745,0.01059951093,0.9894004891,515.219024,117.3945829,0.1614600514,0.03678927701,0.002788892409,0.07078966161
real_20240707,real,2024-07-07,adapted,121,0.03710093207,34.73178782,1.878964309,3.530506874,0.005508698412,0.9944913016,518.7495308,118.3890742,0.1625664465,0.03710093207,0.003100547471,0.07110131667
real_20240707,real,2024-07-07,adapted,122,0.03741396902,34.70237139,-1.071575874,1.148274854,0.001099085442,0.9989009146,519.8978057,119.3879752,0.1629262945,0.03741396902,0.003413584423,0.07141435362
real_20240707,real,2024-07-07,adapted,123,0.03772708079,34.5944655,-1.77832107,3.16242583,0.0008603636854,0.9991396363,523.0602315,120.3871148,0.1639173399,0.03772708079,0.003726696186,0.07172746539
real_20240707,real,2024-07-07,adapted,124,0.03804012456,34.51066418,-1.449581436,2.10128634,0.0010773112,0.9989226888,525.1615179,121.3860375,0.1645758439,0.03804012456,0.004039739962,0.07204050916
real_20240707,real,2024-07-07,adapted,125,0.0383530484,34.47583857,1.094127231,1.197114397,0.001460028341,0.9985399717,526.3586323,122.3845775,0.1649509973,0.0383530484,0.004352663802,0.072353433
real_20240707,real,2024-07-07,adapted,126,0.03866615774,34.39710622,1.550231898,2.403218938,0.0008681072221,0.9991318928,528.7618512,123.3837093,0.1657041213,0.03866615774,0.004665773138,0.07266654234
real_20240707,real,2024-07-07,adapted,127,0.03897797826,34.24186347,1.214950002,1.476103507,0.00498071719,0.9950192828,530.2379547,124.3787286,0.1661667047,0.03897797826,0.004977593659,0.07297836286
real_20240707,real,2024-07-07,adapted,128,0.03929110943,34.1765984,1.263097367,1.595414958,0.0007984206955,0.9992015793,531.8333697,125.3779302,0.1666666781,0.03929110943,0.005290724834,0.07329149403
real_20240707,real,2024-07-07,adapted,129,0.03960435113,34.05699674,-0.0112350348,0.000126226007,0.0004457590078,0.999554241,531.8334959,126.3774844,0.1666667176,0.03960435113,0.005603966527,0.07360473573
real_20240707,real,2024-07-07,adapted,130,0.03991600331,33.89849863,-1.172070456,1.373749154,0.005517869963,0.99448213,533.207245,127.3719666,0.167097225,0.03991600331,0.005915618714,0.07391638791
real_20240707,real,2024-07-07,adapted,131,0.04022815492,33.82124135,0.5232389362,0.2737789843,0.003924235323,0.9960757647,533.481024,128.3680423,0.1671830223,0.04022815492,0.006227770317,0.07422853952
real_20240707,real,2024-07-07,adapted,132,0.04054039987,33.71997449,1.639891866,2.689245334,0.003626347092,0.9963736529,536.1702694,129.364416,0.1680257817,0.04054039987,0.006540015273,0.07454078447
real_20240707,real,2024-07-07,adapted,133,0.0408536351,33.69166823,0.8238806326,0.6787792968,0.0004664030375,0.999533597,536.8490487,130.3639496,0.1682384985,0.0408536351,0.006853250496,0.0748540197
real_20240707,real,2024-07-07,adapted,134,0.04116694409,33.65046739,-1.131282559,1.279800227,0.0002309975757,0.9997690024,538.1288489,131.3637186,0.168639564,0.04116694409,0.007166559491,0.07516732869
real_20240707,real,2024-07-07,adapted,135,0.04147950968,33.61106571,-0.307878683,0.09478928347,0.002603199877,0.9973968001,538.2236382,132.3611154,0.1686692692,0.04147950968,0.007479125081,0.07547989428
real_20240707,real,2024-07-07,adapted,136,0.04179280303,33.53969315,-1.682608353,2.831170868,0.00028091359,0.9997190864,541.054809,133.3608345,0.1695565055,0.04179280303,0.007792418433,0.07579318763
real_20240707,real,2024-07-07,adapted,137,0.04210510717,33.42570606,-1.581976753,2.502650448,0.003437509133,0.9965624909,543.5574595,134.357397,0.1703407896,0.04210510717,0.008104722567,0.07610549177
real_20240707,real,2024-07-07,adapted,138,0.04241798213,33.382289,-0.3938293427,0.1551015512,0.00161598954,0.9983840105,543.712561,135.355781,0.1703893955,0.04241798213,0.008417597531,0.07641836673
real_20240707,real,2024-07-07,adapted,139,0.04273098863,33.33850337,-1.363396689,1.858850532,0.001196252134,0.9988037479,545.5714116,136.3545847,0.1709719247,0.04273098863,0.008730604033,0.07673137323
real_20240707,real,2024-07-07,adapted,140,0.04304353926,33.26290424,-2.969898665,8.820298083,0.002650937236,0.9973490628,554.3917096,137.3519338,0.1737360419,0.04304353926,0.009043154664,0.07704392386
real_20240707,real,2024-07-07,adapted,141,0.04335649532,33.20566533,-0.4367935195,0.1907885787,0.001357210306,0.9986427897,554.5824982,138.3505766,0.1737958315,0.04335649532,0.009356110725,0.07735687993
real_20240707,real,2024-07-07,adapted,142,0.04366895158,33.04010059,-0.4904613383,0.2405523244,0.002952091055,0.9970479089,554.8230506,139.3476245,0.1738712161,0.04366895158,0.009668566979,0.07766933618
real_20240707,real,2024-07-07,adapted,143,0.0439815319,32.94141424,0.07304097252,0.005334983667,0.002556198697,0.9974438013,554.8283855,140.3450683,0.173872888,0.0439815319,0.0099811473,0.0779819165
real_20240707,real,2024-07-07,adapted,144,0.04429474381,32.91773384,-1.075358532,1.156395973,0.0005408088811,0.9994591911,555.9847815,141.3445275,0.1742352809,0.04429474381,0.01029435921,0.07829512841
real_20240707,real,2024-07-07,adapted,145,0.04460722243,32.84422975,-2.159313151,4.662633285,0.002880699747,0.9971193003,560.6474148,142.3416468,0.1756964634,0.04460722243,0.01060683783,0.07860760703
real_20240707,real,2024-07-07,adapted,146,0.04491927976,32.70001526,1.811692159,3.28222848,0.004225065682,0.9957749343,563.9296433,143.3374217,0.1767250527,0.04491927976,0.01091889516,0.07891966436
real_20240707,real,2024-07-07,adapted,147,0.04523111279,32.65526569,-2.437965055,5.943673608,0.004940805408,0.9950591946,569.8733169,144.3324809,0.1785876894,0.04523111279,0.01123072819,0.07923149739
real_20240707,real,2024-07-07,adapted,148,0.04554404572,32.62882992,0.6275855299,0.3938635974,0.001431017059,0.9985689829,570.2671805,145.3310499,0.1787111189,0.04554404572,0.01154366112,0.07954443032
real_20240707,real,2024-07-07,adapted,149,0.04585697083,32.51711835,-0.06563806934,0.004308356147,0.001455968584,0.9985440314,570.2714888,146.3295939,0.1787124691,0.04585697083,0.01185658623,0.07985735543
real_20240707,real,2024-07-07,adapted,150,0.04616994784,32.47377168,-0.7295341812,0.5322201216,0.001290356376,0.9987096436,570.803709,147.3283036,0.178879257,0.04616994784,0.01216956324,0.08017033244
real_20240707,real,2024-07-07,adapted,151,0.04648198166,32.31132396,0.4912487929,0.2413253765,0.00430010171,0.9956998983,571.0450343,148.3240035,0.1789548838,0.04648198166,0.01248159706,0.08048236626
real_20240707,real,2024-07-07,adapted,152,0.04679486534,32.29058919,1.03917096,1.079876283,0.001588155195,0.9984118448,572.1249106,149.3224153,0.179293297,0.04679486534,0.01279448074,0.08079524994
real_20240707,real,2024-07-07,adapted,153,0.047108168,32.23885801,-0.4141528105,0.1715225504,0.0002512372528,0.9997487627,572.2964332,150.3221641,0.1793470489,0.047108168,0.0131077834,0.0811085526
real_20240707,real,2024-07-07,adapted,154,0.04742121987,32.22208347,-1.427142602,2.036736008,0.001051466493,0.9989485335,574.3331692,151.3211126,0.1799853241,0.04742121987,0.01342083527,0.08142160447
real_20240707,real,2024-07-07,adapted,155,0.04773400261,32.13914645,1.05993011,1.123451838,0.001910282251,0.9980897177,575.456621,152.3192023,0.180337393,0.04773400261,0.01373361801,0.08173438721
real_20240707,real,2024-07-07,adapted,156,0.04804717666,32.00823856,0.6359333958,0.4044112839,0.0006616034358,0.9993383966,575.8610323,153.3185407,0.180464128,0.04804717666,0.01404679206,0.08204756126
real_20240707,real,2024-07-07,adapted,157,0.04836005611,31.92089089,1.263357405,1.596071932,0.00160167867,0.9983983213,577.4571042,154.316939,0.1809643072,0.04836005611,0.01435967151,0.08236044071
real_20240707,real,2024-07-07,adapted,158,0.04867289555,31.87311088,0.7804375457,0.6090827627,0.001729346317,0.9982706537,578.066187,155.3152097,0.1811551824,0.04867289555,0.01467251095,0.08267328015
real_20240707,real,2024-07-07,adapted,159,0.04898454071,31.85669575,0.8568375331,0.7341705581,0.005540298837,0.9944597012,578.8003575,156.3096694,0.1813852578,0.04898454071,0.01498415611,0.08298492531
real_20240707,real,2024-07-07,adapted,160,0.04929592518,31.75833661,2.255191362,5.085888079,0.006372150918,0.9936278491,583.8862456,157.3032972,0.1829790804,0.04929592518,0.01529554058,0.08329630978
real_20240707,real,2024-07-07,adapted,161,0.0496089999,31.75008911,1.811254198,3.280641771,0.0009785556955,0.9990214443,587.1668874,158.3023187,0.1840071725,0.0496089999,0.0156086153,0.0836093845
real_20240707,real,2024-07-07,adapted,162,0.04992145872,31.60834972,0.5979170314,0.3575047764,0.002943917249,0.9970560828,587.5243922,159.2993748,0.1841192078,0.04992145872,0.01592107412,0.08392184332
real_20240707,real,2024-07-07,adapted,163,0.05023478253,31.54101413,0.5357072931,0.2869823039,0.0001837242316,0.9998162758,587.8113745,160.2991911,0.1842091427,0.05023478253,0.01623439793,0.08423516713
real_20240707,real,2024-07-07,adapted,164,0.05054694028,31.50497923,0.9132813605,0.8340828434,0.003904609615,0.9960953904,588.6454573,161.2952864,0.1844705288,0.05054694028,0.01654655568,0.08454732488
real_20240707,real,2024-07-07,adapted,165,0.05085878165,31.41584825,0.510057121,0.2601582667,0.004914183875,0.9950858161,588.9056156,162.2903723,0.1845520575,0.05085878165,0.01685839705,0.08485916625
real_20240707,real,2024-07-07,adapted,166,0.05117181899,31.37146075,0.4160667076,0.1731115052,0.001097848477,0.9989021515,589.0787271,163.2892744,0.1846063075,0.05117181899,0.01717143439,0.08517220359
real_20240707,real,2024-07-07,adapted,167,0.05148413598,31.28196055,-0.2610891443,0.06816754127,0.003396485454,0.9966035145,589.1468946,164.2858779,0.1846276699,0.05148413598,0.01748375138,0.08548452058
real_20240707,real,2024-07-07,adapted,168,0.0517974474,31.19639579,-1.760518017,3.099423687,0.0002232610854,0.9997767389,592.2463183,165.2856547,0.1855989716,0.0517974474,0.0177970628,0.085797832
real_20240707,real,2024-07-07,adapted,169,0.05210970654,31.16880828,-1.020922269,1.042282279,0.00358108737,0.9964189126,593.2886006,166.2820736,0.1859256034,0.05210970654,0.01810932194,0.08611009114
real_20240707,real,2024-07-07,adapted,170,0.05242259694,31.13984269,0.3529324314,0.1245613012,0.001566756579,0.9984332434,593.4131619,167.2805068,0.1859646386,0.05242259694,0.01842221233,0.08642298154
real_20240707,real,2024-07-07,adapted,171,0.05273499327,31.0508182,-1.097222193,1.203896542,0.003143293618,0.9968567064,594.6170584,168.2773635,0.1863419174,0.05273499327,0.01873460867,0.08673537787
real_20240707,real,2024-07-07,adapted,172,0.05304815615,30.98668732,-0.8376849449,0.701716067,0.0006972469336,0.9993027531,595.3187745,169.2766663,0.1865618222,0.05304815615,0.01904777155,0.08704854075
real_20240707,real,2024-07-07,adapted,173,0.05336112565,30.92985781,-0.1797538934,0.0323114622,0.001314342157,0.9986856578,595.351086,170.2753519,0.186571948,0.05336112565,0.01936074105,0.08736151025
real_20240707,real,2024-07-07,adapted,174,0.0536737561,30.8576372,-0.3679054598,0.1353544273,0.00239621056,0.9976037894,595.4864404,171.2729557,0.1866143655,0.0536737561,0.0196733715,0.0876741407
real_20240707,real,2024-07-07,adapted,175,0.05398666905,30.7903455,-0.9319765692,0.8685803256,0.001494791338,0.9985052087,596.3550207,172.2714609,0.1868865624,0.05398666905,0.01998628445,0.08798705365
real_20240707,real,2024-07-07,adapted,176,0.05429958048,30.65992342,0.5186449558,0.2689925902,0.001499625867,0.9985003741,596.6240133,173.2699613,0.1869708597,0.05429958048,0.02029919588,0.08829996508
real_20240707,real,2024-07-07,adapted,177,0.05461197945,30.5845599,0.1105264186,0.0122160892,0.00313488656,0.9968651134,596.6362294,174.2668264,0.186974688,0.05461197945,0.02061159485,0.08861236405
real_20240707,real,2024-07-07,adapted,178,0.05492475477,30.50606564,0.9451953654,0.8933942788,0.001933955894,0.9980660441,597.5296237,175.2648925,0.1872546611,0.05492475477,0.02092437017,0.08892513937
real_20240707,real,2024-07-07,adapted,179,0.05523803364,30.48284943,-1.938284805,3.756947986,0.000327133601,0.9996728664,601.2865717,176.2645653,0.1884320187,0.05523803364,0.02123764904,0.08923841824
real_20240707,real,2024-07-07,adapted,180,0.05555073715,30.44057696,-0.1286655946,0.01655483523,0.002163071687,0.9978369283,601.3031265,177.2624023,0.1884372067,0.05555073715,0.02155035255,0.08955112176
real_20240707,real,2024-07-07,adapted,181,0.05586245398,30.36092607,1.050150697,1.102816486,0.00531160017,0.9946883998,602.405943,178.2570907,0.1887828088,0.05586245398,0.02186206938,0.08986283858
real_20240707,real,2024-07-07,adapted,182,0.05617526859,30.32567324,0.2138138488,0.04571636196,0.001808589795,0.9981914102,602.4516594,179.2552821,0.1887971355,0.05617526859,0.02217488399,0.09017565319
real_20240707,real,2024-07-07,adapted,183,0.05648828167,30.31297463,0.2568516703,0.06597278054,0.001175251469,0.9988247485,602.5176321,180.2541068,0.1888178101,0.05648828167,0.02248789707,0.09048866627
real_20240707,real,2024-07-07,adapted,184,0.05680024168,30.19351673,-1.036004936,1.073306228,0.004535615586,0.9954643844,603.5909384,181.2495712,0.1891541643,0.05680024168,0.02279985708,0.09080062628
real_20240707,real,2024-07-07,adapted,185,0.05711192964,30.11592204,-0.1314366029,0.01727558057,0.005403709167,0.9945962908,603.6082139,182.2441675,0.1891595782,0.05711192964,0.02311154504,0.09111231424
real_20240707,real,2024-07-07,adapted,186,0.05742439369,30.09105375,-1.199208797,1.43810174,0.002927235538,0.9970727645,605.0463157,183.2412403,0.1896102525,0.05742439369,0.02342400909,0.09142477829
real_20240707,real,2024-07-07,adapted,187,0.05773704115,30.0506859,0.2230124015,0.04973453124,0.002341951722,0.9976580483,605.0960502,184.2388983,0.1896258384,0.05773704115,0.02373665655,0.09173742575
real_20240707,real,2024-07-07,adapted,188,0.05804995134,29.99897944,0.394062531,0.1552852784,0.001503593653,0.9984964063,605.2513355,185.2373947,0.1896745019,0.05804995134,0.02404956674,0.09205033594
real_20240707,real,2024-07-07,adapted,189,0.05836301604,29.95023132,-1.981779311,3.927449237,0.001010533976,0.998989466,609.1787847,186.2363842,0.1909052914,0.05836301604,0.02436263144,0.09236340064
real_20240707,real,2024-07-07,adapted,190,0.05867601693,29.86847644,-0.6244631619,0.3899542406,0.0012141441,0.9987858559,609.568739,187.23517,0.1910274958,0.05867601693,0.02467563233,0.09267640153
real_20240707,real,2024-07-07,adapted,191,0.05898928261,29.80600857,-1.710669754,2.926391007,0.0003692334467,0.9996307666,612.49513,188.2348008,0.1919445722,0.05898928261,0.02498889801,0.09298966721
real_20240707,real,2024-07-07,adapted,192,0.0593017487,29.72410472,-0.8262176123,0.682635543,0.002920685689,0.9970793143,613.1777655,189.2318801,0.1921584975,0.0593017487,0.0253013641,0.09330213331
real_20240707,real,2024-07-07,adapted,193,0.05961497433,29.63039707,-0.2612039187,0.06822748712,0.0004970273495,0.9995029727,613.245993,190.2313831,0.1921798787,0.05961497433,0.02561458973,0.09361535893
real_20240707,real,2024-07-07,adapted,194,0.05992778345,29.59016897,0.5340701664,0.2852309427,0.001826094175,0.9981739058,613.5312239,191.229557,0.1922692648,0.05992778345,0.02592739885,0.09392816805
real_20240707,real,2024-07-07,adapted,195,0.06024056117,29.53897759,2.787562847,7.770506625,0.001926306542,0.9980736935,621.3017306,192.2276307,0.1947043969,0.06024056117,0.02624017657,0.09424094577
real_20240707,real,2024-07-07,adapted,196,0.06055317704,29.49688423,0.1990830556,0.03963406302,0.002442741579,0.9975572584,621.3413646,193.2251879,0.1947168175,0.06055317704,0.02655279244,0.09455356164
real_20240707,real,2024-07-07,adapted,197,0.06086563132,29.34958565,-0.815653329,0.6652903532,0.002958395477,0.9970416045,622.006655,194.2222296,0.1949253071,0.06086563132,0.02686524672,0.09486601592
real_20240707,real,2024-07-07,adapted,198,0.06117833955,29.34010538,-0.3597911049,0.1294496392,0.002148039616,0.9978519604,622.1361046,195.2200815,0.1949658742,0.06117833955,0.02717795495,0.09517872415
real_20240707,real,2024-07-07,adapted,199,0.06149074169,29.27617673,-1.532184447,2.347589178,0.003124768188,0.9968752318,624.4836938,196.2169567,0.195701565,0.06149074169,0.02749035709,0.09549112629
real_20240707,real,2024-07-07,adapted,200,0.06180386667,29.20531804,-1.302160004,1.695620676,0.0008181915323,0.9991818085,626.1793145,197.2161386,0.1962329409,0.06180386667,0.02780348207,0.09580425127
real_20240707,real,2024-07-07,adapted,201,0.06211644725,29.19151059,-0.5106855482,0.2607997292,0.002555364243,0.9974446358,626.4401142,198.2135832,0.1963146707,0.06211644725,0.02811606265,0.09611683185
real_20240707,real,2024-07-07,adapted,202,0.06242959148,29.15485576,0.5401647988,0.2917780099,0.0007567883988,0.9992432116,626.7318922,199.2128264,0.1964061085,0.06242959148,0.02842920688,0.09642997608
real_20240707,real,2024-07-07,adapted,203,0.06274224396,29.09188537,0.5056795756,0.2557118332,0.002325929046,0.997674071,626.9876041,200.2105005,0.1964862438,0.06274224396,0.02874185936,0.09674262856
real_20240707,real,2024-07-07,adapted,204,0.06305542427,29.06021714,-1.251344797,1.565863802,0.0006416306361,0.9993583694,628.5534679,201.2098588,0.1969769564,0.06305542427,0.02905503967,0.09705580887
real_20240707,real,2024-07-07,adapted,205,0.06336835488,28.99231862,-1.199468962,1.438725791,0.001438423667,0.9985615763,629.9921936,202.2084204,0.1974278263,0.06336835488,0.02936797028,0.09736873948
real_20240707,real,2024-07-07,adapted,206,0.06368098218,28.95358725,-0.8074477045,0.6519717955,0.002406287776,0.9975937122,630.6441654,203.2060141,0.1976321421,0.06368098218,0.02968059758,0.09768136678
real_20240707,real,2024-07-07,adapted,207,0.06399326754,28.914329,-0.05292983546,0.002801567482,0.003497418943,0.9965025811,630.646967,204.2025167,0.1976330201,0.06399326754,0.02999288294,0.09799365214
real_20240707,real,2024-07-07,adapted,208,0.06430544136,28.74208563,-1.844686406,3.402867938,0.003853324681,0.9961466753,634.0498349,205.1986634,0.1986994155,0.06430544136,0.03030505676,0.09830582596
real_20240707,real,2024-07-07,adapted,209,0.06461808688,28.73232327,0.4323298772,0.1869091228,0.002348136189,0.9976518638,634.2367441,206.1963152,0.1987579894,0.06461808688,0.03061770228,0.09861847148
real_20240707,real,2024-07-07,adapted,210,0.06493119315,28.6939294,0.02444737841,0.0005976743109,0.0008779061476,0.9991220939,634.2373417,207.1954373,0.1987581767,0.06493119315,0.03093080855,0.09893157775
real_20240707,real,2024-07-07,adapted,211,0.065244274,28.64861567,-1.21730324,1.481827178,0.0009590164934,0.9990409835,635.7191689,208.1944783,0.1992225537,0.065244274,0.0312438894,0.0992446586
real_20240707,real,2024-07-07,adapted,212,0.06555753605,28.53262199,-1.053624027,1.11012359,0.0003807993185,0.9996192007,636.8292925,209.1940975,0.1995704458,0.06555753605,0.03155715145,0.09955792065
real_20240707,real,2024-07-07,adapted,213,0.0658705912,28.48348944,-2.091958425,4.376290052,0.001041015569,0.9989589844,641.2055826,210.1930565,0.2009418936,0.0658705912,0.0318702066,0.0998709758
real_20240707,real,2024-07-07,adapted,214,0.06618381879,28.43310659,0.2373275164,0.05632435004,0.0004907686613,0.9995092313,641.2619069,211.1925657,0.2009595446,0.06618381879,0.03218343418,0.1001842034
real_20240707,real,2024-07-07,adapted,215,0.0664963081,28.40473529,2.556062741,6.533456734,0.002846608929,0.9971533911,647.7953637,212.1897191,0.2030070084,0.0664963081,0.0324959235,0.1004966927
real_20240707,real,2024-07-07,adapted,216,0.0668086137,28.3754128,-0.2218489339,0.04921694948,0.003432804265,0.9965671957,647.8445806,213.1862863,0.203022432,0.0668086137,0.0328082291,0.1008089983
real_20240707,real,2024-07-07,adapted,217,0.06712072707,28.32826148,-1.210760771,1.465941646,0.004046252211,0.9959537478,649.3105222,214.1822401,0.2034818309,0.06712072707,0.03312034247,0.1011211117
real_20240707,real,2024-07-07,adapted,218,0.06743322193,28.25801543,-0.886956896,0.7866925353,0.002828907403,0.9971710926,650.0972148,215.1794112,0.2037283656,0.06743322193,0.03343283733,0.1014336065
real_20240707,real,2024-07-07,adapted,219,0.06774630211,28.24330221,1.079704657,1.165762147,0.0009611228034,0.9990388772,651.2629769,216.17845,0.2040936938,0.06774630211,0.03374591751,0.1017466867
real_20240707,real,2024-07-07,adapted,220,0.06805895756,28.157679,-0.3112397486,0.09687018109,0.002316482597,0.9976835174,651.3598471,217.1761336,0.2041240511,0.06805895756,0.03405857296,0.1020593422
real_20240707,real,2024-07-07,adapted,221,0.06837086554,28.12621045,1.194134308,1.425956746,0.004701613859,0.9952983861,652.7858039,218.171432,0.2045709194,0.06837086554,0.03437048094,0.1023712501
real_20240707,real,2024-07-07,adapted,222,0.06868399169,28.06291267,0.4882884419,0.2384256025,0.0008144640163,0.999185536,653.0242295,219.1706175,0.2046456376,0.06868399169,0.03468360709,0.1026843763
real_20240707,real,2024-07-07,adapted,223,0.06899718298,28.03882449,1.654253618,2.736555032,0.0006065846862,0.9993934153,655.7607845,220.1700109,0.205503223,0.06899718298,0.03499679838,0.1029975676
real_20240707,real,2024-07-07,adapted,224,0.0693090755,28.01385196,0.0812328025,0.006598768202,0.00475098889,0.9952490111,655.7673833,221.1652599,0.2055052909,0.0693090755,0.0353086909,0.1033094601
real_20240707,real,2024-07-07,adapted,225,0.06962243689,27.93586842,-1.155508994,1.335201035,6.378974215e-05,0.9999362103,657.1025843,222.1651961,0.205923718,0.06962243689,0.03562205229,0.1036228215
real_20240707,real,2024-07-07,adapted,226,0.06993524766,27.90740141,-0.7366979332,0.5427238448,0.001820828143,0.9981791719,657.6453081,223.1633753,0.2060937976,0.06993524766,0.03593486306,0.1039356323
real_20240707,real,2024-07-07,adapted,227,0.0702483955,27.8655752,1.025541457,1.05173528,0.0007452565716,0.9992547434,658.6970434,224.16263,0.2064233919,0.0702483955,0.0362480109,0.1042487801
real_20240707,real,2024-07-07,adapted,228,0.07056149344,27.80013537,0.433614683,0.1880216933,0.0009044629791,0.999095537,658.8850651,225.1617256,0.2064823144,0.07056149344,0.03656110884,0.104561878
real_20240707,real,2024-07-07,adapted,229,0.07087447722,27.76873156,-0.1868001598,0.03489429972,0.001268781097,0.9987312189,658.9199594,226.1604568,0.2064932496,0.07087447722,0.03687409262,0.1048748618
real_20240707,real,2024-07-07,adapted,230,0.07118764026,27.71859295,-0.3455175106,0.1193823501,0.0006967229498,0.9993032771,659.0393418,227.1597601,0.2065306618,0.07118764026,0.03718725566,0.1051880249
real_20240707,real,2024-07-07,adapted,231,0.07150023859,27.66640804,-1.807829793,3.26824856,0.002498746067,0.9975012539,662.3075903,228.1572613,0.20755487,0.07150023859,0.03749985399,0.1055006232
real_20240707,real,2024-07-07,adapted,232,0.0718133343,27.57888088,0.3545739539,0.1257226888,0.0009115826404,0.9990884174,662.433313,229.1563497,0.2075942692,0.0718133343,0.0378129497,0.1058137189
real_20240707,real,2024-07-07,adapted,233,0.07212568116,27.56501595,-0.5611591509,0.3148995927,0.003301151363,0.9966988486,662.7482126,230.1530486,0.2076929529,0.07212568116,0.03812529656,0.1061260658
real_20240707,real,2024-07-07,adapted,234,0.07243871397,27.51559464,0.2004983283,0.04019957966,0.00111229919,0.9988877008,662.7884122,231.1519363,0.2077055507,0.07243871397,0.03843832937,0.1064390986
real_20240707,real,2024-07-07,adapted,235,0.07275190259,27.4236402,-1.885427874,3.554838267,0.0006151370931,0.9993848629,666.3432504,232.1513212,0.2088195708,0.07275190259,0.03875151799,0.1067522872
real_20240707,real,2024-07-07,adapted,236,0.07306507022,27.37837059,1.656514155,2.744039145,0.0006820924665,0.9993179075,669.0872896,233.1506391,0.2096795016,0.07306507022,0.03906468562,0.1070654548
real_20240707,real,2024-07-07,adapted,237,0.07337839162,27.35048203,-0.4237050607,0.1795259785,0.0001914019306,0.9998085981,669.2668156,234.1504477,0.2097357617,0.07337839162,0.03937800702,0.1073787762
real_20240707,real,2024-07-07,adapted,238,0.07369161815,27.27136792,-1.096037158,1.201297452,0.000494158808,0.9995058412,670.468113,235.1499535,0.210112226,0.07369161815,0.03969123355,0.1076920027
real_20240707,real,2024-07-07,adapted,239,0.07400350535,27.25142021,-0.160908527,0.02589155407,0.004767941978,0.995232058,670.4940046,236.1451856,0.2101203399,0.07400350535,0.04000312075,0.1080038899
real_20240707,real,2024-07-07,adapted,240,0.07431669853,27.22411035,-1.283947822,1.64852201,0.0006005657635,0.9993994342,672.1425266,237.144585,0.210636956,0.07431669853,0.04031631393,0.1083170831
real_20240707,real,2024-07-07,adapted,241,0.07462999069,27.19596536,-0.1223450907,0.01496832122,0.0002847138868,0.9997152861,672.1574949,238.1443003,0.2106416468,0.07462999069,0.04062960609,0.1086303753
real_20240707,real,2024-07-07,adapted,242,0.07494271464,27.12286105,0.9706305554,0.942123675,0.002097853783,0.9979021462,673.0996186,239.1422024,0.2109368908,0.07494271464,0.04094233004,0.1089430992
real_20240707,real,2024-07-07,adapted,243,0.07525594502,27.08563561,-1.708530346,2.919075945,0.000481879247,0.9995181208,676.0186945,240.1417205,0.2118516749,0.07525594502,0.04125556042,0.1092563296
real_20240707,real,2024-07-07,adapted,244,0.07556926121,27.05148547,-0.7727537082,0.5971482936,0.0002080234346,0.9997919766,676.6158428,241.1415125,0.21203881,0.07556926121,0.04156887661,0.1095696458
real_20240707,real,2024-07-07,adapted,245,0.07588221784,27.01700247,-1.005279603,1.010587079,0.001355406454,0.9986445935,677.6264299,242.1401571,0.2123555092,0.07588221784,0.04188183324,0.1098826024
real_20240707,real,2024-07-07,adapted,246,0.07619493025,26.90263976,-1.488885297,2.216779426,0.002134674089,0.9978653259,679.8432093,243.1380224,0.2130502066,0.07619493025,0.04219454565,0.1101953149
real_20240707,real,2024-07-07,adapted,247,0.07650803956,26.85789258,-0.8661169347,0.7501585446,0.0008682022828,0.9991317977,680.5933679,244.1371542,0.2132852923,0.07650803956,0.04250765496,0.1105084242
real_20240707,real,2024-07-07,adapted,248,0.07682079093,26.8465919,-0.39570501,0.1565824549,0.002010389148,0.9979896109,680.7499503,245.1351439,0.2133343624,0.07682079093,0.04282040633,0.1108211755
real_20240707,real,2024-07-07,adapted,249,0.07713378555,26.78775556,1.142752818,1.305884004,0.001234177618,0.9987658224,682.0558343,246.1339097,0.2137436021,0.07713378555,0.04313340094,0.1111341701
real_20240707,real,2024-07-07,adapted,250,0.07744653224,26.74642667,1.13108778,1.279359566,0.002025286045,0.997974714,683.3351939,247.1318844,0.2141445296,0.07744653224,0.04344614764,0.1114469168
real_20240707,real,2024-07-07,adapted,251,0.07775925309,26.69024231,-1.083464471,1.173895259,0.002107770689,0.9978922293,684.5090892,248.1297766,0.2145124065,0.07775925309,0.04375886849,0.1117596377
real_20240707,real,2024-07-07,adapted,252,0.07807249718,26.63563731,-0.02736219503,0.0007486897167,0.0004381030093,0.999561897,684.5098378,249.1293385,0.2145126411,0.07807249718,0.04407211258,0.1120728818
real_20240707,real,2024-07-07,adapted,253,0.07838461452,26.59405539,0.05104359574,0.002605448666,0.004033585685,0.9959664143,684.5124433,250.1253049,0.2145134576,0.07838461452,0.04438422992,0.1123849991
real_20240707,real,2024-07-07,adapted,254,0.07869674913,26.57198076,0.2600816427,0.06764246087,0.003978466758,0.9960215332,684.5800858,251.1213265,0.2145346555,0.07869674913,0.04469636453,0.1126971337
real_20240707,real,2024-07-07,adapted,255,0.07900956984,26.55125897,0.9857914415,0.9717847662,0.001789087297,0.9982109127,685.5518705,252.1195374,0.2148391948,0.07900956984,0.04500918524,0.1130099544
real_20240707,real,2024-07-07,adapted,256,0.07932278838,26.50589803,0.3593163454,0.1291082361,0.0005196412352,0.9994803588,685.6809788,253.1190177,0.2148796549,0.07932278838,0.04532240378,0.113323173
real_20240707,real,2024-07-07,adapted,257,0.07963584703,26.44663111,-0.4627084191,0.2140990811,0.00102986679,0.9989701332,685.8950778,254.1179879,0.2149467496,0.07963584703,0.04563546243,0.1136362316
real_20240707,real,2024-07-07,adapted,258,0.07994818035,26.37094252,-1.465317988,2.147156805,0.003344379352,0.9966556206,688.0422346,255.1146435,0.2156196285,0.07994818035,0.04594779575,0.1139485649
real_20240707,real,2024-07-07,adapted,259,0.08026087842,26.36288935,-0.3555130528,0.1263895307,0.002180442256,0.9978195577,688.1686242,256.112463,0.2156592367,0.08026087842,0.04626049382,0.114261263
real_20240707,real,2024-07-07,adapted,260,0.08057414736,26.32898314,1.758343972,3.091773524,0.0003588071763,0.9996411928,691.2603977,257.1121042,0.2166281409,0.08057414736,0.04657376276,0.114574532
real_20240707,real,2024-07-07,adapted,261,0.08088668911,26.27026381,1.838811141,3.381226412,0.002679288629,0.9973207114,694.6416241,258.1094249,0.2176877543,0.08088668911,0.04688630451,0.1148870737
real_20240707,real,2024-07-07,adapted,262,0.08119962506,26.17760866,-0.5643678872,0.3185111121,0.001421388348,0.9985786117,694.9601352,259.1080036,0.2177875698,0.08119962506,0.04719924046,0.1152000097
real_20240707,real,2024-07-07,adapted,263,0.08151237613,26.15857622,-0.5644238924,0.3185743303,0.002011328318,0.9979886717,695.2787096,260.1059922,0.2178874051,0.08151237613,0.04751199153,0.1155127607
real_20240707,real,2024-07-07,adapted,264,0.08182488633,26.1400126,0.1296068432,0.0167979338,0.002779951663,0.9972200483,695.2955075,261.1032123,0.2178926692,0.08182488633,0.04782450173,0.1158252709
real_20240707,real,2024-07-07,adapted,265,0.08213772171,26.11160127,-0.01914902483,0.0003666851519,0.00174231517,0.9982576848,695.2958742,262.10147,0.2178927841,0.08213772171,0.04813733711,0.1161381063
real_20240707,real,2024-07-07,adapted,266,0.08245058829,26.06394143,-0.8206054365,0.6733932825,0.001642748401,0.9983572516,695.9692675,263.0998272,0.2181038131,0.08245058829,0.04845020368,0.1164509729
real_20240707,real,2024-07-07,adapted,267,0.0827636511,25.99288261,0.4966586556,0.2466698202,0.001016551236,0.9989834488,696.2159373,264.0988107,0.2181811148,0.0827636511,0.0487632665,0.1167640357
real_20240707,real,2024-07-07,adapted,268,0.08307678674,25.95378364,-0.4131468573,0.1706903257,0.0007841922481,0.9992158078,696.3866276,265.0980265,0.218234606,0.08307678674,0.04907640214,0.1170771713
real_20240707,real,2024-07-07,adapted,269,0.0833899104,25.92728052,2.036444656,4.147106838,0.0008223819841,0.999177618,700.5337344,266.0972041,0.219534232,0.0833899104,0.0493895258,0.117390295
real_20240707,real,2024-07-07,adapted,270,0.08370250785,25.89204138,-2.167763626,4.699199136,0.002501552705,0.9974984473,705.2329336,267.0947025,0.2210068736,0.08370250785,0.04970212325,0.1177028924
real_20240707,real,2024-07-07,adapted,271,0.08401508987,25.83485778,1.259238728,1.585682174,0.002550774621,0.9974492254,706.8186157,268.0921518,0.2215037969,0.08401508987,0.05001470527,0.1180154745
real_20240707,real,2024-07-07,adapted,272,0.08432654562,25.80009596,-0.1058532273,0.01120490573,0.006144706556,0.9938552934,706.8298207,269.0860071,0.2215073083,0.08432654562,0.05032616102,0.1183269302
real_20240707,real,2024-07-07,adapted,273,0.08463855643,25.75381844,0.6694830948,0.4482076142,0.00437348297,0.995626517,707.2780283,270.0816336,0.2216477682,0.08463855643,0.05063817183,0.118638941
real_20240707,real,2024-07-07,adapted,274,0.08495117021,25.73313085,0.6311246231,0.3983182899,0.002449425333,0.9975505747,707.6763466,271.0791842,0.2217725937,0.08495117021,0.05095078561,0.1189515548
real_20240707,real,2024-07-07,adapted,275,0.0852595622,25.71914737,-0.7665271496,0.5875638711,0.01592116419,0.9840788358,708.2639104,272.063263,0.2219567253,0.0852595622,0.0512591776,0.1192599468
real_20240707,real,2024-07-07,adapted,276,0.08557075872,25.68422978,1.370353548,1.877868846,0.00697189644,0.9930281036,710.1417793,273.0562911,0.2225452144,0.08557075872,0.05157037412,0.1195711433
real_20240707,real,2024-07-07,adapted,277,0.08588380193,25.65772718,-2.258510876,5.100871377,0.001079124905,0.9989208751,715.2426507,274.055212,0.2241437326,0.08588380193,0.05188341733,0.1198841865
real_20240707,real,2024-07-07,adapted,278,0.08619701398,25.63278626,1.360449934,1.850824023,0.0005403627003,0.9994596373,717.0934747,275.0546716,0.2247237464,0.08619701398,0.05219662938,0.1201973986
real_20240707,real,2024-07-07,adapted,279,0.08651013156,25.557559,0.02051861032,0.0004210133693,0.0008417782561,0.9991582217,717.0938957,276.0538298,0.2247238783,0.08651013156,0.05250974696,0.1205105162
real_20240707,real,2024-07-07,adapted,280,0.08682338955,25.44098881,0.5086455782,0.2587203243,0.0003937852131,0.9996062148,717.352616,277.053436,0.2248049564,0.08682338955,0.05282300494,0.1208237741
real_20240707,real,2024-07-07,adapted,281,0.08713635397,25.43817131,-0.5357884223,0.2870692335,0.001330532316,0.9986694677,717.6396852,278.0521055,0.2248949186,0.08713635397,0.05313596937,0.1211367386
real_20240707,real,2024-07-07,adapted,282,0.08744884331,25.41115244,-0.1075615233,0.0115694813,0.002846491017,0.997153509,717.6512547,279.049259,0.2248985443,0.08744884331,0.05344845871,0.1214492279
real_20240707,real,2024-07-07,adapted,283,0.08775888198,25.36934166,-0.1280812338,0.01640480244,0.01066663264,0.9893333674,717.6676595,280.0385924,0.2249036852,0.08775888198,0.05375849737,0.1217592666
real_20240707,real,2024-07-07,adapted,284,0.08807197016,25.35058959,0.4158002426,0.1728898418,0.0009355955188,0.9990644045,717.8405494,281.0376568,0.2249578657,0.08807197016,0.05407158556,0.1220723548
real_20240707,real,2024-07-07,adapted,285,0.08838359324,25.33940889,0.2057614028,0.0423377549,0.005610747531,0.9943892525,717.8828871,282.032046,0.2249711335,0.08838359324,0.05438320864,0.1223839778
real_20240707,real,2024-07-07,adapted,286,0.08869663684,25.30425865,-0.3102746229,0.0962703416,0.001077872776,0.9989221272,717.9791575,283.0309682,0.2250013029,0.08869663684,0.05469625224,0.1226970214
real_20240707,real,2024-07-07,adapted,287,0.08900955238,25.2414178,-0.6439474444,0.4146683112,0.001486521887,0.9985134781,718.3938258,284.0294816,0.2251312522,0.08900955238,0.05500916778,0.123009937
real_20240707,real,2024-07-07,adapted,288,0.08932246018,25.20090393,-0.3769843694,0.1421172147,0.001511206442,0.9984887936,718.535943,285.0279704,0.2251757891,0.08932246018,0.05532207558,0.1233228448
real_20240707,real,2024-07-07,adapted,289,0.08963495586,25.1760654,-1.063309248,1.130626558,0.002826287292,0.9971737127,719.6665696,286.0251442,0.2255301064,0.08963495586,0.05563457126,0.1236353405
real_20240707,real,2024-07-07,adapted,290,0.08994515565,25.17256274,-1.943946561,3.778928231,0.01015248393,0.9898475161,723.4454978,287.0149917,0.2267143522,0.08994515565,0.05594477105,0.1239455402
real_20240707,real,2024-07-07,adapted,291,0.09025834714,25.09687339,2.390023561,5.712212624,0.0006059515628,0.9993940484,729.1577104,288.0143857,0.2285044533,0.09025834714,0.05625796254,0.1242587317
real_20240707,real,2024-07-07,adapted,292,0.09057093582,25.08033862,-1.214089535,1.474013398,0.002529500473,0.9974704995,730.6317238,289.0118562,0.2289663816,0.09057093582,0.05657055122,0.1245713204
real_20240707,real,2024-07-07,adapted,293,0.09088401998,25.05094637,2.342749683,5.488476076,0.0009484580943,0.9990515419,736.1201999,290.0109078,0.2306863679,0.09088401998,0.05688363538,0.1248844046
real_20240707,real,2024-07-07,adapted,294,0.0911951851,25.00784704,-0.4645434396,0.2158006073,0.007072110531,0.9929278895,736.3360005,291.0038356,0.2307539958,0.0911951851,0.0571948005,0.1251955697
real_20240707,real,2024-07-07,adapted,295,0.09150769934,24.99254898,0.5549048781,0.3079194238,0.00276703682,0.9972329632,736.6439199,292.0010686,0.230850492,0.09150769934,0.05750731474,0.1255080839
real_20240707,real,2024-07-07,adapted,296,0.09181978227,24.97183942,0.4931402959,0.2431873515,0.004143373102,0.9958566269,736.8871073,292.9969252,0.2309267024,0.09181978227,0.05781939767,0.1258201669
real_20240707,real,2024-07-07,adapted,297,0.09213180324,24.91731341,0.8620692596,0.7431634083,0.004341098342,0.9956589017,737.6302707,293.9925841,0.2311595959,0.09213180324,0.05813141864,0.1261321878
real_20240707,real,2024-07-07,adapted,298,0.09244503973,24.86058693,0.7841844277,0.6149452166,0.0004623523753,0.9995376476,738.2452159,294.9921218,0.2313523083,0.09244503973,0.05844465513,0.1264454243
real_20240707,real,2024-07-07,adapted,299,0.09275533731,24.83833495,-0.1566795545,0.02454848279,0.00984041955,0.9901595804,738.2697644,295.9822814,0.2313600014,0.09275533731,0.05875495271,0.1267557219
real_20240707,real,2024-07-07,adapted,300,0.09306835412,24.79031924,0.1898271275,0.03603433834,0.001163359149,0.9988366409,738.3057987,296.981118,0.2313712939,0.09306835412,0.05906796952,0.1270687387
real_20240707,real,2024-07-07,adapted,301,0.09338043891,24.76377068,0.8763527606,0.767994161,0.004137451971,0.995862548,739.0737929,297.9769806,0.2316119689,0.09338043891,0.05938005431,0.1273808235
real_20240707,real,2024-07-07,adapted,302,0.09369335296,24.69304518,-1.073895779,1.153252145,0.001491252928,0.9985087471,740.227045,298.9754893,0.2319733767,0.09369335296,0.05969296836,0.1276937376
real_20240707,real,2024-07-07,adapted,303,0.09400626413,24.68960947,-0.5045591951,0.2545799814,0.001500471799,0.9984995282,740.481625,299.9739888,0.2320531573,0.09400626413,0.06000587953,0.1280066487
real_20240707,real,2024-07-07,adapted,304,0.09431733403,24.66432372,0.2446586678,0.05985786372,0.007375956555,0.9926240434,740.5414829,300.9666129,0.2320719157,0.09431733403,0.06031694942,0.1283177186
real_20240707,real,2024-07-07,adapted,305,0.09463010831,24.63714834,-1.299664928,1.689128924,0.001937256945,0.9980627431,742.2306118,301.9646756,0.2326012572,0.09463010831,0.06062972371,0.1286304929
real_20240707,real,2024-07-07,adapted,306,0.09494307132,24.58865909,-0.9992944512,0.9985894002,0.001335020828,0.9986649792,743.2292012,302.9633406,0.2329141965,0.09494307132,0.06094268672,0.1289434559
real_20240707,real,2024-07-07,adapted,307,0.09525259228,24.56722043,0.5076365695,0.2576948867,0.0123186278,0.9876813722,743.4868961,303.951022,0.2329949533,0.09525259228,0.06125220768,0.1292529769
real_20240707,real,2024-07-07,adapted,308,0.09556516618,24.50281097,-0.7201594433,0.5186296237,0.002576688764,0.9974233112,744.0055257,304.9484453,0.2331574822,0.09556516618,0.06156478158,0.1295655508
real_20240707,real,2024-07-07,adapted,309,0.09587555884,24.48872959,0.1039086608,0.01079700979,0.009537031255,0.9904629687,744.0163227,305.9389082,0.2331608658,0.09587555884,0.06187517424,0.1298759434
real_20240707,real,2024-07-07,adapted,310,0.09618847271,24.45794946,0.3372424432,0.1137324655,0.001491838504,0.9985081615,744.1300552,306.9374164,0.2331965074,0.09618847271,0.06218808811,0.1301888573
real_20240707,real,2024-07-07,adapted,311,0.09650121324,24.42033955,-0.2182377872,0.04762773176,0.002044974201,0.9979550258,744.1776829,307.9353714,0.2332114331,0.09650121324,0.06250082864,0.1305015978
real_20240707,real,2024-07-07,adapted,312,0.0968121715,24.40889759,-0.3393180664,0.1151367502,0.007732194099,0.9922678059,744.2928197,308.9276392,0.2332475148,0.0968121715,0.0628117869,0.1308125561
real_20240707,real,2024-07-07,adapted,313,0.09712129991,24.34465734,-0.2438731275,0.05947410232,0.0135712406,0.9864287594,744.3522938,309.914068,0.2332661529,0.09712129991,0.06312091531,0.1311216845
real_20240707,real,2024-07-07,adapted,314,0.09743170214,24.33450056,-0.6572715366,0.4320058728,0.00950646392,0.9904935361,744.7842996,310.9045615,0.2334015355,0.09743170214,0.06343131754,0.1314320867
real_20240707,real,2024-07-07,adapted,315,0.0977435783,24.30138046,-1.743982702,3.041475664,0.004803187408,0.9951968126,747.8257753,311.8997583,0.2343546773,0.0977435783,0.0637431937,0.1317439629
real_20240707,real,2024-07-07,adapted,316,0.09805624853,24.27401765,0.3413858482,0.1165442974,0.002269286577,0.9977307134,747.9423196,312.8974891,0.2343912001,0.09805624853,0.06405586393,0.1320566331
real_20240707,real,2024-07-07,adapted,317,0.09835609149,24.24106654,1.112439366,1.237521343,0.04320112449,0.9567988755,749.1798409,313.8542879,0.2347790163,0.09835609149,0.06435570689,0.1323564761
real_20240707,real,2024-07-07,adapted,318,0.09866573711,24.23219724,0.2676048959,0.07161238033,0.01192083564,0.9880791644,749.2514533,314.8423671,0.2348014583,0.09866573711,0.0646653525,0.1326661217
real_20240707,real,2024-07-07,adapted,319,0.09897586724,24.19447439,1.97333822,3.894063731,0.01037473855,0.9896252615,753.145517,315.8319924,0.2360217853,0.09897586724,0.06497548264,0.1329762518
real_20240707,real,2024-07-07,adapted,320,0.09928506512,24.16184783,1.030562769,1.062059622,0.0133495525,0.9866504475,754.2075767,316.8186428,0.2363546151,0.09928506512,0.06528468052,0.1332854497
real_20240707,real,2024-07-07,adapted,321,0.099597552,24.14934611,0.3869509284,0.149731021,0.002854368437,0.9971456316,754.3573077,317.8157884,0.236401538,0.099597552,0.0655971674,0.1335979366
real_20240707,real,2024-07-07,adapted,322,0.09990587248,24.11746822,1.132163244,1.281793612,0.01614935468,0.9838506453,755.6391013,318.7996391,0.2368032282,0.09990587248,0.06590548788,0.1339062571
real_20240707,real,2024-07-07,adapted,323,0.1002177028,24.10232208,0.3147043794,0.09903884642,0.004949507812,0.9950504922,755.7381401,319.7946896,0.2368342652,0.1002177028,0.06621731818,0.1342180874
real_20240707,real,2024-07-07,adapted,324,0.1005298996,24.06696516,-0.4495044335,0.2020542357,0.003780084485,0.9962199155,755.9401944,320.7909095,0.2368975852,0.1005298996,0.06652951496,0.1345302842
real_20240707,real,2024-07-07,adapted,325,0.1008368174,24.05544698,1.468652857,2.156941215,0.02062518148,0.9793748185,758.0971356,321.7702843,0.2375735304,0.1008368174,0.0668364328,0.134837202
real_20240707,real,2024-07-07,adapted,326,0.1011495806,23.99341436,0.7825317291,0.612355907,0.001972672659,0.9980273273,758.7094915,322.7683116,0.2377654314,0.1011495806,0.06714919598,0.1351499652
real_20240707,real,2024-07-07,adapted,327,0.1014617203,23.96948244,-0.0821703012,0.0067519584,0.003962053579,0.9960379464,758.7162435,323.7643496,0.2377675473,0.1014617203,0.06746133573,0.1354621049
real_20240707,real,2024-07-07,adapted,328,0.101774665,23.94177181,-1.801472298,3.24530244,0.001393698459,0.9986063015,761.9615459,324.7629559,0.2387845647,0.101774665,0.06777428036,0.1357750496
real_20240707,real,2024-07-07,adapted,329,0.1020844707,23.93742364,0.07435026962,0.005527962592,0.01140985679,0.9885901432,761.9670739,325.751546,0.238786297,0.1020844707,0.06808408611,0.1360848553
real_20240707,real,2024-07-07,adapted,330,0.1023962364,23.91607378,-0.8902332794,0.7925152917,0.005155543037,0.994844457,762.7595892,326.7463905,0.2390346566,0.1023962364,0.06839585184,0.136396621
real_20240707,real,2024-07-07,adapted,331,0.1027081975,23.85846902,0.5949796297,0.3540007597,0.00453226146,0.9954677385,763.1135899,327.7418582,0.2391455938,0.1027081975,0.0687078129,0.1367085821
real_20240707,real,2024-07-07,adapted,332,0.1030198413,23.84784031,-0.6899821464,0.4760753624,0.005544624678,0.9944553753,763.5896653,328.7363136,0.239294787,0.1030198413,0.0690194567,0.1370202259
real_20240707,real,2024-07-07,adapted,333,0.1033308784,23.79379481,-1.295598533,1.678575559,0.007480707164,0.9925192928,765.2682408,329.7288329,0.2398208213,0.1033308784,0.06933049378,0.137331263
real_20240707,real,2024-07-07,adapted,334,0.1036440232,23.78789848,-0.4586992811,0.2104050304,0.0007549815811,0.9992450184,765.4786459,330.7280779,0.2398867583,0.1036440232,0.06964363856,0.1376444078
real_20240707,real,2024-07-07,adapted,335,0.1039394966,23.75032921,0.7144330349,0.5104145613,0.05714415435,0.9428558457,765.9890604,331.6709338,0.2400467128,0.1039394966,0.06993911203,0.1379398812
real_20240707,real,2024-07-07,adapted,336,0.1042526286,23.72644891,0.5748502686,0.3304528313,0.0007958464158,0.9992041536,766.3195133,332.6701379,0.2401502705,0.1042526286,0.07025224402,0.1382530132
real_20240707,real,2024-07-07,adapted,337,0.1045598014,23.6892733,-0.4929887491,0.2430379068,0.0198115818,0.9801884182,766.5625512,333.6503263,0.2402264341,0.1045598014,0.07055941682,0.138560186
real_20240707,real,2024-07-07,adapted,338,0.1048721302,23.66357568,0.2385525415,0.05690731507,0.003358804997,0.996641195,766.6194585,334.6469675,0.2402442678,0.1048721302,0.07087174562,0.1388725148
real_20240707,real,2024-07-07,adapted,339,0.1051832301,23.63541412,1.594143382,2.541293122,0.007280309998,0.99271969,769.1607516,335.6396872,0.2410406617,0.1051832301,0.07118284549,0.1391836147
real_20240707,real,2024-07-07,adapted,340,0.1054951469,23.61704943,0.2078032631,0.04318219617,0.004673469,0.995326531,769.2039338,336.6350137,0.2410541942,0.1054951469,0.0714947623,0.1394955315
real_20240707,real,2024-07-07,adapted,341,0.105808193,23.60422823,-1.358464445,1.845425649,0.001069774206,0.9989302258,771.0493594,337.633944,0.2416325163,0.105808193,0.07180780843,0.1398085776
real_20240707,real,2024-07-07,adapted,342,0.1061210247,23.57710828,-0.3637342957,0.1323026379,0.001754038158,0.9982459618,771.1816621,338.6321899,0.2416739775,0.1061210247,0.07212064014,0.1401214093
real_20240707,real,2024-07-07,adapted,343,0.1064335665,23.5514961,-0.657973735,0.4329294359,0.002679257525,0.9973207425,771.6145915,339.6295107,0.2418096495,0.1064335665,0.07243318189,0.1404339511
real_20240707,real,2024-07-07,adapted,344,0.1067445283,23.53765735,-1.379349827,1.902605944,0.007720728696,0.9922792713,773.5171975,340.62179,0.2424058908,0.1067445283,0.07274414375,0.1407449129
real_20240707,real,2024-07-07,adapted,345,0.1070502326,23.52716828,-1.081537373,1.169723089,0.02449766443,0.9755023356,774.6869206,341.5972923,0.2427724602,0.1070502326,0.07304984802,0.1410506172
real_20240707,real,2024-07-07,adapted,346,0.1073627837,23.50862677,-0.6586957368,0.4338800736,0.002649437298,0.9973505627,775.1208006,342.5946428,0.2429084302,0.1073627837,0.07336239912,0.1413631683
real_20240707,real,2024-07-07,adapted,347,0.1076737716,23.43236654,-1.420887549,2.018921426,0.007637697941,0.9923623021,777.1397221,343.5870052,0.2435411225,0.1076737716,0.07367338699,0.1416741562
real_20240707,real,2024-07-07,adapted,348,0.107986238,23.42133047,-1.064354253,1.132849975,0.002919610501,0.9970803895,778.272572,344.5840855,0.2438961366,0.107986238,0.07398585343,0.1419866226
real_20240707,real,2024-07-07,adapted,349,0.1082992445,23.3966492,2.380224774,5.665469976,0.001196261815,0.9988037382,783.938042,345.5828893,0.2456715895,0.1082992445,0.07429885992,0.1422996291
real_20240707,real,2024-07-07,adapted,350,0.1086121699,23.34848566,-0.3504577499,0.1228206345,0.00145502736,0.9985449726,784.0608626,346.5814343,0.2457100792,0.1086121699,0.07461178533,0.1426125545
real_20240707,real,2024-07-07,adapted,351,0.1089220879,23.33764284,-0.1374687022,0.01889764409,0.011051846,0.988948154,784.0797603,347.5703824,0.2457160013,0.1089220879,0.07492170327,0.1429224725
real_20240707,real,2024-07-07,adapted,352,0.1092349348,23.31643784,-0.05962301336,0.003554903722,0.001705454381,0.9982945456,784.0833152,348.568677,0.2457171154,0.1092349348,0.0752345502,0.1432353194
real_20240707,real,2024-07-07,adapted,353,0.1095459312,23.27853586,-0.5246865423,0.2752959677,0.007610621798,0.9923893782,784.3586112,349.5610663,0.245803388,0.1095459312,0.07554554656,0.1435463158
real_20240707,real,2024-07-07,adapted,354,0.109858951,23.27013344,0.2293540183,0.05260326569,0.001153758858,0.9988462411,784.4112144,350.5599126,0.2458198729,0.109858951,0.07585856638,0.1438593356
real_20240707,real,2024-07-07,adapted,355,0.1101715295,23.26011196,-0.1264730912,0.0159954428,0.002561961647,0.9974380384,784.4272099,351.5573506,0.2458248856,0.1101715295,0.07617114489,0.1441719141
real_20240707,real,2024-07-07,adapted,356,0.1104846035,23.23470545,0.0699868489,0.004898159019,0.0009807215507,0.9990192784,784.432108,352.5563699,0.2458264206,0.1104846035,0.07648421894,0.1444849881
real_20240707,real,2024-07-07,adapted,357,0.110797787,23.1486426,0.8361657644,0.6991731855,0.0006315758667,0.9993684241,785.1312812,353.5557383,0.2460455284,0.110797787,0.0767974024,0.1447981716
real_20240707,real,2024-07-07,adapted,358,0.1111111083,23.1143316,-0.418900306,0.1754774664,0.0001916329127,0.9998083671,785.3067587,354.5555467,0.2461005198,0.1111111083,0.07711072373,0.1451114929
real_20240707,real,2024-07-07,adapted,359,0.111414455,23.10368876,-0.4940987136,0.2441335388,0.03202063949,0.9679793605,785.5508922,355.523526,0.2461770267,0.111414455,0.07741407044,0.1454148396
real_20240707,real,2024-07-07,adapted,360,0.1117273081,23.08735376,-0.4707075837,0.2215656293,0.001685874459,0.9983141255,785.7724578,356.5218402,0.2462464612,0.1117273081,0.07772692351,0.1457276927
real_20240707,real,2024-07-07,adapted,361,0.1120342779,23.07866589,0.4792682216,0.2296980283,0.02045930431,0.9795406957,786.0021559,357.5013809,0.2463184443,0.1120342779,0.07803389333,0.1460346625
real_20240707,real,2024-07-07,adapted,362,0.1123475261,23.03087084,0.8971291626,0.8048407344,0.0004249158294,0.9995750842,786.8069966,358.5009559,0.2465706664,0.1123475261,0.07834714155,0.1463479108
real_20240707,real,2024-07-07,adapted,363,0.1126604856,23.0263881,0.5508008792,0.3033816085,0.001346511747,0.9986534883,787.1103782,359.4996094,0.2466657406,0.1126604856,0.07866010096,0.1466608702
real_20240707,real,2024-07-07,adapted,364,0.1129736895,23.0142561,0.4181582269,0.1748563028,0.0005662967541,0.9994337032,787.2852345,360.4990431,0.2467205373,0.1129736895,0.07897330488,0.1469740741
real_20240707,real,2024-07-07,adapted,365,0.1132859851,22.99065987,-0.7102413298,0.5044427465,0.003464780114,0.9965352199,787.7896773,361.4955784,0.2468786203,0.1132859851,0.07928560047,0.1472863697
real_20240707,real,2024-07-07,adapted,366,0.1135991085,22.96515181,0.08419504069,0.007088804877,0.0008230018882,0.9991769981,787.7967661,362.4947554,0.2468808418,0.1135991085,0.07959872394,0.1475994931
real_20240707,real,2024-07-07,adapted,367,0.1139070885,22.95424751,-2.709801479,7.343024057,0.01723595256,0.9827640474,795.1397901,363.4775194,0.2491820088,0.1139070885,0.0799067039,0.1479074731
real_20240707,real,2024-07-07,adapted,368,0.1142193282,22.91316438,1.298041918,1.68491282,0.003643162657,0.9963568373,796.8247029,364.4738762,0.2497100291,0.1142193282,0.08021894358,0.1482197128
real_20240707,real,2024-07-07,adapted,369,0.1145323314,22.86988213,-0.6035328678,0.3642519226,0.001206670919,0.9987933291,797.1889549,365.4726696,0.2498241789,0.1145323314,0.08053194682,0.148532716
real_20240707,real,2024-07-07,adapted,370,0.1148412404,22.83848154,-0.3965751554,0.1572718539,0.01427136327,0.9857286367,797.3462267,366.4583982,0.249873465,0.1148412404,0.08084085583,0.148841625
real_20240707,real,2024-07-07,adapted,371,0.115152965,22.82530332,2.749509335,7.559801584,0.005286747517,0.9947132525,804.9060283,367.4531115,0.2522425661,0.115152965,0.08115258044,0.1491533496
real_20240707,real,2024-07-07,adapted,372,0.1154655585,22.79459011,-0.8101372596,0.6563223794,0.002514397066,0.9974856029,805.5623507,368.4505971,0.2524482453,0.1154655585,0.08146517386,0.1494659431
real_20240707,real,2024-07-07,adapted,373,0.1157782688,22.78461828,-0.2881951543,0.08305644697,0.002141348827,0.9978586512,805.6454071,369.4484557,0.2524742736,0.1157782688,0.08177788419,0.1497786534
real_20240707,real,2024-07-07,adapted,374,0.1160913997,22.73800393,1.316799628,1.733961261,0.0007992398708,0.9992007601,807.3793684,370.4476565,0.2530176648,0.1160913997,0.08209101511,0.1500917843
real_20240707,real,2024-07-07,adapted,375,0.1164042482,22.69947564,0.6179517155,0.3818643227,0.001700373043,0.998299627,807.7612327,371.4459561,0.253137334,0.1164042482,0.08240386363,0.1504046328
real_20240707,real,2024-07-07,adapted,376,0.116716979,22.67903206,-0.559915432,0.313505291,0.002076134632,0.9979238654,808.074738,372.44388,0.2532355807,0.116716979,0.08271659439,0.1507173636
real_20240707,real,2024-07-07,adapted,377,0.1170299594,22.67208543,-0.2580484532,0.0665890042,0.001279597235,0.9987204028,808.141327,373.4426004,0.2532564485,0.1170299594,0.08302957477,0.151030344
real_20240707,real,2024-07-07,adapted,378,0.1173367912,22.66765883,1.518754617,2.306615587,0.02089975738,0.9791002426,810.4479426,374.4217006,0.2539792988,0.1173367912,0.08333640657,0.1513371758
real_20240707,real,2024-07-07,adapted,379,0.1176500479,22.64931448,0.3290287647,0.108259928,0.0003978356097,0.9996021644,810.5562025,375.4213028,0.2540132255,0.1176500479,0.08364966328,0.1516504325
real_20240707,real,2024-07-07,adapted,380,0.1179632352,22.62507271,0.7501078967,0.5626618568,0.0006192587597,0.9993807412,811.1188644,376.4206835,0.2541895532,0.1179632352,0.0839628506,0.1519636198
real_20240707,real,2024-07-07,adapted,381,0.1182758312,22.60843189,1.407314237,1.980533361,0.002506086128,0.9974939139,813.0993977,377.4181774,0.2548102155,0.1182758312,0.08427544662,0.1522762158
real_20240707,real,2024-07-07,adapted,382,0.1185886062,22.58207356,-0.7662610796,0.5871560421,0.001934989907,0.9980650101,813.6865538,378.4162424,0.2549942193,0.1185886062,0.08458822162,0.1525889908
real_20240707,real,2024-07-07,adapted,383,0.118899993,22.55640577,0.6873762708,0.4724861377,0.006364761717,0.9936352383,814.1590399,379.4098777,0.2551422877,0.118899993,0.0848996084,0.1529003776
real_20240707,real,2024-07-07,adapted,384,0.1192123796,22.51025007,-0.4085002133,0.1668724243,0.003174340376,0.9968256596,814.3259124,380.4067033,0.2551945824,0.1192123796,0.08521199501,0.1532127642
real_20240707,real,2024-07-07,adapted,385,0.1195253736,22.50154454,-1.598391112,2.554854148,0.001236177158,0.9987638228,816.8807665,381.4054672,0.2559952261,0.1195253736,0.085524989,0.1535257582
real_20240707,real,2024-07-07,adapted,386,0.1198379083,22.48306079,-0.4046560659,0.1637465317,0.00270187184,0.9972981282,817.044513,382.4027653,0.2560465412,0.1198379083,0.08583752367,0.1538382929
real_20240707,real,2024-07-07,adapted,387,0.1201507565,22.45760002,-1.060941435,1.125596729,0.001701451011,0.998298549,818.1701098,383.4010638,0.2563992823,0.1201507565,0.08615037185,0.1541511411
real_20240707,real,2024-07-07,adapted,388,0.1204638292,22.44734296,1.398164205,1.954863143,0.0009848548518,0.9990151451,820.1249729,384.400079,0.2570119,0.1204638292,0.0864634446,0.1544642138
real_20240707,real,2024-07-07,adapted,389,0.1207770024,22.42177736,-2.256972861,5.093926496,0.0006642899828,0.99933571,825.2188994,385.3994147,0.2586082417,0.1207770024,0.08677661781,0.154777387
real_20240707,real,2024-07-07,adapted,390,0.1210889965,22.4058929,0.9104736447,0.8289622577,0.004426817987,0.995573182,826.0478617,386.3949879,0.2588680231,0.1210889965,0.08708861191,0.1550893811
real_20240707,real,2024-07-07,adapted,391,0.1214016237,22.38936784,-0.5065588287,0.2566018469,0.002406626036,0.997593374,826.3044635,387.3925812,0.2589484373,0.1214016237,0.08740123911,0.1554020083
real_20240707,real,2024-07-07,adapted,392,0.1217135315,22.33190409,1.005427082,1.010883617,0.004702239815,0.9952977602,827.3153471,388.387879,0.2592652294,0.1217135315,0.0877131469,0.1557139161
real_20240707,real,2024-07-07,adapted,393,0.1220261707,22.32916977,0.7892093752,0.622851438,0.002368305635,0.9976316944,827.9381986,389.3855107,0.2594604195,0.1220261707,0.0880257861,0.1560265553
real_20240707,real,2024-07-07,adapted,394,0.1223388961,22.28443934,-0.6945834939,0.48244623,0.002093307513,0.9979066925,828.4206448,390.3834174,0.2596116091,0.1223388961,0.08833851148,0.1563392807
real_20240707,real,2024-07-07,adapted,395,0.1226505737,22.27953536,-0.07615225536,0.005799165997,0.005436758415,0.9945632416,828.426444,391.3779806,0.2596134265,0.1226505737,0.08865018909,0.1566509583
real_20240707,real,2024-07-07,adapted,396,0.122963601,22.25869407,-0.2899746125,0.08408527587,0.001129756094,0.9988702439,828.5105292,392.3768509,0.2596397773,0.122963601,0.08896321643,0.1569639856
real_20240707,real,2024-07-07,adapted,397,0.1232765136,22.23462635,0.1029398417,0.01059661101,0.001495920327,0.9985040797,828.5211258,393.375355,0.259643098,0.1232765136,0.08927612902,0.1572768982
real_20240707,real,2024-07-07,adapted,398,0.1235870622,22.22595319,-0.9145516027,0.8364046339,0.009039494525,0.9909605055,829.3575305,394.3663155,0.2599052117,0.1235870622,0.08958667759,0.1575874468
real_20240707,real,2024-07-07,adapted,399,0.1239001716,22.21351706,-1.716882619,2.947685928,0.0008679280211,0.999132072,832.3052164,395.3654475,0.2608289616,0.1239001716,0.08989978699,0.1579005562
real_20240707,real,2024-07-07,adapted,400,0.1242109683,22.17152824,-2.168667817,4.703120101,0.008247718834,0.9917522812,837.0083365,396.3571998,0.2623028319,0.1242109683,0.09021058369,0.1582113529
real_20240707,real,2024-07-07,adapted,401,0.1245211204,22.15540196,0.7361942389,0.5419819573,0.01030463643,0.9896953636,837.5503185,397.3468952,0.2624726789,0.1245211204,0.0905207358,0.158521505
real_20240707,real,2024-07-07,adapted,402,0.1248342211,22.1404399,-0.03143195229,0.0009879676248,0.0008956747446,0.9991043253,837.5513064,398.3459995,0.2624729885,0.1248342211,0.09083383649,0.1588346057
real_20240707,real,2024-07-07,adapted,403,0.1251432452,22.12553314,-1.782705476,3.178038815,0.01390413192,0.9860958681,840.7293452,399.3320954,0.2634689267,0.1251432452,0.09114286058,0.1591436298
real_20240707,real,2024-07-07,adapted,404,0.1254553731,22.084429,-0.9478006373,0.898326048,0.003999724048,0.996000276,841.6276713,400.3280957,0.2637504454,0.1254553731,0.09145498853,0.1594557577
real_20240707,real,2024-07-07,adapted,405,0.1257685819,22.08232808,0.03946656237,0.001557609546,0.0005506539569,0.999449346,841.6292289,401.327545,0.2637509335,0.1257685819,0.09176819735,0.1597689665
real_20240707,real,2024-07-07,adapted,406,0.1260803678,22.07715286,0.4065217953,0.1652599701,0.005091330513,0.9949086695,841.7944889,402.3224537,0.2638027229,0.1260803678,0.0920799832,0.1600807524
real_20240707,real,2024-07-07,adapted,407,0.1263930882,22.03595404,0.5261750554,0.276860189,0.00210906764,0.9978909324,842.0713491,403.3203446,0.2638894858,0.1263930882,0.09239270365,0.1603934728
real_20240707,real,2024-07-07,adapted,408,0.1267050048,22.00536186,-1.907106131,3.637053794,0.004674417796,0.9953255822,845.7084029,404.3156702,0.2650292707,0.1267050048,0.09270462016,0.1607053894
real_20240707,real,2024-07-07,adapted,409,0.1270179676,21.97790837,0.3575871845,0.1278685945,0.001335434044,0.998664566,845.8362715,405.3143347,0.2650693424,0.1270179676,0.09301758304,0.1610183522
real_20240707,real,2024-07-07,adapted,410,0.1273312718,21.96483752,2.02269812,4.091307685,0.0002465577411,0.9997534423,849.9275791,406.3140882,0.266351482,0.1273312718,0.09333088716,0.1613316564
real_20240707,real,2024-07-07,adapted,411,0.1276441898,21.92658807,0.7842875652,0.6151069849,0.001478691231,0.9985213088,850.5426861,407.3126095,0.2665442451,0.1276441898,0.09364380515,0.1616445744
real_20240707,real,2024-07-07,adapted,412,0.1279574623,21.90320284,-0.2816778721,0.0793424236,0.0003474502774,0.9996525497,850.6220285,408.312262,0.2665691095,0.1279574623,0.09395707765,0.1619578469
real_20240707,real,2024-07-07,adapted,413,0.1282704687,21.89943148,-1.67526212,2.806503169,0.001196569133,0.9988034309,853.4285317,409.3110655,0.2674486154,0.1282704687,0.09427008405,0.1622708533
real_20240707,real,2024-07-07,adapted,414,0.1285831203,21.88113379,0.876096435,0.7675449635,0.002328655231,0.9976713448,854.1960767,410.3087368,0.2676891497,0.1285831203,0.09458273568,0.1625835049
real_20240707,real,2024-07-07,adapted,415,0.128896191,21.87461063,0.3086260983,0.09525006854,0.0009913152404,0.9990086848,854.2913267,411.3077455,0.2677189993,0.128896191,0.09489580641,0.1628965756
real_20240707,real,2024-07-07,adapted,416,0.1292094275,21.84510801,0.1624082417,0.02637643696,0.000462369971,0.99953763,854.3177032,412.3072831,0.2677272652,0.1292094275,0.0952090429,0.1632098121
real_20240707,real,2024-07-07,adapted,417,0.1295222684,21.81469116,-0.9685784192,0.9381441542,0.001724624948,0.9982753751,855.2558473,413.3055585,0.2680212621,0.1295222684,0.09552188381,0.163522653
real_20240707,real,2024-07-07,adapted,418,0.1298350571,21.78216686,-1.89823694,3.603303481,0.001891156093,0.9981088439,858.8591508,414.3036674,0.2691504703,0.1298350571,0.09583467255,0.1638354417
real_20240707,real,2024-07-07,adapted,419,0.1301482496,21.76844718,-0.8643332378,0.7470719459,0.000602991609,0.9993970084,859.6062228,415.3030644,0.2693845888,0.1301482496,0.09614786497,0.1641486342
real_20240707,real,2024-07-07,adapted,420,0.1304609726,21.74083495,0.3977613916,0.1582141247,0.002100877172,0.9978991228,859.7644369,416.3009635,0.2694341701,0.1304609726,0.09646058798,0.1644613572
real_20240707,real,2024-07-07,adapted,421,0.1307732101,21.72284988,0.04669430444,0.002180358067,0.003649931784,0.9963500682,859.7666172,417.2973136,0.2694348534,0.1307732101,0.09677282554,0.1647735947
real_20240707,real,2024-07-07,adapted,422,0.1310863339,21.71250545,-0.6149063077,0.3781097673,0.0008221886137,0.9991778114,860.144727,418.2964914,0.269553346,0.1310863339,0.09708594927,0.1650867185
real_20240707,real,2024-07-07,adapted,423,0.1313988445,21.68985456,0.1998603929,0.03994417664,0.002778676939,0.9972213231,860.1846712,419.2937127,0.2695658637,0.1313988445,0.09739845987,0.1653992291
real_20240707,real,2024-07-07,adapted,424,0.131711923,21.66996068,-1.264862862,1.599878061,0.000966267724,0.9990337323,861.7845493,420.2927464,0.2700672357,0.131711923,0.09771153844,0.1657123076
real_20240707,real,2024-07-07,adapted,425,0.1320244904,21.64688553,1.23211373,1.518104244,0.002597469334,0.9974025307,863.3026535,421.290149,0.2705429814,0.1320244904,0.09802410583,0.166024875
real_20240707,real,2024-07-07,adapted,426,0.1323377869,21.63641755,-0.461502431,0.2129844938,0.0002710410588,0.9997289589,863.515638,422.2898779,0.2706097267,0.1323377869,0.09833740227,0.1663381715
real_20240707,real,2024-07-07,adapted,427,0.1326509353,21.60918996,-1.130641283,1.27834971,0.0007433484699,0.9992566515,864.7939877,423.2891346,0.2710103377,0.1326509353,0.09865055071,0.1666513199
real_20240707,real,2024-07-07,adapted,428,0.1329642651,21.59816112,0.9474525001,0.89766624,0.00016460093,0.9998353991,865.6916539,424.28897,0.2712916496,0.1329642651,0.09896388051,0.1669646497
real_20240707,real,2024-07-07,adapted,429,0.1332771814,21.55944368,-0.5493225153,0.3017552258,0.001484102678,0.9985158973,865.9934092,425.2874859,0.2713862141,0.1332771814,0.0992767968,0.167277566
real_20240707,real,2024-07-07,adapted,430,0.1335900907,21.53115645,-1.36513901,1.863604517,0.001506431474,0.9984935685,867.8570137,426.2859794,0.2719702331,0.1335900907,0.0995897061,0.1675904753
real_20240707,real,2024-07-07,adapted,431,0.1339031298,21.52370673,-2.208514825,4.877537733,0.001092324281,0.9989076757,872.7345514,427.2848871,0.2734987626,0.1339031298,0.09990274517,0.1679035144
real_20240707,real,2024-07-07,adapted,432,0.134216307,21.49399837,0.8478428878,0.7188375624,0.0006514122234,0.9993485878,873.453389,428.2842357,0.2737240329,0.134216307,0.1002159224,0.1682166916
real_20240707,real,2024-07-07,adapted,433,0.1345287277,21.47264649,0.2092208744,0.04377337427,0.003065699996,0.9969343,873.4971624,429.28117,0.2737377507,0.1345287277,0.1005283431,0.1685291123
real_20240707,real,2024-07-07,adapted,434,0.1348416433,21.45243841,-0.5449269182,0.2969453462,0.001486251024,0.998513749,873.7941077,430.2796837,0.2738308078,0.1348416433,0.1008412587,0.1688420279
real_20240707,real,2024-07-07,adapted,435,0.1351547833,21.43068792,1.002821751,1.005651464,0.000770211494,0.9992297885,874.7997592,431.2789135,0.2741459603,0.1351547833,0.1011543987,0.1691551679
real_20240707,real,2024-07-07,adapted,436,0.1354679449,21.41772077,-1.44327449,2.083041253,0.0007015125747,0.9992984874,876.8828004,432.278212,0.2747987466,0.1354679449,0.1014675603,0.1694683295
real_20240707,real,2024-07-07,adapted,437,0.1357800072,21.40349948,0.8051024242,0.6481899135,0.004209180214,0.9957908198,877.5309903,433.2740028,0.2750018773,0.1357800072,0.1017796226,0.1697803918
real_20240707,real,2024-07-07,adapted,438,0.1360931503,21.3807942,-0.5067620282,0.2568077532,0.0007603122275,0.9992396878,877.7877981,434.2732425,0.275082356,0.1360931503,0.1020927657,0.1700935349
real_20240707,real,2024-07-07,adapted,439,0.1364063909,21.36433113,1.096449561,1.202201639,0.0004490642927,0.9995509357,878.9899997,435.2727935,0.2754591036,0.1364063909,0.1024060063,0.1704067755
real_20240707,real,2024-07-07,adapted,440,0.1367195945,21.3332631,0.1669763389,0.02788109775,0.0005674475967,0.9994325524,879.0178808,436.272226,0.2754678411,0.1367195945,0.1027192099,0.1707199791
real_20240707,real,2024-07-07,adapted,441,0.1370327727,21.31852711,0.5473791228,0.299623904,0.0006482759767,0.999351724,879.3175047,437.2715777,0.2755617376,0.1370327727,0.1030323881,0.1710331573
real_20240707,real,2024-07-07,adapted,442,0.1373461212,21.30708398,-0.4145804332,0.1718769356,0.0001050689201,0.9998949311,879.4893817,438.2714727,0.2756156006,0.1373461212,0.1033457366,0.1713465058
real_20240707,real,2024-07-07,adapted,443,0.1376593429,21.270456,-1.751531804,3.067863662,0.0005094217556,0.9994905782,882.5572453,439.2709632,0.276577012,0.1376593429,0.1036589583,0.1716597275
real_20240707,real,2024-07-07,adapted,444,0.137972272,21.25799841,1.443400456,2.083404876,0.001443336426,0.9985566636,884.6406502,440.2695199,0.2772299123,0.137972272,0.1039718874,0.1719726566
real_20240707,real,2024-07-07,adapted,445,0.1382853166,21.24175062,-0.821163996,0.6743103084,0.00107450461,0.9989254954,885.3149605,441.2684454,0.2774412286,0.1382853166,0.104284932,0.1722857012
real_20240707,real,2024-07-07,adapted,446,0.1385978615,21.22429712,0.243706914,0.05939305994,0.002669453404,0.9973305466,885.3743536,442.265776,0.2774598413,0.1385978615,0.1045974769,0.1725982461
real_20240707,real,2024-07-07,adapted,447,0.1389110525,21.20750132,-0.01114000482,0.0001240997074,0.0006075756064,0.9993924244,885.3744777,443.2651684,0.2774598802,0.1389110525,0.1049106679,0.1729114371
real_20240707,real,2024-07-07,adapted,448,0.1392237649,21.17856649,-2.100597436,4.41250959,0.002134571869,0.9978654281,889.7869873,444.2630338,0.2788426786,0.1392237649,0.1052233803,0.1732241495
real_20240707,real,2024-07-07,adapted,449,0.1395368367,21.17034243,0.2513143801,0.06315891765,0.0009879599679,0.99901204,889.8501462,445.2620458,0.2788624714,0.1395368367,0.1055364521,0.1735372213
real_20240707,real,2024-07-07,adapted,450,0.1398500429,21.13801209,-0.4732815201,0.2239953973,0.0005588300304,0.99944117,890.0741416,446.261487,0.2789326674,0.1398500429,0.1058496583,0.1738504275
real_20240707,real,2024-07-07,adapted,451,0.1401617644,21.12762479,-0.3865166218,0.149395099,0.005296832158,0.9947031678,890.2235367,447.2561902,0.278979485,0.1401617644,0.1061613798,0.174162149
real_20240707,real,2024-07-07,adapted,452,0.1404750422,21.10026079,0.2384022873,0.05683565057,0.0003304049223,0.9996695951,890.2803723,448.2558598,0.2789972962,0.1404750422,0.1064746576,0.1744754268
real_20240707,real,2024-07-07,adapted,453,0.1407882735,21.08110714,0.2981557477,0.08889684987,0.0004790711876,0.9995209288,890.3692692,449.2553807,0.2790251549,0.1407882735,0.1067878889,0.1747886581
real_20240707,real,2024-07-07,adapted,454,0.1411014107,21.05401123,-0.4560416214,0.2079739605,0.000779171166,0.9992208288,890.5772431,450.2546015,0.27909033,0.1411014107,0.1071010261,0.1751017953
real_20240707,real,2024-07-07,adapted,455,0.1414140922,21.03472363,-1.46227571,2.138250251,0.002233334026,0.997766666,892.7154934,451.2523682,0.2797604179,0.1414140922,0.1074137076,0.1754144768
real_20240707,real,2024-07-07,adapted,456,0.1417272074,21.01590627,-2.443061197,5.968548014,0.0008492838349,0.9991507162,898.6840414,452.2515189,0.2816308497,0.1417272074,0.1077268228,0.175727592
real_20240707,real,2024-07-07,adapted,457,0.1420398475,20.98718021,-0.7605890068,0.5784956372,0.002365484457,0.9976345155,899.262537,453.2491534,0.2818121395,0.1420398475,0.1080394629,0.1760402321
real_20240707,real,2024-07-07,adapted,458,0.1423529358,20.9792571,-0.2785211188,0.07757401361,0.0009352801989,0.9990647198,899.340111,454.2482182,0.2818364497,0.1423529358,0.1083525512,0.1763533204
real_20240707,real,2024-07-07,adapted,459,0.1426652256,20.95436525,0.487624364,0.2377775204,0.003483132709,0.9965168673,899.5778886,455.244735,0.2819109648,0.1426652256,0.108664841,0.1766656102
real_20240707,real,2024-07-07,adapted,460,0.142977591,20.95117914,-1.203190964,1.447668495,0.003242279605,0.9967577204,901.0255571,456.2414927,0.2823646371,0.142977591,0.1089772064,0.1769779756
real_20240707,real,2024-07-07,adapted,461,0.1432907055,20.93434366,-0.104118113,0.01084058145,0.0008514114384,0.9991485886,901.0363976,457.2406413,0.2823680344,0.1432907055,0.1092903209,0.1772910901
real_20240707,real,2024-07-07,adapted,462,0.143603886,20.91498291,-0.1059040319,0.01121566398,0.0006409858913,0.9993590141,901.0476133,458.2400003,0.2823715491,0.143603886,0.1096035014,0.1776042706
real_20240707,real,2024-07-07,adapted,463,0.1439170541,20.89535794,-0.9635748672,0.9284765248,0.0006806380081,0.999319362,901.9760898,459.2393197,0.2826625164,0.1439170541,0.1099166695,0.1779174387
real_20240707,real,2024-07-07,adapted,464,0.1442302653,20.88368713,-0.8678362509,0.7531397584,0.0005431677318,0.9994568323,902.7292296,460.2387765,0.2828985364,0.1442302653,0.1102298807,0.1782306499
real_20240707,real,2024-07-07,adapted,465,0.1445422243,20.87929095,-0.1687989776,0.02849309484,0.004538934357,0.9954610656,902.7577227,461.2342376,0.2829074656,0.1445422243,0.1105418397,0.1785426089
real_20240707,real,2024-07-07,adapted,466,0.1448552137,20.86270156,-1.363753706,1.859824171,0.001250840704,0.9987491593,904.6175469,462.2329868,0.2834902999,0.1448552137,0.1108548291,0.1788555983
real_20240707,real,2024-07-07,adapted,467,0.1451681879,20.81490341,-0.1557953184,0.02427218123,0.001299124533,0.9987008755,904.641819,463.2316876,0.2834979063,0.1451681879,0.1111678033,0.1791685725
real_20240707,real,2024-07-07,adapted,468,0.1454812706,20.80393169,1.466642851,2.151041251,0.0009532166213,0.9990467834,906.7928603,464.2307344,0.2841720026,0.1454812706,0.111480886,0.1794816552
real_20240707,real,2024-07-07,adapted,469,0.1457933683,20.78138628,-0.6922894969,0.4792647475,0.004096040126,0.9959039599,907.272125,465.2266384,0.2843221952,0.1457933683,0.1117929837,0.1797937529
real_20240707,real,2024-07-07,adapted,470,0.1461064443,20.77427961,1.223513523,1.49698534,0.0009745856213,0.9990254144,908.7691104,466.2256638,0.2847913226,0.1461064443,0.1121060597,0.1801068289
real_20240707,real,2024-07-07,adapted,471,0.1464190708,20.76508215,0.3592988964,0.129095697,0.002408932381,0.9975910676,908.8982061,467.2232549,0.2848317788,0.1464190708,0.1124186862,0.1804194554
real_20240707,real,2024-07-07,adapted,472,0.14673224,20.74528559,0.5264069701,0.2771042982,0.0006770052556,0.9993229947,909.1753104,468.2225779,0.2849186181,0.14673224,0.1127318554,0.1807326246
real_20240707,real,2024-07-07,adapted,473,0.1470456003,20.73280567,0.3170058758,0.1004927253,6.724528538e-05,0.9999327547,909.2758031,469.2225106,0.2849501107,0.1470456003,0.1130452157,0.1810459849
real_20240707,real,2024-07-07,adapted,474,0.1473585711,20.70603992,-0.2608524971,0.06804402524,0.001310336886,0.9986896631,909.3438471,470.2212003,0.2849714344,0.1473585711,0.1133581865,0.1813589557
real_20240707,real,2024-07-07,adapted,475,0.1476714388,20.68751834,-1.180003955,1.392409333,0.001639151199,0.9983608488,910.7362565,471.2195611,0.2854077895,0.1476714388,0.1136710542,0.1816718234
real_20240707,real,2024-07-07,adapted,476,0.1479845371,20.66939417,0.01206604128,0.0001455893521,0.0009031868055,0.9990968132,910.736402,472.2186579,0.2854078352,0.1479845371,0.1139841525,0.1819849217
real_20240707,real,2024-07-07,adapted,477,0.1482977773,20.66374213,-0.5003599263,0.2503600558,0.000450630806,0.9995493692,910.9867621,473.2182073,0.2854862934,0.1482977773,0.1142973927,0.1822981619
real_20240707,real,2024-07-07,adapted,478,0.1486107123,20.64736985,-0.5046532923,0.2546749454,0.001424380565,0.9985756194,911.241437,474.2167829,0.2855661037,0.1486107123,0.1146103277,0.1826110969
real_20240707,real,2024-07-07,adapted,479,0.1489237298,20.63004421,1.103448151,1.217597823,0.001161053448,0.9988389466,912.4590349,475.2156219,0.2859476762,0.1489237298,0.1149233452,0.1829241144
real_20240707,real,2024-07-07,adapted,480,0.1492368365,20.59957488,-0.1686810907,0.02845331038,0.0008765136759,0.9991234863,912.4874882,476.2147454,0.285956593,0.1492368365,0.1152364519,0.1832372211
real_20240707,real,2024-07-07,adapted,481,0.1495490888,20.58744789,0.9166828299,0.8403074106,0.003602979927,0.9963970201,913.3277956,477.2111424,0.2862199297,0.1495490888,0.1155487042,0.1835494734
real_20240707,real,2024-07-07,adapted,482,0.149861977,20.5774101,1.146098742,1.313542327,0.001573623758,0.9984263762,914.6413379,478.2095688,0.2866315694,0.149861977,0.1158615924,0.1838623616
real_20240707,real,2024-07-07,adapted,483,0.1501752419,20.54449703,0.02083616477,0.0004341457624,0.0003718508102,0.9996281492,914.6417721,479.2091969,0.2866317054,0.1501752419,0.1161748573,0.1841756265
real_20240707,real,2024-07-07,adapted,484,0.1504882641,20.54038082,-1.269426223,1.611442935,0.001146172499,0.9988538275,916.253215,480.2080507,0.2871367017,0.1504882641,0.1164878795,0.1844886487
real_20240707,real,2024-07-07,adapted,485,0.1508010731,20.51894704,-1.959266544,3.838725389,0.001826321006,0.998173679,920.0919404,481.2062244,0.2883396867,0.1508010731,0.1168006885,0.1848014577
real_20240707,real,2024-07-07,adapted,486,0.1511142706,20.50835396,-0.6147160968,0.3778758797,0.0005868783466,0.9994131217,920.4698163,482.2056375,0.288458106,0.1511142706,0.117113886,0.1851146552
real_20240707,real,2024-07-07,adapted,487,0.1514276022,20.48854011,0.1072388185,0.01150016419,0.0001590499995,0.99984095,920.4813164,483.2054785,0.2884617099,0.1514276022,0.1174272176,0.1854279868
real_20240707,real,2024-07-07,adapted,488,0.1517408968,20.46718213,-1.22109241,1.491066673,0.0002768620906,0.9997231379,921.9723831,484.2052016,0.2889289825,0.1517408968,0.1177405122,0.1857412814
real_20240707,real,2024-07-07,adapted,489,0.1520540388,20.45716732,-0.7819948342,0.6115159208,0.0007636966142,0.9992363034,922.583899,485.2044379,0.2891206202,0.1520540388,0.1180536542,0.1860544234
real_20240707,real,2024-07-07,adapted,490,0.1523672787,20.41148991,0.4121574394,0.1698737548,0.0004515379918,0.999548462,922.7537728,486.2039864,0.2891738555,0.1523672787,0.1183668941,0.1863676633
real_20240707,real,2024-07-07,adapted,491,0.1526805988,20.40897746,1.000269051,1.000538174,0.0001955548736,0.9998044451,923.754311,487.2037908,0.2894874055,0.1526805988,0.1186802142,0.1866809834
real_20240707,real,2024-07-07,adapted,492,0.1529938405,20.38150602,0.3247537894,0.1054650238,0.0004458157494,0.9995541843,923.859776,488.203345,0.2895204563,0.1529938405,0.1189934559,0.1869942251
real_20240707,real,2024-07-07,adapted,493,0.1533070406,20.34396758,0.5222913279,0.2727882312,0.0005785029895,0.999421497,924.1325642,489.2027665,0.289605943,0.1533070406,0.119306656,0.1873074252
real_20240707,real,2024-07-07,adapted,494,0.1536201284,20.3391498,0.8271408503,0.6841619862,0.0009366413275,0.9990633587,924.8167262,490.2018299,0.2898203467,0.1536201284,0.1196197438,0.187620513
real_20240707,real,2024-07-07,adapted,495,0.15393311,20.32307582,-0.1662411953,0.02763613501,0.001276006744,0.9987239933,924.8443623,491.2005539,0.2898290073,0.15393311,0.1199327254,0.1879334946
real_20240707,real,2024-07-07,adapted,496,0.1542459376,20.29857014,0.2371838141,0.05625616167,0.001766935637,0.9982330644,924.9006185,492.1987869,0.2898466369,0.1542459376,0.120245553,0.1882463222
real_20240707,real,2024-07-07,adapted,497,0.154558724,20.28232421,0.3710177855,0.1376541972,0.00189859426,0.9981014057,925.0382727,493.1968883,0.2898897752,0.154558724,0.1205583394,0.1885591086
real_20240707,real,2024-07-07,adapted,498,0.1548718861,20.27350351,-0.516335262,0.2666021027,0.0006997520952,0.9993002479,925.3048748,494.1961886,0.2899733233,0.1548718861,0.1208715015,0.1888722707
real_20240707,real,2024-07-07,adapted,499,0.1551849808,20.26110075,1.121296117,1.257304981,0.0009149507473,0.9990850493,926.5621798,495.1952736,0.2903673393,0.1551849808,0.1211845962,0.1891853654
real_20240707,real,2024-07-07,adapted,500,0.1554976259,20.24182533,1.154876338,1.333739357,0.00234929854,0.9976507015,927.8959191,496.1929243,0.2907853084,0.1554976259,0.1214972413,0.1894980105
real_20240707,real,2024-07-07,adapted,501,0.1558109194,20.21474237,-0.9930554054,0.9861590383,0.0002805655047,0.9997194345,928.8820782,497.1926438,0.2910943523,0.1558109194,0.1218105348,0.189811304
real_20240707,real,2024-07-07,adapted,502,0.1561242149,20.21194886,-1.516638785,2.300193203,0.0002740565672,0.9997259434,931.1822714,498.1923697,0.29181519,0.1561242149,0.1221238303,0.1901245995
real_20240707,real,2024-07-07,adapted,503,0.1564371959,20.20173456,0.9884781408,0.9770890348,0.001277441832,0.9987225582,932.1593604,499.1910923,0.2921213915,0.1564371959,0.1224368113,0.1904375805
real_20240707,real,2024-07-07,adapted,504,0.1567505154,20.17690834,-0.6524090791,0.4256376065,0.0001976818447,0.9998023182,932.584998,500.1908946,0.2922547784,0.1567505154,0.1227501308,0.1907509
real_20240707,real,2024-07-07,adapted,505,0.1570636314,20.16052026,-0.1504654542,0.02263985291,0.0008469102568,0.9991530897,932.6076379,501.1900477,0.2922618734,0.1570636314,0.1230632468,0.191064016
real_20240707,real,2024-07-07,adapted,506,0.157376907,20.14211018,-0.3494107618,0.1220878805,0.0003373455424,0.9996626545,932.7297257,502.1897103,0.2923001334,0.157376907,0.1233765224,0.1913772916
real_20240707,real,2024-07-07,adapted,507,0.1576901542,20.13045411,0.6737808201,0.4539805935,0.0004281640747,0.9995718359,933.1837063,503.1892822,0.2924424025,0.1576901542,0.1236897696,0.1916905388
real_20240707,real,2024-07-07,adapted,508,0.1580030628,20.11815456,-0.472831898,0.2235700038,0.001508927616,0.9984910724,933.4072763,504.1877732,0.2925124652,0.1580030628,0.1240026782,0.1920034474
real_20240707,real,2024-07-07,adapted,509,0.1583163018,20.11018142,1.528072101,2.335004344,0.0004542149373,0.9995457851,935.7422807,505.187319,0.2932442121,0.1583163018,0.1243159172,0.1923166864
real_20240707,real,2024-07-07,adapted,510,0.1586295772,20.10279826,0.7285420971,0.5307735872,0.0003382285439,0.9996617715,936.2730543,506.1869808,0.2934105466,0.1586295772,0.1246291926,0.1926299618
real_20240707,real,2024-07-07,adapted,511,0.1589427566,20.05607903,-1.164700808,1.356527973,0.0006445969453,0.9993554031,937.6295822,507.1863362,0.2938356572,0.1589427566,0.124942372,0.1929431412
real_20240707,real,2024-07-07,adapted,512,0.1592559154,20.04499526,0.9509352147,0.9042777826,0.000710044796,0.9992899552,938.53386,508.1856262,0.2941190411,0.1592559154,0.1252555308,0.1932563
real_20240707,real,2024-07-07,adapted,513,0.1595690771,20.0330381,-1.091229403,1.190781611,0.000701138328,0.9992988617,939.7246416,509.184925,0.2944922099,0.1595690771,0.1255686925,0.1935694617
real_20240707,real,2024-07-07,adapted,514,0.1598821972,20.02694477,0.798079584,0.6369310224,0.0008336761728,0.9991663238,940.3615727,510.1840913,0.2946918122,0.1598821972,0.1258818126,0.1938825818
real_20240707,real,2024-07-07,adapted,515,0.160195377,20.00875299,0.8428160585,0.7103389084,0.0006431952254,0.9993568048,941.0719116,511.1834481,0.2949144192,0.160195377,0.1261949924,0.1941957616
real_20240707,real,2024-07-07,adapted,516,0.160508543,19.99079947,-1.982576196,3.930608374,0.0006873126664,0.9993126873,945.0025199,512.1827608,0.2961461987,0.160508543,0.1265081584,0.1945089276
real_20240707,real,2024-07-07,adapted,517,0.1608218464,19.96672537,0.4373228542,0.1912512788,0.0002490943841,0.9997509056,945.1937712,513.1825117,0.2962061333,0.1608218464,0.1268214618,0.194822231
real_20240707,real,2024-07-07,adapted,518,0.1611351442,19.96143857,-0.2086992432,0.0435553741,0.0002667497032,0.9997332503,945.2373266,514.182245,0.2962197827,0.1611351442,0.1271347596,0.1951355288
real_20240707,real,2024-07-07,adapted,519,0.161448368,19.94883809,1.003071822,1.00615308,0.0005026836138,0.9994973164,946.2434797,515.1817423,0.2965350923,0.161448368,0.1274479834,0.1954487526
real_20240707,real,2024-07-07,adapted,520,0.1617616536,19.92704244,0.2434342467,0.05926023249,0.0003057562365,0.9996942438,946.3027399,516.1814365,0.2965536634,0.1617616536,0.127761269,0.1957620382
real_20240707,real,2024-07-07,adapted,521,0.1620748267,19.9224216,-0.9392426611,0.8821767764,0.0006645804978,0.9993354195,947.1849167,517.180772,0.2968301212,0.1620748267,0.1280744421,0.1960752113
real_20240707,real,2024-07-07,adapted,522,0.1623881476,19.89889927,2.137033228,4.566911019,0.0001929535477,0.9998070465,951.7518277,518.180579,0.2982613061,0.1623881476,0.128387763,0.1963885322
real_20240707,real,2024-07-07,adapted,523,0.1627010471,19.88812745,0.04295335533,0.001844990734,0.0015378239,0.9984621761,951.7536727,519.1790412,0.2982618843,0.1627010471,0.1287006625,0.1967014317
real_20240707,real,2024-07-07,adapted,524,0.163013063,19.87619304,-1.700366129,2.891244972,0.00435702986,0.9956429701,954.6449177,520.1746842,0.2991679466,0.163013063,0.1290126784,0.1970134476
real_20240707,real,2024-07-07,adapted,525,0.1633261448,19.86423993,-0.2366662947,0.05601093502,0.0009560894076,0.9990439106,954.7009286,521.1737281,0.2991854994,0.1633261448,0.1293257602,0.1973265294
real_20240707,real,2024-07-07,adapted,526,0.1636393303,19.8528595,0.7639133347,0.583563583,0.0006251186071,0.9993748814,955.2844922,522.173103,0.2993683774,0.1636393303,0.1296389457,0.1976397149
real_20240707,real,2024-07-07,adapted,527,0.1639520441,19.82040563,0.02071808178,0.0004292389126,0.002130184788,0.9978698152,955.2849214,523.1709728,0.2993685119,0.1639520441,0.1299516595,0.1979524287
real_20240707,real,2024-07-07,adapted,528,0.1642653176,19.79713667,-0.7127320388,0.5079869591,0.0003443236577,0.9996556763,955.7929084,524.1706284,0.2995277055,0.1642653176,0.130264933,0.1982657022
real_20240707,real,2024-07-07,adapted,529,0.1645782051,19.7958717,-1.081193482,1.168979346,0.001576083666,0.9984239163,956.9618877,525.1690524,0.2998940419,0.1645782051,0.1305778205,0.1985785897
real_20240707,real,2024-07-07,adapted,530,0.164890977,19.78687368,-1.222148704,1.493647455,0.001944815866,0.9980551841,958.4555352,526.1671075,0.3003621232,0.164890977,0.1308905924,0.1988913616
real_20240707,real,2024-07-07,adapted,531,0.1652038334,19.77670759,1.270695774,1.61466775,0.001675049087,0.9983249509,960.0702029,527.1654325,0.30086813,0.1652038334,0.1312034488,0.199204218
real_20240707,real,2024-07-07,adapted,532,0.165517021,19.76012177,0.4401650519,0.1937452729,0.0006184923905,0.9993815076,960.2639482,528.164814,0.3009288462,0.165517021,0.1315166364,0.1995174056
real_20240707,real,2024-07-07,adapted,533,0.1658296987,19.73596631,0.484997715,0.2352227835,0.002245557877,0.9977544421,960.499171,529.1625684,0.3010025606,0.1658296987,0.1318293141,0.1998300833
real_20240707,real,2024-07-07,adapted,534,0.1661428914,19.71510337,0.7833653193,0.6136612235,0.0006018549233,0.9993981451,961.1128322,530.1619666,0.3011948706,0.1661428914,0.1321425068,0.200143276
real_20240707,real,2024-07-07,adapted,535,0.1664560794,19.69306317,0.005740171142,3.294956474e-05,0.0006173624156,0.9993826376,961.1128652,531.1613492,0.301194881,0.1664560794,0.1324556948,0.200456464
real_20240707,real,2024-07-07,adapted,536,0.1667693117,19.67594225,0.6296624422,0.3964747911,0.0004756864448,0.9995243136,961.50934,532.1608735,0.3013191288,0.1667693117,0.1327689271,0.2007696963
real_20240707,real,2024-07-07,adapted,537,0.1670824991,19.65569109,0.01167135592,0.000136220549,0.0006188717434,0.9993811283,961.5094762,533.1602547,0.3013191715,0.1670824991,0.1330821145,0.2010828837
real_20240707,real,2024-07-07,adapted,538,0.1673957871,19.64932825,-0.3808824689,0.1450714551,0.0002981032974,0.9997018967,961.6545476,534.1599566,0.3013646342,0.1673957871,0.1333954025,0.2013961717
real_20240707,real,2024-07-07,adapted,539,0.167708906,19.63126874,0.07658891503,0.005865861906,0.0008374391963,0.9991625608,961.6604135,535.1591191,0.3013664724,0.167708906,0.1337085214,0.2017092906
real_20240707,real,2024-07-07,adapted,540,0.1680222113,19.61850089,-0.9560325182,0.9139981759,0.0002428912494,0.9997571088,962.5744117,536.1588762,0.3016529024,0.1680222113,0.1340218267,0.2020225959
real_20240707,real,2024-07-07,adapted,541,0.1683352867,19.60241021,-0.6824147612,0.4656899064,0.0009764074962,0.9990235925,963.0401016,537.1578998,0.301798841,0.1683352867,0.1343349021,0.2023356713
real_20240707,real,2024-07-07,adapted,542,0.1686486114,19.58315157,-0.502859135,0.2528673096,0.0001807688956,0.9998192311,963.2929689,538.1577191,0.3018780849,0.1686486114,0.1346482268,0.202648996
real_20240707,real,2024-07-07,adapted,543,0.1689615173,19.5816726,-0.3591826824,0.1290121993,0.001517219527,0.9984827805,963.4219811,539.1562018,0.3019185149,0.1689615173,0.1349611327,0.2029619019
real_20240707,real,2024-07-07,adapted,544,0.169274747,19.55767356,0.1467209136,0.02152702648,0.0004843102424,0.9995156898,963.4435081,540.1557175,0.3019252611,0.169274747,0.1352743624,0.2032751316
real_20240707,real,2024-07-07,adapted,545,0.169587475,19.54926712,-0.4021277926,0.1617067616,0.002084732034,0.997915268,963.6052149,541.1536328,0.301975937,0.169587475,0.1355870904,0.2035878596
real_20240707,real,2024-07-07,adapted,546,0.1699006807,19.53354041,-0.1456161679,0.02120406835,0.0005607244755,0.9994392755,963.6264189,542.1530721,0.3019825819,0.1699006807,0.1359002961,0.2039010653
real_20240707,real,2024-07-07,adapted,547,0.1702138269,19.50378826,-0.2267255112,0.05140445743,0.000750390283,0.9992496097,963.6778234,543.1523217,0.3019986911,0.1702138269,0.1362134423,0.2042142115
real_20240707,real,2024-07-07,adapted,548,0.1705266095,19.49276794,-0.07705948026,0.005938163498,0.001910714785,0.9980892852,963.6837616,544.150411,0.302000552,0.1705266095,0.1365262249,0.2045269941
real_20240707,real,2024-07-07,adapted,549,0.1708396823,19.48862779,1.327558318,1.762411088,0.0009847177016,0.9990152823,965.4461726,545.1494263,0.3025528589,0.1708396823,0.1368392977,0.2048400669
real_20240707,real,2024-07-07,adapted,550,0.1711524645,19.46685037,0.09315284029,0.008677451653,0.00191212534,0.9980878747,965.4548501,546.1475141,0.3025555782,0.1711524645,0.1371520799,0.2051528491
real_20240707,real,2024-07-07,adapted,551,0.1714652627,19.45121128,0.2630763159,0.06920914801,0.001860730059,0.9981392699,965.5240592,547.1456534,0.3025772671,0.1714652627,0.1374648781,0.2054656473
real_20240707,real,2024-07-07,adapted,552,0.1717785713,19.43989164,-0.4870432641,0.2372111411,0.0002323364592,0.9997676635,965.7612704,548.1454211,0.3026516046,0.1717785713,0.1377781867,0.2057789559
real_20240707,real,2024-07-07,adapted,553,0.1720913954,19.43163954,-0.6906156586,0.4769499879,0.00177827645,0.9982217235,966.2382204,549.1436428,0.3028010719,0.1720913954,0.1380910108,0.20609178
real_20240707,real,2024-07-07,adapted,554,0.1724043796,19.42935013,-0.277338874,0.07691685103,0.001267442373,0.9987325576,966.3151372,550.1423753,0.3028251762,0.1724043796,0.138403995,0.2064047642
real_20240707,real,2024-07-07,adapted,555,0.1727177014,19.3974782,-0.4102103342,0.1682725183,0.0001901245932,0.9998098754,966.4834097,551.1421852,0.3028779097,0.1727177014,0.1387173168,0.206718086
real_20240707,real,2024-07-07,adapted,556,0.1730304727,19.38934935,-0.1500169755,0.02250509294,0.001946933894,0.9980530661,966.5059148,552.1402383,0.3028849623,0.1730304727,0.1390300881,0.2070308573
real_20240707,real,2024-07-07,adapted,557,0.1733437353,19.37362148,-0.6458241007,0.4170887691,0.0003789691992,0.9996210308,966.9230036,553.1398593,0.3030156702,0.1733437353,0.1393433507,0.2073441199
real_20240707,real,2024-07-07,adapted,558,0.1736568133,19.35941479,-0.1858776295,0.03455049313,0.0009680583119,0.9990319417,966.9575541,554.1388913,0.3030264977,0.1736568133,0.1396564287,0.2076571979
real_20240707,real,2024-07-07,adapted,559,0.1739700081,19.34539321,0.3338201113,0.1114358667,0.0005952928934,0.9994047071,967.06899,555.138296,0.3030614196,0.1739700081,0.1399696235,0.2079703927
real_20240707,real,2024-07-07,adapted,560,0.1742832404,19.33456088,2.441196684,5.959441252,0.0004756948102,0.9995243052,973.0284312,556.1378203,0.3049289976,0.1742832404,0.1402828558,0.208283625
real_20240707,real,2024-07-07,adapted,561,0.1745961469,19.32860807,0.5387769467,0.2902805983,0.001515554492,0.9984844455,973.3187118,557.1363047,0.3050199661,0.1745961469,0.1405957623,0.2085965315
real_20240707,real,2024-07-07,adapted,562,0.1749094448,19.31406026,-1.351276138,1.8259472,0.000266289776,0.9997337102,975.144659,558.1360384,0.305592184,0.1749094448,0.1409090602,0.2089098294
real_20240707,real,2024-07-07,adapted,563,0.1752225095,19.2923267,-0.2568656725,0.06597997373,0.001010671605,0.9989893284,975.210639,559.1350278,0.3056128609,0.1752225095,0.1412221249,0.2092228941
real_20240707,real,2024-07-07,adapted,564,0.1755358654,19.27004894,-0.6892363475,0.4750467427,8.123210806e-05,0.9999187679,975.6856857,560.1349465,0.3057617317,0.1755358654,0.1415354808,0.20953625
real_20240707,real,2024-07-07,adapted,565,0.1758489194,19.25479621,1.222801506,1.495243523,0.00104476238,0.9989552376,977.1809293,561.1339018,0.3062303131,0.1758489194,0.1418485348,0.209849304
real_20240707,real,2024-07-07,adapted,566,0.1761622405,19.24293262,1.731669857,2.998680493,0.0001923434976,0.9998076565,980.1796098,562.1337094,0.3071700438,0.1761622405,0.1421618559,0.2101626251
real_20240707,real,2024-07-07,adapted,567,0.1764755209,19.22867013,-1.056613683,1.116432476,0.0003222539498,0.9996777461,981.2960422,563.1333872,0.307519913,0.1764755209,0.1424751363,0.2104759055
real_20240707,real,2024-07-07,adapted,568,0.1767885275,19.21651091,-0.2201335384,0.04845877471,0.001195994229,0.9988040058,981.344501,564.1321912,0.307535099,0.1767885275,0.1427881429,0.2107889121
real_20240707,real,2024-07-07,adapted,569,0.1771017362,19.19848325,0.6951709774,0.4832626878,0.0005508272358,0.9994491728,981.8277637,565.1316403,0.3076865446,0.1771017362,0.1431013516,0.2111021208
real_20240707,real,2024-07-07,adapted,570,0.1774149863,19.17797883,-1.522089627,2.316756832,0.0004191953031,0.9995808047,984.1445205,566.1312211,0.308412573,0.1774149863,0.1434146017,0.2114153709
real_20240707,real,2024-07-07,adapted,571,0.1777281565,19.16928494,-0.04296476234,0.001845970803,0.0006736507649,0.9993263492,984.1463665,567.1305475,0.3084131515,0.1777281565,0.1437277719,0.2117285411
real_20240707,real,2024-07-07,adapted,572,0.1780414532,19.14781214,-1.455794331,2.119337133,0.0002701894446,0.9997298106,986.2657036,568.1302773,0.3090773123,0.1780414532,0.1440410686,0.2120418378
real_20240707,real,2024-07-07,adapted,573,0.1783546349,19.1320347,1.456390587,2.121073541,0.000637357916,0.9993626421,988.3867772,569.1296399,0.3097420173,0.1783546349,0.1443542503,0.2123550195
real_20240707,real,2024-07-07,adapted,574,0.1786674369,19.12444798,-0.05320215671,0.002830469478,0.001848737409,0.9981512626,988.3896076,570.1277912,0.3097429043,0.1786674369,0.1446670523,0.2126678215
real_20240707,real,2024-07-07,adapted,575,0.1789806764,19.11365727,-0.3057719315,0.0934964741,0.0004526752951,0.9995473247,988.4831041,571.1273385,0.3097722044,0.1789806764,0.1449802918,0.212981061
real_20240707,real,2024-07-07,adapted,576,0.1792934718,19.09498436,2.012533424,4.050290782,0.001870161159,0.9981298388,992.5333949,572.1254684,0.3110414901,0.1792934718,0.1452930872,0.2132938564
real_20240707,real,2024-07-07,adapted,577,0.1796059225,19.08007394,0.4453597926,0.1983453448,0.002969712171,0.9970302878,992.7317402,573.1224987,0.3111036478,0.1796059225,0.1456055379,0.2136063071
real_20240707,real,2024-07-07,adapted,578,0.1799190212,19.06380764,-0.1712240046,0.02931765976,0.0009019210203,0.999098079,992.7610579,574.1215967,0.3111128354,0.1799190212,0.1459186366,0.2139194058
real_20240707,real,2024-07-07,adapted,579,0.1802316523,19.05866523,-0.6131309295,0.3759295367,0.002394191978,0.997605808,993.1369874,575.1192025,0.3112306448,0.1802316523,0.1462312677,0.2142320369
real_20240707,real,2024-07-07,adapted,580,0.1805446511,19.03625986,-1.154191302,1.332157563,0.001220939853,0.9987790601,994.469145,576.1179816,0.3116481181,0.1805446511,0.1465442665,0.2145450357
real_20240707,real,2024-07-07,adapted,581,0.180857841,19.02639552,-0.9074520281,0.8234691833,0.0006109527693,0.9993890472,995.2926142,577.1173707,0.3119061781,0.180857841,0.1468574564,0.2148582256
real_20240707,real,2024-07-07,adapted,582,0.1811710029,19.01602112,0.06681180544,0.004463817346,0.0007005191924,0.9992994808,995.297078,578.1166701,0.3119075769,0.1811710029,0.1471706183,0.2151713875
real_20240707,real,2024-07-07,adapted,583,0.1814842916,19.00702613,1.053959134,1.110829856,0.0002957092599,0.9997042907,996.4079079,579.1163744,0.3122556903,0.1814842916,0.147483907,0.2154846762
real_20240707,real,2024-07-07,adapted,584,0.1817975136,19.00417526,-0.3251429963,0.105717968,0.0005086103106,0.9994913897,996.5136258,580.1158658,0.3122888204,0.1817975136,0.147797129,0.2157978982
real_20240707,real,2024-07-07,adapted,585,0.1821104468,18.9923108,1.566786169,2.4548189,0.00143001645,0.9985699835,998.9684447,581.1144358,0.3130581149,0.1821104468,0.1481100622,0.2161108314
real_20240707,real,2024-07-07,adapted,586,0.1824229249,18.98177698,0.200276837,0.04011081144,0.002882545106,0.9971174549,999.0085555,582.1115533,0.3130706849,0.1824229249,0.1484225403,0.2164233095
real_20240707,real,2024-07-07,adapted,587,0.1827357529,18.96956383,0.4529419473,0.2051564076,0.001765680339,0.9982343197,999.2137119,583.1097876,0.3131349771,0.1827357529,0.1487353683,0.2167361375
real_20240707,real,2024-07-07,adapted,588,0.1830490014,18.94453831,-0.506709011,0.2567540218,0.0004240303366,0.9995759697,999.470466,584.1093635,0.313215439,0.1830490014,0.1490486168,0.217049386
real_20240707,real,2024-07-07,adapted,589,0.1833615154,18.92615088,0.1221620128,0.01492355738,0.002767975511,0.9972320245,999.4853895,585.1065956,0.3132201158,0.1833615154,0.1493611308,0.2173619
real_20240707,real,2024-07-07,adapted,590,0.1836746597,18.92043129,0.1189729308,0.01415455826,0.0007565283417,0.9992434717,999.4995441,586.105839,0.3132245516,0.1836746597,0.1496742751,0.2176750443
real_20240707,real,2024-07-07,adapted,591,0.1839878279,18.89742455,-0.9089433818,0.8261780713,0.0006801945119,0.9993198055,1000.325722,587.1051588,0.3134834604,0.1839878279,0.1499874433,0.2179882125
real_20240707,real,2024-07-07,adapted,592,0.1843010653,18.89212908,-1.106307998,1.223917387,0.0004593161171,0.9995406839,1001.54964,588.1046995,0.3138670133,0.1843010653,0.1503006807,0.2183014499
real_20240707,real,2024-07-07,adapted,593,0.1846142114,18.88451341,0.2357996367,0.05560146866,0.0007508720796,0.9992491279,1001.605241,589.1039487,0.3138844378,0.1846142114,0.1506138268,0.218614596
real_20240707,real,2024-07-07,adapted,594,0.1849272821,18.86371356,0.6371420612,0.4059500062,0.0009915207687,0.9990084792,1002.011191,590.1029571,0.314011655,0.1849272821,0.1509268975,0.2189276667
real_20240707,real,2024-07-07,adapted,595,0.1852406096,18.85557287,0.762751317,0.5817895715,0.0001718786452,0.9998281214,1002.592981,591.1027853,0.314193977,0.1852406096,0.151240225,0.2192409942
real_20240707,real,2024-07-07,adapted,596,0.1855536974,18.8334497,-0.129906888,0.01687579954,0.0009368155722,0.9990631844,1002.609856,592.1018484,0.3141992656,0.1855536974,0.1515533128,0.219554082
real_20240707,real,2024-07-07,adapted,597,0.1858670077,18.81823043,-0.5983570239,0.3580311281,0.0002268499494,0.9997731501,1002.967888,593.1016216,0.3143114658,0.1858670077,0.1518666231,0.2198673923
real_20240707,real,2024-07-07,adapted,598,0.1861802063,18.81453555,0.8685581858,0.7543933221,0.0005834183567,0.9994165816,1003.722281,594.1010382,0.3145478787,0.1861802063,0.1521798217,0.2201805909
real_20240707,real,2024-07-07,adapted,599,0.1864932657,18.78369833,-0.9938403045,0.9877185508,0.001027211056,0.9989727889,1004.709999,595.100011,0.3148574113,0.1864932657,0.1524928811,0.2204936503
real_20240707,real,2024-07-07,adapted,600,0.1868065137,18.77965813,-0.2976595889,0.08860123084,0.0004257234563,0.9995742765,1004.798601,596.0995852,0.3148851773,0.1868065137,0.1528061291,0.2208068983
real_20240707,real,2024-07-07,adapted,601,0.1871197205,18.77383007,0.01097479461,0.0001204461168,0.0005569810371,0.999443019,1004.798721,597.0990283,0.314885215,0.1871197205,0.1531193359,0.2211201051
real_20240707,real,2024-07-07,adapted,602,0.1874328468,18.75767155,-0.1510855972,0.02282685769,0.0008142128285,0.9991857872,1004.821548,598.098214,0.3148923685,0.1874328468,0.1534324622,0.2214332314
real_20240707,real,2024-07-07,adapted,603,0.1877457988,18.74041621,0.597231922,0.3566859686,0.00136997893,0.9986300211,1005.178234,599.0968441,0.3150041473,0.1877457988,0.1537454142,0.2217461834
real_20240707,real,2024-07-07,adapted,604,0.1880590707,18.71837507,-0.8826390879,0.7790517596,0.0003493059054,0.9996506941,1005.957286,600.0964948,0.3152482876,0.1880590707,0.1540586861,0.2220594553
real_20240707,real,2024-07-07,adapted,605,0.1883720706,18.70405274,0.625957082,0.3918222685,0.001217371324,0.9987826287,1006.349108,601.0952774,0.3153710774,0.1883720706,0.154371686,0.2223724552
real_20240707,real,2024-07-07,adapted,606,0.188685254,18.70247254,-0.848541661,0.7200229504,0.0006319805194,0.9993680195,1007.069131,602.0946454,0.3155967192,0.188685254,0.1546848694,0.2226856386
real_20240707,real,2024-07-07,adapted,607,0.1889983505,18.69280437,-1.058280653,1.11995794,0.0009090054202,0.9990909946,1008.189089,603.0937364,0.3159476931,0.1889983505,0.1549979659,0.2229987351
real_20240707,real,2024-07-07,adapted,608,0.1893114579,18.68022511,0.6139050066,0.3768793572,0.0008743625867,0.9991256374,1008.565968,604.092862,0.3160658001,0.1893114579,0.1553110733,0.2233118425
real_20240707,real,2024-07-07,adapted,609,0.1896247424,18.65997019,0.6575100893,0.4323195176,0.0003090029827,0.999690997,1008.998288,605.092553,0.316201281,0.1896247424,0.1556243578,0.223625127
real_20240707,real,2024-07-07,adapted,610,0.1899375391,18.64261669,-0.5705040109,0.3254748264,0.001865913311,0.9981340867,1009.323763,606.0906871,0.3163032788,0.1899375391,0.1559371545,0.2239379237
real_20240707,real,2024-07-07,adapted,611,0.1902507838,18.64067174,-0.2496860257,0.06234311144,0.0004358981037,0.9995641019,1009.386106,607.0902512,0.3163228159,0.1902507838,0.1562503992,0.2242511684
real_20240707,real,2024-07-07,adapted,612,0.1905640197,18.6274359,-0.8229975096,0.6773249008,0.0004642902406,0.9995357098,1010.063431,608.0897869,0.3165350769,0.1905640197,0.1565636351,0.2245644043
real_20240707,real,2024-07-07,adapted,613,0.1908768765,18.61221204,1.163511619,1.353759289,0.001674114263,0.9983258857,1011.41719,609.0881128,0.3169593199,0.1908768765,0.1568764919,0.2248772611
real_20240707,real,2024-07-07,adapted,614,0.1911901231,18.58641753,-0.3295034998,0.1085725564,0.0004300737026,0.9995699263,1011.525762,610.0876827,0.3169933445,0.1911901231,0.1571897385,0.2251905077
real_20240707,real,2024-07-07,adapted,615,0.1915033751,18.57372978,0.2515645927,0.06328474432,0.0004128091051,0.9995871909,1011.589047,611.0872699,0.3170131768,0.1915033751,0.1575029905,0.2255037597
real_20240707,real,2024-07-07,adapted,616,0.191816621,18.55487718,-0.2425682795,0.0588393702,0.0004321713422,0.9995678287,1011.647886,612.0868378,0.3170316159,0.191816621,0.1578162364,0.2258170056
real_20240707,real,2024-07-07,adapted,617,0.1921299535,18.55248392,0.3922683814,0.153874483,0.0001560501523,0.9998439498,1011.801761,613.0866817,0.3170798373,0.1921299535,0.1581295689,0.2261303381
real_20240707,real,2024-07-07,adapted,618,0.1924431719,18.53115781,-0.0776343174,0.006027087238,0.0005203365033,0.9994796635,1011.807788,614.0861614,0.3170817261,0.1924431719,0.1584427873,0.2264435565
real_20240707,real,2024-07-07,adapted,619,0.1927563361,18.51452153,0.3722821427,0.1385939938,0.0006930221855,0.9993069778,1011.946382,615.0854684,0.3171251589,0.1927563361,0.1587559515,0.2267567207
real_20240707,real,2024-07-07,adapted,620,0.1930687579,18.50180685,0.3014616151,0.09087910535,0.003061835691,0.9969381643,1012.037261,616.0824065,0.3171536387,0.1930687579,0.1590683733,0.2270691425
real_20240707,real,2024-07-07,adapted,621,0.1933819041,18.48652278,-0.3729213766,0.1390703532,0.0007505329981,0.999249467,1012.176331,617.081656,0.3171972208,0.1933819041,0.1593815195,0.2273822887
real_20240707,real,2024-07-07,adapted,622,0.1936951554,18.47953798,0.1417894633,0.02010425191,0.0004150281676,0.9995849718,1012.196436,618.081241,0.3172035211,0.1936951554,0.1596947708,0.22769554
real_20240707,real,2024-07-07,adapted,623,0.1940080063,18.46677624,1.905925138,3.632550631,0.001692917784,0.9983070822,1015.828986,619.079548,0.3183418948,0.1940080063,0.1600076217,0.2280083909
real_20240707,real,2024-07-07,adapted,624,0.1943212529,18.45362861,1.008667397,1.017409918,0.0004300332759,0.9995699667,1016.846396,620.079118,0.3186607322,0.1943212529,0.1603208683,0.2283216375
real_20240707,real,2024-07-07,adapted,625,0.1946343689,18.43645803,-1.653640668,2.734527459,0.0008468658892,0.9991531341,1019.580924,621.0782711,0.3195176822,0.1946343689,0.1606339843,0.2286347535
real_20240707,real,2024-07-07,adapted,626,0.1949473533,18.43179693,-0.08657490665,0.007495214462,0.00126672328,0.9987332767,1019.588419,622.0770044,0.319520031,0.1949473533,0.1609469687,0.2289477379
real_20240707,real,2024-07-07,adapted,627,0.1952606897,18.40964079,0.4641424529,0.2154282166,0.0001436441253,0.9998563559,1019.803847,623.0768608,0.3195875422,0.1952606897,0.1612603051,0.2292610743
real_20240707,real,2024-07-07,adapted,628,0.1955739856,18.38452699,-0.6742164675,0.454567845,0.0002727615939,0.9997272384,1020.258415,624.076588,0.3197299953,0.1955739856,0.161573601,0.2295743702
real_20240707,real,2024-07-07,adapted,629,0.1958871978,18.3813752,-1.430239342,2.045584576,0.0005399319173,0.9994600681,1022.304,625.0760481,0.3203710434,0.1958871978,0.1618868132,0.2298875824
real_20240707,real,2024-07-07,adapted,630,0.1962001497,18.373466,-1.383417509,1.913844005,0.001370443611,0.9986295564,1024.217844,626.0746776,0.3209708065,0.1962001497,0.1621997651,0.2302005343
real_20240707,real,2024-07-07,adapted,631,0.1965131309,18.35184666,-1.038501022,1.078484373,0.001277026958,0.998722973,1025.296328,627.0734006,0.3213087834,0.1965131309,0.1625127463,0.2305135155
real_20240707,real,2024-07-07,adapted,632,0.1968261792,18.34351845,1.698177121,2.883805536,0.001062853908,0.9989371461,1028.180134,628.0723378,0.3222125144,0.1968261792,0.1628257946,0.2308265638
real_20240707,real,2024-07-07,adapted,633,0.1971393432,18.31482652,1.016921798,1.034129943,0.0006936055116,0.9993063945,1029.214263,629.0716442,0.3225365915,0.1971393432,0.1631389586,0.2311397278
real_20240707,real,2024-07-07,adapted,634,0.1974524618,18.30741283,0.4626723269,0.2140656821,0.0008384602163,0.9991615398,1029.428329,630.0708057,0.3226036757,0.1974524618,0.1634520772,0.2314528464
real_20240707,real,2024-07-07,adapted,635,0.1977656324,18.30263137,-0.8906984155,0.7933436674,0.0006725441163,0.9993274559,1030.221673,631.0701331,0.3228522948,0.1977656324,0.1637652478,0.231766017
real_20240707,real,2024-07-07,adapted,636,0.1980788668,18.28056718,-0.2213057695,0.04897624362,0.0004693471269,0.9995306529,1030.270649,632.0696638,0.3228676431,0.1980788668,0.1640784821,0.2320792514
real_20240707,real,2024-07-07,adapted,637,0.1983920405,18.26801016,-1.29345177,1.67301748,0.0006626486165,0.9993373514,1031.943667,633.0690012,0.3233919356,0.1983920405,0.1643916559,0.2323924251
real_20240707,real,2024-07-07,adapted,638,0.198704714,18.26411822,-1.079154158,1.164573697,0.002258667968,0.997741332,1033.10824,634.0667425,0.3237568913,0.198704714,0.1647043294,0.2327050986
real_20240707,real,2024-07-07,adapted,639,0.1990179085,18.25111927,0.1623308921,0.02635131854,0.0005964230464,0.999403577,1033.134592,635.0661461,0.3237651493,0.1990179085,0.1650175239,0.2330182931
real_20240707,real,2024-07-07,adapted,640,0.1993310193,18.2382047,-0.9337165998,0.8718266887,0.0008635283697,0.9991364716,1034.006418,636.0652825,0.3240383636,0.1993310193,0.1653306347,0.2333314039
real_20240707,real,2024-07-07,adapted,641,0.1996443534,18.23541085,0.7575258049,0.5738453451,0.0001508609925,0.999849139,1034.580264,637.0651317,0.324218196,0.1996443534,0.1656439688,0.233644738
real_20240707,real,2024-07-07,adapted,642,0.199957599,18.22882924,-0.1843817724,0.03399663801,0.0004332363952,0.9995667636,1034.61426,638.0646984,0.32422885,0.199957599,0.1659572144,0.2339579836
real_20240707,real,2024-07-07,adapted,643,0.2002707562,18.21705964,3.073519664,9.446523123,0.0007153911026,0.9992846089,1044.060783,639.063983,0.3271892145,0.2002707562,0.1662703716,0.2342711408
real_20240707,real,2024-07-07,adapted,644,0.2005839057,18.18975117,-1.713590651,2.93639292,0.0007399609699,0.999260039,1046.997176,640.0632431,0.3281094253,0.2005839057,0.1665835211,0.2345842903
real_20240707,real,2024-07-07,adapted,645,0.2008970527,18.17759949,0.8935110522,0.7983620003,0.0007477766213,0.9992522234,1047.795538,641.0624953,0.3283596171,0.2008970527,0.1668966681,0.2348974373
real_20240707,real,2024-07-07,adapted,646,0.2012102207,18.16374088,0.1004553085,0.01009126901,0.0006810525493,0.9993189475,1047.80563,642.0618143,0.3283627795,0.2012102207,0.1672098361,0.2352106053
real_20240707,real,2024-07-07,adapted,647,0.2015235033,18.14806907,-0.1532452832,0.02348411683,0.0003152802166,0.9996847198,1047.829114,643.061499,0.328370139,0.2015235033,0.1675231187,0.2355238879
real_20240707,real,2024-07-07,adapted,648,0.2018367503,18.14700105,-1.023562827,1.04768086,0.0004287871834,0.9995712128,1048.876795,644.0610702,0.3286984627,0.2018367503,0.1678363657,0.2358371349
real_20240707,real,2024-07-07,adapted,649,0.2021498738,18.1390604,-0.9063584878,0.8214857084,0.0008229130397,0.999177087,1049.69828,645.0602473,0.328955901,0.2021498738,0.1681494892,0.2361502584
real_20240707,real,2024-07-07,adapted,650,0.2024628838,18.12825367,-1.481944585,2.196159752,0.001185138134,0.9988148619,1051.89444,646.0590621,0.3296441366,0.2024628838,0.1684624992,0.2364632684
real_20240707,real,2024-07-07,adapted,651,0.2027762139,18.11692353,-0.1029814185,0.01060517256,0.0001635874927,0.9998364125,1051.905045,647.0588985,0.3296474601,0.2027762139,0.1687758293,0.2367765985
real_20240707,real,2024-07-07,adapted,652,0.2030894436,18.09635233,-0.6687444036,0.4472190774,0.0004840752023,0.9995159248,1052.352264,648.0584145,0.3297876102,0.2030894436,0.169089059,0.2370898282
real_20240707,real,2024-07-07,adapted,653,0.2034026801,18.0772409,-0.6812271013,0.4640703636,0.0004623889392,0.9995376111,1052.816335,649.0579521,0.3299330412,0.2034026801,0.1694022955,0.2374030647
real_20240707,real,2024-07-07,adapted,654,0.2037158357,18.05987973,-0.5454286994,0.2974924662,0.0007203523904,0.9992796476,1053.113827,650.0572317,0.3300262698,0.2037158357,0.1697154511,0.2377162203
real_20240707,real,2024-07-07,adapted,655,0.2040283013,18.04400567,-0.2865065269,0.08208598997,0.00292235745,0.9970776425,1053.195913,651.0543094,0.3300519941,0.2040283013,0.1700279167,0.2380286859
real_20240707,real,2024-07-07,adapted,656,0.2043415685,18.0389762,0.2541812054,0.06460808518,0.0003642124885,0.9996357875,1053.260521,652.0539452,0.330072241,0.2043415685,0.1703411839,0.2383419531
real_20240707,real,2024-07-07,adapted,657,0.2046546405,18.03180396,-1.095805699,1.200790131,0.0009871741372,0.9990128259,1054.461311,653.052958,0.3304485463,0.2046546405,0.1706542559,0.2386550251
real_20240707,real,2024-07-07,adapted,658,0.204967844,18.02191464,-0.02209612231,0.0004882386212,0.0005676279277,0.9994323721,1054.4618,654.0523904,0.3304486993,0.204967844,0.1709674594,0.2389682286
real_20240707,real,2024-07-07,adapted,659,0.205281005,18.00809691,0.5484244133,0.3007693372,0.0007033320387,0.999296668,1054.762569,655.051687,0.3305429548,0.205281005,0.1712806204,0.2392813896
real_20240707,real,2024-07-07,adapted,660,0.2055938993,17.98734956,0.4880206536,0.2381641583,0.001554459359,0.9984455406,1055.000733,656.0501326,0.330617591,0.2055938993,0.1715935147,0.2395942839
real_20240707,real,2024-07-07,adapted,661,0.2059072079,17.98119836,0.9254285321,0.8564179681,0.0002323175588,0.9997676824,1055.857151,657.0499002,0.3308859765,0.2059072079,0.1719068232,0.2399075925
real_20240707,real,2024-07-07,adapted,662,0.2062204123,17.97297832,1.010241069,1.020587017,0.0005644876031,0.9994355124,1056.877738,658.0493358,0.3312058095,0.2062204123,0.1722200277,0.2402207969
real_20240707,real,2024-07-07,adapted,663,0.206533373,17.95952268,-0.9618051576,0.9250691611,0.001342608269,0.9986573917,1057.802807,659.0479932,0.3314957089,0.206533373,0.1725329884,0.2405337576
real_20240707,real,2024-07-07,adapted,664,0.2068467066,17.95078293,-0.6632044608,0.4398401568,0.0001522655214,0.9998477345,1058.242647,660.0478409,0.3316335466,0.2068467066,0.172846322,0.2408470912
real_20240707,real,2024-07-07,adapted,665,0.2071597931,17.94263742,0.5266280309,0.277337083,0.0009411688104,0.9990588312,1058.519984,661.0468997,0.3317204589,0.2071597931,0.1731594085,0.2411601777
real_20240707,real,2024-07-07,adapted,666,0.2074730497,17.93777878,0.7840111379,0.6146734644,0.0003980116147,0.9996019884,1059.134658,662.0465017,0.3319130861,0.2074730497,0.1734726651,0.2414734343
real_20240707,real,2024-07-07,adapted,667,0.2077862484,17.91049434,-0.1459243872,0.02129392677,0.0005831913217,0.9994168087,1059.155952,663.0459185,0.3319197593,0.2077862484,0.1737858638,0.241786633
real_20240707,real,2024-07-07,adapted,668,0.2080994463,17.89832036,-1.041956181,1.085672683,0.0005852830335,0.999414717,1060.241624,664.0453332,0.3322599889,0.2080994463,0.1740990617,0.2420998309
real_20240707,real,2024-07-07,adapted,669,0.2084123607,17.88835613,-0.6872912944,0.4723693234,0.001490144476,0.9985098555,1060.713994,665.0438431,0.3324080206,0.2084123607,0.1744119761,0.2424127453
real_20240707,real,2024-07-07,adapted,670,0.2087252644,17.86418587,-0.9436562983,0.8904872094,0.001524423009,0.998475577,1061.604481,666.0423187,0.3326870827,0.2087252644,0.1747248798,0.242725649
real_20240707,real,2024-07-07,adapted,671,0.2090384319,17.85260494,-1.156827703,1.338250334,0.0006825816787,0.9993174183,1062.942731,667.0416361,0.3331064655,0.2090384319,0.1750380473,0.2430388165
real_20240707,real,2024-07-07,adapted,672,0.2093516316,17.84657042,0.8218029049,0.6753600145,0.0005794951499,0.9994205049,1063.618091,668.0410566,0.3333181107,0.2093516316,0.175351247,0.2433520162
real_20240707,real,2024-07-07,adapted,673,0.2096647153,17.83471325,-1.066641892,1.137724925,0.0009501495225,0.9990498505,1064.755816,669.0401064,0.3336746525,0.2096647153,0.1756643307,0.2436650999
real_20240707,real,2024-07-07,adapted,674,0.2099778632,17.82314355,-1.997979395,3.991921665,0.0007450767904,0.9992549232,1068.747738,670.0393614,0.3349256465,0.2099778632,0.1759774786,0.2439782478
real_20240707,real,2024-07-07,adapted,675,0.2102910761,17.81691992,0.1302571599,0.0169669277,0.0005374843286,0.9994625157,1068.764705,671.0388239,0.3349309636,0.2102910761,0.1762906915,0.2442914607
real_20240707,real,2024-07-07,adapted,676,0.2106043449,17.80107818,-0.583543826,0.3405233969,0.0003593295374,0.9996406705,1069.105228,672.0384645,0.3350376773,0.2106043449,0.1766039603,0.2446047295
real_20240707,real,2024-07-07,adapted,677,0.2109175752,17.78285989,0.1693176745,0.0286684749,0.0004821399355,0.9995178601,1069.133897,673.0379824,0.3350466615,0.2109175752,0.1769171906,0.2449179598
real_20240707,real,2024-07-07,adapted,678,0.2112308989,17.76844351,0.1711919437,0.02930668158,0.0001839748929,0.9998160251,1069.163203,674.0377984,0.3350558456,0.2112308989,0.1772305143,0.2452312835
real_20240707,real,2024-07-07,adapted,679,0.2115441494,17.76115077,-0.09976460919,0.009952977246,0.0004177081667,0.9995822918,1069.173156,675.0373807,0.3350589647,0.2115441494,0.1775437648,0.245544534
real_20240707,real,2024-07-07,adapted,680,0.2118573904,17.74697882,0.3460200887,0.1197299018,0.0004479060119,0.999552094,1069.292886,676.0369328,0.3350964858,0.2118573904,0.1778570058,0.245857775
real_20240707,real,2024-07-07,adapted,681,0.2121704564,17.7446709,-0.0286059832,0.000818302275,0.001006390254,0.9989936097,1069.293705,677.0359264,0.3350967423,0.2121704564,0.1781700718,0.246170841
real_20240707,real,2024-07-07,adapted,682,0.2124837779,17.73066689,0.5983350238,0.3580048007,0.0001911076579,0.9998088923,1069.651709,678.0357353,0.3352089343,0.2124837779,0.1784833933,0.2464841625
real_20240707,real,2024-07-07,adapted,683,0.2127970382,17.7157375,-0.2777377225,0.07713824251,0.0003865180988,0.9996134819,1069.728848,679.0353488,0.335233108,0.2127970382,0.1787966536,0.2467974228
real_20240707,real,2024-07-07,adapted,684,0.2131103538,17.71123643,1.164663974,1.356442172,0.0002099108454,0.9997900892,1071.08529,680.0351389,0.3356581917,0.2131103538,0.1791099692,0.2471107384
real_20240707,real,2024-07-07,adapted,685,0.2134237108,17.70829747,-1.434748754,2.058503987,7.760274845e-05,0.9999223973,1073.143794,681.0350613,0.3363032886,0.2134237108,0.1794233262,0.2474240954
real_20240707,real,2024-07-07,adapted,686,0.2137368029,17.69686526,0.9619707332,0.9253876915,0.0009232551059,0.9990767449,1074.069181,682.034138,0.3365932878,0.2137368029,0.1797364183,0.2477371875
real_20240707,real,2024-07-07,adapted,687,0.2140497584,17.68780332,-0.8433571748,0.7112513243,0.001359030378,0.9986409696,1074.780433,683.032779,0.3368161808,0.2140497584,0.1800493738,0.248050143
real_20240707,real,2024-07-07,adapted,688,0.2143627863,17.66696305,1.634876298,2.672820509,0.001127829872,0.9988721701,1077.453253,684.0316512,0.337653793,0.2143627863,0.1803624017,0.2483631709
real_20240707,real,2024-07-07,adapted,689,0.2146757728,17.6588596,-1.143790817,1.308257432,0.001260056696,0.9987399433,1078.761511,685.0303911,0.3380637765,0.2146757728,0.1806753882,0.2486761574
real_20240707,real,2024-07-07,adapted,690,0.2149889161,17.6482989,-0.4247662908,0.1804264018,0.0007597629734,0.999240237,1078.941937,686.0296314,0.3381203188,0.2149889161,0.1809885315,0.2489893007
real_20240707,real,2024-07-07,adapted,691,0.2153020777,17.62785044,0.4672042045,0.2182797687,0.0007014364703,0.9992985635,1079.160217,687.0289299,0.3381887236,0.2153020777,0.1813016931,0.2493024623
real_20240707,real,2024-07-07,adapted,692,0.2156152533,17.61418989,-0.2655138647,0.07049761237,0.0006566620801,0.9993433379,1079.230715,688.0282733,0.3382108162,0.2156152533,0.1816148687,0.2496156379
real_20240707,real,2024-07-07,adapted,693,0.2159284984,17.6097009,0.2675036217,0.0715581876,0.0004350074829,0.9995649925,1079.302273,689.0278382,0.3382332412,0.2159284984,0.1819281138,0.249928883
real_20240707,real,2024-07-07,adapted,694,0.2162410972,17.60333868,-0.09813114281,0.009629721189,0.002497092586,0.9975029074,1079.311902,690.0253412,0.338236259,0.2162410972,0.1822407126,0.2502414818
real_20240707,real,2024-07-07,adapted,695,0.2165541388,17.58981057,-2.136938624,4.566506682,0.001084158046,0.998915842,1083.878409,691.024257,0.3396673172,0.2165541388,0.1825537542,0.2505545234
real_20240707,real,2024-07-07,adapted,696,0.2168672961,17.5802294,-1.272346251,1.618864983,0.0007150971292,0.9992849029,1085.497274,692.0235419,0.3401746393,0.2168672961,0.1828669115,0.2508676807
real_20240707,real,2024-07-07,adapted,697,0.2171799412,17.57060573,1.038011017,1.077466871,0.002349648779,0.9976503512,1086.574741,693.0211923,0.3405122974,0.2171799412,0.1831795566,0.2511803258
real_20240707,real,2024-07-07,adapted,698,0.2174932442,17.56382548,0.589619259,0.3476508705,0.0002499643341,0.9997500357,1086.922392,694.0209423,0.3406212447,0.2174932442,0.1834928596,0.2514936288
real_20240707,real,2024-07-07,adapted,699,0.2178064103,17.55694872,1.296857892,1.681840393,0.000687140502,0.9993128595,1088.604232,695.0202551,0.3411483022,0.2178064103,0.1838060257,0.2518067949
real_20240707,real,2024-07-07,adapted,700,0.218119632,17.54291522,-0.08220030898,0.006756890797,0.0005094427751,0.9994905572,1088.610989,696.0197457,0.3411504197,0.218119632,0.1841192474,0.2521200166
real_20240707,real,2024-07-07,adapted,701,0.2184325796,17.53500424,-1.067311662,1.139154184,0.001384335852,0.9986156641,1089.750143,697.0183614,0.3415074094,0.2184325796,0.184432195,0.2524329642
real_20240707,real,2024-07-07,adapted,702,0.2187458744,17.50390772,-0.1569701028,0.02463961317,0.0002762418782,0.9997237581,1089.774783,698.0180851,0.341515131,0.2187458744,0.1847454898,0.252746259
real_20240707,real,2024-07-07,adapted,703,0.2190591701,17.4980189,-0.6155891675,0.3789500231,0.0002734866724,0.9997265133,1090.153733,699.0178116,0.3416338869,0.2190591701,0.1850587855,0.2530595547
real_20240707,real,2024-07-07,adapted,704,0.2193724616,17.48746251,1.664766466,2.771447385,0.0002866713951,0.9997133286,1092.92518,700.017525,0.3425024069,0.2193724616,0.185372077,0.2533728462
real_20240707,real,2024-07-07,adapted,705,0.2196857813,17.48564243,-2.195398898,4.819776323,0.0001968967944,0.9998031032,1097.744957,701.0173281,0.3440128351,0.2196857813,0.1856853967,0.2536861659
real_20240707,real,2024-07-07,adapted,706,0.2199989665,17.46439869,0.2765011259,0.07645287262,0.0006258318413,0.9993741682,1097.82141,702.0167022,0.344036794,0.2199989665,0.1859985819,0.2539993511
real_20240707,real,2024-07-07,adapted,707,0.2203122762,17.45916633,1.103051861,1.216723408,0.0002288859756,0.999771114,1099.038133,703.0164734,0.3444180924,0.2203122762,0.1863118916,0.2543126608
real_20240707,real,2024-07-07,adapted,708,0.2206254424,17.43321117,-0.3056488505,0.09342121984,0.0006866475893,0.9993133524,1099.131554,704.0157867,0.3444473689,0.2206254424,0.1866250578,0.254625827
real_20240707,real,2024-07-07,adapted,709,0.2209384085,17.4213464,-0.2273885658,0.05170555985,0.001325241567,0.9986747584,1099.18326,705.0144615,0.3444635725,0.2209384085,0.1869380239,0.2549387931
real_20240707,real,2024-07-07,adapted,710,0.2212516804,17.41075545,0.02332634167,0.0005441182159,0.0003494508101,0.9996505492,1099.183804,706.014112,0.344463743,0.2212516804,0.1872512958,0.255252065
real_20240707,real,2024-07-07,adapted,711,0.2215645345,17.40215055,0.09650468085,0.009313153426,0.001682540222,0.9983174598,1099.193117,707.0124295,0.3444666615,0.2215645345,0.1875641499,0.2555649191
real_20240707,real,2024-07-07,adapted,712,0.2218775492,17.3819843,0.9070235551,0.8226917294,0.001169976496,0.9988300235,1100.015809,708.0112595,0.3447244778,0.2218775492,0.1878771646,0.2558779338
real_20240707,real,2024-07-07,adapted,713,0.2221907033,17.37624434,0.9613356695,0.9241662695,0.0007252274251,0.9992747726,1100.939975,709.0105343,0.3450140943,0.2221907033,0.1881903187,0.2561910879
real_20240707,real,2024-07-07,adapted,714,0.222503676,17.36114183,-0.5701950322,0.3251223748,0.00130423923,0.9986957608,1101.265097,710.00923,0.3451159816,0.222503676,0.1885032914,0.2565040606
real_20240707,real,2024-07-07,adapted,715,0.2228164126,17.36023363,0.6901434754,0.4762980167,0.002057333966,0.997942666,1101.741395,711.0071727,0.3452652446,0.2228164126,0.188816028,0.2568167972
real_20240707,real,2024-07-07,adapted,716,0.2231296706,17.35726829,-0.2052005501,0.04210726578,0.0003936878818,0.9996063121,1101.783503,712.006779,0.3452784402,0.2231296706,0.189129286,0.2571300552
real_20240707,real,2024-07-07,adapted,717,0.2234426974,17.34495442,0.2598053149,0.06749880166,0.001131737142,0.9988682629,1101.851001,713.0056473,0.3452995931,0.2234426974,0.1894423128,0.257443082
real_20240707,real,2024-07-07,adapted,718,0.2237555625,17.33404184,-0.05050323715,0.002550576962,0.001647484865,0.9983525151,1101.853552,714.0039998,0.3453003924,0.2237555625,0.1897551779,0.2577559471
real_20240707,real,2024-07-07,adapted,719,0.2240686698,17.33037567,-0.04696550537,0.002205758694,0.000874438058,0.9991255619,1101.855758,715.0031253,0.3453010836,0.2240686698,0.1900682852,0.2580690544
real_20240707,real,2024-07-07,adapted,720,0.2243819995,17.3144632,0.8826035471,0.7789890213,0.0001648009105,0.9998351991,1102.634747,716.0029605,0.3455452043,0.2243819995,0.1903816149,0.2583823841
real_20240707,real,2024-07-07,adapted,721,0.2246951446,17.30251557,-1.693359863,2.867467624,0.000754169724,0.9992458303,1105.502214,717.0022064,0.3464438152,0.2246951446,0.19069476,0.2586955292
real_20240707,real,2024-07-07,adapted,722,0.2250084126,17.28713585,0.2295827291,0.05270822952,0.0003618407883,0.9996381592,1105.554923,718.0018445,0.346460333,0.2250084126,0.191008028,0.2590087972
real_20240707,real,2024-07-07,adapted,723,0.2253212932,17.28527421,0.3546299514,0.1257624024,0.001597883892,0.9984021161,1105.680685,719.0002467,0.3464997446,0.2253212932,0.1913209086,0.2593216778
real_20240707,real,2024-07-07,adapted,724,0.2256344189,17.27056193,-1.234985394,1.525188924,0.0008160473457,0.9991839527,1107.205874,719.9994306,0.3469777104,0.2256344189,0.1916340343,0.2596348035
real_20240707,real,2024-07-07,adapted,725,0.2259477449,17.25741533,-1.647899905,2.715574096,0.000176695088,0.9998233049,1109.921448,720.9992539,0.3478287208,0.2259477449,0.1919473603,0.2599481295
real_20240707,real,2024-07-07,adapted,726,0.2262610535,17.25531302,-0.1852290745,0.03430981004,0.00023230814,0.9997676919,1109.955758,721.9990216,0.3478394729,0.2262610535,0.1922606689,0.2602614381
real_20240707,real,2024-07-07,adapted,727,0.2265741907,17.25091527,-0.6035724165,0.364299662,0.0007791683996,0.9992208316,1110.320058,722.9982424,0.3479536376,0.2265741907,0.1925738061,0.2605745753
real_20240707,real,2024-07-07,adapted,728,0.2268868915,17.23161481,0.9537407699,0.9096214561,0.002171701022,0.997828299,1111.229679,723.9960707,0.348238696,0.2268868915,0.1928865069,0.2608872761
real_20240707,real,2024-07-07,adapted,729,0.2272001366,17.21174119,-1.177357318,1.386170255,0.0004347543361,0.9995652457,1112.615849,724.995636,0.348673096,0.2272001366,0.193199752,0.2612005212
real_20240707,real,2024-07-07,adapted,730,0.2275127467,17.20188998,-1.591454255,2.532726647,0.002461265931,0.9975387341,1115.148576,725.9931747,0.3494668054,0.2275127467,0.1935123621,0.2615131313
real_20240707,real,2024-07-07,adapted,731,0.2278259126,17.19761378,-0.05651301035,0.003193720338,0.0006875112946,0.9993124887,1115.15177,726.9924872,0.3494678062,0.2278259126,0.193825528,0.2618262972
real_20240707,real,2024-07-07,adapted,732,0.22813855,17.19447673,0.1888414471,0.03566109216,0.002374177399,0.9976258226,1115.187431,727.990113,0.3494789817,0.22813855,0.1941381654,0.2621389346
real_20240707,real,2024-07-07,adapted,733,0.228451351,17.16545591,-0.5786350048,0.3348184688,0.001852034501,0.9981479655,1115.522249,728.988261,0.3495839076,0.228451351,0.1944509664,0.2624517356
real_20240707,real,2024-07-07,adapted,734,0.2287644605,17.15904363,0.4242785897,0.1800123217,0.0008675969071,0.9991324031,1115.702262,729.9873934,0.3496403201,0.2287644605,0.1947640759,0.2627648451
real_20240707,real,2024-07-07,adapted,735,0.2290775804,17.14397845,-0.5106143276,0.2607269916,0.0008343442643,0.9991656557,1115.962989,730.986559,0.3497220271,0.2290775804,0.1950771958,0.263077965
real_20240707,real,2024-07-07,adapted,736,0.229390846,17.13848799,-0.06366727109,0.004053521408,0.0003695187599,0.9996304812,1115.967042,731.9861895,0.3497232974,0.229390846,0.1953904614,0.2633912306
real_20240707,real,2024-07-07,adapted,737,0.2297041535,17.13293975,-0.01696228625,0.000287719155,0.0002355967026,0.9997644033,1115.96733,732.9859539,0.3497233876,0.2297041535,0.1957037689,0.2637045381
real_20240707,real,2024-07-07,adapted,738,0.2300169713,17.11651802,0.9028572223,0.8151511639,0.001798460784,0.9982015392,1116.782481,733.9841555,0.3499788408,0.2300169713,0.1960165867,0.2640173559
real_20240707,real,2024-07-07,adapted,739,0.2303300268,17.1126422,-0.6034344917,0.3641331857,0.001040049492,0.9989599505,1117.146614,734.9831154,0.3500929533,0.2303300268,0.1963296422,0.2643304114
real_20240707,real,2024-07-07,adapted,740,0.2306429735,17.10217683,-1.336638914,1.786603587,0.001387008616,0.9986129914,1118.933218,735.9817284,0.3506528416,0.2306429735,0.1966425889,0.2646433581
real_20240707,real,2024-07-07,adapted,741,0.2309554752,17.08902966,1.249863173,1.562157951,0.002806975837,0.9971930242,1120.495376,736.9789214,0.3511423929,0.2309554752,0.1969550906,0.2649558598
real_20240707,real,2024-07-07,adapted,742,0.2312685916,17.07982336,-1.901532196,3.615824692,0.0008455229381,0.9991544771,1124.1112,737.9780759,0.352275525,0.2312685916,0.197268207,0.2652689762
real_20240707,real,2024-07-07,adapted,743,0.2315817846,17.07059351,1.544585413,2.385744097,0.00060120934,0.9993987907,1126.496944,738.9774747,0.3530231728,0.2315817846,0.1975814,0.2655821692
real_20240707,real,2024-07-07,adapted,744,0.231895082,17.0670693,-0.1784667358,0.03185037577,0.0002679691745,0.9997320308,1126.528795,739.9772067,0.3530331541,0.231895082,0.1978946974,0.2658954666
real_20240707,real,2024-07-07,adapted,745,0.2322081876,17.05479672,-0.1980886597,0.03923911711,0.0008802447574,0.9991197552,1126.568034,740.9763265,0.3530454509,0.2322081876,0.198207803,0.2662085722
real_20240707,real,2024-07-07,adapted,746,0.2325210475,17.04376168,0.7376720689,0.5441600813,0.001664005735,0.9983359943,1127.112194,741.9746625,0.3532159806,0.2325210475,0.1985206629,0.2665214321
real_20240707,real,2024-07-07,adapted,747,0.2328340346,17.03563765,0.5123076985,0.2624591779,0.0012581978,0.9987418022,1127.374653,742.9734043,0.3532982304,0.2328340346,0.19883365,0.2668344192
real_20240707,real,2024-07-07,adapted,748,0.2331471739,17.02101124,0.1094153997,0.01197172968,0.0007723125588,0.9992276874,1127.386625,743.972632,0.3533019821,0.2331471739,0.1991467893,0.2671475585
real_20240707,real,2024-07-07,adapted,749,0.2334604449,17.00866013,1.157225638,1.339171178,0.0003522449209,0.9996477551,1128.725796,744.9722797,0.3537216534,0.2334604449,0.1994600603,0.2674608295
real_20240707,real,2024-07-07,adapted,750,0.2337737621,17.00541306,0.4757992181,0.226384896,0.0002048545129,0.9997951455,1128.952181,745.9720749,0.3537925982,0.2337737621,0.1997733775,0.2677741467
real_20240707,real,2024-07-07,adapted,751,0.2340863456,16.99239679,-0.02842170496,0.000807793313,0.002545990707,0.9974540093,1128.952989,746.9695289,0.3537928514,0.2340863456,0.200085961,0.2680867302
real_20240707,real,2024-07-07,adapted,752,0.2343994562,16.98475671,-0.5159396469,0.2661937192,0.0008641323991,0.9991358676,1129.219182,747.9686648,0.3538762715,0.2343994562,0.2003990716,0.2683998408
real_20240707,real,2024-07-07,adapted,753,0.2347127842,16.96065738,0.3649176631,0.1331649008,0.0001702603578,0.9998297396,1129.352347,748.9684945,0.3539180029,0.2347127842,0.2007123996,0.2687131688
real_20240707,real,2024-07-07,adapted,754,0.2350252145,16.95698448,0.478806962,0.2292561069,0.003035060907,0.9969649391,1129.581603,749.9654594,0.3539898475,0.2350252145,0.2010248299,0.2690255991
real_20240707,real,2024-07-07,adapted,755,0.2353384959,16.9238955,0.656911439,0.4315326388,0.0003189321634,0.9996810678,1130.013136,750.9651405,0.3541250818,0.2353384959,0.2013381113,0.2693388805
real_20240707,real,2024-07-07,adapted,756,0.2356515643,16.91388965,-0.1659034542,0.02752395612,0.0009988293761,0.9990011706,1130.04066,751.9641417,0.3541337073,0.2356515643,0.2016511797,0.2696519489
real_20240707,real,2024-07-07,adapted,757,0.2359645014,16.90771611,0.3899345318,0.1520489391,0.001417602859,0.9985823971,1130.192709,752.9627241,0.3541813566,0.2359645014,0.2019641168,0.269964886
real_20240707,real,2024-07-07,adapted,758,0.2362776776,16.89924575,0.2715426711,0.07373542225,0.0006547138522,0.9993452861,1130.266444,753.9620694,0.3542044639,0.2362776776,0.202277293,0.2702780622
real_20240707,real,2024-07-07,adapted,759,0.2365909328,16.87670765,0.4923259468,0.2423848379,0.0004028203622,0.9995971796,1130.508829,754.9616665,0.3542804228,0.2365909328,0.2025905482,0.2705913174
real_20240707,real,2024-07-07,adapted,760,0.2369034068,16.87345815,0.2216022565,0.04910756009,0.002895444934,0.9971045551,1130.557937,755.9587711,0.3542958122,0.2369034068,0.2029030222,0.2709037914
real_20240707,real,2024-07-07,adapted,761,0.2372164365,16.85922705,-0.7136644574,0.5093169577,0.001122281331,0.9988777187,1131.067254,756.9576488,0.3544554227,0.2372164365,0.2032160519,0.2712168211
real_20240707,real,2024-07-07,adapted,762,0.2375297525,16.84715382,-0.8715361082,0.7595751879,0.0002084265531,0.9997915734,1131.826829,757.9574404,0.3546934594,0.2375297525,0.2035293679,0.2715301371
real_20240707,real,2024-07-07,adapted,763,0.2378429831,16.84015204,-1.371049915,1.879777869,0.0004814485939,0.9995185514,1133.706607,758.9569589,0.3552825468,0.2378429831,0.2038425985,0.2718433677
real_20240707,real,2024-07-07,adapted,764,0.238156175,16.83075778,-1.070667518,1.146328934,0.0006043877181,0.9993956123,1134.852936,759.9563545,0.355641785,0.238156175,0.2041557904,0.2721565596
real_20240707,real,2024-07-07,adapted,765,0.2384695119,16.81388566,-0.4199049877,0.1763201987,0.0001420165233,0.9998579835,1135.029256,760.9562125,0.3556970404,0.2384695119,0.2044691273,0.2724698965
real_20240707,real,2024-07-07,adapted,766,0.2387820402,16.80203114,0.2686756338,0.07218659617,0.002722258078,0.9972777419,1135.101443,761.9534903,0.3557196624,0.2387820402,0.2047816556,0.2727824248
real_20240707,real,2024-07-07,adapted,767,0.2390953503,16.79479277,0.275303585,0.07579206391,0.0002274798207,0.9997725202,1135.177235,762.9532628,0.3557434142,0.2390953503,0.2050949657,0.2730957349
real_20240707,real,2024-07-07,adapted,768,0.2394082543,16.78534843,0.9260066193,0.857488259,0.0015234284,0.9984765716,1136.034723,763.9517394,0.356012135,0.2394082543,0.2054078697,0.2734086389
real_20240707,real,2024-07-07,adapted,769,0.2397214577,16.77987792,0.1908649494,0.03642942891,0.0005677604347,0.9994322396,1136.071152,764.9511716,0.3560235513,0.2397214577,0.2057210731,0.2737218423
real_20240707,real,2024-07-07,adapted,770,0.2400345847,16.77287627,-0.8525837502,0.7268990511,0.0008117324603,0.9991882675,1136.798051,765.9503599,0.356251348,0.2400345847,0.2060342001,0.2740349693
real_20240707,real,2024-07-07,adapted,771,0.240347765,16.75858123,-0.9091634861,0.8265782444,0.0006417229661,0.999358277,1137.62463,766.9497181,0.3565103822,0.240347765,0.2063473804,0.2743481496
real_20240707,real,2024-07-07,adapted,772,0.2406611199,16.74808584,-1.162965309,1.35248831,8.468764188e-05,0.9999153124,1138.977118,767.9496335,0.3569342269,0.2406611199,0.2066607353,0.2746615045
real_20240707,real,2024-07-07,adapted,773,0.2409743247,16.73967907,0.4676285921,0.2186765002,0.0005633712714,0.9994366287,1139.195794,768.9490701,0.357002756,0.2409743247,0.2069739401,0.2749747093
real_20240707,real,2024-07-07,adapted,774,0.2412873776,16.72918838,0.2282406222,0.05209378162,0.001048214089,0.9989517859,1139.247888,769.9480219,0.3570190812,0.2412873776,0.207286993,0.2752877622
real_20240707,real,2024-07-07,adapted,775,0.2416006067,16.71406793,-0.2057619851,0.04233799453,0.0004859236948,0.9995140763,1139.290226,770.9475359,0.3570323492,0.2416006067,0.2076002221,0.2756009913
real_20240707,real,2024-07-07,adapted,776,0.2419138397,16.70409549,0.6486568957,0.4207557684,0.0004735519319,0.9995264481,1139.710982,771.9470624,0.3571642062,0.2419138397,0.2079134551,0.2759142243
real_20240707,real,2024-07-07,adapted,777,0.2422271545,16.70214721,0.4555757736,0.2075492855,0.0002125265111,0.9997874735,1139.918531,772.9468499,0.3572292483,0.2422271545,0.2082267699,0.2762275391
real_20240707,real,2024-07-07,adapted,778,0.2425404134,16.69383002,-0.7658714477,0.5865590744,0.0003907154484,0.9996092846,1140.50509,773.9464592,0.357413065,0.2425404134,0.2085400288,0.276540798
real_20240707,real,2024-07-07,adapted,779,0.2428536548,16.68301125,1.079169481,1.164606768,0.0004468377012,0.9995531623,1141.669697,774.9460123,0.3577780311,0.2428536548,0.2088532702,0.2768540394
real_20240707,real,2024-07-07,adapted,780,0.2431664943,16.67749988,0.3801950612,0.1445482846,0.001728868295,0.9982711317,1141.814245,775.9442835,0.3578233298,0.2431664943,0.2091661097,0.2771668789
real_20240707,real,2024-07-07,adapted,781,0.2434795295,16.67027566,-0.03942872131,0.001554624064,0.001104676859,0.9988953231,1141.8158,776.9431788,0.357823817,0.2434795295,0.2094791449,0.2774799141
real_20240707,real,2024-07-07,adapted,782,0.2437925527,16.65334114,-0.002777313117,7.71346815e-06,0.001143260859,0.9988567391,1141.815808,777.9420355,0.3578238194,0.2437925527,0.2097921681,0.2777929373
real_20240707,real,2024-07-07,adapted,783,0.2441057005,16.65162562,0.3620281622,0.1310643902,0.0007452833794,0.9992547166,1141.946872,778.9412902,0.3578648926,0.2441057005,0.2101053159,0.2781060851
real_20240707,real,2024-07-07,adapted,784,0.2444188903,16.6397596,-1.153339413,1.330191801,0.0006111248425,0.9993888752,1143.277064,779.9406791,0.3582817499,0.2444188903,0.2104185057,0.2784192749
real_20240707,real,2024-07-07,adapted,785,0.2447320598,16.63462016,-0.1095956481,0.01201120608,0.0006763019348,0.9993236981,1143.289075,780.9400028,0.358285514,0.2447320598,0.2107316752,0.2787324444
real_20240707,real,2024-07-07,adapted,786,0.2450451253,16.6101664,0.2926105624,0.08562094126,0.001008065469,0.9989919345,1143.374696,781.9389947,0.358312346,0.2450451253,0.2110447407,0.2790455099
real_20240707,real,2024-07-07,adapted,787,0.2453581699,16.60630028,0.4656638211,0.2168427943,0.001074669611,0.9989253304,1143.591539,782.9379201,0.3583803005,0.2453581699,0.2113577853,0.2793585545
real_20240707,real,2024-07-07,adapted,788,0.2456713646,16.59943459,0.6987270685,0.4882195162,0.0005956684032,0.9994043316,1144.079758,783.9373244,0.3585332994,0.2456713646,0.21167098,0.2796717492
real_20240707,real,2024-07-07,adapted,789,0.245984613,16.59388885,0.0634800447,0.004029716075,0.0004243086964,0.9995756913,1144.083788,784.9369001,0.3585345622,0.245984613,0.2119842284,0.2799849976
real_20240707,real,2024-07-07,adapted,790,0.2462978242,16.58542605,0.8381607636,0.7025134657,0.0005430750963,0.9994569249,1144.786302,785.936357,0.3587547169,0.2462978242,0.2122974396,0.2802982088
real_20240707,real,2024-07-07,adapted,791,0.2466109104,16.57437291,0.6270310698,0.3931679625,0.0009418218731,0.9990581781,1145.17947,786.9354152,0.3588779284,0.2466109104,0.2126105258,0.280611295
real_20240707,real,2024-07-07,adapted,792,0.2469242078,16.56204723,-1.767899636,3.125469123,0.0002681098799,0.9997318901,1148.304939,787.9351471,0.3598573922,0.2469242078,0.2129238232,0.2809245924
real_20240707,real,2024-07-07,adapted,793,0.2472372833,16.55215858,0.05579173001,0.003112717137,0.0009760308807,0.9990239691,1148.308051,788.9341711,0.3598583677,0.2472372833,0.2132368987,0.2812376679
real_20240707,real,2024-07-07,adapted,794,0.2475505393,16.54512935,-0.3927072584,0.1542189908,0.0003999994156,0.9996000006,1148.46227,789.9337711,0.3599066971,0.2475505393,0.2135501547,0.2815509239
real_20240707,real,2024-07-07,adapted,795,0.247862928,16.53264139,-0.4969073237,0.2469168883,0.003167961305,0.9968320387,1148.709187,790.9306031,0.3599840762,0.247862928,0.2138625434,0.2818633126
real_20240707,real,2024-07-07,adapted,796,0.2481761755,16.52603112,-0.07997841687,0.006396547165,0.0004272092538,0.9995727907,1148.715584,791.9301759,0.3599860808,0.2481761755,0.2141757909,0.2821765601
real_20240707,real,2024-07-07,adapted,797,0.2484895216,16.52019185,-0.4471519259,0.1999448448,0.0001125057258,0.9998874943,1148.915529,792.9300634,0.3600487398,0.2484895216,0.214489137,0.2824899062
real_20240707,real,2024-07-07,adapted,798,0.2488027273,16.5032876,1.664296317,2.76988223,0.0005604864852,0.9994395135,1151.685411,793.9295029,0.3609167693,0.2488027273,0.2148023427,0.2828031119
real_20240707,real,2024-07-07,adapted,799,0.2491160115,16.48250596,0.41279937,0.1704033199,0.0003102417372,0.9996897583,1151.855814,794.9291926,0.3609701705,0.2491160115,0.2151156269,0.2831163961
real_20240707,real,2024-07-07,adapted,800,0.2494290379,16.47486354,-0.9170531716,0.8409865196,0.001132682615,0.9988673174,1152.696801,795.92806,0.3612337201,0.2494290379,0.2154286533,0.2834294225
real_20240707,real,2024-07-07,adapted,801,0.2497421876,16.47163204,-0.3190010271,0.1017616553,0.0007392432217,0.9992607568,1152.798562,796.9273207,0.3612656103,0.2497421876,0.215741803,0.2837425722
real_20240707,real,2024-07-07,adapted,802,0.2500553535,16.46450052,-0.1590004144,0.02528113177,0.0006878452371,0.9993121548,1152.823844,797.9266329,0.3612735329,0.2500553535,0.2160549689,0.2840557381
real_20240707,real,2024-07-07,adapted,803,0.2503685447,16.44554533,-0.1663335178,0.02766683914,0.0006067186268,0.9993932814,1152.85151,798.9260262,0.3612822032,0.2503685447,0.2163681601,0.2843689293
real_20240707,real,2024-07-07,adapted,804,0.2506816255,16.44351042,0.3302471814,0.1090632008,0.0009592888439,0.9990407112,1152.960574,799.9250669,0.3613163816,0.2506816255,0.2166812409,0.2846820101
real_20240707,real,2024-07-07,adapted,805,0.2509946264,16.43420595,-1.186951892,1.408854795,0.001214101059,0.9987858989,1154.369428,800.9238528,0.3617578904,0.2509946264,0.2169942418,0.284995011
real_20240707,real,2024-07-07,adapted,806,0.2513078321,16.41790483,-1.52932566,2.338836975,0.0005605058712,0.9994394941,1156.708265,801.9232923,0.3624908384,0.2513078321,0.2173074475,0.2853082167
real_20240707,real,2024-07-07,adapted,807,0.2516208547,16.40557043,0.1949776893,0.03801629932,0.001144855538,0.9988551445,1156.746282,802.9221474,0.362502752,0.2516208547,0.2176204701,0.2856212393
real_20240707,real,2024-07-07,adapted,808,0.2519340835,16.40272199,-0.6420519331,0.4122306848,0.0004868188646,0.9995131811,1157.158512,803.9216606,0.3626319374,0.2519340835,0.2179336989,0.2859344681
real_20240707,real,2024-07-07,adapted,809,0.252247276,16.39858002,0.3354627516,0.1125352577,0.00060285717,0.9993971428,1157.271048,804.9210577,0.3626672039,0.252247276,0.2182468914,0.2862476606
real_20240707,real,2024-07-07,adapted,810,0.2525604886,16.38444577,-0.6069883957,0.3684349125,0.0005385092141,0.9994614908,1157.639482,805.9205192,0.3627826645,0.2525604886,0.218560104,0.2865608732
real_20240707,real,2024-07-07,adapted,811,0.2528737491,16.37885823,-0.6858031945,0.4703260216,0.0003857909427,0.9996142091,1158.109808,806.9201334,0.3629300559,0.2528737491,0.2188733645,0.2868741337
real_20240707,real,2024-07-07,adapted,812,0.2531870303,16.37019979,1.354451172,1.834537978,0.0003198010138,0.999680199,1159.944346,807.9198136,0.363504966,0.2531870303,0.2191866457,0.2871874149
real_20240707,real,2024-07-07,adapted,813,0.2535001422,16.36671605,-1.046806289,1.095803406,0.000859961967,0.999140038,1161.04015,808.9189537,0.3638483704,0.2535001422,0.2194997576,0.2875005268
real_20240707,real,2024-07-07,adapted,814,0.2538134003,16.3546049,-0.5368515645,0.2882096023,0.0003934088225,0.9996065912,1161.328359,809.9185603,0.3639386899,0.2538134003,0.2198130157,0.2878137849
real_20240707,real,2024-07-07,adapted,815,0.2541252681,16.35060292,0.4547955805,0.20683902,0.004829810906,0.9951701891,1161.535199,810.9137304,0.3640035094,0.2541252681,0.2201248835,0.2881256527
real_20240707,real,2024-07-07,adapted,816,0.2544384361,16.33099288,0.5539838811,0.3068981405,0.0006809311957,0.9993190688,1161.842097,811.9130495,0.3640996856,0.2544384361,0.2204380515,0.2884388207
real_20240707,real,2024-07-07,adapted,817,0.254751606,16.32842771,1.44610571,2.091221725,0.0006749245463,0.9993250755,1163.933318,812.9123746,0.3647550355,0.254751606,0.2207512214,0.2887519906
real_20240707,real,2024-07-07,adapted,818,0.2550647726,16.32354128,1.999859525,3.99943812,0.0006851526141,0.9993148474,1167.932756,813.9116894,0.366008385,0.2550647726,0.221064388,0.2890651572
real_20240707,real,2024-07-07,adapted,819,0.255377491,16.30866543,-1.120071657,1.254560516,0.002115683027,0.997884317,1169.187317,814.9095738,0.3664015409,0.255377491,0.2213771064,0.2893778756
real_20240707,real,2024-07-07,adapted,820,0.2556906773,16.30652167,-0.03451292878,0.001191142253,0.000622487533,0.9993775125,1169.188508,815.9089513,0.3664019142,0.2556906773,0.2216902927,0.2896910619
real_20240707,real,2024-07-07,adapted,821,0.2560028676,16.29471721,0.9650612621,0.9313432397,0.003800794827,0.9961992052,1170.119851,816.9051505,0.3666937798,0.2560028676,0.222002483,0.2900032522
real_20240707,real,2024-07-07,adapted,822,0.2563161983,16.28987868,0.3577398308,0.1279777865,0.0001616059253,0.9998383941,1170.247829,817.9049889,0.3667338857,0.2563161983,0.2223158137,0.2903165829
real_20240707,real,2024-07-07,adapted,823,0.2566294757,16.28270485,-1.285964033,1.653703494,0.0003317976084,0.9996682024,1171.901533,818.9046571,0.3672521256,0.2566294757,0.2226290911,0.2906298603
real_20240707,real,2024-07-07,adapted,824,0.2569425183,16.26258603,-0.3456785668,0.1194936715,0.001081096258,0.9989189037,1172.021026,819.903576,0.3672895727,0.2569425183,0.2229421337,0.2909429029
real_20240707,real,2024-07-07,adapted,825,0.2572557418,16.24925146,1.26747122,1.606483292,0.0005040041154,0.9994959959,1173.62751,820.903072,0.3677930146,0.2572557418,0.2232553572,0.2912561264
real_20240707,real,2024-07-07,adapted,826,0.2575685602,16.24276357,-1.566162852,2.45286608,0.001796313839,0.9982036862,1176.080376,821.9012757,0.3685616972,0.2575685602,0.2235681756,0.2915689448
real_20240707,real,2024-07-07,adapted,827,0.2578812913,16.22314444,-0.3824877878,0.1462969078,0.00207519629,0.9979248037,1176.226673,822.8992005,0.3686075439,0.2578812913,0.2238809067,0.2918816759
real_20240707,real,2024-07-07,adapted,828,0.2581944539,16.21765416,1.27484207,1.625222303,0.0006979143336,0.9993020857,1177.851895,823.8985025,0.3691168583,0.2581944539,0.2241940693,0.2921948385
real_20240707,real,2024-07-07,adapted,829,0.258506308,16.20802951,-0.3607263206,0.1301234784,0.004873839044,0.995126161,1177.982018,824.8936287,0.3691576366,0.258506308,0.2245059234,0.2925066926
real_20240707,real,2024-07-07,adapted,830,0.2588194954,16.19739014,0.1197114984,0.01433084286,0.0006188905108,0.9993811095,1177.996349,825.8930098,0.3691621276,0.2588194954,0.2248191108,0.29281988
real_20240707,real,2024-07-07,adapted,831,0.2591327705,16.1856496,0.2786096321,0.0776233271,0.0003390370647,0.9996609629,1178.073973,826.8926708,0.3691864533,0.2591327705,0.2251323859,0.2931331551
real_20240707,real,2024-07-07,adapted,832,0.2594430709,16.17521253,0.3116595255,0.09713165981,0.009831671128,0.9901683289,1178.171104,827.8828391,0.3692168926,0.2594430709,0.2254426863,0.2934434555
real_20240707,real,2024-07-07,adapted,833,0.2597563728,16.16756446,-0.2250789275,0.05066052358,0.000253515328,0.9997464847,1178.221765,828.8825856,0.3692327686,0.2597563728,0.2257559882,0.2937567574
real_20240707,real,2024-07-07,adapted,834,0.2600693207,16.15397048,0.7685417098,0.5906563597,0.001383107682,0.9986168923,1178.812421,829.8812025,0.3694178694,0.2600693207,0.2260689361,0.2940697053
real_20240707,real,2024-07-07,adapted,835,0.2603825182,16.14914279,-1.458472469,2.127141942,0.0005870272021,0.9994129728,1180.939563,830.8806155,0.370084476,0.2603825182,0.2263821336,0.2943829028
real_20240707,real,2024-07-07,adapted,836,0.2606950141,16.13955349,0.4441502002,0.1972694004,0.002825525682,0.9971744743,1181.136832,831.8777899,0.3701462966,0.2606950141,0.2266946295,0.2946953987
real_20240707,real,2024-07-07,adapted,837,0.26100805,16.12126442,-0.1822038993,0.03319826092,0.001102410979,0.998897589,1181.170031,832.8766875,0.3701567003,0.26100805,0.2270076654,0.2950084346
real_20240707,real,2024-07-07,adapted,838,0.2613213702,16.11809582,0.2284907939,0.05220804291,0.000195141787,0.9998048582,1181.222239,833.8764924,0.3701730613,0.2613213702,0.2273209856,0.2953217548
real_20240707,real,2024-07-07,adapted,839,0.261634434,16.10718739,-0.5129223651,0.2630893526,0.001013491096,0.9989865089,1181.485328,834.8754789,0.3702555087,0.261634434,0.2276340494,0.2956348186
real_20240707,real,2024-07-07,adapted,840,0.2619472682,16.10357073,-1.093852692,1.196513712,0.001745938253,0.9982540617,1182.681842,835.873733,0.3706304738,0.2619472682,0.2279468836,0.2959476528
real_20240707,real,2024-07-07,adapted,841,0.2622604888,16.09917329,0.5111152708,0.26123882,0.0005130481841,0.9994869518,1182.943081,836.8732199,0.3707123412,0.2622604888,0.2282601042,0.2962608734
real_20240707,real,2024-07-07,adapted,842,0.2625728408,16.08821454,-1.533650856,2.352084948,0.003284846613,0.9967151534,1185.295166,837.8699351,0.3714494408,0.2625728408,0.2285724562,0.2965732254
real_20240707,real,2024-07-07,adapted,843,0.2628853768,16.08485129,0.4968701151,0.2468799113,0.002697538536,0.9973024615,1185.542046,838.8672375,0.3715268084,0.2628853768,0.2288849922,0.2968857614
real_20240707,real,2024-07-07,adapted,844,0.2631987057,16.07849133,0.844007546,0.7123487378,0.000167639315,0.9998323607,1186.254394,839.8670699,0.3717500452,0.2631987057,0.2291983211,0.2971990903
real_20240707,real,2024-07-07,adapted,845,0.2635108203,16.06799761,0.1247895632,0.0155724351,0.004042375288,0.9959576247,1186.269967,840.8630275,0.3717549253,0.2635108203,0.2295104357,0.2975112049
real_20240707,real,2024-07-07,adapted,846,0.2638238919,16.05000826,1.460014835,2.131643318,0.0009884357037,0.9990115643,1188.40161,841.8620391,0.3724229426,0.2638238919,0.2298235073,0.2978242765
real_20240707,real,2024-07-07,adapted,847,0.2641371638,16.0441487,-0.5395460207,0.2911099084,0.0003492664657,0.9996507335,1188.69272,842.8616898,0.3725141711,0.2641371638,0.2301367792,0.2981375484
real_20240707,real,2024-07-07,adapted,848,0.2644501328,16.02432865,0.05544124459,0.003073731602,0.001316047979,0.998683952,1188.695794,843.8603738,0.3725151343,0.2644501328,0.2304497482,0.2984505174
real_20240707,real,2024-07-07,adapted,849,0.2647631473,16.01789,-0.3868647756,0.1496643546,0.001170707822,0.9988292922,1188.845458,844.859203,0.3725620363,0.2647631473,0.2307627627,0.2987635319
real_20240707,real,2024-07-07,adapted,850,0.2650761713,16.01269241,-0.5002106666,0.2502107109,0.001140444234,0.9988595558,1189.095669,845.8580626,0.3726404477,0.2650761713,0.2310757867,0.2990765559
real_20240707,real,2024-07-07,adapted,851,0.265389381,15.99950911,-0.8959180616,0.8026691731,0.0005479497751,0.9994520502,1189.898338,846.8575147,0.3728919893,0.265389381,0.2313889964,0.2993897656
real_20240707,real,2024-07-07,adapted,852,0.2657017702,15.99590816,0.2445066935,0.05978352314,0.003166066784,0.9968339332,1189.958121,847.8543486,0.3729107243,0.2657017702,0.2317013856,0.2997021548
real_20240707,real,2024-07-07,adapted,853,0.266015062,15.98710692,1.340678424,1.797418636,0.000285805882,0.9997141941,1191.75554,848.8540628,0.3734740019,0.266015062,0.2320146774,0.3000154466
real_20240707,real,2024-07-07,adapted,854,0.2663275463,15.96781562,1.552903278,2.411508591,0.002862554473,0.9971374455,1194.167049,849.8512002,0.3742297238,0.2663275463,0.2323271617,0.3003279309
real_20240707,real,2024-07-07,adapted,855,0.2666406082,15.96357053,-0.3712288868,0.1378108864,0.00101960548,0.9989803945,1194.30486,850.8501806,0.3742729112,0.2666406082,0.2326402236,0.3006409928
real_20240707,real,2024-07-07,adapted,856,0.2669536311,15.95226895,-0.2422794486,0.05869933123,0.001143772014,0.998856228,1194.363559,851.8490368,0.3742913064,0.2669536311,0.2329532465,0.3009540157
real_20240707,real,2024-07-07,adapted,857,0.2672665972,15.94527391,-1.201160655,1.442786919,0.001325238813,0.9986747612,1195.806346,852.8477116,0.374743449,0.2672665972,0.2332662126,0.3012669818
real_20240707,real,2024-07-07,adapted,858,0.2675794845,15.92789788,1.003730125,1.007474164,0.001576718372,0.9984232816,1196.81382,853.8461349,0.3750591726,0.2675794845,0.2335790999,0.3015798691
real_20240707,real,2024-07-07,adapted,859,0.2678927594,15.92349554,0.1610308318,0.02593092878,0.0003397925217,0.9996602075,1196.839751,854.8457951,0.3750672989,0.2678927594,0.2338923748,0.301893144
real_20240707,real,2024-07-07,adapted,860,0.2682058928,15.91263486,-0.1087103296,0.01181793577,0.0007912629928,0.999208737,1196.851569,855.8450038,0.3750710024,0.2682058928,0.2342055082,0.3022062774
real_20240707,real,2024-07-07,adapted,861,0.2685190787,15.89565449,-0.4268822195,0.1822284294,0.0006236923887,0.9993763076,1197.033797,856.8443801,0.3751281094,0.2685190787,0.2345186941,0.3025194633
real_20240707,real,2024-07-07,adapted,862,0.2688318367,15.89203773,0.5329427721,0.2840279983,0.00198916971,0.9980108303,1197.317825,857.842391,0.3752171185,0.2688318367,0.2348314521,0.3028322213
real_20240707,real,2024-07-07,adapted,863,0.269144964,15.87943663,-1.046542035,1.095250232,0.0008107066238,0.9991892934,1198.413075,858.8415803,0.3755603496,0.269144964,0.2351445794,0.3031453486
real_20240707,real,2024-07-07,adapted,864,0.2694559139,15.87594667,0.3401889721,0.1157285367,0.007758969054,0.9922410309,1198.528804,859.8338213,0.3755966167,0.2694559139,0.2354555293,0.3034562985
real_20240707,real,2024-07-07,adapted,865,0.269768523,15.86160119,-0.5933253655,0.3520349894,0.002464354476,0.9975356455,1198.880839,860.8313569,0.3757069379,0.269768523,0.2357681384,0.3037689076
real_20240707,real,2024-07-07,adapted,866,0.270080959,15.8516008,-0.2812771386,0.07911682869,0.00301679642,0.9969832036,1198.959956,861.8283401,0.3757317317,0.270080959,0.2360805744,0.3040813436
real_20240707,real,2024-07-07,adapted,867,0.2703942506,15.84118421,0.1744802087,0.03044334324,0.0002865964986,0.9997134035,1198.990399,862.8280535,0.3757412721,0.2703942506,0.236393866,0.3043946352
real_20240707,real,2024-07-07,adapted,868,0.2707076135,15.83683916,0.6389387106,0.4082426759,5.876854192e-05,0.9999412315,1199.398642,863.8279948,0.3758692077,0.2707076135,0.2367072289,0.3047079981
real_20240707,real,2024-07-07,adapted,869,0.271020501,15.8317101,-0.1028434352,0.01057677216,0.001575937825,0.9984240622,1199.409219,864.8264188,0.3758725223,0.271020501,0.2370201164,0.3050208856
real_20240707,real,2024-07-07,adapted,870,0.2713335809,15.81501069,-0.5286023993,0.2794204965,0.0009622528924,0.9990377471,1199.688639,865.8254566,0.3759600875,0.2713335809,0.2373331963,0.3053339655
real_20240707,real,2024-07-07,adapted,871,0.2716461015,15.81008113,-2.849606805,8.120258946,0.002746581365,0.9972534186,1207.808898,866.82271,0.3785048255,0.2716461015,0.2376457169,0.3056464861
real_20240707,real,2024-07-07,adapted,872,0.2719587971,15.80186516,-0.8541234465,0.7295268618,0.002188472347,0.9978115277,1208.538425,867.8205215,0.3787334456,0.2719587971,0.2379584125,0.3059591817
real_20240707,real,2024-07-07,adapted,873,0.2722720193,15.7906371,0.4700846061,0.2209795369,0.0005081020828,0.9994918979,1208.759404,868.8200134,0.3788026965,0.2722720193,0.2382716347,0.3062724039
real_20240707,real,2024-07-07,adapted,874,0.2725829288,15.78573668,-0.07587608513,0.005757180295,0.007887780104,0.9921122199,1208.765162,869.8121257,0.3788045007,0.2725829288,0.2385825442,0.3065833134
real_20240707,real,2024-07-07,adapted,875,0.2728916799,15.76894786,-0.3415613428,0.1166641509,0.01477506164,0.9852249384,1208.881826,870.7973506,0.378841061,0.2728916799,0.2388912953,0.3068920645
real_20240707,real,2024-07-07,adapted,876,0.2732020424,15.76602894,-0.1245929258,0.01552339717,0.009633275051,0.9903667249,1208.897349,871.7877173,0.3788459258,0.2732020424,0.2392016578,0.307202427
real_20240707,real,2024-07-07,adapted,877,0.2735145725,15.75632782,-0.3462657535,0.119899972,0.002716330701,0.9972836693,1209.017249,872.785001,0.3788835002,0.2735145725,0.2395141879,0.3075149571
real_20240707,real,2024-07-07,adapted,878,0.2738277443,15.74385217,0.3420519868,0.1169995617,0.0006690778191,0.9993309222,1209.134249,873.7843319,0.3789201657,0.2738277443,0.2398273597,0.3078281289
real_20240707,real,2024-07-07,adapted,879,0.2741409367,15.73678838,1.316430198,1.732988466,0.0006028591646,0.9993971408,1210.867237,874.783729,0.379463252,0.2741409367,0.2401405521,0.3081413213
real_20240707,real,2024-07-07,adapted,880,0.2744542724,15.72447567,-0.8474644006,0.7181959103,0.0001457013023,0.9998542987,1211.585433,875.7835833,0.3796883212,0.2744542724,0.2404538878,0.308454657
real_20240707,real,2024-07-07,adapted,881,0.2747674249,15.71953694,-0.2932721546,0.08600855664,0.0007304635329,0.9992695365,1211.671442,876.7828529,0.3797152747,0.2747674249,0.2407670403,0.3087678095
real_20240707,real,2024-07-07,adapted,882,0.2750806898,15.70702657,0.07698802134,0.005927155429,0.0003718298648,0.9996281701,1211.677369,877.7824811,0.3797171322,0.2750806898,0.2410803052,0.3090810744
real_20240707,real,2024-07-07,adapted,883,0.2753939921,15.70130835,0.9151561126,0.8375107105,0.0002521841037,0.9997478159,1212.514879,878.7822289,0.3799795924,0.2753939921,0.2413936075,0.3093943767
real_20240707,real,2024-07-07,adapted,884,0.2757071733,15.69831165,-0.7036731528,0.4951559059,0.000639028511,0.9993609715,1213.010035,879.7815898,0.3801347651,0.2757071733,0.2417067886,0.3097075579
real_20240707,real,2024-07-07,adapted,885,0.2760197157,15.68027738,0.4814242742,0.2317693318,0.002677081953,0.997322918,1213.241805,880.7789128,0.3802073973,0.2760197157,0.2420193311,0.3100201003
real_20240707,real,2024-07-07,adapted,886,0.2763328555,15.66915738,-0.4938719658,0.2439095186,0.000770982411,0.9992290176,1213.485714,881.7781418,0.380283834,0.2763328555,0.2423324709,0.3103332401
real_20240707,real,2024-07-07,adapted,887,0.2766460611,15.66020628,0.8477412675,0.7186652565,0.0005606987456,0.9994393013,1214.20438,882.7775811,0.3805090503,0.2766460611,0.2426456765,0.3106464457
real_20240707,real,2024-07-07,adapted,888,0.2769591732,15.65636669,0.7157743122,0.512332866,0.0008592831485,0.9991407169,1214.716712,883.7767218,0.3806696059,0.2769591732,0.2429587886,0.3109595578
real_20240707,real,2024-07-07,adapted,889,0.2772717119,15.64188654,-0.4622571392,0.2136816628,0.0026889834,0.9973110166,1214.930394,884.7740328,0.3807365697,0.2772717119,0.2432713273,0.3112720965
real_20240707,real,2024-07-07,adapted,890,0.2775839266,15.63484138,2.24739158,5.050768912,0.003722930455,0.9962770695,1219.981163,885.7703099,0.3823193867,0.2775839266,0.243583542,0.3115843112
real_20240707,real,2024-07-07,adapted,891,0.2778923031,15.62574384,0.06881869488,0.004736012765,0.01597073777,0.9840292622,1219.985899,886.7543391,0.3823208709,0.2778923031,0.2438919185,0.3118926877
real_20240707,real,2024-07-07,adapted,892,0.2782053265,15.61519055,0.7025970003,0.4936425449,0.001142248819,0.9988577512,1220.479542,887.7531969,0.3824755693,0.2782053265,0.2442049419,0.3122057111
real_20240707,real,2024-07-07,adapted,893,0.2785166538,15.60791565,0.2024992045,0.04100592784,0.006554488243,0.9934455118,1220.520547,888.7466424,0.3824884198,0.2785166538,0.2445162692,0.3125170384
real_20240707,real,2024-07-07,adapted,894,0.2788285962,15.59886601,-0.8716986996,0.7598586229,0.004591800224,0.9954081998,1221.280406,889.7420506,0.3827265453,0.2788285962,0.2448282116,0.3128289808
real_20240707,real,2024-07-07,adapted,895,0.2791416266,15.59529975,-1.472838538,2.169253359,0.00112014913,0.9988798509,1223.449659,890.7409305,0.3834063489,0.2791416266,0.245141242,0.3131420112
real_20240707,real,2024-07-07,adapted,896,0.2794547387,15.58802382,0.6829504007,0.4664212498,0.0008592764313,0.9991407236,1223.916081,891.7400712,0.3835525167,0.2794547387,0.2454543541,0.3134551233
real_20240707,real,2024-07-07,adapted,897,0.2797678544,15.56966423,0.0198941896,0.00039577878,0.000847771933,0.9991522281,1223.916476,892.7392234,0.3835526407,0.2797678544,0.2457674698,0.313768239
real_20240707,real,2024-07-07,adapted,898,0.2800796904,15.5662324,-0.7672434976,0.5886625846,0.004931384236,0.9950686158,1224.505139,893.734292,0.3837371166,0.2800796904,0.2460793058,0.314080075
real_20240707,real,2024-07-07,adapted,899,0.2803891698,15.55253272,0.1416399411,0.02006187293,0.01245103659,0.9875489634,1224.525201,894.721841,0.3837434036,0.2803891698,0.2463887852,0.3143895544
real_20240707,real,2024-07-07,adapted,900,0.2807021583,15.54373821,-0.4139428938,0.1713487193,0.001253774896,0.9987462251,1224.69655,895.7205872,0.3837971011,0.2807021583,0.2467017737,0.3147025429
real_20240707,real,2024-07-07,adapted,901,0.2810150905,15.52976094,0.1144880768,0.01310751974,0.001433277081,0.9985667229,1224.709657,896.7191539,0.3838012088,0.2810150905,0.2470147059,0.3150154751
real_20240707,real,2024-07-07,adapted,902,0.2813282033,15.51865472,-0.2251273055,0.05068230367,0.0008571140483,0.999142886,1224.760339,897.7182968,0.3838170916,0.2813282033,0.2473278187,0.3153285879
real_20240707,real,2024-07-07,adapted,903,0.2816390171,15.51277773,-2.028803572,4.116043934,0.008193408915,0.9918065911,1228.876383,898.7101034,0.3851069832,0.2816390171,0.2476386325,0.3156394017
real_20240707,real,2024-07-07,adapted,904,0.2819523251,15.50049706,-0.2923786177,0.08548525607,0.0002339018445,0.9997660982,1228.961869,899.7098695,0.3851337727,0.2819523251,0.2479519405,0.3159527097
real_20240707,real,2024-07-07,adapted,905,0.2822642912,15.49291382,0.9709294172,0.9427039331,0.004516391992,0.995483608,1229.904573,900.7053531,0.3854291985,0.2822642912,0.2482639066,0.3162646758
real_20240707,real,2024-07-07,adapted,906,0.2825775031,15.48155084,-0.3200845791,0.1024541378,0.000540849271,0.9994591507,1230.007027,901.7048123,0.3854613058,0.2825775031,0.2485771185,0.3165778877
real_20240707,real,2024-07-07,adapted,907,0.2828902604,15.47796506,-1.077500208,1.161006698,0.001991440213,0.9980085598,1231.168033,902.7028208,0.3858251437,0.2828902604,0.2488898758,0.316890645
real_20240707,real,2024-07-07,adapted,908,0.2832024925,15.47230189,0.4233133261,0.1791941721,0.003667338116,0.9963326619,1231.347228,903.6991535,0.3858812998,0.2832024925,0.2492021079,0.3172028771
real_20240707,real,2024-07-07,adapted,909,0.2835147608,15.46284379,0.4609110893,0.2124390323,0.003551830387,0.9964481696,1231.559667,904.6956017,0.3859478742,0.2835147608,0.2495143762,0.3175151454
real_20240707,real,2024-07-07,adapted,910,0.2838275638,15.45099384,0.4693415791,0.2202815179,0.001845587353,0.9981544126,1231.779948,905.6937561,0.3860169063,0.2838275638,0.2498271792,0.3178279484
real_20240707,real,2024-07-07,adapted,911,0.284140755,15.44614621,0.4087726363,0.1670950682,0.0006068127335,0.9993931873,1231.947043,906.6931493,0.3860692708,0.284140755,0.2501403704,0.3181411396
real_20240707,real,2024-07-07,adapted,912,0.284449868,15.43559647,1.693074592,2.866501574,0.01362042363,0.9863795764,1234.813545,907.6795288,0.3869675791,0.284449868,0.2504494834,0.3184502526
real_20240707,real,2024-07-07,adapted,913,0.2847629372,15.42717253,1.24743611,1.556096849,0.0009960871841,0.9990039128,1236.369642,908.6785328,0.3874552308,0.2847629372,0.2507625526,0.3187633218
real_20240707,real,2024-07-07,adapted,914,0.285076197,15.42363282,-0.6240903443,0.3894887579,0.0003882249473,0.9996117751,1236.75913,909.6781445,0.3875772894,0.285076197,0.2510758124,0.3190765816
real_20240707,real,2024-07-07,adapted,915,0.2853892879,15.41463811,1.022960786,1.04644877,0.0009268814736,0.9990731185,1237.805579,910.6772176,0.3879052269,0.2853892879,0.2513889033,0.3193896725
real_20240707,real,2024-07-07,adapted,916,0.2857022829,15.41094597,-1.343732089,1.805615926,0.001232917296,0.9987670827,1239.611195,911.6759847,0.3884710734,0.2857022829,0.2517018983,0.3197026675
real_20240707,real,2024-07-07,adapted,917,0.2860148706,15.39902872,-0.7549917774,0.570012584,0.002532537167,0.9974674628,1240.181208,912.6734522,0.3886497047,0.2860148706,0.252014486,0.3200152552
real_20240707,real,2024-07-07,adapted,918,0.2863281737,15.39192881,1.231376169,1.516287269,0.0002499456864,0.9997500543,1241.697495,913.6732022,0.3891248809,0.2863281737,0.2523277891,0.3203285583
real_20240707,real,2024-07-07,adapted,919,0.286640563,15.37916752,-0.5537824436,0.3066749948,0.003165633975,0.996834366,1242.00417,914.6700366,0.3892209871,0.286640563,0.2526401784,0.3206409476
real_20240707,real,2024-07-07,adapted,920,0.2869513447,15.36543082,-0.6828828376,0.4663289699,0.008295721317,0.9917042787,1242.470499,915.6617409,0.3893671259,0.2869513447,0.2529509601,0.3209517293
real_20240707,real,2024-07-07,adapted,921,0.287264438,15.36351738,-0.8649196929,0.7480860752,0.0009191157941,0.9990808842,1243.218585,916.6608218,0.3896015622,0.287264438,0.2532640534,0.3212648226
real_20240707,real,2024-07-07,adapted,922,0.2875776163,15.35886607,1.770537486,3.13480299,0.0006482235979,0.9993517764,1246.353388,917.6601735,0.3905839511,0.2875776163,0.2535772317,0.3215780009
real_20240707,real,2024-07-07,adapted,923,0.287884545,15.34875732,-0.5500918421,0.3026010347,0.02059057617,0.9794094238,1246.655989,918.639583,0.3906787806,0.287884545,0.2538841604,0.3218849296
real_20240707,real,2024-07-07,adapted,924,0.2881954164,15.34221771,-0.2617404217,0.06850804837,0.00800921748,0.9919907825,1246.724497,919.6315738,0.3907002498,0.2881954164,0.2541950318,0.322195801
real_20240707,real,2024-07-07,adapted,925,0.288506541,15.33198599,1.328658031,1.765332164,0.007201436601,0.9927985634,1248.489829,920.6243723,0.391253472,0.288506541,0.2545061564,0.3225069256
real_20240707,real,2024-07-07,adapted,926,0.2888197654,15.32028754,-1.174313537,1.379012283,0.0005008807548,0.9994991192,1249.868841,921.6238714,0.3916856288,0.2888197654,0.2548193808,0.32282015
real_20240707,real,2024-07-07,adapted,927,0.2891308409,15.31357919,-0.5841680272,0.341252284,0.007358059684,0.9926419403,1250.210094,922.6165134,0.3917925709,0.2891308409,0.2551304563,0.3231312255
real_20240707,real,2024-07-07,adapted,928,0.2894437853,15.30179511,-0.8170083855,0.6675027021,0.001394483429,0.9986055166,1250.877596,923.6151189,0.3920017538,0.2894437853,0.2554434007,0.3234441699
real_20240707,real,2024-07-07,adapted,929,0.2897566946,15.2984486,-0.1549627733,0.0240134611,0.001506499836,0.9984935002,1250.90161,924.6136124,0.3920092792,0.2897566946,0.25575631,0.3237570792
real_20240707,real,2024-07-07,adapted,930,0.290066762,15.29142276,-0.4978976584,0.2479020783,0.01057492012,0.9894250799,1251.149512,925.6030375,0.3920869671,0.290066762,0.2560663774,0.3240671466
real_20240707,real,2024-07-07,adapted,931,0.2903799212,15.28572484,0.6592558864,0.4346183237,0.0007088234555,0.9992911765,1251.58413,926.6023287,0.3922231684,0.2903799212,0.2563795366,0.3243803058
real_20240707,real,2024-07-07,adapted,932,0.2906931514,15.28086538,0.742981452,0.552021438,0.0004825407807,0.9995174592,1252.136152,927.6018461,0.3923961616,0.2906931514,0.2566927668,0.324693536
real_20240707,real,2024-07-07,adapted,933,0.2910021953,15.27157464,0.1733971247,0.03006656284,0.01384077722,0.9861592228,1252.166218,928.5880053,0.3924055839,0.2910021953,0.2570018107,0.3250025799
real_20240707,real,2024-07-07,adapted,934,0.2913146112,15.26000782,1.436856373,2.064556238,0.0030809242,0.9969190758,1254.230775,929.5849244,0.3930525774,0.2913146112,0.2573142266,0.3253149958
real_20240707,real,2024-07-07,adapted,935,0.2916263988,15.25044915,1.286449937,1.654953439,0.005085760752,0.9949142392,1255.885728,930.5798386,0.393571209,0.2916263988,0.2576260142,0.3256267834
real_20240707,real,2024-07-07,adapted,936,0.2919393237,15.24850251,-0.06276499992,0.003939445214,0.001456826039,0.998543174,1255.889667,931.5783818,0.3935724436,0.2919393237,0.2579389391,0.3259397083
real_20240707,real,2024-07-07,adapted,937,0.2922522315,15.24619003,-0.08042956615,0.006468915111,0.001511142518,0.9984888575,1255.896136,932.5768707,0.3935744708,0.2922522315,0.2582518469,0.3262526161
real_20240707,real,2024-07-07,adapted,938,0.2925648837,15.23467557,0.7167838459,0.5137790817,0.002326841399,0.9976731586,1256.409915,933.5745438,0.3937354796,0.2925648837,0.2585644991,0.3265652683
real_20240707,real,2024-07-07,adapted,939,0.2928781556,15.22473376,-0.3543854076,0.1255890171,0.0003494772269,0.9996505228,1256.535504,934.5741944,0.3937748369,0.2928781556,0.258877771,0.3268785402
real_20240707,real,2024-07-07,adapted,940,0.2931899053,15.21953474,-0.9792101581,0.9588525337,0.005206425013,0.994793575,1257.494357,935.5689879,0.3940753234,0.2931899053,0.2591895207,0.3271902899
real_20240707,real,2024-07-07,adapted,941,0.2935013856,15.21349851,-1.196287226,1.431103127,0.006066461135,0.9939335389,1258.92546,936.5629215,0.3945238045,0.2935013856,0.259501001,0.3275017702
real_20240707,real,2024-07-07,adapted,942,0.2938143367,15.2098744,-0.7138224873,0.5095425433,0.001373093402,0.9986269066,1259.435003,937.5615484,0.3946834856,0.2938143367,0.2598139521,0.3278147213
real_20240707,real,2024-07-07,adapted,943,0.2941268994,15.20285362,0.4117200108,0.1695133673,0.002612500952,0.997387499,1259.604516,938.5589359,0.394736608,0.2941268994,0.2601265148,0.328127284
real_20240707,real,2024-07-07,adapted,944,0.2944356602,15.19751503,0.07914612346,0.006264108858,0.01474415655,0.9852558434,1259.61078,939.5441917,0.394738571,0.2944356602,0.2604352756,0.3284360448
real_20240707,real,2024-07-07,adapted,945,0.2947470061,15.19125067,0.759530497,0.5768865758,0.006495250173,0.9935047498,1260.187667,940.5376965,0.3949193565,0.2947470061,0.2607466215,0.3287473907
real_20240707,real,2024-07-07,adapted,946,0.2950602938,15.18396829,0.6241456268,0.3895577635,0.0002989828904,0.9997010171,1260.577224,941.5373975,0.3950414367,0.2950602938,0.2610599092,0.3290606784
real_20240707,real,2024-07-07,adapted,947,0.2953735272,15.17865112,0.2547426437,0.06489381452,0.0004720448922,0.9995279551,1260.642118,942.5369254,0.3950617732,0.2953735272,0.2613731426,0.3293739118
real_20240707,real,2024-07-07,adapted,948,0.2956865837,15.1699958,0.0003156172056,9.961422045e-08,0.001036718055,0.9989632819,1260.642118,943.5358887,0.3950617732,0.2956865837,0.2616861991,0.3296869683
real_20240707,real,2024-07-07,adapted,949,0.2959990547,15.15986725,0.6996301208,0.489482306,0.002905193982,0.997094806,1261.131601,944.5329835,0.3952151679,0.2959990547,0.2619986701,0.3299994393
real_20240707,real,2024-07-07,adapted,950,0.2963122415,15.15278646,0.899088218,0.8083596237,0.0006208577813,0.9993791422,1261.93996,945.5323627,0.3954684927,0.2963122415,0.2623118569,0.3303126261
real_20240707,real,2024-07-07,adapted,951,0.2966254551,15.15146709,0.1838387198,0.0337966749,0.0005353564339,0.9994646436,1261.973757,946.5318273,0.395479084,0.2966254551,0.2626250705,0.3306258397
real_20240707,real,2024-07-07,adapted,952,0.2969373057,15.14540937,0.07017044325,0.004923891106,0.004884946192,0.9951150538,1261.978681,947.5269424,0.395480627,0.2969373057,0.2629369211,0.3309376903
real_20240707,real,2024-07-07,adapted,953,0.2972503203,15.14222621,0.1373769046,0.01887241392,0.001170174583,0.9988298254,1261.997553,948.5257722,0.3954865413,0.2972503203,0.2632499357,0.3312507049
real_20240707,real,2024-07-07,adapted,954,0.2975591139,15.13144291,0.003007911073,9.047529024e-06,0.01463963375,0.9853603662,1261.997562,949.5111326,0.3954865441,0.2975591139,0.2635587293,0.3315594985
real_20240707,real,2024-07-07,adapted,955,0.2978711461,15.12831846,0.4550182248,0.2070415849,0.004305281295,0.9956947187,1262.204604,950.5068273,0.3955514271,0.2978711461,0.2638707615,0.3318715307
real_20240707,real,2024-07-07,adapted,956,0.2981843979,15.11717017,0.08684851702,0.007542664909,0.0004136181225,0.9995863819,1262.212147,951.5064137,0.3955537909,0.2981843979,0.2641840133,0.3321847825
real_20240707,real,2024-07-07,adapted,957,0.2984976966,15.11160832,-0.1233227786,0.01520850771,0.000263711603,0.9997362884,1262.227355,952.50615,0.3955585569,0.2984976966,0.264497312,0.3324980812
real_20240707,real,2024-07-07,adapted,958,0.2988080014,15.10169,0.03666419433,0.001344263146,0.009817352304,0.9901826477,1262.228699,953.4963326,0.3955589782,0.2988080014,0.2648076168,0.332808386
real_20240707,real,2024-07-07,adapted,959,0.29912043,15.09489073,0.03715572544,0.001380547933,0.003040520996,0.996959479,1262.23008,954.4932921,0.3955594108,0.29912043,0.2651200454,0.3331208146
real_20240707,real,2024-07-07,adapted,960,0.2994337721,15.08145564,1.636840506,2.679246843,0.0001253584,0.9998746416,1264.909327,955.4931667,0.3963990369,0.2994337721,0.2654333875,0.3334341567
real_20240707,real,2024-07-07,adapted,961,0.2997470867,15.07848348,0.04499700818,0.002024730746,0.0002131830729,0.9997868169,1264.911352,956.4929535,0.3963996714,0.2997470867,0.2657467021,0.3337474713
real_20240707,real,2024-07-07,adapted,962,0.3000603771,15.07047322,-0.2142614558,0.04590797142,0.000290256296,0.9997097437,1264.957259,957.4926633,0.3964140581,0.3000603771,0.2660599925,0.3340607617
real_20240707,real,2024-07-07,adapted,963,0.3003732644,15.06759224,0.07579702408,0.005745188859,0.001576521292,0.9984234787,1264.963005,958.4910868,0.3964158586,0.3003732644,0.2663728798,0.334373649
real_20240707,real,2024-07-07,adapted,964,0.3006835358,15.05940754,-0.3804571728,0.1447476603,0.009924087176,0.9900759128,1265.107752,959.4811627,0.3964612198,0.3006835358,0.2666831512,0.3346839204
real_20240707,real,2024-07-07,adapted,965,0.3009966876,15.05057463,0.5711639996,0.3262283144,0.000732458952,0.999267541,1265.433981,960.4804302,0.3965634537,0.3009966876,0.266996303,0.3349970722
real_20240707,real,2024-07-07,adapted,966,0.3013082472,15.04568283,1.218710712,1.485255799,0.005813251925,0.9941867481,1266.919236,961.474617,0.3970289052,0.3013082472,0.2673078626,0.3353086318
real_20240707,real,2024-07-07,adapted,967,0.3016169762,15.03594266,0.08527585147,0.007271970845,0.01484593419,0.9851540658,1266.926508,962.459771,0.3970311841,0.3016169762,0.2676165916,0.3356173608
real_20240707,real,2024-07-07,adapted,968,0.3019303021,15.02939756,0.07020405704,0.004928609625,0.0001769327566,0.9998230672,1266.931437,963.4595941,0.3970327286,0.3019303021,0.2679299175,0.3359306867
real_20240707,real,2024-07-07,adapted,969,0.3022426243,15.0252934,0.4687610279,0.2197369012,0.003379907615,0.9966200924,1267.151174,964.4562142,0.3971015901,0.3022426243,0.2682422397,0.3362430089
real_20240707,real,2024-07-07,adapted,970,0.302552074,15.01343184,-1.39861573,1.95612596,0.01254599005,0.98745401,1269.1073,965.4436682,0.3977146035,0.302552074,0.2685516894,0.3365524586
real_20240707,real,2024-07-07,adapted,971,0.3028653106,15.01080869,1.284091955,1.648892148,0.0004620912118,0.9995379088,1270.756192,966.4432061,0.3982313356,0.3028653106,0.268864926,0.3368656952
real_20240707,real,2024-07-07,adapted,972,0.3031779185,15.00704603,-2.094716305,4.387836399,0.002468175417,0.9975318246,1275.144028,967.4407379,0.3996064019,0.3031779185,0.2691775339,0.3371783031
real_20240707,real,2024-07-07,adapted,973,0.3034911323,15.00331146,-0.1172795921,0.01375450273,0.0005346961331,0.9994653039,1275.157783,968.4402032,0.3996107123,0.3034911323,0.2694907477,0.3374915169
real_20240707,real,2024-07-07,adapted,974,0.3038036905,14.99877336,0.8763792537,0.7680405963,0.002626989869,0.9973730101,1275.925824,969.4375762,0.3998514019,0.3038036905,0.2698033059,0.3378040751
real_20240707,real,2024-07-07,adapted,975,0.3041165524,14.98619687,-1.076092876,1.157975878,0.001657439768,0.9983425602,1277.083799,970.4359188,0.40021429,0.3041165524,0.2701161678,0.338116937
real_20240707,real,2024-07-07,adapted,976,0.3044298704,14.96988418,-0.9605951293,0.9227430025,0.0002024409797,0.999797559,1278.006542,971.4357164,0.4005034605,0.3044298704,0.2704294858,0.338430255
real_20240707,real,2024-07-07,adapted,977,0.3047430209,14.96669116,-0.4167489169,0.1736796597,0.0007368303108,0.9992631697,1278.180222,972.4349795,0.4005578885,0.3047430209,0.2707426363,0.3387434055
real_20240707,real,2024-07-07,adapted,978,0.3050549452,14.96085535,0.1575092765,0.02480917218,0.004649463669,0.9953505363,1278.205031,973.4303301,0.4005656632,0.3050549452,0.2710545606,0.3390553298
real_20240707,real,2024-07-07,adapted,979,0.3053680998,14.9543288,0.4827561906,0.2330535396,0.0007237535573,0.9992762464,1278.438085,974.4296063,0.4006386978,0.3053680998,0.2713677152,0.3393684844
real_20240707,real,2024-07-07,adapted,980,0.3056813669,14.94465683,0.8054716129,0.6487845192,0.0003644736401,0.9996355264,1279.086869,975.4292418,0.4008420148,0.3056813669,0.2716809823,0.3396817515
real_20240707,real,2024-07-07,adapted,981,0.3059940515,14.93957222,0.1646619049,0.02711354292,0.002223509022,0.997776491,1279.113983,976.4270183,0.4008505117,0.3059940515,0.2719936669,0.3399944361
real_20240707,real,2024-07-07,adapted,982,0.3063073339,14.93933365,-0.1348520519,0.01818507591,0.0003159380643,0.9996840619,1279.132168,977.4267024,0.4008562106,0.3063073339,0.2723069493,0.3403077185
real_20240707,real,2024-07-07,adapted,983,0.3066203232,14.93077296,-0.4334236783,0.1878560849,0.001251107024,0.998748893,1279.320024,978.4254513,0.4009150812,0.3066203232,0.2726199386,0.3406207078
real_20240707,real,2024-07-07,adapted,984,0.3069334999,14.92989828,-0.8700283607,0.7569493484,0.0006531585829,0.9993468414,1280.076973,979.4247981,0.401152295,0.3069334999,0.2729331153,0.3409338845
real_20240707,real,2024-07-07,adapted,985,0.3072456707,14.92374386,-0.4215936813,0.1777412321,0.003863070712,0.9961369293,1280.254715,980.4209351,0.4012079958,0.3072456707,0.2732452861,0.3412460553
real_20240707,real,2024-07-07,adapted,986,0.3075589653,14.91603233,-1.092868624,1.194361829,0.000276632556,0.9997233674,1281.449076,981.4206584,0.4015822866,0.3075589653,0.2735585807,0.3415593499
real_20240707,real,2024-07-07,adapted,987,0.3078709353,14.90606492,1.319365382,1.74072501,0.004504002766,0.9954959972,1283.189801,982.4161544,0.4021277974,0.3078709353,0.2738705507,0.3418713199
real_20240707,real,2024-07-07,adapted,988,0.3081840009,14.90335232,-2.678271414,7.173137766,0.001007415208,0.9989925848,1290.362939,983.415147,0.4043757252,0.3081840009,0.2741836163,0.3421843855
real_20240707,real,2024-07-07,adapted,989,0.3084972469,14.89050907,-1.069997819,1.144895332,0.0004320570304,0.999567943,1291.507835,984.414715,0.4047345141,0.3084972469,0.2744968623,0.3424976315
real_20240707,real,2024-07-07,adapted,990,0.3088096888,14.88741802,0.8067534864,0.6508511879,0.002998107806,0.9970018922,1292.158686,985.4117168,0.4049384788,0.3088096888,0.2748093042,0.3428100734
real_20240707,real,2024-07-07,adapted,991,0.3091193705,14.88411595,-0.2611911855,0.06822083538,0.0118055443,0.9881944557,1292.226907,986.3999113,0.4049598579,0.3091193705,0.2751189859,0.3431197551
real_20240707,real,2024-07-07,adapted,992,0.3094297981,14.87332517,0.3442848007,0.118532024,0.009425505042,0.990574495,1292.345439,987.3904858,0.4049970036,0.3094297981,0.2754294135,0.3434301827
real_20240707,real,2024-07-07,adapted,993,0.3097427408,14.86374934,-0.6043339344,0.3652195043,0.001399821977,0.998600178,1292.710658,988.389086,0.4051114566,0.3097427408,0.2757423562,0.3437431254
real_20240707,real,2024-07-07,adapted,994,0.3100552028,14.85967662,-0.3412436616,0.1164472366,0.00293399439,0.9970660056,1292.827105,989.386152,0.405147949,0.3100552028,0.2760548182,0.3440555874
real_20240707,real,2024-07-07,adapted,995,0.3103684199,14.85029984,0.567143836,0.3216521308,0.0005241701443,0.9994758299,1293.148757,990.3856278,0.4052487488,0.3103684199,0.2763680353,0.3443688045
real_20240707,real,2024-07-07,adapted,996,0.3106806533,14.84562766,0.1429762427,0.02044220598,0.003663272817,0.9963367272,1293.1692,991.3819645,0.405255155,0.3106806533,0.2766802687,0.3446810379
real_20240707,real,2024-07-07,adapted,997,0.3109933692,14.84153369,0.2339237249,0.05472030909,0.00212340964,0.9978765904,1293.22392,992.3798411,0.4052723033,0.3109933692,0.2769929846,0.3449937538
real_20240707,real,2024-07-07,adapted,998,0.3113066986,14.83149481,-0.9534145321,0.90899927,0.0001659296917,0.9998340703,1294.132919,993.3796752,0.4055571668,0.3113066986,0.277306314,0.3453070832
real_20240707,real,2024-07-07,adapted,999,0.3116168182,14.82663997,-0.2125167389,0.04516336429,0.0104082317,0.9895917683,1294.178083,994.369267,0.4055713201,0.3116168182,0.2776164336,0.3456172028
real_20240707,real,2024-07-07,adapted,1000,0.3119291332,14.82197663,1.542648376,2.379764013,0.003403066777,0.9965969332,1296.557847,995.3658639,0.4063170939,0.3119291332,0.2779287486,0.3459295178
real_20240707,real,2024-07-07,adapted,1001,0.3122424717,14.80576794,2.307200923,5.3231761,0.0001367988221,0.9998632012,1301.881023,996.3657271,0.4079852782,0.3122424717,0.2782420871,0.3462428563
real_20240707,real,2024-07-07,adapted,1002,0.3125546449,14.80315418,-0.1493293595,0.02229925762,0.003855274861,0.9961447251,1301.903322,997.3618718,0.4079922664,0.3125546449,0.2785542603,0.3465550295
real_20240707,real,2024-07-07,adapted,1003,0.3128678896,14.80130087,0.2045628608,0.041845964,0.0004361459762,0.999563854,1301.945168,998.3614357,0.4080053801,0.3128678896,0.278867505,0.3468682742
real_20240707,real,2024-07-07,adapted,1004,0.3131811662,14.78845752,0.030357045,0.0009215501814,0.0003343797215,0.9996656203,1301.946089,999.3611013,0.4080056689,0.3131811662,0.2791807816,0.3471815508
real_20240707,real,2024-07-07,adapted,1005,0.3134943246,14.77673404,0.2079005387,0.04322263401,0.0007114032727,0.9992885967,1301.989312,1000.36039,0.4080192141,0.3134943246,0.27949394,0.3474947092
real_20240707,real,2024-07-07,adapted,1006,0.3138076275,14.77332056,-0.6172578609,0.3810072668,0.000250490686,0.9997495093,1302.370319,1001.360139,0.4081386147,0.3138076275,0.2798072429,0.3478080121
real_20240707,real,2024-07-07,adapted,1007,0.3141209091,14.7672487,0.03554160057,0.001263205371,0.00031860144,0.9996813986,1302.371583,1002.359821,0.4081390105,0.3141209091,0.2801205245,0.3481212937
real_20240707,real,2024-07-07,adapted,1008,0.3144341002,14.75985033,-0.7059420171,0.4983541315,0.0006069601621,0.9993930398,1302.869937,1003.359214,0.4082951854,0.3144341002,0.2804337156,0.3484344848
real_20240707,real,2024-07-07,adapted,1009,0.314747362,14.750533,0.9653924366,0.9319825566,0.0003818095436,0.9996181905,1303.801919,1004.358832,0.4085872514,0.314747362,0.2807469774,0.3487477466
real_20240707,real,2024-07-07,adapted,1010,0.315060632,14.74614691,-0.7602947984,0.5780481805,0.0003554588847,0.9996445411,1304.379967,1005.358477,0.408768401,0.315060632,0.2810602474,0.3490610166
real_20240707,real,2024-07-07,adapted,1011,0.3153737921,14.7348406,1.318222019,1.73770929,0.0007059239518,0.999294076,1306.117677,1006.357771,0.4093129667,0.3153737921,0.2813734075,0.3493741767
real_20240707,real,2024-07-07,adapted,1012,0.3156868789,14.72989687,0.3087117061,0.09530291751,0.0009402408304,0.9990597592,1306.21298,1007.35683,0.4093428329,0.3156868789,0.2816864943,0.3496872635
real_20240707,real,2024-07-07,adapted,1013,0.3159999744,14.72743764,-0.0003356939521,1.126904295e-07,0.0009119418273,0.9990880582,1306.21298,1008.355918,0.4093428329,0.3159999744,0.2819995898,0.3500003591
real_20240707,real,2024-07-07,adapted,1014,0.3163111473,14.72337287,0.2628694015,0.06910032223,0.007047531086,0.9929524689,1306.28208,1009.348871,0.4093644876,0.3163111473,0.2823107627,0.3503115319
real_20240707,real,2024-07-07,adapted,1015,0.3166241241,14.72202187,-0.0539601527,0.002911698079,0.001291056452,0.9987089435,1306.284992,1010.34758,0.4093654001,0.3166241241,0.2826237395,0.3506245087
real_20240707,real,2024-07-07,adapted,1016,0.3169357862,14.71315078,-1.122677507,1.260404784,0.005485977589,0.9945140224,1307.545397,1011.342094,0.4097603875,0.3169357862,0.2829354016,0.3509361708
real_20240707,real,2024-07-07,adapted,1017,0.3172488168,14.70994474,-0.3143908494,0.09884160617,0.001119444736,0.9988805553,1307.644238,1012.340974,0.4097913626,0.3172488168,0.2832484322,0.3512492014
real_20240707,real,2024-07-07,adapted,1018,0.3175616594,14.69975437,0.4322024053,0.1867989191,0.001719344977,0.998280655,1307.831037,1013.339255,0.4098499019,0.3175616594,0.2835612748,0.351562044
real_20240707,real,2024-07-07,adapted,1019,0.3178744389,14.68481344,0.7293867614,0.5320050477,0.001920725678,0.9980792743,1308.363042,1014.337334,0.4100166224,0.3178744389,0.2838740543,0.3518748235
real_20240707,real,2024-07-07,adapted,1020,0.3181877155,14.67933315,0.2370781023,0.05620602659,0.0003341620427,0.999665838,1308.419248,1015.337,0.4100342363,0.3181877155,0.2841873309,0.3521881001
real_20240707,real,2024-07-07,adapted,1021,0.318500687,14.67845942,1.86884068,3.492565486,0.001307999325,0.9986920007,1311.911814,1016.335692,0.4111287414,0.318500687,0.2845003024,0.3525010716
real_20240707,real,2024-07-07,adapted,1022,0.3188118055,14.67224013,0.3769643498,0.142102121,0.00722102874,0.9927789713,1312.053916,1017.328471,0.4111732735,0.3188118055,0.2848114209,0.3528121901
real_20240707,real,2024-07-07,adapted,1023,0.3191250902,14.66864453,2.336781708,5.460548749,0.0003084443494,0.9996915557,1317.514465,1018.328163,0.4128845078,0.3191250902,0.2851247056,0.3531254748
real_20240707,real,2024-07-07,adapted,1024,0.3194381801,14.66091406,0.1635633862,0.0267529813,0.0009301887291,0.9990698113,1317.541218,1019.327233,0.4128928917,0.3194381801,0.2854377955,0.3534385647
real_20240707,real,2024-07-07,adapted,1025,0.3197515064,14.65197421,0.4038272441,0.1630764431,0.0001756067633,0.9998243932,1317.704294,1020.327057,0.4129439969,0.3197515064,0.2857511218,0.353751891
real_20240707,real,2024-07-07,adapted,1026,0.3200623924,14.64338647,-1.189080415,1.413912233,0.007962698263,0.9920373017,1319.118206,1021.319094,0.4133870906,0.3200623924,0.2860620078,0.354062777
real_20240707,real,2024-07-07,adapted,1027,0.3203756602,14.64303941,-0.07542243317,0.005688543425,0.0003627160004,0.999637284,1319.123895,1022.318732,0.4133888733,0.3203756602,0.2863752756,0.3543760448
real_20240707,real,2024-07-07,adapted,1028,0.3206888632,14.64129933,-0.7447419774,0.5546406128,0.000569204647,0.9994307954,1319.678535,1023.318162,0.4135626874,0.3206888632,0.2866884786,0.3546892478
real_20240707,real,2024-07-07,adapted,1029,0.3210018618,14.62878602,-1.223579152,1.497145941,0.00122147849,0.9987785215,1321.175681,1024.316941,0.414031865,0.3210018618,0.2870014772,0.3550022464
real_20240707,real,2024-07-07,adapted,1030,0.3213131891,14.61630149,0.1653735036,0.0273483957,0.006554549788,0.9934454502,1321.20303,1025.310386,0.4140404355,0.3213131891,0.2873128045,0.3553135737
real_20240707,real,2024-07-07,adapted,1031,0.3216262085,14.60703748,-1.246250204,1.553139571,0.001154844488,0.9988451555,1322.756169,1026.309231,0.4145271605,0.3216262085,0.2876258239,0.3556265931
real_20240707,real,2024-07-07,adapted,1032,0.3219377216,14.603266,1.289066342,1.661692034,0.005961967892,0.9940380321,1324.417861,1027.303269,0.4150479039,0.3219377216,0.287937337,0.3559381062
real_20240707,real,2024-07-07,adapted,1033,0.3222484751,14.59946842,0.5352485616,0.2864910227,0.008385507539,0.9916144925,1324.704352,1028.294884,0.4151376848,0.3222484751,0.2882480905,0.3562488597
real_20240707,real,2024-07-07,adapted,1034,0.322561354,14.59638151,0.5758720572,0.3316286262,0.001603351159,0.9983966488,1325.035981,1029.293281,0.4152416111,0.322561354,0.2885609694,0.3565617386
real_20240707,real,2024-07-07,adapted,1035,0.322874153,14.59099385,-2.717978308,7.387406085,0.001858395997,0.998141604,1332.423387,1030.291422,0.4175566866,0.322874153,0.2888737684,0.3568745376
real_20240707,real,2024-07-07,adapted,1036,0.3231869456,14.58219902,-0.7712884556,0.5948858817,0.00187877638,0.9981212236,1333.018273,1031.289543,0.4177431128,0.3231869456,0.289186561,0.3571873302
real_20240707,real,2024-07-07,adapted,1037,0.323500188,14.57994373,-1.570821579,2.467480434,0.0004437005755,0.9995562994,1335.485753,1032.2891,0.4185163752,0.323500188,0.2894998034,0.3575005726
real_20240707,real,2024-07-07,adapted,1038,0.3238133168,14.57454666,-0.7541635883,0.5687627179,0.0008058048578,0.9991941951,1336.054516,1033.288294,0.4186946149,0.3238133168,0.2898129322,0.3578137014
real_20240707,real,2024-07-07,adapted,1039,0.3241245279,14.57008726,-0.063088926,0.003980212584,0.006925516859,0.9930744831,1336.058496,1034.281368,0.4186958622,0.3241245279,0.2901241433,0.3581249125
real_20240707,real,2024-07-07,adapted,1040,0.3244371305,14.55731157,0.8023665041,0.6437920069,0.002485000018,0.997515,1336.702288,1035.278883,0.4188976146,0.3244371305,0.2904367459,0.3584375151
real_20240707,real,2024-07-07,adapted,1041,0.3247504441,14.55589092,1.004158607,1.008334508,0.0002161774152,0.9997838226,1337.710623,1036.278667,0.4192136079,0.3247504441,0.2907500595,0.3587508287
real_20240707,real,2024-07-07,adapted,1042,0.3250637188,14.55107142,-0.6140699677,0.3770819253,0.0003406759711,0.999659324,1338.087705,1037.278327,0.4193317783,0.3250637188,0.2910633342,0.3590641034
real_20240707,real,2024-07-07,adapted,1043,0.3253769378,14.53992445,0.06240372815,0.003894225287,0.0005181762771,0.9994818237,1338.091599,1038.277808,0.4193329987,0.3253769378,0.2913765532,0.3593773224
real_20240707,real,2024-07-07,adapted,1044,0.3256876051,14.53840232,0.4040279495,0.1632385839,0.008660448359,0.9913395516,1338.254838,1039.269148,0.4193841547,0.3256876051,0.2916872205,0.3596879897
real_20240707,real,2024-07-07,adapted,1045,0.3260008643,14.52385318,-1.072178283,1.14956627,0.0003901413748,0.9996098586,1339.404404,1040.268758,0.4197444073,0.3260008643,0.2920004797,0.3600012489
real_20240707,real,2024-07-07,adapted,1046,0.3263139448,14.52204808,-0.2987271092,0.08923788576,0.0009601063638,0.9990398936,1339.493642,1041.267798,0.4197723728,0.3263139448,0.2923135602,0.3603143294
real_20240707,real,2024-07-07,adapted,1047,0.3266272432,14.51560463,-0.7909375782,0.6255822526,0.0002647752356,0.9997352248,1340.119224,1042.267533,0.4199684187,0.3266272432,0.2926268586,0.3606276278
real_20240707,real,2024-07-07,adapted,1048,0.326940505,14.50819915,-0.7899558071,0.6240301772,0.0003813540389,0.999618646,1340.743254,1043.267152,0.4201639781,0.326940505,0.2929401204,0.3609408896
real_20240707,real,2024-07-07,adapted,1049,0.327253527,14.50552597,0.06032072275,0.003638589593,0.001146943015,0.998853057,1340.746893,1044.266005,0.4201651184,0.327253527,0.2932531424,0.3612539116
real_20240707,real,2024-07-07,adapted,1050,0.3275659053,14.49748284,1.561715456,2.438955166,0.003200859514,0.9967991405,1343.185848,1045.262804,0.4209294415,0.3275659053,0.2935655207,0.3615662899
real_20240707,real,2024-07-07,adapted,1051,0.3278781117,14.48883315,-1.177279617,1.385987296,0.00374919433,0.9962508057,1344.571835,1046.259055,0.4213637841,0.3278781117,0.2938777271,0.3618784964
real_20240707,real,2024-07-07,adapted,1052,0.3281912973,14.48596249,0.006195469908,3.838384738e-05,0.0006248724911,0.9993751275,1344.571874,1047.25843,0.4213637962,0.3281912973,0.2941909127,0.3621916819
real_20240707,real,2024-07-07,adapted,1053,0.3285041384,14.47114755,1.090291343,1.188735212,0.001724026586,0.9982759734,1345.760609,1048.256706,0.4217363236,0.3285041384,0.2945037538,0.362504523
real_20240707,real,2024-07-07,adapted,1054,0.3288169624,14.46684409,2.187332467,4.78442332,0.001778572255,0.9982214277,1350.545032,1049.254927,0.4232356728,0.3288169624,0.2948165778,0.362817347
real_20240707,real,2024-07-07,adapted,1055,0.3291302982,14.46084981,1.758581053,3.09260732,0.000145415995,0.999854584,1353.637639,1050.254782,0.4242048384,0.3291302982,0.2951299136,0.3631306828
real_20240707,real,2024-07-07,adapted,1056,0.3294431558,14.4538696,-2.855055193,8.151340156,0.00167152806,0.9983284719,1361.78898,1051.25311,0.4267593167,0.3294431558,0.2954427712,0.3634435404
real_20240707,real,2024-07-07,adapted,1057,0.329755391,14.45124917,-0.8919067367,0.7954976269,0.003657599699,0.9963424003,1362.584477,1052.249453,0.4270086108,0.329755391,0.2957550064,0.3637557756
real_20240707,real,2024-07-07,adapted,1058,0.3300687169,14.44422752,0.2624818462,0.06889671957,0.0001770825175,0.9998229175,1362.653374,1053.249275,0.4270302018,0.3300687169,0.2960683323,0.3640691015
real_20240707,real,2024-07-07,adapted,1059,0.3303813435,14.43062341,-0.6399309876,0.4095116689,0.00240830918,0.9975916908,1363.062886,1054.246867,0.4271585351,0.3303813435,0.2963809589,0.3643817281
real_20240707,real,2024-07-07,adapted,1060,0.3306931951,14.42810933,0.5103940729,0.2605021097,0.004881726091,0.9951182739,1363.323388,1055.241985,0.4272401716,0.3306931951,0.2966928105,0.3646935797
real_20240707,real,2024-07-07,adapted,1061,0.3310064503,14.42347751,0.09283546682,0.0086184239,0.000402418442,0.9995975816,1363.332006,1056.241583,0.4272428725,0.3310064503,0.2970060657,0.3650068349
real_20240707,real,2024-07-07,adapted,1062,0.3313196902,14.41557983,1.299285035,1.688141602,0.0004514629366,0.9995485371,1365.020148,1057.241132,0.4277719046,0.3313196902,0.2973193056,0.3653200748
real_20240707,real,2024-07-07,adapted,1063,0.3316328316,14.40801711,0.7220698811,0.5213849132,0.0007660234768,0.9992339765,1365.541533,1058.240366,0.427935297,0.3316328316,0.297632447,0.3656332162
real_20240707,real,2024-07-07,adapted,1064,0.331945924,14.40636484,0.6103330734,0.3725064605,0.0009219360498,0.999078064,1365.914039,1059.239444,0.4280520336,0.331945924,0.2979455394,0.3659463086
real_20240707,real,2024-07-07,adapted,1065,0.3322590729,14.39790053,0.2668321802,0.07119941237,0.0007418605602,0.9992581394,1365.985238,1060.238702,0.4280743461,0.3322590729,0.2982586883,0.3662594575
real_20240707,real,2024-07-07,adapted,1066,0.3325719993,14.3954733,1.115171555,1.243607598,0.001451886836,0.9985481132,1367.228846,1061.23725,0.4284640696,0.3325719993,0.2985716147,0.3665723839
real_20240707,real,2024-07-07,adapted,1067,0.3328850375,14.38791755,-0.9192848564,0.8450846472,0.001095313516,0.9989046865,1368.073931,1062.236155,0.4287289034,0.3328850375,0.2988846529,0.3668854221
real_20240707,real,2024-07-07,adapted,1068,0.333197769,14.38268164,1.960518834,3.8436341,0.00207378323,0.9979262168,1371.917565,1063.234081,0.4299334268,0.333197769,0.2991973844,0.3671981536
real_20240707,real,2024-07-07,adapted,1069,0.3335106967,14.37788015,0.3935002197,0.1548424229,0.001447714597,0.9985522854,1372.072407,1064.232633,0.4299819515,0.3335106967,0.2995103121,0.3675110813
real_20240707,real,2024-07-07,adapted,1070,0.3338238077,14.36879061,-0.7051297569,0.4972079741,0.000862849614,0.9991371504,1372.569615,1065.23177,0.4301377672,0.3338238077,0.2998234231,0.3678241923
real_20240707,real,2024-07-07,adapted,1071,0.334136894,14.36290788,-0.3881333282,0.1506474805,0.0009415170496,0.999058483,1372.720263,1066.230829,0.4301849773,0.334136894,0.3001365094,0.3681372786
real_20240707,real,2024-07-07,adapted,1072,0.3344482582,14.35987007,0.1129823116,0.01276500274,0.0064368911,0.9935631089,1372.733028,1067.224392,0.4301889777,0.3344482582,0.3004478736,0.3684486428
real_20240707,real,2024-07-07,adapted,1073,0.334761466,14.35299838,-0.2603632389,0.06778901619,0.0005539500771,0.9994460499,1372.800817,1068.223838,0.4302102215,0.334761466,0.3007610814,0.3687618506
real_20240707,real,2024-07-07,adapted,1074,0.3350739569,14.35105267,0.7002387924,0.4903343664,0.002841382952,0.997158617,1373.291151,1069.220996,0.4303638831,0.3350739569,0.3010735723,0.3690743415
real_20240707,real,2024-07-07,adapted,1075,0.3353871546,14.34361437,0.439277643,0.1929648476,0.0005860694966,0.9994139305,1373.484116,1070.22041,0.4304243547,0.3353871546,0.30138677,0.3693875392
real_20240707,real,2024-07-07,adapted,1076,0.335699829,14.34115178,-2.21893896,4.92369011,0.00225590363,0.9977440964,1378.407806,1071.218154,0.4319673476,0.335699829,0.3016994444,0.3697002137
real_20240707,real,2024-07-07,adapted,1077,0.3360131346,14.33153566,0.1889711698,0.03571010302,0.0002418652489,0.9997581348,1378.443516,1072.217913,0.4319785384,0.3360131346,0.30201275,0.3700135192
real_20240707,real,2024-07-07,adapted,1078,0.3363263887,14.31882896,-1.583547063,2.507621302,0.0004064259029,0.9995935741,1380.951137,1073.217506,0.4327643803,0.3363263887,0.3023260041,0.3703267733
real_20240707,real,2024-07-07,adapted,1079,0.336639657,14.31779679,-1.941709578,3.770236087,0.0003607224831,0.9996392775,1384.721374,1074.217145,0.4339459021,0.336639657,0.3026392724,0.3706400416
real_20240707,real,2024-07-07,adapted,1080,0.3369528941,14.31503026,-0.2776527187,0.07709103218,0.0004605241834,0.9995394758,1384.798465,1075.216685,0.433970061,0.3369528941,0.3029525095,0.3709532787
real_20240707,real,2024-07-07,adapted,1081,0.3372660938,14.3079187,1.646455252,2.710814898,0.0005796250357,0.999420375,1387.509279,1076.216105,0.4348195799,0.3372660938,0.3032657092,0.3712664784
real_20240707,real,2024-07-07,adapted,1082,0.3375779375,14.30360655,-0.3005398916,0.09032422645,0.004906813002,0.995093187,1387.599604,1077.211199,0.4348478858,0.3375779375,0.3035775529,0.3715783221
real_20240707,real,2024-07-07,adapted,1083,0.3378912418,14.29960309,0.2522217581,0.06361581528,0.0002457979236,0.9997542021,1387.66322,1078.210953,0.4348678218,0.3378912418,0.3038908572,0.3718916264
real_20240707,real,2024-07-07,adapted,1084,0.338204005,14.28881757,0.3897200658,0.1518817297,0.001972646511,0.9980273535,1387.815101,1079.20898,0.4349154188,0.338204005,0.3042036204,0.3722043896
real_20240707,real,2024-07-07,adapted,1085,0.3385172474,14.28266636,-0.6067252717,0.3681155554,0.0004435803451,0.9995564197,1388.183217,1080.208536,0.4350307793,0.3385172474,0.3045168628,0.372517632
real_20240707,real,2024-07-07,adapted,1086,0.3388292523,14.28079493,0.4357810646,0.1899051363,0.004392394693,0.9956076053,1388.373122,1081.204144,0.435090292,0.3388292523,0.3048288677,0.3728296369
real_20240707,real,2024-07-07,adapted,1087,0.3391425106,14.27139944,-1.011564168,1.023262066,0.0003927337648,0.9996072662,1389.396384,1082.203751,0.4354109633,0.3391425106,0.305142126,0.3731428952
real_20240707,real,2024-07-07,adapted,1088,0.3394558282,14.26744825,-0.05985175884,0.003582233037,0.0002035243018,0.9997964757,1389.399966,1083.203548,0.4354120859,0.3394558282,0.3054554436,0.3734562128
real_20240707,real,2024-07-07,adapted,1089,0.3397690593,14.2559006,0.1739139013,0.03024604505,0.0004795941568,0.9995204058,1389.430212,1084.203068,0.4354215645,0.3397690593,0.3057686747,0.3737694439
real_20240707,real,2024-07-07,adapted,1090,0.3400815409,14.24943865,-0.8677843968,0.7530497594,0.002871222492,0.9971287775,1390.183262,1085.200197,0.4356575563,0.3400815409,0.3060811563,0.3740819255
real_20240707,real,2024-07-07,adapted,1091,0.3403948357,14.24819483,0.2798732047,0.07832901072,0.0002762784703,0.9997237215,1390.261591,1086.199921,0.4356821031,0.3403948357,0.3063944511,0.3743952203
real_20240707,real,2024-07-07,adapted,1092,0.3407081004,14.24482173,0.2255036196,0.05085188244,0.0003723703212,0.9996276297,1390.312443,1087.199548,0.4356980391,0.3407081004,0.3067077158,0.374708485
real_20240707,real,2024-07-07,adapted,1093,0.341021274,14.2333965,1.015757336,1.031762965,0.0006630997423,0.9993369003,1391.344206,1088.198885,0.4360213745,0.341021274,0.3070208894,0.3750216586
real_20240707,real,2024-07-07,adapted,1094,0.3413340838,14.22550362,0.2847104236,0.08106002531,0.001823767124,0.9981762329,1391.425266,1089.197062,0.4360467772,0.3413340838,0.3073336992,0.3753344684
real_20240707,real,2024-07-07,adapted,1095,0.3416466354,14.21745099,1.033663925,1.068461109,0.002648014931,0.9973519851,1392.493727,1090.194413,0.436381613,0.3416466354,0.3076462508,0.37564702
real_20240707,real,2024-07-07,adapted,1096,0.3419597012,14.20670151,0.6298294028,0.3966850767,0.001006864007,0.998993136,1392.890412,1091.193407,0.4365059267,0.3419597012,0.3079593166,0.3759600858
real_20240707,real,2024-07-07,adapted,1097,0.342272453,14.20152122,-1.045759147,1.093612195,0.002009073129,0.9979909269,1393.984024,1092.191398,0.4368486444,0.342272453,0.3082720684,0.3762728376
real_20240707,real,2024-07-07,adapted,1098,0.3425851568,14.19667007,-0.1623754224,0.02636577781,0.002162331384,0.9978376686,1394.01039,1093.189235,0.4368569069,0.3425851568,0.3085847722,0.3765855414
real_20240707,real,2024-07-07,adapted,1099,0.3428979443,14.18748848,1.347343546,1.81533463,0.001895106856,0.9981048931,1395.825725,1094.18734,0.437425799,0.3428979443,0.3088975597,0.3768983289
real_20240707,real,2024-07-07,adapted,1100,0.3432112053,14.17885919,-1.993222743,3.972936901,0.0003839304557,0.9996160695,1399.798662,1095.186956,0.4386708435,0.3432112053,0.3092108207,0.3772115899
real_20240707,real,2024-07-07,adapted,1101,0.3435243993,14.16896895,-0.814667331,0.6636828602,0.0005979234045,0.9994020766,1400.462344,1096.186358,0.4388788294,0.3435243993,0.3095240147,0.3775247839
real_20240707,real,2024-07-07,adapted,1102,0.3438377325,14.1664981,1.165200223,1.35769156,0.0001539545484,0.9998460455,1401.820036,1097.186204,0.4393043046,0.3438377325,0.3098373479,0.3778381171
real_20240707,real,2024-07-07,adapted,1103,0.3441507508,14.16416048,-0.295935508,0.08757782487,0.001158525557,0.9988414744,1401.907614,1098.185046,0.4393317499,0.3441507508,0.3101503662,0.3781511354
real_20240707,real,2024-07-07,adapted,1104,0.3444639259,14.16267558,0.5716531291,0.3267873,0.0006583460904,0.9993416539,1402.234401,1099.184387,0.4394341589,0.3444639259,0.3104635413,0.3784643105
real_20240707,real,2024-07-07,adapted,1105,0.3447770616,14.15543565,1.092465111,1.19348002,0.0007838570968,0.9992161429,1403.427881,1100.183604,0.4398081734,0.3447770616,0.310776677,0.3787774462
real_20240707,real,2024-07-07,adapted,1106,0.3450900406,14.14938132,1.432891334,2.053177576,0.001284034239,0.9987159658,1405.481059,1101.18232,0.440451601,0.3450900406,0.311089656,0.3790904252
real_20240707,real,2024-07-07,adapted,1107,0.3454033201,14.14656706,-0.3916426229,0.1533839441,0.0003249919986,0.999675008,1405.634443,1102.181995,0.4404996687,0.3454033201,0.3114029355,0.3794037047
real_20240707,real,2024-07-07,adapted,1108,0.3457165999,14.14241853,-0.6180324191,0.3819640711,0.0003242452523,0.9996757547,1406.016407,1103.18167,0.4406193691,0.3457165999,0.3117162153,0.3797169845
real_20240707,real,2024-07-07,adapted,1109,0.346029611,14.13664968,-1.966370048,3.866611167,0.001181521253,0.9988184787,1409.883018,1104.180489,0.4418310931,0.346029611,0.3120292264,0.3800299956
real_20240707,real,2024-07-07,adapted,1110,0.3463427792,14.13526602,-0.5356740404,0.2869466776,0.0006803546617,0.9993196453,1410.169965,1105.179808,0.4419210168,0.3463427792,0.3123423946,0.3803431638
real_20240707,real,2024-07-07,adapted,1111,0.346656069,14.13115045,1.298423329,1.68590314,0.0002923549823,0.999707645,1411.855868,1106.179516,0.4424493475,0.346656069,0.3126556844,0.3806564536
real_20240707,real,2024-07-07,adapted,1112,0.346969141,14.12056202,0.5940758184,0.352926078,0.0009872888828,0.9990127111,1412.208794,1107.178529,0.4425599479,0.346969141,0.3129687564,0.3809695256
real_20240707,real,2024-07-07,adapted,1113,0.347282243,14.1166903,1.358905553,1.846624302,0.0008913503602,0.9991086496,1414.055418,1108.177637,0.4431386456,0.347282243,0.3132818584,0.3812826276
real_20240707,real,2024-07-07,adapted,1114,0.3475950103,14.10548555,-1.894221613,3.588075518,0.001959619836,0.9980403802,1417.643494,1109.175678,0.4442630817,0.3475950103,0.3135946257,0.3815953949
real_20240707,real,2024-07-07,adapted,1115,0.3479078697,14.10315637,-0.4925568562,0.2426122566,0.001665461073,0.9983345389,1417.886106,1110.174012,0.4443391118,0.3479078697,0.3139074851,0.3819082543
real_20240707,real,2024-07-07,adapted,1116,0.3482202066,14.09204377,0.5485561928,0.3009138967,0.003332964277,0.9966670357,1418.18702,1111.170679,0.4444334127,0.3482202066,0.314219822,0.3822205912
real_20240707,real,2024-07-07,adapted,1117,0.3485324891,14.08637315,-0.8654678583,0.7490346137,0.003506585709,0.9964934143,1418.936054,1112.167173,0.4446681462,0.3485324891,0.3145321045,0.3825328737
real_20240707,real,2024-07-07,adapted,1118,0.3488451855,14.08408313,-1.029685848,1.060252946,0.002185956568,0.9978140434,1419.996307,1113.164987,0.4450004097,0.3488451855,0.3148448009,0.3828455701
real_20240707,real,2024-07-07,adapted,1119,0.3491582456,14.07412909,0.7102734235,0.5044883361,0.001025301967,0.998974698,1420.500796,1114.163962,0.445158507,0.3491582456,0.315157861,0.3831586302
real_20240707,real,2024-07-07,adapted,1120,0.349471535,14.06876488,-0.03050376899,0.0009304799226,0.0002934228036,0.9997065772,1420.501726,1115.163668,0.4451587986,0.349471535,0.3154711504,0.3834719196
real_20240707,real,2024-07-07,adapted,1121,0.3497848286,14.06288985,0.2875012876,0.08265699036,0.0002799980907,0.9997200019,1420.584383,1116.163388,0.4451847017,0.3497848286,0.315784444,0.3837852132
real_20240707,real,2024-07-07,adapted,1122,0.3500981697,14.05906856,0.4131204545,0.17066851,0.0001286465661,0.9998713534,1420.755052,1117.163259,0.445238186,0.3500981697,0.3160977851,0.3840985543
real_20240707,real,2024-07-07,adapted,1123,0.3504111255,14.05699315,-0.5003418396,0.2503419565,0.001358040426,0.9986419596,1421.005394,1118.161901,0.4453166386,0.3504111255,0.3164107409,0.3844115101
real_20240707,real,2024-07-07,adapted,1124,0.3507242008,14.05015769,-0.5461199058,0.2982469515,0.000976638445,0.9990233616,1421.303641,1119.160925,0.4454101036,0.3507242008,0.3167238162,0.3847245854
real_20240707,real,2024-07-07,adapted,1125,0.3510373799,14.04286944,-0.1513725462,0.02291364773,0.0006454612073,0.9993545388,1421.326554,1120.160279,0.4454172843,0.3510373799,0.3170369953,0.3850377645
real_20240707,real,2024-07-07,adapted,1126,0.3513504394,14.04126511,0.3250604463,0.1056642937,0.001027113956,0.998972886,1421.432219,1121.159252,0.4454503975,0.3513504394,0.3173500548,0.385350824
real_20240707,real,2024-07-07,adapted,1127,0.3516636346,14.03675936,-0.2008764155,0.04035133432,0.0005941375787,0.9994058624,1421.47257,1122.158658,0.4454630429,0.3516636346,0.31766325,0.3856640192
real_20240707,real,2024-07-07,adapted,1128,0.3519769195,14.03209418,1.680017306,2.822458149,0.0003079465531,0.9996920534,1424.295028,1123.15835,0.4463475487,0.3519769195,0.3179765349,0.3859773041
real_20240707,real,2024-07-07,adapted,1129,0.3522901276,14.02740862,0.189334714,0.03584763394,0.0005529423879,0.9994470576,1424.330876,1124.157797,0.4463587827,0.3522901276,0.318289743,0.3862905122
real_20240707,real,2024-07-07,adapted,1130,0.3526033372,14.01531921,-1.741191567,3.031748074,0.0005483231806,0.9994516768,1427.362624,1125.157249,0.4473088761,0.3526033372,0.3186029526,0.3866037218
real_20240707,real,2024-07-07,adapted,1131,0.3529165085,14.01308732,-0.1230803558,0.01514877398,0.000670374381,0.9993296256,1427.377772,1126.156579,0.4473136235,0.3529165085,0.3189161239,0.3869168931
real_20240707,real,2024-07-07,adapted,1132,0.3532296621,14.01049799,1.399769612,1.959354967,0.0007266728649,0.9992733271,1429.337127,1127.155852,0.4479276488,0.3532296621,0.3192292775,0.3872300467
real_20240707,real,2024-07-07,adapted,1133,0.3535420914,14.00529419,-0.5222038728,0.2726968847,0.003038036707,0.9969619633,1429.609824,1128.152814,0.448013107,0.3535420914,0.3195417068,0.387542476
real_20240707,real,2024-07-07,adapted,1134,0.3538554208,13.99647058,-0.1123052772,0.01261247529,0.0001659216916,0.9998340783,1429.622437,1129.152648,0.4480170595,0.3538554208,0.3198550362,0.3878558054
real_20240707,real,2024-07-07,adapted,1135,0.3541685509,13.99204336,-0.740214393,0.5479173476,0.0008018940956,0.9991981059,1430.170354,1130.151846,0.4481887666,0.3541685509,0.3201681663,0.3881689355
real_20240707,real,2024-07-07,adapted,1136,0.3544817374,13.98442001,-1.403175593,1.968901744,0.0006220236011,0.9993779764,1432.139256,1131.151224,0.4488057837,0.3544817374,0.3204813528,0.388482122
real_20240707,real,2024-07-07,adapted,1137,0.3547949674,13.98391606,0.2540321051,0.0645323104,0.0004828289855,0.999517171,1432.203788,1132.150741,0.448826007,0.3547949674,0.3207945828,0.388795352
real_20240707,real,2024-07-07,adapted,1138,0.3551079489,13.97374952,0.1520851255,0.02312988541,0.001276058416,0.9987239416,1432.226918,1133.149465,0.4488332554,0.3551079489,0.3211075643,0.3891083335
real_20240707,real,2024-07-07,adapted,1139,0.3554208701,13.97024697,-0.9915780911,0.9832271108,0.00146845525,0.9985315448,1433.210145,1134.147997,0.4491413805,0.3554208701,0.3214204855,0.3894212547
real_20240707,real,2024-07-07,adapted,1140,0.35573377,13.96589328,-1.629051484,2.653808737,0.001536488691,0.9984635113,1435.863954,1135.14646,0.4499730348,0.35573377,0.3217333854,0.3897341546
real_20240707,real,2024-07-07,adapted,1141,0.3560466073,13.96247467,0.5588053409,0.312263409,0.001736293657,0.9982637063,1436.176217,1136.144724,0.4500708923,0.3560466073,0.3220462227,0.3900469919
real_20240707,real,2024-07-07,adapted,1142,0.3563597844,13.9569272,-0.1586469657,0.02516885972,0.0006517717908,0.9993482282,1436.201386,1137.144072,0.4500787798,0.3563597844,0.3223593998,0.390360169
real_20240707,real,2024-07-07,adapted,1143,0.3566727616,13.95123406,-1.625309536,2.641631087,0.001289731272,0.9987102687,1438.843017,1138.142782,0.4509066178,0.3566727616,0.322672377,0.3906731462
real_20240707,real,2024-07-07,adapted,1144,0.3569859479,13.9439521,-0.659907455,0.4354778492,0.0006226774178,0.9993773226,1439.278495,1139.14216,0.4510430884,0.3569859479,0.3229855633,0.3909863325
real_20240707,real,2024-07-07,adapted,1145,0.3572992394,13.93791753,-0.4629113375,0.2142869064,0.0002866337719,0.9997133662,1439.492782,1140.141873,0.4511102419,0.3572992394,0.3232988548,0.391299624
real_20240707,real,2024-07-07,adapted,1146,0.3576125043,13.93458991,1.163470761,1.353664212,0.0003718741581,0.9996281258,1440.846446,1141.141501,0.4515344551,0.3576125043,0.3236121197,0.3916128889
real_20240707,real,2024-07-07,adapted,1147,0.3579257276,13.92807098,0.1344797444,0.01808480164,0.0005044488421,0.9994955512,1440.864531,1142.140997,0.4515401226,0.3579257276,0.323925343,0.3919261122
real_20240707,real,2024-07-07,adapted,1148,0.3582390251,13.92612016,-0.1996849882,0.03987409453,0.0002675035175,0.9997324965,1440.904405,1143.140729,0.4515526184,0.3582390251,0.3242386405,0.3922394097
real_20240707,real,2024-07-07,adapted,1149,0.3585522153,13.92147998,0.06581799939,0.004332009043,0.0006102824548,0.9993897175,1440.908737,1144.140119,0.4515539759,0.3585522153,0.3245518307,0.3925525999
real_20240707,real,2024-07-07,adapted,1150,0.3588654886,13.91840369,-0.5736553346,0.3290804429,0.0003446726622,0.9996553273,1441.237818,1145.139774,0.4516571036,0.3588654886,0.324865104,0.3928658732
real_20240707,real,2024-07-07,adapted,1151,0.3591787697,13.91333757,-2.058476469,4.237325373,0.0003202044223,0.9996797956,1445.475143,1146.139454,0.4529850025,0.3591787697,0.3251783851,0.3931791543
real_20240707,real,2024-07-07,adapted,1152,0.359491334,13.90552124,-0.8429630884,0.7105867683,0.002607118056,0.9973928819,1446.18573,1147.136847,0.4532076872,0.359491334,0.3254909494,0.3934917186
real_20240707,real,2024-07-07,adapted,1153,0.3598045576,13.89834218,-0.7547729621,0.5696822243,0.0005035965323,0.9994964035,1446.755412,1148.136343,0.453386215,0.3598045576,0.325804173,0.3938049422
real_20240707,real,2024-07-07,adapted,1154,0.3601171648,13.89141898,1.720445384,2.959932319,0.002470418393,0.9975295816,1449.715344,1149.133873,0.4543138027,0.3601171648,0.3261167802,0.3941175494
real_20240707,real,2024-07-07,adapted,1155,0.3604304643,13.88266207,-0.1000458496,0.01000917203,0.0002614745277,0.9997385255,1449.725353,1150.133611,0.4543169394,0.3604304643,0.3264300797,0.3944308489
real_20240707,real,2024-07-07,adapted,1156,0.3607436254,13.87661629,-0.06996166102,0.004894634012,0.0007027919386,0.9992972081,1449.730248,1151.132909,0.4543184732,0.3607436254,0.3267432408,0.39474401
real_20240707,real,2024-07-07,adapted,1157,0.3610566696,13.87279327,0.6706295365,0.4497439752,0.001076072143,0.9989239279,1450.179992,1152.131833,0.4544594146,0.3610566696,0.327056285,0.3950570542
real_20240707,real,2024-07-07,adapted,1158,0.3613694865,13.86442442,0.5342910889,0.2854669676,0.001801064708,0.9981989353,1450.465459,1153.130031,0.4545488747,0.3613694865,0.3273691019,0.3953698711
real_20240707,real,2024-07-07,adapted,1159,0.3616827,13.8567557,2.779004181,7.722864236,0.0005358423964,0.9994641576,1458.188323,1154.129496,0.4569690766,0.3616827,0.3276823154,0.3956830846
real_20240707,real,2024-07-07,adapted,1160,0.3619958598,13.84985794,1.718058951,2.95172656,0.0007069010161,0.999293099,1461.14005,1155.128789,0.4578940927,0.3619958598,0.3279954752,0.3959962444
real_20240707,real,2024-07-07,adapted,1161,0.3623091451,13.84373956,1.202236032,1.445371478,0.0003067535649,0.9996932464,1462.585421,1156.128482,0.4583470452,0.3623091451,0.3283087605,0.3963095297
real_20240707,real,2024-07-07,adapted,1162,0.3626222603,13.84153484,-1.114613787,1.242363894,0.0008494028288,0.9991505972,1463.827785,1157.127633,0.4587363789,0.3626222603,0.3286218757,0.3966226449
real_20240707,real,2024-07-07,adapted,1163,0.3629352888,13.84013902,-0.2344666791,0.05497462363,0.001125947505,0.9988740525,1463.88276,1158.126507,0.458753607,0.3629352888,0.3289349042,0.3969356734
real_20240707,real,2024-07-07,adapted,1164,0.3632480659,13.83156795,-0.6383460112,0.4074856301,0.001928490586,0.9980715094,1464.290245,1159.124578,0.4588813054,0.3632480659,0.3292476813,0.3972484505
real_20240707,real,2024-07-07,adapted,1165,0.3635613154,13.83033521,1.496154139,2.238477208,0.0004206372359,0.9995793628,1466.528723,1160.124158,0.4595828025,0.3635613154,0.3295609308,0.3975617
real_20240707,real,2024-07-07,adapted,1166,0.3638745123,13.82392857,-1.760834669,3.10053873,0.0005886423194,0.9994113577,1469.629261,1161.123569,0.4605544536,0.3638745123,0.3298741277,0.3978748969
real_20240707,real,2024-07-07,adapted,1167,0.3641877614,13.81979846,1.68505233,2.839401356,0.000422233634,0.9995777664,1472.468663,1162.123147,0.4614442691,0.3641877614,0.3301873768,0.398188146
real_20240707,real,2024-07-07,adapted,1168,0.3644995378,13.81549885,0.2328846947,0.05423528103,0.005121481755,0.9948785182,1472.522898,1163.118025,0.4614612655,0.3644995378,0.3304991532,0.3984999224
real_20240707,real,2024-07-07,adapted,1169,0.3648127794,13.81247123,-0.33493254,0.1121798063,0.0004462371714,0.9995537628,1472.635078,1164.117579,0.4614964205,0.3648127794,0.3308123948,0.398813164
real_20240707,real,2024-07-07,adapted,1170,0.3651259701,13.80389573,-0.7473688694,0.5585602269,0.0006082550607,0.9993917449,1473.193638,1165.116971,0.4616714629,0.3651259701,0.3311255855,0.3991263547
real_20240707,real,2024-07-07,adapted,1171,0.3654391151,13.80234875,1.001475211,1.002952599,0.0007544314513,0.9992455685,1474.196591,1166.116216,0.4619857696,0.3654391151,0.3314387305,0.3994394997
real_20240707,real,2024-07-07,adapted,1172,0.365752292,13.79830716,0.2608304508,0.06803252405,0.0006526198185,0.9993473802,1474.264623,1167.115564,0.4620070897,0.365752292,0.3317519074,0.3997526766
real_20240707,real,2024-07-07,adapted,1173,0.3660655377,13.78986551,-0.1616856896,0.02614226224,0.0004326919233,0.9995673081,1474.290765,1168.115131,0.4620152822,0.3660655377,0.3320651531,0.4000659223
real_20240707,real,2024-07-07,adapted,1174,0.3663784733,13.78557071,-1.107536421,1.226636923,0.001422634626,0.9985773654,1475.517402,1169.113708,0.4623996874,0.3663784733,0.3323780887,0.4003788579
real_20240707,real,2024-07-07,adapted,1175,0.3666916603,13.78119987,0.8967622691,0.8041825673,0.000620245214,0.9993797548,1476.321585,1170.113088,0.4626517032,0.3666916603,0.3326912757,0.4006920449
real_20240707,real,2024-07-07,adapted,1176,0.3670050036,13.77960222,0.5480491177,0.3003578354,0.0001216386917,0.9998783613,1476.621943,1171.112966,0.4627458298,0.3670050036,0.333004619,0.4010053882
real_20240707,real,2024-07-07,adapted,1177,0.3673182072,13.77524028,1.621070077,2.627868196,0.0005670924684,0.9994329075,1479.249811,1172.112399,0.4635693547,0.3673182072,0.3333178226,0.4013185918
real_20240707,real,2024-07-07,adapted,1178,0.3676313386,13.76745401,-2.271207055,5.158381486,0.0007978096548,0.9992021903,1484.408192,1173.111602,0.4651858955,0.3676313386,0.333630954,0.4016317232
real_20240707,real,2024-07-07,adapted,1179,0.3679446253,13.76436027,0.6406669138,0.4104540944,0.0003021391883,0.9996978608,1484.818647,1174.111299,0.4653145242,0.3679446253,0.3339442407,0.4019450099
real_20240707,real,2024-07-07,adapted,1180,0.3682577706,13.76158707,-0.7892338056,0.6228899999,0.0007532342932,0.9992467657,1485.441537,1175.110546,0.4655097263,0.3682577706,0.334257386,0.4022581552
real_20240707,real,2024-07-07,adapted,1181,0.36857078,13.76020121,0.3084445767,0.09513805688,0.001187241911,0.9988127581,1485.536675,1176.109359,0.4655395408,0.36857078,0.3345703954,0.4025711646
real_20240707,real,2024-07-07,adapted,1182,0.3688840692,13.75639295,-0.02205866329,0.0004865846262,0.0002941188585,0.9997058811,1485.537161,1177.109065,0.4655396933,0.3688840692,0.3348836846,0.4028844538
real_20240707,real,2024-07-07,adapted,1183,0.3691973588,13.75493564,0.5979819483,0.3575824105,0.000292856385,0.9997071436,1485.894744,1178.108772,0.4656517529,0.3691973588,0.3351969742,0.4031977434
real_20240707,real,2024-07-07,adapted,1184,0.3695103949,13.74497505,1.394685058,1.945146412,0.00110190705,0.9988980929,1487.83989,1179.10767,0.4662613256,0.3695103949,0.3355100103,0.4035107795
real_20240707,real,2024-07-07,adapted,1185,0.3698236892,13.74213693,1.684893352,2.838865609,0.0002779156929,0.9997220843,1490.678756,1180.107392,0.4671509733,0.3698236892,0.3358233046,0.4038240738
real_20240707,real,2024-07-07,adapted,1186,0.3701370184,13.73999232,-0.560226838,0.31385411,0.0001664843764,0.9998335156,1490.99261,1181.107226,0.4672493293,0.3701370184,0.3361366338,0.404137403
real_20240707,real,2024-07-07,adapted,1187,0.3704500552,13.73008528,1.626920295,2.646869647,0.001099399009,0.998900601,1493.639479,1182.106126,0.468078809,0.3704500552,0.3364496706,0.4044504398
real_20240707,real,2024-07-07,adapted,1188,0.3707631589,13.72819443,0.8985935803,0.8074704226,0.0008862533667,0.9991137466,1494.44695,1183.10524,0.4683318552,0.3707631589,0.3367627743,0.4047635435
real_20240707,real,2024-07-07,adapted,1189,0.3710764629,13.72599695,-1.749168048,3.059588859,0.0002469842189,0.9997530158,1497.506539,1184.104993,0.4692906734,0.3710764629,0.3370760783,0.4050768475
real_20240707,real,2024-07-07,adapted,1190,0.3713895809,13.71999876,1.16297048,1.352500336,0.000840432286,0.9991595677,1498.859039,1185.104153,0.4697145218,0.3713895809,0.3373891963,0.4053899655
real_20240707,real,2024-07-07,adapted,1191,0.3717028903,13.705838,1.729403202,2.990835434,0.0002296182692,0.9997703817,1501.849874,1186.103923,0.4706517939,0.3717028903,0.3377025057,0.4057032749
real_20240707,real,2024-07-07,adapted,1192,0.3720159493,13.70434342,-1.620674292,2.62658516,0.001028578165,0.9989714218,1504.47646,1187.102894,0.4714749168,0.3720159493,0.3380155647,0.4060163339
real_20240707,real,2024-07-07,adapted,1193,0.3723291871,13.70053493,0.2770731489,0.07676952982,0.0004582854235,0.9995417146,1504.553229,1188.102436,0.471498975,0.3723291871,0.3383288025,0.4063295717
real_20240707,real,2024-07-07,adapted,1194,0.3726421853,13.69256959,0.7588284841,0.5758206683,0.001222759015,0.998777241,1505.12905,1189.101213,0.4716794265,0.3726421853,0.3386418007,0.4066425699
real_20240707,real,2024-07-07,adapted,1195,0.3729555004,13.68958762,-0.1713689763,0.02936732604,0.0002114877258,0.9997885123,1505.158417,1190.101002,0.4716886296,0.3729555004,0.3389551158,0.406955885
real_20240707,real,2024-07-07,adapted,1196,0.3732687874,13.68608413,-0.738111229,0.5448081864,0.0003013285761,0.9996986714,1505.703225,1191.1007,0.4718593624,0.3732687874,0.3392684028,0.407269172
real_20240707,real,2024-07-07,adapted,1197,0.3735820152,13.6830577,0.6755235593,0.4563320792,0.0004898869178,0.9995101131,1506.159557,1192.100211,0.4720023683,0.3735820152,0.3395816306,0.4075823998
real_20240707,real,2024-07-07,adapted,1198,0.3738950489,13.67631434,0.7751624622,0.6008768428,0.001109535169,0.9988904648,1506.760434,1193.099101,0.472190672,0.3738950489,0.3398946643,0.4078954335
real_20240707,real,2024-07-07,adapted,1199,0.3742078033,13.67180839,-0.9047041872,0.8184896663,0.002000872567,0.9979991274,1507.578924,1194.0971,0.4724471714,0.3742078033,0.3402074187,0.4082081879
real_20240707,real,2024-07-07,adapted,1200,0.3745205005,13.67047613,0.993238285,0.9865222907,0.002183162048,0.997816838,1508.565446,1195.094917,0.4727563291,0.3745205005,0.3405201159,0.4085208851
real_20240707,real,2024-07-07,adapted,1201,0.3748338254,13.66226786,-0.9827450231,0.9657877805,0.0001801161893,0.9998198838,1509.531234,1196.094737,0.473058989,0.3748338254,0.3408334408,0.40883421
real_20240707,real,2024-07-07,adapted,1202,0.37514706,13.6518661,0.4817327436,0.2320664362,0.0004683428742,0.9995316571,1509.7633,1197.094269,0.4731317143,0.37514706,0.3411466754,0.4091474446
real_20240707,real,2024-07-07,adapted,1203,0.3754601841,13.645523,0.09114185113,0.008306837028,0.0008209724094,0.9991790276,1509.771607,1198.093448,0.4731343175,0.3754601841,0.3414597995,0.4094605687
real_20240707,real,2024-07-07,adapted,1204,0.375773396,13.64127887,0.6741993179,0.4545447203,0.0005409428414,0.9994590572,1510.226152,1199.092907,0.4732767634,0.375773396,0.3417730114,0.4097737806
real_20240707,real,2024-07-07,adapted,1205,0.3760861965,13.63850888,1.36989636,1.876616037,0.001853594608,0.9981464054,1512.102768,1200.091053,0.4738648599,0.3760861965,0.3420858119,0.4100865811
real_20240707,real,2024-07-07,adapted,1206,0.3763993698,13.6326508,1.067573629,1.139713454,0.0006641241001,0.9993358759,1513.242481,1201.090389,0.4742220249,0.3763993698,0.3423989852,0.4103997544
real_20240707,real,2024-07-07,adapted,1207,0.3767120633,13.63233296,-0.2620513698,0.06867092043,0.002195047245,0.9978049528,1513.311152,1202.088194,0.4742435451,0.3767120633,0.3427116787,0.4107124479
real_20240707,real,2024-07-07,adapted,1208,0.3770252389,13.6232071,0.02745371586,0.0007537065148,0.0006564612343,0.9993435388,1513.311906,1203.087537,0.4742437813,0.3770252389,0.3430248543,0.4110256235
real_20240707,real,2024-07-07,adapted,1209,0.3773385117,13.61816017,0.5043682572,0.2543873389,0.0003465044261,0.9996534956,1513.566293,1204.087191,0.4743235015,0.3773385117,0.3433381271,0.4113388963
real_20240707,real,2024-07-07,adapted,1210,0.3776516461,13.61160595,0.734864151,0.5400253204,0.0007883240668,0.9992116759,1514.106319,1205.086403,0.4744927354,0.3776516461,0.3436512615,0.4116520307
real_20240707,real,2024-07-07,adapted,1211,0.3779649917,13.60988329,0.1808679642,0.03271322047,0.0001139885231,0.9998860115,1514.139032,1206.086289,0.4745029871,0.3779649917,0.3439646071,0.4119653763
real_20240707,real,2024-07-07,adapted,1212,0.3782774467,13.60149265,-0.4603768109,0.2119468081,0.00295629245,0.9970437075,1514.350979,1207.083332,0.4745694073,0.3782774467,0.3442770621,0.4122778313
real_20240707,real,2024-07-07,adapted,1213,0.3785905162,13.60001036,-1.445048713,2.088165782,0.0009950555859,0.9990049444,1516.439145,1208.082337,0.4752237996,0.3785905162,0.3445901316,0.4125909008
real_20240707,real,2024-07-07,adapted,1214,0.3789036357,13.59591439,-1.755343447,3.081230616,0.0008357166266,0.9991642834,1519.520375,1209.081502,0.4761893999,0.3789036357,0.3449032511,0.4129040203
real_20240707,real,2024-07-07,adapted,1215,0.3792169635,13.59220266,0.1816781413,0.03300694704,0.0001708992371,0.9998291008,1519.553382,1210.081331,0.4761997437,0.3792169635,0.3452165789,0.4132173481
real_20240707,real,2024-07-07,adapted,1216,0.3795297922,13.58524856,0.1987521024,0.03950239823,0.001763876931,0.9982361231,1519.592885,1211.079567,0.476212123,0.3795297922,0.3455294076,0.4135301768
real_20240707,real,2024-07-07,adapted,1217,0.3798424415,13.5783691,-0.1514011723,0.02292231497,0.002336053689,0.9976639463,1519.615807,1212.077231,0.4762193064,0.3798424415,0.3458420569,0.4138428261
real_20240707,real,2024-07-07,adapted,1218,0.3801556673,13.57079774,0.4938797674,0.2439172246,0.0004964459497,0.9995035541,1519.859724,1213.076734,0.4762957456,0.3801556673,0.3461552827,0.4141560519
real_20240707,real,2024-07-07,adapted,1219,0.3804684393,13.57033149,-0.4236054171,0.1794415494,0.001944439749,0.9980555603,1520.039166,1214.07479,0.4763519792,0.3804684393,0.3464680547,0.4144688239
real_20240707,real,2024-07-07,adapted,1220,0.3807816161,13.56378897,1.673589378,2.800901407,0.0006527945085,0.9993472055,1522.840067,1215.074137,0.4772297296,0.3807816161,0.3467812315,0.4147820007
real_20240707,real,2024-07-07,adapted,1221,0.3810949396,13.56027028,0.5849807166,0.3422024388,0.0001846631842,0.9998153368,1523.182269,1216.073952,0.4773369694,0.3810949396,0.347094555,0.4150953242
real_20240707,real,2024-07-07,adapted,1222,0.3814080636,13.55790693,0.4648509379,0.2160863945,0.0008214999596,0.9991785,1523.398356,1217.073131,0.4774046869,0.3814080636,0.347407679,0.4154084482
real_20240707,real,2024-07-07,adapted,1223,0.3817212669,13.55325554,-1.192371854,1.421750638,0.0005682666117,0.9994317334,1524.820106,1218.072563,0.4778502371,0.3817212669,0.3477208823,0.4157216515
real_20240707,real,2024-07-07,adapted,1224,0.3820342488,13.54423368,1.14665413,1.314815693,0.001274812587,0.9987251874,1526.134922,1219.071288,0.4782622758,0.3820342488,0.3480338642,0.4160346334
real_20240707,real,2024-07-07,adapted,1225,0.382347341,13.53625051,0.7974863255,0.6359844393,0.0009227621801,0.9990772378,1526.770907,1220.070365,0.4784615815,0.382347341,0.3483469564,0.4163477256
real_20240707,real,2024-07-07,adapted,1226,0.3826600431,13.53146717,-0.2532959144,0.06415882025,0.002167458113,0.9978325419,1526.835065,1221.068198,0.4784816877,0.3826600431,0.3486596585,0.4166604277
real_20240707,real,2024-07-07,adapted,1227,0.382973393,13.52850525,-0.1724355042,0.02973400311,0.0001005995205,0.9998994005,1526.864799,1222.068097,0.4784910058,0.382973393,0.3489730084,0.4169737776
real_20240707,real,2024-07-07,adapted,1228,0.3832863143,13.52706717,-0.2790500381,0.07786892378,0.001468093537,0.9985319065,1526.942668,1223.066629,0.4785154085,0.3832863143,0.3492859297,0.4172866989
real_20240707,real,2024-07-07,adapted,1229,0.3835989165,13.52535141,-1.032311467,1.065666966,0.002486183318,0.9975138167,1528.008335,1224.064143,0.4788493686,0.3835989165,0.3495985319,0.4175993011
real_20240707,real,2024-07-07,adapted,1230,0.3839121233,13.52078496,0.1964533615,0.03859392324,0.0005570987483,0.9994429013,1528.046929,1225.063586,0.4788614633,0.3839121233,0.3499117387,0.4179125079
real_20240707,real,2024-07-07,adapted,1231,0.3842252977,13.5132975,0.8019032586,0.6430488362,0.000660736396,0.9993392636,1528.689978,1226.062925,0.4790629828,0.3842252977,0.3502249131,0.4182256823
real_20240707,real,2024-07-07,adapted,1232,0.384538588,13.50944063,0.1696923049,0.02879547833,0.0002906828701,0.9997093171,1528.718774,1227.062634,0.4790720068,0.384538588,0.3505382034,0.4185389726
real_20240707,real,2024-07-07,adapted,1233,0.3848519098,13.49751666,-1.789762994,3.203251573,0.0001899861264,0.9998100139,1531.922025,1228.062444,0.4800758462,0.3848519098,0.3508515252,0.4188522944
real_20240707,real,2024-07-07,adapted,1234,0.3851651174,13.49651406,-2.041247739,4.166692333,0.000554611279,0.9994453887,1536.088717,1229.06189,0.48138161,0.3851651174,0.3511647328,0.419165502
real_20240707,real,2024-07-07,adapted,1235,0.3854781126,13.49426618,0.07765814144,0.006030786933,0.001232255293,0.9987677447,1536.094748,1230.060657,0.4813834999,0.3854781126,0.351477728,0.4194784972
real_20240707,real,2024-07-07,adapted,1236,0.3857910383,13.48414116,-1.340155974,1.796018034,0.001453957,0.998546043,1537.890766,1231.059203,0.4819463385,0.3857910383,0.3517906537,0.4197914229
real_20240707,real,2024-07-07,adapted,1237,0.3861029756,13.48110759,-0.8180448718,0.6691974122,0.004608162644,0.9953918374,1538.559964,1232.054595,0.4821560526,0.3861029756,0.352102591,0.4201033602
real_20240707,real,2024-07-07,adapted,1238,0.3864162816,13.478631,-1.144702535,1.310343894,0.0002406144974,0.9997593855,1539.870308,1233.054355,0.4825666899,0.3864162816,0.352415897,0.4204166662
real_20240707,real,2024-07-07,adapted,1239,0.386728475,13.47555857,0.8334657883,0.6946652203,0.003790946795,0.9962090532,1540.564973,1234.050564,0.4827843851,0.386728475,0.3527280904,0.4207288596
real_20240707,real,2024-07-07,adapted,1240,0.3870416801,13.4710352,-1.254526812,1.573837521,0.0005625925112,0.9994374075,1542.13881,1235.050001,0.4832775965,0.3870416801,0.3530412955,0.4210420647
real_20240707,real,2024-07-07,adapted,1241,0.3873549079,13.46550148,0.9511116421,0.9046133557,0.0004900455342,0.9995099545,1543.043424,1236.049511,0.4835610855,0.3873549079,0.3533545233,0.4213552925
real_20240707,real,2024-07-07,adapted,1242,0.387668171,13.45880485,2.207287971,4.872120187,0.0003773959762,0.999622604,1547.915544,1237.049134,0.4850879172,0.387668171,0.3536677864,0.4216685556
real_20240707,real,2024-07-07,adapted,1243,0.3879812238,13.45197674,-0.1807400879,0.03266697936,0.00104859773,0.9989514023,1547.948211,1238.048085,0.4850981545,0.3879812238,0.3539808392,0.4219816084
real_20240707,real,2024-07-07,adapted,1244,0.3882938384,13.44363689,0.3503605682,0.1227525277,0.002446557795,0.9975534422,1548.070963,1239.045638,0.4851366228,0.3882938384,0.3542934538,0.422294223
real_20240707,real,2024-07-07,adapted,1245,0.3886066525,13.44117106,0.293629256,0.08621813999,0.00181036259,0.9981896374,1548.157182,1240.043828,0.485163642,0.3886066525,0.3546062679,0.4226070371
real_20240707,real,2024-07-07,adapted,1246,0.3889199218,13.43754905,0.3487559501,0.1216307127,0.0003577374608,0.9996422625,1548.278812,1241.04347,0.4852017588,0.3889199218,0.3549195372,0.4229203064
real_20240707,real,2024-07-07,adapted,1247,0.3892329943,13.43439441,1.406739288,1.978915423,0.0009856968022,0.9990143032,1550.257728,1242.042485,0.485821914,0.3892329943,0.3552326097,0.4232333789
real_20240707,real,2024-07-07,adapted,1248,0.3895462964,13.42881667,-0.2267843458,0.05143113951,0.000252788301,0.9997472117,1550.309159,1243.042232,0.4858380316,0.3895462964,0.3555459118,0.423546681
real_20240707,real,2024-07-07,adapted,1249,0.3898593609,13.42584142,0.8372146411,0.7009283553,0.001011109203,0.9989888908,1551.010087,1244.041221,0.4860576895,0.3898593609,0.3558589763,0.4238597455
real_20240707,real,2024-07-07,adapted,1250,0.3901726695,13.41970227,1.839361851,3.383252019,0.0002322336715,0.9997677663,1554.393339,1245.040989,0.4871179377,0.3901726695,0.3561722849,0.4241730541
real_20240707,real,2024-07-07,adapted,1251,0.390485785,13.4118889,1.145021216,1.311073586,0.0008485723856,0.9991514276,1555.704413,1246.04014,0.4875288038,0.390485785,0.3564854004,0.4244861696
real_20240707,real,2024-07-07,adapted,1252,0.3907987527,13.40917941,-0.4203522068,0.1766959778,0.001319993829,0.9986800062,1555.881109,1247.03882,0.487584177,0.3907987527,0.3567983681,0.4247991373
real_20240707,real,2024-07-07,adapted,1253,0.3911118604,13.40110549,-0.2026650585,0.04107312593,0.0008733376151,0.9991266624,1555.922182,1248.037947,0.4875970485,0.3911118604,0.3571114758,0.425112245
real_20240707,real,2024-07-07,adapted,1254,0.3914245175,13.39711216,-0.3911492712,0.1529977524,0.002311379731,0.9976886203,1556.07518,1249.035635,0.4876449952,0.3914245175,0.3574241329,0.4254249021
real_20240707,real,2024-07-07,adapted,1255,0.391737752,13.39603244,-1.384324832,1.916355241,0.0004686337915,0.9995313662,1557.991535,1250.035167,0.4882455452,0.391737752,0.3577373674,0.4257381366
real_20240707,real,2024-07-07,adapted,1256,0.3920510756,13.39326586,-0.267331626,0.07146619823,0.0001844189491,0.9998155811,1558.063001,1251.034982,0.4882679414,0.3920510756,0.358050691,0.4260514602
real_20240707,real,2024-07-07,adapted,1257,0.3923638838,13.38876879,1.620911759,2.62735493,0.00182900292,0.9981709971,1560.690356,1252.033153,0.4890913055,0.3923638838,0.3583634992,0.4263642684
real_20240707,real,2024-07-07,adapted,1258,0.3926772084,13.38326517,1.229249356,1.511053979,0.0001812269374,0.9998187731,1562.20141,1253.032972,0.4895648417,0.3926772084,0.3586768238,0.426677593
real_20240707,real,2024-07-07,adapted,1259,0.3929904932,13.37604671,-0.6416685263,0.4117384977,0.0003081378662,0.9996918621,1562.613148,1254.032664,0.4896938729,0.3929904932,0.3589901086,0.4269908778
real_20240707,real,2024-07-07,adapted,1260,0.3933037582,13.36776078,0.6030010029,0.3636102094,0.0003712781558,0.9996287218,1562.976759,1255.032293,0.4898078216,0.3933037582,0.3593033736,0.4273041428
real_20240707,real,2024-07-07,adapted,1261,0.3936170718,13.3588853,0.4167955836,0.1737185585,0.0002165027708,0.9997834972,1563.150477,1256.032076,0.4898622618,0.3936170718,0.3596166872,0.4276174564
real_20240707,real,2024-07-07,adapted,1262,0.3939303886,13.35591773,0.2903670961,0.08431305047,0.0002059774546,0.9997940225,1563.23479,1257.03187,0.4898886839,0.3939303886,0.359930004,0.4279307732
real_20240707,real,2024-07-07,adapted,1263,0.3942435761,13.35114264,-0.03494685083,0.001221282383,0.0006187904433,0.9993812096,1563.236012,1258.031251,0.4898890666,0.3942435761,0.3602431915,0.4282439607
real_20240707,real,2024-07-07,adapted,1264,0.3945565835,13.3457189,0.6632235067,0.4398654199,0.001193170463,0.9988068295,1563.675877,1259.030058,0.4900269123,0.3945565835,0.3605561989,0.4285569681
real_20240707,real,2024-07-07,adapted,1265,0.3948698967,13.33974669,-2.205949459,4.866213016,0.0002177366619,0.9997822633,1568.54209,1260.02984,0.4915518928,0.3948698967,0.3608695121,0.4288702813
real_20240707,real,2024-07-07,adapted,1266,0.3951830708,13.33516313,-2.397913724,5.749990227,0.000661553616,0.9993384464,1574.29208,1261.029179,0.4933538327,0.3951830708,0.3611826862,0.4291834554
real_20240707,real,2024-07-07,adapted,1267,0.3954961598,13.330512,0.5933882043,0.352109561,0.000932928804,0.9990670712,1574.64419,1262.028246,0.4934641773,0.3954961598,0.3614957752,0.4294965444
real_20240707,real,2024-07-07,adapted,1268,0.3958094883,13.32479057,1.521386794,2.314617776,0.0001686953706,0.9998313046,1576.958808,1263.028077,0.4941895354,0.3958094883,0.3618091037,0.4298098729
real_20240707,real,2024-07-07,adapted,1269,0.3961227499,13.31426367,3.094220099,9.574198019,0.0003823796181,0.9996176204,1586.533006,1264.027695,0.4971899109,0.3961227499,0.3621223653,0.4301231345
real_20240707,real,2024-07-07,adapted,1270,0.3964358363,13.31113462,-0.1098413089,0.01206511315,0.0009410181473,0.9990589819,1586.545071,1265.026754,0.4971936919,0.3964358363,0.3624354517,0.4304362209
real_20240707,real,2024-07-07,adapted,1271,0.3967490077,13.30123023,0.7649418789,0.5851360781,0.0006702692908,0.9993297307,1587.130207,1266.026084,0.4973770626,0.3967490077,0.3627486231,0.4307493923
real_20240707,real,2024-07-07,adapted,1272,0.3970623581,13.29937382,-1.81650364,3.299685474,9.887129187e-05,0.9999011287,1590.429892,1267.025985,0.4984111226,0.3970623581,0.3630619735,0.4310627427
real_20240707,real,2024-07-07,adapted,1273,0.3973754196,13.2943377,-1.123673964,1.262643176,0.001020864505,0.9989791355,1591.692535,1268.024964,0.4988068115,0.3973754196,0.363375035,0.4313758042
real_20240707,real,2024-07-07,adapted,1274,0.3976883726,13.29134493,-0.1428770749,0.02041385854,0.001366914008,0.998633086,1591.712949,1269.023597,0.4988132088,0.3976883726,0.363687988,0.4316887572
real_20240707,real,2024-07-07,adapted,1275,0.3980015215,13.28590285,0.9031565712,0.815691792,0.0007418552451,0.9992581448,1592.528641,1270.022855,0.4990688314,0.3980015215,0.3640011369,0.4320019061
real_20240707,real,2024-07-07,adapted,1276,0.3983146957,13.28337177,0.5781205107,0.3342233249,0.0006611356082,0.9993388644,1592.862864,1271.022194,0.4991735708,0.3983146957,0.3643143111,0.4323150803
real_20240707,real,2024-07-07,adapted,1277,0.3986279217,13.27879202,0.5274531295,0.2782068038,0.0004958713018,0.9995041287,1593.141071,1272.021698,0.4992607556,0.3986279217,0.3646275371,0.4326283063
real_20240707,real,2024-07-07,adapted,1278,0.3989411352,13.27754197,-0.02402847249,0.0005773674902,0.0005357311346,0.9994642689,1593.141649,1273.021162,0.4992609366,0.3989411352,0.3649407506,0.4329415198
real_20240707,real,2024-07-07,adapted,1279,0.3992544361,13.26747605,-1.974593108,3.899017941,0.000256755121,0.9997432449,1597.040667,1274.020906,0.5004828162,0.3992544361,0.3652540515,0.4332548207
real_20240707,real,2024-07-07,adapted,1280,0.3995676408,13.26450064,-0.4108419968,0.1687911463,0.0005637656458,0.9994362344,1597.209458,1275.020342,0.5005357122,0.3995676408,0.3655672562,0.4335680254
real_20240707,real,2024-07-07,adapted,1281,0.3998809404,13.25712117,0.3641552617,0.1326090546,0.000260936706,0.9997390633,1597.342067,1276.020081,0.5005772694,0.3998809404,0.3658805558,0.433881325
real_20240707,real,2024-07-07,adapted,1282,0.4001940418,13.2488952,-1.442316265,2.080276209,0.0008935706406,0.9991064294,1599.422343,1277.019187,0.5012291893,0.4001940418,0.3661936572,0.4341944264
real_20240707,real,2024-07-07,adapted,1283,0.4005068035,13.24611894,0.7960824771,0.6337473104,0.001977397129,0.9980226029,1600.05609,1278.01721,0.5014277939,0.4005068035,0.3665064189,0.4345071881
real_20240707,real,2024-07-07,adapted,1284,0.4008198775,13.2428083,-0.6776541287,0.4592151181,0.0009806213917,0.9990193786,1600.515305,1279.016229,0.5015717033,0.4008198775,0.3668194929,0.4348202621
real_20240707,real,2024-07-07,adapted,1285,0.4011331042,13.237986,0.4632319071,0.2145837998,0.0004937102979,0.9995062897,1600.729889,1280.015736,0.5016389499,0.4011331042,0.3671327196,0.4351334888
real_20240707,real,2024-07-07,adapted,1286,0.4014463778,13.23079873,-1.16135745,1.348751126,0.000343876203,0.9996561238,1602.07864,1281.015392,0.5020616234,0.4014463778,0.3674459932,0.4354467624
real_20240707,real,2024-07-07,adapted,1287,0.4017596949,13.22763578,0.523055846,0.273587418,0.0002053387562,0.9997946612,1602.352228,1282.015186,0.5021473606,0.4017596949,0.3677593103,0.4357600795
real_20240707,real,2024-07-07,adapted,1288,0.4020728841,13.22612592,0.3959392509,0.1567678904,0.0006130208356,0.9993869792,1602.508996,1283.014573,0.5021964888,0.4020728841,0.3680724995,0.4360732687
real_20240707,real,2024-07-07,adapted,1289,0.4023861734,13.21468953,-0.0392622937,0.001541527707,0.0002939284673,0.9997060715,1602.510537,1284.014279,0.5021969718,0.4023861734,0.3683857888,0.436386558
real_20240707,real,2024-07-07,adapted,1290,0.4026987519,13.21354125,1.255680463,1.576733425,0.00256218121,0.9974378188,1604.087271,1285.011717,0.5026910907,0.4026987519,0.3686983673,0.4366991365
real_20240707,real,2024-07-07,adapted,1291,0.4030119144,13.20904202,-0.7950976654,0.6321802976,0.0006983745623,0.9993016254,1604.719451,1286.011019,0.5028892043,0.4030119144,0.3690115298,0.437012299
real_20240707,real,2024-07-07,adapted,1292,0.4033248687,13.20536915,-0.2740439076,0.0751000633,0.001362745412,0.9986372546,1604.794551,1287.009656,0.5029127392,0.4033248687,0.3693244841,0.4373252533
real_20240707,real,2024-07-07,adapted,1293,0.4036377323,13.19907456,0.8452484155,0.7144448838,0.001652284532,0.9983477155,1605.508996,1288.008004,0.503136633,0.4036377323,0.3696373477,0.4376381169
real_20240707,real,2024-07-07,adapted,1294,0.4039509004,13.19580874,-0.9322064181,0.8690088059,0.0006807220067,0.999319278,1606.378005,1289.007323,0.5034089642,0.4039509004,0.3699505158,0.437951285
real_20240707,real,2024-07-07,adapted,1295,0.4042638868,13.18917405,0.7626139903,0.5815800982,0.001260165694,0.9987398343,1606.959585,1290.006063,0.5035912205,0.4042638868,0.3702635022,0.4382642714
real_20240707,real,2024-07-07,adapted,1296,0.4045768743,13.18731112,-1.166893137,1.361639593,0.001257084382,0.9987429156,1608.321224,1291.004806,0.504017933,0.4045768743,0.3705764897,0.4385772589
real_20240707,real,2024-07-07,adapted,1297,0.404889797,13.18044724,-0.8878639495,0.7883023929,0.001463437587,0.9985365624,1609.109527,1292.003342,0.5042649723,0.404889797,0.3708894124,0.4388901816
real_20240707,real,2024-07-07,adapted,1298,0.405202852,13.17507063,2.116603304,4.480009545,0.001041596931,0.9989584031,1613.589536,1293.002301,0.5056689239,0.405202852,0.3712024674,0.4392032366
real_20240707,real,2024-07-07,adapted,1299,0.4055160386,13.17193477,-0.2139093003,0.04575718878,0.000621609921,0.9993783901,1613.635293,1294.001679,0.5056832634,0.4055160386,0.371515654,0.4395164232
real_20240707,real,2024-07-07,adapted,1300,0.4058291588,13.16413245,-0.1198870319,0.01437290042,0.0008334567289,0.9991665433,1613.649666,1295.000846,0.5056877676,0.4058291588,0.3718287742,0.4398295434
real_20240707,real,2024-07-07,adapted,1301,0.4061424577,13.15766456,-0.06396974566,0.00409212836,0.0002633277769,0.9997366722,1613.653758,1296.000582,0.50568905,0.4061424577,0.3721420731,0.4401428423
real_20240707,real,2024-07-07,adapted,1302,0.4064555497,13.14546106,1.466767274,2.151406237,0.0009231583437,0.9990768417,1615.805165,1296.999659,0.5063632606,0.4064555497,0.3724551651,0.4404559343
real_20240707,real,2024-07-07,adapted,1303,0.4067688569,13.14320291,0.4302967404,0.1851552848,0.0002369126259,0.9997630874,1615.99032,1297.999422,0.5064212849,0.4067688569,0.3727684723,0.4407692415
real_20240707,real,2024-07-07,adapted,1304,0.4070821502,13.13898711,0.7167930767,0.5137923147,0.0002810517998,0.9997189482,1616.504112,1298.999141,0.5065822978,0.4070821502,0.3730817656,0.4410825348
real_20240707,real,2024-07-07,adapted,1305,0.4073950264,13.13122502,-1.595583621,2.545887092,0.001611996493,0.9983880035,1619.049999,1299.997529,0.5073801314,0.4073950264,0.3733946418,0.441395411
real_20240707,real,2024-07-07,adapted,1306,0.4077083159,13.12758004,1.776246566,3.155051863,0.0002931383409,0.9997068617,1622.205051,1300.997236,0.5083688659,0.4077083159,0.3737079313,0.4417087005
real_20240707,real,2024-07-07,adapted,1307,0.408021515,13.12509302,0.6545944197,0.4284938543,0.0005818708802,0.9994181291,1622.633545,1301.996654,0.5085031479,0.408021515,0.3740211304,0.4420218996
real_20240707,real,2024-07-07,adapted,1308,0.40833483,13.12042188,0.09172974593,0.008414346288,0.00021169245,0.9997883075,1622.641959,1302.996443,0.5085057848,0.40833483,0.3743344454,0.4423352146
real_20240707,real,2024-07-07,adapted,1309,0.4086481642,13.10832985,-2.124669113,4.51421884,0.000150733732,0.9998492663,1627.156178,1303.996292,0.509920457,0.4086481642,0.3746477796,0.4426485488
real_20240707,real,2024-07-07,adapted,1310,0.4089613965,13.10556513,-1.562224543,2.440545523,0.0004754909165,0.9995245091,1629.596724,1304.995816,0.5106852785,0.4089613965,0.3749610119,0.4429617811
real_20240707,real,2024-07-07,adapted,1311,0.4092742184,13.0958336,1.716764093,2.947278953,0.001785458437,0.9982145416,1632.544003,1305.994031,0.5116089009,0.4092742184,0.3752738338,0.443274603
real_20240707,real,2024-07-07,adapted,1312,0.4095875373,13.09431318,-0.7875852988,0.6202906029,0.0001992850459,0.999800715,1633.164293,1306.993832,0.5118032884,0.4095875373,0.3755871527,0.4435879219
real_20240707,real,2024-07-07,adapted,1313,0.4099006842,13.08547681,-0.206356457,0.04258298733,0.0007482240878,0.9992517759,1633.206876,1307.993083,0.5118166331,0.4099006842,0.3759002996,0.4439010688
real_20240707,real,2024-07-07,adapted,1314,0.4102138992,13.08334126,-2.488524872,6.19275604,0.0005310259261,0.9994689741,1639.399632,1308.992552,0.5137573276,0.4102138992,0.3762135146,0.4442142838
real_20240707,real,2024-07-07,adapted,1315,0.4105269135,13.07986796,0.724393423,0.5247458312,0.001171479649,0.9988285204,1639.924378,1309.991381,0.5139217732,0.4105269135,0.3765265289,0.4445272981
real_20240707,real,2024-07-07,adapted,1316,0.4108401705,13.07425621,0.1274171331,0.01623512582,0.0003967924255,0.9996032076,1639.940613,1310.990984,0.513926861,0.4108401705,0.3768397859,0.4448405551
real_20240707,real,2024-07-07,adapted,1317,0.4111534818,13.07312542,1.115163297,1.243589179,0.0002236933532,0.9997763066,1641.184203,1311.99076,0.5143165787,0.4111534818,0.3771530972,0.4451538664
real_20240707,real,2024-07-07,adapted,1318,0.4114667557,13.07135008,-0.3141981192,0.09872045812,0.0003429540743,0.9996570459,1641.282923,1312.990417,0.5143475158,0.4114667557,0.3774663711,0.4454671403
real_20240707,real,2024-07-07,adapted,1319,0.4117798594,13.06712958,0.4106470414,0.1686309926,0.0008861513817,0.9991138486,1641.451554,1313.989531,0.5144003616,0.4117798594,0.3777794748,0.445780244
real_20240707,real,2024-07-07,adapted,1320,0.4120929133,13.05463435,-0.5074598855,0.2575155353,0.001045017501,0.9989549825,1641.70907,1314.988486,0.5144810622,0.4120929133,0.3780925287,0.4460932979
real_20240707,real,2024-07-07,adapted,1321,0.412406231,13.05213333,2.063499208,4.258028981,0.0002031924566,0.9997968075,1645.967098,1315.988283,0.5158154492,0.412406231,0.3784058464,0.4464066156
real_20240707,real,2024-07-07,adapted,1322,0.4127194556,13.04972985,-1.637015594,2.679820056,0.000500347656,0.9994996523,1648.646919,1316.987783,0.516655255,0.4127194556,0.378719071,0.4467198402
real_20240707,real,2024-07-07,adapted,1323,0.4130327403,13.04547478,0.7547639731,0.5696686551,0.0003083780674,0.9996916219,1649.216587,1317.987474,0.5168337785,0.4130327403,0.3790323557,0.4470331249
real_20240707,real,2024-07-07,adapted,1324,0.4133460032,13.04075042,1.031705345,1.06441592,0.0003782010504,0.9996217989,1650.281003,1318.987096,0.5171673466,0.4133460032,0.3793456186,0.4473463878
real_20240707,real,2024-07-07,adapted,1325,0.4136592097,13.03438503,0.5496197217,0.3020818385,0.0005580144659,0.9994419855,1650.583085,1319.986538,0.5172620135,0.4136592097,0.3796588251,0.4476595943
real_20240707,real,2024-07-07,adapted,1326,0.4139719402,13.02970497,0.8142899206,0.6630680748,0.002076827984,0.997923172,1651.246153,1320.984461,0.5174698067,0.4139719402,0.3799715556,0.4479723248
real_20240707,real,2024-07-07,adapted,1327,0.4142851256,13.02572764,0.5268284163,0.2775481803,0.0006254950283,0.999374505,1651.523701,1321.983836,0.5175567851,0.4142851256,0.380284741,0.4482855102
real_20240707,real,2024-07-07,adapted,1328,0.4145984173,13.02210708,1.177066235,1.385484922,0.0002861921192,0.9997138079,1652.909186,1322.98355,0.5179909703,0.4145984173,0.3805980327,0.4485988019
real_20240707,real,2024-07-07,adapted,1329,0.4149113882,13.01905802,0.4413796077,0.1948159581,0.001309728168,0.9986902718,1653.104002,1323.98224,0.518052022,0.4149113882,0.3809110036,0.4489117728
real_20240707,real,2024-07-07,adapted,1330,0.4152246174,13.01296455,-1.978566323,3.914724695,0.0004856858479,0.9995143142,1657.018727,1324.981754,0.5192788238,0.4152246174,0.3812242328,0.449225002
real_20240707,real,2024-07-07,adapted,1331,0.4155377411,13.00295737,1.980543999,3.922554533,0.0008224376693,0.9991775623,1660.941281,1325.980932,0.5205080794,0.4155377411,0.3815373565,0.4495381257
real_20240707,real,2024-07-07,adapted,1332,0.4158509167,12.9977349,-1.537086014,2.362633416,0.0006566392368,0.9993433608,1663.303915,1326.980275,0.5212484847,0.4158509167,0.3818505321,0.4498513013
real_20240707,real,2024-07-07,adapted,1333,0.4161640645,12.99351068,-0.8481988416,0.7194412749,0.0007453551737,0.9992546448,1664.023356,1327.97953,0.5214739442,0.4161640645,0.3821636799,0.4501644491
real_20240707,real,2024-07-07,adapted,1334,0.4164773069,12.99026056,1.527098344,2.332029354,0.000443287572,0.9995567124,1666.355385,1328.979086,0.5222047588,0.4164773069,0.3824769223,0.4504776915
real_20240707,real,2024-07-07,adapted,1335,0.4167906296,12.98897061,-0.5446745691,0.2966703862,0.000187384457,0.9998126155,1666.652056,1329.978899,0.5222977298,0.4167906296,0.382790245,0.4507910142
real_20240707,real,2024-07-07,adapted,1336,0.4171038702,12.97978753,0.06576521561,0.004325063584,0.0004491952614,0.9995508047,1666.656381,1330.97845,0.5222990852,0.4171038702,0.3831034856,0.4511042548
real_20240707,real,2024-07-07,adapted,1337,0.4174169095,12.97610541,-0.5960150426,0.355233931,0.001091801122,0.9989081989,1667.011615,1331.977358,0.5224104089,0.4174169095,0.3834165249,0.4514172941
real_20240707,real,2024-07-07,adapted,1338,0.4177302592,12.96999782,0.6478988985,0.4197729827,0.0001009693306,0.9998990307,1667.431388,1332.977257,0.5225419579,0.4177302592,0.3837298746,0.4517306438
real_20240707,real,2024-07-07,adapted,1339,0.4180435437,12.96850075,-0.4731206439,0.2238431437,0.0003090315819,0.9996909684,1667.655231,1333.976948,0.5226121062,0.4180435437,0.3840431591,0.4520439283
real_20240707,real,2024-07-07,adapted,1340,0.418356752,12.9669296,-0.5788514913,0.335069049,0.0005523715366,0.9994476285,1667.9903,1334.976396,0.5227171106,0.418356752,0.3843563674,0.4523571366
real_20240707,real,2024-07-07,adapted,1341,0.4186700695,12.95738172,-0.08491951495,0.007211324019,0.0002038678998,0.9997961321,1667.997511,1335.976192,0.5227193705,0.4186700695,0.3846696849,0.4526704541
real_20240707,real,2024-07-07,adapted,1342,0.418983248,12.9490673,1.590728717,2.530417851,0.0006474142505,0.9993525857,1670.527929,1336.975544,0.5235123563,0.418983248,0.3849828634,0.4529836326
real_20240707,real,2024-07-07,adapted,1343,0.4192964729,12.94811034,1.241801813,1.542071742,0.0004995180235,0.999500482,1672.070001,1337.975045,0.5239956129,0.4192964729,0.3852960883,0.4532968575
real_20240707,real,2024-07-07,adapted,1344,0.4196097792,12.9444061,0.1689829671,0.02855524316,0.0002396247702,0.9997603752,1672.098556,1338.974805,0.5240045616,0.4196097792,0.3856093946,0.4536101638
real_20240707,real,2024-07-07,adapted,1345,0.4199230497,12.93976713,0.09978260802,0.009956568863,0.0003538367464,0.9996461633,1672.108513,1339.974451,0.5240076818,0.4199230497,0.3859226651,0.4539234343
real_20240707,real,2024-07-07,adapted,1346,0.4202355046,12.93505755,-0.1605628206,0.02578041936,0.002956238608,0.9970437614,1672.134293,1340.971495,0.5240157609,0.4202355046,0.38623512,0.4542358892
real_20240707,real,2024-07-07,adapted,1347,0.4205487529,12.93265819,-0.5362333965,0.2875462555,0.0004248088951,0.9995751911,1672.421839,1341.97107,0.5241058726,0.4205487529,0.3865483683,0.4545491375
real_20240707,real,2024-07-07,adapted,1348,0.4208618506,12.92120791,1.959855182,3.841032334,0.0009051007327,0.9990948993,1676.262872,1342.970165,0.5253095806,0.4208618506,0.386861466,0.4548622352
real_20240707,real,2024-07-07,adapted,1349,0.4211744597,12.91921753,0.02155089001,0.0004644408603,0.002464348555,0.9975356514,1676.263336,1343.967701,0.5253097261,0.4211744597,0.3871740751,0.4551748443
real_20240707,real,2024-07-07,adapted,1350,0.4214877775,12.91698524,0.8319086179,0.6920719486,0.0002028934045,0.9997971066,1676.955408,1344.967498,0.5255266086,0.4214877775,0.3874873929,0.4554881621
real_20240707,real,2024-07-07,adapted,1351,0.4218010052,12.91376525,-0.6069608407,0.3684014621,0.0004903803891,0.9995096196,1677.32381,1345.967008,0.5256420588,0.4218010052,0.3878006206,0.4558013898
real_20240707,real,2024-07-07,adapted,1352,0.4221143082,12.91247672,0.1293354164,0.01672764995,0.0002500653759,0.9997499346,1677.340537,1346.966758,0.5256473009,0.4221143082,0.3881139236,0.4561146928
real_20240707,real,2024-07-07,adapted,1353,0.4224276042,12.90078304,2.002839442,4.011365829,0.0002727284736,0.9997272715,1681.351903,1347.966485,0.5269043883,0.4224276042,0.3884272196,0.4564279888
real_20240707,real,2024-07-07,adapted,1354,0.4227408658,12.89455942,0.6797924118,0.4621177232,0.0003820440267,0.999617956,1681.814021,1348.966103,0.5270492074,0.4227408658,0.3887404812,0.4567412504
real_20240707,real,2024-07-07,adapted,1355,0.4230538838,12.88775213,1.094827503,1.198647262,0.001159499103,0.9988405009,1683.012668,1349.964943,0.5274248411,0.4230538838,0.3890534992,0.4570542684
real_20240707,real,2024-07-07,adapted,1356,0.4233671847,12.88567605,-0.76253828,0.5814646285,0.0002570887317,0.9997429113,1683.594133,1350.964686,0.5276070613,0.4233671847,0.3893668001,0.4573675693
real_20240707,real,2024-07-07,adapted,1357,0.4236803644,12.87941328,-0.09394918712,0.008826449761,0.000643404263,0.9993565957,1683.602959,1351.964043,0.5276098273,0.4236803644,0.3896799798,0.457680749
real_20240707,real,2024-07-07,adapted,1358,0.4239935926,12.87876413,0.5530823614,0.3059000985,0.0004888245288,0.9995111755,1683.908859,1352.963554,0.5277056907,0.4239935926,0.389993208,0.4579939772
real_20240707,real,2024-07-07,adapted,1359,0.4243065859,12.87421475,0.1467277317,0.02152902726,0.001238389272,0.9987616107,1683.930388,1353.962316,0.5277124375,0.4243065859,0.3903062013,0.4583069705
real_20240707,real,2024-07-07,adapted,1360,0.4246197559,12.87023168,-0.2194413295,0.0481544971,0.0006746097177,0.9993253903,1683.978543,1354.961641,0.5277275283,0.4246197559,0.3906193713,0.4586201405
real_20240707,real,2024-07-07,adapted,1361,0.4249328762,12.86338867,-0.2276464785,0.05182291916,0.0008329563318,0.9991670437,1684.030366,1355.960808,0.5277437686,0.4249328762,0.3909324916,0.4589332608
real_20240707,real,2024-07-07,adapted,1362,0.4252458316,12.8598862,0.3947212376,0.1558048554,0.001359555389,0.9986404446,1684.18617,1356.959449,0.5277925949,0.4252458316,0.391245447,0.4592462162
real_20240707,real,2024-07-07,adapted,1363,0.425558941,12.85415245,0.2117851277,0.0448529403,0.0008676849879,0.999132315,1684.231023,1357.958581,0.527806651,0.425558941,0.3915585564,0.4595593256
real_20240707,real,2024-07-07,adapted,1364,0.4258721189,12.85181571,-2.512884598,6.314589005,0.0006493879239,0.9993506121,1690.545612,1358.957931,0.5297855257,0.4258721189,0.3918717343,0.4598725035
real_20240707,real,2024-07-07,adapted,1365,0.4261851716,12.84741986,0.2417458963,0.05844107838,0.001048812189,0.9989511878,1690.604053,1359.956883,0.52980384,0.4261851716,0.392184787,0.4601855562
real_20240707,real,2024-07-07,adapted,1366,0.4264978459,12.8413837,0.4001319199,0.1601055533,0.002256390425,0.9977436096,1690.764159,1360.954626,0.5298540141,0.4264978459,0.3924974613,0.4604982305
real_20240707,real,2024-07-07,adapted,1367,0.4268109271,12.83889397,-0.9698914254,0.940689377,0.0009577291205,0.9990422709,1691.704848,1361.953669,0.5301488087,0.4268109271,0.3928105425,0.4608113117
real_20240707,real,2024-07-07,adapted,1368,0.4271238536,12.8348193,0.545604893,0.2976846993,0.001451544016,0.998548456,1692.002533,1362.952217,0.5302420975,0.4271238536,0.393123469,0.4611242382
real_20240707,real,2024-07-07,adapted,1369,0.4274370577,12.83155387,0.9236177266,0.8530697049,0.0005658579113,0.9994341421,1692.855603,1363.951651,0.5305094337,0.4274370577,0.3934366731,0.4614374423
real_20240707,real,2024-07-07,adapted,1370,0.4277496126,12.82699168,0.7731282565,0.5977273009,0.002637227974,0.997362772,1693.45333,1364.949014,0.5306967503,0.4277496126,0.393749228,0.4617499972
real_20240707,real,2024-07-07,adapted,1371,0.428062599,12.818922,1.555382612,2.41921507,0.001260553375,0.9987394466,1695.872545,1365.947753,0.5314548872,0.428062599,0.3940622144,0.4620629836
real_20240707,real,2024-07-07,adapted,1372,0.4283755421,12.80861444,0.8603281477,0.7401645217,0.001398544089,0.9986014559,1696.61271,1366.946355,0.531686841,0.4283755421,0.3943751575,0.4623759267
real_20240707,real,2024-07-07,adapted,1373,0.4286887882,12.80687538,-0.5755456185,0.331252759,0.0004315631945,0.9995684368,1696.943962,1367.945923,0.5317906495,0.4286887882,0.3946884036,0.4626891728
real_20240707,real,2024-07-07,adapted,1374,0.4290018977,12.80555375,-0.4294409913,0.184419565,0.0008675852622,0.9991324147,1697.128382,1368.945056,0.5318484431,0.4290018977,0.3950015131,0.4630022823
real_20240707,real,2024-07-07,adapted,1375,0.4293150888,12.80460001,1.812653543,3.285712868,0.0006072543912,0.9993927456,1700.414095,1369.944448,0.5328781244,0.4293150888,0.3953147042,0.4633154734
real_20240707,real,2024-07-07,adapted,1376,0.4296281799,12.80245238,0.7799870786,0.6083798428,0.0009263146953,0.9990736853,1701.022475,1370.943522,0.5330687793,0.4296281799,0.3956277953,0.4636285645
real_20240707,real,2024-07-07,adapted,1377,0.4299412673,12.7992216,0.5399347748,0.291529561,0.0009380044033,0.9990619956,1701.314004,1371.942584,0.5331601392,0.4299412673,0.3959408827,0.4639416519
real_20240707,real,2024-07-07,adapted,1378,0.430254346,12.79405237,0.3148535884,0.09913278213,0.0009658755867,0.9990341244,1701.413137,1372.941618,0.5331912056,0.430254346,0.3962539614,0.4642547306
real_20240707,real,2024-07-07,adapted,1379,0.430567682,12.79103987,1.650095222,2.722814242,0.0001448473282,0.9998551527,1704.135951,1373.941473,0.5340444849,0.430567682,0.3965672974,0.4645680666
real_20240707,real,2024-07-07,adapted,1380,0.4308809661,12.78745094,-0.7677408785,0.5894260565,0.000310428849,0.9996895712,1704.725377,1374.941163,0.5342292001,0.4308809661,0.3968805815,0.4648813507
real_20240707,real,2024-07-07,adapted,1381,0.431194214,12.77805344,0.0671409468,0.004507906738,0.0004259683968,0.9995740316,1704.729885,1375.940737,0.5342306128,0.431194214,0.3971938294,0.4651945986
real_20240707,real,2024-07-07,adapted,1382,0.4315073033,12.77008408,0.5484162654,0.3007604001,0.0009320619574,0.999067938,1705.030646,1376.939805,0.5343248655,0.4315073033,0.3975069187,0.4655076879
real_20240707,real,2024-07-07,adapted,1383,0.4318203983,12.76723607,-0.2327477869,0.05417153229,0.0009138178151,0.9990861822,1705.084817,1377.938891,0.5343418418,0.4318203983,0.3978200137,0.4658207829
real_20240707,real,2024-07-07,adapted,1384,0.4321335324,12.76265711,0.3694385131,0.136484815,0.0007891959236,0.9992108041,1705.221302,1378.938102,0.5343846136,0.4321335324,0.3981331478,0.466133917
real_20240707,real,2024-07-07,adapted,1385,0.4324466178,12.76158667,-1.902057284,3.617821913,0.0009445637653,0.9990554362,1708.839124,1379.937157,0.5355183717,0.4324466178,0.3984462332,0.4664470024
real_20240707,real,2024-07-07,adapted,1386,0.4327598985,12.75973713,-0.8231981873,0.6776552555,0.0003210694193,0.9996789306,1709.516779,1380.936836,0.5357307362,0.4327598985,0.3987595139,0.4667602831
real_20240707,real,2024-07-07,adapted,1387,0.4330729375,12.74644557,1.072976634,1.151278857,0.001092792817,0.9989072072,1710.668058,1381.935743,0.5360915256,0.4330729375,0.3990725529,0.4670733221
real_20240707,real,2024-07-07,adapted,1388,0.4333856299,12.74019309,-1.2991533,1.687799298,0.002198451179,0.9978015488,1712.355857,1382.933545,0.5366204504,0.4333856299,0.3993852453,0.4673860145
real_20240707,real,2024-07-07,adapted,1389,0.4336988189,12.73606556,2.209395021,4.881426357,0.0006139369733,0.999386063,1717.237284,1383.932931,0.5381501986,0.4336988189,0.3996984343,0.4676992035
real_20240707,real,2024-07-07,adapted,1390,0.434012102,12.73327241,-0.989222141,0.9785604442,0.0003136365852,0.9996863634,1718.215844,1384.932617,0.5384568612,0.434012102,0.4000117174,0.4680124866
real_20240707,real,2024-07-07,adapted,1391,0.4343253925,12.72978112,-0.6682737599,0.4465898182,0.0002899983679,0.9997100016,1718.662434,1385.932327,0.5385968142,0.4343253925,0.4003250079,0.4683257771
real_20240707,real,2024-07-07,adapted,1392,0.434638535,12.72896113,0.008689054753,7.54996725e-05,0.0007623797591,0.9992376202,1718.662509,1386.931565,0.5385968378,0.434638535,0.4006381504,0.4686389196
real_20240707,real,2024-07-07,adapted,1393,0.4349518488,12.72523254,0.09498109857,0.009021409086,0.0002156249121,0.9997843751,1718.671531,1387.931349,0.538599665,0.4349518488,0.4009514642,0.4689522334
real_20240707,real,2024-07-07,adapted,1394,0.4352649213,12.72104437,-1.097545741,1.204606653,0.000985599038,0.999014401,1719.876138,1388.930364,0.5389771663,0.4352649213,0.4012645367,0.4692653059
real_20240707,real,2024-07-07,adapted,1395,0.435578192,12.71934031,-0.07067266276,0.004994625262,0.0003529800732,0.9996470199,1719.881132,1389.930011,0.5389787315,0.435578192,0.4015778074,0.4695785766
real_20240707,real,2024-07-07,adapted,1396,0.4358910178,12.71124159,0.333354567,0.1111252673,0.001773048816,0.9982269512,1719.992257,1390.928238,0.5390135561,0.4358910178,0.4018906332,0.4698914024
real_20240707,real,2024-07-07,adapted,1397,0.4362042955,12.70647802,-0.482175422,0.2324931376,0.0003307178447,0.9996692822,1720.224751,1391.927907,0.5390864151,0.4362042955,0.4022039109,0.4702046801
real_20240707,real,2024-07-07,adapted,1398,0.4365174636,12.70112867,-1.074962909,1.155545255,0.00068080266,0.9993191973,1721.380296,1392.927226,0.5394485415,0.4365174636,0.402517079,0.4705178482
real_20240707,real,2024-07-07,adapted,1399,0.4368307729,12.69906163,-0.1402133841,0.01965979309,0.0002298873432,0.9997701127,1721.399956,1393.926996,0.5394547025,0.4368307729,0.4028303883,0.4708311575
real_20240707,real,2024-07-07,adapted,1400,0.437144061,12.6952406,-0.7577769163,0.5742258549,0.0002975603051,0.9997024397,1721.974181,1394.926699,0.5396346542,0.437144061,0.4031436764,0.4711444457
real_20240707,real,2024-07-07,adapted,1401,0.437457357,12.69269181,-1.277424481,1.631813304,0.0002725746929,0.9997274253,1723.605995,1395.926426,0.5401460341,0.437457357,0.4034569724,0.4714577416
real_20240707,real,2024-07-07,adapted,1402,0.437770476,12.68832938,0.536383939,0.28770773,0.0008373775384,0.9991626225,1723.893703,1396.925589,0.5402361963,0.437770476,0.4037700914,0.4717708606
real_20240707,real,2024-07-07,adapted,1403,0.4380836768,12.68415847,-0.3695875938,0.1365949895,0.0005761300165,0.99942387,1724.030297,1397.925013,0.5402790027,0.4380836768,0.4040832922,0.4720840614
real_20240707,real,2024-07-07,adapted,1404,0.4383970006,12.68197637,0.3730766712,0.1391862026,0.0001838060567,0.9998161939,1724.169484,1398.924829,0.540322621,0.4383970006,0.404396616,0.4723973852
real_20240707,real,2024-07-07,adapted,1405,0.4387098977,12.68090398,0.2127579351,0.04526593896,0.00154530125,0.9984546987,1724.21475,1399.923284,0.5403368065,0.4387098977,0.4047095131,0.4727102823
real_20240707,real,2024-07-07,adapted,1406,0.4390231401,12.67918882,0.02535184472,0.0006427160309,0.0004435688241,0.9995564312,1724.215392,1400.92284,0.5403370079,0.4390231401,0.4050227555,0.4730235247
real_20240707,real,2024-07-07,adapted,1407,0.4393364456,12.67259832,0.2775743751,0.07704753369,0.0002422313427,0.9997577687,1724.29244,1401.922598,0.5403611532,0.4393364456,0.405336061,0.4733368302
real_20240707,real,2024-07-07,adapted,1408,0.4396495856,12.66551779,0.3870446168,0.1498035354,0.0007700329002,0.9992299671,1724.442243,1402.921828,0.5404080988,0.4396495856,0.405649201,0.4736499702
real_20240707,real,2024-07-07,adapted,1409,0.4399625767,12.66253388,-0.2543078158,0.06467246515,0.001245656049,0.998754344,1724.506916,1403.920582,0.540428366,0.4399625767,0.4059621921,0.4739629613
real_20240707,real,2024-07-07,adapted,1410,0.4402757541,12.65932855,-1.014878215,1.029977792,0.0006508676944,0.9993491323,1725.536894,1404.919931,0.5407511419,0.4402757541,0.4062753695,0.4742761387
real_20240707,real,2024-07-07,adapted,1411,0.4405890865,12.65646479,-0.4251974792,0.1807928963,0.0001562649543,0.999843735,1725.717687,1405.919775,0.540807799,0.4405890865,0.4065887019,0.4745894711
real_20240707,real,2024-07-07,adapted,1412,0.4409017728,12.65075402,-1.841615491,3.391547617,0.002217976259,0.9977820237,1729.109234,1406.917557,0.5418706469,0.4409017728,0.4069013882,0.4749021574
real_20240707,real,2024-07-07,adapted,1413,0.4412150125,12.64046337,-0.1079269736,0.01164823163,0.0004522290423,0.999547771,1729.120882,1407.917105,0.5418742972,0.4412150125,0.4072146279,0.4752153971
real_20240707,real,2024-07-07,adapted,1414,0.4415278587,12.63330422,0.8884220437,0.7892937277,0.00170767868,0.9982923213,1729.910176,1408.915397,0.5421216472,0.4415278587,0.4075274741,0.4755282433
real_20240707,real,2024-07-07,adapted,1415,0.4418409431,12.63236076,0.9326581112,0.8698511524,0.000947764172,0.9990522358,1730.780027,1409.914449,0.5423942423,0.4418409431,0.4078405585,0.4758413277
real_20240707,real,2024-07-07,adapted,1416,0.4421541689,12.62982035,0.3183075772,0.1013197137,0.0004962615302,0.9995037385,1730.881347,1410.913953,0.5424259941,0.4421541689,0.4081537843,0.4761545535
real_20240707,real,2024-07-07,adapted,1417,0.4424674536,12.62393434,-0.3109406929,0.09668411452,0.0003087102592,0.9996912897,1730.978031,1411.913644,0.5424562931,0.4424674536,0.408467069,0.4764678382
real_20240707,real,2024-07-07,adapted,1418,0.4427807744,12.61718864,-1.65324048,2.733204086,0.0001931664081,0.9998068336,1733.711235,1412.913451,0.5433128283,0.4427807744,0.4087803898,0.476781159
real_20240707,real,2024-07-07,adapted,1419,0.4430937795,12.61596779,0.425637653,0.1811674117,0.001200820876,0.9987991791,1733.892403,1413.91225,0.5433696028,0.4430937795,0.4090933949,0.4770941641
real_20240707,real,2024-07-07,adapted,1420,0.4434070531,12.61088531,-0.2635668135,0.06946746519,0.0003440576182,0.9996559424,1733.96187,1414.911906,0.5433913726,0.4434070531,0.4094066685,0.4774074377
real_20240707,real,2024-07-07,adapted,1421,0.4437202134,12.60631562,-0.7107799953,0.5052082017,0.0007052760093,0.999294724,1734.467078,1415.911201,0.5435496955,0.4437202134,0.4097198288,0.477720598
real_20240707,real,2024-07-07,adapted,1422,0.4440335458,12.60136908,-0.03439680071,0.001183139899,0.0001564307847,0.9998435692,1734.468261,1416.911045,0.5435500663,0.4440335458,0.4100331612,0.4780339304
real_20240707,real,2024-07-07,adapted,1423,0.4443468435,12.59858759,0.8659519747,0.7498728224,0.0002669192766,0.9997330807,1735.218134,1417.910778,0.5437850624,0.4443468435,0.4103464589,0.4783472281
real_20240707,real,2024-07-07,adapted,1424,0.4446600443,12.59256292,0.6929695813,0.4802068406,0.00057623068,0.9994237693,1735.698341,1418.910201,0.5439355503,0.4446600443,0.4106596597,0.4786604289
real_20240707,real,2024-07-07,adapted,1425,0.4449733756,12.58522602,-0.2909762637,0.08466718603,0.0001600394961,0.9998399605,1735.783008,1419.910041,0.5439620834,0.4449733756,0.410972991,0.4789737602
real_20240707,real,2024-07-07,adapted,1426,0.4452866392,12.57885703,-0.7608421336,0.5788807522,0.0003755958476,0.9996244042,1736.361889,1420.909666,0.5441434939,0.4452866392,0.4112862546,0.4792870238
real_20240707,real,2024-07-07,adapted,1427,0.4455998617,12.57525339,0.9652230582,0.9316555521,0.0005070140727,0.9994929859,1737.293545,1421.909159,0.5444354574,0.4455998617,0.4115994771,0.4796002463
real_20240707,real,2024-07-07,adapted,1428,0.4459131262,12.57011996,-0.009035527943,8.16407652e-05,0.0003730109892,0.999626989,1737.293626,1422.908786,0.544435483,0.4459131262,0.4119127416,0.4799135108
real_20240707,real,2024-07-07,adapted,1429,0.4462264652,12.56557283,1.606305391,2.580217009,0.0001354847567,0.9998645152,1739.873843,1423.90865,0.545244075,0.4462264652,0.4122260806,0.4802268498
real_20240707,real,2024-07-07,adapted,1430,0.4465397167,12.56365077,-1.554329748,2.415940966,0.0004143452715,0.9995856547,1742.289784,1424.908236,0.5460011859,0.4465397167,0.4125393321,0.4805401013
real_20240707,real,2024-07-07,adapted,1431,0.4468529711,12.55872999,0.05159152505,0.002661685457,0.000405356686,0.9995946433,1742.292446,1425.907831,0.54600202,0.4468529711,0.4128525865,0.4808533557
real_20240707,real,2024-07-07,adapted,1432,0.4471661028,12.55113145,0.1843874213,0.03399872112,0.0007966841345,0.9992033159,1742.326445,1426.907034,0.5460126746,0.4471661028,0.4131657182,0.4811664874
real_20240707,real,2024-07-07,adapted,1433,0.4474792482,12.55015123,-0.8004916118,0.6407868206,0.0007529887618,0.9992470112,1742.967231,1427.906281,0.5462134853,0.4474792482,0.4134788636,0.4814796328
real_20240707,real,2024-07-07,adapted,1434,0.447792344,12.54727528,0.4658789139,0.2170431624,0.0009112060075,0.999088794,1743.184275,1428.90537,0.5462815025,0.447792344,0.4137919594,0.4817927286
real_20240707,real,2024-07-07,adapted,1435,0.448105503,12.54326583,-1.171629161,1.372714891,0.0007097151867,0.9992902848,1744.556989,1429.90466,0.5467116858,0.448105503,0.4141051184,0.4821058876
real_20240707,real,2024-07-07,adapted,1436,0.448418501,12.53616358,-1.055022627,1.113072744,0.00122344689,0.9987765531,1745.670062,1430.903437,0.5470605021,0.448418501,0.4144181164,0.4824188856
real_20240707,real,2024-07-07,adapted,1437,0.448731697,12.53208383,-0.3873356918,0.1500289382,0.0005915104452,0.9994084896,1745.820091,1431.902845,0.5471075184,0.448731697,0.4147313124,0.4827320816
real_20240707,real,2024-07-07,adapted,1438,0.4490446441,12.52997617,-0.1440663899,0.0207551247,0.001385796596,0.9986142034,1745.840846,1432.901459,0.5471140227,0.4490446441,0.4150442595,0.4830450287
real_20240707,real,2024-07-07,adapted,1439,0.4493577319,12.52221586,-0.4351098719,0.1893206006,0.0009366967481,0.9990633033,1746.030167,1433.900523,0.5471733522,0.4493577319,0.4153573473,0.4833581165
real_20240707,real,2024-07-07,adapted,1440,0.4496709231,12.51952023,1.727762259,2.985162425,0.0006070204227,0.9993929796,1749.015329,1434.899916,0.5481088465,0.4496709231,0.4156705385,0.4836713077
real_20240707,real,2024-07-07,adapted,1441,0.449984164,12.51406756,-0.1138740587,0.01296730125,0.0004482720846,0.9995517279,1749.028297,1435.899467,0.5481129103,0.449984164,0.4159837794,0.4839845486
real_20240707,real,2024-07-07,adapted,1442,0.4502974935,12.50671373,0.1931774674,0.03731753392,0.0001656061626,0.9998343938,1749.065614,1436.899302,0.5481246049,0.4502974935,0.4162971089,0.4842978781
real_20240707,real,2024-07-07,adapted,1443,0.4506108154,12.50466718,0.6661102445,0.4437028578,0.000189617995,0.999810382,1749.509317,1437.899112,0.5482636531,0.4506108154,0.4166104308,0.4846112
real_20240707,real,2024-07-07,adapted,1444,0.4509238829,12.49951615,-0.2132197389,0.04546265707,0.001001719793,0.9989982802,1749.55478,1438.89811,0.5482779002,0.4509238829,0.4169234983,0.4849242675
real_20240707,real,2024-07-07,adapted,1445,0.4512369533,12.49030478,-0.03432161543,0.001177973286,0.0009924374575,0.9990075625,1749.555958,1439.897118,0.5482782694,0.4512369533,0.4172365687,0.4852373379
real_20240707,real,2024-07-07,adapted,1446,0.4515501518,12.48958327,-0.9303971432,0.8656388441,0.0005834215905,0.9994165784,1750.421596,1440.896534,0.5485495445,0.4515501518,0.4175497672,0.4855505364
real_20240707,real,2024-07-07,adapted,1447,0.4518635012,12.4867258,-0.526564941,0.2772706371,0.0001022133538,0.9998977866,1750.698867,1441.896432,0.548636436,0.4518635012,0.4178631166,0.4858638858
real_20240707,real,2024-07-07,adapted,1448,0.4521764534,12.4841323,-0.0572452893,0.003277023147,0.001369605946,0.9986303941,1750.702144,1442.895063,0.5486374629,0.4521764534,0.4181760688,0.486176838
real_20240707,real,2024-07-07,adapted,1449,0.4524895635,12.47906614,-0.2031534327,0.04127131722,0.0008655558952,0.9991344441,1750.743415,1443.894197,0.5486503966,0.4524895635,0.4184891789,0.4864899481
real_20240707,real,2024-07-07,adapted,1450,0.4528018385,12.47514457,0.04127330049,0.001703485333,0.003530523558,0.9964694764,1750.745119,1444.890667,0.5486509304,0.4528018385,0.4188014539,0.4868022231
real_20240707,real,2024-07-07,adapted,1451,0.4531148848,12.47119989,-1.394177778,1.943731675,0.00106903759,0.9989309624,1752.688851,1445.889598,0.5492600597,0.4531148848,0.4191145002,0.4871152694
real_20240707,real,2024-07-07,adapted,1452,0.453427953,12.46883819,1.011283851,1.022695027,0.0009996076871,0.9990003923,1753.711546,1446.888598,0.5495805533,0.453427953,0.4194275684,0.4874283376
real_20240707,real,2024-07-07,adapted,1453,0.4537412541,12.46343996,0.5320737565,0.2831024824,0.0002560060654,0.9997439939,1753.994648,1447.888342,0.5496692724,0.4537412541,0.4197408695,0.4877416387
real_20240707,real,2024-07-07,adapted,1454,0.4540541986,12.46107531,0.184409315,0.03400679546,0.001394292045,0.998605708,1754.028655,1448.886948,0.5496799295,0.4540541986,0.420053814,0.4880545832
real_20240707,real,2024-07-07,adapted,1455,0.4543674248,12.45442404,1.183357582,1.400335168,0.0004952065639,0.9995047934,1755.42899,1449.886452,0.5501187684,0.4543674248,0.4203670402,0.4883678094
real_20240707,real,2024-07-07,adapted,1456,0.4546806599,12.44962887,0.6846886475,0.468798544,0.0004667874035,0.9995332126,1755.897789,1450.885986,0.5502656812,0.4546806599,0.4206802753,0.4886810445
real_20240707,real,2024-07-07,adapted,1457,0.4549939007,12.44292554,-0.7946582081,0.6314816677,0.0004486782176,0.9995513218,1756.52927,1451.885537,0.5504635758,0.4549939007,0.4209935161,0.4889942853
real_20240707,real,2024-07-07,adapted,1458,0.4553070879,12.44031588,-1.255432089,1.576109731,0.0006194792888,0.9993805207,1758.10538,1452.884917,0.5509574992,0.4553070879,0.4213067033,0.4893074725
real_20240707,real,2024-07-07,adapted,1459,0.4556194978,12.43421353,1.053937401,1.110784045,0.003099922537,0.9969000775,1759.216164,1453.881818,0.5513055983,0.4556194978,0.4216191132,0.4896198824
real_20240707,real,2024-07-07,adapted,1460,0.4559327028,12.43060523,-0.4845442734,0.2347831529,0.0005628356098,0.9994371644,1759.450947,1454.881255,0.5513791749,0.4559327028,0.4219323182,0.4899330874
real_20240707,real,2024-07-07,adapted,1461,0.4562460362,12.42963825,0.2045029837,0.04182147035,0.0001530755199,0.9998469245,1759.492769,1455.881102,0.551392281,0.4562460362,0.4222456516,0.4902464208
real_20240707,real,2024-07-07,adapted,1462,0.4565593474,12.41833538,0.7868591908,0.6191473862,0.0002240399442,0.9997759601,1760.111916,1456.880878,0.5515863103,0.4565593474,0.4225589628,0.490559732
real_20240707,real,2024-07-07,adapted,1463,0.4568723151,12.41368789,1.341126797,1.798621087,0.001320211137,0.9986797889,1761.910537,1457.879557,0.5521499646,0.4568723151,0.4228719305,0.4908726997
real_20240707,real,2024-07-07,adapted,1464,0.4571844295,12.41272181,0.03107466603,0.0009656348686,0.004043019426,0.9959569806,1761.911503,1458.875514,0.5521502673,0.4571844295,0.4231840449,0.4911848141
real_20240707,real,2024-07-07,adapted,1465,0.4574976287,12.41049095,1.082216905,1.171193429,0.0005812929782,0.999418707,1763.082696,1459.874933,0.5525172975,0.4574976287,0.4234972441,0.4914980133
real_20240707,real,2024-07-07,adapted,1466,0.4578107147,12.40698892,-0.1292203694,0.01669790387,0.000942529362,0.9990574706,1763.099394,1460.873991,0.5525225303,0.4578107147,0.4238103301,0.4918110993
real_20240707,real,2024-07-07,adapted,1467,0.45812399,12.39452418,1.261271666,1.590806216,0.0003383786696,0.9996616213,1764.6902,1461.873652,0.5530210593,0.45812399,0.4241236054,0.4921243746
real_20240707,real,2024-07-07,adapted,1468,0.4584371569,12.39124162,-1.112423747,1.237486593,0.0006846744264,0.9993153256,1765.927687,1462.872968,0.5534088646,0.4584371569,0.4244367723,0.4924375415
real_20240707,real,2024-07-07,adapted,1469,0.4587503179,12.38780928,-0.5375132148,0.2889204561,0.0007029388082,0.9992970612,1766.216607,1463.872265,0.5534994069,0.4587503179,0.4247499333,0.4927507026
real_20240707,real,2024-07-07,adapted,1470,0.4590634626,12.38183409,-0.3184306133,0.1013980555,0.000755388304,0.9992446117,1766.318005,1464.871509,0.5535311832,0.4590634626,0.425063078,0.4930638472
real_20240707,real,2024-07-07,adapted,1471,0.4593767782,12.38023288,0.1109182802,0.01230286488,0.0002098376529,0.9997901623,1766.330308,1465.871299,0.5535350387,0.4593767782,0.4253763936,0.4933771628
real_20240707,real,2024-07-07,adapted,1472,0.459689961,12.37786165,-1.882122176,3.542383885,0.0006338856855,0.9993661143,1769.872692,1466.870665,0.5546451558,0.459689961,0.4256895764,0.4936903456
real_20240707,real,2024-07-07,adapted,1473,0.4600033196,12.37728178,0.04013634861,0.00161092648,7.259216815e-05,0.9999274078,1769.874303,1467.870593,0.5546456607,0.4600033196,0.426002935,0.4940037042
real_20240707,real,2024-07-07,adapted,1474,0.4603161645,12.36959837,0.5290118099,0.279853495,0.001711858565,0.9982881414,1770.154157,1468.868881,0.5547333615,0.4603161645,0.4263157799,0.4943165491
real_20240707,real,2024-07-07,adapted,1475,0.4606293404,12.3650979,-0.7249629775,0.5255713188,0.0006557200919,0.9993442799,1770.679728,1469.868225,0.5548980658,0.4606293404,0.4266289558,0.494629725
real_20240707,real,2024-07-07,adapted,1476,0.4609426404,12.36173148,-0.558378681,0.3117867513,0.0002596559434,0.9997403441,1770.991515,1470.867966,0.554995774,0.4609426404,0.4269422558,0.494943025
real_20240707,real,2024-07-07,adapted,1477,0.4612558986,12.36115598,1.200079327,1.440190391,0.0003932525494,0.9996067475,1772.431705,1471.867572,0.5554471028,0.4612558986,0.427255514,0.4952562832
real_20240707,real,2024-07-07,adapted,1478,0.4615692083,12.35437694,-1.734101859,3.007109258,0.0002285924844,0.9997714075,1775.438814,1472.867344,0.5563894749,0.4615692083,0.4275688237,0.4955695929
real_20240707,real,2024-07-07,adapted,1479,0.4618820596,12.35297739,0.4585670581,0.2102837467,0.001691689292,0.9983083107,1775.649098,1473.865652,0.5564553739,0.4618820596,0.427881675,0.4958824442
real_20240707,real,2024-07-07,adapted,1480,0.4621948639,12.35062716,0.7100489919,0.5041695709,0.001841409912,0.9981585901,1776.153268,1474.863811,0.5566133713,0.4621948639,0.4281944793,0.4961952485
real_20240707,real,2024-07-07,adapted,1481,0.4625080476,12.34524069,-0.003380160184,1.142548287e-05,0.0006307639202,0.9993692361,1776.153279,1475.86318,0.5566133748,0.4625080476,0.428507663,0.4965084322
real_20240707,real,2024-07-07,adapted,1482,0.4628208813,12.34344368,-0.9180385572,0.8427947926,0.00174764147,0.9982523585,1776.996074,1476.861432,0.556877491,0.4628208813,0.4288204967,0.4968212659
real_20240707,real,2024-07-07,adapted,1483,0.4631341807,12.33928838,-0.2624370676,0.06887321446,0.0002615370603,0.9997384629,1777.064947,1477.861171,0.5568990746,0.4631341807,0.4291337961,0.4971345653
real_20240707,real,2024-07-07,adapted,1484,0.4634474611,12.33140443,0.5265616331,0.2772671535,0.0003223558736,0.9996776441,1777.342214,1478.860848,0.556985965,0.4634474611,0.4294470765,0.4974478457
real_20240707,real,2024-07-07,adapted,1485,0.4637608091,12.32778277,-0.07527846603,0.005666847448,0.0001066679658,0.999893332,1777.347881,1479.860742,0.5569877409,0.4637608091,0.4297604245,0.4977611937
real_20240707,real,2024-07-07,adapted,1486,0.4640739733,12.32411795,1.934100416,3.740744418,0.0006929133749,0.9993070866,1781.088626,1480.860049,0.5581600205,0.4640739733,0.4300735887,0.4980743579
real_20240707,real,2024-07-07,adapted,1487,0.4643869449,12.31951691,-0.8129348866,0.6608631299,0.001307782442,0.9986922176,1781.749489,1481.858741,0.5583671227,0.4643869449,0.4303865603,0.4983873295
real_20240707,real,2024-07-07,adapted,1488,0.4646997152,12.3181757,-0.01444188889,0.0002085681546,0.001949813056,0.9980501869,1781.749697,1482.856791,0.5583671881,0.4646997152,0.4306993306,0.4987000998
real_20240707,real,2024-07-07,adapted,1489,0.4650129955,12.31483844,0.745951133,0.5564430928,0.000322544306,0.9996774557,1782.30614,1483.856469,0.558541567,0.4650129955,0.4310126109,0.4990133801
real_20240707,real,2024-07-07,adapted,1490,0.4653263281,12.30844758,0.8473366577,0.7179794115,0.0001556370619,0.9998443629,1783.02412,1484.856313,0.5587665684,0.4653263281,0.4313259435,0.4993267127
real_20240707,real,2024-07-07,adapted,1491,0.4656389547,12.30689258,0.1708287974,0.02918247803,0.002408629576,0.9975913704,1783.053302,1485.853904,0.5587757136,0.4656389547,0.4316385701,0.4996393393
real_20240707,real,2024-07-07,adapted,1492,0.4659519031,12.30182902,-0.2235761669,0.0499863024,0.00138176984,0.9986182302,1783.103289,1486.852523,0.5587913784,0.4659519031,0.4319515185,0.4999522877
real_20240707,real,2024-07-07,adapted,1493,0.4662651727,12.30021415,-0.09662245158,0.009335898149,0.0003567125845,0.9996432874,1783.112624,1487.852166,0.5587943041,0.4662651727,0.432264788,0.5002655573
real_20240707,real,2024-07-07,adapted,1494,0.4665782622,12.29311047,0.6260701639,0.3919638501,0.0009311861579,0.9990688138,1783.504588,1488.851235,0.5589171383,0.4665782622,0.4325778776,0.5005786468
real_20240707,real,2024-07-07,adapted,1495,0.4668909147,12.29197636,0.8312352181,0.6909519879,0.00232587152,0.9976741285,1784.19554,1489.848909,0.5591336698,0.4668909147,0.4328905301,0.5008912993
real_20240707,real,2024-07-07,adapted,1496,0.4672041949,12.29145587,0.9563240385,0.9145556666,0.0003228686841,0.9996771313,1785.110096,1490.848586,0.5594202745,0.4672041949,0.4332038103,0.5012045795
real_20240707,real,2024-07-07,adapted,1497,0.4675172505,12.28775295,-0.1492503314,0.02227566143,0.001039497204,0.9989605028,1785.132372,1491.847547,0.5594272553,0.4675172505,0.4335168659,0.5015176351
real_20240707,real,2024-07-07,adapted,1498,0.4678303679,12.28209712,-0.2116434745,0.04479296029,0.0008425044978,0.9991574955,1785.177165,1492.846704,0.5594412926,0.4678303679,0.4338299833,0.5018307525
real_20240707,real,2024-07-07,adapted,1499,0.4681432941,12.27811243,-0.8748709987,0.7653992643,0.00145247255,0.9985475274,1785.942564,1493.845252,0.5596811544,0.4681432941,0.4341429095,0.5021436787
real_20240707,real,2024-07-07,adapted,1500,0.4684561093,12.27726498,-0.5922648114,0.3507776068,0.001806770394,0.9981932296,1786.293341,1494.843445,0.5597910816,0.4684561093,0.4344557247,0.5024564939
real_20240707,real,2024-07-07,adapted,1501,0.4687693521,12.27163747,-0.3268004517,0.1067985353,0.0004422845799,0.9995577154,1786.40014,1495.843002,0.5598245503,0.4687693521,0.4347689675,0.5027697367
real_20240707,real,2024-07-07,adapted,1502,0.46908199,12.27027599,0.1034086187,0.01069334242,0.002372430268,0.9976275697,1786.410833,1496.84063,0.5598279014,0.46908199,0.4350816054,0.5030823746
real_20240707,real,2024-07-07,adapted,1503,0.4693945706,12.26671332,0.8998191977,0.8096745886,0.002555301389,0.9974446986,1787.220508,1497.838075,0.5600816383,0.4693945706,0.435394186,0.5033949552
real_20240707,real,2024-07-07,adapted,1504,0.4697078196,12.26395784,0.5609794357,0.3146979272,0.00042253437,0.9995774656,1787.535206,1498.837652,0.5601802588,0.4697078196,0.435707435,0.5037082042
real_20240707,real,2024-07-07,adapted,1505,0.4700211327,12.25932208,0.9555139476,0.913006904,0.0002178488049,0.9997821512,1788.448213,1499.837434,0.5604663782,0.4700211327,0.4360207481,0.5040215173
real_20240707,real,2024-07-07,adapted,1506,0.470334037,12.25574882,-0.6313520121,0.3986053631,0.001522230208,0.9984777698,1788.846818,1500.835912,0.5605912937,0.470334037,0.4363336524,0.5043344216
real_20240707,real,2024-07-07,adapted,1507,0.4706473061,12.25328799,0.1250470227,0.01563675789,0.0003582526339,0.9996417474,1788.862455,1501.835554,0.5605961939,0.4706473061,0.4366469215,0.5046476907
real_20240707,real,2024-07-07,adapted,1508,0.4709604957,12.25261376,0.4975551177,0.2475610951,0.0006119471883,0.9993880528,1789.110016,1502.834942,0.560673775,0.4709604957,0.4369601111,0.5049608803
real_20240707,real,2024-07-07,adapted,1509,0.4712735267,12.24926672,-0.01778756379,0.0003163974256,0.001118163819,0.9988818362,1789.110332,1503.833824,0.5606738741,0.4712735267,0.4372731421,0.5052739113
real_20240707,real,2024-07-07,adapted,1510,0.4715867383,12.24321488,0.3391689379,0.1150355684,0.0005419729793,0.999458027,1789.225368,1504.833282,0.5607099241,0.4715867383,0.4375863537,0.5055871229
real_20240707,real,2024-07-07,adapted,1511,0.4718999782,12.23914606,-1.018783878,1.037920591,0.0004513163396,0.9995486837,1790.263288,1505.83283,0.5610351891,0.4718999782,0.4378995936,0.5059003628
real_20240707,real,2024-07-07,adapted,1512,0.4722128177,12.23367946,-0.1891355044,0.03577223904,0.00172932594,0.9982706741,1790.299061,1506.831101,0.5610463995,0.4722128177,0.4382124331,0.5062132023
real_20240707,real,2024-07-07,adapted,1513,0.4725261201,12.22608961,0.6514874955,0.4244359567,0.0002518955023,0.9997481045,1790.723497,1507.830849,0.5611794098,0.4725261201,0.4385257355,0.5065265047
real_20240707,real,2024-07-07,adapted,1514,0.4728391871,12.22510306,0.6668547486,0.4446952557,0.001003314789,0.9989966852,1791.168192,1508.829846,0.561318769,0.4728391871,0.4388388025,0.5068395717
real_20240707,real,2024-07-07,adapted,1515,0.4731522534,12.21456433,0.4254329538,0.1809931981,0.001005461507,0.9989945385,1791.349185,1509.82884,0.5613754889,0.4731522534,0.4391518688,0.507152638
real_20240707,real,2024-07-07,adapted,1516,0.4734651931,12.21252389,0.1074592991,0.01154750097,0.001409312576,0.9985906874,1791.360733,1510.827431,0.5613791077,0.4734651931,0.4394648085,0.5074655777
real_20240707,real,2024-07-07,adapted,1517,0.4737778181,12.21054157,-0.2145216538,0.04601953995,0.00241347217,0.9975865278,1791.406752,1511.825018,0.5613935294,0.4737778181,0.4397774335,0.5077782027
real_20240707,real,2024-07-07,adapted,1518,0.4740909257,12.20732901,-0.7186601507,0.5164724123,0.000873649171,0.9991263508,1791.923225,1512.824144,0.5615553822,0.4740909257,0.4400905411,0.5080913103
real_20240707,real,2024-07-07,adapted,1519,0.4744041651,12.20618886,-0.6082055081,0.36991394,0.0004531229656,0.999546877,1792.293139,1513.823691,0.5616713063,0.4744041651,0.4404037805,0.5084045497
real_20240707,real,2024-07-07,adapted,1520,0.474717489,12.20061655,0.01999258622,0.0003997035037,0.0001836758155,0.9998163242,1792.293538,1514.823507,0.5616714316,0.474717489,0.4407171044,0.5087178736
real_20240707,real,2024-07-07,adapted,1521,0.4750298618,12.19385678,-0.6065741121,0.3679321535,0.003218230405,0.9967817696,1792.66147,1515.820289,0.5617867347,0.4750298618,0.4410294772,0.5090302464
real_20240707,real,2024-07-07,adapted,1522,0.4753426702,12.19307,-3.136360476,9.836757034,0.00182849621,0.9981715038,1802.498227,1516.818461,0.5648693912,0.4753426702,0.4413422856,0.5093430548
real_20240707,real,2024-07-07,adapted,1523,0.4756558539,12.19223411,2.113444813,4.466648979,0.0006306044055,0.9993693956,1806.964876,1517.81783,0.5662691559,0.4756558539,0.4416554693,0.5096562385
real_20240707,real,2024-07-07,adapted,1524,0.4759687791,12.18392847,-0.241660928,0.05840000414,0.001455796563,0.9985442034,1807.023276,1518.816374,0.5662874573,0.4759687791,0.4419683945,0.5099691637
real_20240707,real,2024-07-07,adapted,1525,0.4762816026,12.1813055,1.730351559,2.994116517,0.001780335627,0.9982196644,1810.017393,1519.814594,0.5672257577,0.4762816026,0.442281218,0.5102819872
real_20240707,real,2024-07-07,adapted,1526,0.476594844,12.17796284,0.1799532939,0.03238318799,0.0004464647016,0.9995535353,1810.049776,1520.814147,0.567235906,0.476594844,0.4425944594,0.5105952286
real_20240707,real,2024-07-07,adapted,1527,0.4769074992,12.17163004,-0.7951090262,0.6321983635,0.002317394173,0.9976826058,1810.681974,1521.81183,0.5674340252,0.4769074992,0.4429071146,0.5109078838
real_20240707,real,2024-07-07,adapted,1528,0.477220478,12.16730509,1.706419122,2.911866219,0.001284542659,0.9987154573,1813.593841,1522.810545,0.5683465499,0.477220478,0.4432200934,0.5112208626
real_20240707,real,2024-07-07,adapted,1529,0.4775336018,12.16434079,0.140733151,0.0198058198,0.0008220605893,0.9991779394,1813.613647,1523.809723,0.5683527567,0.4775336018,0.4435332172,0.5115339864
real_20240707,real,2024-07-07,adapted,1530,0.4778468409,12.16017126,0.5052157351,0.255242939,0.000453993572,0.9995460064,1813.868889,1524.809269,0.568432745,0.4778468409,0.4438464563,0.5118472255
real_20240707,real,2024-07-07,adapted,1531,0.4781599943,12.15603209,-0.2812100959,0.07907911806,0.0007276241181,0.9992723759,1813.947969,1525.808542,0.568457527,0.4781599943,0.4441596097,0.5121603789
real_20240707,real,2024-07-07,adapted,1532,0.478473252,12.15284077,0.2735779962,0.07484491999,0.0003946603747,0.9996053396,1814.022813,1526.808147,0.568480982,0.478473252,0.4444728674,0.5124736366
real_20240707,real,2024-07-07,adapted,1533,0.4787865121,12.1506809,-0.4692645452,0.2202092134,0.0003869462965,0.9996130537,1814.243023,1527.80776,0.5685499914,0.4787865121,0.4447861275,0.5127868967
real_20240707,real,2024-07-07,adapted,1534,0.479099779,12.14718688,2.125637299,4.518333929,0.0003653018105,0.9996346982,1818.761357,1528.807395,0.5699659532,0.479099779,0.4450993944,0.5131001636
real_20240707,real,2024-07-07,adapted,1535,0.4794130468,12.14467824,0.7527221603,0.5665906506,0.0003625455704,0.9996374544,1819.327947,1529.807032,0.5701435122,0.4794130468,0.4454126622,0.5134134314
real_20240707,real,2024-07-07,adapted,1536,0.4797263825,12.14015645,-0.2204504851,0.04859841637,0.0001456450624,0.9998543549,1819.376546,1530.806887,0.570158742,0.4797263825,0.4457259979,0.5137267671
real_20240707,real,2024-07-07,adapted,1537,0.4800393619,12.13793903,0.5386398454,0.290132883,0.001282860132,0.9987171399,1819.666679,1531.805604,0.5702496642,0.4800393619,0.4460389773,0.5140397465
real_20240707,real,2024-07-07,adapted,1538,0.4803518193,12.13284828,-2.006463172,4.025894459,0.002948265338,0.9970517347,1823.692573,1532.802655,0.5715113046,0.4803518193,0.4463514347,0.5143522039
real_20240707,real,2024-07-07,adapted,1539,0.4806649169,12.12836102,1.346977901,1.814349465,0.0009057289693,0.999094271,1825.506922,1533.80175,0.572079888,0.4806649169,0.4466645323,0.5146653015
real_20240707,real,2024-07-07,adapted,1540,0.4809766664,12.12800557,-0.009404971537,8.845348962e-05,0.005207122598,0.9947928774,1825.507011,1534.796543,0.5720799157,0.4809766664,0.4469762818,0.514977051
real_20240707,real,2024-07-07,adapted,1541,0.4812898533,12.12379312,-0.5343326013,0.2855113288,0.000620810161,0.9993791898,1825.792522,1535.795922,0.5721693896,0.4812898533,0.4472894687,0.5152902379
real_20240707,real,2024-07-07,adapted,1542,0.4816023098,12.11250433,-0.1287412658,0.01657431351,0.002951300472,0.9970486995,1825.809097,1536.792971,0.5721745837,0.4816023098,0.4476019252,0.5156026944
real_20240707,real,2024-07-07,adapted,1543,0.4819156667,12.11011667,0.7140513251,0.5098692949,7.821414276e-05,0.9999217859,1826.318966,1537.792892,0.5723343672,0.4819156667,0.4479152821,0.5159160513
real_20240707,real,2024-07-07,adapted,1544,0.4822285756,12.10672385,0.1049409373,0.01101260031,0.001507492969,0.998492507,1826.329978,1538.791385,0.5723378184,0.4822285756,0.448228191,0.5162289602
real_20240707,real,2024-07-07,adapted,1545,0.4825415694,12.09919698,2.109880413,4.451595355,0.001236977637,0.9987630224,1830.781574,1539.790148,0.5737328655,0.4825415694,0.4485411848,0.516541954
real_20240707,real,2024-07-07,adapted,1546,0.4828542628,12.09738091,-0.1670156002,0.02789421071,0.00219528729,0.9978047127,1830.809468,1540.787953,0.573741607,0.4828542628,0.4488538782,0.5168546474
real_20240707,real,2024-07-07,adapted,1547,0.4831673304,12.08976498,-1.282078158,1.643724404,0.001001108334,0.9989988917,1832.453192,1541.786951,0.5742567197,0.4831673304,0.4491669458,0.517167715
real_20240707,real,2024-07-07,adapted,1548,0.4834803379,12.08609832,-0.5912462055,0.3495720756,0.001193233468,0.9988067665,1832.802765,1542.785758,0.574366269,0.4834803379,0.4494799533,0.5174807225
real_20240707,real,2024-07-07,adapted,1549,0.4837935361,12.08344902,-2.133539977,4.551992832,0.0005846359427,0.9994153641,1837.354757,1543.785174,0.5757927789,0.4837935361,0.4497931515,0.5177939207
real_20240707,real,2024-07-07,adapted,1550,0.484106815,12.07917074,-0.03218247891,0.001035711948,0.0003268715984,0.9996731284,1837.355793,1544.784847,0.5757931034,0.484106815,0.4501064304,0.5181071996
real_20240707,real,2024-07-07,adapted,1551,0.4844200737,12.07787457,-0.4763024775,0.2268640501,0.0003915545685,0.9996084454,1837.582657,1545.784455,0.5758641984,0.4844200737,0.4504196891,0.5184204583
real_20240707,real,2024-07-07,adapted,1552,0.4847326126,12.07388471,-0.3214246915,0.1033138323,0.002688304983,0.997311695,1837.685971,1546.781767,0.575896575,0.4847326126,0.450732228,0.5187329972
real_20240707,real,2024-07-07,adapted,1553,0.4850458734,12.07023646,-1.054428178,1.111818782,0.0003847074182,0.9996152926,1838.79779,1547.781382,0.5762449984,0.4850458734,0.4510454888,0.519046258
real_20240707,real,2024-07-07,adapted,1554,0.4853588035,12.06885723,1.305023252,1.703085689,0.001440306999,0.998559693,1840.500875,1548.779942,0.5767787137,0.4853588035,0.4513584189,0.5193591881
real_20240707,real,2024-07-07,adapted,1555,0.485672042,12.0626855,0.01301877033,0.0001694883809,0.0004556712355,0.9995443288,1840.501045,1549.779486,0.5767787668,0.485672042,0.4516716574,0.5196724266
real_20240707,real,2024-07-07,adapted,1556,0.4859850285,12.06035394,-0.7837733702,0.6143006958,0.001260245186,0.9987397548,1841.115346,1550.778226,0.5769712772,0.4859850285,0.4519846439,0.5199854131
real_20240707,real,2024-07-07,adapted,1557,0.4862979995,12.05693895,-0.3054530522,0.09330156712,0.001309475135,0.9986905249,1841.208647,1551.776916,0.5770005162,0.4862979995,0.4522976149,0.5202983841
real_20240707,real,2024-07-07,adapted,1558,0.4866111364,12.05448793,0.6693104379,0.4479764623,0.0007801646074,0.9992198354,1841.656624,1552.776136,0.5771409037,0.4866111364,0.4526107518,0.520611521
real_20240707,real,2024-07-07,adapted,1559,0.4869240855,12.04951063,0.4787188184,0.2291717071,0.001379449567,0.9986205504,1841.885795,1553.774757,0.5772127218,0.4869240855,0.4529237009,0.5209244701
real_20240707,real,2024-07-07,adapted,1560,0.4872371595,12.04570113,-0.4582531754,0.2099959727,0.0009808920798,0.9990191079,1842.095791,1554.773776,0.5772785307,0.4872371595,0.4532367749,0.5212375441
real_20240707,real,2024-07-07,adapted,1561,0.4875503311,12.0433585,0.5752580917,0.330921872,0.0006693620912,0.9993306379,1842.426713,1555.773107,0.5773822354,0.4875503311,0.4535499465,0.5215507157
real_20240707,real,2024-07-07,adapted,1562,0.4878633535,12.04255795,-0.1523395359,0.02320733419,0.001145667147,0.9988543329,1842.449921,1556.771961,0.5773895082,0.4878633535,0.4538629689,0.5218637381
real_20240707,real,2024-07-07,adapted,1563,0.4881759484,12.0398104,1.40109914,1.963078801,0.002509619407,0.9974903806,1844.412999,1557.769451,0.5780047005,0.4881759484,0.4541755638,0.522176333
real_20240707,real,2024-07-07,adapted,1564,0.4884890901,12.03365795,-0.2428338177,0.05896826304,0.0007649184618,0.9992350815,1844.471968,1558.768686,0.5780231801,0.4884890901,0.4544887055,0.5224894747
real_20240707,real,2024-07-07,adapted,1565,0.4888019657,12.02774178,-1.539731926,2.370774403,0.001613667755,0.9983863322,1846.842742,1559.767073,0.5787661366,0.4888019657,0.4548015811,0.5228023503
real_20240707,real,2024-07-07,adapted,1566,0.4891150412,12.02466106,0.3829340961,0.1466385219,0.0009762848814,0.9990237151,1846.989381,1560.766096,0.5788120904,0.4891150412,0.4551146566,0.5231154258
real_20240707,real,2024-07-07,adapted,1567,0.4894281199,12.01631517,-0.5357491764,0.28702718,0.0009656844316,0.9990343156,1847.276408,1561.765131,0.5789020394,0.4894281199,0.4554277353,0.5234285045
real_20240707,real,2024-07-07,adapted,1568,0.4897414596,12.01225373,0.2136881229,0.04566261389,0.0001330282988,0.9998669717,1847.32207,1562.764998,0.5789163492,0.4897414596,0.455741075,0.5237418442
real_20240707,real,2024-07-07,adapted,1569,0.4900548106,12.00283683,2.169538337,4.706896598,9.702459305e-05,0.9999029754,1852.028967,1563.764901,0.580391403,0.4900548106,0.456054426,0.5240551952
real_20240707,real,2024-07-07,adapted,1570,0.4903677334,12.0020105,0.9418245192,0.887033425,0.001463460321,0.9985365397,1852.916,1564.763437,0.5806693827,0.4903677334,0.4563673488,0.524368118
real_20240707,real,2024-07-07,adapted,1571,0.490680828,11.99748898,-0.6040501459,0.3648765788,0.0009151099376,0.9990848901,1853.280877,1565.762522,0.5807837283,0.490680828,0.4566804434,0.5246812126
real_20240707,real,2024-07-07,adapted,1572,0.4909939243,11.99601263,0.8915537857,0.7948681528,0.0009096126613,0.9990903873,1854.075745,1566.761612,0.5810328252,0.4909939243,0.4569935397,0.5249943089
real_20240707,real,2024-07-07,adapted,1573,0.4913071961,11.99450774,1.024473237,1.049545413,0.0003496574416,0.9996503426,1855.12529,1567.761263,0.5813617332,0.4913071961,0.4573068115,0.5253075807
real_20240707,real,2024-07-07,adapted,1574,0.4916201771,11.99038966,0.2771646718,0.07682025531,0.001277765177,0.9987222348,1855.202111,1568.759985,0.5813858072,0.4916201771,0.4576197925,0.5256205617
real_20240707,real,2024-07-07,adapted,1575,0.4919332957,11.98781437,0.4405880148,0.1941177988,0.0008383305078,0.9991616695,1855.396229,1569.759147,0.5814466401,0.4919332957,0.4579329111,0.5259336803
real_20240707,real,2024-07-07,adapted,1576,0.4922466255,11.98737231,0.02661112087,0.0007081517538,0.0001646232284,0.9998353768,1855.396937,1570.758982,0.581446862,0.4922466255,0.4582462409,0.5262470101
real_20240707,real,2024-07-07,adapted,1577,0.492559817,11.98345597,-0.1497219179,0.0224166527,0.0006061606129,0.9993938394,1855.419353,1571.758376,0.581453887,0.492559817,0.4585594324,0.5265602016
real_20240707,real,2024-07-07,adapted,1578,0.4928731405,11.97981096,-1.313467718,1.725197447,0.0001847005272,0.9998152995,1857.144551,1572.758191,0.5819945317,0.4928731405,0.4588727559,0.5268735251
real_20240707,real,2024-07-07,adapted,1579,0.4931861355,11.97706775,-0.4371686473,0.1911164262,0.001232825148,0.9987671749,1857.335667,1573.756958,0.5820544241,0.4931861355,0.4591857509,0.5271865201
real_20240707,real,2024-07-07,adapted,1580,0.4934993367,11.97073243,-0.7871739263,0.6196427902,0.0005750829118,0.9994249171,1857.95531,1574.756383,0.5822486086,0.4934993367,0.4594989521,0.5274997213
real_20240707,real,2024-07-07,adapted,1581,0.4938122969,11.96737019,-0.8263374942,0.6828336544,0.001343994641,0.9986560054,1858.638144,1575.755039,0.5824625959,0.4938122969,0.4598119123,0.5278126815
real_20240707,real,2024-07-07,adapted,1582,0.4941255218,11.96341086,0.1185246838,0.01404810068,0.0004991590447,0.999500841,1858.652192,1576.75454,0.5824669984,0.4941255218,0.4601251372,0.5281259064
real_20240707,real,2024-07-07,adapted,1583,0.4944387398,11.96026953,1.066299306,1.136994211,0.0005213418571,0.9994786581,1859.789186,1577.754019,0.5828233112,0.4944387398,0.4604383552,0.5284391244
real_20240707,real,2024-07-07,adapted,1584,0.4947511814,11.95963655,-0.0126394168,0.0001597548571,0.002998967173,0.9970010328,1859.789346,1578.75102,0.5828233612,0.4947511814,0.4607507968,0.528751566
real_20240707,real,2024-07-07,adapted,1585,0.4950645299,11.95418464,0.1439937931,0.02073421244,0.0001051143941,0.9998948856,1859.81008,1579.750915,0.582829859,0.4950645299,0.4610641453,0.5290649145
real_20240707,real,2024-07-07,adapted,1586,0.4953776079,11.95040485,0.824503628,0.6798062326,0.0009680668348,0.9990319332,1860.489886,1580.749947,0.5830428976,0.4953776079,0.4613772233,0.5293779925
real_20240707,real,2024-07-07,adapted,1587,0.4956906748,11.94550512,-2.068421752,4.278368544,0.001003266141,0.9989967339,1864.768255,1581.748943,0.5843836586,0.4956906748,0.4616902902,0.5296910594
real_20240707,real,2024-07-07,adapted,1588,0.4960039429,11.94308732,-0.8971011469,0.8047904677,0.0003617447834,0.9996382552,1865.573045,1582.748582,0.584635865,0.4960039429,0.4620035583,0.5300043275
real_20240707,real,2024-07-07,adapted,1589,0.4963170118,11.94222678,-1.654331341,2.736812186,0.000997082324,0.9990029177,1868.309857,1583.747585,0.585493531,0.4963170118,0.4623166272,0.5303173964
real_20240707,real,2024-07-07,adapted,1590,0.4966303164,11.93875687,1.317336113,1.735374435,0.0002448089304,0.9997551911,1870.045232,1584.74734,0.586037365,0.4966303164,0.4626299318,0.530630701
real_20240707,real,2024-07-07,adapted,1591,0.496943529,11.93559512,-0.09479342696,0.008985793795,0.0005386484136,0.9994613516,1870.054218,1585.746801,0.586040181,0.496943529,0.4629431444,0.5309439136
real_20240707,real,2024-07-07,adapted,1592,0.4972557196,11.93095335,-0.7100360025,0.5041511248,0.00379982964,0.9962001704,1870.558369,1586.743001,0.5861981726,0.4972557196,0.463255335,0.5312561042
real_20240707,real,2024-07-07,adapted,1593,0.4975688089,11.92971624,-0.6303928426,0.3973951361,0.0009320474319,0.9990679526,1870.955764,1587.742069,0.5863227088,0.4975688089,0.4635684243,0.5315691935
real_20240707,real,2024-07-07,adapted,1594,0.4978807299,11.92339992,-0.5973599759,0.3568389408,0.004660088311,0.9953399117,1871.312603,1588.737409,0.5864345355,0.4978807299,0.4638803453,0.5318811145
real_20240707,real,2024-07-07,adapted,1595,0.4981937945,11.92187679,-0.08986594748,0.008075888516,0.001011025949,0.9989889741,1871.320679,1589.736398,0.5864370663,0.4981937945,0.4641934099,0.5321941791
real_20240707,real,2024-07-07,adapted,1596,0.4985068135,11.91651176,-0.09938041862,0.009876467604,0.001156427356,0.9988435726,1871.330555,1590.735242,0.5864401614,0.4985068135,0.4645064289,0.5325071981
real_20240707,real,2024-07-07,adapted,1597,0.4988196959,11.91203575,0.1473505444,0.02171218292,0.001592191075,0.9984078089,1871.352267,1591.73365,0.5864469656,0.4988196959,0.4648193113,0.5328200805
real_20240707,real,2024-07-07,adapted,1598,0.4991323152,11.90744459,-2.271015892,5.157513181,0.002431802755,0.9975681972,1876.509781,1592.731218,0.5880632343,0.4991323152,0.4651319306,0.5331326998
real_20240707,real,2024-07-07,adapted,1599,0.4994455583,11.90241232,0.1053510337,0.0110988403,0.000441122403,0.9995588776,1876.520879,1593.730777,0.5880667124,0.4994455583,0.4654451737,0.5334459429
real_20240707,real,2024-07-07,adapted,1600,0.4997588693,11.89920361,0.1206040461,0.01454533594,0.0002245757857,0.9997754242,1876.535425,1594.730552,0.5880712707,0.4997588693,0.4657584847,0.5337592539
real_20240707,real,2024-07-07,adapted,1601,0.5000713758,11.89516477,-0.6013106271,0.3615744702,0.002791837065,0.9972081629,1876.896999,1595.72776,0.5881845814,0.5000713758,0.4660709912,0.5340717604
real_20240707,real,2024-07-07,adapted,1602,0.5003843339,11.89089909,0.3049462402,0.09299220939,0.001350592879,0.9986494071,1876.989991,1596.72641,0.5882137234,0.5003843339,0.4663839493,0.5343847185
real_20240707,real,2024-07-07,adapted,1603,0.5006976497,11.88837359,0.1146983463,0.01315571064,0.0002094121755,0.9997905878,1877.003147,1597.7262,0.5882178462,0.5006976497,0.4666972651,0.5346980343
real_20240707,real,2024-07-07,adapted,1604,0.5010110141,11.88505659,0.3534881466,0.1249538698,5.413429694e-05,0.9999458657,1877.128101,1598.726146,0.5882570044,0.5010110141,0.4670106295,0.5350113987
real_20240707,real,2024-07-07,adapted,1605,0.5013243009,11.88193071,-0.3055090616,0.09333578669,0.0003018358136,0.9996981642,1877.221437,1599.725844,0.5882862541,0.5013243009,0.4673239163,0.5353246855
real_20240707,real,2024-07-07,adapted,1606,0.5016361077,11.87930813,-0.009068727464,8.224181782e-05,0.005024633562,0.9949753664,1877.221519,1600.72082,0.5882862798,0.5016361077,0.4676357231,0.5356364923
real_20240707,real,2024-07-07,adapted,1607,0.5019492762,11.87746135,0.8529687815,0.7275557422,0.0006793741493,0.9993206259,1877.949075,1601.72014,0.5885142823,0.5019492762,0.4679488916,0.5359496608
real_20240707,real,2024-07-07,adapted,1608,0.502262396,11.87449565,0.7269484568,0.5284540588,0.0008346144676,0.9991653855,1878.477529,1602.719306,0.5886798899,0.502262396,0.4682620114,0.5362627806
real_20240707,real,2024-07-07,adapted,1609,0.5025756128,11.87144671,0.344095975,0.11840204,0.0005252196052,0.9994747804,1878.595931,1603.71878,0.5887169949,0.5025756128,0.4685752282,0.5365759974
real_20240707,real,2024-07-07,adapted,1610,0.5028888251,11.86525578,-0.3290233888,0.1082563904,0.0005395919929,0.999460408,1878.704187,1604.718241,0.5887509205,0.5028888251,0.4688884405,0.5368892097
real_20240707,real,2024-07-07,adapted,1611,0.5032017991,11.86356099,-0.1589045473,0.02525065514,0.00129983043,0.9987001696,1878.729438,1605.716941,0.5887588336,0.5032017991,0.4692014145,0.5372021837
real_20240707,real,2024-07-07,adapted,1612,0.5035146033,11.85894407,0.1812837921,0.03286381329,0.001841946054,0.9981580539,1878.762302,1606.715099,0.5887691325,0.5035146033,0.4695142187,0.5375149879
real_20240707,real,2024-07-07,adapted,1613,0.5038276162,11.85466776,0.5764800598,0.3323292593,0.001175641297,0.9988243587,1879.094631,1607.713923,0.5888732783,0.5038276162,0.4698272316,0.5378280008
real_20240707,real,2024-07-07,adapted,1614,0.5041398208,11.85403034,1.097535189,1.204583491,0.003755272334,0.9962447277,1880.299214,1608.710168,0.5892507723,0.5041398208,0.4701394362,0.5381402054
real_20240707,real,2024-07-07,adapted,1615,0.5044527282,11.84503783,-0.1627359045,0.0264829746,0.001512458269,0.9984875417,1880.325697,1609.708656,0.5892590716,0.5044527282,0.4704523436,0.5384531128
real_20240707,real,2024-07-07,adapted,1616,0.5047649795,11.84352386,-0.8946131531,0.8003326937,0.003605915065,0.9963940849,1881.12603,1610.70505,0.5895098809,0.5047649795,0.4707645949,0.5387653641
real_20240707,real,2024-07-07,adapted,1617,0.5050778295,11.83860582,-0.9378302746,0.8795256239,0.001695634335,0.9983043657,1882.005556,1611.703354,0.5897855079,0.5050778295,0.4710774449,0.5390782141
real_20240707,real,2024-07-07,adapted,1618,0.5053910816,11.83534449,0.3244871766,0.1052919278,0.000412829839,0.9995871702,1882.110848,1612.702941,0.5898185044,0.5053910816,0.471390697,0.5393914662
real_20240707,real,2024-07-07,adapted,1619,0.5057041586,11.83240092,-1.33639571,1.785953494,0.0009712742681,0.9990287257,1883.896801,1613.70197,0.590378189,0.5057041586,0.471703774,0.5397045432
real_20240707,real,2024-07-07,adapted,1620,0.5060173291,11.82979294,0.4098877132,0.1680079375,0.0006728884192,0.9993271116,1884.064809,1614.701297,0.5904308396,0.5060173291,0.4720169445,0.5400177137
real_20240707,real,2024-07-07,adapted,1621,0.50633035,11.82352218,0.4910370525,0.241117387,0.001150216806,0.9988497832,1884.305926,1615.700147,0.5905064013,0.50633035,0.4723299654,0.5403307346
real_20240707,real,2024-07-07,adapted,1622,0.5066435927,11.81948229,-0.5115650085,0.2616987579,0.0004427103813,0.9995572896,1884.567625,1616.699704,0.5905884128,0.5066435927,0.4726432081,0.5406439773
real_20240707,real,2024-07-07,adapted,1623,0.5069558859,11.81725988,0.9549339002,0.9118987538,0.003472243918,0.9965277561,1885.479524,1617.696232,0.5908741849,0.5069558859,0.4729555013,0.5409562705
real_20240707,real,2024-07-07,adapted,1624,0.5072686581,11.81151451,-0.01163945863,0.0001354769971,0.001943923983,0.998056076,1885.479659,1618.694288,0.5908742273,0.5072686581,0.4732682735,0.5412690427
real_20240707,real,2024-07-07,adapted,1625,0.5075815988,11.81053244,-0.5690685907,0.3238390609,0.001406265812,0.9985937342,1885.803499,1619.692882,0.5909757125,0.5075815988,0.4735812142,0.5415819834
real_20240707,real,2024-07-07,adapted,1626,0.5078948554,11.8051674,1.620164685,2.624933606,0.0003981247131,0.9996018753,1888.428432,1620.692484,0.5917983178,0.5078948554,0.4738944708,0.54189524
real_20240707,real,2024-07-07,adapted,1627,0.5082071337,11.79976251,1.07847959,1.163118225,0.003520113395,0.9964798866,1889.59155,1621.688963,0.5921628174,0.5082071337,0.4742067491,0.5422075183
real_20240707,real,2024-07-07,adapted,1628,0.5085199222,11.79575198,0.1401448765,0.0196405864,0.001891602643,0.9981083974,1889.611191,1622.687072,0.5921689724,0.5085199222,0.4745195376,0.5425203068
real_20240707,real,2024-07-07,adapted,1629,0.5088329792,11.79350788,0.05368119521,0.00288167072,0.001035284982,0.998964715,1889.614073,1623.686037,0.5921698755,0.5088329792,0.4748325946,0.5428333638
real_20240707,real,2024-07-07,adapted,1630,0.5091455432,11.78770854,1.12223213,1.259404953,0.002608399071,0.9973916009,1890.873478,1624.683428,0.5925645495,0.5091455432,0.4751451586,0.5431459278
real_20240707,real,2024-07-07,adapted,1631,0.5094588062,11.77908449,1.289314852,1.662332788,0.000377774696,0.9996222253,1892.53581,1625.68305,0.5930854937,0.5094588062,0.4754584216,0.5434591908
real_20240707,real,2024-07-07,adapted,1632,0.5097721107,11.77416826,-0.2777150537,0.07712565107,0.0002450350627,0.9997549649,1892.612936,1626.682805,0.5931096634,0.5097721107,0.4757717261,0.5437724953
real_20240707,real,2024-07-07,adapted,1633,0.5100853519,11.7699563,0.7319222128,0.5357101257,0.0004476271143,0.9995523729,1893.148646,1627.682358,0.593277545,0.5100853519,0.4760849673,0.5440857365
real_20240707,real,2024-07-07,adapted,1634,0.5103978853,11.7668953,2.754060447,7.584848944,0.002705745779,0.9972942542,1900.733495,1628.679652,0.5956544955,0.5103978853,0.4763975007,0.5443982699
real_20240707,real,2024-07-07,adapted,1635,0.5107109583,11.76490613,0.1464925656,0.02146007178,0.0009841672977,0.9990158327,1900.754955,1629.678668,0.5956612207,0.5107109583,0.4767105737,0.5447113429
real_20240707,real,2024-07-07,adapted,1636,0.5110241121,11.76290435,0.8918028131,0.7953122574,0.0007262829192,0.9992737171,1901.550267,1630.677942,0.5959104567,0.5110241121,0.4770237275,0.5450244967
real_20240707,real,2024-07-07,adapted,1637,0.5113372988,11.76043804,-0.07224810314,0.005219788408,0.0006212604895,0.9993787395,1901.555487,1631.67732,0.5959120925,0.5113372988,0.4773369142,0.5453376834
real_20240707,real,2024-07-07,adapted,1638,0.5116499305,11.75940333,0.9338302078,0.872038857,0.00239213879,0.9976078612,1902.427526,1632.674928,0.5961853733,0.5116499305,0.4776495459,0.5456503151
real_20240707,real,2024-07-07,adapted,1639,0.5119630673,11.75640469,-0.7058968636,0.498290382,0.0007804299624,0.99921957,1902.925816,1633.674148,0.5963415282,0.5119630673,0.4779626827,0.5459634519
real_20240707,real,2024-07-07,adapted,1640,0.5122761658,11.75247825,0.263098103,0.06922061179,0.0009027569365,0.9990972431,1902.995037,1634.673245,0.5963632206,0.5122761658,0.4782757812,0.5462765504
real_20240707,real,2024-07-07,adapted,1641,0.5125878264,11.75132622,-0.6255299767,0.3912877517,0.005491089527,0.9945089105,1903.386325,1635.667754,0.5964858429,0.5125878264,0.4785874418,0.546588211
real_20240707,real,2024-07-07,adapted,1642,0.5129008617,11.74731323,-0.5819060522,0.3386146536,0.001104303041,0.998895697,1903.724939,1636.66665,0.5965919585,0.5129008617,0.4789004771,0.5469012463
real_20240707,real,2024-07-07,adapted,1643,0.5132140156,11.74422292,-0.2791887305,0.07794634723,0.0007259312457,0.9992740688,1903.802886,1637.665924,0.5966163854,0.5132140156,0.479213631,0.5472144002
real_20240707,real,2024-07-07,adapted,1644,0.5135271205,11.73972986,0.3846626284,0.1479653377,0.0008820521827,0.9991179478,1903.950851,1638.665042,0.596662755,0.5135271205,0.4795267359,0.5475275051
real_20240707,real,2024-07-07,adapted,1645,0.5138401502,11.73745005,-1.293410173,1.672909877,0.001122228666,0.9988777713,1905.623761,1639.663919,0.5971870138,0.5138401502,0.4798397656,0.5478405348
real_20240707,real,2024-07-07,adapted,1646,0.5141529394,11.73631768,-0.420145192,0.1765219824,0.001889885816,0.9981101142,1905.800283,1640.662029,0.5972423325,0.5141529394,0.4801525548,0.548153324
real_20240707,real,2024-07-07,adapted,1647,0.5144656846,11.73056888,0.4944868647,0.2445172593,0.002029956899,0.9979700431,1906.0448,1641.66,0.5973189597,0.5144656846,0.4804653,0.5484660692
real_20240707,real,2024-07-07,adapted,1648,0.5147786354,11.72817626,0.9394396087,0.8825467784,0.001374132247,0.9986258678,1906.927347,1642.658625,0.5975955334,0.5147786354,0.4807782508,0.54877902
real_20240707,real,2024-07-07,adapted,1649,0.5150914228,11.72478883,-0.2634064197,0.06938294192,0.0018952553,0.9981047447,1906.99673,1643.65673,0.5976172767,0.5150914228,0.4810910382,0.5490918074
real_20240707,real,2024-07-07,adapted,1650,0.5154043462,11.71668662,0.2164989835,0.04687180987,0.001461501067,0.9985384989,1907.043602,1644.655269,0.5976319655,0.5154043462,0.4814039616,0.5494047308
real_20240707,real,2024-07-07,adapted,1651,0.5157172442,11.71416571,-1.27278974,1.619993723,0.001542484408,0.9984575156,1908.663596,1645.653726,0.5981396413,0.5157172442,0.4817168596,0.5497176288
real_20240707,real,2024-07-07,adapted,1652,0.5160304597,11.71296159,-1.026220075,1.053127642,0.0005291742794,0.9994708257,1909.716723,1646.653197,0.5984696719,0.5160304597,0.4820300751,0.5500308443
real_20240707,real,2024-07-07,adapted,1653,0.5163437716,11.7117716,-1.050514475,1.103580662,0.0002217480198,0.999778252,1910.820304,1647.652975,0.5988155136,0.5163437716,0.482343387,0.5503441562
real_20240707,real,2024-07-07,adapted,1654,0.516656681,11.70506847,-0.1820948093,0.03315851956,0.001506087859,0.9984939121,1910.853462,1648.651469,0.5988259048,0.516656681,0.4826562964,0.5506570656
real_20240707,real,2024-07-07,adapted,1655,0.5169697584,11.70457589,-0.5597342713,0.3133024545,0.0009700033503,0.9990299966,1911.166765,1649.650499,0.598924088,0.5169697584,0.4829693738,0.550970143
real_20240707,real,2024-07-07,adapted,1656,0.5172819131,11.70091568,-1.419199444,2.014127061,0.003914428536,0.9960855715,1913.180892,1650.646585,0.5995552779,0.5172819131,0.4832815285,0.5512822977
real_20240707,real,2024-07-07,adapted,1657,0.5175951018,11.69453667,0.173807117,0.03020891393,0.0006150313556,0.9993849686,1913.211101,1651.64597,0.5995647448,0.5175951018,0.4835947172,0.5515954864
real_20240707,real,2024-07-07,adapted,1658,0.5179083806,11.69244962,0.5204612398,0.2708799021,0.0003272571611,0.9996727428,1913.481981,1652.645642,0.5996496336,0.5179083806,0.483907996,0.5519087652
real_20240707,real,2024-07-07,adapted,1659,0.5182216783,11.69024287,-0.224798043,0.05053416013,0.0002669364704,0.9997330635,1913.532515,1653.645376,0.59966547,0.5182216783,0.4842212937,0.5522220629
real_20240707,real,2024-07-07,adapted,1660,0.5185349662,11.68752569,1.807683527,3.267719732,0.0002982855055,0.9997017145,1916.800235,1654.645077,0.6006895126,0.5185349662,0.4845345816,0.5525353508
real_20240707,real,2024-07-07,adapted,1661,0.5188479604,11.68369703,-0.5525553086,0.3053173691,0.001235462481,0.9987645375,1917.105552,1655.643842,0.6007851933,0.5188479604,0.4848475758,0.552848345
real_20240707,real,2024-07-07,adapted,1662,0.5191612696,11.67819309,-0.8763359866,0.7679647614,0.0002303909031,0.9997696091,1917.873517,1656.643611,0.6010258592,0.5191612696,0.485160885,0.5531616542
real_20240707,real,2024-07-07,adapted,1663,0.5194744211,11.67367444,0.3654832554,0.13357801,0.0007337121707,0.9992662878,1918.007095,1657.642878,0.6010677201,0.5194744211,0.4854740365,0.5534748057
real_20240707,real,2024-07-07,adapted,1664,0.5197875768,11.66891234,-0.8200762932,0.6725251267,0.0007201123756,0.9992798876,1918.67962,1658.642158,0.6012784769,0.5197875768,0.4857871922,0.5537879614
real_20240707,real,2024-07-07,adapted,1665,0.520098789,11.66685118,1.63792481,2.682797682,0.006921852237,0.9930781478,1921.362417,1659.635236,0.6021192158,0.520098789,0.4860984044,0.5540991736
real_20240707,real,2024-07-07,adapted,1666,0.5204120531,11.66528725,1.143323778,1.307189261,0.0003743583371,0.9996256417,1922.669607,1660.634861,0.6025288645,0.5204120531,0.4864116685,0.5544124377
real_20240707,real,2024-07-07,adapted,1667,0.5207253359,11.66305106,3.118283373,9.723691195,0.0003146157998,0.9996853842,1932.393298,1661.634547,0.6055760884,0.5207253359,0.4867249513,0.5547257205
real_20240707,real,2024-07-07,adapted,1668,0.521038492,11.65471211,1.734504582,3.008506144,0.0007188299162,0.9992811701,1935.401804,1662.633828,0.6065188982,0.521038492,0.4870381074,0.5550388766
real_20240707,real,2024-07-07,adapted,1669,0.5213517317,11.65069321,-0.4262788172,0.18171363,0.0004521739211,0.9995478261,1935.583518,1663.633376,0.6065758439,0.5213517317,0.4873513471,0.5553521163
real_20240707,real,2024-07-07,adapted,1670,0.5216647561,11.64202918,-0.6199539021,0.3843428407,0.001139125845,0.9988608742,1935.967861,1664.632237,0.6066962897,0.5216647561,0.4876643715,0.5556651407
real_20240707,real,2024-07-07,adapted,1671,0.5219776875,11.63851673,-0.3132520882,0.09812687074,0.001435715824,0.9985642842,1936.065987,1665.630801,0.6067270409,0.5219776875,0.4879773029,0.5559780721
real_20240707,real,2024-07-07,adapted,1672,0.5222909418,11.63564174,1.531504449,2.345505878,0.0004057277612,0.9995942722,1938.411493,1666.630395,0.6074620788,0.5222909418,0.4882905572,0.5562913264
real_20240707,real,2024-07-07,adapted,1673,0.5226039688,11.63267427,-0.9978774046,0.9957593147,0.001130842257,0.9988691577,1939.407253,1667.629264,0.6077741312,0.5226039688,0.4886035842,0.5566043534
real_20240707,real,2024-07-07,adapted,1674,0.5229159591,11.63191509,0.5529513596,0.3057552061,0.004438828079,0.9955611719,1939.713008,1668.624825,0.6078699492,0.5229159591,0.4889155745,0.5569163437
real_20240707,real,2024-07-07,adapted,1675,0.5232287931,11.62891738,-0.8017659692,0.6428286694,0.001746797228,0.9982532028,1940.355837,1669.623079,0.6080713997,0.5232287931,0.4892284085,0.5572291777
real_20240707,real,2024-07-07,adapted,1676,0.5235411991,11.62182347,-0.4199011128,0.1763169445,0.003112336441,0.9968876636,1940.532153,1670.619966,0.6081266542,0.5235411991,0.4895408145,0.5575415837
real_20240707,real,2024-07-07,adapted,1677,0.5238545091,11.62041661,0.7932407653,0.6292309117,0.0002279285243,0.9997720715,1941.161384,1671.619738,0.6083238434,0.5238545091,0.4898541245,0.5578548937
real_20240707,real,2024-07-07,adapted,1678,0.524167417,11.61536454,-0.1970647719,0.03883452433,0.001510876029,0.998489124,1941.200219,1672.618228,0.6083360134,0.524167417,0.4901670324,0.5581678016
real_20240707,real,2024-07-07,adapted,1679,0.5244807164,11.61409558,-1.69340122,2.867607691,0.0002613574814,0.9997386425,1944.067827,1673.617966,0.6092346683,0.5244807164,0.4904803318,0.558481101
real_20240707,real,2024-07-07,adapted,1680,0.5247915198,11.6115323,-0.3129930076,0.09796462279,0.008226416054,0.9917735839,1944.165791,1674.60974,0.6092653686,0.5247915198,0.4907911352,0.5587919044
real_20240707,real,2024-07-07,adapted,1681,0.5251048118,11.60687825,-0.3991643549,0.1593321822,0.000285256275,0.9997147437,1944.325123,1675.609454,0.6093153003,0.5251048118,0.4911044272,0.5591051964
real_20240707,real,2024-07-07,adapted,1682,0.5254180371,11.60424617,-0.1995903495,0.0398363076,0.0004979687581,0.9995020312,1944.36496,1676.608957,0.6093277843,0.5254180371,0.4914176525,0.5594184217
real_20240707,real,2024-07-07,adapted,1683,0.5257313561,11.59047459,-0.9119362755,0.8316277705,0.0001990640383,0.999800936,1945.196587,1677.608757,0.609588401,0.5257313561,0.4917309715,0.5597317407
real_20240707,real,2024-07-07,adapted,1684,0.5260444267,11.5882227,0.8396849442,0.7050708056,0.0009920084446,0.9990079916,1945.901658,1678.607765,0.609809357,0.5260444267,0.4920440421,0.5600448113
real_20240707,real,2024-07-07,adapted,1685,0.526357617,11.5859411,0.150813734,0.02274478237,0.0006097358805,0.9993902641,1945.924403,1679.607156,0.6098164848,0.526357617,0.4923572324,0.5603580016
real_20240707,real,2024-07-07,adapted,1686,0.5266707206,11.58373965,-0.665384595,0.4427366593,0.0008861772803,0.9991138227,1946.36714,1680.60627,0.6099552302,0.5266707206,0.492670336,0.5606711052
real_20240707,real,2024-07-07,adapted,1687,0.5269839068,11.580426,-0.5749744669,0.3305956375,0.0006230878474,0.9993769122,1946.697735,1681.605646,0.6100588328,0.5269839068,0.4929835222,0.5609842914
real_20240707,real,2024-07-07,adapted,1688,0.5272967359,11.57919684,-1.640061661,2.689802251,0.001762264458,0.9982377355,1949.387538,1682.603884,0.6109017667,0.5272967359,0.4932963513,0.5612971205
real_20240707,real,2024-07-07,adapted,1689,0.5276097813,11.57307578,-0.02159116126,0.0004661782446,0.001072165625,0.9989278344,1949.388004,1683.602812,0.6109019128,0.5276097813,0.4936093967,0.5616101659
real_20240707,real,2024-07-07,adapted,1690,0.5279214494,11.56630483,0.97053615,0.9419404185,0.005466851029,0.994533149,1950.329944,1684.597345,0.6111970994,0.5279214494,0.4939210648,0.561921834
real_20240707,real,2024-07-07,adapted,1691,0.5282347513,11.5637382,0.2792238223,0.07796594294,0.0002536787328,0.9997463213,1950.40791,1685.597091,0.6112215325,0.5282347513,0.4942343667,0.5622351359
real_20240707,real,2024-07-07,adapted,1692,0.5285461572,11.56082621,-0.9043594752,0.8178660604,0.006303900495,0.9936960995,1951.225776,1686.590788,0.6114778365,0.5285461572,0.4945457726,0.5625465418
real_20240707,real,2024-07-07,adapted,1693,0.5288584279,11.55941706,-0.6131347643,0.3759342391,0.003544106307,0.9964558937,1951.60171,1687.587243,0.6115956473,0.5288584279,0.4948580433,0.5628588125
real_20240707,real,2024-07-07,adapted,1694,0.5291711582,11.55566724,-0.6625982011,0.439036376,0.002077829279,0.9979221707,1952.040747,1688.585166,0.6117332331,0.5291711582,0.4951707736,0.5631715428
real_20240707,real,2024-07-07,adapted,1695,0.5294841146,11.55443204,0.3020745963,0.09124906173,0.001355942415,0.9986440576,1952.131996,1689.58381,0.6117618289,0.5294841146,0.49548373,0.5634844992
real_20240707,real,2024-07-07,adapted,1696,0.5297971796,11.55135097,0.1126313591,0.01268582306,0.00100955586,0.9989904441,1952.144682,1690.5828,0.6117658044,0.5297971796,0.495796795,0.5637975642
real_20240707,real,2024-07-07,adapted,1697,0.5301094811,11.54485332,0.4558295181,0.2077805496,0.003446049778,0.9965539502,1952.352462,1691.579354,0.6118309189,0.5301094811,0.4961090965,0.5641098657
real_20240707,real,2024-07-07,adapted,1698,0.5304228164,11.54364665,-1.184182946,1.402289249,0.0001468384491,0.9998531616,1953.754751,1692.579207,0.6122703703,0.5304228164,0.4964224318,0.564423201
real_20240707,real,2024-07-07,adapted,1699,0.5307360737,11.53826814,0.3657555303,0.133777108,0.0003962236592,0.9996037763,1953.888529,1693.578811,0.6123122935,0.5307360737,0.4967356891,0.5647364583
real_20240707,real,2024-07-07,adapted,1700,0.5310494076,11.53623443,0.3771203042,0.1422197238,0.000151410068,0.9998485899,1954.030748,1694.57866,0.6123568625,0.5310494076,0.497049023,0.5650497922
real_20240707,real,2024-07-07,adapted,1701,0.5313625928,11.53371765,-0.2416036388,0.0583723183,0.0006260014173,0.9993739986,1954.089121,1695.578034,0.6123751553,0.5313625928,0.4973622082,0.5653629774
real_20240707,real,2024-07-07,adapted,1702,0.5316754588,11.52892303,0.55293067,0.3057323258,0.001644501571,0.9983554984,1954.394853,1696.576389,0.6124709661,0.5316754588,0.4976750742,0.5656758434
real_20240707,real,2024-07-07,adapted,1703,0.5319887322,11.52208692,-0.1527451596,0.02333108377,0.0003447743513,0.9996552256,1954.418184,1697.576044,0.6124782777,0.5319887322,0.4979883476,0.5659891168
real_20240707,real,2024-07-07,adapted,1704,0.5323001753,11.51841953,1.929310159,3.722237688,0.006184874348,0.9938151257,1958.140422,1698.569859,0.6136447577,0.5323001753,0.4982997907,0.5663005599
real_20240707,real,2024-07-07,adapted,1705,0.5326133062,11.51807569,1.510185517,2.280660297,0.0007995197931,0.9992004802,1960.421082,1699.56906,0.6143594742,0.5326133062,0.4986129216,0.5666136908
real_20240707,real,2024-07-07,adapted,1706,0.5329258055,11.50904319,-1.069338691,1.143485237,0.00281470034,0.9971852997,1961.564567,1700.566245,0.6147178211,0.5329258055,0.4989254209,0.5669261901
real_20240707,real,2024-07-07,adapted,1707,0.5332378546,11.50334849,1.136428064,1.291468745,0.004251272342,0.9957487277,1962.856036,1701.561994,0.6151225434,0.5332378546,0.49923747,0.5672382392
real_20240707,real,2024-07-07,adapted,1708,0.5335511751,11.50093625,0.1375285438,0.01891410035,0.0001943010393,0.999805699,1962.87495,1702.5618,0.6151284707,0.5335511751,0.4995507905,0.5675515597
real_20240707,real,2024-07-07,adapted,1709,0.5338627479,11.50081241,1.4445926,2.086847779,0.005771230688,0.9942287693,1964.961798,1703.556028,0.61578245,0.5338627479,0.4998623633,0.5678631325
real_20240707,real,2024-07-07,adapted,1710,0.5341757789,11.49504698,1.205104053,1.452275779,0.001118041213,0.9988819588,1966.414074,1704.55491,0.6162375662,0.5341757789,0.5001753943,0.5681761635
real_20240707,real,2024-07-07,adapted,1711,0.5344888519,11.49452103,1.77663092,3.156417424,0.0009839730912,0.9990160269,1969.570491,1705.553926,0.6172267286,0.5344888519,0.5004884673,0.5684892365
real_20240707,real,2024-07-07,adapted,1712,0.5348014395,11.49288598,0.2222813852,0.04940901423,0.002532911904,0.9974670881,1969.6199,1706.551394,0.6172422125,0.5348014395,0.5008010549,0.5688018241
real_20240707,real,2024-07-07,adapted,1713,0.5351146803,11.4884094,0.799512537,0.6392202968,0.0004486342831,0.9995513657,1970.25912,1707.550945,0.6174425323,0.5351146803,0.5011142957,0.5691150649
real_20240707,real,2024-07-07,adapted,1714,0.5354278036,11.48363509,0.5080067079,0.2580708152,0.000823519723,0.9991764803,1970.517191,1708.550121,0.6175234068,0.5354278036,0.501427419,0.5694281882
real_20240707,real,2024-07-07,adapted,1715,0.5357409396,11.47922943,-0.2905613406,0.08442589265,0.0007831287428,0.9992168713,1970.601617,1709.549338,0.6175498643,0.5357409396,0.501740555,0.5697413242
real_20240707,real,2024-07-07,adapted,1716,0.5360540034,11.47820712,0.7815017777,0.6107450286,0.001013304333,0.9989866957,1971.212362,1710.548325,0.6177412605,0.5360540034,0.5020536188,0.570054388
real_20240707,real,2024-07-07,adapted,1717,0.5363668121,11.47462106,1.392744058,1.93973601,0.001827564555,0.9981724354,1973.152098,1711.546497,0.6183491376,0.5363668121,0.5023664275,0.5703671967
real_20240707,real,2024-07-07,adapted,1718,0.5366796422,11.47317267,0.4248076325,0.1804615246,0.001759148126,0.9982408519,1973.33256,1712.544738,0.6184056909,0.5366796422,0.5026792576,0.5706800268
real_20240707,real,2024-07-07,adapted,1719,0.5369928814,11.46987586,-0.4036799444,0.1629574975,0.0004536745584,0.9995463254,1973.495517,1713.544285,0.6184567588,0.5369928814,0.5029924968,0.570993266
real_20240707,real,2024-07-07,adapted,1720,0.537306101,11.4697605,0.5002152381,0.2502152845,0.0005162013985,0.9994837986,1973.745732,1714.543768,0.6185351716,0.537306101,0.5033057164,0.5713064856
real_20240707,real,2024-07-07,adapted,1721,0.5376193434,11.4630638,-0.8522635406,0.7263531426,0.000443465477,0.9995565345,1974.472086,1715.543325,0.6187627971,0.5376193434,0.5036189588,0.571619728
real_20240707,real,2024-07-07,adapted,1722,0.5379325916,11.45975222,0.1564386719,0.02447305806,0.0004252192962,0.9995747807,1974.496559,1716.5429,0.6187704665,0.5379325916,0.503932207,0.5719329762
real_20240707,real,2024-07-07,adapted,1723,0.5382428574,11.45756228,-1.344270045,1.807061954,0.009941732951,0.990058267,1976.303621,1717.532958,0.6193367661,0.5382428574,0.5042424728,0.572243242
real_20240707,real,2024-07-07,adapted,1724,0.538555009,11.45392098,-0.9040078805,0.8172302481,0.003924283812,0.9960757162,1977.120851,1718.529034,0.6195928708,0.538555009,0.5045546244,0.5725553936
real_20240707,real,2024-07-07,adapted,1725,0.5388673456,11.45345316,-0.04728097325,0.002235490431,0.003333712896,0.9966662871,1977.123086,1719.5257,0.6195935714,0.5388673456,0.504866961,0.5728677302
real_20240707,real,2024-07-07,adapted,1726,0.5391794812,11.45031365,-0.4120613454,0.1697945523,0.003975343312,0.9960246567,1977.292881,1720.521725,0.6196467819,0.5391794812,0.5051790966,0.5731798658
real_20240707,real,2024-07-07,adapted,1727,0.5394926258,11.44492842,0.1422201515,0.02022657148,0.0007556832022,0.9992443168,1977.313107,1721.520969,0.6196531205,0.5394926258,0.5054922412,0.5734930104
real_20240707,real,2024-07-07,adapted,1728,0.5398023251,11.44098135,-0.8710525309,0.7587325115,0.01174964124,0.9882503588,1978.07184,1722.509219,0.6198908931,0.5398023251,0.5058019405,0.5738027097
real_20240707,real,2024-07-07,adapted,1729,0.5401156775,11.44032015,0.3826335946,0.1464084677,9.238057841e-05,0.9999076194,1978.218248,1723.509127,0.6199367748,0.5401156775,0.5061152929,0.5741160621
real_20240707,real,2024-07-07,adapted,1730,0.5404289551,11.43895837,1.423215914,2.025543539,0.0003312570643,0.9996687429,1980.243792,1724.508796,0.6205715425,0.5404289551,0.5064285705,0.5744293397
real_20240707,real,2024-07-07,adapted,1731,0.5407416389,11.43683608,-0.3024448531,0.09147288915,0.002225985536,0.9977740145,1980.335265,1725.50657,0.6206002084,0.5407416389,0.5067412543,0.5747420235
real_20240707,real,2024-07-07,adapted,1732,0.5410549575,11.43328082,0.6893137329,0.4751534223,0.0002002876633,0.9997997123,1980.810418,1726.506369,0.6207491126,0.5410549575,0.5070545729,0.5750553421
real_20240707,real,2024-07-07,adapted,1733,0.5413682626,11.43080484,-0.1301998639,0.01695200457,0.000243406261,0.9997565937,1980.82737,1727.506126,0.620754425,0.5413682626,0.507367878,0.5753686472
real_20240707,real,2024-07-07,adapted,1734,0.5416805221,11.42908022,-0.8686467253,0.7545471334,0.003579785318,0.9964202147,1981.581917,1728.502546,0.6209908861,0.5416805221,0.5076801375,0.5756809067
real_20240707,real,2024-07-07,adapted,1735,0.5419935701,11.42434204,-1.540894206,2.374354953,0.001064056496,0.9989359435,1983.956272,1729.501482,0.6217349647,0.5419935701,0.5079931855,0.5759939547
real_20240707,real,2024-07-07,adapted,1736,0.5423065384,11.42102802,-1.182112977,1.397391091,0.001318014374,0.9986819856,1985.353664,1730.500164,0.6221728811,0.5423065384,0.5083061538,0.576306923
real_20240707,real,2024-07-07,adapted,1737,0.5426192835,11.41787866,1.373336878,1.88605418,0.002030507807,0.9979694922,1987.239718,1731.498134,0.6227639353,0.5426192835,0.5086188989,0.5766196681
real_20240707,real,2024-07-07,adapted,1738,0.5429315357,11.41420006,0.4329708953,0.1874637962,0.0036031489,0.9963968511,1987.427181,1732.49453,0.622822683,0.5429315357,0.5089311511,0.5769319203
real_20240707,real,2024-07-07,adapted,1739,0.5432434838,11.41043024,-0.9781346846,0.9567474613,0.00457360032,0.9954263997,1988.383929,1733.489957,0.6231225099,0.5432434838,0.5092430992,0.5772438684
real_20240707,real,2024-07-07,adapted,1740,0.5435563858,11.40756887,0.3113514819,0.09693974529,0.001529751297,0.9984702487,1988.480869,1734.488427,0.623152889,0.5435563858,0.5095560012,0.5775567704
real_20240707,real,2024-07-07,adapted,1741,0.5438688305,11.40113747,0.1866619261,0.03484267466,0.002988925858,0.9970110741,1988.515711,1735.485438,0.623163808,0.5438688305,0.5098684459,0.5778692151
real_20240707,real,2024-07-07,adapted,1742,0.5441820622,11.3986293,1.083432421,1.17382581,0.0004775618513,0.9995224381,1989.689537,1736.484961,0.6235316632,0.5441820622,0.5101816776,0.5781824468
real_20240707,real,2024-07-07,adapted,1743,0.5444948579,11.39461935,0.3472503488,0.1205828048,0.001869132426,0.9981308676,1989.81012,1737.483091,0.6235694516,0.5444948579,0.5104944733,0.5784952425
real_20240707,real,2024-07-07,adapted,1744,0.5448069904,11.39415367,0.701007918,0.4914121012,0.003984997275,0.9960150027,1990.301532,1738.479106,0.623723451,0.5448069904,0.5108066058,0.578807375
real_20240707,real,2024-07-07,adapted,1745,0.5451197692,11.38722937,-0.03090121967,0.0009548853772,0.001922980163,0.9980770198,1990.302487,1739.477184,0.6237237502,0.5451197692,0.5111193846,0.5791201538
real_20240707,real,2024-07-07,adapted,1746,0.5454324417,11.38532414,-0.1382536159,0.0191140623,0.002262189268,0.9977378107,1990.321601,1740.474921,0.6237297402,0.5454324417,0.5114320571,0.5794328263
real_20240707,real,2024-07-07,adapted,1747,0.5457439491,11.38014845,-0.3724645675,0.138729854,0.005979765432,0.9940202346,1990.460331,1741.468942,0.6237732156,0.5457439491,0.5117435645,0.5797443337
real_20240707,real,2024-07-07,adapted,1748,0.5460534608,11.37656427,-0.5489447854,0.3013403774,0.01234818549,0.9876518145,1990.761671,1742.456593,0.62386765,0.5460534608,0.5120530762,0.5800538454
real_20240707,real,2024-07-07,adapted,1749,0.5463665678,11.3724925,0.3523717372,0.1241658412,0.0008754565723,0.9991245434,1990.885837,1743.455718,0.6239065613,0.5463665678,0.5123661832,0.5803669524
real_20240707,real,2024-07-07,adapted,1750,0.5466795232,11.37141772,-0.8083449749,0.6534215985,0.001359489038,0.998640511,1991.539259,1744.454358,0.6241113315,0.5466795232,0.5126791386,0.5806799078
real_20240707,real,2024-07-07,adapted,1751,0.5469923275,11.36811806,1.624640428,2.639456519,0.001841400797,0.9981585992,1994.178715,1745.452517,0.624938488,0.5469923275,0.5129919429,0.5809927121
real_20240707,real,2024-07-07,adapted,1752,0.5473052565,11.36517529,-0.8459688244,0.7156632518,0.00144353669,0.9985564633,1994.894378,1746.451073,0.6251627635,0.5473052565,0.5133048719,0.5813056411
real_20240707,real,2024-07-07,adapted,1753,0.5476185569,11.35927523,0.06542978062,0.004281056191,0.0002584326189,0.9997415674,1994.89866,1747.450815,0.6251641051,0.5476185569,0.5136181723,0.5816189415
real_20240707,real,2024-07-07,adapted,1754,0.5479312768,11.3567621,-1.307200863,1.708774095,0.00211078834,0.9978892117,1996.607434,1748.448704,0.6256996031,0.5479312768,0.5139308922,0.5819316614
real_20240707,real,2024-07-07,adapted,1755,0.5482404129,11.35401037,-1.09162239,1.191639442,0.01354661226,0.9864533877,1997.799073,1749.435158,0.6260730408,0.5482404129,0.5142400283,0.5822407975
real_20240707,real,2024-07-07,adapted,1756,0.548552861,11.35155902,1.624157189,2.637886574,0.002978134769,0.9970218652,2000.43696,1750.43218,0.6268997053,0.548552861,0.5145524764,0.5825532456
real_20240707,real,2024-07-07,adapted,1757,0.5488658891,11.34978555,-0.008041669293,6.466844502e-05,0.001127269165,0.9988727308,2000.437024,1751.431052,0.6268997256,0.5488658891,0.5148655045,0.5828662737
real_20240707,real,2024-07-07,adapted,1758,0.5491783492,11.34656302,-0.6979511096,0.4871357514,0.002939799775,0.9970602002,2000.92416,1752.428112,0.6270523848,0.5491783492,0.5151779646,0.5831787338
real_20240707,real,2024-07-07,adapted,1759,0.5494913768,11.34362551,-0.3115952414,0.09709159445,0.001129193017,0.998870807,2001.021252,1753.426983,0.6270828115,0.5494913768,0.5154909922,0.5834917614
real_20240707,real,2024-07-07,adapted,1760,0.5498042427,11.33668287,-0.9299772789,0.8648577393,0.00164488906,0.9983551109,2001.886109,1754.425338,0.6273538419,0.5498042427,0.5158038581,0.5838046273
real_20240707,real,2024-07-07,adapted,1761,0.5501173013,11.33519041,-0.9863785413,0.9729426267,0.001029957903,0.9989700421,2002.859052,1755.424308,0.627658744,0.5501173013,0.5161169167,0.5841176859
real_20240707,real,2024-07-07,adapted,1762,0.550430483,11.33160976,0.003419564111,1.169341871e-05,0.0006370298051,0.9993629702,2002.859064,1756.423671,0.6276587476,0.550430483,0.5164300984,0.5844308676
real_20240707,real,2024-07-07,adapted,1763,0.5507437137,11.32777926,-0.6638136494,0.4406485611,0.0004810386025,0.9995189614,2003.299712,1757.42319,0.6277968387,0.5507437137,0.5167433291,0.5847440983
real_20240707,real,2024-07-07,adapted,1764,0.5510561695,11.32651906,-0.5520105451,0.3047156419,0.002953565123,0.9970464349,2003.604428,1758.420237,0.6278923309,0.5510561695,0.5170557849,0.5850565541
real_20240707,real,2024-07-07,adapted,1765,0.5513687865,11.32132588,-1.196107336,1.430672759,0.002439146754,0.9975608532,2005.035101,1759.417798,0.6283406771,0.5513687865,0.5173684019,0.5853691711
real_20240707,real,2024-07-07,adapted,1766,0.5516818885,11.31977938,0.2882979021,0.08311568034,0.0008913766777,0.9991086233,2005.118216,1760.416906,0.628366724,0.5516818885,0.5176815039,0.5856822731
real_20240707,real,2024-07-07,adapted,1767,0.5519945165,11.31712436,-0.4681112445,0.2191281372,0.002404173995,0.997595826,2005.337344,1761.414502,0.6284353947,0.5519945165,0.5179941319,0.5859949011
real_20240707,real,2024-07-07,adapted,1768,0.5523073591,11.30962734,-1.473509208,2.171229385,0.001719250789,0.9982807492,2007.508574,1762.412783,0.6291158176,0.5523073591,0.5183069745,0.5863077437
real_20240707,real,2024-07-07,adapted,1769,0.5526206416,11.30775785,0.4166042711,0.1735591187,0.0003154200821,0.9996845799,2007.682133,1763.412467,0.6291702078,0.5526206416,0.518620257,0.5866210262
real_20240707,real,2024-07-07,adapted,1770,0.5529337478,11.30461019,1.37065225,1.87868759,0.0008781802164,0.9991218198,2009.560821,1764.411589,0.6297589535,0.5529337478,0.5189333632,0.5869341324
real_20240707,real,2024-07-07,adapted,1771,0.5532468923,11.30158198,0.4818457833,0.2321753589,0.0007559468801,0.9992440531,2009.792996,1765.410833,0.6298317129,0.5532468923,0.5192465077,0.5872472769
real_20240707,real,2024-07-07,adapted,1772,0.5535595677,11.29195516,-1.244737753,1.549372074,0.002252851925,0.9977471481,2011.342368,1766.40858,0.6303172573,0.5535595677,0.5195591831,0.5875599523
real_20240707,real,2024-07-07,adapted,1773,0.5538728255,11.28788181,-0.6279888311,0.394369972,0.0003943696744,0.9996056303,2011.736738,1767.408186,0.6304408455,0.5538728255,0.5198724409,0.5878732101
real_20240707,real,2024-07-07,adapted,1774,0.5541861463,11.28660584,-0.05762446174,0.003320578591,0.0001933449899,0.999806655,2011.740059,1768.407993,0.6304418861,0.5541861463,0.5201857617,0.5881865309
real_20240707,real,2024-07-07,adapted,1775,0.5544993652,11.28441207,-1.141327366,1.302628156,0.0005183575126,0.9994816425,2013.042687,1769.407474,0.6308501055,0.5544993652,0.5204989806,0.5884997498
real_20240707,real,2024-07-07,adapted,1776,0.5548105876,11.28245999,0.4298046611,0.1847320467,0.006889254195,0.9931107458,2013.227419,1770.400585,0.6309079971,0.5548105876,0.520810203,0.5888109722
real_20240707,real,2024-07-07,adapted,1777,0.5551224252,11.28104836,0.299010615,0.08940734787,0.004926414971,0.995073585,2013.316826,1771.395659,0.6309360157,0.5551224252,0.5211220406,0.5891228098
real_20240707,real,2024-07-07,adapted,1778,0.5554354048,11.2765341,0.8311753526,0.6908524668,0.00128211811,0.9987178819,2014.007679,1772.394377,0.631152516,0.5554354048,0.5214350202,0.5894357894
real_20240707,real,2024-07-07,adapted,1779,0.5557484511,11.27099716,0.03420270208,0.00116982483,0.001069095761,0.9989309042,2014.008848,1773.393307,0.6311528826,0.5557484511,0.5217480665,0.5897488357
real_20240707,real,2024-07-07,adapted,1780,0.5560617281,11.27036091,1.84999455,3.422479835,0.0003330849041,0.9996669151,2017.431328,1774.392974,0.6322254241,0.5560617281,0.5220613435,0.5900621127
real_20240707,real,2024-07-07,adapted,1781,0.5563747221,11.26465141,0.2057354219,0.04232706382,0.001236251772,0.9987637482,2017.473655,1775.391738,0.6322386886,0.5563747221,0.5223743375,0.5903751067
real_20240707,real,2024-07-07,adapted,1782,0.5566878149,11.26299337,-0.3955409678,0.1564526572,0.0009206955536,0.9990793044,2017.630108,1776.390817,0.6322877179,0.5566878149,0.5226874303,0.5906881995
real_20240707,real,2024-07-07,adapted,1783,0.5570008624,11.26106673,0.6290356061,0.3956857938,0.001065440081,0.9989345599,2018.025794,1777.389752,0.6324117185,0.5570008624,0.5230004778,0.591001247
real_20240707,real,2024-07-07,adapted,1784,0.5573104189,11.26004769,-1.957151552,3.830442199,0.01220536988,0.9877946301,2021.856236,1778.377547,0.6336121078,0.5573104189,0.5233100343,0.5913108035
real_20240707,real,2024-07-07,adapted,1785,0.557622228,11.25055662,-1.395384249,1.947097202,0.005017187674,0.9949828123,2023.803333,1779.372529,0.6342222918,0.557622228,0.5236218434,0.5916226126
real_20240707,real,2024-07-07,adapted,1786,0.5579334437,11.24719492,0.9325044975,0.8695646378,0.006910545577,0.9930894544,2024.672898,1780.365619,0.6344947972,0.5579334437,0.5239330591,0.5919338283
real_20240707,real,2024-07-07,adapted,1787,0.5582465804,11.24221705,0.2321372407,0.05388769853,0.000780774954,0.999219225,2024.726785,1781.364838,0.6345116846,0.5582465804,0.5242461958,0.592246965
real_20240707,real,2024-07-07,adapted,1788,0.5585593104,11.24121335,-0.1644501853,0.02704386344,0.002078556988,0.997921443,2024.753829,1782.36276,0.6345201596,0.5585593104,0.5245589258,0.592559695
real_20240707,real,2024-07-07,adapted,1789,0.558872636,11.23742601,-0.1822590927,0.03321837686,0.0001779404823,0.9998220595,2024.787048,1783.362582,0.6345305696,0.558872636,0.5248722514,0.5928730206
real_20240707,real,2024-07-07,adapted,1790,0.559185913,11.23289719,-0.4073158937,0.1659062372,0.0003331136371,0.9996668864,2024.952954,1784.362249,0.6345825616,0.559185913,0.5251855284,0.5931862976
real_20240707,real,2024-07-07,adapted,1791,0.5594991641,11.23144021,1.792853636,3.214324162,0.0004158617701,0.9995841382,2028.167278,1785.361833,0.6355898709,0.5594991641,0.5254987795,0.5934995487
real_20240707,real,2024-07-07,adapted,1792,0.5598124728,11.23073161,-1.145427735,1.312004696,0.0002319993389,0.9997680007,2029.479283,1786.361601,0.6360010288,0.5598124728,0.5258120882,0.5938128574
real_20240707,real,2024-07-07,adapted,1793,0.560125608,11.22437618,-1.148100757,1.318135348,0.0007855894025,0.9992144106,2030.797418,1787.360815,0.6364141079,0.560125608,0.5261252234,0.5941259926
real_20240707,real,2024-07-07,adapted,1794,0.5604385199,11.21545902,-0.7284634297,0.5306589685,0.001498139927,0.9985018601,2031.328077,1788.359317,0.6365804065,0.5604385199,0.5264381353,0.5944389045
real_20240707,real,2024-07-07,adapted,1795,0.5607505673,11.2125353,0.71177543,0.5066242628,0.004256695832,0.9957433042,2031.834701,1789.35506,0.6367391731,0.5607505673,0.5267501827,0.5947509519
real_20240707,real,2024-07-07,adapted,1796,0.5610631127,11.21050313,0.8337423902,0.6951263731,0.002667744902,0.9973322551,2032.529828,1790.352392,0.6369570128,0.5610631127,0.5270627281,0.5950634973
real_20240707,real,2024-07-07,adapted,1797,0.561375968,11.20507856,0.5176611481,0.2679730643,0.001678694172,0.9983213058,2032.797801,1791.350714,0.6370409905,0.561375968,0.5273755834,0.5953763526
real_20240707,real,2024-07-07,adapted,1798,0.5616890601,11.20256385,0.7272394895,0.5288772751,0.0009230589207,0.9990769411,2033.326678,1792.349791,0.6372067308,0.5616890601,0.5276886755,0.5956894447
real_20240707,real,2024-07-07,adapted,1799,0.5620018284,11.20108765,-1.377776843,1.898269029,0.00195630097,0.998043699,2035.224947,1793.347834,0.637801613,0.5620018284,0.5280014438,0.596002213
real_20240707,real,2024-07-07,adapted,1800,0.5623146579,11.19600003,-0.03940899729,0.001553069068,0.001761113577,0.9982388864,2035.2265,1794.346073,0.6378020997,0.5623146579,0.5283142733,0.5963150425
real_20240707,real,2024-07-07,adapted,1801,0.5626270072,11.19380808,-0.7235692853,0.5235525107,0.003293303823,0.9967066962,2035.750053,1795.34278,0.6379661713,0.5626270072,0.5286266226,0.5966273918
real_20240707,real,2024-07-07,adapted,1802,0.5629399672,11.192682,-0.6574181839,0.4321986685,0.001344514196,0.9986554858,2036.182251,1796.341435,0.6381016144,0.5629399672,0.5289395826,0.5969403518
real_20240707,real,2024-07-07,adapted,1803,0.5632531545,11.18922584,0.394653877,0.1557516827,0.0006193397016,0.9993806603,2036.338003,1797.340816,0.638150424,0.5632531545,0.5292527699,0.5972535391
real_20240707,real,2024-07-07,adapted,1804,0.5635660613,11.18638489,-0.6770182218,0.4583536726,0.0015145198,0.9984854802,2036.796357,1798.339302,0.6382940635,0.5635660613,0.5295656767,0.5975664459
real_20240707,real,2024-07-07,adapted,1805,0.5638782182,11.18454343,0.3432036871,0.1177887708,0.00390732669,0.9960926733,2036.914146,1799.335394,0.6383309763,0.5638782182,0.5298778336,0.5978786028
real_20240707,real,2024-07-07,adapted,1806,0.5641912473,11.18257537,1.384495707,1.916828362,0.001124205714,0.9988757943,2038.830974,1800.33427,0.6389316747,0.5641912473,0.5301908627,0.5981916319
real_20240707,real,2024-07-07,adapted,1807,0.5645042975,11.17882187,-0.1505445063,0.02266364838,0.001056792991,0.998943207,2038.853638,1801.333213,0.638938777,0.5645042975,0.5305039129,0.5985046821
real_20240707,real,2024-07-07,adapted,1808,0.5648174606,11.17625933,-0.7236666378,0.5236934026,0.0006965836086,0.9993034164,2039.377331,1802.332517,0.6391028928,0.5648174606,0.530817076,0.5988178452
real_20240707,real,2024-07-07,adapted,1809,0.5651288631,11.17364946,1.792272668,3.212241315,0.006314664753,0.9936853352,2042.589572,1803.326202,0.6401095494,0.5651288631,0.5311284785,0.5991292477
real_20240707,real,2024-07-07,adapted,1810,0.5654417022,11.17287926,0.03770496902,0.001421664689,0.001730407276,0.9982695927,2042.590994,1804.324472,0.640109995,0.5654417022,0.5314413176,0.5994420868
real_20240707,real,2024-07-07,adapted,1811,0.5657548901,11.16852207,0.3272402038,0.107086151,0.0006173276887,0.9993826723,2042.69808,1805.323854,0.6401435538,0.5657548901,0.5317545055,0.5997552747
real_20240707,real,2024-07-07,adapted,1812,0.5660671699,11.16482045,-1.377440266,1.897341685,0.003515167201,0.9964848328,2044.595422,1806.320339,0.6407381453,0.5660671699,0.5320667853,0.6000675545
real_20240707,real,2024-07-07,adapted,1813,0.566380245,11.15978674,-1.571084613,2.46830686,0.0009775088128,0.9990224912,2047.063729,1807.319362,0.6415116668,0.566380245,0.5323798604,0.6003806296
real_20240707,real,2024-07-07,adapted,1814,0.566692497,11.15368711,0.05474779993,0.002997321597,0.003603791564,0.9963962084,2047.066726,1808.315758,0.6415126061,0.566692497,0.5326921124,0.6006928816
real_20240707,real,2024-07-07,adapted,1815,0.5670048297,11.15184304,0.6302390827,0.3972013014,0.003346274029,0.996653726,2047.463927,1809.312412,0.6416370816,0.5670048297,0.5330044451,0.6010052143
real_20240707,real,2024-07-07,adapted,1816,0.5673177377,11.14771387,-0.7080007683,0.5012650879,0.001510727633,0.9984892724,2047.965192,1810.310901,0.6417941687,0.5673177377,0.5333173531,0.6013181223
real_20240707,real,2024-07-07,adapted,1817,0.567630275,11.14652768,1.271958667,1.61787885,0.002693366328,0.9973066337,2049.583071,1811.308207,0.6423011818,0.567630275,0.5336298904,0.6016306596
real_20240707,real,2024-07-07,adapted,1818,0.5679425822,11.14100855,-0.7487353262,0.5606045887,0.003427660303,0.9965723397,2050.143676,1812.30478,0.6424768649,0.5679425822,0.5339421976,0.6019429668
real_20240707,real,2024-07-07,adapted,1819,0.5682501879,11.14017555,0.6438426246,0.4145333253,0.01843020745,0.9815697925,2050.558209,1813.28635,0.6426067719,0.5682501879,0.5342498033,0.6022505725
real_20240707,real,2024-07-07,adapted,1820,0.5685631207,11.13761914,2.424044536,5.875991911,0.001431439682,0.9985685603,2056.434201,1814.284918,0.6444481984,0.5685631207,0.5345627361,0.6025635053
real_20240707,real,2024-07-07,adapted,1821,0.5688753649,11.13541739,-0.4901933973,0.2402895667,0.003628894283,0.9963711057,2056.674491,1815.281289,0.6445235006,0.5688753649,0.5348749803,0.6028757495
real_20240707,real,2024-07-07,adapted,1822,0.569188402,11.13236212,0.1530357231,0.02341993254,0.001098526612,0.9989014734,2056.69791,1816.280191,0.64453084,0.569188402,0.5351880174,0.6031887866
real_20240707,real,2024-07-07,adapted,1823,0.5695010757,11.12990621,0.4179241981,0.1746606354,0.002258329002,0.997741671,2056.872571,1817.277932,0.6445855754,0.5695010757,0.5355006911,0.6035014603
real_20240707,real,2024-07-07,adapted,1824,0.5698143724,11.12913984,-0.879963241,0.7743353054,0.0002699549054,0.9997300451,2057.646906,1818.277662,0.6448282377,0.5698143724,0.5358139878,0.603814757
real_20240707,real,2024-07-07,adapted,1825,0.5701269769,11.12615617,-0.1286018255,0.01653842953,0.002479297575,0.9975207024,2057.663445,1819.275183,0.6448334205,0.5701269769,0.5361265923,0.6041273615
real_20240707,real,2024-07-07,adapted,1826,0.5704402047,11.12084745,-0.1131754111,0.01280867368,0.0004900468817,0.9995099531,2057.676254,1820.274693,0.6448374345,0.5704402047,0.5364398201,0.6044405893
real_20240707,real,2024-07-07,adapted,1827,0.5707531523,11.11546627,1.20735145,1.457697525,0.001384090812,0.9986159092,2059.133951,1821.273309,0.6452942498,0.5707531523,0.5367527677,0.6047535369
real_20240707,real,2024-07-07,adapted,1828,0.5710664667,11.11433302,0.580003259,0.3364037805,0.0002136446742,0.9997863553,2059.470355,1822.273095,0.6453996725,0.5710664667,0.5370660821,0.6050668513
real_20240707,real,2024-07-07,adapted,1829,0.57137773,11.10911861,-0.2548841101,0.06496590959,0.006758870344,0.9932411297,2059.535321,1823.266337,0.6454200316,0.57137773,0.5373773454,0.6053781146
real_20240707,real,2024-07-07,adapted,1830,0.571690661,11.10693685,1.210207892,1.464603142,0.001437238268,0.9985627617,2060.999924,1824.264899,0.6458790109,0.571690661,0.5376902764,0.6056910456
real_20240707,real,2024-07-07,adapted,1831,0.572002583,11.1037353,-2.051885834,4.210235477,0.004657010841,0.9953429892,2065.210159,1825.260242,0.6471984204,0.572002583,0.5380021984,0.6060029676
real_20240707,real,2024-07-07,adapted,1832,0.5723158111,11.10083986,-0.4255531293,0.1810954658,0.0004889553691,0.9995110446,2065.391255,1826.259753,0.6472551723,0.5723158111,0.5383154265,0.6063161957
real_20240707,real,2024-07-07,adapted,1833,0.5726281342,11.09886029,-0.7770521082,0.6038099788,0.003376975972,0.996623024,2065.995065,1827.256376,0.6474443951,0.5726281342,0.5386277496,0.6066285188
real_20240707,real,2024-07-07,adapted,1834,0.5729410671,11.09500871,-0.364463619,0.1328337296,0.001431123668,0.9985688763,2066.127899,1828.254945,0.6474860227,0.5729410671,0.5389406825,0.6069414517
real_20240707,real,2024-07-07,adapted,1835,0.5732538875,11.0921134,0.2514579646,0.06323110798,0.001790152488,0.9982098475,2066.19113,1829.253155,0.6475058382,0.5732538875,0.5392535029,0.6072542721
real_20240707,real,2024-07-07,adapted,1836,0.5735667242,11.09177529,0.03833403606,0.001469498321,0.001738226736,0.9982617733,2066.192599,1830.251417,0.6475062987,0.5735667242,0.5395663396,0.6075671088
real_20240707,real,2024-07-07,adapted,1837,0.5738797131,11.08857301,1.642174705,2.696737761,0.001252194375,0.9987478056,2068.889337,1831.250165,0.6483514061,0.5738797131,0.5398793285,0.6078800977
real_20240707,real,2024-07-07,adapted,1838,0.5741922552,11.08659025,1.043105361,1.088068794,0.002678325168,0.9973216748,2069.977406,1832.247486,0.6486923866,0.5741922552,0.5401918706,0.6081926398
real_20240707,real,2024-07-07,adapted,1839,0.5745038928,11.08437188,0.7049648762,0.4969754767,0.005564242408,0.9944357576,2070.474381,1833.241922,0.6488481295,0.5745038928,0.5405035082,0.6085042774
real_20240707,real,2024-07-07,adapted,1840,0.5748170506,11.08109873,-1.877401538,3.524636536,0.0007134898839,0.9992865101,2073.999018,1834.241209,0.649952685,0.5748170506,0.540816666,0.6088174352
real_20240707,real,2024-07-07,adapted,1841,0.5751303102,11.07897088,1.469676105,2.159947855,0.0003885811743,0.9996114188,2076.158966,1835.24082,0.6506295724,0.5751303102,0.5411299256,0.6091306948
real_20240707,real,2024-07-07,adapted,1842,0.5754432127,11.07743648,0.2686504663,0.07217307306,0.001528328843,0.9984716712,2076.231139,1836.239292,0.6506521901,0.5754432127,0.5414428281,0.6094435973
real_20240707,real,2024-07-07,adapted,1843,0.5757564559,11.07636047,0.1258224388,0.0158312861,0.0004408990228,0.999559101,2076.24697,1837.238851,0.6506571513,0.5757564559,0.5417560713,0.6097568405
real_20240707,real,2024-07-07,adapted,1844,0.5760697163,11.07268706,-0.7944302535,0.6311194277,0.0003859857211,0.9996140143,2076.878089,1838.238465,0.6508549324,0.5760697163,0.5420693317,0.6100701009
real_20240707,real,2024-07-07,adapted,1845,0.5763796267,11.07213867,1.308598662,1.712430458,0.01107611085,0.9889238891,2078.59052,1839.227389,0.6513915763,0.5763796267,0.5423792421,0.6103800113
real_20240707,real,2024-07-07,adapted,1846,0.576692692,11.07056006,-0.01055077124,0.0001113187738,0.00100863111,0.9989913689,2078.590631,1840.22638,0.6513916111,0.576692692,0.5426923074,0.6106930766
real_20240707,real,2024-07-07,adapted,1847,0.577005887,11.06252151,1.335284704,1.782985241,0.0005946396199,0.9994053604,2080.373616,1841.225785,0.6519503655,0.577005887,0.5430055024,0.6110062716
real_20240707,real,2024-07-07,adapted,1848,0.5773191665,11.06139786,-0.161967131,0.02623335153,0.0003251603673,0.9996748396,2080.39985,1842.22546,0.6519585866,0.5773191665,0.5433187819,0.6113195511
real_20240707,real,2024-07-07,adapted,1849,0.5776323914,11.05740617,0.05126565771,0.002628167661,0.0004991384043,0.9995008616,2080.402478,1843.224961,0.6519594102,0.5776323914,0.5436320068,0.611632776
real_20240707,real,2024-07-07,adapted,1850,0.5779452821,11.05534331,-0.06633824845,0.004400763207,0.001565936024,0.998434064,2080.406879,1844.223395,0.6519607893,0.5779452821,0.5439448975,0.6119456667
real_20240707,real,2024-07-07,adapted,1851,0.5782580225,11.05500711,0.7022907666,0.4932123208,0.002045399692,0.9979546003,2080.900091,1845.22135,0.6521153529,0.5782580225,0.5442576379,0.6122584071
real_20240707,real,2024-07-07,adapted,1852,0.5785703989,11.05349737,1.20291789,1.44701145,0.003206936304,0.9967930637,2082.347102,1846.218143,0.6525688193,0.5785703989,0.5445700143,0.6125707835
real_20240707,real,2024-07-07,adapted,1853,0.5788834236,11.05257928,0.901947215,0.8135087787,0.001138273261,0.9988617267,2083.160611,1847.217005,0.6528237578,0.5788834236,0.544883039,0.6128838082
real_20240707,real,2024-07-07,adapted,1854,0.5791966425,11.04627183,0.1411093131,0.01991183823,0.0005183344096,0.9994816656,2083.180523,1848.216486,0.6528299978,0.5791966425,0.5451962579,0.6131970271
real_20240707,real,2024-07-07,adapted,1855,0.5795098124,11.04387683,-1.030756913,1.062459814,0.0006749404229,0.9993250596,2084.242983,1849.215811,0.653162953,0.5795098124,0.5455094278,0.613510197
real_20240707,real,2024-07-07,adapted,1856,0.5798230507,11.04239479,-0.3606678201,0.1300812765,0.0004566466895,0.9995433533,2084.373064,1850.215355,0.653203718,0.5798230507,0.5458226661,0.6138234353
real_20240707,real,2024-07-07,adapted,1857,0.580135984,11.04072782,-1.085814595,1.178993335,0.001429749215,0.9985702508,2085.552057,1851.213925,0.6535731926,0.580135984,0.5461355994,0.6141363686
real_20240707,real,2024-07-07,adapted,1858,0.5804475417,11.03921501,0.254963685,0.06500648069,0.005819334469,0.9941806655,2085.617064,1852.208106,0.6535935644,0.5804475417,0.5464471571,0.6144479263
real_20240707,real,2024-07-07,adapted,1859,0.5807586321,11.03544283,0.9032082394,0.8157851238,0.007310623131,0.9926893769,2086.432849,1853.200795,0.6538492163,0.5807586321,0.5467582475,0.6147590167
real_20240707,real,2024-07-07,adapted,1860,0.5810719497,11.0296967,0.7763645431,0.6027419038,0.0002033198668,0.9997966801,2087.035591,1854.200592,0.6540381044,0.5810719497,0.5470715651,0.6150723343
real_20240707,real,2024-07-07,adapted,1861,0.5813844516,11.02326142,-0.3837961377,0.1472994753,0.002806571437,0.9971934286,2087.18289,1855.197785,0.6540842653,0.5813844516,0.547384067,0.6153848362
real_20240707,real,2024-07-07,adapted,1862,0.5816975821,11.02122714,1.05762209,1.118564485,0.0008004821623,0.9991995178,2088.301455,1856.196985,0.6544348026,0.5816975821,0.5476971975,0.6156979667
real_20240707,real,2024-07-07,adapted,1863,0.5820106629,11.01989848,0.2986905876,0.0892160671,0.0009593839719,0.999040616,2088.390671,1857.196025,0.6544627612,0.5820106629,0.5480102783,0.6160110475
real_20240707,real,2024-07-07,adapted,1864,0.5823232565,11.01925421,1.100012334,1.210027135,0.002513829235,0.9974861708,2089.600698,1858.193511,0.6548419612,0.5823232565,0.5483228719,0.6163236411
real_20240707,real,2024-07-07,adapted,1865,0.582636111,11.01578334,-1.122067895,1.259036362,0.001681193613,0.9983188064,2090.859735,1859.19183,0.6552365197,0.582636111,0.5486357264,0.6166364956
real_20240707,real,2024-07-07,adapted,1866,0.5829492762,11.01126511,-0.57711709,0.3330641356,0.0006896651491,0.9993103349,2091.192799,1860.19114,0.6553408958,0.5829492762,0.5489488916,0.6169496608
real_20240707,real,2024-07-07,adapted,1867,0.5832624843,11.00834707,1.275909598,1.627945301,0.0005530756323,0.9994469244,2092.820744,1861.190587,0.6558510636,0.5832624843,0.5492620997,0.6172628689
real_20240707,real,2024-07-07,adapted,1868,0.5835745748,11.00576524,1.023738118,1.048039735,0.004119100159,0.9958808998,2093.868784,1862.186468,0.6561794997,0.5835745748,0.5495741902,0.6175749594
real_20240707,real,2024-07-07,adapted,1869,0.5838877361,11.00245367,1.073770612,1.152983326,0.0007023918586,0.9992976081,2095.021767,1863.185766,0.6565408233,0.5838877361,0.5498873515,0.6178881207
real_20240707,real,2024-07-07,adapted,1870,0.5842002264,10.99851041,0.09226270221,0.008512406219,0.002843329664,0.9971566703,2095.030279,1864.182923,0.6565434909,0.5842002264,0.5501998418,0.618200611
real_20240707,real,2024-07-07,adapted,1871,0.5845120279,10.99312373,1.2628651,1.59482826,0.005041610319,0.9949583897,2096.625108,1865.177881,0.6570432804,0.5845120279,0.5505116433,0.6185124125
real_20240707,real,2024-07-07,adapted,1872,0.5848241571,10.99086411,0.4037818021,0.1630397437,0.003995811556,0.9960041884,2096.788147,1866.173885,0.657094374,0.5848241571,0.5508237725,0.6188245417
real_20240707,real,2024-07-07,adapted,1873,0.5851374499,10.98549397,-0.3375046355,0.113909379,0.00028249365,0.9997175063,2096.902057,1867.173603,0.6571300711,0.5851374499,0.5511370653,0.6191378345
real_20240707,real,2024-07-07,adapted,1874,0.5854506949,10.98301284,-1.499338475,2.248015864,0.0004351961898,0.9995648038,2099.150073,1868.173167,0.6578345574,0.5854506949,0.5514503103,0.6194510795
real_20240707,real,2024-07-07,adapted,1875,0.5857637373,10.97996417,0.259437534,0.06730783404,0.001081754214,0.9989182458,2099.21738,1869.172086,0.6578556504,0.5857637373,0.5517633527,0.6197641219
real_20240707,real,2024-07-07,adapted,1876,0.5860769919,10.9744019,-0.9386685402,0.8810986284,0.000404668294,0.9995953317,2100.098479,1870.171681,0.6581317703,0.5860769919,0.5520766073,0.6200773765
real_20240707,real,2024-07-07,adapted,1877,0.5863890553,10.96907032,0.1314653135,0.01728312866,0.004205746754,0.9957942532,2100.115762,1871.167475,0.6581371865,0.5863890553,0.5523886707,0.6203894399
real_20240707,real,2024-07-07,adapted,1878,0.5867018268,10.96790523,0.9211611965,0.8485379499,0.001945850122,0.9980541499,2100.9643,1872.165529,0.6584031025,0.5867018268,0.5527014422,0.6207022114
real_20240707,real,2024-07-07,adapted,1879,0.5870139023,10.96386515,0.2111862463,0.04459963061,0.004167351935,0.9958326481,2101.0089,1873.161362,0.6584170792,0.5870139023,0.5530135177,0.6210142869
real_20240707,real,2024-07-07,adapted,1880,0.5873270266,10.96007066,1.327046969,1.761053658,0.0008201822292,0.9991798178,2102.769953,1874.160542,0.6589689607,0.5873270266,0.553326642,0.6213274112
real_20240707,real,2024-07-07,adapted,1881,0.5876400719,10.95881142,-0.9361431313,0.8763639622,0.001072592105,0.9989274079,2103.646317,1875.159469,0.6592435968,0.5876400719,0.5536396873,0.6216404565
real_20240707,real,2024-07-07,adapted,1882,0.5879533632,10.95792975,-0.4459441917,0.1988662221,0.0002872510169,0.999712749,2103.845184,1876.159182,0.6593059178,0.5879533632,0.5539529786,0.6219537478
real_20240707,real,2024-07-07,adapted,1883,0.5882664926,10.95716799,-1.4329459,2.053333953,0.0008043127412,0.9991956873,2105.898518,1877.158378,0.6599493944,0.5882664926,0.554266108,0.6222668772
real_20240707,real,2024-07-07,adapted,1884,0.5885797527,10.95393323,0.2687689324,0.07223673904,0.0003868915008,0.9996131085,2105.970754,1878.157991,0.6599720321,0.5885797527,0.5545793681,0.6225801373
real_20240707,real,2024-07-07,adapted,1885,0.588892937,10.95087515,-0.5348229275,0.2860355637,0.0006287896648,0.9993712103,2106.25679,1879.157362,0.6600616703,0.588892937,0.5548925524,0.6228933216
real_20240707,real,2024-07-07,adapted,1886,0.5892057586,10.94617422,-1.183500413,1.400673229,0.001786249462,0.9982137505,2107.657463,1880.155576,0.6605006152,0.5892057586,0.555205374,0.6232061432
real_20240707,real,2024-07-07,adapted,1887,0.5895189018,10.94168953,0.4086600052,0.1670029998,0.0007602005714,0.9992397994,2107.824466,1881.154816,0.6605529508,0.5895189018,0.5555185172,0.6235192864
real_20240707,real,2024-07-07,adapted,1888,0.5898319654,10.9403814,0.9577552078,0.917295038,0.001013907696,0.9989860923,2108.741761,1882.153802,0.660840414,0.5898319654,0.5558315808,0.62383235
real_20240707,real,2024-07-07,adapted,1889,0.5901452148,10.93462433,1.40143595,1.964022721,0.0004212846229,0.9995787154,2110.705784,1883.15338,0.6614559022,0.5901452148,0.5561448302,0.6241455994
real_20240707,real,2024-07-07,adapted,1890,0.5904577839,10.93012986,0.01398375454,0.0001955453911,0.00259198476,0.9974080152,2110.705979,1884.150788,0.6614559635,0.5904577839,0.5564573993,0.6244581685
real_20240707,real,2024-07-07,adapted,1891,0.5907705449,10.92483825,-0.06434710145,0.004140549465,0.001979557465,0.9980204425,2110.71012,1885.148809,0.6614572611,0.5907705449,0.5567701603,0.6247709295
real_20240707,real,2024-07-07,adapted,1892,0.5910835487,10.92388307,1.043800977,1.089520481,0.001204952623,0.9987950474,2111.79964,1886.147604,0.6617986965,0.5910835487,0.5570831641,0.6250839333
real_20240707,real,2024-07-07,adapted,1893,0.5913963921,10.9231302,-1.783702155,3.181593378,0.00171675121,0.9982832488,2114.981234,1887.145887,0.6627957486,0.5913963921,0.5573960075,0.6253967767
real_20240707,real,2024-07-07,adapted,1894,0.5917089401,10.91739615,0.4819267686,0.2322534103,0.00265933125,0.9973406687,2115.213487,1888.143228,0.6628685325,0.5917089401,0.5577085555,0.6257093247
real_20240707,real,2024-07-07,adapted,1895,0.5920221618,10.90965776,-0.5799718635,0.3363673624,0.0005096582924,0.9994903417,2115.549855,1889.142718,0.6629739438,0.5920221618,0.5580217772,0.6260225464
real_20240707,real,2024-07-07,adapted,1896,0.5923351556,10.90896344,-0.4964027938,0.2464157337,0.001236657058,0.9987633429,2115.79627,1890.141482,0.6630511659,0.5923351556,0.558334771,0.6263355402
real_20240707,real,2024-07-07,adapted,1897,0.5926478293,10.90440641,-0.6193553334,0.383601029,0.002258405054,0.9977415949,2116.179871,1891.139223,0.6631713793,0.5926478293,0.5586474447,0.6266482139
real_20240707,real,2024-07-07,adapted,1898,0.5929608839,10.90128947,-0.3367844302,0.1134237524,0.001042599136,0.9989574009,2116.293295,1892.138181,0.6632069242,0.5929608839,0.5589604993,0.6269612685
real_20240707,real,2024-07-07,adapted,1899,0.59327397,10.89573759,-1.468115779,2.155363941,0.0009421922823,0.9990578077,2118.448659,1893.137238,0.6638823751,0.59327397,0.5592735854,0.6272743546
real_20240707,real,2024-07-07,adapted,1900,0.59358664,10.89086684,-0.3224760154,0.1039907805,0.002270166899,0.9977298331,2118.55265,1894.134968,0.6639149639,0.59358664,0.5595862554,0.6275870246
real_20240707,real,2024-07-07,adapted,1901,0.5938991758,10.88758889,0.4447662716,0.1978170363,0.002698117036,0.997301883,2118.750467,1895.13227,0.6639769561,0.5938991758,0.5598987912,0.6278995604
real_20240707,real,2024-07-07,adapted,1902,0.5942123008,10.88711498,-0.6353385483,0.4036550709,0.0008182806711,0.9991817193,2119.154122,1896.131452,0.6641034541,0.5942123008,0.5602119162,0.6282126854
real_20240707,real,2024-07-07,adapted,1903,0.5945242447,10.87868869,-0.5927484837,0.3513507649,0.004586923888,0.9954130761,2119.505473,1897.126865,0.6642135609,0.5945242447,0.5605238601,0.6285246293
real_20240707,real,2024-07-07,adapted,1904,0.5948372964,10.87622018,0.3836998946,0.1472256091,0.001051901585,0.9989480984,2119.652698,1898.125813,0.6642596986,0.5948372964,0.5608369118,0.628837681
real_20240707,real,2024-07-07,adapted,1905,0.5951504272,10.87422377,0.1685215669,0.0283995185,0.0007999318953,0.9992000681,2119.681098,1899.125013,0.6642685985,0.5951504272,0.5611500426,0.6291508118
real_20240707,real,2024-07-07,adapted,1906,0.5954628113,10.87049474,-0.1255242512,0.01575633763,0.003182054359,0.9968179456,2119.696854,1900.121831,0.6642735363,0.5954628113,0.5614624267,0.6294631959
real_20240707,real,2024-07-07,adapted,1907,0.5957761153,10.8691457,-1.551982548,2.40864983,0.0002470990931,0.9997529009,2122.105504,1901.121584,0.6650283623,0.5957761153,0.5617757307,0.6297764999
real_20240707,real,2024-07-07,adapted,1908,0.5960885129,10.86425341,0.8746248744,0.7649686709,0.003139233882,0.9968607661,2122.870473,1902.118445,0.6652680892,0.5960885129,0.5620881283,0.6300888975
real_20240707,real,2024-07-07,adapted,1909,0.596400989,10.86110823,0.6952946763,0.4834346869,0.002888639907,0.9971113601,2123.353907,1903.115556,0.6654195887,0.596400989,0.5624006044,0.6304013736
real_20240707,real,2024-07-07,adapted,1910,0.596714299,10.85593191,-0.5608976675,0.3146061934,0.0002278420224,0.999772158,2123.668514,1904.115328,0.6655181804,0.596714299,0.5627139144,0.6307146836
real_20240707,real,2024-07-07,adapted,1911,0.5970276451,10.85535269,-0.1339478933,0.01794203812,0.0001126982156,0.9998873018,2123.686456,1905.115215,0.6655238031,0.5970276451,0.5630272605,0.6310280297
real_20240707,real,2024-07-07,adapted,1912,0.5973408481,10.85263651,-0.8474443375,0.7181619052,0.0005693023329,0.9994306977,2124.404618,1906.114646,0.6657488617,0.5973408481,0.5633404635,0.6313412327
real_20240707,real,2024-07-07,adapted,1913,0.5976533365,10.85050935,1.232273237,1.518497331,0.002849282623,0.9971507174,2125.923115,1907.111797,0.6662247305,0.5976533365,0.5636529519,0.6316537211
real_20240707,real,2024-07-07,adapted,1914,0.5979645869,10.84370735,-1.34449067,1.807655161,0.006799978743,0.9932000213,2127.73077,1908.104997,0.6667912159,0.5979645869,0.5639642023,0.6319649715
real_20240707,real,2024-07-07,adapted,1915,0.5982777529,10.83444887,-0.8841155236,0.7816602591,0.0006875251512,0.9993124748,2128.51243,1909.104309,0.6670361737,0.5982777529,0.5642773683,0.6322781375
real_20240707,real,2024-07-07,adapted,1916,0.5985904501,10.83318467,-1.622875151,2.633723756,0.002183183002,0.997816817,2131.146154,1910.102126,0.6678615337,0.5985904501,0.5645900655,0.6325908347
real_20240707,real,2024-07-07,adapted,1917,0.5989030139,10.83203574,1.477687579,2.183560581,0.002608863512,0.9973911365,2133.329715,1911.099517,0.6685458209,0.5989030139,0.5649026293,0.6329033985
real_20240707,real,2024-07-07,adapted,1918,0.5992161481,10.82922328,-1.432810069,2.052944693,0.000788810907,0.9992111891,2135.382659,1912.098729,0.6691891756,0.5992161481,0.5652157635,0.6332165327
real_20240707,real,2024-07-07,adapted,1919,0.5995284305,10.82671409,0.4358053695,0.1899263201,0.003506776506,0.9964932235,2135.572586,1913.095222,0.669248695,0.5995284305,0.5655280459,0.6335288151
real_20240707,real,2024-07-07,adapted,1920,0.5998409896,10.81907852,-1.170192428,1.369350319,0.002624038854,0.9973759611,2136.941936,1914.092598,0.6696778239,0.5998409896,0.565840605,0.6338413742
real_20240707,real,2024-07-07,adapted,1921,0.6001540502,10.8154603,-0.1596630204,0.02549228008,0.001023560939,0.9989764391,2136.967428,1915.091574,0.6696858127,0.6001540502,0.5661536656,0.6341544348
real_20240707,real,2024-07-07,adapted,1922,0.6004663483,10.81374913,-0.1048481051,0.01099312514,0.003456762238,0.9965432378,2136.978421,1916.088117,0.6696892577,0.6004663483,0.5664659637,0.6344667329
real_20240707,real,2024-07-07,adapted,1923,0.6007794445,10.81272654,-0.5751048768,0.3307456193,0.0009099699391,0.9990900301,2137.309167,1917.087207,0.6697929072,0.6007794445,0.5667790599,0.6347798291
real_20240707,real,2024-07-07,adapted,1924,0.6010924894,10.81057156,0.01365341945,0.0001864158626,0.001073683868,0.9989263161,2137.309353,1918.086134,0.6697929657,0.6010924894,0.5670921048,0.635092874
real_20240707,real,2024-07-07,adapted,1925,0.60140477,10.80786176,-0.1334052842,0.01779696985,0.003512632637,0.9964873674,2137.32715,1919.082621,0.6697985429,0.60140477,0.5674043854,0.6354051546
real_20240707,real,2024-07-07,adapted,1926,0.6017179585,10.80132845,-0.9627779852,0.9269414489,0.0006155127489,0.9993844873,2138.254092,1920.082006,0.6700890291,0.6017179585,0.5677175739,0.6357183431
real_20240707,real,2024-07-07,adapted,1927,0.6020305278,10.80066428,0.1546292148,0.02391019406,0.002591229874,0.9974087701,2138.278002,1921.079414,0.6700965221,0.6020305278,0.5680301432,0.6360309124
real_20240707,real,2024-07-07,adapted,1928,0.6023434206,10.79942878,0.6092669098,0.3712061674,0.00155936035,0.9984406397,2138.649208,1922.077855,0.6702128512,0.6023434206,0.568343036,0.6363438052
real_20240707,real,2024-07-07,adapted,1929,0.602656582,10.79488388,-1.393490719,1.941816385,0.0007019559814,0.999298044,2140.591025,1923.077153,0.6708213803,0.602656582,0.5686561974,0.6366569666
real_20240707,real,2024-07-07,adapted,1930,0.602969921,10.79020867,0.4773796199,0.2278913015,0.0001350705034,0.9998649295,2140.818916,1924.077018,0.6708927972,0.602969921,0.5689695364,0.6369703056
real_20240707,real,2024-07-07,adapted,1931,0.6032830571,10.78570802,1.259653762,1.5867276,0.0007826198,0.9992173802,2142.405643,1925.076235,0.6713900481,0.6032830571,0.5692826725,0.6372834417
real_20240707,real,2024-07-07,adapted,1932,0.6035960688,10.78132011,-0.1279129667,0.01636172706,0.001179884087,0.9988201159,2142.422005,1926.075055,0.6713951756,0.6035960688,0.5695956842,0.6375964534
real_20240707,real,2024-07-07,adapted,1933,0.6039080907,10.77449695,-0.5227092587,0.2732249691,0.004337939186,0.9956620608,2142.69523,1927.070718,0.6714807992,0.6039080907,0.5699077061,0.6379084753
real_20240707,real,2024-07-07,adapted,1934,0.6042209555,10.77222922,0.7150398234,0.5112819491,0.001648520324,0.9983514797,2143.206512,1928.069069,0.6716410254,0.6042209555,0.5702205709,0.6382213401
real_20240707,real,2024-07-07,adapted,1935,0.6045330518,10.76815997,-1.227787875,1.507463065,0.004100569619,0.9958994304,2144.713975,1929.064968,0.6721134363,0.6045330518,0.5705326672,0.6385334364
real_20240707,real,2024-07-07,adapted,1936,0.6048460776,10.76780425,-1.368146001,1.871823479,0.001134845416,0.9988651546,2146.585799,1930.063834,0.6727000309,0.6048460776,0.570845693,0.6388464622
real_20240707,real,2024-07-07,adapted,1937,0.6051592711,10.76698385,-0.2612769192,0.06826562849,0.0005995561278,0.9994004439,2146.654064,1931.063234,0.6727214241,0.6051592711,0.5711588865,0.6391596557
real_20240707,real,2024-07-07,adapted,1938,0.6054723903,10.76644874,-0.738963876,0.5460676101,0.0008365180415,0.999163482,2147.200132,1932.062398,0.6728925515,0.6054723903,0.5714720057,0.6394727749
real_20240707,real,2024-07-07,adapted,1939,0.6057856619,10.7579579,-1.621675753,2.629832248,0.0003504687821,0.9996495312,2149.829964,1933.062047,0.673716692,0.6057856619,0.5717852773,0.6397860465
real_20240707,real,2024-07-07,adapted,1940,0.6060987949,10.75087116,0.2493984325,0.06219957813,0.0007924653731,0.9992075346,2149.892164,1934.061255,0.6737361842,0.6060987949,0.5720984103,0.6400991795
real_20240707,real,2024-07-07,adapted,1941,0.6064118236,10.74917112,-0.7543844611,0.5690959152,0.001125548408,0.9988744516,2150.46126,1935.060129,0.6739145282,0.6064118236,0.572411439,0.6404122082
real_20240707,real,2024-07-07,adapted,1942,0.6067248938,10.74830392,-1.670803151,2.79158317,0.0009930269763,0.999006973,2153.252843,1936.059136,0.6747893584,0.6067248938,0.5727245092,0.6407252784
real_20240707,real,2024-07-07,adapted,1943,0.6070377222,10.74485614,-0.2040255476,0.04162642408,0.001764469887,0.9982355301,2153.294469,1937.057372,0.6748024034,0.6070377222,0.5730373376,0.6410381068
real_20240707,real,2024-07-07,adapted,1944,0.607350918,10.74016699,-1.084719433,1.176616249,0.0005920511834,0.9994079488,2154.471085,1938.056779,0.675171133,0.607350918,0.5733505334,0.6413513026
real_20240707,real,2024-07-07,adapted,1945,0.6076642235,10.73604736,-0.5702214351,0.3251524851,0.0002421452709,0.9997578547,2154.796238,1939.056537,0.6752730298,0.6076642235,0.5736638389,0.6416646081
real_20240707,real,2024-07-07,adapted,1946,0.6079774727,10.73254763,0.3097172549,0.095924778,0.0004220758146,0.9995779242,2154.892163,1940.056115,0.6753030908,0.6079774727,0.5739770881,0.6419778573
real_20240707,real,2024-07-07,adapted,1947,0.6082897162,10.72943078,-0.9106487552,0.8292811554,0.003631016356,0.9963689836,2155.721444,1941.052484,0.6755629721,0.6082897162,0.5742893316,0.6422901008
real_20240707,real,2024-07-07,adapted,1948,0.6086026164,10.7236657,0.1014685649,0.01029586965,0.00153525294,0.9984647471,2155.73174,1942.050949,0.6755661986,0.6086026164,0.5746022318,0.642603001
real_20240707,real,2024-07-07,adapted,1949,0.6089157817,10.72235142,1.541514603,2.376267272,0.0006896827624,0.9993103172,2158.108007,1943.050259,0.6763108765,0.6089157817,0.5749153971,0.6429161663
real_20240707,real,2024-07-07,adapted,1950,0.6092286362,10.71695758,0.5233434393,0.2738883555,0.001681309187,0.9983186908,2158.381895,1944.048578,0.6763967081,0.6092286362,0.5752282516,0.6432290208
real_20240707,real,2024-07-07,adapted,1951,0.6095416783,10.716256,0.8621430793,0.7432906892,0.001082647901,0.9989173521,2159.125186,1945.047495,0.6766296415,0.6095416783,0.5755412937,0.6435420629
real_20240707,real,2024-07-07,adapted,1952,0.6098544616,10.71277357,-1.465846591,2.148706229,0.001908306387,0.9980916936,2161.273892,1946.045587,0.6773030061,0.6098544616,0.575854077,0.6438548462
real_20240707,real,2024-07-07,adapted,1953,0.6101676523,10.70664728,0.8035162002,0.645638284,0.0006085763124,0.9993914237,2161.919531,1947.044978,0.6775053371,0.6101676523,0.5761672677,0.6441680369
real_20240707,real,2024-07-07,adapted,1954,0.6104804228,10.70554935,0.08045183526,0.006472497796,0.00194920513,0.9980507949,2161.926003,1948.043029,0.6775073654,0.6104804228,0.5764800382,0.6444808074
real_20240707,real,2024-07-07,adapted,1955,0.6107933987,10.69768424,-0.7613054234,0.5795859477,0.001293955535,0.9987060445,2162.505589,1949.041735,0.6776889969,0.6107933987,0.5767930141,0.6447937833
real_20240707,real,2024-07-07,adapted,1956,0.6111065555,10.69619514,-0.7868365635,0.6191117777,0.0007165540301,0.999283446,2163.124701,1950.041019,0.677883015,0.6111065555,0.5771061709,0.6451069401
real_20240707,real,2024-07-07,adapted,1957,0.6114198783,10.69518063,0.4909541498,0.2410359772,0.0001871620483,0.999812838,2163.365737,1951.040832,0.6779585512,0.6114198783,0.5774194937,0.6454202629
real_20240707,real,2024-07-07,adapted,1958,0.6117332097,10.69442821,-0.88724981,0.7872122254,0.0001595239682,0.999840476,2164.152949,1952.040672,0.6782052488,0.6117332097,0.5777328251,0.6457335943
real_20240707,real,2024-07-07,adapted,1959,0.612046494,10.69123677,-0.9154667327,0.8380793386,0.0003097365992,0.9996902634,2164.991028,1953.040362,0.6784678873,0.612046494,0.5780461094,0.6460468786
real_20240707,real,2024-07-07,adapted,1960,0.6123597613,10.69023665,0.1817418509,0.03303010036,0.0003640474211,0.9996359526,2165.024058,1954.039998,0.6784782383,0.6123597613,0.5783593767,0.6463601459
real_20240707,real,2024-07-07,adapted,1961,0.6126727871,10.68593021,-0.05675149532,0.003220732221,0.001134713355,0.9988652866,2165.027279,1955.038864,0.6784792476,0.6126727871,0.5786724025,0.6466731717
real_20240707,real,2024-07-07,adapted,1962,0.612985132,10.68374972,0.6674274901,0.4454594545,0.003307520618,0.9966924794,2165.472739,1956.035556,0.6786188463,0.612985132,0.5789847474,0.6469855166
real_20240707,real,2024-07-07,adapted,1963,0.6132977589,10.67901475,0.4640665824,0.2153577929,0.002407481026,0.997592519,2165.688096,1957.033149,0.6786863355,0.6132977589,0.5792973743,0.6472981435
real_20240707,real,2024-07-07,adapted,1964,0.6136108221,10.67483842,0.3211447264,0.1031339353,0.001015343608,0.9989846564,2165.79123,1958.032133,0.6787186557,0.6136108221,0.5796104375,0.6476112067
real_20240707,real,2024-07-07,adapted,1965,0.6139240323,10.67368715,-1.349131486,1.820155766,0.0005460129475,0.9994539871,2167.611386,1959.031587,0.6792890586,0.6139240323,0.5799236477,0.6479244169
real_20240707,real,2024-07-07,adapted,1966,0.6142366891,10.66799388,-1.596864326,2.549975677,0.002312180101,0.9976878199,2170.161362,1960.029275,0.6800881736,0.6142366891,0.5802363045,0.6482370737
real_20240707,real,2024-07-07,adapted,1967,0.6145496859,10.66548061,-1.558857358,2.430036263,0.001227336337,0.9987726637,2172.591398,1961.028048,0.6808497017,0.6145496859,0.5805493013,0.6485500705
real_20240707,real,2024-07-07,adapted,1968,0.6148622628,10.66470484,1.291537003,1.668067829,0.002566971335,0.9974330287,2174.259466,1962.025481,0.6813724431,0.6148622628,0.5808618782,0.6488626474
real_20240707,real,2024-07-07,adapted,1969,0.6151755822,10.66203724,-0.2165375838,0.04688852521,0.0001980663175,0.9998019337,2174.306354,1963.025283,0.6813871371,0.6151755822,0.5811751976,0.6491759668
real_20240707,real,2024-07-07,adapted,1970,0.6154887437,10.65621376,-0.717340453,0.5145773256,0.0007016377301,0.9992983623,2174.820932,1964.024581,0.681548396,0.6154887437,0.5814883591,0.6494891283
real_20240707,real,2024-07-07,adapted,1971,0.6158019797,10.65349579,0.2570027549,0.06605041603,0.0004637661731,0.9995362338,2174.886982,1965.024117,0.681569095,0.6158019797,0.5818015951,0.6498023643
real_20240707,real,2024-07-07,adapted,1972,0.6161136782,10.648282,0.9202740266,0.8469042841,0.005370074811,0.9946299252,2175.733886,1966.018747,0.681834499,0.6161136782,0.5821132936,0.6501140628
real_20240707,real,2024-07-07,adapted,1973,0.6164265867,10.64533595,0.1503114094,0.02259351979,0.001508981165,0.9984910188,2175.75648,1967.017238,0.6818415794,0.6164265867,0.5824262021,0.6504269713
real_20240707,real,2024-07-07,adapted,1974,0.6167397148,10.64146567,-1.018878195,1.038112777,0.0008083173654,0.9991916826,2176.794593,1968.01643,0.6821669047,0.6167397148,0.5827393302,0.6507400994
real_20240707,real,2024-07-07,adapted,1975,0.6170528622,10.6380103,1.442126706,2.079729437,0.0007466636604,0.9992533363,2178.874322,1969.015683,0.6828186531,0.6170528622,0.5830524776,0.6510532468
real_20240707,real,2024-07-07,adapted,1976,0.6173660101,10.62744905,-1.384951496,1.918090646,0.0007449854265,0.9992550146,2180.792413,1970.014938,0.6834197471,0.6173660101,0.5833656255,0.6513663947
real_20240707,real,2024-07-07,adapted,1977,0.6176792377,10.62732479,-0.4590404967,0.2107181776,0.0004906314672,0.9995093685,2181.003131,1971.014448,0.6834857822,0.6176792377,0.5836788531,0.6516796223
real_20240707,real,2024-07-07,adapted,1978,0.6179921726,10.62203149,-0.5685021301,0.323194672,0.001424860457,0.9985751395,2181.326326,1972.013023,0.6835870654,0.6179921726,0.583991788,0.6519925572
real_20240707,real,2024-07-07,adapted,1979,0.6183044974,10.61417983,-0.5539626104,0.3068745737,0.003371654689,0.9966283453,2181.6332,1973.009651,0.6836832342,0.6183044974,0.5843041128,0.652304882
real_20240707,real,2024-07-07,adapted,1980,0.6186177754,10.60772407,0.7226576845,0.5222341289,0.0003296754055,0.9996703246,2182.155434,1974.009321,0.6838468926,0.6186177754,0.5846173908,0.65261816
real_20240707,real,2024-07-07,adapted,1981,0.6189310028,10.60524644,-2.284103249,5.21712765,0.0004913408375,0.9995086592,2187.372562,1975.00883,0.6854818433,0.6189310028,0.5849306182,0.6529313874
real_20240707,real,2024-07-07,adapted,1982,0.6192439976,10.6023033,-0.7481578859,0.5597402222,0.001233797254,0.9987662027,2187.932302,1976.007596,0.6856572555,0.6192439976,0.585243613,0.6532443822
real_20240707,real,2024-07-07,adapted,1983,0.6195566161,10.60164279,-0.3020337137,0.09122436423,0.002434444555,0.9975655554,2188.023527,1977.005162,0.6856858435,0.6195566161,0.5855562315,0.6535570007
real_20240707,real,2024-07-07,adapted,1984,0.6198693537,10.59827834,-0.5701299061,0.3250481098,0.002054089329,0.9979459107,2188.348575,1978.003108,0.6857877075,0.6198693537,0.5858689691,0.6538697383
real_20240707,real,2024-07-07,adapted,1985,0.620182561,10.59505725,0.6058915063,0.3671045173,0.0005554727941,0.9994445272,2188.715679,1979.002552,0.6859027513,0.620182561,0.5861821764,0.6541829456
real_20240707,real,2024-07-07,adapted,1986,0.6204950908,10.59395053,0.774226585,0.5994268049,0.002717411729,0.9972825883,2189.315106,1979.999835,0.6860906005,0.6204950908,0.5864947062,0.6544954754
real_20240707,real,2024-07-07,adapted,1987,0.6208082776,10.59312595,0.8034164638,0.6454780143,0.000620893202,0.9993791068,2189.960584,1980.999214,0.6862928813,0.6208082776,0.586807893,0.6548086622
real_20240707,real,2024-07-07,adapted,1988,0.6211214701,10.59062807,0.3330683418,0.1109345203,0.0006030277194,0.9993969723,2190.071519,1981.998611,0.6863276461,0.6211214701,0.5871210855,0.6551218547
real_20240707,real,2024-07-07,adapted,1989,0.6214347388,10.58711045,0.1613402053,0.02603066184,0.0003595861025,0.9996404139,2190.097549,1982.998251,0.6863358036,0.6214347388,0.5874343541,0.6554351234
real_20240707,real,2024-07-07,adapted,1990,0.6217475519,10.58492287,0.2848848222,0.08115936192,0.001813176763,0.9981868232,2190.178709,1983.996438,0.6863612374,0.6217475519,0.5877471673,0.6557479365
real_20240707,real,2024-07-07,adapted,1991,0.6220606882,10.58148683,-1.240285899,1.538309112,0.0007820991055,0.9992179009,2191.717018,1984.995656,0.6868433149,0.6220606882,0.5880603036,0.6560610728
real_20240707,real,2024-07-07,adapted,1992,0.6223736657,10.57991669,0.1042949188,0.01087743008,0.001288742386,0.9987112576,2191.727895,1985.994367,0.6868467237,0.6223736657,0.5883732811,0.6563740503
real_20240707,real,2024-07-07,adapted,1993,0.6226866517,10.576957,-0.3700974766,0.1369721422,0.001261746806,0.9987382532,2191.864867,1986.993106,0.6868896482,0.6226866517,0.5886862671,0.6566870363
real_20240707,real,2024-07-07,adapted,1994,0.622999989,10.57339688,-0.1727999847,0.02985983472,0.0001408144541,0.9998591855,2191.894727,1987.992965,0.6868990057,0.622999989,0.5889996044,0.6570003736
real_20240707,real,2024-07-07,adapted,1995,0.6233129901,10.56957845,-0.3282673413,0.1077594474,0.001213220254,0.9987867797,2192.002487,1988.991752,0.6869327755,0.6233129901,0.5893126055,0.6573133747
real_20240707,real,2024-07-07,adapted,1996,0.6236261561,10.56725576,-1.173352532,1.376756165,0.000687549849,0.9993124502,2193.379243,1989.991064,0.6873642252,0.6236261561,0.5896257715,0.6576265407
real_20240707,real,2024-07-07,adapted,1997,0.6239389373,10.56362785,0.9640951452,0.929479449,0.001915153821,0.9980848462,2194.308722,1990.989149,0.6876555068,0.6239389373,0.5899385527,0.6579393219
real_20240707,real,2024-07-07,adapted,1998,0.6242511112,10.56263386,1.792128883,3.211725934,0.003853167639,0.9961468324,2197.520448,1991.985296,0.6886620019,0.6242511112,0.5902507265,0.6582514958
real_20240707,real,2024-07-07,adapted,1999,0.6245642498,10.55900983,0.8140446581,0.6626687053,0.0007747261576,0.9992252738,2198.183117,1992.984521,0.68886967,0.6245642498,0.5905638652,0.6585646344
real_20240707,real,2024-07-07,adapted,2000,0.624877307,10.55776448,0.7716484337,0.5954413053,0.001034232228,0.9989657678,2198.778558,1993.983487,0.6890562702,0.624877307,0.5908769224,0.6588776916
real_20240707,real,2024-07-07,adapted,2001,0.6251905927,10.55498613,-1.891819217,3.578979949,0.0003053553542,0.9996946446,2202.357538,1994.983181,0.6901778559,0.6251905927,0.5911902081,0.6591909773
real_20240707,real,2024-07-07,adapted,2002,0.6255032829,10.55054226,0.7980523338,0.6368875275,0.002205606617,0.9977943934,2202.994426,1995.980976,0.6903774446,0.6255032829,0.5915028983,0.6595036675
real_20240707,real,2024-07-07,adapted,2003,0.6258159886,10.54979494,-0.09214270269,0.00849027766,0.002156197607,0.9978438024,2203.002916,1996.97882,0.6903801053,0.6258159886,0.591815604,0.6598163732
real_20240707,real,2024-07-07,adapted,2004,0.6261290106,10.54749851,-0.6002040058,0.3602448486,0.001146813483,0.9988531865,2203.363161,1997.977673,0.6904929993,0.6261290106,0.592128626,0.6601293952
real_20240707,real,2024-07-07,adapted,2005,0.6264412503,10.54197388,-0.06157438964,0.003791405459,0.003643067398,0.9963569326,2203.366952,1998.97403,0.6904941875,0.6264412503,0.5924408657,0.6604416349
real_20240707,real,2024-07-07,adapted,2006,0.6267545223,10.53661516,1.553467488,2.413261237,0.0003491205065,0.9996508795,2205.780213,1999.973681,0.6912504586,0.6267545223,0.5927541377,0.6607549069
real_20240707,real,2024-07-07,adapted,2007,0.6270678183,10.53315789,-1.447692656,2.095814027,0.0002724280893,0.9997275719,2207.876027,2000.973408,0.6919072477,0.6270678183,0.5930674337,0.6610682029
real_20240707,real,2024-07-07,adapted,2008,0.6273811084,10.53212401,-1.093816062,1.196433577,0.0002912223596,0.9997087776,2209.072461,2001.973117,0.6922821877,0.6273811084,0.5933807238,0.661381493
real_20240707,real,2024-07-07,adapted,2009,0.6276936707,10.53031083,0.2586856593,0.06691827033,0.002613754128,0.9973862459,2209.139379,2002.970503,0.6923031587,0.6276936707,0.5936932861,0.6616940553
real_20240707,real,2024-07-07,adapted,2010,0.628006836,10.52575276,-0.5079436498,0.2580067514,0.000689490998,0.999310509,2209.397386,2003.969814,0.6923840132,0.628006836,0.5940064514,0.6620072206
real_20240707,real,2024-07-07,adapted,2011,0.6283199898,10.52453372,1.172044889,1.373689221,0.0007262692693,0.9992737307,2210.771075,2004.969087,0.6928145018,0.6283199898,0.5943196052,0.6623203744
real_20240707,real,2024-07-07,adapted,2012,0.6286332402,10.52250454,-0.7009514322,0.4913329104,0.0004178637055,0.9995821363,2211.262408,2005.96867,0.6929684764,0.6286332402,0.5946328556,0.6626336248
real_20240707,real,2024-07-07,adapted,2013,0.6289465431,10.52046347,0.2841167957,0.08072235359,0.0002505712072,0.9997494288,2211.343131,2006.968419,0.6929937733,0.6289465431,0.5949461585,0.6629469277
real_20240707,real,2024-07-07,adapted,2014,0.6292595135,10.51456662,0.775482965,0.6013738291,0.00131149312,0.9986885069,2211.944504,2007.967107,0.6931822326,0.6292595135,0.5952591289,0.6632598981
real_20240707,real,2024-07-07,adapted,2015,0.6295728328,10.51429229,0.2312299728,0.05346730033,0.0001978993542,0.9998021006,2211.997972,2008.96691,0.6931989883,0.6295728328,0.5955724482,0.6635732174
real_20240707,real,2024-07-07,adapted,2016,0.6298856813,10.51210274,-0.1123837569,0.01263010883,0.0017004782,0.9982995218,2212.010602,2009.965209,0.6932029463,0.6298856813,0.5958852967,0.6638860659
real_20240707,real,2024-07-07,adapted,2017,0.6301989382,10.50995523,-0.8573139398,0.7349871913,0.000397403942,0.9996025961,2212.745589,2010.964812,0.6934332776,0.6301989382,0.5961985536,0.6641993228
real_20240707,real,2024-07-07,adapted,2018,0.6305118873,10.50862555,-1.097095693,1.203618959,0.001379447922,0.9986205521,2213.949208,2011.963432,0.6938104694,0.6305118873,0.5965115027,0.6645122719
real_20240707,real,2024-07-07,adapted,2019,0.630824608,10.50655639,0.4108985158,0.1688375903,0.002108049395,0.9978919506,2214.118045,2012.961324,0.69386338,0.630824608,0.5968242234,0.6648249926
real_20240707,real,2024-07-07,adapted,2020,0.6311371354,10.50414604,-0.3588034187,0.1287398933,0.002725185747,0.9972748143,2214.246785,2013.958599,0.6939037247,0.6311371354,0.5971367508,0.66513752
real_20240707,real,2024-07-07,adapted,2021,0.6314501441,10.5026234,1.255661876,1.576686746,0.001189242898,0.9988107571,2215.823472,2014.95741,0.6943978289,0.6314501441,0.5974497595,0.6654505287
real_20240707,real,2024-07-07,adapted,2022,0.6317632418,10.49902345,3.02559564,9.154228975,0.0009052548977,0.9990947451,2224.977701,2015.956505,0.6972665939,0.6317632418,0.5977628572,0.6657636264
real_20240707,real,2024-07-07,adapted,2023,0.6320760281,10.4920652,0.2212192658,0.04893796355,0.001898816147,0.9981011839,2225.026639,2016.954606,0.6972819301,0.6320760281,0.5980756435,0.6660764127
real_20240707,real,2024-07-07,adapted,2024,0.632388865,10.49006901,1.183792809,1.401365414,0.00173760119,0.9982623988,2226.428004,2017.952868,0.697721092,0.632388865,0.5983884804,0.6663892496
real_20240707,real,2024-07-07,adapted,2025,0.6327021335,10.48577029,0.03446221776,0.001187644453,0.0003599986244,0.9996400014,2226.429192,2018.952508,0.6977214642,0.6327021335,0.5987017489,0.6667025181
real_20240707,real,2024-07-07,adapted,2026,0.6330153178,10.48527889,-0.03756745821,0.001411313917,0.0006288919151,0.9993711081,2226.430603,2019.951879,0.6977219064,0.6330153178,0.5990149332,0.6670157024
real_20240707,real,2024-07-07,adapted,2027,0.6333279957,10.48413657,0.5633916286,0.3174101272,0.002244991517,0.9977550085,2226.748014,2020.949634,0.6978213769,0.6333279957,0.5993276111,0.6673283803
real_20240707,real,2024-07-07,adapted,2028,0.633641089,10.47831427,-2.35636191,5.552441449,0.0009190856066,0.9990809144,2232.300455,2021.948715,0.6995614087,0.633641089,0.5996407044,0.6676414736
real_20240707,real,2024-07-07,adapted,2029,0.6339542042,10.47352587,1.021905055,1.044289941,0.000849496096,0.9991505039,2233.344745,2022.947866,0.6998886697,0.6339542042,0.5999538196,0.6679545888
real_20240707,real,2024-07-07,adapted,2030,0.6342661521,10.4706526,0.3917913822,0.1535004872,0.004574379766,0.9954256202,2233.498245,2023.943291,0.6999367739,0.6342661521,0.6002657675,0.6682665367
real_20240707,real,2024-07-07,adapted,2031,0.6345792454,10.46792713,-1.04686392,1.095924067,0.0009191805832,0.9990808194,2234.59417,2024.942372,0.7002802161,0.6345792454,0.6005788608,0.66857963
real_20240707,real,2024-07-07,adapted,2032,0.634892471,10.4622555,0.405323027,0.1642867562,0.000497065158,0.9995029348,2234.758456,2025.941875,0.7003317005,0.634892471,0.6008920864,0.6688928556
real_20240707,real,2024-07-07,adapted,2033,0.6352049747,10.46067282,-0.6101481259,0.3722807356,0.002800806808,0.9971991932,2235.130737,2026.939074,0.7004483663,0.6352049747,0.6012045901,0.6692053593
real_20240707,real,2024-07-07,adapted,2034,0.6355173985,10.45215993,0.9894168454,0.978945694,0.003055549732,0.9969444503,2236.109683,2027.936019,0.7007551497,0.6355173985,0.6015170139,0.6695177831
real_20240707,real,2024-07-07,adapted,2035,0.635829833,10.45006882,-1.357736926,1.843449561,0.003021427419,0.9969785726,2237.953132,2028.932997,0.7013328525,0.635829833,0.6018294484,0.6698302176
real_20240707,real,2024-07-07,adapted,2036,0.6361429833,10.44954694,-0.6353265308,0.4036398008,0.00073749083,0.9992625092,2238.356772,2029.93226,0.7014593457,0.6361429833,0.6021425987,0.6701433679
real_20240707,real,2024-07-07,adapted,2037,0.6364555568,10.44131472,0.795718587,0.6331680697,0.002577938565,0.9974220614,2238.98994,2030.929682,0.7016577688,0.6364555568,0.6024551722,0.6704559414
real_20240707,real,2024-07-07,adapted,2038,0.6367687844,10.44006506,0.8246792196,0.6800958152,0.0004908777478,0.9995091223,2239.670036,2031.929191,0.7018708981,0.6367687844,0.6027683998,0.670769169
real_20240707,real,2024-07-07,adapted,2039,0.637081633,10.43981943,-0.7364450385,0.5423512947,0.001700056368,0.9982999436,2240.212387,2032.927491,0.7020408609,0.637081633,0.6030812484,0.6710820176
real_20240707,real,2024-07-07,adapted,2040,0.6373947886,10.43909873,0.04849170676,0.002351445625,0.0007205374417,0.9992794626,2240.214739,2033.92677,0.7020415978,0.6373947886,0.603394404,0.6713951732
real_20240707,real,2024-07-07,adapted,2041,0.6377078734,10.42750747,0.6671963399,0.4451509559,0.0009463691722,0.9990536308,2240.65989,2034.925824,0.7021810999,0.6377078734,0.6037074888,0.671708258
real_20240707,real,2024-07-07,adapted,2042,0.6380206035,10.42379477,-0.3929779783,0.1544316914,0.002078151785,0.9979218482,2240.814321,2035.923746,0.7022294959,0.6380206035,0.6040202189,0.6720209881
real_20240707,real,2024-07-07,adapted,2043,0.6383335734,10.42209033,-0.5919092391,0.3503565473,0.001313003794,0.9986869962,2241.164678,2036.922433,0.7023392911,0.6383335734,0.6043331888,0.672333958
real_20240707,real,2024-07-07,adapted,2044,0.6386459878,10.4189188,0.03936280409,0.001549430346,0.00308560257,0.9969143974,2241.166227,2037.919347,0.7023397767,0.6386459878,0.6046456032,0.6726463724
real_20240707,real,2024-07-07,adapted,2045,0.6389592638,10.41564049,-0.9197902863,0.8460141709,0.0003362950887,0.9996637049,2242.012241,2038.919011,0.7026049017,0.6389592638,0.6049588792,0.6729596484
real_20240707,real,2024-07-07,adapted,2046,0.6392717969,10.41391824,0.3603321647,0.1298392689,0.00270682938,0.9972931706,2242.142081,2039.916304,0.702645591,0.6392717969,0.6052714123,0.6732721815
real_20240707,real,2024-07-07,adapted,2047,0.6395848784,10.40988363,-0.2318071292,0.05373454516,0.0009571681082,0.9990428319,2242.195815,2040.915347,0.7026624304,0.6395848784,0.6055844938,0.673585263
real_20240707,real,2024-07-07,adapted,2048,0.6398976547,10.40671765,-0.8911299001,0.7941124989,0.001930784539,0.9980692155,2242.989928,2041.913416,0.7029112904,0.6398976547,0.6058972701,0.6738980393
real_20240707,real,2024-07-07,adapted,2049,0.6402108582,10.40550689,0.3254711291,0.1059314559,0.0005676933298,0.9994323067,2243.095859,2042.912848,0.7029444874,0.6402108582,0.6062104736,0.6742112428
real_20240707,real,2024-07-07,adapted,2050,0.6405239546,10.40358382,-0.708866899,0.5024922805,0.0009093765125,0.9990906235,2243.598352,2043.911939,0.7031019591,0.6405239546,0.60652357,0.6745243392
real_20240707,real,2024-07-07,adapted,2051,0.6408370094,10.39452458,0.2000165133,0.0400066056,0.001042066704,0.9989579333,2243.638358,2044.910897,0.7031144964,0.6408370094,0.6068366248,0.674837394
real_20240707,real,2024-07-07,adapted,2052,0.6411500349,10.39397658,1.091483767,1.191336814,0.001135684813,0.9988643152,2244.829695,2045.909761,0.7034878392,0.6411500349,0.6071496503,0.6751504195
real_20240707,real,2024-07-07,adapted,2053,0.6414631488,10.3926801,1.135380111,1.289087995,0.0008535780504,0.9991464219,2246.118783,2046.908908,0.7038918154,0.6414631488,0.6074627642,0.6754635334
real_20240707,real,2024-07-07,adapted,2054,0.6417762324,10.38973432,-0.1478307023,0.02185391653,0.0009499869663,0.999050013,2246.140637,2047.907958,0.703898664,0.6417762324,0.6077758478,0.675776617
real_20240707,real,2024-07-07,adapted,2055,0.6420894557,10.38394878,0.4600308203,0.2116283556,0.0005045743955,0.9994954256,2246.352265,2048.907453,0.7039649844,0.6420894557,0.6080890711,0.6760898403
real_20240707,real,2024-07-07,adapted,2056,0.642402152,10.38001003,0.4691914755,0.2201406406,0.002186220773,0.9978137792,2246.572406,2049.905267,0.7040339724,0.642402152,0.6084017674,0.6764025366
real_20240707,real,2024-07-07,adapted,2057,0.6427153995,10.3791457,0.9795145464,0.9594487467,0.0004272504237,0.9995727496,2247.531855,2050.90484,0.7043346458,0.6427153995,0.6087150149,0.6767157841
real_20240707,real,2024-07-07,adapted,2058,0.6430287195,10.37291908,0.7540854626,0.5686448848,0.0001958605177,0.9998041395,2248.100499,2051.904644,0.7045128485,0.6430287195,0.6090283349,0.6770291041
real_20240707,real,2024-07-07,adapted,2059,0.6433417239,10.37169527,1.019613588,1.039611869,0.001202726791,0.9987972732,2249.140111,2052.903441,0.7048386435,0.6433417239,0.6093413393,0.6773421085
real_20240707,real,2024-07-07,adapted,2060,0.6436549755,10.37067832,-0.1706172098,0.02911023228,0.0004143535279,0.9995856465,2249.169222,2053.903027,0.7048477661,0.6436549755,0.6096545909,0.6776553601
real_20240707,real,2024-07-07,adapted,2061,0.6439682276,10.36637325,0.1497805664,0.02243421807,0.0004124713591,0.9995875286,2249.191656,2054.902614,0.7048547966,0.6439682276,0.609967843,0.6779686122
real_20240707,real,2024-07-07,adapted,2062,0.6442813707,10.36297274,-1.165843786,1.359191733,0.0007603750161,0.999239625,2250.550848,2055.901854,0.7052807419,0.6442813707,0.6102809861,0.6782817553
real_20240707,real,2024-07-07,adapted,2063,0.6445944773,10.35507748,-0.9234524663,0.8527644576,0.0008767153344,0.9991232847,2251.403612,2056.900977,0.7055479824,0.6445944773,0.6105940927,0.6785948619
real_20240707,real,2024-07-07,adapted,2064,0.644907563,10.3537389,0.8217630634,0.6752945323,0.0009436218873,0.9990563781,2252.078907,2057.900034,0.7057596072,0.644907563,0.6109071784,0.6789079476
real_20240707,real,2024-07-07,adapted,2065,0.6452206154,10.35217478,0.04700162986,0.002209153209,0.001049704561,0.9989502954,2252.081116,2058.898984,0.7057602995,0.6452206154,0.6112202308,0.679221
real_20240707,real,2024-07-07,adapted,2066,0.6455330153,10.35053091,-2.013067717,4.052441634,0.003131924084,0.9968680759,2256.133557,2059.895852,0.7070302593,0.6455330153,0.6115326307,0.6795333999
real_20240707,real,2024-07-07,adapted,2067,0.6458461103,10.34220828,0.1416986809,0.02007851616,0.0009140519371,0.9990859481,2256.153636,2060.894938,0.7070365515,0.6458461103,0.6118457257,0.6798464949
real_20240707,real,2024-07-07,adapted,2068,0.6461590075,10.34081166,-0.935317377,0.8748185957,0.001545037473,0.9984549625,2257.028454,2061.893393,0.7073107034,0.6461590075,0.6121586229,0.6801593921
real_20240707,real,2024-07-07,adapted,2069,0.6464722543,10.33696864,0.8650818767,0.7483666534,0.0004293461122,0.9995706539,2257.776821,2062.892963,0.7075452275,0.6464722543,0.6124718697,0.6804726389
real_20240707,real,2024-07-07,adapted,2070,0.6467851387,10.33648233,1.725388702,2.976966174,0.001585898215,0.9984141018,2260.753787,2063.891378,0.7084781533,0.6467851387,0.6127847541,0.6807855233
real_20240707,real,2024-07-07,adapted,2071,0.6470983089,10.3318408,-1.099956792,1.209904944,0.0006739350487,0.999326065,2261.963692,2064.890704,0.708857315,0.6470983089,0.6130979243,0.6810986935
real_20240707,real,2024-07-07,adapted,2072,0.6474114699,10.32748966,-1.459059369,2.128854243,0.0007031089253,0.9992968911,2264.092546,2065.890001,0.7095244583,0.6474114699,0.6134110853,0.6814118545
real_20240707,real,2024-07-07,adapted,2073,0.647724576,10.3261542,-0.5278709528,0.2786477428,0.0008785894932,0.9991214105,2264.371194,2066.889122,0.7096117813,0.647724576,0.6137241914,0.6817249606
real_20240707,real,2024-07-07,adapted,2074,0.6480376171,10.31860494,-0.7265314921,0.527848009,0.001085949055,0.9989140509,2264.899042,2067.888036,0.7097771991,0.6480376171,0.6140372325,0.6820380017
real_20240707,real,2024-07-07,adapted,2075,0.6483508103,10.31378052,-0.07911983134,0.006259947711,0.0006001825992,0.9993998174,2264.905302,2068.887436,0.7097791608,0.6483508103,0.6143504257,0.6823511949
real_20240707,real,2024-07-07,adapted,2076,0.6486638964,10.31124145,-0.7128346644,0.5081332588,0.0009422566948,0.9990577433,2265.413435,2069.886494,0.7099384003,0.6486638964,0.6146635118,0.682664281
real_20240707,real,2024-07-07,adapted,2077,0.6489770076,10.30769668,-0.6772496724,0.4586671188,0.0008623110189,0.999137689,2265.872103,2070.885631,0.7100821381,0.6489770076,0.614976623,0.6829773922
real_20240707,real,2024-07-07,adapted,2078,0.649290083,10.30340975,-1.979893889,3.919979811,0.0009764095504,0.9990235904,2269.792082,2071.884655,0.7113105868,0.649290083,0.6152896984,0.6832904676
real_20240707,real,2024-07-07,adapted,2079,0.6496034312,10.29890876,1.918654858,3.681236464,0.0001057816528,0.9998942183,2273.473319,2072.884549,0.7124642177,0.6496034312,0.6156030466,0.6836038158
real_20240707,real,2024-07-07,adapted,2080,0.6499163111,10.29724846,-1.747056323,3.052205795,0.001600434293,0.9983995657,2276.525525,2073.882949,0.7134207222,0.6499163111,0.6159159265,0.6839166957
real_20240707,real,2024-07-07,adapted,2081,0.6502276425,10.29552795,0.01741675654,0.0003033434084,0.006541402325,0.9934585977,2276.525828,2074.876407,0.7134208173,0.6502276425,0.6162272579,0.6842280271
real_20240707,real,2024-07-07,adapted,2082,0.6505405674,10.2927825,-0.7602913724,0.5780429709,0.001456776509,0.9985432235,2277.103871,2075.87495,0.7136019652,0.6505405674,0.6165401828,0.684540952
real_20240707,real,2024-07-07,adapted,2083,0.6508538478,10.29013803,1.765981897,3.118692061,0.0003221145497,0.9996778855,2280.222563,2076.874628,0.7145793052,0.6508538478,0.6168534632,0.6848542324
real_20240707,real,2024-07-07,adapted,2084,0.6511671111,10.28856175,0.1921262238,0.03691248587,0.0003766653067,0.9996233347,2280.259475,2077.874252,0.7145908729,0.6511671111,0.6171667265,0.6851674957
real_20240707,real,2024-07-07,adapted,2085,0.6514802753,10.28599049,0.2061866965,0.04251295381,0.0006930489949,0.999306951,2280.301988,2078.873559,0.7146041957,0.6514802753,0.6174798907,0.6854806599
real_20240707,real,2024-07-07,adapted,2086,0.6517932869,10.28345014,0.6621843798,0.4384881529,0.001180177445,0.9988198226,2280.740477,2079.872378,0.7147416097,0.6517932869,0.6177929023,0.6857936715
real_20240707,real,2024-07-07,adapted,2087,0.6521062701,10.28240686,-0.792003549,0.6272696217,0.001270496317,0.9987295037,2281.367746,2080.871108,0.7149381843,0.6521062701,0.6181058855,0.6861066547
real_20240707,real,2024-07-07,adapted,2088,0.6524189295,10.28162925,0.8809652753,0.7760998162,0.002303894873,0.9976961051,2282.143846,2081.868804,0.7151813996,0.6524189295,0.6184185449,0.6864193141
real_20240707,real,2024-07-07,adapted,2089,0.6527313234,10.27760808,0.4600848526,0.2116780716,0.003151212708,0.9968487873,2282.355524,2082.865653,0.7152477355,0.6527313234,0.6187309388,0.686731708
real_20240707,real,2024-07-07,adapted,2090,0.6530442432,10.27526005,0.7833382432,0.6136188032,0.001472790042,0.99852721,2282.969143,2083.86418,0.7154400322,0.6530442432,0.6190438586,0.6870446278
real_20240707,real,2024-07-07,adapted,2091,0.6533575734,10.27341927,0.8804321037,0.7751606893,0.0001631899634,0.99983681,2283.744304,2084.864017,0.7156829532,0.6533575734,0.6193571888,0.687357958
real_20240707,real,2024-07-07,adapted,2092,0.6536707447,10.26605014,-0.7598660416,0.5773964012,0.0006704483312,0.9993295517,2284.3217,2085.863346,0.7158638985,0.6536707447,0.6196703601,0.6876711293
real_20240707,real,2024-07-07,adapted,2093,0.6539838593,10.26402819,0.1618054324,0.02618099795,0.0008512597158,0.9991487403,2284.347881,2086.862495,0.7158721031,0.6539838593,0.6199834747,0.6879842439
real_20240707,real,2024-07-07,adapted,2094,0.6542965969,10.25782134,0.8022037372,0.643530836,0.002054340836,0.9979456592,2284.991412,2087.860441,0.7160737737,0.6542965969,0.6202962123,0.6882969815
real_20240707,real,2024-07-07,adapted,2095,0.6546088366,10.25610911,0.3038101425,0.09230060268,0.003643208972,0.996356791,2285.083712,2088.856798,0.716102699,0.6546088366,0.620608452,0.6886092212
real_20240707,real,2024-07-07,adapted,2096,0.6549209218,10.25434083,-1.01967891,1.039745079,0.0041359973,0.9958640027,2286.123457,2089.852662,0.7164285357,0.6549209218,0.6209205372,0.6889213064
real_20240707,real,2024-07-07,adapted,2097,0.6552329965,10.24972743,-0.04498838853,0.002023955102,0.004169838202,0.9958301618,2286.125481,2090.848492,0.71642917,0.6552329965,0.6212326119,0.6892333811
real_20240707,real,2024-07-07,adapted,2098,0.6555458507,10.2489477,0.4201516427,0.1765274029,0.001682226528,0.9983177735,2286.302009,2091.84681,0.7164844904,0.6555458507,0.6215454661,0.6895462353
real_20240707,real,2024-07-07,adapted,2099,0.6558587209,10.24740023,1.826874801,3.337471538,0.001631191416,0.9983688086,2289.63948,2092.845178,0.7175303918,0.6558587209,0.6218583363,0.6898591055
real_20240707,real,2024-07-07,adapted,2100,0.6561718755,10.24253091,-0.09494880981,0.009015276485,0.0007235387361,0.9992764613,2289.648496,2093.844455,0.7175332171,0.6561718755,0.6221714909,0.6901722601
real_20240707,real,2024-07-07,adapted,2101,0.6564849129,10.24035887,2.975427486,8.853168725,0.001097859604,0.9989021404,2298.501664,2094.843357,0.7203076353,0.6564849129,0.6224845283,0.6904852975
real_20240707,real,2024-07-07,adapted,2102,0.6567981469,10.23814054,0.4522515869,0.2045314979,0.0004700990226,0.999529901,2298.706196,2095.842887,0.7203717317,0.6567981469,0.6227977623,0.6907985315
real_20240707,real,2024-07-07,adapted,2103,0.657110955,10.23691196,1.027789227,1.056350695,0.001829555282,0.9981704447,2299.762547,2096.841057,0.7207027723,0.657110955,0.6231105704,0.6911113396
real_20240707,real,2024-07-07,adapted,2104,0.6574240397,10.23350718,0.4024290029,0.1619491023,0.0009464821301,0.9990535179,2299.924496,2097.840111,0.7207535242,0.6574240397,0.6234236551,0.6914244243
real_20240707,real,2024-07-07,adapted,2105,0.6577367705,10.2324781,-1.161754086,1.349672556,0.002076260569,0.9979237394,2301.274168,2098.838035,0.7211764864,0.6577367705,0.6237363859,0.6917371551
real_20240707,real,2024-07-07,adapted,2106,0.6580493293,10.2309266,0.06727674174,0.004526159979,0.002624603231,0.9973753968,2301.278694,2099.83541,0.7211779049,0.6580493293,0.6240489447,0.6920497139
real_20240707,real,2024-07-07,adapted,2107,0.6583624923,10.22380594,0.682432326,0.4657138796,0.0006969811255,0.9993030189,2301.744408,2100.834713,0.7213238509,0.6583624923,0.6243621077,0.6923628769
real_20240707,real,2024-07-07,adapted,2108,0.6586757226,10.221931,0.02369902678,0.0005616438703,0.0004822185614,0.9995177814,2301.74497,2101.834231,0.7213240269,0.6586757226,0.624675338,0.6926761072
real_20240707,real,2024-07-07,adapted,2109,0.6589883831,10.21741449,-0.2029870993,0.04120376247,0.002300435771,0.9976995642,2301.786174,2102.83193,0.7213369394,0.6589883831,0.6249879985,0.6929887677
real_20240707,real,2024-07-07,adapted,2110,0.6593007797,10.21599804,0.3874916619,0.1501497881,0.003142372411,0.9968576276,2301.936323,2103.828788,0.7213839936,0.6593007797,0.6253003951,0.6933011643
real_20240707,real,2024-07-07,adapted,2111,0.6596136485,10.21490512,1.796578858,3.227695591,0.00163543647,0.9983645635,2305.164019,2104.827153,0.7223954933,0.6596136485,0.6256132639,0.6936140331
real_20240707,real,2024-07-07,adapted,2112,0.6599265759,10.21047345,-1.065254432,1.134767005,0.001448770903,0.9985512291,2306.298786,2105.825704,0.7227511081,0.6599265759,0.6259261913,0.6939269605
real_20240707,real,2024-07-07,adapted,2113,0.660239774,10.20833099,-1.964456289,3.859088513,0.0005848123783,0.9994151876,2310.157875,2106.825119,0.7239604746,0.660239774,0.6262393894,0.6942401586
real_20240707,real,2024-07-07,adapted,2114,0.6605525276,10.20474221,-1.566569865,2.454141143,0.002003475339,0.9979965247,2312.612016,2107.823115,0.7247295568,0.6605525276,0.626552143,0.6945529122
real_20240707,real,2024-07-07,adapted,2115,0.6608653107,10.19954394,0.7126231997,0.5078318248,0.001909006927,0.9980909931,2313.119848,2108.821206,0.7248887018,0.6608653107,0.6268649261,0.6948656953
real_20240707,real,2024-07-07,adapted,2116,0.6611784978,10.19694542,-2.528836878,6.395015955,0.000619935866,0.9993800641,2319.514863,2109.820587,0.7268927808,0.6611784978,0.6271781132,0.6951788824
real_20240707,real,2024-07-07,adapted,2117,0.661491692,10.1949885,0.4913242476,0.2413995163,0.0005971964919,0.9994028035,2319.756263,2110.819989,0.7269684309,0.661491692,0.6274913074,0.6954920766
real_20240707,real,2024-07-07,adapted,2118,0.6618047086,10.19353259,-0.2784894373,0.07755636666,0.001164181138,0.9988358189,2319.833819,2111.818825,0.7269927356,0.6618047086,0.627804324,0.6958050932
real_20240707,real,2024-07-07,adapted,2119,0.6621178908,10.19282692,-1.664517936,2.770619959,0.0006356021309,0.9993643979,2322.604439,2112.81819,0.7278609963,0.6621178908,0.6281175062,0.6961182754
real_20240707,real,2024-07-07,adapted,2120,0.6624302527,10.1917544,-0.1792444235,0.03212856336,0.003253306369,0.9967466936,2322.636568,2113.814936,0.7278710648,0.6624302527,0.6284298681,0.6964306373
real_20240707,real,2024-07-07,adapted,2121,0.6627426199,10.18970939,-0.3138499665,0.09850180145,0.003235972029,0.996764028,2322.73507,2114.8117,0.7279019335,0.6627426199,0.6287422353,0.6967430045
real_20240707,real,2024-07-07,adapted,2122,0.6630555313,10.18666241,-0.10021625,0.01004329677,0.00149995752,0.9985000425,2322.745113,2115.8102,0.7279050809,0.6630555313,0.6290551467,0.6970559159
real_20240707,real,2024-07-07,adapted,2123,0.6633686,10.18100414,0.1377801259,0.01898336309,0.0009977896582,0.9990022103,2322.764096,2116.809203,0.7279110299,0.6633686,0.6293682154,0.6973689846
real_20240707,real,2024-07-07,adapted,2124,0.6636818632,10.17746134,-0.3182345349,0.1012732192,0.0003769488851,0.9996230511,2322.86537,2117.808826,0.727942767,0.6636818632,0.6296814786,0.6976822478
real_20240707,real,2024-07-07,adapted,2125,0.663994882,10.17454217,-0.4340539005,0.1884027885,0.001157209651,0.9988427903,2323.053772,2118.807668,0.728001809,0.663994882,0.6299944974,0.6979952666
real_20240707,real,2024-07-07,adapted,2126,0.6643076837,10.17280902,-0.312456204,0.09762887939,0.001849597792,0.9981504022,2323.151401,2119.805819,0.728032404,0.6643076837,0.6303072991,0.6983080683
real_20240707,real,2024-07-07,adapted,2127,0.664620684,10.17039197,-0.5738451127,0.3292982134,0.001216210983,0.998783789,2323.480699,2120.804603,0.7281356,0.664620684,0.6306202994,0.6986210686
real_20240707,real,2024-07-07,adapted,2128,0.6649338728,10.16695941,-0.422516486,0.178520181,0.0006143688087,0.9993856312,2323.65922,2121.803988,0.7281915449,0.6649338728,0.6309334882,0.6989342574
real_20240707,real,2024-07-07,adapted,2129,0.665247056,10.16371352,0.02225277161,0.0004951858442,0.0006325953278,0.9993674047,2323.659715,2122.803356,0.7281917,0.665247056,0.6312466714,0.6992474406
real_20240707,real,2024-07-07,adapted,2130,0.6655600581,10.15826942,0.5521317005,0.3048494147,0.001210077477,0.9987899225,2323.964564,2123.802145,0.7282872342,0.6655600581,0.6315596735,0.6995604427
real_20240707,real,2024-07-07,adapted,2131,0.6658729329,10.1540692,0.3762995269,0.141601334,0.001616702082,0.9983832979,2324.106166,2124.800529,0.7283316094,0.6658729329,0.6318725483,0.6998733175
real_20240707,real,2024-07-07,adapted,2132,0.6661861753,10.15373772,-0.5724725197,0.3277247858,0.0004433737278,0.9995566263,2324.43389,2125.800085,0.7284343122,0.6661861753,0.6321857907,0.7001865599
real_20240707,real,2024-07-07,adapted,2133,0.6664990885,10.15201431,-1.582134042,2.503148127,0.001494040442,0.9985059596,2326.937038,2126.798591,0.7292187523,0.6664990885,0.6324987039,0.7004994731
real_20240707,real,2024-07-07,adapted,2134,0.6668108018,10.15034608,0.6771600564,0.458545742,0.005322717585,0.9946772824,2327.395584,2127.793269,0.729362452,0.6668108018,0.6328104172,0.7008111864
real_20240707,real,2024-07-07,adapted,2135,0.6671239181,10.14462811,0.6988744531,0.4884255011,0.0008459371544,0.9991540628,2327.88401,2128.792423,0.7295155154,0.6671239181,0.6331235335,0.7011243027
real_20240707,real,2024-07-07,adapted,2136,0.6674372321,10.14205277,-1.954856746,3.821464898,0.0002152351012,0.9997847649,2331.705475,2129.792207,0.7307130914,0.6674372321,0.6334368475,0.7014376167
real_20240707,real,2024-07-07,adapted,2137,0.6677503182,10.14086793,0.3547715834,0.1258628764,0.0009421717244,0.9990578283,2331.831338,2130.791265,0.7307525345,0.6677503182,0.6337499336,0.7017507028
real_20240707,real,2024-07-07,adapted,2138,0.6680631932,10.1379691,1.250618455,1.564046519,0.001615692234,0.9983843078,2333.395384,2131.78965,0.7312426775,0.6680631932,0.6340628086,0.7020635778
real_20240707,real,2024-07-07,adapted,2139,0.6683746991,10.13486188,-0.2885452323,0.08325835111,0.005984892045,0.994015108,2333.478642,2132.783665,0.7312687692,0.6683746991,0.6343743145,0.7023750837
real_20240707,real,2024-07-07,adapted,2140,0.6686875206,10.13399264,0.6799539042,0.4623373118,0.001786483831,0.9982135162,2333.94098,2133.781878,0.7314136571,0.6686875206,0.634687136,0.7026879052
real_20240707,real,2024-07-07,adapted,2141,0.6690000791,10.13022112,0.2497678325,0.06238397017,0.002625756978,0.997374243,2334.003364,2134.779252,0.731433207,0.6690000791,0.6349996945,0.7030004637
real_20240707,real,2024-07-07,adapted,2142,0.6693133946,10.12782302,-1.706175266,2.911034038,0.0002104269099,0.9997895731,2336.914398,2135.779042,0.7323454709,0.6693133946,0.63531301,0.7033137792
real_20240707,real,2024-07-07,adapted,2143,0.6696260842,10.12132668,1.990719081,3.96296246,0.002207306588,0.9977926934,2340.87736,2136.776835,0.7335873896,0.6696260842,0.6356256996,0.7036264688
real_20240707,real,2024-07-07,adapted,2144,0.669938973,10.11818424,0.03680261944,0.001354432798,0.001571852678,0.9984281473,2340.878715,2137.775263,0.733587814,0.669938973,0.6359385884,0.7039393576
real_20240707,real,2024-07-07,adapted,2145,0.6702520401,10.11570429,1.066472976,1.137364608,0.001002843976,0.998997156,2342.016079,2138.77426,0.7339442429,0.6702520401,0.6362516555,0.7042524247
real_20240707,real,2024-07-07,adapted,2146,0.6705652524,10.11443966,1.30121169,1.693151862,0.0005397098885,0.9994602901,2343.709231,2139.77372,0.7344748452,0.6705652524,0.6365648678,0.704565637
real_20240707,real,2024-07-07,adapted,2147,0.6708778107,10.11308661,0.7562468561,0.5719093073,0.002626536588,0.9973734634,2344.28114,2140.771094,0.7346540709,0.6708778107,0.6368774261,0.7048781953
real_20240707,real,2024-07-07,adapted,2148,0.6711907653,10.11043224,0.7355112732,0.5409768329,0.001361796065,0.9986382039,2344.822117,2141.769732,0.734823603,0.6711907653,0.6371903807,0.7051911499
real_20240707,real,2024-07-07,adapted,2149,0.6715036951,10.10938769,0.8546092502,0.7303569705,0.00144098159,0.9985590184,2345.552474,2142.768291,0.7350524833,0.6715036951,0.6375033105,0.7055040797
real_20240707,real,2024-07-07,adapted,2150,0.6718166343,10.10611381,0.3933434273,0.1547190518,0.001410877429,0.9985891226,2345.707193,2143.76688,0.7351009694,0.6718166343,0.6378162497,0.7058170189
real_20240707,real,2024-07-07,adapted,2151,0.6721295831,10.10438067,0.4936720626,0.2437121054,0.001380424623,0.9986195754,2345.950905,2144.7655,0.7351773442,0.6721295831,0.6381291985,0.7061299677
real_20240707,real,2024-07-07,adapted,2152,0.6724427265,10.09648134,-1.675834051,2.808419767,0.000759571963,0.999240428,2348.759325,2145.76474,0.7360574507,0.6724427265,0.6384423419,0.7064431111
real_20240707,real,2024-07-07,adapted,2153,0.6727555375,10.09286195,0.5623761211,0.3162669016,0.001820097385,0.9981799026,2349.075592,2146.76292,0.7361565628,0.6727555375,0.6387551529,0.7067559221
real_20240707,real,2024-07-07,adapted,2154,0.6730678994,10.09219364,-0.01663788112,0.0002768190881,0.003252945766,0.9967470542,2349.075869,2147.759667,0.7361566496,0.6730678994,0.6390675148,0.707068284
real_20240707,real,2024-07-07,adapted,2155,0.6733807545,10.08841161,1.069762247,1.144391265,0.001679610541,0.9983203895,2350.22026,2148.757988,0.7365152805,0.6733807545,0.6393803699,0.7073811391
real_20240707,real,2024-07-07,adapted,2156,0.6736939775,10.08720943,-0.5053890227,0.2554180643,0.0005052480034,0.999494752,2350.475678,2149.757482,0.7365953238,0.6736939775,0.6396935929,0.7076943621
real_20240707,real,2024-07-07,adapted,2157,0.6740072864,10.07865928,0.02102849372,0.0004421975483,0.0002313345606,0.9997686654,2350.47612,2150.757251,0.7365954623,0.6740072864,0.6400069018,0.708007671
real_20240707,real,2024-07-07,adapted,2158,0.6743204825,10.0747141,0.5380316627,0.2894780701,0.0005914219098,0.9994085781,2350.765598,2151.75666,0.7366861794,0.6743204825,0.6403200979,0.7083208671
real_20240707,real,2024-07-07,adapted,2159,0.6746332731,10.06464938,-0.3148788521,0.09914869148,0.001885060519,0.9981149395,2350.864747,2152.754774,0.7367172507,0.6746332731,0.6406328885,0.7086336577
real_20240707,real,2024-07-07,adapted,2160,0.6749464906,10.06391673,-0.5693653973,0.3241769557,0.0005230564935,0.9994769435,2351.188924,2153.754251,0.7368188418,0.6749464906,0.640946106,0.7089468752
real_20240707,real,2024-07-07,adapted,2161,0.6752587586,10.06313389,0.2685619606,0.07212552669,0.003552768239,0.9964472318,2351.26105,2154.750699,0.7368414446,0.6752587586,0.641258374,0.7092591432
real_20240707,real,2024-07-07,adapted,2162,0.6755712249,10.06204138,-0.95760289,0.9170032949,0.002920066944,0.9970799331,2352.178053,2155.747779,0.7371288163,0.6755712249,0.6415708403,0.7095716095
real_20240707,real,2024-07-07,adapted,2163,0.6758843761,10.06076727,0.1176270617,0.01383612564,0.0007344667872,0.9992655332,2352.191889,2156.747044,0.7371331523,0.6758843761,0.6418839915,0.7098847607
real_20240707,real,2024-07-07,adapted,2164,0.6761973476,10.05964139,-0.9522140969,0.9067116862,0.001307776067,0.9986922239,2353.098601,2157.745736,0.7374172989,0.6761973476,0.642196963,0.7101977322
real_20240707,real,2024-07-07,adapted,2165,0.6765105001,10.05306128,0.3253820138,0.1058734549,0.0007305534176,0.9992694466,2353.204474,2158.745006,0.7374504776,0.6765105001,0.6425101155,0.7105108847
real_20240707,real,2024-07-07,adapted,2166,0.6768219102,10.05072206,-0.7024603195,0.4934505005,0.006290156576,0.9937098434,2353.697925,2159.738716,0.7376051158,0.6768219102,0.6428215256,0.7108222948
real_20240707,real,2024-07-07,adapted,2167,0.6771340794,10.05008072,-0.9610255866,0.9235701781,0.003868363774,0.9961316362,2354.621495,2160.734847,0.7378945455,0.6771340794,0.6431336948,0.711134464
real_20240707,real,2024-07-07,adapted,2168,0.6774457372,10.04374717,-0.05271614147,0.002778991572,0.005499959628,0.9945000404,2354.624274,2161.729347,0.7378954164,0.6774457372,0.6434453526,0.7114461218
real_20240707,real,2024-07-07,adapted,2169,0.6777586785,10.04301593,-1.404906196,1.973761419,0.001404305215,0.9985956948,2356.598035,2162.727943,0.7385139565,0.6777586785,0.6437582939,0.7117590631
real_20240707,real,2024-07-07,adapted,2170,0.6780716813,10.04086933,-0.8364646188,0.6996730585,0.001208087926,0.9987919121,2357.297708,2163.726735,0.738733221,0.6780716813,0.6440712967,0.7120720659
real_20240707,real,2024-07-07,adapted,2171,0.6783823485,10.03981568,1.782092052,3.175852082,0.008660667089,0.9913393329,2360.47356,2164.718074,0.739728474,0.6783823485,0.6443819639,0.7123827331
real_20240707,real,2024-07-07,adapted,2172,0.6786948191,10.03502031,-1.97248476,3.890696128,0.002906400781,0.9970935992,2364.364257,2165.715168,0.7409477457,0.6786948191,0.6446944345,0.7126952037
real_20240707,real,2024-07-07,adapted,2173,0.67900818,10.03031028,-1.304409028,1.701482911,6.545418751e-05,0.9999345458,2366.065739,2166.715102,0.7414809588,0.67900818,0.6450077954,0.7130085646
real_20240707,real,2024-07-07,adapted,2174,0.6793214334,10.02265724,-0.4725828531,0.2233345531,0.000408519187,0.9995914808,2366.289074,2167.714694,0.7415509477,0.6793214334,0.6453210488,0.713321818
real_20240707,real,2024-07-07,adapted,2175,0.679634493,10.0218704,1.454020288,2.114174997,0.001026799379,0.9989732006,2368.403249,2168.713667,0.7422134907,0.679634493,0.6456341084,0.7136348776
real_20240707,real,2024-07-07,adapted,2176,0.6799475984,10.016366,-2.87317842,8.255154234,0.0008805848126,0.9991194152,2376.658403,2169.712786,0.7448005024,0.6799475984,0.6459472138,0.713947983
real_20240707,real,2024-07-07,adapted,2177,0.6802608007,10.01025599,-0.09433059048,0.0088982603,0.0005713366282,0.9994286634,2376.667301,2170.712215,0.744803291,0.6802608007,0.6462604161,0.7142611853
real_20240707,real,2024-07-07,adapted,2178,0.6805736462,10.00963728,-0.4284029638,0.1835290994,0.001710183697,0.9982898163,2376.850831,2171.710505,0.7448608056,0.6805736462,0.6465732616,0.7145740308
real_20240707,real,2024-07-07,adapted,2179,0.6808867438,10.00676748,-0.4873640601,0.2375237271,0.0009055855945,0.9990944144,2377.088354,2172.709599,0.7449352411,0.6808867438,0.6468863592,0.7148871284
real_20240707,real,2024-07-07,adapted,2180,0.6811998132,9.996405976,1.003963506,1.007942722,0.0009955602244,0.9990044398,2378.096297,2173.708604,0.7452511116,0.6811998132,0.6471994286,0.7152001978
real_20240707,real,2024-07-07,adapted,2181,0.6815127629,9.993250442,0.1147802267,0.01317450044,0.001377489341,0.9986225107,2378.109472,2174.707226,0.7452552402,0.6815127629,0.6475123783,0.7155131475
real_20240707,real,2024-07-07,adapted,2182,0.6818249937,9.991261768,1.216443612,1.479735061,0.003671279361,0.9963287206,2379.589207,2175.703555,0.7457189616,0.6818249937,0.6478246091,0.7158253783
real_20240707,real,2024-07-07,adapted,2183,0.682137859,9.988521064,0.9736184043,0.9479327972,0.001647063024,0.998352937,2380.537139,2176.701908,0.7460160261,0.682137859,0.6481374744,0.7161382436
real_20240707,real,2024-07-07,adapted,2184,0.682450817,9.98651463,-0.3441798643,0.118459779,0.001350905432,0.9986490946,2380.655599,2177.700557,0.7460531492,0.682450817,0.6484504324,0.7164512016
real_20240707,real,2024-07-07,adapted,2185,0.6827640102,9.98299648,-1.78003201,3.168513956,0.0006005078086,0.9993994922,2383.824113,2178.699957,0.7470461025,0.6827640102,0.6487636256,0.7167643948
real_20240707,real,2024-07-07,adapted,2186,0.6830760844,9.977632487,-0.1471349364,0.0216486895,0.004171353813,0.9958286462,2383.845762,2179.695785,0.7470528868,0.6830760844,0.6490756998,0.717076469
real_20240707,real,2024-07-07,adapted,2187,0.6833890279,9.97755732,0.8186034913,0.670111676,0.001397172162,0.9986028278,2384.515873,2180.694388,0.7472628873,0.6833890279,0.6493886433,0.7173894125
real_20240707,real,2024-07-07,adapted,2188,0.6837021527,9.971310234,-0.4173706585,0.1741982666,0.0008187844999,0.9991812155,2384.690072,2181.693569,0.7473174778,0.6837021527,0.6497017681,0.7177025373
real_20240707,real,2024-07-07,adapted,2189,0.6840150671,9.966200237,0.5231817153,0.2737191072,0.001490224446,0.9985097756,2384.963791,2182.692079,0.7474032563,0.6840150671,0.6500146825,0.7180154517
real_20240707,real,2024-07-07,adapted,2190,0.6843280826,9.961470912,0.3112096654,0.09685145581,0.001167432806,0.9988325672,2385.060642,2183.690912,0.7474336077,0.6843280826,0.650327698,0.7183284672
real_20240707,real,2024-07-07,adapted,2191,0.6846413919,9.960453699,-1.759187338,3.094740091,0.0002298698568,0.9997701301,2388.155382,2184.690682,0.7484034417,0.6846413919,0.6506410073,0.7186417765
real_20240707,real,2024-07-07,adapted,2192,0.6849543308,9.957980899,1.032876104,1.066833047,0.001412140649,0.9985878594,2389.222215,2185.68927,0.7487377673,0.6849543308,0.6509539462,0.7189547154
real_20240707,real,2024-07-07,adapted,2193,0.6852675114,9.956761404,-0.3670879678,0.1347535761,0.0006405762344,0.9993594238,2389.356969,2186.688629,0.7487799966,0.6852675114,0.6512671268,0.719267896
real_20240707,real,2024-07-07,adapted,2194,0.6855806542,9.955608564,-2.010307181,4.041334964,0.0007613815377,0.9992386185,2393.398304,2187.687868,0.7500464757,0.6855806542,0.6515802696,0.7195810388
real_20240707,real,2024-07-07,adapted,2195,0.6858939198,9.948308237,0.5939206339,0.3527417194,0.0003696234568,0.9996303765,2393.751046,2188.687498,0.7501570184,0.6858939198,0.6518935352,0.7198943044
real_20240707,real,2024-07-07,adapted,2196,0.6862059357,9.947356278,-1.680672804,2.824661074,0.00435712735,0.9956428726,2396.575707,2189.683141,0.7510422146,0.6862059357,0.6522055511,0.7202063203
real_20240707,real,2024-07-07,adapted,2197,0.68651874,9.946764577,-1.732885037,3.002890552,0.001841580781,0.9981584192,2399.578597,2190.681299,0.7519832646,0.68651874,0.6525183554,0.7205191246
real_20240707,real,2024-07-07,adapted,2198,0.6868318646,9.941852409,0.6335760588,0.4014186223,0.0008194972828,0.9991805027,2399.980016,2191.68048,0.7521090617,0.6868318646,0.65283148,0.7208322492
real_20240707,real,2024-07-07,adapted,2199,0.6871450379,9.93400269,1.5294989,2.339366885,0.0006639815929,0.9993360184,2402.319383,2192.679816,0.7528421758,0.6871450379,0.6531446533,0.7211454225
real_20240707,real,2024-07-07,adapted,2200,0.6874579535,9.932355511,-0.3289107304,0.1081822686,0.001486097334,0.9985139027,2402.427565,2193.67833,0.7528760781,0.6874579535,0.6534575689,0.7214583381
real_20240707,real,2024-07-07,adapted,2201,0.687770354,9.924625199,0.6864893105,0.4712675734,0.003129988732,0.9968700113,2402.898833,2194.6752,0.7530237645,0.687770354,0.6537699694,0.7217707386
real_20240707,real,2024-07-07,adapted,2202,0.6880836478,9.923367877,0.1823189535,0.03324020081,0.0002794759765,0.999720524,2402.932073,2195.67492,0.7530341814,0.6880836478,0.6540832632,0.7220840324
real_20240707,real,2024-07-07,adapted,2203,0.6883966602,9.918721147,0.0720667516,0.005193616686,0.001177491444,0.9988225086,2402.937266,2196.673743,0.753035809,0.6883966602,0.6543962756,0.7223970448
real_20240707,real,2024-07-07,adapted,2204,0.6887099669,9.909725928,0.1981150732,0.03924958221,0.000238351533,0.9997616485,2402.976516,2197.673504,0.7530481091,0.6887099669,0.6547095823,0.7227103515
real_20240707,real,2024-07-07,adapted,2205,0.6890226425,9.907792948,-0.1536120384,0.02359665835,0.002252183528,0.9977478165,2403.000113,2198.671252,0.7530555038,0.6890226425,0.6550222579,0.7230230271
real_20240707,real,2024-07-07,adapted,2206,0.6893354031,9.906141948,0.495609943,0.2456292156,0.001980884442,0.9980191156,2403.245742,2199.669271,0.7531324795,0.6893354031,0.6553350185,0.7233357877
real_20240707,real,2024-07-07,adapted,2207,0.6896487183,9.902940577,-0.08153852378,0.00664853086,0.000211208659,0.9997887913,2403.25239,2200.66906,0.753134563,0.6896487183,0.6556483337,0.7236491029
real_20240707,real,2024-07-07,adapted,2208,0.689961692,9.900666606,-0.05283449472,0.002791483832,0.00130086006,0.9986991399,2403.255182,2201.667759,0.7531354378,0.689961692,0.6559613074,0.7239620766
real_20240707,real,2024-07-07,adapted,2209,0.6902746626,9.898503882,1.953597046,3.816541417,0.001310778331,0.9986892217,2407.071723,2202.666448,0.7543314708,0.6902746626,0.656274278,0.7242750472
real_20240707,real,2024-07-07,adapted,2210,0.690587991,9.894489703,0.8230697882,0.6774438762,0.0001691136065,0.9998308864,2407.749167,2203.666279,0.7545437691,0.690587991,0.6565876064,0.7245883756
real_20240707,real,2024-07-07,adapted,2211,0.6909011213,9.890278264,-1.357603153,1.843086321,0.0008013357126,0.9991986643,2409.592254,2204.665478,0.7551213581,0.6909011213,0.6569007367,0.7249015059
real_20240707,real,2024-07-07,adapted,2212,0.6912140755,9.889635662,0.5274469949,0.2782003325,0.0013629951,0.9986370049,2409.870454,2205.664115,0.7552085409,0.6912140755,0.6572136909,0.7252144601
real_20240707,real,2024-07-07,adapted,2213,0.691527203,9.883279071,0.3545730303,0.1257220338,0.0008101818126,0.9991898182,2409.996176,2206.663305,0.7552479398,0.691527203,0.6575268184,0.7255275876
real_20240707,real,2024-07-07,adapted,2214,0.6918405143,9.882606223,0.03053118749,0.0009321534096,0.0002236082314,0.9997763918,2409.997108,2207.663081,0.7552482319,0.6918405143,0.6578401297,0.7258408989
real_20240707,real,2024-07-07,adapted,2215,0.6921536901,9.881942254,-0.6402902689,0.4099716284,0.0006561769845,0.999343823,2410.40708,2208.662425,0.7553767094,0.6921536901,0.6581533055,0.7261540747
real_20240707,real,2024-07-07,adapted,2216,0.6924653112,9.879025433,-1.699630693,2.888744493,0.005617046595,0.9943829534,2413.295824,2209.656808,0.7562819882,0.6924653112,0.6584649266,0.7264656958
real_20240707,real,2024-07-07,adapted,2217,0.6927781931,9.873671643,-0.3617324264,0.1308503483,0.001593695047,0.998406305,2413.426675,2210.655214,0.7563229942,0.6927781931,0.6587778085,0.7267785777
real_20240707,real,2024-07-07,adapted,2218,0.6930907474,9.873364657,-0.5713906987,0.3264873306,0.002639501677,0.9973604983,2413.753162,2211.652575,0.7564253093,0.6930907474,0.6590903628,0.727091132
real_20240707,real,2024-07-07,adapted,2219,0.6934039327,9.867855454,0.5735390258,0.3289470141,0.0006254372867,0.9993745627,2414.082109,2212.651949,0.7565283951,0.6934039327,0.6594035481,0.7274043173
real_20240707,real,2024-07-07,adapted,2220,0.6937170706,9.863084777,-0.9348065518,0.8738632893,0.0007770723448,0.9992229277,2414.955972,2213.651172,0.7568022476,0.6937170706,0.659716686,0.7277174552
real_20240707,real,2024-07-07,adapted,2221,0.694029749,9.859582702,0.534934141,0.2861545353,0.002243277446,0.9977567226,2415.242127,2214.648929,0.7568919231,0.694029749,0.6600293644,0.7280301336
real_20240707,real,2024-07-07,adapted,2222,0.6943428866,9.855038751,0.001925637995,3.708081686e-06,0.0007777466349,0.9992222534,2415.24213,2215.648151,0.7568919243,0.6943428866,0.660342502,0.7283432712
real_20240707,real,2024-07-07,adapted,2223,0.6946549869,9.854593907,-0.6224038879,0.3873865997,0.004088021123,0.9959119789,2415.629517,2216.644063,0.757013324,0.6946549869,0.6606546023,0.7286553715
real_20240707,real,2024-07-07,adapted,2224,0.6949683322,9.853550729,1.005918826,1.011872684,0.0001150998645,0.9998849001,2416.64139,2217.643948,0.7573304261,0.6949683322,0.6609679476,0.7289687168
real_20240707,real,2024-07-07,adapted,2225,0.6952803323,9.852494902,0.9274082881,0.8600861328,0.004407741167,0.9955922588,2417.501476,2218.63954,0.7575999611,0.6952803323,0.6612799477,0.7292807169
real_20240707,real,2024-07-07,adapted,2226,0.6955933802,9.852250864,0.4090051214,0.1672851893,0.001064190548,0.9989358095,2417.668761,2219.638476,0.7576523852,0.6955933802,0.6615929956,0.7295937648
real_20240707,real,2024-07-07,adapted,2227,0.6959064757,9.849868622,-1.080165566,1.166757651,0.0009123917077,0.9990876083,2418.835519,2220.637564,0.7580180253,0.6959064757,0.6619060911,0.7299068603
real_20240707,real,2024-07-07,adapted,2228,0.6962191975,9.848310113,-0.9543444294,0.9107732899,0.002104559905,0.9978954401,2419.746292,2221.635459,0.7583034447,0.6962191975,0.6622188129,0.7302195821
real_20240707,real,2024-07-07,adapted,2229,0.6965323279,9.84742161,0.1183536176,0.0140075788,0.0008010654098,0.9991989346,2419.7603,2222.634658,0.7583078344,0.6965323279,0.6625319433,0.7305327125
real_20240707,real,2024-07-07,adapted,2230,0.6968456671,9.845646913,-1.55596513,2.421027486,0.0001344256131,0.9998655744,2422.181327,2223.634524,0.7590665393,0.6968456671,0.6628452825,0.7308460517
real_20240707,real,2024-07-07,adapted,2231,0.697157584,9.839600252,-0.4625565224,0.2139585364,0.004673135293,0.9953268647,2422.395286,2224.629851,0.75913359,0.697157584,0.6631571994,0.7311579686
real_20240707,real,2024-07-07,adapted,2232,0.6974706558,9.838821969,-0.4153090693,0.172481623,0.0009879428469,0.9990120572,2422.567767,2225.628863,0.7591876425,0.6974706558,0.6634702712,0.7314710404
real_20240707,real,2024-07-07,adapted,2233,0.6977835157,9.837653867,-0.5851754117,0.3424302624,0.001664229621,0.9983357704,2422.910197,2226.627198,0.7592949538,0.6977835157,0.6637831311,0.7317839003
real_20240707,real,2024-07-07,adapted,2234,0.6980968621,9.835203342,-0.5573755182,0.3106674683,0.0001115211004,0.9998884789,2423.220865,2227.627087,0.7593923112,0.6980968621,0.6640964775,0.7320972467
real_20240707,real,2024-07-07,adapted,2235,0.6984099247,9.833361298,1.147344592,1.316399613,0.001017311561,0.9989826884,2424.537265,2228.62607,0.7598048463,0.6984099247,0.6644095401,0.7324103093
real_20240707,real,2024-07-07,adapted,2236,0.6987219685,9.829224067,-0.40315107,0.1625307852,0.004268066225,0.9957319338,2424.699795,2229.621802,0.7598557804,0.6987219685,0.6647215839,0.7327223531
real_20240707,real,2024-07-07,adapted,2237,0.6990350178,9.828964852,0.9951537345,0.9903309553,0.001059932692,0.9989400673,2425.690126,2230.620742,0.7601661317,0.6990350178,0.6650346332,0.7330354024
real_20240707,real,2024-07-07,adapted,2238,0.6993479526,9.827595131,2.76659085,7.65402493,0.001424901306,0.9985750987,2433.344151,2231.619317,0.7625647606,0.6993479526,0.665347568,0.7333483372
real_20240707,real,2024-07-07,adapted,2239,0.6996590596,9.827100959,0.3510919104,0.1232655296,0.007257471247,0.9927425288,2433.467417,2232.612059,0.7626033898,0.6996590596,0.665658675,0.7336594442
real_20240707,real,2024-07-07,adapted,2240,0.6999720553,9.826510693,-1.595505381,2.545637422,0.001230762454,0.9987692375,2436.013054,2233.610829,0.7634011451,0.6999720553,0.6659716707,0.7339724399
real_20240707,real,2024-07-07,adapted,2241,0.7002854061,9.824457781,0.8239752774,0.6789352578,9.762248021e-05,0.9999023775,2436.691989,2234.610731,0.7636139108,0.7002854061,0.6662850215,0.7342857907
real_20240707,real,2024-07-07,adapted,2242,0.7005980324,9.819755931,0.4058414877,0.1647073131,0.002409390967,0.997590609,2436.856697,2235.608322,0.763665527,0.7005980324,0.6665976478,0.734598417
real_20240707,real,2024-07-07,adapted,2243,0.7009106783,9.818491893,0.3084064936,0.0951145653,0.002347183757,0.9976528162,2436.951811,2236.605974,0.7636953342,0.7009106783,0.6669102937,0.7349110629
real_20240707,real,2024-07-07,adapted,2244,0.7012237184,9.816576347,-0.6101500324,0.372283062,0.001088876303,0.9989111237,2437.324094,2237.604885,0.7638120007,0.7012237184,0.6672233338,0.735224103
real_20240707,real,2024-07-07,adapted,2245,0.7015368835,9.815251689,0.01760874661,0.0003100679573,0.0006903005275,0.9993096995,2437.324404,2238.604195,0.7638120979,0.7015368835,0.6675364989,0.7355372681
real_20240707,real,2024-07-07,adapted,2246,0.7018501782,9.814036641,1.048222578,1.098770573,0.0002763961375,0.9997236039,2438.423175,2239.603919,0.7641564322,0.7018501782,0.6678497936,0.7358505628
real_20240707,real,2024-07-07,adapted,2247,0.7021614267,9.803216271,-0.6265333898,0.3925440885,0.006806232129,0.9931937679,2438.815719,2240.597113,0.7642794482,0.7021614267,0.6681610421,0.7361618113
real_20240707,real,2024-07-07,adapted,2248,0.7024745529,9.797746898,-1.252990208,1.569984461,0.0008140833728,0.9991859166,2440.385704,2241.596298,0.7647714521,0.7024745529,0.6684741683,0.7364749375
real_20240707,real,2024-07-07,adapted,2249,0.7027873432,9.796522436,2.089752895,4.367067161,0.00188629788,0.9981137021,2444.752771,2242.594412,0.7661400096,0.7027873432,0.6687869586,0.7367877278
real_20240707,real,2024-07-07,adapted,2250,0.7030996051,9.796254306,0.1986513245,0.03946234873,0.003572404112,0.9964275959,2444.792233,2243.59084,0.7661523764,0.7030996051,0.6690992205,0.7370999897
real_20240707,real,2024-07-07,adapted,2251,0.703412503,9.79388533,0.4390816096,0.1927926599,0.001542776311,0.9984572237,2444.985026,2244.589297,0.766212794,0.703412503,0.6694121184,0.7374128876
real_20240707,real,2024-07-07,adapted,2252,0.7037254151,9.7924215,-0.2340421734,0.05477573891,0.001497396234,0.9985026038,2445.039801,2245.5878,0.7662299597,0.7037254151,0.6697250305,0.7377257997
real_20240707,real,2024-07-07,adapted,2253,0.704037378,9.783099195,-0.7466744671,0.5575227598,0.004526337726,0.9954736623,2445.597324,2246.583273,0.766404677,0.704037378,0.6700369934,0.7380377626
real_20240707,real,2024-07-07,adapted,2254,0.7043504668,9.782147251,0.1879160429,0.03531243917,0.0009335725544,0.9990664274,2445.632637,2247.58234,0.7664157432,0.7043504668,0.6703500822,0.7383508514
real_20240707,real,2024-07-07,adapted,2255,0.7046631058,9.780872071,-1.175325674,1.381390439,0.00236890421,0.9976310958,2447.014027,2248.579971,0.7668486453,0.7046631058,0.6706627212,0.7386634904
real_20240707,real,2024-07-07,adapted,2256,0.7049762914,9.780276345,1.073343141,1.152065498,0.0006247774569,0.9993752225,2448.166093,2249.579346,0.7672096812,0.7049762914,0.6709759068,0.738976676
real_20240707,real,2024-07-07,adapted,2257,0.7052893889,9.771223492,1.84134807,3.390562713,0.0009060302135,0.9990939698,2451.556655,2250.57844,0.7682722204,0.7052893889,0.6712890043,0.7392897735
real_20240707,real,2024-07-07,adapted,2258,0.7056018536,9.770098353,-1.294476597,1.675669661,0.002925129978,0.99707487,2453.232325,2251.575515,0.7687973441,0.7056018536,0.671601469,0.7396022382
real_20240707,real,2024-07-07,adapted,2259,0.7059148115,9.767190028,0.919492303,0.8454660953,0.001351379882,0.9986486201,2454.077791,2252.574163,0.7690622974,0.7059148115,0.6719144269,0.7399151961
real_20240707,real,2024-07-07,adapted,2260,0.7062278133,9.766133003,-0.537852034,0.2892848105,0.001211191506,0.9987888085,2454.367076,2253.572952,0.7691529539,0.7062278133,0.6722274287,0.7402281979
real_20240707,real,2024-07-07,adapted,2261,0.706539846,9.765583299,0.730547655,0.5336998763,0.0043035945,0.9956964055,2454.900776,2254.568649,0.7693202055,0.706539846,0.6725394614,0.7405402306
real_20240707,real,2024-07-07,adapted,2262,0.7068529438,9.761716477,0.07706762352,0.005939418595,0.000904937627,0.9990950624,2454.906715,2255.567744,0.7693220668,0.7068529438,0.6728525592,0.7408533284
real_20240707,real,2024-07-07,adapted,2263,0.707166171,9.761574578,1.159392737,1.344191519,0.0004919025587,0.9995080974,2456.250907,2256.567252,0.7697433114,0.707166171,0.6731657864,0.7411665556
real_20240707,real,2024-07-07,adapted,2264,0.7074789451,9.757716417,0.003905546687,1.525329493e-05,0.001938088439,0.9980619116,2456.250922,2257.565314,0.7697433162,0.7074789451,0.6734785605,0.7414793297
real_20240707,real,2024-07-07,adapted,2265,0.7077916118,9.75734931,1.043560684,1.089018901,0.002280527026,0.997719473,2457.339941,2258.563033,0.7700845944,0.7077916118,0.6737912272,0.7417919964
real_20240707,real,2024-07-07,adapted,2266,0.7081040263,9.752176936,0.509746913,0.2598419153,0.003085166223,0.9969148338,2457.599783,2259.559948,0.7701660241,0.7081040263,0.6741036417,0.7421044109
real_20240707,real,2024-07-07,adapted,2267,0.7084165171,9.747956651,-1.116964877,1.247610536,0.002841810793,0.9971581892,2458.847393,2260.557106,0.770557002,0.7084165171,0.6744161325,0.7424169017
real_20240707,real,2024-07-07,adapted,2268,0.7087298754,9.746993394,0.3825975548,0.146380889,7.377534773e-05,0.9999262247,2458.993774,2261.557032,0.770602875,0.7087298754,0.6747294908,0.74273026
real_20240707,real,2024-07-07,adapted,2269,0.7090430421,9.741572961,0.7243427943,0.5246724836,0.0006851239247,0.9993148761,2459.518447,2262.556347,0.7707672976,0.7090430421,0.6750426575,0.7430434267
real_20240707,real,2024-07-07,adapted,2270,0.7093561271,9.741059918,-0.198055586,0.03922601513,0.0009458427757,0.9990541572,2459.557673,2263.555401,0.7707795903,0.7093561271,0.6753557425,0.7433565117
real_20240707,real,2024-07-07,adapted,2271,0.7096692173,9.738979214,0.8632779562,0.7452488297,0.00092901073,0.9990709893,2460.302922,2264.554472,0.7710131374,0.7096692173,0.6756688327,0.7436696019
real_20240707,real,2024-07-07,adapted,2272,0.7099819852,9.73848369,1.169469849,1.367659728,0.001957721138,0.9980422789,2461.670581,2265.552515,0.7714417365,0.7099819852,0.6759816006,0.7439823698
real_20240707,real,2024-07-07,adapted,2273,0.7102946505,9.738212142,0.5048940024,0.2549179536,0.002285095472,0.9977149045,2461.925499,2266.55023,0.7715216231,0.7102946505,0.6762942659,0.7442950351
real_20240707,real,2024-07-07,adapted,2274,0.7106076824,9.737199759,1.000359336,1.000718802,0.001115199316,0.9988848007,2462.926218,2267.549114,0.7718352297,0.7106076824,0.6766072978,0.744608067
real_20240707,real,2024-07-07,adapted,2275,0.7109205852,9.727483305,1.796208782,3.226365989,0.00152720671,0.9984727933,2466.152584,2268.547587,0.7728463128,0.7109205852,0.6769202006,0.7449209698
real_20240707,real,2024-07-07,adapted,2276,0.7112332963,9.724504242,0.5294387663,0.2803054073,0.002138846051,0.9978611539,2466.432889,2269.545448,0.7729341553,0.7112332963,0.6772329117,0.7452336809
real_20240707,real,2024-07-07,adapted,2277,0.7115465405,9.724374075,0.1588661015,0.02523843821,0.0004375842534,0.9995624157,2466.458128,2270.545011,0.7729420645,0.7115465405,0.6775461559,0.7455469251
real_20240707,real,2024-07-07,adapted,2278,0.7118598278,9.721244931,1.298521946,1.686159245,0.0003003867847,0.9996996132,2468.144287,2271.54471,0.7734704754,0.7118598278,0.6778594432,0.7458602124
real_20240707,real,2024-07-07,adapted,2279,0.7121717194,9.718256466,-0.2296104131,0.05272094182,0.004753675721,0.9952463243,2468.197008,2272.539957,0.7734869972,0.7121717194,0.6781713348,0.746172104
real_20240707,real,2024-07-07,adapted,2280,0.7124850025,9.715426079,-0.3851918465,0.1483727586,0.000313716583,0.9996862834,2468.345381,2273.539643,0.7735334944,0.7124850025,0.6784846179,0.7464853871
real_20240707,real,2024-07-07,adapted,2281,0.7127972082,9.709264693,0.1657332061,0.02746749559,0.003751735473,0.9962482645,2468.372848,2274.535891,0.7735421023,0.7127972082,0.6787968236,0.7467975928
real_20240707,real,2024-07-07,adapted,2282,0.7131097398,9.707438332,1.273122126,1.620839947,0.002711709458,0.9972882905,2469.993688,2275.53318,0.7740500433,0.7131097398,0.6791093552,0.7471101244
real_20240707,real,2024-07-07,adapted,2283,0.7134226311,9.704547911,-0.6284523728,0.3949523849,0.00156369803,0.998436302,2470.388641,2276.531616,0.774173814,0.7134226311,0.6794222465,0.7474230157
real_20240707,real,2024-07-07,adapted,2284,0.7137342416,9.700861642,0.3357814172,0.1127491601,0.005650802395,0.9943491976,2470.50139,2277.525965,0.7742091475,0.7137342416,0.679733857,0.7477346262
real_20240707,real,2024-07-07,adapted,2285,0.7140468957,9.699812527,-0.4402314387,0.1938037197,0.002321014297,0.9976789857,2470.695193,2278.523644,0.774269882,0.7140468957,0.6800465111,0.7480472803
real_20240707,real,2024-07-07,adapted,2286,0.7143588649,9.699581144,0.1502163515,0.02256495225,0.004506203878,0.9954937961,2470.717758,2279.519138,0.7742769534,0.7143588649,0.6803584803,0.7483592495
real_20240707,real,2024-07-07,adapted,2287,0.7146716119,9.685483756,0.568380269,0.3230561302,0.002024167625,0.9979758324,2471.040815,2280.517114,0.7743781932,0.7146716119,0.6806712273,0.7486719965
real_20240707,real,2024-07-07,adapted,2288,0.714984891,9.68201821,0.5719382045,0.3271133098,0.0003263565405,0.9996736435,2471.367928,2281.516787,0.7744807044,0.714984891,0.6809845064,0.7489852756
real_20240707,real,2024-07-07,adapted,2289,0.7152976513,9.67933801,1.858656753,3.454604924,0.001982064896,0.9980179351,2474.822533,2282.514805,0.7755633133,0.7152976513,0.6812972667,0.7492980359
real_20240707,real,2024-07-07,adapted,2290,0.7156109278,9.673848919,-0.1453444423,0.0211250069,0.0003345261214,0.9996654739,2474.843658,2283.514471,0.7755699335,0.7156109278,0.6816105432,0.7496113124
real_20240707,real,2024-07-07,adapted,2291,0.7159240537,9.673353921,-1.374526995,1.889324461,0.0008153529524,0.999184647,2476.732982,2284.513655,0.7761620126,0.7159240537,0.6819236691,0.7499244383
real_20240707,real,2024-07-07,adapted,2292,0.716237245,9.673193009,-1.137700407,1.294362216,0.0006066842981,0.9993933157,2478.027344,2285.513049,0.7765676416,0.716237245,0.6822368604,0.7502376296
real_20240707,real,2024-07-07,adapted,2293,0.7165492907,9.669160175,0.7858447417,0.6175519581,0.004261999547,0.9957380005,2478.644896,2286.508787,0.7767611709,0.7165492907,0.6825489061,0.7505496753
real_20240707,real,2024-07-07,adapted,2294,0.7168623197,9.666082636,-0.7951907093,0.6323282642,0.001124608442,0.9988753916,2479.277225,2287.507662,0.7769593308,0.7168623197,0.6828619351,0.7508627043
real_20240707,real,2024-07-07,adapted,2295,0.7171741671,9.663701989,0.201642463,0.04065968289,0.004894829105,0.9951051709,2479.317884,2288.502767,0.7769720728,0.7171741671,0.6831737825,0.7511745517
real_20240707,real,2024-07-07,adapted,2296,0.7174873809,9.663065578,-0.4009439944,0.1607560867,0.000534683343,0.9994653167,2479.47864,2289.502233,0.7770224508,0.7174873809,0.6834869963,0.7514877655
real_20240707,real,2024-07-07,adapted,2297,0.717799135,9.662269166,-0.5878704066,0.3455916149,0.005192663451,0.9948073365,2479.824232,2290.49704,0.7771307528,0.717799135,0.6837987504,0.7517995196
real_20240707,real,2024-07-07,adapted,2298,0.7181105831,9.656731356,0.2009882362,0.0403962711,0.00616937071,0.9938306293,2479.864628,2291.490871,0.7771434122,0.7181105831,0.6841101985,0.7521109677
real_20240707,real,2024-07-07,adapted,2299,0.7184230264,9.655456765,-1.270194793,1.613394813,0.002993235599,0.9970067644,2481.478023,2292.487877,0.7776490201,0.7184230264,0.6844226418,0.752423411
real_20240707,real,2024-07-07,adapted,2300,0.7187350866,9.654598721,1.441071723,2.076687711,0.004215955042,0.995784045,2483.554711,2293.483661,0.7782998154,0.7187350866,0.684734702,0.7527354712
real_20240707,real,2024-07-07,adapted,2301,0.7190482034,9.648908389,0.3946483445,0.1557473159,0.0008442535573,0.9991557464,2483.710458,2294.482817,0.7783486237,0.7190482034,0.6850478188,0.753048588
real_20240707,real,2024-07-07,adapted,2302,0.719361309,9.647781578,1.687099196,2.846303698,0.0008802080651,0.9991197919,2486.556762,2295.481937,0.7792406023,0.719361309,0.6853609244,0.7533616936
real_20240707,real,2024-07-07,adapted,2303,0.7196736999,9.646057695,-1.787763114,3.196096951,0.003160650037,0.99683935,2489.752859,2296.478776,0.7802421996,0.7196736999,0.6856733153,0.7536740845
real_20240707,real,2024-07-07,adapted,2304,0.7199865409,9.645969635,2.776359905,7.708174321,0.001724099836,0.9982759002,2497.461033,2297.477052,0.7826577979,0.7199865409,0.6859861563,0.7539869255
real_20240707,real,2024-07-07,adapted,2305,0.720299216,9.633210183,1.336901951,1.787306826,0.002253788971,0.997746211,2499.24834,2298.474798,0.7832179066,0.720299216,0.6862988314,0.7542996006
real_20240707,real,2024-07-07,adapted,2306,0.7206116647,9.633105768,-0.6601335153,0.435776258,0.002976319048,0.997023681,2499.684116,2299.471822,0.7833544708,0.7206116647,0.6866112801,0.7546120493
real_20240707,real,2024-07-07,adapted,2307,0.7209240673,9.632402709,1.108170827,1.228042581,0.003123306239,0.9968766938,2500.912159,2300.468699,0.7837393165,0.7209240673,0.6869236827,0.7549244519
real_20240707,real,2024-07-07,adapted,2308,0.7212368277,9.632204936,0.5073059962,0.2573593738,0.001981592785,0.9980184072,2501.169518,2301.466717,0.7838199681,0.7212368277,0.6872364431,0.7552372123
real_20240707,real,2024-07-07,adapted,2309,0.7215499999,9.630894909,0.9207497879,0.8477801719,0.0006674704352,0.9993325296,2502.017298,2302.46605,0.7840856466,0.7215499999,0.6875496153,0.7555503845
real_20240707,real,2024-07-07,adapted,2310,0.7218630373,9.630505699,0.4521725707,0.2044600337,0.001097764652,0.9989022353,2502.221758,2303.464952,0.7841497206,0.7218630373,0.6878626527,0.7558634219
real_20240707,real,2024-07-07,adapted,2311,0.7221759674,9.62615074,-1.393120083,1.940783565,0.001439842674,0.9985601573,2504.162542,2304.463512,0.784757926,0.7221759674,0.6881755828,0.756176352
real_20240707,real,2024-07-07,adapted,2312,0.7224889762,9.623995359,-0.1481470333,0.02194754347,0.001188969903,0.9988110301,2504.18449,2305.462323,0.784764804,0.7224889762,0.6884885916,0.7564893608
real_20240707,real,2024-07-07,adapted,2313,0.7228007044,9.623298188,-2.025876643,4.104176174,0.005275496776,0.9947245032,2508.288666,2306.457048,0.7860509764,0.7228007044,0.6888003198,0.756801089
real_20240707,real,2024-07-07,adapted,2314,0.7231137531,9.614652822,-0.4777262061,0.228222328,0.001061449122,0.9989385509,2508.516888,2307.455986,0.786122497,0.7231137531,0.6891133685,0.7571141377
real_20240707,real,2024-07-07,adapted,2315,0.7234261397,9.605686017,-1.310450841,1.717281406,0.003174487722,0.9968255123,2510.234169,2308.452812,0.7866606611,0.7234261397,0.6894257551,0.7574265243
real_20240707,real,2024-07-07,adapted,2316,0.7237392312,9.604978108,1.004502851,1.009025979,0.0009248567736,0.9990751432,2511.243195,2309.451887,0.786976871,0.7237392312,0.6897388466,0.7577396158
real_20240707,real,2024-07-07,adapted,2317,0.7240505688,9.595672763,-2.059412746,4.241180857,0.006521839724,0.9934781603,2515.484376,2310.445365,0.7883059782,0.7240505688,0.6900501842,0.7580509534
real_20240707,real,2024-07-07,adapted,2318,0.7243617296,9.594217887,0.0106081625,0.0001125331117,0.007085876553,0.9929141234,2515.484489,2311.438279,0.7883060134,0.7243617296,0.690361345,0.7583621142
real_20240707,real,2024-07-07,adapted,2319,0.7246746799,9.589515385,1.081765205,1.170215959,0.001375441448,0.9986245586,2516.654705,2312.436904,0.7886727373,0.7246746799,0.6906742953,0.7586750645
real_20240707,real,2024-07-07,adapted,2320,0.7249877342,9.589211176,-0.4763657833,0.2269243595,0.001043938711,0.9989560613,2516.881629,2313.43586,0.7887438512,0.7249877342,0.6909873496,0.7589881188
real_20240707,real,2024-07-07,adapted,2321,0.7252997906,9.58852376,-1.110012676,1.232128141,0.004227855302,0.9957721447,2518.113757,2314.431632,0.7891299772,0.7252997906,0.691299406,0.7593001752
real_20240707,real,2024-07-07,adapted,2322,0.7256126104,9.583282193,1.071931584,1.14903732,0.001791960552,0.9982080394,2519.262795,2315.42984,0.7894900641,0.7256126104,0.6916122258,0.759612995
real_20240707,real,2024-07-07,adapted,2323,0.7259255982,9.582851508,0.5564766039,0.3096662107,0.001255958448,0.9987440416,2519.572461,2316.428584,0.7895871077,0.7259255982,0.6919252136,0.7599259828
real_20240707,real,2024-07-07,adapted,2324,0.7262378796,9.577846832,-0.2599428539,0.06757028727,0.003510014204,0.9964899858,2519.640031,2317.425074,0.789608283,0.7262378796,0.692237495,0.7602382642
real_20240707,real,2024-07-07,adapted,2325,0.7265509015,9.575099262,0.3521397736,0.1240024201,0.001147240279,0.9988527597,2519.764034,2318.423927,0.7896471431,0.7265509015,0.6925505169,0.7605512861
real_20240707,real,2024-07-07,adapted,2326,0.726862499,9.568436085,-0.7176501039,0.5150216717,0.00569248951,0.9943075105,2520.279055,2319.418234,0.7898085413,0.726862499,0.6928621144,0.7608628836
real_20240707,real,2024-07-07,adapted,2327,0.7271750726,9.56334969,0.7357724842,0.5413611485,0.002577452671,0.9974225473,2520.820416,2320.415657,0.7899781938,0.7271750726,0.693174688,0.7611754572
real_20240707,real,2024-07-07,adapted,2328,0.7274871507,9.559129362,0.4905419093,0.2406313648,0.004158977057,0.9958410229,2521.061048,2321.411498,0.7900536032,0.7274871507,0.6934867661,0.7614875353
real_20240707,real,2024-07-07,adapted,2329,0.7277994258,9.557832524,0.8661699236,0.7502503365,0.003530099542,0.9964699005,2521.811298,2322.407968,0.7902887177,0.7277994258,0.6937990412,0.7617998104
real_20240707,real,2024-07-07,adapted,2330,0.7281116437,9.556301024,-0.2037590661,0.04151775701,0.003712462446,0.9962875376,2521.852816,2323.404255,0.7903017285,0.7281116437,0.6941112591,0.7621120283
real_20240707,real,2024-07-07,adapted,2331,0.7284244073,9.554319509,-1.401183622,1.963315542,0.001971538099,0.9980284619,2523.816131,2324.402284,0.7909169951,0.7284244073,0.6944240227,0.7624247919
real_20240707,real,2024-07-07,adapted,2332,0.7287369296,9.553739922,-1.951632834,3.808870718,0.002741378975,0.997258621,2527.625002,2325.399542,0.7921106243,0.7287369296,0.694736545,0.7627373142
real_20240707,real,2024-07-07,adapted,2333,0.7290500758,9.550872638,-0.451259443,0.2036350849,0.0007503265693,0.9992496734,2527.828637,2326.398792,0.7921744397,0.7290500758,0.6950496912,0.7630504604
real_20240707,real,2024-07-07,adapted,2334,0.7293630183,9.5499181,-1.572482496,2.4727012,0.001400708241,0.9985992918,2530.301338,2327.397391,0.7929493382,0.7293630183,0.6953626337,0.7633634029
real_20240707,real,2024-07-07,adapted,2335,0.7296753929,9.543138762,-0.6096623861,0.3716882251,0.003212501559,0.9967874984,2530.673027,2328.394179,0.7930658184,0.7296753929,0.6956750083,0.7636757775
real_20240707,real,2024-07-07,adapted,2336,0.7299882418,9.542566157,-0.790939295,0.6255849684,0.001699037899,0.9983009621,2531.298612,2329.39248,0.7932618651,0.7299882418,0.6959878572,0.7639886264
real_20240707,real,2024-07-07,adapted,2337,0.7303005786,9.540816432,0.2979502029,0.08877432341,0.003333449494,0.9966665505,2531.387386,2330.389146,0.7932896853,0.7303005786,0.696300194,0.7643009632
real_20240707,real,2024-07-07,adapted,2338,0.7306138425,9.53950662,0.05326259656,0.002836904192,0.0003747903842,0.9996252096,2531.390223,2331.388771,0.7932905744,0.7306138425,0.6966134579,0.7646142271
real_20240707,real,2024-07-07,adapted,2339,0.7309267768,9.532958994,-0.9131305091,0.8338073266,0.001426726451,0.9985732735,2532.22403,2332.387345,0.793551874,0.7309267768,0.6969263922,0.7649271614
real_20240707,real,2024-07-07,adapted,2340,0.731239815,9.531177486,-0.4006504224,0.160520761,0.001095136458,0.9989048635,2532.384551,2333.38625,0.7936021783,0.731239815,0.6972394304,0.7652401996
real_20240707,real,2024-07-07,adapted,2341,0.7315517029,9.52891884,0.549694155,0.302163664,0.004765514246,0.9952344858,2532.686715,2334.381484,0.7936968707,0.7315517029,0.6975513183,0.7655520875
real_20240707,real,2024-07-07,adapted,2342,0.7318647829,9.527403058,-0.4706913458,0.221550343,0.0009619853264,0.9990380147,2532.908265,2335.380522,0.7937663005,0.7318647829,0.6978643983,0.7658651675
real_20240707,real,2024-07-07,adapted,2343,0.7321779373,9.526306297,-0.5210381347,0.2714807378,0.0007240604624,0.9992759395,2533.179746,2336.379798,0.7938513775,0.7321779373,0.6981775527,0.7661783219
real_20240707,real,2024-07-07,adapted,2344,0.7324905297,9.523106482,-0.5992237283,0.3590690765,0.002517679005,0.997482321,2533.538815,2337.37728,0.7939639031,0.7324905297,0.6984901451,0.7664909143
real_20240707,real,2024-07-07,adapted,2345,0.7328036644,9.520515164,0.4787572691,0.2292085227,0.0007873141145,0.9992126859,2533.768023,2338.376493,0.7940357327,0.7328036644,0.6988032798,0.766804049
real_20240707,real,2024-07-07,adapted,2346,0.7331164859,9.52042991,0.1560713732,0.02435827353,0.001786487415,0.9982135126,2533.792381,2339.374707,0.7940433662,0.7331164859,0.6991161013,0.7671168705
real_20240707,real,2024-07-07,adapted,2347,0.7334294293,9.508411778,0.3198972946,0.1023342791,0.001397714403,0.9986022856,2533.894716,2340.373309,0.7940754358,0.7334294293,0.6994290447,0.7674298139
real_20240707,real,2024-07-07,adapted,2348,0.7337423061,9.507841622,-0.9698023748,0.9405166462,0.001610107713,0.9983898923,2534.835232,2341.371699,0.7943701762,0.7337423061,0.6997419215,0.7677426907
real_20240707,real,2024-07-07,adapted,2349,0.7340546238,9.506302206,0.90843924,0.8252618529,0.003394171447,0.9966058286,2535.660494,2342.368305,0.7946287979,0.7340546238,0.7000542392,0.7680550084
real_20240707,real,2024-07-07,adapted,2350,0.7343666046,9.503875286,-1.211606411,1.467990096,0.004469312737,0.9955306873,2537.128484,2343.363835,0.7950888387,0.7343666046,0.70036622,0.7683669892
real_20240707,real,2024-07-07,adapted,2351,0.7346798407,9.50365532,0.9475082436,0.8977718716,0.0004636741611,0.9995363258,2538.026256,2344.363372,0.7953701837,0.7346798407,0.7006794561,0.7686802253
real_20240707,real,2024-07-07,adapted,2352,0.7349922376,9.503296119,1.337171735,1.788028249,0.003141511515,0.9968584885,2539.814284,2345.36023,0.7959305185,0.7349922376,0.700991853,0.7689926222
real_20240707,real,2024-07-07,adapted,2353,0.7353053526,9.50290549,-0.7418269268,0.5503071893,0.0008500028257,0.9991499972,2540.364592,2346.35938,0.7961029745,0.7353053526,0.701304968,0.7693057372
real_20240707,real,2024-07-07,adapted,2354,0.7356180104,9.496659739,-0.2353381944,0.05538406573,0.002308754052,0.9976912459,2540.419976,2347.357071,0.7961203308,0.7356180104,0.7016176258,0.769618395
real_20240707,real,2024-07-07,adapted,2355,0.7359311324,9.496017014,0.2908003543,0.08456484605,0.0008276765621,0.9991723234,2540.504541,2348.356244,0.7961468319,0.7359311324,0.7019307478,0.769931517
real_20240707,real,2024-07-07,adapted,2356,0.7362442368,9.493785079,1.774588555,3.14916454,0.0008839233605,0.9991160766,2543.653705,2349.35536,0.7971337214,0.7362442368,0.7022438522,0.7702446214
real_20240707,real,2024-07-07,adapted,2357,0.7365567292,9.492474166,0.4355613208,0.1897136642,0.002836717058,0.9971632829,2543.843419,2350.352523,0.7971931742,0.7365567292,0.7025563446,0.7705571138
real_20240707,real,2024-07-07,adapted,2358,0.7368664289,9.491848984,0.6351867881,0.4034622558,0.01174846545,0.9882515345,2544.246881,2351.340775,0.7973196117,0.7368664289,0.7028660443,0.7708668135
real_20240707,real,2024-07-07,adapted,2359,0.7371794381,9.489465922,0.5846233023,0.3417844056,0.001187614378,0.9988123856,2544.588665,2352.339587,0.7974267206,0.7371794381,0.7031790535,0.7711798227
real_20240707,real,2024-07-07,adapted,2360,0.7374922974,9.487838837,-0.1297653409,0.01683904371,0.001665781805,0.9983342182,2544.605504,2353.337921,0.7974319976,0.7374922974,0.7034919128,0.771492682
real_20240707,real,2024-07-07,adapted,2361,0.7378055045,9.48388731,1.269805794,1.612406755,0.0005564020391,0.999443598,2546.217911,2354.337365,0.7979372959,0.7378055045,0.7038051199,0.7718058891
real_20240707,real,2024-07-07,adapted,2362,0.7381187183,9.482758843,-0.5224422101,0.2729458629,0.000534702379,0.9994652976,2546.490857,2355.33683,0.7980228321,0.7381187183,0.7041183337,0.7721191029
real_20240707,real,2024-07-07,adapted,2363,0.7384319395,9.481753552,-1.405165366,1.974489705,0.000511055763,0.9994889442,2548.465347,2356.336319,0.7986416004,0.7384319395,0.7044315549,0.7724323241
real_20240707,real,2024-07-07,adapted,2364,0.7387445638,9.476750877,-1.220964018,1.490753133,0.002415908452,0.9975840915,2549.9561,2357.333903,0.7991087747,0.7387445638,0.7047441792,0.7727449484
real_20240707,real,2024-07-07,adapted,2365,0.7390578208,9.475393554,-0.3321299862,0.1103103277,0.0003969086754,0.9996030913,2550.06641,2358.333506,0.7991433439,0.7390578208,0.7050574362,0.7730582054
real_20240707,real,2024-07-07,adapted,2366,0.7393707866,9.472003957,0.2910489803,0.08470950895,0.001326091365,0.9986739086,2550.15112,2359.33218,0.7991698902,0.7393707866,0.705370402,0.7733711712
real_20240707,real,2024-07-07,adapted,2367,0.7396833705,9.470568187,1.117803212,1.249484021,0.002544811654,0.9974551883,2551.400604,2360.329635,0.7995614553,0.7396833705,0.7056829859,0.7736837551
real_20240707,real,2024-07-07,adapted,2368,0.7399966004,9.464806059,0.7331138864,0.5374559705,0.0004834890934,0.9995165109,2551.93806,2361.329152,0.799729884,0.7399966004,0.7059962158,0.773996985
real_20240707,real,2024-07-07,adapted,2369,0.7403095226,9.461867367,-0.9819101576,0.9641475576,0.001465021149,0.9985349789,2552.902207,2362.327687,0.8000320299,0.7403095226,0.706309138,0.7743099072
real_20240707,real,2024-07-07,adapted,2370,0.7406215631,9.460689385,-1.549514074,2.400993866,0.004279014974,0.995720985,2555.303201,2363.323408,0.8007844567,0.7406215631,0.7066211785,0.7746219477
real_20240707,real,2024-07-07,adapted,2371,0.7409340225,9.458143597,0.515141293,0.2653705517,0.002941828236,0.9970581718,2555.568572,2364.320466,0.8008676188,0.7409340225,0.7069336379,0.7749344071
real_20240707,real,2024-07-07,adapted,2372,0.7412472511,9.45087739,0.3051127614,0.0930937972,0.0004877578768,0.9995122421,2555.661666,2365.319978,0.8008967927,0.7412472511,0.7072468665,0.7752476357
real_20240707,real,2024-07-07,adapted,2373,0.7415595721,9.446575961,-0.2571839986,0.06614360914,0.003383627076,0.9966163729,2555.727809,2366.316595,0.8009175209,0.7415595721,0.7075591875,0.7755599567
real_20240707,real,2024-07-07,adapted,2374,0.7418728405,9.444518367,0.7399552488,0.5475337702,0.0003604014136,0.9996395986,2556.275343,2367.316234,0.8010891078,0.7418728405,0.7078724559,0.7758732251
real_20240707,real,2024-07-07,adapted,2375,0.742185943,9.438470194,0.3099729079,0.09608320364,0.00088995256,0.9991100474,2556.371426,2368.315344,0.8011192185,0.742185943,0.7081855584,0.7761863276
real_20240707,real,2024-07-07,adapted,2376,0.7424987838,9.435514562,-1.179546206,1.391329253,0.00172505998,0.99827494,2557.762755,2369.313619,0.8015552351,0.7424987838,0.7084983992,0.7764991684
real_20240707,real,2024-07-07,adapted,2377,0.7428116989,9.434470619,2.058242528,4.236362302,0.00148778924,0.9985122108,2561.999118,2370.312131,0.8028828322,0.7428116989,0.7088113143,0.7768120835
real_20240707,real,2024-07-07,adapted,2378,0.7431245774,9.433383532,-0.9657366773,0.9326473299,0.001604822857,0.9983951771,2562.931765,2371.310526,0.8031751065,0.7431245774,0.7091241928,0.777124962
real_20240707,real,2024-07-07,adapted,2379,0.7434375121,9.424929762,-0.3096638059,0.09589167271,0.001425244055,0.9985747559,2563.027657,2372.309101,0.8032051572,0.7434375121,0.7094371275,0.7774378967
real_20240707,real,2024-07-07,adapted,2380,0.7437502519,9.419353218,-0.4504109488,0.2028700228,0.002047327316,0.9979526727,2563.230527,2373.307054,0.8032687329,0.7437502519,0.7097498673,0.7777506365
real_20240707,real,2024-07-07,adapted,2381,0.7440611984,9.417034407,-0.4453369952,0.1983250393,0.007769986718,0.9922300133,2563.428852,2374.299284,0.8033308843,0.7440611984,0.7100608138,0.778061583
real_20240707,real,2024-07-07,adapted,2382,0.7443743933,9.41558201,-0.7490492016,0.5610747064,0.0005950678327,0.9994049322,2563.989926,2375.298689,0.8035067146,0.7443743933,0.7103740087,0.7783747779
real_20240707,real,2024-07-07,adapted,2383,0.7446877305,9.413549752,-2.223982256,4.946097073,0.0001408749999,0.999859125,2568.936024,2376.298548,0.8050567294,0.7446877305,0.7106873459,0.7786881151
real_20240707,real,2024-07-07,adapted,2384,0.7450000047,9.411564974,-0.5261741071,0.276859191,0.003532922872,0.9964670771,2569.212883,2377.295015,0.8051434919,0.7450000047,0.7109996201,0.7790003893
real_20240707,real,2024-07-07,adapted,2385,0.7453127255,9.411321484,0.6917108762,0.4784639363,0.002107957403,0.9978920426,2569.691347,2378.292907,0.8052934336,0.7453127255,0.7113123409,0.7793131101
real_20240707,real,2024-07-07,adapted,2386,0.7456256255,9.408165408,-0.07159333678,0.005125605871,0.001536271403,0.9984637286,2569.696472,2379.291371,0.8052950399,0.7456256255,0.7116252409,0.7796260101
real_20240707,real,2024-07-07,adapted,2387,0.7459377472,9.40764354,0.1350653999,0.01824266224,0.004019497301,0.9959805027,2569.714715,2380.287351,0.8053007568,0.7459377472,0.7119373626,0.7799381318
real_20240707,real,2024-07-07,adapted,2388,0.7462501777,9.401835687,-0.07251756151,0.005258796727,0.003034406266,0.9969655937,2569.719974,2381.284317,0.8053024048,0.7462501777,0.7122497931,0.7802505623
real_20240707,real,2024-07-07,adapted,2389,0.7465618915,9.39892843,0.2914962991,0.08497009236,0.005321171545,0.9946788285,2569.804944,2382.278996,0.8053290328,0.7465618915,0.7125615069,0.7805622761
real_20240707,real,2024-07-07,adapted,2390,0.7468750511,9.396270314,-0.3301742962,0.1090150658,0.0007077102333,0.9992922898,2569.913959,2383.278288,0.8053631961,0.7468750511,0.7128746665,0.7808754357
real_20240707,real,2024-07-07,adapted,2391,0.7471880989,9.390471396,-0.2537898977,0.06440931219,0.00106448103,0.998935519,2569.978368,2384.277224,0.8053833808,0.7471880989,0.7131877143,0.7811884835
real_20240707,real,2024-07-07,adapted,2392,0.7475012285,9.388157417,-0.1136565738,0.01291781676,0.0008033775962,0.9991966224,2569.991286,2385.27642,0.805387429,0.7475012285,0.7135008439,0.7815016131
real_20240707,real,2024-07-07,adapted,2393,0.7478133085,9.386924994,0.2326990366,0.05414884165,0.004152869283,0.9958471307,2570.045435,2386.272267,0.8054043983,0.7478133085,0.7138129239,0.7818136931
real_20240707,real,2024-07-07,adapted,2394,0.7481264166,9.385519881,0.08719646712,0.007603223878,0.0008719339582,0.999128066,2570.053038,2387.271395,0.805406781,0.7481264166,0.714126032,0.7821268012
real_20240707,real,2024-07-07,adapted,2395,0.7484386563,9.384993096,-0.1965896542,0.03864749213,0.003643259394,0.9963567406,2570.091686,2388.267752,0.8054188924,0.7484386563,0.7144382717,0.7824390409
real_20240707,real,2024-07-07,adapted,2396,0.7487517146,9.383851991,-0.08918559067,0.007954069582,0.001030691151,0.9989693088,2570.09964,2389.266721,0.805421385,0.7487517146,0.71475133,0.7827520992
real_20240707,real,2024-07-07,adapted,2397,0.7490644233,9.376636047,0.240939907,0.05805203879,0.002146619395,0.9978533806,2570.157692,2390.264575,0.8054395775,0.7490644233,0.7150640387,0.7830648079
real_20240707,real,2024-07-07,adapted,2398,0.7493776004,9.374652567,1.2116555,1.468109052,0.0006518874496,0.9993481126,2571.625801,2391.263923,0.8058996555,0.7493776004,0.7153772158,0.783377985
real_20240707,real,2024-07-07,adapted,2399,0.7496900601,9.373980297,0.8763475138,0.7679849649,0.002941268059,0.9970587319,2572.393786,2392.260982,0.8061403277,0.7496900601,0.7156896755,0.7836904447
real_20240707,real,2024-07-07,adapted,2400,0.7500027797,9.372786068,-0.9632936483,0.9279346529,0.002111729197,0.9978882708,2573.32172,2393.25887,0.8064311251,0.7500027797,0.7160023951,0.7840031643
real_20240707,real,2024-07-07,adapted,2401,0.7503151044,9.368917892,0.4723614719,0.2231253601,0.003371822002,0.996628178,2573.544846,2394.255498,0.8065010485,0.7503151044,0.7163147198,0.784315489
real_20240707,real,2024-07-07,adapted,2402,0.7506278264,9.368470187,-1.168846413,1.366201937,0.002104128623,0.9978958714,2574.911048,2395.253394,0.8069291907,0.7506278264,0.7166274418,0.784628211
real_20240707,real,2024-07-07,adapted,2403,0.7509409497,9.366670082,-0.02934341838,0.0008610362021,0.000823515374,0.9991764846,2574.911909,2396.25257,0.8069294606,0.7509409497,0.7169405651,0.7849413343
real_20240707,real,2024-07-07,adapted,2404,0.7512522282,9.363290977,0.1035238997,0.01071719782,0.006710353431,0.9932896466,2574.922626,2397.24586,0.8069328191,0.7512522282,0.7172518436,0.7852526128
real_20240707,real,2024-07-07,adapted,2405,0.7515630233,9.358179913,-0.8869281621,0.7866415646,0.008252720539,0.9917472795,2575.709267,2398.237607,0.807179338,0.7515630233,0.7175626387,0.7855634079
real_20240707,real,2024-07-07,adapted,2406,0.7518762474,9.356386342,0.07262372826,0.005274205906,0.0005018515199,0.9994981485,2575.714542,2399.237106,0.8071809908,0.7518762474,0.7178758628,0.785876632
real_20240707,real,2024-07-07,adapted,2407,0.7521895042,9.354197305,0.9125857016,0.8328126628,0.0003975058622,0.9996024941,2576.547354,2400.236708,0.8074419788,0.7521895042,0.7181891196,0.7861898888
real_20240707,real,2024-07-07,adapted,2408,0.752502604,9.353999,-1.261826964,1.592207288,0.000898621484,0.9991013785,2578.139562,2401.235809,0.8079409469,0.752502604,0.7185022194,0.7865029886
real_20240707,real,2024-07-07,adapted,2409,0.7528158994,9.350506193,-0.4949886427,0.2450137564,0.0002744934013,0.9997255066,2578.384575,2402.235535,0.8080177297,0.7528158994,0.7188155148,0.786816284
real_20240707,real,2024-07-07,adapted,2410,0.7531281404,9.347841354,1.387182033,1.924273992,0.003639015444,0.9963609846,2580.308849,2403.231896,0.8086207613,0.7531281404,0.7191277558,0.787128525
real_20240707,real,2024-07-07,adapted,2411,0.7534406357,9.345279561,0.4857766539,0.2359789575,0.00282732261,0.9971726774,2580.544828,2404.229069,0.8086947127,0.7534406357,0.7194402511,0.7874410203
real_20240707,real,2024-07-07,adapted,2412,0.7537517231,9.33997383,1.310362758,1.717050557,0.007320195821,0.9926798042,2582.261879,2405.221748,0.8092328044,0.7537517231,0.7197513385,0.7877521077
real_20240707,real,2024-07-07,adapted,2413,0.7540644472,9.338090937,0.1767806251,0.0312513894,0.002097367182,0.9979026328,2582.29313,2406.219651,0.809242598,0.7540644472,0.7200640626,0.7880648318
real_20240707,real,2024-07-07,adapted,2414,0.7543772417,9.337105164,0.08933499622,0.00798074155,0.001872775,0.998127225,2582.301111,2407.217778,0.809245099,0.7543772417,0.7203768571,0.7883776263
real_20240707,real,2024-07-07,adapted,2415,0.754689938,9.332188125,0.8408228741,0.7069831057,0.002186103863,0.9978138961,2583.008094,2408.215592,0.8094666544,0.754689938,0.7206895534,0.7886903226
real_20240707,real,2024-07-07,adapted,2416,0.7550024768,9.332141126,-0.7524527414,0.566185128,0.002688664963,0.997311335,2583.574279,2409.212903,0.8096440862,0.7550024768,0.7210020922,0.7890028614
real_20240707,real,2024-07-07,adapted,2417,0.755315124,9.32797206,0.2311422409,0.05342673551,0.00234283033,0.9976571697,2583.627706,2410.210561,0.8096608292,0.755315124,0.7213147394,0.7893155086
real_20240707,real,2024-07-07,adapted,2418,0.7556284412,9.325975186,-0.2101436756,0.04416036438,0.0002048428029,0.9997951572,2583.671866,2411.210356,0.8096746682,0.7556284412,0.7216280566,0.7896288258
real_20240707,real,2024-07-07,adapted,2419,0.7559414644,9.32483905,-0.006544387413,4.282900661e-05,0.001142796282,0.9988572037,2583.671909,2412.209213,0.8096746816,0.7559414644,0.7219410798,0.789941849
real_20240707,real,2024-07-07,adapted,2420,0.7562541052,9.321147363,-0.05832152026,0.003401399726,0.002363440202,0.9976365598,2583.675311,2413.20685,0.8096757476,0.7562541052,0.7222537206,0.7902544898
real_20240707,real,2024-07-07,adapted,2421,0.7565669355,9.319374508,-0.3108413066,0.09662231792,0.001758418642,0.9982415814,2583.771933,2414.205091,0.8097060272,0.7565669355,0.7225665509,0.7905673201
real_20240707,real,2024-07-07,adapted,2422,0.7568786644,9.316822889,0.2392209818,0.05722667814,0.005272963107,0.9947270369,2583.82916,2415.199818,0.809723961,0.7568786644,0.7228782798,0.790879049
real_20240707,real,2024-07-07,adapted,2423,0.7571914604,9.312949573,-0.8781264349,0.7711060358,0.001868037007,0.998131963,2584.600266,2416.19795,0.8099656113,0.7571914604,0.7231910758,0.791191845
real_20240707,real,2024-07-07,adapted,2424,0.7575039948,9.308276438,-0.1155531072,0.01335252059,0.002702639076,0.9972973609,2584.613618,2417.195248,0.8099697957,0.7575039948,0.7235036102,0.7915043794
real_20240707,real,2024-07-07,adapted,2425,0.7578172767,9.30540299,-0.3901038369,0.1521810036,0.0003174427223,0.9996825573,2584.765799,2418.19493,0.8100174864,0.7578172767,0.7238168921,0.7918176613
real_20240707,real,2024-07-07,adapted,2426,0.7581300754,9.302678665,0.9273506056,0.8599791457,0.00185959579,0.9981404042,2585.625778,2419.19307,0.8102869878,0.7581300754,0.7241296908,0.79213046
real_20240707,real,2024-07-07,adapted,2427,0.7584421588,9.296633744,0.5724409451,0.3276886357,0.00414184182,0.9958581582,2585.953467,2420.188929,0.8103896794,0.7584421588,0.7244417742,0.7924425434
real_20240707,real,2024-07-07,adapted,2428,0.7587551316,9.294871715,-0.3172952096,0.10067625,0.001303556697,0.9986964433,2586.054143,2421.187625,0.8104212294,0.7587551316,0.724754747,0.7927555162
real_20240707,real,2024-07-07,adapted,2429,0.7590674098,9.294350329,-0.01313163446,0.0001724398236,0.003520255509,0.9964797445,2586.054316,2422.184105,0.8104212835,0.7590674098,0.7250670252,0.7930677944
real_20240707,real,2024-07-07,adapted,2430,0.7593798519,9.293620063,-0.09145793355,0.008364553609,0.002997460548,0.9970025395,2586.06268,2423.181107,0.8104239048,0.7593798519,0.7253794673,0.7933802365
real_20240707,real,2024-07-07,adapted,2431,0.759692423,9.292716046,0.5232045387,0.2737429894,0.00258554874,0.9974144513,2586.336423,2424.178522,0.8105096907,0.759692423,0.7256920384,0.7936928076
real_20240707,real,2024-07-07,adapted,2432,0.7600051503,9.290026794,0.2856320891,0.08158569035,0.00208721437,0.9979127856,2586.418009,2425.176435,0.8105352582,0.7600051503,0.7260047657,0.7940055349
real_20240707,real,2024-07-07,adapted,2433,0.7603175236,9.287316964,-0.9261077661,0.8576755945,0.003216664701,0.9967833353,2587.275684,2426.173218,0.8108040377,0.7603175236,0.726317139,0.7943179082
real_20240707,real,2024-07-07,adapted,2434,0.7606305406,9.286672931,-0.9259886103,0.8574549064,0.001162980009,0.99883702,2588.133139,2427.172055,0.8110727481,0.7606305406,0.726630156,0.7946309252
real_20240707,real,2024-07-07,adapted,2435,0.760942383,9.285252671,-0.2313367741,0.05351670307,0.004910725145,0.9950892749,2588.186656,2428.167144,0.8110895193,0.760942383,0.7269419984,0.7949427676
real_20240707,real,2024-07-07,adapted,2436,0.7612546791,9.283531394,0.3097122483,0.09592167675,0.003463141415,0.9965368586,2588.282578,2429.163681,0.8111195793,0.7612546791,0.7272542945,0.7952550637
real_20240707,real,2024-07-07,adapted,2437,0.7615678616,9.282448654,1.608028087,2.585754327,0.0006348599737,0.99936514,2590.868332,2430.163046,0.8119299066,0.7615678616,0.727567477,0.7955682462
real_20240707,real,2024-07-07,adapted,2438,0.7618807557,9.276320976,-1.189988653,1.416072995,0.001554858276,0.9984451417,2592.284405,2431.161491,0.8123736775,0.7618807557,0.7278803711,0.7958811403
real_20240707,real,2024-07-07,adapted,2439,0.7621935343,9.269904595,-0.7952449458,0.6324145238,0.001923365406,0.9980766346,2592.91682,2432.159568,0.8125718645,0.7621935343,0.7281931497,0.7961939189
real_20240707,real,2024-07-07,adapted,2440,0.7625062006,9.267077735,0.126685644,0.01604925241,0.002281939169,0.9977180608,2592.932869,2433.157286,0.812576894,0.7625062006,0.728505816,0.7965065852
real_20240707,real,2024-07-07,adapted,2441,0.7628190935,9.266255218,0.001008100985,1.016267595e-06,0.001558817402,0.9984411826,2592.93287,2434.155727,0.8125768943,0.7628190935,0.7288187089,0.7968194781
real_20240707,real,2024-07-07,adapted,2442,0.7631323171,9.264227056,0.6931523516,0.4804601825,0.0005032254619,0.9994967745,2593.41333,2435.155224,0.8127274616,0.7631323171,0.7291319325,0.7971327017
real_20240707,real,2024-07-07,adapted,2443,0.7634452804,9.264186865,0.5191622425,0.2695294341,0.001334208553,0.9986657914,2593.682859,2436.15389,0.8128119271,0.7634452804,0.7294448958,0.797445665
real_20240707,real,2024-07-07,adapted,2444,0.7637585391,9.261548553,-1.080333658,1.167120812,0.0003915810737,0.9996084189,2594.84998,2437.153498,0.813177681,0.7637585391,0.7297581545,0.7977589237
real_20240707,real,2024-07-07,adapted,2445,0.7640703683,9.25507366,-0.4296317856,0.1845834712,0.004952898249,0.9950471018,2595.034564,2438.148545,0.8132355261,0.7640703683,0.7300699837,0.7980707529
real_20240707,real,2024-07-07,adapted,2446,0.7643824498,9.250950104,-0.740072963,0.5477079905,0.00414815109,0.9958518489,2595.582272,2439.144397,0.8134071676,0.7643824498,0.7303820652,0.7983828344
real_20240707,real,2024-07-07,adapted,2447,0.7646956566,9.250442833,0.4644137972,0.2156801751,0.0005571081244,0.9994428919,2595.797952,2440.14384,0.8134747577,0.7646956566,0.730695272,0.7986960412
real_20240707,real,2024-07-07,adapted,2448,0.7650087437,9.24991753,-0.4339930237,0.1883499446,0.0009389656897,0.9990610343,2595.986302,2441.142901,0.8135337831,0.7650087437,0.7310083591,0.7990091283
real_20240707,real,2024-07-07,adapted,2449,0.7653212136,9.247353166,-0.4700416244,0.2209391286,0.002908561075,0.9970914389,2596.207241,2442.139993,0.8136030213,0.7653212136,0.731320829,0.7993215982
real_20240707,real,2024-07-07,adapted,2450,0.7656342799,9.244669487,-0.03005386491,0.000903234796,0.001005431619,0.9989945684,2596.208144,2443.138987,0.8136033043,0.7656342799,0.7316338953,0.7996346645
real_20240707,real,2024-07-07,adapted,2451,0.7659471817,9.233581605,-1.088842907,1.185578875,0.001530460097,0.9984695399,2597.393723,2444.137457,0.8139748427,0.7659471817,0.7319467971,0.7999475663
real_20240707,real,2024-07-07,adapted,2452,0.7662592768,9.23297974,-0.576776318,0.332670921,0.00410435566,0.9958956443,2597.726394,2445.133352,0.8140790956,0.7662592768,0.7322588922,0.8002596614
real_20240707,real,2024-07-07,adapted,2453,0.7665714142,9.232195335,0.6341090967,0.4020943466,0.003969672664,0.9960303273,2598.128488,2446.129383,0.8142051044,0.7665714142,0.7325710296,0.8005717988
real_20240707,real,2024-07-07,adapted,2454,0.7668838775,9.231616719,1.92014766,3.686967034,0.002929507285,0.9970704927,2601.815455,2447.126453,0.8153605313,0.7668838775,0.7328834929,0.8008842621
real_20240707,real,2024-07-07,adapted,2455,0.7671969721,9.23112874,-0.2634255529,0.0693930219,0.0009151108497,0.9990848892,2601.884848,2448.125538,0.8153822778,0.7671969721,0.7331965875,0.8011973567
real_20240707,real,2024-07-07,adapted,2456,0.7675098482,9.227674396,-0.6040831216,0.3649164178,0.001612471913,0.9983875281,2602.249765,2449.123926,0.8154966358,0.7675098482,0.7335094636,0.8015102328
real_20240707,real,2024-07-07,adapted,2457,0.7678224435,9.217726601,0.8517509301,0.7254796469,0.002508378385,0.9974916216,2602.975244,2450.121417,0.8157239876,0.7678224435,0.7338220589,0.8018228281
real_20240707,real,2024-07-07,adapted,2458,0.7681351018,9.215259311,1.504477961,2.263453935,0.002307389787,0.9976926102,2605.238698,2451.11911,0.8164333119,0.7681351018,0.7341347172,0.8021354864
real_20240707,real,2024-07-07,adapted,2459,0.7684468948,9.215021254,-0.8615747045,0.7423109714,0.005068503215,0.9949314968,2605.981009,2452.114041,0.8166659384,0.7684468948,0.7344465102,0.8024472794
real_20240707,real,2024-07-07,adapted,2460,0.7687599193,9.213381278,-0.4997474079,0.2497474717,0.001138790409,0.9988612096,2606.230757,2453.112902,0.8167442046,0.7687599193,0.7347595347,0.8027603039
real_20240707,real,2024-07-07,adapted,2461,0.7690732169,9.213180103,-0.9178500425,0.8424487006,0.0002672154084,0.9997327846,2607.073205,2454.112635,0.8170082123,0.7690732169,0.7350728323,0.8030736015
real_20240707,real,2024-07-07,adapted,2462,0.7693858964,9.211678414,-1.170445863,1.369943518,0.002239722998,0.997760277,2608.443149,2455.110396,0.8174375271,0.7693858964,0.7353855118,0.803386281
real_20240707,real,2024-07-07,adapted,2463,0.7696980569,9.211284939,-0.975526394,0.9516517454,0.003896046871,0.9961039531,2609.394801,2456.106499,0.8177357571,0.7696980569,0.7356976723,0.8036984415
real_20240707,real,2024-07-07,adapted,2464,0.770010707,9.207024014,0.07526939278,0.005665481489,0.002333445171,0.9976665548,2609.400466,2457.104166,0.8177375325,0.770010707,0.7360103224,0.8040110916
real_20240707,real,2024-07-07,adapted,2465,0.770323585,9.199922274,-1.316837249,1.73406034,0.00160616765,0.9983938324,2611.134527,2458.10256,0.8182809547,0.770323585,0.7363232004,0.8043239696
real_20240707,real,2024-07-07,adapted,2466,0.7706366919,9.19825702,-0.7382197158,0.5449683488,0.000875952992,0.999124047,2611.679495,2459.101684,0.8184517377,0.7706366919,0.7366363073,0.8046370765
real_20240707,real,2024-07-07,adapted,2467,0.7709488409,9.195152425,0.2752444609,0.07575951328,0.003932523602,0.9960674764,2611.755254,2460.097751,0.8184754793,0.7709488409,0.7369484563,0.8049492255
real_20240707,real,2024-07-07,adapted,2468,0.7712613854,9.194517853,-0.1721851625,0.02964773019,0.002670590724,0.9973294093,2611.784902,2461.095081,0.8184847703,0.7712613854,0.7372610008,0.80526177
real_20240707,real,2024-07-07,adapted,2469,0.7715746126,9.191203107,0.3246414735,0.1053920863,0.0004921415012,0.9995078585,2611.890294,2462.094589,0.8185177983,0.7715746126,0.737574228,0.8055749972
real_20240707,real,2024-07-07,adapted,2470,0.7718855837,9.18998322,-0.6276530236,0.3939483181,0.007690946185,0.9923090538,2612.284243,2463.086898,0.8186412543,0.7718855837,0.7378851991,0.8058859683
real_20240707,real,2024-07-07,adapted,2471,0.7721981475,9.188974873,-2.155711178,4.647090682,0.00260909497,0.997390905,2616.931333,2464.084289,0.820097566,0.7721981475,0.7381977629,0.8061985321
real_20240707,real,2024-07-07,adapted,2472,0.7725111845,9.187198318,-1.316824591,1.734027002,0.00109873128,0.9989012687,2618.66536,2465.08319,0.8206409778,0.7725111845,0.7385107999,0.8065115691
real_20240707,real,2024-07-07,adapted,2473,0.7728242517,9.186739071,-0.503201777,0.2532120284,0.001002880077,0.9989971199,2618.918572,2466.082187,0.8207203298,0.7728242517,0.7388238671,0.8068246363
real_20240707,real,2024-07-07,adapted,2474,0.7731370216,9.186240487,-1.194566689,1.426989573,0.001951129904,0.9980488701,2620.345562,2467.080236,0.8211675217,0.7731370216,0.739136637,0.8071374062
real_20240707,real,2024-07-07,adapted,2475,0.7734490819,9.182165436,1.094803647,1.198595025,0.004215409495,0.9957845905,2621.544157,2468.07602,0.8215431391,0.7734490819,0.7394486973,0.8074494665
real_20240707,real,2024-07-07,adapted,2476,0.7737622594,9.180549641,0.2846560681,0.08102907709,0.0006506364462,0.9993493636,2621.625186,2469.07537,0.8215685321,0.7737622594,0.7397618748,0.807762644
real_20240707,real,2024-07-07,adapted,2477,0.7740746523,9.174242088,0.4761195234,0.2266898005,0.003154355051,0.9968456449,2621.851876,2470.072215,0.8216395725,0.7740746523,0.7400742677,0.8080750369
real_20240707,real,2024-07-07,adapted,2478,0.7743873083,9.17304139,-0.5600771676,0.3136864337,0.00231458544,0.9976854146,2622.165562,2471.069901,0.821737876,0.7743873083,0.7403869237,0.8083876929
real_20240707,real,2024-07-07,adapted,2479,0.7746997141,9.164636774,1.812576782,3.285434592,0.003113345855,0.9968866541,2625.450997,2472.066788,0.82276747,0.7746997141,0.7406993295,0.8087000987
real_20240707,real,2024-07-07,adapted,2480,0.7750129116,9.162027751,-0.3223776306,0.1039273367,0.0005867714931,0.9994132285,2625.554924,2473.066201,0.8228000389,0.7750129116,0.741012527,0.8090132962
real_20240707,real,2024-07-07,adapted,2481,0.7753252067,9.160696925,1.075795753,1.157336502,0.003466231088,0.9965337689,2626.712261,2474.062735,0.8231627266,0.7753252067,0.7413248221,0.8093255913
real_20240707,real,2024-07-07,adapted,2482,0.7756375808,9.159941019,0.2548577188,0.06495245686,0.003214136119,0.9967858639,2626.777213,2475.05952,0.8231830815,0.7756375808,0.7416371962,0.8096379654
real_20240707,real,2024-07-07,adapted,2483,0.775950691,9.15631328,1.408410658,1.983620581,0.0008654683136,0.9991345317,2628.760834,2476.058655,0.8238047113,0.775950691,0.7419503064,0.8099510756
real_20240707,real,2024-07-07,adapted,2484,0.7762639653,9.151078182,-0.2893788705,0.08374013071,0.0003418151425,0.9996581849,2628.844574,2477.058313,0.8238309539,0.7762639653,0.7422635807,0.8102643499
real_20240707,real,2024-07-07,adapted,2485,0.7765756636,9.146446791,-0.3261434404,0.1063695437,0.005370580909,0.9946294191,2628.950943,2478.052943,0.8238642881,0.7765756636,0.742575279,0.8105760482
real_20240707,real,2024-07-07,adapted,2486,0.7768867725,9.145871797,0.2525481768,0.06378058159,0.007251598012,0.992748402,2629.014724,2479.045691,0.8238842758,0.7768867725,0.7428863879,0.8108871571
real_20240707,real,2024-07-07,adapted,2487,0.7772000001,9.140021343,-1.054657772,1.112303015,0.0004905535999,0.9995094464,2630.127027,2480.0452,0.8242328508,0.7772000001,0.7431996155,0.8112003847
real_20240707,real,2024-07-07,adapted,2488,0.777512357,9.1348432,0.0893694134,0.007986892051,0.003269090936,0.9967309091,2630.135014,2481.041931,0.8242353538,0.777512357,0.7435119724,0.8115127416
real_20240707,real,2024-07-07,adapted,2489,0.777825251,9.133093219,1.30042372,1.691101851,0.001555339513,0.9984446605,2631.826116,2482.040376,0.8247653136,0.777825251,0.7438248664,0.8118256356
real_20240707,real,2024-07-07,adapted,2490,0.7781385093,9.130795584,-0.3606217875,0.1300480736,0.000392693829,0.9996073062,2631.956164,2483.039983,0.8248060682,0.7781385093,0.7441381247,0.8121388939
real_20240707,real,2024-07-07,adapted,2491,0.7784496344,9.128835989,0.6764144247,0.457536474,0.007199883374,0.9928001166,2632.4137,2484.032783,0.8249494517,0.7784496344,0.7444492498,0.812450019
real_20240707,real,2024-07-07,adapted,2492,0.7787605494,9.12752334,1.239387041,1.536080237,0.007870377562,0.9921296224,2633.94978,2485.024913,0.8254308306,0.7787605494,0.7447601648,0.812760934
real_20240707,real,2024-07-07,adapted,2493,0.779073367,9.125341047,0.5576168952,0.3109366019,0.001798784172,0.9982012158,2634.260717,2486.023114,0.8255282724,0.779073367,0.7450729824,0.8130737516
real_20240707,real,2024-07-07,adapted,2494,0.7793835008,9.124667787,-1.422995902,2.024917336,0.01036317258,0.9896368274,2636.285634,2487.012751,0.8261628438,0.7793835008,0.7453831162,0.8133838854
real_20240707,real,2024-07-07,adapted,2495,0.7796963567,9.120267973,0.8022135882,0.6435466411,0.001676899363,0.9983231006,2636.929181,2488.011074,0.8263645193,0.7796963567,0.7456959721,0.8136967413
real_20240707,real,2024-07-07,adapted,2496,0.7800088972,9.118008362,0.2732933841,0.07468927379,0.002683071154,0.9973169288,2637.00387,2489.008391,0.8263879255,0.7800088972,0.7460085126,0.8140092818
real_20240707,real,2024-07-07,adapted,2497,0.7803215759,9.113244721,0.2181117918,0.04757275373,0.002242394754,0.9977576052,2637.051443,2490.006149,0.8264028339,0.7803215759,0.7463211913,0.8143219605
real_20240707,real,2024-07-07,adapted,2498,0.7806341152,9.112604039,0.229917698,0.05286214788,0.002687238975,0.997312761,2637.104305,2491.003461,0.8264193999,0.7806341152,0.7466337306,0.8146344998
real_20240707,real,2024-07-07,adapted,2499,0.7809467202,9.110945125,-0.2905286641,0.08440690464,0.002477332265,0.9975226677,2637.188712,2492.000984,0.8264458515,0.7809467202,0.7469463356,0.8149471048
real_20240707,real,2024-07-07,adapted,2500,0.7812593586,9.108735959,-0.3060690483,0.09367826234,0.002370836869,0.9976291631,2637.28239,2492.998613,0.8264752085,0.7812593586,0.747258974,0.8152597432
real_20240707,real,2024-07-07,adapted,2501,0.781572409,9.103181869,3.301937079,10.90278847,0.001056254531,0.9989437455,2648.185179,2493.997557,0.8298919395,0.781572409,0.7475720244,0.8155727936
real_20240707,real,2024-07-07,adapted,2502,0.7818853443,9.103070198,0.03960027518,0.001568181794,0.001423348902,0.9985766511,2648.186747,2494.996134,0.8298924309,0.7818853443,0.7478849597,0.8158857289
real_20240707,real,2024-07-07,adapted,2503,0.7821970816,9.098888794,-0.5686766296,0.3233931091,0.005246274664,0.9947537253,2648.51014,2495.990887,0.8299937763,0.7821970816,0.748196697,0.8161974662
real_20240707,real,2024-07-07,adapted,2504,0.7825103462,9.092684601,-0.3891680346,0.1514517591,0.0003726718898,0.9996273281,2648.661592,2496.990515,0.8300412385,0.7825103462,0.7485099616,0.8165107308
real_20240707,real,2024-07-07,adapted,2505,0.7828231573,9.091061516,0.3314598902,0.1098656588,0.001819943549,0.9981800565,2648.771458,2497.988695,0.8300756683,0.7828231573,0.7488227727,0.8168235419
real_20240707,real,2024-07-07,adapted,2506,0.7831353816,9.089138216,-0.7388060913,0.5458344405,0.003692126546,0.9963078735,2649.317292,2498.985003,0.8302467227,0.7831353816,0.749134997,0.8171357662
real_20240707,real,2024-07-07,adapted,2507,0.7834484014,9.087307456,-1.595288948,2.544946828,0.001153687331,0.9988463127,2651.862239,2499.983849,0.8310442616,0.7834484014,0.7494480168,0.817448786
real_20240707,real,2024-07-07,adapted,2508,0.7837610266,9.087039921,1.420291643,2.01722835,0.002412963169,0.9975870368,2653.879467,2500.981436,0.8316764234,0.7837610266,0.749760642,0.8177614112
real_20240707,real,2024-07-07,adapted,2509,0.7840734439,9.081402539,0.2360765734,0.05573214852,0.003076425162,0.9969235748,2653.935199,2501.97836,0.8316938889,0.7840734439,0.7500730593,0.8180738285
real_20240707,real,2024-07-07,adapted,2510,0.784386306,9.079538821,0.6113737733,0.3737778907,0.001656984112,0.9983430159,2654.308977,2502.976703,0.8318110239,0.784386306,0.7503859214,0.8183866907
real_20240707,real,2024-07-07,adapted,2511,0.7846983173,9.077339525,0.3538853584,0.1252348469,0.004372104175,0.9956278958,2654.434212,2503.972331,0.8318502702,0.7846983173,0.7506979327,0.8186987019
real_20240707,real,2024-07-07,adapted,2512,0.785011016,9.070034592,-0.4600501035,0.2116460977,0.002178450213,0.9978215498,2654.645858,2504.970152,0.8319165961,0.785011016,0.7510106314,0.8190114006
real_20240707,real,2024-07-07,adapted,2513,0.7853241889,9.069139712,-0.6516593511,0.4246599099,0.0006651802691,0.9993348197,2655.070518,2505.969487,0.8320496766,0.7853241889,0.7513238043,0.8193245735
real_20240707,real,2024-07-07,adapted,2514,0.7856366869,9.065688513,0.8804920871,0.7752663154,0.002818921461,0.9971810785,2655.845784,2506.966668,0.8322926306,0.7856366869,0.7516363023,0.8196370715
real_20240707,real,2024-07-07,adapted,2515,0.7859493961,9.059887606,0.2472981338,0.06115636698,0.002145053724,0.9978549463,2655.906941,2507.964523,0.8323117959,0.7859493961,0.7519490115,0.8199497807
real_20240707,real,2024-07-07,adapted,2516,0.7862625778,9.058766157,-0.0457343996,0.002091635307,0.0006369899218,0.9993630101,2655.909032,2508.963886,0.8323124514,0.7862625778,0.7522621932,0.8202629624
real_20240707,real,2024-07-07,adapted,2517,0.7865746659,9.057272777,-0.006930366999,4.802998673e-05,0.004126879578,0.9958731204,2655.90908,2509.959759,0.8323124664,0.7865746659,0.7525742813,0.8205750505
real_20240707,real,2024-07-07,adapted,2518,0.7868878937,9.054892483,-0.2245587078,0.05042661325,0.0004901088554,0.9995098911,2655.959507,2510.959269,0.8323282692,0.7868878937,0.7528875091,0.8208882783
real_20240707,real,2024-07-07,adapted,2519,0.7872010104,9.052996931,0.3015591184,0.09093790188,0.00084463731,0.9991553627,2656.050445,2511.958424,0.8323567675,0.7872010104,0.7532006258,0.821201395
real_20240707,real,2024-07-07,adapted,2520,0.78751249,9.049410676,0.389513391,0.1517206818,0.006068753284,0.9939312467,2656.202166,2512.952356,0.8324043139,0.78751249,0.7535121054,0.8215128746
real_20240707,real,2024-07-07,adapted,2521,0.7878251458,9.049292521,-0.08859238177,0.007848610107,0.002315344878,0.9976846551,2656.210014,2513.95004,0.8324067735,0.7878251458,0.7538247612,0.8218255304
real_20240707,real,2024-07-07,adapted,2522,0.7881381645,9.045122561,0.2569043964,0.06599986891,0.001157303118,0.9988426969,2656.276014,2514.948883,0.8324274566,0.7881381645,0.7541377799,0.8221385491
real_20240707,real,2024-07-07,adapted,2523,0.7884510783,9.04276722,-0.2012081883,0.04048473503,0.0014921068,0.9985078932,2656.316499,2515.947391,0.8324401438,0.7884510783,0.7544506937,0.8224514629
real_20240707,real,2024-07-07,adapted,2524,0.7887643444,9.040951946,0.4209267113,0.1771792963,0.0003679411673,0.9996320588,2656.493678,2516.947023,0.8324956685,0.7887643444,0.7547639598,0.822764729
real_20240707,real,2024-07-07,adapted,2525,0.7890775137,9.038790746,0.9984657336,0.9969338212,0.0006765867767,0.9993234132,2657.490612,2517.946346,0.832808089,0.7890775137,0.7550771291,0.8230778983
real_20240707,real,2024-07-07,adapted,2526,0.7893900207,9.038697731,-0.3008624704,0.0905182261,0.002790339341,0.9972096607,2657.58113,2518.943556,0.8328364557,0.7893900207,0.7553896361,0.8233904053
real_20240707,real,2024-07-07,adapted,2527,0.7897029065,9.031548209,1.023465062,1.047480734,0.00158138064,0.9984186194,2658.628611,2519.941975,0.8331647167,0.7897029065,0.7557025219,0.8237032911
real_20240707,real,2024-07-07,adapted,2528,0.790013162,9.031269956,-1.051273575,1.10517613,0.009974567074,0.9900254329,2659.733787,2520.932,0.8335110583,0.790013162,0.7560127774,0.8240135466
real_20240707,real,2024-07-07,adapted,2529,0.7903261002,9.028930384,-0.7501678521,0.5627518064,0.001414360638,0.9985856394,2660.296539,2521.930586,0.8336874142,0.7903261002,0.7563257156,0.8243264848
real_20240707,real,2024-07-07,adapted,2530,0.7906384156,9.028543562,0.9073367931,0.8232600562,0.003401382369,0.9965986176,2661.119799,2522.927184,0.8339454086,0.7906384156,0.756638031,0.8246388002
real_20240707,real,2024-07-07,adapted,2531,0.7909514074,9.027123804,0.8937869866,0.7988551775,0.001243330075,0.9987566699,2661.918654,2523.925941,0.834195755,0.7909514074,0.7569510228,0.824951792
real_20240707,real,2024-07-07,adapted,2532,0.7912638647,9.02617162,0.08981949109,0.00806754098,0.002948531762,0.9970514682,2661.926722,2524.922992,0.8341982832,0.7912638647,0.7572634801,0.8252642493
real_20240707,real,2024-07-07,adapted,2533,0.791577086,9.024065587,0.8001583174,0.6402533329,0.0005110633113,0.9994889367,2662.566975,2525.922481,0.8343989267,0.791577086,0.7575767014,0.8255774706
real_20240707,real,2024-07-07,adapted,2534,0.791890035,9.017657628,-0.6104110513,0.3726016516,0.001379496962,0.998620503,2662.939577,2526.921102,0.8345156931,0.791890035,0.7578896504,0.8258904196
real_20240707,real,2024-07-07,adapted,2535,0.7922029125,9.01550532,0.2157002957,0.04652661755,0.001608062396,0.9983919376,2662.986103,2527.919494,0.8345302737,0.7922029125,0.7582025279,0.8262032971
real_20240707,real,2024-07-07,adapted,2536,0.7925158754,9.010390086,-0.2222751967,0.04940626308,0.001335334999,0.998664665,2663.035509,2528.918158,0.8345457567,0.7925158754,0.7585154908,0.82651626
real_20240707,real,2024-07-07,adapted,2537,0.7928280042,9.008726753,0.8453281732,0.7145797204,0.003997027364,0.9960029726,2663.750089,2529.914161,0.8347696926,0.7928280042,0.7588276196,0.8268283888
real_20240707,real,2024-07-07,adapted,2538,0.7931411295,9.008073531,0.5293711531,0.2802338177,0.000817121427,0.9991828786,2664.030323,2530.913344,0.8348575127,0.7931411295,0.7591407449,0.8271415141
real_20240707,real,2024-07-07,adapted,2539,0.7934538976,9.00146694,-0.9481887967,0.8990619942,0.001957094082,0.9980429059,2664.929385,2531.911387,0.835139262,0.7934538976,0.759453513,0.8274542822
real_20240707,real,2024-07-07,adapted,2540,0.7937670403,9.001088126,-0.7055562435,0.4978096128,0.0007616229599,0.999238377,2665.427195,2532.910626,0.8352952663,0.7937670403,0.7597666557,0.8277674249
real_20240707,real,2024-07-07,adapted,2541,0.7940793929,9.000065836,-0.9275703342,0.8603867249,0.003282721586,0.9967172784,2666.287581,2533.907343,0.8355648954,0.7940793929,0.7600790083,0.8280797775
real_20240707,real,2024-07-07,adapted,2542,0.7943925721,8.999110924,0.0221372654,0.0004900585194,0.0006453050594,0.9993546949,2666.288071,2534.906698,0.835565049,0.7943925721,0.7603921875,0.8283929567
real_20240707,real,2024-07-07,adapted,2543,0.7947054478,8.997880093,-1.601122523,2.563593333,0.001613555023,0.998386445,2668.851665,2535.905084,0.8363684315,0.7947054478,0.7607050632,0.8287058324
real_20240707,real,2024-07-07,adapted,2544,0.795018369,8.995404098,-0.1620789005,0.02626956998,0.001468603711,0.9985313963,2668.877934,2536.903615,0.8363766638,0.795018369,0.7610179844,0.8290187536
real_20240707,real,2024-07-07,adapted,2545,0.7953313692,8.991966477,-0.2125519064,0.04517831291,0.001216140149,0.9987838599,2668.923113,2537.902399,0.8363908219,0.7953313692,0.7613309846,0.8293317538
real_20240707,real,2024-07-07,adapted,2546,0.79564448,8.99120756,0.6749380706,0.4555413992,0.0008634331054,0.9991365669,2669.378654,2538.901536,0.8365335801,0.79564448,0.7616440954,0.8296448646
real_20240707,real,2024-07-07,adapted,2547,0.7959575088,8.982033312,0.8632875345,0.7452653673,0.001125094981,0.998874905,2670.123919,2539.900411,0.8367671324,0.7959575088,0.7619571242,0.8299578934
real_20240707,real,2024-07-07,adapted,2548,0.7962703283,8.978679707,1.606164165,2.579763324,0.001792912738,0.9982070873,2672.703683,2540.898618,0.8375755822,0.7962703283,0.7622699437,0.8302707129
real_20240707,real,2024-07-07,adapted,2549,0.7965833076,8.977852911,-0.9964884698,0.9929892705,0.001283354657,0.9987166453,2673.696672,2541.897334,0.8378867665,0.7965833076,0.762582923,0.8305836922
real_20240707,real,2024-07-07,adapted,2550,0.796895145,8.977405354,-0.3982421164,0.1585967833,0.004926836641,0.9950731634,2673.855269,2542.892408,0.8379364678,0.796895145,0.7628947604,0.8308955296
real_20240707,real,2024-07-07,adapted,2551,0.7972075941,8.973705106,-0.0722153681,0.00521505939,0.002974700033,0.9970253,2673.860484,2543.889433,0.8379381021,0.7972075941,0.7632072095,0.8312079787
real_20240707,real,2024-07-07,adapted,2552,0.7975206294,8.972138821,-0.6747175728,0.455243803,0.001104462143,0.9988955379,2674.315728,2544.888328,0.838080767,0.7975206294,0.7635202448,0.831521014
real_20240707,real,2024-07-07,adapted,2553,0.7978335858,8.969583596,0.4739130718,0.2245935996,0.001356117527,0.9986438825,2674.540321,2545.886972,0.8381511505,0.7978335858,0.7638332012,0.8318339704
real_20240707,real,2024-07-07,adapted,2554,0.7981459193,8.969259753,-0.1541154976,0.02375158661,0.003343852952,0.996656147,2674.564073,2546.883628,0.8381585938,0.7981459193,0.7641455347,0.8321463039
real_20240707,real,2024-07-07,adapted,2555,0.7984592134,8.966776905,0.05968236086,0.003561984198,0.0002783442381,0.9997216558,2674.567635,2547.88335,0.8381597101,0.7984592134,0.7644588288,0.832459598
real_20240707,real,2024-07-07,adapted,2556,0.7987716757,8.965537822,-1.739569063,3.026100524,0.002932840461,0.9970671595,2677.593735,2548.880417,0.8391080336,0.7987716757,0.7647712911,0.8327720603
real_20240707,real,2024-07-07,adapted,2557,0.7990837959,8.961804031,1.682219309,2.829861804,0.004024458817,0.9959755412,2680.423597,2549.876393,0.8399948597,0.7990837959,0.7650834113,0.8330841805
real_20240707,real,2024-07-07,adapted,2558,0.7993966738,8.959500719,-0.6307810796,0.3978847703,0.001606555097,0.9983934449,2680.821482,2550.874786,0.8401195493,0.7993966738,0.7653962892,0.8333970584
real_20240707,real,2024-07-07,adapted,2559,0.799709016,8.958482907,-0.4604757808,0.2120379447,0.003316161669,0.9966838383,2681.03352,2551.87147,0.8401859981,0.799709016,0.7657086314,0.8337094006
real_20240707,real,2024-07-07,adapted,2560,0.8000220103,8.955223479,0.2365576411,0.05595951758,0.001235165935,0.9987648341,2681.089479,2552.870235,0.8402035347,0.8000220103,0.7660216257,0.8340223949
real_20240707,real,2024-07-07,adapted,2561,0.8003340744,8.95488097,0.2884634478,0.08321116069,0.004203649177,0.9957963508,2681.172691,2553.866031,0.8402296116,0.8003340744,0.7663336898,0.834334459
real_20240707,real,2024-07-07,adapted,2562,0.8006473045,8.954306628,-0.6023482625,0.3628234294,0.0004825142227,0.9995174858,2681.535514,2554.865549,0.8403433137,0.8006473045,0.7666469199,0.8346476891
real_20240707,real,2024-07-07,adapted,2563,0.8009592571,8.946540234,-0.577182994,0.3331402086,0.004559354606,0.9954406454,2681.868654,2555.860989,0.8404477136,0.8009592571,0.7669588725,0.8349596417
real_20240707,real,2024-07-07,adapted,2564,0.8012715655,8.943848127,0.302723365,0.0916414357,0.003423983056,0.9965760169,2681.960296,2556.857565,0.8404764323,0.8012715655,0.7672711809,0.8352719501
real_20240707,real,2024-07-07,adapted,2565,0.8015844254,8.94201465,0.7773690663,0.6043026653,0.001664054672,0.9983359453,2682.564598,2557.855901,0.8406658096,0.8015844254,0.7675840408,0.83558481
real_20240707,real,2024-07-07,adapted,2566,0.8018976905,8.941443123,-2.262452237,5.118690124,0.0003709663702,0.9996290336,2687.683288,2558.85553,0.8422699118,0.8018976905,0.7678973059,0.8358980751
real_20240707,real,2024-07-07,adapted,2567,0.8022096126,8.940505016,-0.1942157433,0.03771975494,0.004656606203,0.9953433938,2687.721008,2559.850874,0.8422817324,0.8022096126,0.768209228,0.8362099972
real_20240707,real,2024-07-07,adapted,2568,0.802521039,8.940268898,-1.882775442,3.544843365,0.006238434071,0.9937615659,2691.265852,2560.844635,0.8433926203,0.802521039,0.7685206544,0.8365214236
real_20240707,real,2024-07-07,adapted,2569,0.8028335905,8.9336998,1.205598669,1.453468151,0.0026481811,0.9973518189,2692.71932,2561.841987,0.8438481102,0.8028335905,0.7688332059,0.8368339751
real_20240707,real,2024-07-07,adapted,2570,0.8031447791,8.930155347,-1.297460518,1.683403796,0.006997080866,0.9930029191,2694.402723,2562.83499,0.8443756576,0.8031447791,0.7691443945,0.8371451637
real_20240707,real,2024-07-07,adapted,2571,0.803457038,8.928437106,0.6348850109,0.4030789771,0.00358175561,0.9964182444,2694.805802,2563.831408,0.8445019751,0.803457038,0.7694566534,0.8374574226
real_20240707,real,2024-07-07,adapted,2572,0.8037701375,8.927581884,0.04654364897,0.00216631126,0.000899455339,0.9991005447,2694.807969,2564.830509,0.844502654,0.8037701375,0.7697697529,0.8377705221
real_20240707,real,2024-07-07,adapted,2573,0.8040833458,8.924427343,2.084623268,4.345654169,0.0005524715749,0.9994475284,2699.153623,2565.829956,0.8458645011,0.8040833458,0.7700829612,0.8380837304
real_20240707,real,2024-07-07,adapted,2574,0.8043965791,8.923518069,-0.8009855584,0.6415778647,0.0004726256408,0.9995273744,2699.795201,2566.829484,0.8460655596,0.8043965791,0.7703961945,0.8383969637
real_20240707,real,2024-07-07,adapted,2575,0.8047098913,8.922622125,-1.046304067,1.094752201,0.0002207134705,0.9997792865,2700.889953,2567.829263,0.8464086346,0.8047098913,0.7707095067,0.8387102759
real_20240707,real,2024-07-07,adapted,2576,0.805023021,8.917812122,-0.5491359816,0.3015503262,0.0008030729378,0.9991969271,2701.191503,2568.82846,0.8465031349,0.805023021,0.7710226364,0.8390234056
real_20240707,real,2024-07-07,adapted,2577,0.8053360493,8.91342167,-0.9194127195,0.8453197488,0.001126809027,0.998873191,2702.036823,2569.827333,0.8467680423,0.8053360493,0.7713356647,0.8393364339
real_20240707,real,2024-07-07,adapted,2578,0.8056468514,8.912884259,0.3702733989,0.1371023899,0.008230307299,0.9917696927,2702.173925,2570.819103,0.8468110077,0.8056468514,0.7716464668,0.839647236
real_20240707,real,2024-07-07,adapted,2579,0.8059576801,8.912479422,-0.5468157103,0.299007421,0.008145782882,0.9918542171,2702.472933,2571.810957,0.846904711,0.8059576801,0.7719572955,0.8399580647
real_20240707,real,2024-07-07,adapted,2580,0.8062709566,8.911384846,0.2367710966,0.05606055219,0.0003345500545,0.9996654499,2702.528993,2572.810623,0.8469222794,0.8062709566,0.772270572,0.8402713412
real_20240707,real,2024-07-07,adapted,2581,0.8065833289,8.907810335,0.4050646308,0.1640773551,0.003220121599,0.9967798784,2702.693071,2573.807402,0.8469736981,0.8065833289,0.7725829443,0.8405837135
real_20240707,real,2024-07-07,adapted,2582,0.8068959031,8.906001381,-0.5989471477,0.3587376857,0.002575556769,0.9974244432,2703.051808,2574.804827,0.8470861199,0.8068959031,0.7728955185,0.8408962877
real_20240707,real,2024-07-07,adapted,2583,0.807206739,8.903011701,1.047998554,1.09830097,0.008122644324,0.9918773557,2704.150109,2575.796704,0.8474303069,0.807206739,0.7732063544,0.8412071236
real_20240707,real,2024-07-07,adapted,2584,0.8075187506,8.901057015,-0.207759599,0.04316405098,0.004371126558,0.9956288734,2704.193273,2576.792333,0.8474438337,0.8075187506,0.773518366,0.8415191352
real_20240707,real,2024-07-07,adapted,2585,0.8078296004,8.899753564,-0.8544354378,0.7300599174,0.00807823762,0.9919217624,2704.923333,2577.784255,0.8476726209,0.8078296004,0.7738292158,0.841829985
real_20240707,real,2024-07-07,adapted,2586,0.8081416835,8.89922578,-1.462038453,2.137556439,0.00414280274,0.9958571973,2707.06089,2578.780112,0.8483424913,0.8081416835,0.7741412989,0.8421420681
real_20240707,real,2024-07-07,adapted,2587,0.8084541102,8.896159024,0.356232665,0.1269017116,0.003046347116,0.9969536529,2707.187792,2579.777066,0.84838226,0.8084541102,0.7744537256,0.8424544948
real_20240707,real,2024-07-07,adapted,2588,0.8087653004,8.889432735,0.196148256,0.03847413833,0.006992046901,0.9930079531,2707.226266,2580.770074,0.848394317,0.8087653004,0.7747649158,0.842765685
real_20240707,real,2024-07-07,adapted,2589,0.8090779037,8.88830451,0.06023628083,0.003628409528,0.002482795661,0.9975172043,2707.229894,2581.767591,0.8483954541,0.8090779037,0.7750775191,0.8430782883
real_20240707,real,2024-07-07,adapted,2590,0.8093906963,8.884103211,-1.233566864,1.521687208,0.001878928182,0.9981210718,2708.751581,2582.765712,0.8488723226,0.8093906963,0.7753903117,0.8433910809
real_20240707,real,2024-07-07,adapted,2591,0.8097020513,8.882238121,0.6417665445,0.4118642976,0.006466313917,0.9935336861,2709.163446,2583.759246,0.8490013932,0.8097020513,0.7757016667,0.8437024359
real_20240707,real,2024-07-07,adapted,2592,0.8100152333,8.880561888,-1.52094028,2.313259335,0.0006362560265,0.999363744,2711.476705,2584.758609,0.8497263256,0.8100152333,0.7760148487,0.8440156179
real_20240707,real,2024-07-07,adapted,2593,0.8103282743,8.876990564,-1.444568928,2.086779386,0.001085951348,0.9989140487,2713.563484,2585.757523,0.8503802834,0.8103282743,0.7763278897,0.8443286589
real_20240707,real,2024-07-07,adapted,2594,0.8106413381,8.875480431,0.02945162562,0.0008673982514,0.001013536723,0.9989864633,2713.564352,2586.75651,0.8503805552,0.8106413381,0.7766409535,0.8446417227
real_20240707,real,2024-07-07,adapted,2595,0.8109534709,8.874926553,-1.317778461,1.736540072,0.003984220964,0.996015779,2715.300892,2587.752526,0.8509247546,0.8109534709,0.7769530863,0.8449538555
real_20240707,real,2024-07-07,adapted,2596,0.8112659522,8.874099657,-0.9193232385,0.8451552169,0.00287205621,0.9971279438,2716.146047,2588.749654,0.8511896105,0.8112659522,0.7772655676,0.8452663368
real_20240707,real,2024-07-07,adapted,2597,0.8115791878,8.873259089,0.1948696824,0.03797419314,0.000465397344,0.9995346027,2716.184021,2589.749188,0.8512015109,0.8115791878,0.7775788032,0.8455795724
real_20240707,real,2024-07-07,adapted,2598,0.8118918506,8.871296744,0.06500243782,0.004225316923,0.002292833001,0.997707167,2716.188247,2590.746895,0.851202835,0.8118918506,0.777891466,0.8458922352
real_20240707,real,2024-07-07,adapted,2599,0.8122036676,8.871086969,0.2018621237,0.04074831697,0.004992114375,0.9950078856,2716.228995,2591.741903,0.8512156048,0.8122036676,0.778203283,0.8462040522
real_20240707,real,2024-07-07,adapted,2600,0.8125168157,8.863038179,-0.2959833432,0.08760613947,0.0007442668778,0.9992557331,2716.316601,2592.741159,0.8512430589,0.8125168157,0.7785164311,0.8465172003
real_20240707,real,2024-07-07,adapted,2601,0.8128277559,8.862601802,-2.486042213,6.180405885,0.007790047928,0.9922099521,2722.497007,2593.733369,0.8531798831,0.8128277559,0.7788273713,0.8468281405
real_20240707,real,2024-07-07,adapted,2602,0.8131402122,8.856814114,1.715569452,2.943178545,0.002951787421,0.9970482126,2725.440185,2594.730417,0.8541022204,0.8131402122,0.7791398276,0.8471405968
real_20240707,real,2024-07-07,adapted,2603,0.8134530722,8.85197539,-1.016187057,1.032636136,0.001663892042,0.998336108,2726.472822,2595.728753,0.8544258294,0.8134530722,0.7794526876,0.8474534568
real_20240707,real,2024-07-07,adapted,2604,0.8137660728,8.850415558,0.2967219832,0.08804393533,0.001215050968,0.998784949,2726.560865,2596.727538,0.8544534207,0.8137660728,0.7797656882,0.8477664574
real_20240707,real,2024-07-07,adapted,2605,0.8140789712,8.84541191,-0.1925633414,0.03708064045,0.001541153024,0.998458847,2726.597946,2597.725997,0.8544650411,0.8140789712,0.7800785866,0.8480793558
real_20240707,real,2024-07-07,adapted,2606,0.8143921445,8.836538763,-0.8139010971,0.6624349959,0.00066405052,0.9993359495,2727.260381,2598.725333,0.8546726359,0.8143921445,0.7803917599,0.8483925291
real_20240707,real,2024-07-07,adapted,2607,0.814704142,8.836120627,0.6133443964,0.3761913486,0.004415912324,0.9955840877,2727.636572,2599.720917,0.8547905273,0.814704142,0.7807037574,0.8487045266
real_20240707,real,2024-07-07,adapted,2608,0.8150172427,8.835649881,-0.08848505186,0.007829604403,0.0008956414032,0.9991043586,2727.644402,2600.720021,0.8547929809,0.8150172427,0.7810168581,0.8490176273
real_20240707,real,2024-07-07,adapted,2609,0.8153302682,8.830384637,-0.6616790436,0.4378191568,0.001135542792,0.9988644572,2728.082221,2601.718886,0.8549301853,0.8153302682,0.7813298836,0.8493306528
real_20240707,real,2024-07-07,adapted,2610,0.8156428409,8.829983601,1.36955513,1.875681255,0.002580448289,0.9974195517,2729.957902,2602.716305,0.8555179889,0.8156428409,0.7816424563,0.8496432255
real_20240707,real,2024-07-07,adapted,2611,0.815955827,8.828488869,-0.9733209656,0.9473537021,0.001261662601,0.9987383374,2730.905256,2603.715044,0.8558148719,0.815955827,0.7819554424,0.8499562116
real_20240707,real,2024-07-07,adapted,2612,0.8162687552,8.816146273,-0.1612709561,0.02600832129,0.001445848551,0.9985541514,2730.931265,2604.713598,0.8558230224,0.8162687552,0.7822683706,0.8502691398
real_20240707,real,2024-07-07,adapted,2613,0.8165810597,8.814207932,0.2009672805,0.04038784783,0.003436438879,0.9965635611,2730.971652,2605.710162,0.8558356792,0.8165810597,0.7825806751,0.8505814443
real_20240707,real,2024-07-07,adapted,2614,0.8168935709,8.811073386,-0.5615637064,0.3153537963,0.00277668026,0.9972233197,2731.287006,2606.707385,0.8559345052,0.8168935709,0.7828931863,0.8508939555
real_20240707,real,2024-07-07,adapted,2615,0.8172065229,8.806514193,0.1089573852,0.01187171179,0.001370243968,0.998629756,2731.298878,2607.706015,0.8559382256,0.8172065229,0.7832061383,0.8512069075
real_20240707,real,2024-07-07,adapted,2616,0.8175188711,8.804725728,0.3727135688,0.1389154044,0.003296750218,0.9967032498,2731.437793,2608.702718,0.8559817591,0.8175188711,0.7835184865,0.8515192557
real_20240707,real,2024-07-07,adapted,2617,0.8178317399,8.802657853,0.8951742613,0.801336958,0.00163574546,0.9983642545,2732.23913,2609.701082,0.8562328832,0.8178317399,0.7838313553,0.8518321245
real_20240707,real,2024-07-07,adapted,2618,0.8181442595,8.801285187,0.565089154,0.3193257519,0.002750172843,0.9972498272,2732.558456,2610.698332,0.8563329539,0.8181442595,0.7841438749,0.8521446441
real_20240707,real,2024-07-07,adapted,2619,0.8184567895,8.799176337,0.0655627378,0.004298472587,0.002716640322,0.9972833597,2732.562754,2611.695615,0.856334301,0.8184567895,0.7844564049,0.8524571741
real_20240707,real,2024-07-07,adapted,2620,0.8187692893,8.798872094,-0.7556306914,0.5709777418,0.002813138335,0.9971868617,2733.133732,2612.692802,0.8565132348,0.8187692893,0.7847689047,0.8527696739
real_20240707,real,2024-07-07,adapted,2621,0.8190816136,8.797079477,-1.414211874,1.999995224,0.003373214538,0.9966267855,2735.133727,2613.689429,0.8571399961,0.8190816136,0.785081229,0.8530819982
real_20240707,real,2024-07-07,adapted,2622,0.8193947075,8.794342777,-0.5684749666,0.3231637877,0.0009173496914,0.9990826503,2735.456891,2614.688512,0.8572412696,0.8193947075,0.7853943229,0.8533950921
real_20240707,real,2024-07-07,adapted,2623,0.8197074238,8.793855008,-0.3730372108,0.1391567607,0.0021223633,0.9978776367,2735.596048,2615.686389,0.8572848787,0.8197074238,0.7857070392,0.8537078084
real_20240707,real,2024-07-07,adapted,2624,0.8200191049,8.790385938,0.9658308382,0.9328292079,0.005425535794,0.9945744642,2736.528877,2616.680964,0.85757721,0.8200191049,0.7860187203,0.8540194895
real_20240707,real,2024-07-07,adapted,2625,0.8203321263,8.788572839,0.3759548315,0.1413420353,0.001148742552,0.9988512574,2736.670219,2617.679815,0.857621504,0.8203321263,0.7863317417,0.8543325109
real_20240707,real,2024-07-07,adapted,2626,0.8206441973,8.787383273,0.107650091,0.01158854209,0.004181434701,0.9958185653,2736.681808,2618.675634,0.8576251356,0.8206441973,0.7866438127,0.8546445819
real_20240707,real,2024-07-07,adapted,2627,0.8209571222,8.786959348,-0.2532822862,0.06415191648,0.001456512171,0.9985434878,2736.74596,2619.674177,0.8576452396,0.8209571222,0.7869567376,0.8549575068
real_20240707,real,2024-07-07,adapted,2628,0.8212672251,8.781527412,-0.6456972084,0.416924885,0.01046171865,0.9895382814,2737.162885,2620.663715,0.8577758961,0.8212672251,0.7872668405,0.8552676097
real_20240707,real,2024-07-07,adapted,2629,0.8215780013,8.779182598,0.4210000343,0.1772410288,0.008313238871,0.9916867611,2737.340126,2621.655402,0.8578314402,0.8215780013,0.7875776167,0.8555783859
real_20240707,real,2024-07-07,adapted,2630,0.8218910567,8.774165532,0.6918229659,0.4786190162,0.001040184085,0.9989598159,2737.818745,2622.654362,0.8579814305,0.8218910567,0.7878906721,0.8558914413
real_20240707,real,2024-07-07,adapted,2631,0.8222029879,8.770708112,-0.1523480172,0.02320991835,0.004627593119,0.9953724069,2737.841955,2623.649734,0.857988704,0.8222029879,0.7882026033,0.8562033725
real_20240707,real,2024-07-07,adapted,2632,0.8225153995,8.769002525,-1.427259204,2.037068834,0.003094480877,0.9969055191,2739.879023,2624.64664,0.8586270835,0.8225153995,0.7885150149,0.8565157841
real_20240707,real,2024-07-07,adapted,2633,0.8228285969,8.766172348,-0.4528603456,0.2050824926,0.0005869265748,0.9994130734,2740.084106,2625.646053,0.8586913525,0.8228285969,0.7888282123,0.8568289815
real_20240707,real,2024-07-07,adapted,2634,0.8231412956,8.764668566,0.6756044372,0.4564413555,0.002178585416,0.9978214146,2740.540547,2626.643874,0.8588343927,0.8231412956,0.789140911,0.8571416802
real_20240707,real,2024-07-07,adapted,2635,0.8234545236,8.76440505,0.1118116449,0.01250184394,0.0004894366311,0.9995105634,2740.553049,2627.643385,0.8588383106,0.8234545236,0.789454139,0.8574549082
real_20240707,real,2024-07-07,adapted,2636,0.8237678303,8.763489061,1.173129323,1.376232409,0.0002382704225,0.9997617296,2741.929281,2628.643147,0.8592695962,0.8237678303,0.7897674457,0.8577682149
real_20240707,real,2024-07-07,adapted,2637,0.8240799833,8.75332124,1.521317922,2.314408221,0.00391974919,0.9960802508,2744.24369,2629.639227,0.8599948886,0.8240799833,0.7900795987,0.8580803679
real_20240707,real,2024-07-07,adapted,2638,0.8243931583,8.746584594,-1.066951503,1.13838551,0.0006587673341,0.9993412327,2745.382075,2630.638568,0.8603516375,0.8243931583,0.7903927737,0.8583935429
real_20240707,real,2024-07-07,adapted,2639,0.8247054087,8.744787342,-0.4696766975,0.2205962001,0.003608924397,0.9963910756,2745.602671,2631.634959,0.8604207682,0.8247054087,0.7907050241,0.8587057933
real_20240707,real,2024-07-07,adapted,2640,0.8250186136,8.74108369,1.198760772,1.437027388,0.0005630529191,0.9994369471,2747.039699,2632.634396,0.8608711059,0.8250186136,0.791018229,0.8590189982
real_20240707,real,2024-07-07,adapted,2641,0.8253317503,8.738590416,3.043606358,9.263539663,0.0007807753652,0.9992192246,2756.303238,2633.633615,0.8637741267,0.8253317503,0.7913313657,0.8593321349
real_20240707,real,2024-07-07,adapted,2642,0.825644913,8.736371452,-0.02367017724,0.0005602772904,0.0006978978596,0.9993021021,2756.303799,2634.632917,0.8637743023,0.825644913,0.7916445284,0.8596452976
real_20240707,real,2024-07-07,adapted,2643,0.8259558247,8.735587263,-0.1975443722,0.03902377897,0.007880672111,0.9921193279,2756.342822,2635.625037,0.8637865316,0.8259558247,0.7919554401,0.8599562093
real_20240707,real,2024-07-07,adapted,2644,0.82626908,8.732305983,-0.8910289666,0.7939326193,0.0004024953347,0.9995975047,2757.136755,2636.624634,0.8640353354,0.82626908,0.7922686954,0.8602694646
real_20240707,real,2024-07-07,adapted,2645,0.8265822953,8.731390438,0.9730149213,0.946758037,0.0005300148742,0.9994699851,2758.083513,2637.624104,0.8643320317,0.8265822953,0.7925819107,0.8605826799
real_20240707,real,2024-07-07,adapted,2646,0.8268944836,8.728777431,0.3548870695,0.1259448321,0.003806974349,0.9961930257,2758.209458,2638.620297,0.8643715005,0.8268944836,0.792894099,0.8608948682
real_20240707,real,2024-07-07,adapted,2647,0.8272073648,8.726373087,1.295168223,1.677460726,0.001596016569,0.9984039834,2759.886919,2639.618701,0.8648971854,0.8272073648,0.7932069802,0.8612077494
real_20240707,real,2024-07-07,adapted,2648,0.8275187523,8.725014374,0.3385231084,0.1145978949,0.006362590682,0.9936374093,2760.001517,2640.612339,0.8649330983,0.8275187523,0.7935183677,0.8615191369
real_20240707,real,2024-07-07,adapted,2649,0.827831612,8.71810025,1.023775305,1.048115875,0.001664862168,0.9983351378,2761.049632,2641.610674,0.8652615583,0.827831612,0.7938312274,0.8618319966
real_20240707,real,2024-07-07,adapted,2650,0.8281428484,8.717436405,0.07766600552,0.006032008413,0.006844438699,0.9931555613,2761.055664,2642.603829,0.8652634486,0.8281428484,0.7941424638,0.862143233
real_20240707,real,2024-07-07,adapted,2651,0.8284559049,8.714695208,1.504097666,2.262309788,0.001036729789,0.9989632702,2763.317974,2643.602793,0.8659724144,0.8284559049,0.7944555203,0.8624562895
real_20240707,real,2024-07-07,adapted,2652,0.8287683084,8.711733325,-1.086072919,1.179554386,0.003120330788,0.9968796692,2764.497529,2644.599672,0.8663420648,0.8287683084,0.7947679238,0.862768693
real_20240707,real,2024-07-07,adapted,2653,0.829081439,8.705663912,-0.7587324575,0.575674942,0.000800431916,0.9991995681,2765.073204,2645.598872,0.8665224706,0.829081439,0.7950810544,0.8630818236
real_20240707,real,2024-07-07,adapted,2654,0.8293942797,8.704813257,1.077034402,1.160003104,0.001725419447,0.9982745806,2766.233207,2646.597146,0.866885994,0.8293942797,0.7953938951,0.8633946643
real_20240707,real,2024-07-07,adapted,2655,0.8297071658,8.703745881,-0.7107187813,0.5051211861,0.001580373193,0.9984196268,2766.738328,2647.595566,0.8670442895,0.8297071658,0.7957067812,0.8637075504
real_20240707,real,2024-07-07,adapted,2656,0.8300186597,8.701550915,0.4320965221,0.1867074044,0.00602307605,0.9939769239,2766.925035,2648.589543,0.8671028002,0.8300186597,0.7960182751,0.8640190443
real_20240707,real,2024-07-07,adapted,2657,0.830330381,8.69570267,0.126287685,0.01594857938,0.005297291669,0.9947027083,2766.940984,2649.584246,0.8671077981,0.830330381,0.7963299964,0.8643307656
real_20240707,real,2024-07-07,adapted,2658,0.8306435859,8.693584606,-0.1043088206,0.01088033006,0.0005629636803,0.9994370363,2766.951864,2650.583683,0.8671112078,0.8306435859,0.7966432013,0.8646439705
real_20240707,real,2024-07-07,adapted,2659,0.8309563064,8.693437438,0.111248863,0.01237630952,0.002109121514,0.9978908785,2766.964241,2651.581574,0.8671150863,0.8309563064,0.7969559218,0.864956691
real_20240707,real,2024-07-07,adapted,2660,0.831269179,8.693402783,0.07040103722,0.004956306041,0.001623505073,0.9983764949,2766.969197,2652.57995,0.8671166396,0.831269179,0.7972687944,0.8652695636
real_20240707,real,2024-07-07,adapted,2661,0.8315824471,8.688327729,-0.3885752853,0.1509907524,0.0003614161178,0.9996385839,2767.120188,2653.579589,0.8671639572,0.8315824471,0.7975820625,0.8655828317
real_20240707,real,2024-07-07,adapted,2662,0.831894519,8.686692575,-0.3635688206,0.1321822873,0.004178651282,0.9958213487,2767.25237,2654.57541,0.8672053807,0.831894519,0.7978941344,0.8658949036
real_20240707,real,2024-07-07,adapted,2663,0.8322076275,8.684462606,-0.6176067157,0.3814380552,0.0008706531259,0.9991293469,2767.633808,2655.574539,0.8673249163,0.8322076275,0.7982072429,0.8662080121
real_20240707,real,2024-07-07,adapted,2664,0.8325203089,8.683656165,-0.6490082531,0.4212117125,0.00223361954,0.9977663805,2768.05502,2656.572306,0.8674569162,0.8325203089,0.7985199243,0.8665206935
real_20240707,real,2024-07-07,adapted,2665,0.8328332538,8.680218083,0.9462805404,0.8954468611,0.001392988487,0.9986070115,2768.950466,2657.570913,0.8677375326,0.8328332538,0.7988328692,0.8668336384
real_20240707,real,2024-07-07,adapted,2666,0.8331461235,8.677420415,-0.3619397653,0.1310003937,0.00163260332,0.9983673967,2769.081467,2658.56928,0.8677785857,0.8331461235,0.7991457389,0.8671465081
real_20240707,real,2024-07-07,adapted,2667,0.8334586451,8.677059385,-0.05228106548,0.002733309808,0.002743676165,0.9972563238,2769.0842,2659.566536,0.8677794422,0.8334586451,0.7994582605,0.8674590297
real_20240707,real,2024-07-07,adapted,2668,0.8337705396,8.675917215,0.02851153379,0.0008129075592,0.004744644827,0.9952553552,2769.085013,2660.561792,0.867779697,0.8337705396,0.799770155,0.8677709242
real_20240707,real,2024-07-07,adapted,2669,0.8340835819,8.672804477,-0.1572854756,0.02473872084,0.001081824128,0.9989181759,2769.109752,2661.56071,0.8677874496,0.8340835819,0.8000831973,0.8680839666
real_20240707,real,2024-07-07,adapted,2670,0.8343965148,8.669032835,1.232884371,1.520003872,0.001431385448,0.9985686146,2770.629756,2662.559279,0.8682637906,0.8343965148,0.8003961302,0.8683968994
real_20240707,real,2024-07-07,adapted,2671,0.8347092114,8.662899346,-0.7627637104,0.5818084779,0.002185036604,0.9978149634,2771.211564,2663.557094,0.8684461185,0.8347092114,0.8007088268,0.868709596
real_20240707,real,2024-07-07,adapted,2672,0.8350221503,8.660882153,0.03264248396,0.001065531759,0.001412003634,0.9985879964,2771.21263,2664.555682,0.8684464524,0.8350221503,0.8010217657,0.8690225349
real_20240707,real,2024-07-07,adapted,2673,0.8353349355,8.655605561,0.2741386442,0.07515199625,0.001902481461,0.9980975185,2771.287782,2665.553779,0.8684700037,0.8353349355,0.8013345509,0.8693353201
real_20240707,real,2024-07-07,adapted,2674,0.8356481228,8.654994613,-1.335511643,1.78359135,0.0006193229262,0.9993806771,2773.071373,2666.55316,0.869028948,0.8356481228,0.8016477382,0.8696485074
real_20240707,real,2024-07-07,adapted,2675,0.8359607458,8.652311892,0.1163226025,0.01353094786,0.002419844457,0.9975801555,2773.084904,2667.55074,0.8690331883,0.8359607458,0.8019603612,0.8699611304
real_20240707,real,2024-07-07,adapted,2676,0.8362735251,8.648213257,-1.064106497,1.132322636,0.001921465871,0.9980785341,2774.217227,2668.548818,0.8693880372,0.8362735251,0.8022731405,0.8702739097
real_20240707,real,2024-07-07,adapted,2677,0.8365859353,8.645905417,0.1305048621,0.01703151904,0.00309876576,0.9969012342,2774.234258,2669.54572,0.8693933745,0.8365859353,0.8025855507,0.8705863199
real_20240707,real,2024-07-07,adapted,2678,0.8368991409,8.643898028,0.8983934629,0.8071108142,0.0005609636685,0.9994390363,2775.041369,2670.545159,0.869646308,0.8368991409,0.8028987563,0.8708995255
real_20240707,real,2024-07-07,adapted,2679,0.8372123075,8.642276251,-0.4372653243,0.1912009639,0.0006856489992,0.999314351,2775.23257,2671.544473,0.8697062269,0.8372123075,0.8032119229,0.8712126921
real_20240707,real,2024-07-07,adapted,2680,0.8375245868,8.638182401,-0.3862384574,0.1491801459,0.003516691274,0.9964833087,2775.38175,2672.540956,0.8697529771,0.8375245868,0.8035242022,0.8715249714
real_20240707,real,2024-07-07,adapted,2681,0.8378373428,8.636235018,0.7203767339,0.5189426388,0.001995664333,0.9980043357,2775.900693,2673.538961,0.8699156041,0.8378373428,0.8038369582,0.8718377274
real_20240707,real,2024-07-07,adapted,2682,0.8381503254,8.631415672,-1.09390294,1.196623643,0.001272384408,0.9987276156,2777.097316,2674.537688,0.8702906037,0.8381503254,0.8041499408,0.87215071
real_20240707,real,2024-07-07,adapted,2683,0.8384626846,8.631034921,0.9981317197,0.9962669298,0.003261898062,0.9967381019,2778.093583,2675.534426,0.8706028152,0.8384626846,0.8044623,0.8724630692
real_20240707,real,2024-07-07,adapted,2684,0.8387751939,8.629398898,1.36124676,1.852992742,0.002782840574,0.9972171594,2779.946576,2676.531644,0.8711835086,0.8387751939,0.8047748093,0.8727755785
real_20240707,real,2024-07-07,adapted,2685,0.839087801,8.628670587,2.889775349,8.350801567,0.002470458338,0.9975295417,2788.297378,2677.529173,0.8738004944,0.839087801,0.8050874164,0.8730881856
real_20240707,real,2024-07-07,adapted,2686,0.8393993687,8.625473348,0.9096794414,0.8275166861,0.005787634473,0.9942123655,2789.124894,2678.523386,0.8740598227,0.8393993687,0.8053989841,0.8733997533
real_20240707,real,2024-07-07,adapted,2687,0.8397122656,8.624767769,0.5371606308,0.2885415432,0.001545858286,0.9984541417,2789.413436,2679.52184,0.8741502463,0.8397122656,0.805711881,0.8737126502
real_20240707,real,2024-07-07,adapted,2688,0.8400242395,8.619972613,-1.071520225,1.148155593,0.004491297709,0.9955087023,2790.561591,2680.517348,0.8745100569,0.8400242395,0.8060238549,0.8740246241
real_20240707,real,2024-07-07,adapted,2689,0.8403368024,8.619231354,-1.020508386,1.041437365,0.002611965766,0.9973880342,2791.603029,2681.514736,0.8748364239,0.8403368024,0.8063364178,0.874337187
real_20240707,real,2024-07-07,adapted,2690,0.8406499347,8.616404502,-0.08367594241,0.007001663338,0.0007948288994,0.9992051711,2791.61003,2682.513942,0.8748386181,0.8406499347,0.8066495501,0.8746503193
real_20240707,real,2024-07-07,adapted,2691,0.8409628469,8.615623389,0.165969145,0.02754575708,0.001497111379,0.9985028886,2791.637576,2683.512444,0.8748472505,0.8409628469,0.8069624623,0.8749632315
real_20240707,real,2024-07-07,adapted,2692,0.841275353,8.614241673,-0.6499560294,0.4224428401,0.002793032001,0.997206968,2792.060019,2684.509651,0.8749796362,0.841275353,0.8072749684,0.8752757376
real_20240707,real,2024-07-07,adapted,2693,0.841587757,8.594790504,0.8487146136,0.7203164953,0.003118981164,0.9968810188,2792.780336,2685.506532,0.87520537,0.841587757,0.8075873724,0.8755881416
real_20240707,real,2024-07-07,adapted,2694,0.8419006961,8.594346397,0.6569621303,0.4315992407,0.001411201782,0.9985887982,2793.211935,2686.505121,0.8753406251,0.8419006961,0.8079003115,0.8759010807
real_20240707,real,2024-07-07,adapted,2695,0.8422126098,8.594282006,-0.3236416983,0.1047439489,0.004683233537,0.9953167665,2793.316679,2687.500438,0.8753734499,0.8422126098,0.8082122252,0.8762129944
real_20240707,real,2024-07-07,adapted,2696,0.8425256921,8.592850336,-1.241616861,1.54161243,0.0009545251404,0.9990454749,2794.858291,2688.499483,0.8758565626,0.8425256921,0.8085253075,0.8765260767
real_20240707,real,2024-07-07,adapted,2697,0.8428384677,8.591323808,-0.2862601162,0.08194485413,0.001933156702,0.9980668433,2794.940236,2689.49755,0.8758822426,0.8428384677,0.8088380831,0.8768388523
real_20240707,real,2024-07-07,adapted,2698,0.8431514468,8.588870898,-0.4470282287,0.1998342373,0.001283536625,0.9987164634,2795.14007,2690.496267,0.8759448669,0.8431514468,0.8091510622,0.8771518314
real_20240707,real,2024-07-07,adapted,2699,0.8434643219,8.585459165,0.6245081406,0.3900104177,0.001615758645,0.9983842414,2795.530081,2691.494651,0.8760670889,0.8434643219,0.8094639372,0.8774647065
real_20240707,real,2024-07-07,adapted,2700,0.8437769504,8.58530751,-0.7296205965,0.5323462148,0.00240233884,0.9975976612,2796.062427,2692.492249,0.8762339163,0.8437769504,0.8097765658,0.877777335
real_20240707,real,2024-07-07,adapted,2701,0.8440894397,8.583475458,-0.3247254629,0.1054466263,0.002846757419,0.9971532426,2796.167874,2693.489402,0.8762669613,0.8440894397,0.8100890551,0.8780898243
real_20240707,real,2024-07-07,adapted,2702,0.8444021883,8.58332811,-0.2060910516,0.04247352157,0.002019072883,0.9979809271,2796.210347,2694.487383,0.8762802717,0.8444021883,0.8104018037,0.8784025729
real_20240707,real,2024-07-07,adapted,2703,0.8447143994,8.581504383,1.874130195,3.512363987,0.003734290495,0.9962657095,2799.722711,2695.483649,0.8773809812,0.8447143994,0.8107140148,0.878714784
real_20240707,real,2024-07-07,adapted,2704,0.8450275596,8.58002545,0.29064244,0.08447302792,0.000705948366,0.9992940516,2799.807184,2696.482943,0.8774074535,0.8450275596,0.811027175,0.8790279442
real_20240707,real,2024-07-07,adapted,2705,0.8453402947,8.578973008,-0.0690498769,0.0047678855,0.002062118264,0.9979378817,2799.811952,2697.48088,0.8774089476,0.8453402947,0.8113399101,0.8793406793
real_20240707,real,2024-07-07,adapted,2706,0.8456530683,8.577200731,-0.976799611,0.95413748,0.001939708351,0.9980602916,2800.766089,2698.478941,0.8777079566,0.8456530683,0.8116526837,0.8796534529
real_20240707,real,2024-07-07,adapted,2707,0.8459659211,8.576516866,1.530559966,2.342613808,0.001686599972,0.9983134,2803.108703,2699.477254,0.8784420881,0.8459659211,0.8119655365,0.8799663057
real_20240707,real,2024-07-07,adapted,2708,0.8462785982,8.574068716,0.6898318077,0.4758679229,0.002247225341,0.9977527747,2803.584571,2700.475007,0.8785912163,0.8462785982,0.8122782136,0.8802789828
real_20240707,real,2024-07-07,adapted,2709,0.8465917969,8.572286605,-0.9468389264,0.8965039526,0.0005831737907,0.9994168262,2804.481075,2701.474424,0.8788721639,0.8465917969,0.8125914123,0.8805921815
real_20240707,real,2024-07-07,adapted,2710,0.8469050544,8.57212369,-0.3961498899,0.1569347352,0.0003953081082,0.9996046919,2804.63801,2702.474028,0.8789213444,0.8469050544,0.8129046698,0.880905439
real_20240707,real,2024-07-07,adapted,2711,0.8472179659,8.568391144,-0.3619386174,0.1309995627,0.001499212421,0.9985007876,2804.769009,2703.472529,0.8789623972,0.8472179659,0.8132175813,0.8812183505
real_20240707,real,2024-07-07,adapted,2712,0.8475302578,8.567988113,0.3508788237,0.1231159489,0.003476772446,0.9965232276,2804.892125,2704.469052,0.8790009794,0.8475302578,0.8135298732,0.8815306424
real_20240707,real,2024-07-07,adapted,2713,0.847843511,8.561694237,-1.243946039,1.547401747,0.00040887224,0.9995911278,2806.439527,2705.468644,0.8794859063,0.847843511,0.8138431264,0.8818438956
real_20240707,real,2024-07-07,adapted,2714,0.8481564497,8.561373863,-0.6983803492,0.4877351122,0.001412555471,0.9985874445,2806.927262,2706.467231,0.8796387534,0.8481564497,0.8141560651,0.8821568343
real_20240707,real,2024-07-07,adapted,2715,0.8484687205,8.560161053,-0.3430921537,0.1177122259,0.003543802385,0.9964561976,2807.044974,2707.463687,0.8796756423,0.8484687205,0.8144683359,0.8824691051
real_20240707,real,2024-07-07,adapted,2716,0.8487814232,8.554085027,-0.01056235692,0.0001115633836,0.002165962819,0.9978340372,2807.045086,2708.461521,0.8796756772,0.8487814232,0.8147810386,0.8827818078
real_20240707,real,2024-07-07,adapted,2717,0.849093773,8.55390491,-0.8838942144,0.7812689823,0.003291524953,0.996708475,2807.826355,2709.45823,0.8799205124,0.849093773,0.8150933884,0.8830941576
real_20240707,real,2024-07-07,adapted,2718,0.849406475,8.553189296,-1.125314691,1.266333154,0.00216790766,0.9978320923,2809.092688,2710.456062,0.8803173576,0.849406475,0.8154060904,0.8834068596
real_20240707,real,2024-07-07,adapted,2719,0.8497187293,8.550521427,2.105941377,4.434989081,0.003596561941,0.9964034381,2813.527677,2711.452465,0.8817072006,0.8497187293,0.8157183447,0.8837191139
real_20240707,real,2024-07-07,adapted,2720,0.8500318713,8.549137204,0.3767240655,0.1419210215,0.0007641035452,0.9992358965,2813.669598,2712.451701,0.881751676,0.8500318713,0.8160314867,0.8840322559
real_20240707,real,2024-07-07,adapted,2721,0.8503445515,8.548624593,-0.1294859613,0.01676661417,0.002237482612,0.9977625174,2813.686365,2713.449464,0.8817569304,0.8503445515,0.8163441669,0.8843449361
real_20240707,real,2024-07-07,adapted,2722,0.8506568971,8.547047698,-0.244666804,0.05986184498,0.003304966983,0.996695033,2813.746227,2714.446159,0.88177569,0.8506568971,0.8166565125,0.8846572817
real_20240707,real,2024-07-07,adapted,2723,0.8509692285,8.546576058,-0.2392981442,0.05726360179,0.003350626628,0.9966493734,2813.80349,2715.442808,0.8817936353,0.8509692285,0.8169688439,0.8849696131
real_20240707,real,2024-07-07,adapted,2724,0.8512821733,8.546297525,0.9367331657,0.8774690237,0.001393024646,0.9986069754,2814.680959,2716.441415,0.8820686178,0.8512821733,0.8172817887,0.8852825579
real_20240707,real,2024-07-07,adapted,2725,0.8515951865,8.543766041,-1.065227421,1.134709458,0.001174897386,0.9988251026,2815.815669,2717.44024,0.8824242146,0.8515951865,0.8175948019,0.8855955711
real_20240707,real,2024-07-07,adapted,2726,0.8519083209,8.54307751,-0.7621677302,0.5808996489,0.0007881403037,0.9992118597,2816.396568,2718.439452,0.8826062577,0.8519083209,0.8179079363,0.8859087055
real_20240707,real,2024-07-07,adapted,2727,0.8522207912,8.537587589,-0.3299127939,0.1088424516,0.002907319862,0.9970926801,2816.505411,2719.436545,0.8826403669,0.8522207912,0.8182204066,0.8862211758
real_20240707,real,2024-07-07,adapted,2728,0.8525338055,8.537269156,1.829241975,3.346126204,0.001171488199,0.9988285118,2819.851537,2720.435373,0.8836889806,0.8525338055,0.8185334209,0.8865341901
real_20240707,real,2024-07-07,adapted,2729,0.852846127,8.533214948,-1.23236083,1.518713215,0.003382049595,0.9966179504,2821.37025,2721.431991,0.884164917,0.852846127,0.8188457424,0.8868465116
real_20240707,real,2024-07-07,adapted,2730,0.8531591242,8.533142742,1.523678252,2.321595416,0.001226037468,0.9987739625,2823.691846,2722.430765,0.8848924618,0.8531591242,0.8191587396,0.8871595088
real_20240707,real,2024-07-07,adapted,2731,0.8534715579,8.532767951,0.7604720338,0.5783177142,0.003023987736,0.9969760123,2824.270163,2723.427741,0.8850736958,0.8534715579,0.8194711733,0.8874719425
real_20240707,real,2024-07-07,adapted,2732,0.8537843907,8.532220859,-0.273492247,0.07479800919,0.001750310705,0.9982496893,2824.344961,2724.425991,0.8850971361,0.8537843907,0.8197840061,0.8877847753
real_20240707,real,2024-07-07,adapted,2733,0.8540975077,8.528600025,-0.477381997,0.2278935711,0.0008438669734,0.999156133,2824.572855,2725.425147,0.8851685537,0.8540975077,0.8200971231,0.8880978923
real_20240707,real,2024-07-07,adapted,2734,0.8544097419,8.526442365,0.4408069538,0.1943107705,0.003660556561,0.9963394434,2824.767166,2726.421486,0.8852294471,0.8544097419,0.8204093573,0.8884101265
real_20240707,real,2024-07-07,adapted,2735,0.8547218113,8.522125138,0.3781120988,0.1429687592,0.00418651589,0.9958134841,2824.910135,2727.4173,0.8852742509,0.8547218113,0.8207214267,0.8887221959
real_20240707,real,2024-07-07,adapted,2736,0.8550350229,8.517524558,0.993280361,0.9866058756,0.0005418092528,0.9994581907,2825.89674,2728.416758,0.8855834348,0.8550350229,0.8210346383,0.8890354075
real_20240707,real,2024-07-07,adapted,2737,0.8553482841,8.506679674,-1.097161262,1.203762834,0.0003836839408,0.9996163161,2827.100503,2729.416374,0.8859606717,0.8553482841,0.8213478995,0.8893486687
real_20240707,real,2024-07-07,adapted,2738,0.8556607445,8.50266102,-0.4441736214,0.1972902059,0.002938628776,0.9970613712,2827.297793,2730.413436,0.8860224987,0.8556607445,0.8216603599,0.8896611291
real_20240707,real,2024-07-07,adapted,2739,0.8559714905,8.502180238,0.1696313225,0.02877478557,0.008409739099,0.9915902609,2827.326568,2731.405026,0.8860315162,0.8559714905,0.8219711059,0.8899718751
real_20240707,real,2024-07-07,adapted,2740,0.8562844872,8.501603852,-0.375710755,0.1411585714,0.001227372238,0.9987726278,2827.467727,2732.403799,0.8860757527,0.8562844872,0.8222841026,0.8902848718
real_20240707,real,2024-07-07,adapted,2741,0.8565968537,8.4995036,-0.6516992547,0.4247119186,0.003238415467,0.9967615845,2827.892439,2733.40056,0.8862088495,0.8565968537,0.8225964691,0.8905972383
real_20240707,real,2024-07-07,adapted,2742,0.8569095108,8.49244525,-0.9262592007,0.8579561068,0.002311193949,0.9976888061,2828.750395,2734.398249,0.886477717,0.8569095108,0.8229091262,0.8909098954
real_20240707,real,2024-07-07,adapted,2743,0.8572224323,8.490387364,0.8407134339,0.7067990779,0.001467706494,0.9985322935,2829.457194,2735.396781,0.8866992146,0.8572224323,0.8232220477,0.8912228169
real_20240707,real,2024-07-07,adapted,2744,0.8575348425,8.489804368,1.119248091,1.252716289,0.003099016213,0.9969009838,2830.70991,2736.393682,0.8870917926,0.8575348425,0.8235344579,0.8915352271
real_20240707,real,2024-07-07,adapted,2745,0.8578480167,8.487219041,-1.186250385,1.407189976,0.0006610339725,0.999338966,2832.1171,2737.393021,0.8875327797,0.8578480167,0.8238476321,0.8918484013
real_20240707,real,2024-07-07,adapted,2746,0.8581591384,8.486378543,-0.1173833642,0.01377885419,0.007210621588,0.9927893784,2832.130879,2738.385811,0.8875370978,0.8581591384,0.8241587538,0.892159523
real_20240707,real,2024-07-07,adapted,2747,0.858470649,8.486364199,0.2279617707,0.05196656889,0.005969597133,0.9940304029,2832.182846,2739.379841,0.8875533831,0.858470649,0.8244702644,0.8924710336
real_20240707,real,2024-07-07,adapted,2748,0.8587825959,8.485756278,1.837558663,3.37662184,0.004577648265,0.9954223517,2835.559467,2740.375263,0.8886115536,0.8587825959,0.8247822113,0.8927829805
real_20240707,real,2024-07-07,adapted,2749,0.8590950442,8.482800294,-1.154138122,1.332034805,0.002977542226,0.9970224578,2836.891502,2741.372286,0.8890289885,0.8590950442,0.8250946596,0.8930954288
real_20240707,real,2024-07-07,adapted,2750,0.8594064959,8.480999449,1.107664631,1.226920935,0.006157395044,0.993842605,2838.118423,2742.366129,0.8894134827,0.8594064959,0.8254061113,0.8934068805
real_20240707,real,2024-07-07,adapted,2751,0.8597192554,8.479091083,-0.9896194439,0.9793466438,0.001984423324,0.9980155767,2839.09777,2743.364144,0.8897203917,0.8597192554,0.8257188708,0.89371964
real_20240707,real,2024-07-07,adapted,2752,0.860031968,8.473451331,0.2593441089,0.06725936681,0.002134111671,0.9978658883,2839.165029,2744.36201,0.8897414695,0.860031968,0.8260315834,0.8940323526
real_20240707,real,2024-07-07,adapted,2753,0.8603443559,8.46876186,1.706816508,2.913222592,0.003170204995,0.996829795,2842.078252,2745.35884,0.8906544192,0.8603443559,0.8263439713,0.8943447405
real_20240707,real,2024-07-07,adapted,2754,0.8606575319,8.467854339,-1.056353123,1.115881921,0.0006556339197,0.9993443661,2843.194134,2746.358184,0.8910041159,0.8606575319,0.8266571473,0.8946579165
real_20240707,real,2024-07-07,adapted,2755,0.8609690951,8.466967726,1.014165163,1.028530978,0.005801608272,0.9941983917,2844.222665,2747.352383,0.8913264383,0.8609690951,0.8269687105,0.8949694797
real_20240707,real,2024-07-07,adapted,2756,0.8612821094,8.463762223,-0.1310358634,0.01717039749,0.001171586365,0.9988284136,2844.239835,2748.351211,0.8913318192,0.8612821094,0.8272817248,0.895282494
real_20240707,real,2024-07-07,adapted,2757,0.8615950957,8.463603651,0.8368748678,0.7003595443,0.001260424788,0.9987395752,2844.940195,2749.349951,0.8915512988,0.8615950957,0.8275947111,0.8955954804
real_20240707,real,2024-07-07,adapted,2758,0.8619080534,8.462772414,0.4936172447,0.2436579843,0.001352285574,0.9986477144,2845.183853,2750.348598,0.8916276567,0.8619080534,0.8279076688,0.895908438
real_20240707,real,2024-07-07,adapted,2759,0.8622206977,8.46152704,-0.755411988,0.5706472717,0.00235196663,0.9976480334,2845.7545,2751.346246,0.891806487,0.8622206977,0.8282203131,0.8962210823
real_20240707,real,2024-07-07,adapted,2760,0.862531897,8.455144139,1.599836184,2.559475816,0.006962897741,0.9930371023,2848.313976,2752.339283,0.892608579,0.862531897,0.8285315124,0.8965322816
real_20240707,real,2024-07-07,adapted,2761,0.8628441979,8.454136363,0.4601566072,0.2117441031,0.003447824026,0.996552176,2848.52572,2753.335836,0.8926749357,0.8628441979,0.8288438133,0.8968445825
real_20240707,real,2024-07-07,adapted,2762,0.8631562921,8.445847009,0.1342008725,0.01800987419,0.004107494226,0.9958925058,2848.54373,2754.331728,0.8926805797,0.8631562921,0.8291559075,0.8971566767
real_20240707,real,2024-07-07,adapted,2763,0.8634695401,8.445316229,-0.3881309369,0.1506456242,0.0004257309284,0.9995742691,2848.694375,2755.331302,0.8927277892,0.8634695401,0.8294691555,0.8974699247
real_20240707,real,2024-07-07,adapted,2764,0.8637815048,8.442089261,-0.5591677418,0.3126685634,0.004520372681,0.9954796273,2849.007044,2756.326782,0.8928257737,0.8637815048,0.8297811202,0.8977818894
real_20240707,real,2024-07-07,adapted,2765,0.8640946084,8.441653665,-0.629926331,0.3968071825,0.0008866407668,0.9991133592,2849.403851,2757.325895,0.8929501257,0.8640946084,0.8300942238,0.898094993
real_20240707,real,2024-07-07,adapted,2766,0.8644073761,8.439421914,-2.464132031,6.071946667,0.001958329265,0.9980416707,2855.475798,2758.323937,0.8948529607,0.8644073761,0.8304069915,0.8984077607
real_20240707,real,2024-07-07,adapted,2767,0.8647198445,8.42773607,0.4743556823,0.2250133133,0.002913248308,0.9970867517,2855.700811,2759.321024,0.8949234757,0.8647198445,0.8307194599,0.8987202291
real_20240707,real,2024-07-07,adapted,2768,0.8650323819,8.427399366,-0.437104876,0.1910606727,0.002693148535,0.9973068515,2855.891872,2760.318331,0.8949833506,0.8650323819,0.8310319973,0.8990327665
real_20240707,real,2024-07-07,adapted,2769,0.8653440365,8.427321179,-0.7818861744,0.6113459898,0.00551006441,0.9944899356,2856.503218,2761.312821,0.895174935,0.8653440365,0.8313436519,0.8993444211
real_20240707,real,2024-07-07,adapted,2770,0.8656568778,8.421160293,-1.600573385,2.56183516,0.001723571049,0.998276429,2859.065053,2762.311097,0.8959777665,0.8656568778,0.8316564932,0.8996572624
real_20240707,real,2024-07-07,adapted,2771,0.8659693024,8.419461183,0.7518910103,0.5653400913,0.003052863119,0.9969471369,2859.630393,2763.308044,0.8961549335,0.8659693024,0.8319689178,0.899969687
real_20240707,real,2024-07-07,adapted,2772,0.8662821175,8.416182488,-0.2350020867,0.05522598075,0.001807129827,0.9981928702,2859.685619,2764.306237,0.8961722403,0.8662821175,0.8322817329,0.9002825021
real_20240707,real,2024-07-07,adapted,2773,0.866594176,8.412162182,-0.5953487648,0.3544401518,0.004221234678,0.9957787653,2860.040059,2765.302016,0.8962833153,0.866594176,0.8325937914,0.9005945606
real_20240707,real,2024-07-07,adapted,2774,0.8669074878,8.407438325,-0.9341547606,0.8726451167,0.0002220316571,0.9997779683,2860.912704,2766.301794,0.896556786,0.8669074878,0.8329071032,0.9009078724
real_20240707,real,2024-07-07,adapted,2775,0.867219764,8.407347334,0.3747883795,0.1404663294,0.00352686269,0.9964731373,2861.053171,2767.298267,0.8966008056,0.867219764,0.8332193794,0.9012201486
real_20240707,real,2024-07-07,adapted,2776,0.8675321951,8.406027696,-2.358376315,5.561938841,0.003032205945,0.9969677941,2866.615109,2768.295235,0.8983438136,0.8675321951,0.8335318105,0.9015325797
real_20240707,real,2024-07-07,adapted,2777,0.8678448,8.403248689,-1.310923264,1.718519803,0.002477982508,0.9975220175,2868.333629,2769.292757,0.8988823658,0.8678448,0.8338444154,0.9018451846
real_20240707,real,2024-07-07,adapted,2778,0.868157339,8.403043603,-1.112497223,1.237650071,0.002688005363,0.9973119946,2869.571279,2770.290069,0.8992702223,0.868157339,0.8341569544,0.9021577236
real_20240707,real,2024-07-07,adapted,2779,0.8684704345,8.399944747,-1.269313264,1.611156162,0.000912171976,0.999087828,2871.182435,2771.289156,0.8997751286,0.8684704345,0.8344700499,0.9024708191
real_20240707,real,2024-07-07,adapted,2780,0.8687827534,8.399236824,0.9073187468,0.8232273084,0.003390229853,0.9966097701,2872.005663,2772.285766,0.9000331127,0.8687827534,0.8347823688,0.902783138
real_20240707,real,2024-07-07,adapted,2781,0.8690959709,8.398715749,1.319173329,1.740218271,0.0005230813604,0.9994769186,2873.745881,2773.285243,0.9005784647,0.8690959709,0.8350955863,0.9030963555
real_20240707,real,2024-07-07,adapted,2782,0.8694089166,8.39850292,-1.437311036,2.065863015,0.001390138672,0.9986098613,2875.811744,2774.283853,0.9012258677,0.8694089166,0.835408532,0.9034093012
real_20240707,real,2024-07-07,adapted,2783,0.8697215502,8.397335959,-0.3122958021,0.09752866803,0.002386400664,0.9976135993,2875.909273,2775.281467,0.9012564314,0.8697215502,0.8357211656,0.9037219348
real_20240707,real,2024-07-07,adapted,2784,0.8700342083,8.392941148,-0.1357669391,0.01843266176,0.002307940429,0.9976920596,2875.927705,2776.279159,0.9012622079,0.8700342083,0.8360338237,0.9040345929
real_20240707,real,2024-07-07,adapted,2785,0.8703462224,8.39182541,1.075354294,1.156386858,0.004363016867,0.9956369831,2877.084092,2777.274796,0.901624598,0.8703462224,0.8363458378,0.904346607
real_20240707,real,2024-07-07,adapted,2786,0.8706586489,8.387859158,-0.2199917717,0.04839637963,0.003046963875,0.9969530361,2877.132489,2778.271749,0.9016397645,0.8706586489,0.8366582643,0.9046590335
real_20240707,real,2024-07-07,adapted,2787,0.8709695508,8.381851968,-1.008270853,1.016610113,0.007912068462,0.9920879315,2878.149099,2779.263837,0.9019583512,0.8709695508,0.8369691662,0.9049699354
real_20240707,real,2024-07-07,adapted,2788,0.8712819345,8.381693854,-0.3707843407,0.1374810273,0.003183505605,0.9968164944,2878.28658,2780.260653,0.9020014352,0.8712819345,0.8372815499,0.9052823191
real_20240707,real,2024-07-07,adapted,2789,0.8715937575,8.37613124,-0.5729035855,0.3282185182,0.004973064125,0.9950269359,2878.614798,2781.25568,0.9021042928,0.8715937575,0.8375933729,0.9055941421
real_20240707,real,2024-07-07,adapted,2790,0.8719052774,8.373200971,0.3151998292,0.09935093231,0.005939891633,0.9940601084,2878.714149,2782.24974,0.9021354275,0.8719052774,0.8379048928,0.905905662
real_20240707,real,2024-07-07,adapted,2791,0.87221776,8.370851487,-0.9275943128,0.8604312092,0.002867955751,0.9971320442,2879.57458,2783.246872,0.9024050706,0.87221776,0.8382173754,0.9062181446
real_20240707,real,2024-07-07,adapted,2792,0.8725297714,8.369073454,0.1228065867,0.01508145774,0.004371646068,0.9956283539,2879.589662,2784.242501,0.9024097969,0.8725297714,0.8385293868,0.906530156
real_20240707,real,2024-07-07,adapted,2793,0.8728418391,8.366775433,-0.6640111349,0.4409107872,0.00419189198,0.995808108,2880.030573,2785.238309,0.9025479701,0.8728418391,0.8388414545,0.9068422237
real_20240707,real,2024-07-07,adapted,2794,0.8731542828,8.366069503,0.3790859941,0.1437061909,0.002992346564,0.9970076534,2880.174279,2786.235316,0.9025930049,0.8731542828,0.8391538982,0.9071546674
real_20240707,real,2024-07-07,adapted,2795,0.8734656002,8.36198584,-1.360594514,1.851217431,0.006586203135,0.9934137969,2882.025496,2787.22873,0.903173142,0.8734656002,0.8394652156,0.9074659848
real_20240707,real,2024-07-07,adapted,2796,0.8737776645,8.353232202,0.2332305238,0.05439647725,0.004202749836,0.9957972502,2882.079893,2788.224527,0.9031901889,0.8737776645,0.8397772799,0.9077780491
real_20240707,real,2024-07-07,adapted,2797,0.8740909786,8.351385103,-1.916223953,3.67191424,0.0002147003477,0.9997852997,2885.751807,2789.224313,0.9043408984,0.8740909786,0.840090594,0.9080913632
real_20240707,real,2024-07-07,adapted,2798,0.8744041429,8.350199839,1.56044423,2.434986194,0.0006925905363,0.9993074095,2888.186793,2790.22362,0.9051039778,0.8744041429,0.8404037583,0.9084045275
real_20240707,real,2024-07-07,adapted,2799,0.8747168619,8.349202362,1.121394355,1.2575253,0.00211388961,0.9978861104,2889.444318,2791.221506,0.9054980628,0.8747168619,0.8407164773,0.9087172465
real_20240707,real,2024-07-07,adapted,2800,0.8750292508,8.348527857,0.3768178559,0.1419916965,0.003167008669,0.9968329913,2889.58631,2792.218339,0.9055425604,0.8750292508,0.8410288662,0.9090296354
real_20240707,real,2024-07-07,adapted,2801,0.8753424456,8.34638962,-1.331950705,1.774092682,0.0005952641489,0.9994047359,2891.360403,2793.217744,0.906098528,0.8753424456,0.841342061,0.9093428302
real_20240707,real,2024-07-07,adapted,2802,0.8756554831,8.345203823,0.6045897462,0.3655287613,0.001097232788,0.9989027672,2891.725932,2794.216647,0.9062130779,0.8756554831,0.8416550985,0.9096558677
real_20240707,real,2024-07-07,adapted,2803,0.8759676858,8.342665514,-0.05242566459,0.002748450308,0.00376119857,0.9962388014,2891.72868,2795.212885,0.9062139392,0.8759676858,0.8419673012,0.9099680704
real_20240707,real,2024-07-07,adapted,2804,0.876280315,8.339590288,-0.2534624056,0.06424319103,0.002400308925,0.9975996911,2891.792923,2796.210485,0.9062340718,0.876280315,0.8422799304,0.9102806996
real_20240707,real,2024-07-07,adapted,2805,0.876593495,8.334899097,0.181575452,0.03296964477,0.0006426403781,0.9993573596,2891.825893,2797.209843,0.9062444039,0.876593495,0.8425931104,0.9105938796
real_20240707,real,2024-07-07,adapted,2806,0.8769046992,8.334098391,1.418552401,2.012290914,0.006947483067,0.9930525169,2893.838184,2798.202895,0.9068750184,0.8769046992,0.8429043146,0.9109050838
real_20240707,real,2024-07-07,adapted,2807,0.8772178861,8.333010622,-0.8715976875,0.7596825289,0.0006205733016,0.9993794267,2894.597866,2799.202274,0.9071130888,0.8772178861,0.8432175015,0.9112182707
real_20240707,real,2024-07-07,adapted,2808,0.8775309071,8.32508707,-0.6827638567,0.466166484,0.001150064682,0.9988499353,2895.064033,2800.201124,0.9072591767,0.8775309071,0.8435305225,0.9115312917
real_20240707,real,2024-07-07,adapted,2809,0.8778439171,8.324252028,0.4313499119,0.1860627465,0.001185003961,0.998814996,2895.250096,2801.199939,0.9073174853,0.8778439171,0.8438435325,0.9118443017
real_20240707,real,2024-07-07,adapted,2810,0.8781569546,8.321885941,-0.7718955141,0.5958226846,0.00109743403,0.998902566,2895.845918,2802.198842,0.907504205,0.8781569546,0.84415657,0.9121573392
real_20240707,real,2024-07-07,adapted,2811,0.8784692267,8.32155848,1.605816977,2.578648164,0.003539624314,0.9964603757,2898.424566,2803.195302,0.9083123054,0.8784692267,0.8444688421,0.9124696113
real_20240707,real,2024-07-07,adapted,2812,0.8787822858,8.320874853,-0.3571407624,0.1275495242,0.001028299336,0.9989717007,2898.552116,2804.194274,0.908352277,0.8787822858,0.8447819012,0.9127826704
real_20240707,real,2024-07-07,adapted,2813,0.879095554,8.3162797,-1.884275275,3.550493312,0.0003612110592,0.9996387889,2902.102609,2805.193913,0.9094649355,0.879095554,0.8450951694,0.9130959386
real_20240707,real,2024-07-07,adapted,2814,0.8794074622,8.311424202,0.8099592587,0.6560340008,0.004700918652,0.9952990813,2902.758643,2806.189212,0.9096705244,0.8794074622,0.8454070776,0.9134078468
real_20240707,real,2024-07-07,adapted,2815,0.8797206029,8.30909936,0.112655318,0.01269122066,0.0007680144402,0.9992319856,2902.771334,2807.188444,0.9096745015,0.8797206029,0.8457202183,0.9137209875
real_20240707,real,2024-07-07,adapted,2816,0.8800330627,8.307806005,0.3434023327,0.1179251621,0.002940699983,0.9970593,2902.88926,2808.185503,0.9097114571,0.8800330627,0.8460326781,0.9140334473
real_20240707,real,2024-07-07,adapted,2817,0.8803460016,8.306028729,1.724623882,2.974327534,0.001411999862,0.9985880001,2905.863587,2809.184091,0.910643556,0.8803460016,0.846345617,0.9143463862
real_20240707,real,2024-07-07,adapted,2818,0.8806584854,8.305647097,-0.3798873264,0.1443143807,0.002864198374,0.9971358016,2906.007902,2810.181227,0.9106887814,0.8806584854,0.8466581008,0.91465887
real_20240707,real,2024-07-07,adapted,2819,0.8809717104,8.301683846,-0.9708688033,0.9425862332,0.0004991548175,0.9995008452,2906.950488,2811.180728,0.9109841704,0.8809717104,0.8469713258,0.914972095
real_20240707,real,2024-07-07,adapted,2820,0.8812837324,8.299562388,-0.2174324768,0.04727688197,0.004337837572,0.9956621624,2906.997765,2812.17639,0.9109989861,0.8812837324,0.8472833478,0.915284117
real_20240707,real,2024-07-07,adapted,2821,0.8815966705,8.296555907,0.4372785612,0.1912125401,0.001414615137,0.9985853849,2907.188977,2813.174975,0.9110589085,0.8815966705,0.8475962859,0.9155970551
real_20240707,real,2024-07-07,adapted,2822,0.8819090063,8.289696856,-0.4609578221,0.2124821138,0.003336318816,0.9966636812,2907.401459,2814.171639,0.9111254965,0.8819090063,0.8479086217,0.9159093909
real_20240707,real,2024-07-07,adapted,2823,0.8822217962,8.289478465,1.911006061,3.651944165,0.001887385166,0.9981126148,2911.053403,2815.169752,0.9122699478,0.8822217962,0.8482214116,0.9162221808
real_20240707,real,2024-07-07,adapted,2824,0.8825349692,8.288578123,1.728817119,2.988808631,0.0006649228369,0.9993350772,2914.042212,2816.169087,0.9132065848,0.8825349692,0.8485345846,0.9165353538
real_20240707,real,2024-07-07,adapted,2825,0.8828470493,8.286054787,1.178916402,1.389843882,0.00415262483,0.9958473752,2915.432056,2817.164934,0.913642136,0.8828470493,0.8488466647,0.9168474339
real_20240707,real,2024-07-07,adapted,2826,0.8831599653,8.285766282,0.3578772995,0.1280761615,0.001484851042,0.998515149,2915.560132,2818.163449,0.9136822727,0.8831599653,0.8491595807,0.9171603499
real_20240707,real,2024-07-07,adapted,2827,0.883473202,8.279079498,-0.2966583776,0.08800619298,0.000461750459,0.9995382495,2915.648138,2819.162988,0.9137098522,0.883473202,0.8494728174,0.9174735866
real_20240707,real,2024-07-07,adapted,2828,0.8837861232,8.274360492,-0.101478856,0.01029795822,0.001468551806,0.9985314482,2915.658436,2820.161519,0.9137130794,0.8837861232,0.8497857386,0.9177865078
real_20240707,real,2024-07-07,adapted,2829,0.884097958,8.274111458,-1.590920382,2.531027661,0.004935022675,0.9950649773,2918.189464,2821.156584,0.9145062563,0.884097958,0.8500975734,0.9180983426
real_20240707,real,2024-07-07,adapted,2830,0.8844102197,8.273544708,0.3545921541,0.1257355958,0.003572851326,0.9964271487,2918.3152,2822.153011,0.9145456595,0.8844102197,0.8504098351,0.9184106043
real_20240707,real,2024-07-07,adapted,2831,0.8847224263,8.273490952,1.301155726,1.693006225,0.003748889672,0.9962511103,2920.008206,2823.149262,0.9150762162,0.8847224263,0.8507220417,0.9187228109
real_20240707,real,2024-07-07,adapted,2832,0.8850357853,8.271732754,0.03601132589,0.001296815592,7.14972772e-05,0.9999285027,2920.009503,2824.149191,0.9150766226,0.8850357853,0.8510354007,0.9190361699
real_20240707,real,2024-07-07,adapted,2833,0.885348768,8.271426589,-2.315522143,5.361642795,0.001272138127,0.9987278619,2925.371145,2825.147919,0.9167568616,0.885348768,0.8513483834,0.9193491526
real_20240707,real,2024-07-07,adapted,2834,0.8856618738,8.270271302,1.561106764,2.437054328,0.0008793305913,0.9991206694,2927.8082,2826.147039,0.9175205891,0.8856618738,0.8516614892,0.9196622584
real_20240707,real,2024-07-07,adapted,2835,0.8859736895,8.258319831,0.07642281279,0.005840446314,0.004996037322,0.9950039627,2927.81404,2827.142043,0.9175224193,0.8859736895,0.8519733049,0.9199740741
real_20240707,real,2024-07-07,adapted,2836,0.8862865765,8.257083944,-0.5778629866,0.3339256313,0.001577759501,0.9984222405,2928.147966,2828.140465,0.9176270654,0.8862865765,0.8522861919,0.9202869611
real_20240707,real,2024-07-07,adapted,2837,0.8865994643,8.256786463,-0.8260937926,0.6824309542,0.001575049493,0.9984249505,2928.830397,2829.13889,0.9178409266,0.8865994643,0.8525990797,0.9205998489
real_20240707,real,2024-07-07,adapted,2838,0.8869121784,8.255994811,0.1403655169,0.01970247834,0.002129201447,0.9978707986,2928.850099,2830.136761,0.917847101,0.8869121784,0.8529117938,0.920912563
real_20240707,real,2024-07-07,adapted,2839,0.8872243624,8.245934464,-0.04545716881,0.002066354196,0.003820882955,0.996179117,2928.852166,2831.13294,0.9178477485,0.8872243624,0.8532239778,0.921224747
real_20240707,real,2024-07-07,adapted,2840,0.8875361043,8.243811611,-0.2456370335,0.06033755221,0.005231645525,0.9947683545,2928.912503,2832.127709,0.9178666572,0.8875361043,0.8535357197,0.9215364889
real_20240707,real,2024-07-07,adapted,2841,0.8878487246,8.243450898,0.02845276834,0.0008095600263,0.0024286438,0.9975713562,2928.913313,2833.12528,0.9178669109,0.8878487246,0.85384834,0.9218491092
real_20240707,real,2024-07-07,adapted,2842,0.8881615643,8.240556512,-0.2703561274,0.07309243562,0.001728270891,0.9982717291,2928.986405,2834.123552,0.9178898167,0.8881615643,0.8541611797,0.9221619489
real_20240707,real,2024-07-07,adapted,2843,0.8884740941,8.238321916,0.4301082953,0.1849931457,0.002717398875,0.9972826011,2929.171398,2835.120834,0.9179477901,0.8884740941,0.8544737095,0.9224744787
real_20240707,real,2024-07-07,adapted,2844,0.8887873451,8.236603679,-0.3537952462,0.1251710762,0.0004161815013,0.9995838185,2929.296569,2836.120418,0.9179870164,0.8887873451,0.8547869605,0.9227877297
real_20240707,real,2024-07-07,adapted,2845,0.8890985153,8.234433528,-0.6629128242,0.4394534125,0.0070558062,0.9929441938,2929.736023,2837.113362,0.9181247329,0.8890985153,0.8550981307,0.9230988999
real_20240707,real,2024-07-07,adapted,2846,0.8894110927,8.232031199,0.4258007853,0.1813063087,0.002565493559,0.9974345064,2929.917329,2838.110797,0.9181815509,0.8894110927,0.8554107081,0.9234114773
real_20240707,real,2024-07-07,adapted,2847,0.8897237727,8.23056777,-1.085870498,1.179114737,0.002238088291,0.9977619117,2931.096444,2839.108559,0.9185510635,0.8897237727,0.8557233881,0.9237241573
real_20240707,real,2024-07-07,adapted,2848,0.890035487,8.230422888,-0.217044893,0.04710848559,0.005319676717,0.9946803233,2931.143552,2840.103239,0.9185658265,0.890035487,0.8560351024,0.9240358716
real_20240707,real,2024-07-07,adapted,2849,0.8903485004,8.228543,-0.5500110078,0.3025121087,0.001174328239,0.9988256718,2931.446064,2841.102065,0.9186606281,0.8903485004,0.8563481158,0.924348885
real_20240707,real,2024-07-07,adapted,2850,0.8906612276,8.226702535,-0.7176762837,0.5150592481,0.002087632401,0.9979123676,2931.961124,2842.099977,0.9188220381,0.8906612276,0.856660843,0.9246616122
real_20240707,real,2024-07-07,adapted,2851,0.8909732246,8.22477914,-0.2261281033,0.05113391909,0.004417329405,0.9955826706,2932.012258,2843.09556,0.9188380625,0.8909732246,0.85697284,0.9249736092
real_20240707,real,2024-07-07,adapted,2852,0.8912852388,8.22152994,0.9225381522,0.8510766422,0.004362758634,0.9956372414,2932.863334,2844.091197,0.9191047741,0.8912852388,0.8572848542,0.9252856234
real_20240707,real,2024-07-07,adapted,2853,0.8915980802,8.220104269,-2.069366213,4.282276525,0.0017231709,0.9982768291,2937.145611,2845.089474,0.9204467599,0.8915980802,0.8575976956,0.9255984648
real_20240707,real,2024-07-07,adapted,2854,0.8919113108,8.219488492,-0.5266067798,0.2773147006,0.0004812661444,0.9995187339,2937.422925,2846.088993,0.9205336651,0.8919113108,0.8579109262,0.9259116954
real_20240707,real,2024-07-07,adapted,2855,0.8922245799,8.218862257,-1.426919759,2.036099998,0.0003580900159,0.99964191,2939.459025,2847.088635,0.921171741,0.8922245799,0.8582241953,0.9262249645
real_20240707,real,2024-07-07,adapted,2856,0.8925354272,8.214632832,1.008237033,1.016541915,0.008086465228,0.9919135348,2940.475567,2848.080548,0.9214903063,0.8925354272,0.8585350426,0.9265358118
real_20240707,real,2024-07-07,adapted,2857,0.8928478826,8.209588096,1.168094482,1.364444719,0.002954698481,0.9970453015,2941.840012,2849.077593,0.9219178979,0.8928478826,0.858847498,0.9268482672
real_20240707,real,2024-07-07,adapted,2858,0.8931609852,8.207757587,0.3709153876,0.1375782248,0.0008895786112,0.9991104214,2941.97759,2850.076704,0.9219610123,0.8931609852,0.8591606006,0.9271613698
real_20240707,real,2024-07-07,adapted,2859,0.8934737658,8.205257375,-0.6167623722,0.3803958238,0.001917253063,0.9980827469,2942.357986,2851.074787,0.9220802213,0.8934737658,0.8594733812,0.9274741504
real_20240707,real,2024-07-07,adapted,2860,0.8937866646,8.205070755,0.2112829397,0.04464048062,0.0015396858,0.9984603142,2942.402627,2852.073247,0.9220942108,0.8937866646,0.85978628,0.9277870492
real_20240707,real,2024-07-07,adapted,2861,0.8940997472,8.204254124,1.976780003,3.907659181,0.0009536164934,0.9990463835,2946.310286,2853.072293,0.9233187984,0.8940997472,0.8600993626,0.9281001318
real_20240707,real,2024-07-07,adapted,2862,0.8944130207,8.200706088,-0.7627378777,0.58176907,0.0003441468338,0.9996558532,2946.892055,2854.071949,0.923501114,0.8944130207,0.8604126361,0.9284134053
real_20240707,real,2024-07-07,adapted,2863,0.8947259415,8.200432434,0.9359375627,0.8759791213,0.00146983509,0.9985301649,2947.768034,2855.070479,0.9237756296,0.8947259415,0.8607255569,0.9287263261
real_20240707,real,2024-07-07,adapted,2864,0.8950377311,8.199959754,0.8413431412,0.7078582813,0.005079249761,0.9949207502,2948.475892,2856.0654,0.9239974592,0.8950377311,0.8610373465,0.9290381157
real_20240707,real,2024-07-07,adapted,2865,0.8953505292,8.199511306,-0.7780148902,0.6053071694,0.001861347561,0.9981386524,2949.081199,2857.063539,0.9241871512,0.8953505292,0.8613501446,0.9293509138
real_20240707,real,2024-07-07,adapted,2866,0.8956632447,8.199350645,-2.323994807,5.400951862,0.002124970243,0.9978750298,2954.482151,2858.061414,0.925879709,0.8956632447,0.8616628601,0.9296636293
real_20240707,real,2024-07-07,adapted,2867,0.8959752814,8.198931851,-0.3943934013,0.155546155,0.004290650199,0.9957093498,2954.637697,2859.057123,0.9259284542,0.8959752814,0.8619748968,0.929975666
real_20240707,real,2024-07-07,adapted,2868,0.8962868303,8.197084528,0.2853495213,0.08142434932,0.005847491751,0.9941525082,2954.719122,2860.051276,0.9259539711,0.8962868303,0.8622864457,0.9302872149
real_20240707,real,2024-07-07,adapted,2869,0.8965996058,8.196010484,0.1788211507,0.03197700393,0.001933525786,0.9980664742,2954.751099,2861.049342,0.9259639921,0.8965996058,0.8625992212,0.9305999904
real_20240707,real,2024-07-07,adapted,2870,0.8969122128,8.191720413,-1.228418376,1.509011707,0.002471031037,0.997528969,2956.26011,2862.046871,0.9264368883,0.8969122128,0.8629118282,0.9309125974
real_20240707,real,2024-07-07,adapted,2871,0.8972247158,8.188108573,-1.131344588,1.279940577,0.00280300713,0.9971969929,2957.540051,2863.044068,0.9268379978,0.8972247158,0.8632243312,0.9312251004
real_20240707,real,2024-07-07,adapted,2872,0.8975368042,8.186189803,0.5079445036,0.2580076187,0.004125799958,0.9958742,2957.798059,2864.039942,0.9269188526,0.8975368042,0.8635364196,0.9315371888
real_20240707,real,2024-07-07,adapted,2873,0.8978489024,8.183245992,0.05691152907,0.003238922141,0.00409480641,0.9959051936,2957.801298,2865.035847,0.9269198676,0.8978489024,0.8638485178,0.931849287
real_20240707,real,2024-07-07,adapted,2874,0.8981611813,8.182510172,0.7987137228,0.637943611,0.003518020639,0.9964819794,2958.439241,2866.032329,0.9271197873,0.8981611813,0.8641607967,0.9321615659
real_20240707,real,2024-07-07,adapted,2875,0.8984740833,8.177032774,0.4182045138,0.1748950154,0.001529507305,0.9984704927,2958.614136,2867.0308,0.9271745961,0.8984740833,0.8644736987,0.9324744679
real_20240707,real,2024-07-07,adapted,2876,0.8987866162,8.175218599,-1.106275641,1.223845793,0.002707556139,0.9972924439,2959.837982,2868.028092,0.9275581266,0.8987866162,0.8647862316,0.9327870008
real_20240707,real,2024-07-07,adapted,2877,0.899098839,8.169213648,-0.3509516211,0.1231670404,0.003697059037,0.996302941,2959.961149,2869.024395,0.9275967249,0.899098839,0.8650984544,0.9330992236
real_20240707,real,2024-07-07,adapted,2878,0.8994108098,8.167533215,0.323379641,0.1045743922,0.004501115655,0.9954988843,2960.065723,2870.019894,0.9276294965,0.8994108098,0.8654104252,0.9334111944
real_20240707,real,2024-07-07,adapted,2879,0.8997230946,8.164251768,0.273342272,0.07471599768,0.003499254679,0.9965007453,2960.140439,2871.016395,0.9276529111,0.8997230946,0.86572271,0.9337234792
real_20240707,real,2024-07-07,adapted,2880,0.9000348271,8.160242312,-0.08292516837,0.006876583549,0.005261686567,0.9947383134,2960.147316,2872.011133,0.9276550661,0.9000348271,0.8660344425,0.9340352117
real_20240707,real,2024-07-07,adapted,2881,0.9003472336,8.155636168,1.562696963,2.442021799,0.003110646588,0.9968893534,2962.589338,2873.008023,0.9284203503,0.9003472336,0.866346849,0.9343476182
real_20240707,real,2024-07-07,adapted,2882,0.9006601656,8.147116284,-0.3947468265,0.155825057,0.001434201602,0.9985657984,2962.745163,2874.006588,0.928469183,0.9006601656,0.866659781,0.9346605502
real_20240707,real,2024-07-07,adapted,2883,0.9009729681,8.146584006,0.7450974315,0.5551701825,0.00184699688,0.9981530031,2963.300333,2875.004741,0.928643163,0.9009729681,0.8669725835,0.9349733527
real_20240707,real,2024-07-07,adapted,2884,0.9012860589,8.145437018,0.4048425002,0.16389745,0.0009273991223,0.9990726009,2963.464231,2876.003814,0.9286945254,0.9012860589,0.8672856743,0.9352864435
real_20240707,real,2024-07-07,adapted,2885,0.9015985461,8.141749597,-1.415030359,2.002310918,0.002853493292,0.9971465067,2965.466541,2877.00096,0.9293220124,0.9015985461,0.8675981615,0.9355989307
real_20240707,real,2024-07-07,adapted,2886,0.9019109026,8.136989256,0.8926196351,0.7967698129,0.003270383041,0.996729617,2966.263311,2877.99769,0.9295717052,0.9019109026,0.867910518,0.9359112872
real_20240707,real,2024-07-07,adapted,2887,0.9022235115,8.13162903,0.3270633954,0.1069704646,0.002464831235,0.9975351688,2966.370282,2878.995225,0.9296052277,0.9022235115,0.8682231269,0.9362238961
real_20240707,real,2024-07-07,adapted,2888,0.9025356702,8.129300336,-0.6720365479,0.4516331217,0.003901724756,0.9960982752,2966.821915,2879.991324,0.9297467612,0.9025356702,0.8685352856,0.9365360548
real_20240707,real,2024-07-07,adapted,2889,0.9028489286,8.12497116,-1.304840499,1.702608728,0.0003923333822,0.9996076666,2968.524524,2880.990931,0.930280327,0.9028489286,0.868848544,0.9368493132
real_20240707,real,2024-07-07,adapted,2890,0.9031621233,8.124964214,-0.5456471351,0.2977307961,0.0005956320303,0.999404368,2968.822254,2881.990336,0.9303736303,0.9031621233,0.8691617387,0.9371625079
real_20240707,real,2024-07-07,adapted,2891,0.903473125,8.122731351,0.5972411607,0.356697004,0.007593681582,0.9924063184,2969.178951,2882.982742,0.9304854125,0.903473125,0.8694727404,0.9374735096
real_20240707,real,2024-07-07,adapted,2892,0.9037853997,8.121406963,-0.5150483151,0.2652747669,0.003531477917,0.9964685221,2969.444226,2883.97921,0.9305685447,0.9037853997,0.8697850151,0.9377857843
real_20240707,real,2024-07-07,adapted,2893,0.904096664,8.121242465,0.1509710184,0.02279224838,0.006755659633,0.9932443404,2969.467018,2884.972455,0.9305756874,0.904096664,0.8700962794,0.9380970486
real_20240707,real,2024-07-07,adapted,2894,0.9044096347,8.11959647,0.6162005717,0.3797031446,0.001310463009,0.998689537,2969.846722,2885.971144,0.9306946793,0.9044096347,0.8704092501,0.9384100193
real_20240707,real,2024-07-07,adapted,2895,0.9047221356,8.115452308,-1.038572154,1.07863212,0.002809740688,0.9971902593,2970.925354,2886.968335,0.9310327025,0.9047221356,0.870721751,0.9387225202
real_20240707,real,2024-07-07,adapted,2896,0.9050351853,8.115302885,0.9163103323,0.8396246252,0.001058122016,0.998941878,2971.764978,2887.967276,0.9312958252,0.9050351853,0.8710348007,0.9390355699
real_20240707,real,2024-07-07,adapted,2897,0.9053475854,8.110952939,-1.495352738,2.236079811,0.003131355283,0.9968686447,2974.001058,2888.964145,0.931996571,0.9053475854,0.8713472008,0.93934797
real_20240707,real,2024-07-07,adapted,2898,0.9056597298,8.109152643,-0.2361656112,0.05577419593,0.003947342911,0.9960526571,2974.056832,2889.960198,0.9320140496,0.9056597298,0.8716593452,0.9396601144
real_20240707,real,2024-07-07,adapted,2899,0.9059712884,8.109118861,-1.609125169,2.589283808,0.005816494639,0.9941835054,2976.646116,2890.954381,0.9328254829,0.9059712884,0.8719709038,0.939971673
real_20240707,real,2024-07-07,adapted,2900,0.906284473,8.105517092,-2.127939908,4.528128252,0.0006277646148,0.9993722354,2981.174244,2891.953753,0.934244514,0.906284473,0.8722840884,0.9402848576
real_20240707,real,2024-07-07,adapted,2901,0.9065976709,8.105347702,0.439800969,0.1934248924,0.0005857634367,0.9994142366,2981.367669,2892.953168,0.9343051298,0.9065976709,0.8725972863,0.9405980555
real_20240707,real,2024-07-07,adapted,2902,0.906909956,8.104752965,0.6144466839,0.3775447273,0.003498026474,0.9965019735,2981.745214,2893.94967,0.9344234453,0.906909956,0.8729095714,0.9409103406
real_20240707,real,2024-07-07,adapted,2903,0.9072225792,8.100169377,1.499871953,2.249615876,0.002419402185,0.9975805978,2983.99483,2894.94725,0.935128433,0.9072225792,0.8732221946,0.9412229638
real_20240707,real,2024-07-07,adapted,2904,0.9075353509,8.096987177,0.3250164323,0.1056356813,0.001945652297,0.9980543477,2984.100466,2895.945305,0.9351615373,0.9075353509,0.8735349663,0.9415357355
real_20240707,real,2024-07-07,adapted,2905,0.9078479754,8.095104259,-0.4538984524,0.2060238051,0.0024152679,0.9975847321,2984.306489,2896.942889,0.9352261013,0.9078479754,0.8738475908,0.94184836
real_20240707,real,2024-07-07,adapted,2906,0.9081599697,8.0909697,1.15396589,1.331637276,0.004426138934,0.9955738611,2985.638127,2897.938463,0.9356434117,0.9081599697,0.8741595851,0.9421603543
real_20240707,real,2024-07-07,adapted,2907,0.9084725562,8.090779976,0.449199217,0.2017799365,0.00253627162,0.9974637284,2985.839907,2898.935927,0.9357066457,0.9084725562,0.8744721716,0.9424729408
real_20240707,real,2024-07-07,adapted,2908,0.9087852428,8.089477512,0.1041146807,0.01083986674,0.002217030253,0.9977829697,2985.850746,2899.93371,0.9357100427,0.9087852428,0.8747848582,0.9427856274
real_20240707,real,2024-07-07,adapted,2909,0.9090978197,8.089114807,-0.6853136978,0.4696548644,0.002567224152,0.9974327758,2986.320401,2900.931143,0.9358572238,0.9090978197,0.8750974351,0.9430982043
real_20240707,real,2024-07-07,adapted,2910,0.9094095126,8.085823685,0.5843079491,0.3414157794,0.005387835058,0.9946121649,2986.661817,2901.925755,0.9359642172,0.9094095126,0.875409128,0.9434098972
real_20240707,real,2024-07-07,adapted,2911,0.9097216204,8.083141755,1.204892757,1.451766556,0.004064213583,0.9959357864,2988.113584,2902.921691,0.9364191738,0.9097216204,0.8757212358,0.943722005
real_20240707,real,2024-07-07,adapted,2912,0.910034058,8.080538793,0.2320677048,0.05385541963,0.003011582973,0.996988417,2988.167439,2903.918679,0.9364360511,0.910034058,0.8760336734,0.9440344426
real_20240707,real,2024-07-07,adapted,2913,0.9103465982,8.080245177,0.3156393781,0.099628217,0.002684338033,0.997315662,2988.267067,2904.915995,0.9364672727,0.9103465982,0.8763462136,0.9443469828
real_20240707,real,2024-07-07,adapted,2914,0.9106594862,8.07842184,-0.3072336783,0.09439253305,0.001574226796,0.9984257732,2988.36146,2905.91442,0.9364968536,0.9106594862,0.8766591016,0.9446598708
real_20240707,real,2024-07-07,adapted,2915,0.9109711114,8.07661322,0.5284025102,0.2792092128,0.005604084006,0.994395916,2988.640669,2906.908816,0.9365843525,0.9109711114,0.8769707268,0.944971496
real_20240707,real,2024-07-07,adapted,2916,0.9112843744,8.071790232,0.7306151595,0.5337985112,0.0003775918764,0.9996224081,2989.174467,2907.908439,0.9367516351,0.9112843744,0.8772839898,0.945284759
real_20240707,real,2024-07-07,adapted,2917,0.9115976098,8.065599972,0.6803575331,0.4628863728,0.000466047544,0.9995339525,2989.637354,2908.907973,0.936896695,0.9115976098,0.8775972252,0.9455979944
real_20240707,real,2024-07-07,adapted,2918,0.9119099021,8.06486955,1.139477308,1.298408535,0.003475266611,0.9965247334,2990.935762,2909.904498,0.9373035921,0.9119099021,0.8779095175,0.9459102867
real_20240707,real,2024-07-07,adapted,2919,0.9122226761,8.06303033,0.5080066093,0.2580707151,0.001938122413,0.9980618776,2991.193833,2910.902559,0.9373844667,0.9122226761,0.8782222915,0.9462230607
real_20240707,real,2024-07-07,adapted,2920,0.9125352503,8.061791127,0.5519796929,0.3046815814,0.002575737912,0.9974242621,2991.498515,2911.899984,0.9374799482,0.9125352503,0.8785348657,0.9465356349
real_20240707,real,2024-07-07,adapted,2921,0.9128484837,8.058073263,-0.378075874,0.1429413665,0.0004721169075,0.9995278831,2991.641456,2912.899512,0.9375247434,0.9128484837,0.8788480991,0.9468488683
real_20240707,real,2024-07-07,adapted,2922,0.9131602741,8.054696461,-0.7303013373,0.5333400432,0.005076979714,0.9949230203,2992.174796,2913.894435,0.9376918822,0.9131602741,0.8791598895,0.9471606587
real_20240707,real,2024-07-07,adapted,2923,0.9134721507,8.050554417,0.1985637792,0.0394275744,0.004801624224,0.9951983758,2992.214224,2914.889633,0.9377042381,0.9134721507,0.8794717661,0.9474725353
real_20240707,real,2024-07-07,adapted,2924,0.9137830142,8.045870992,-0.9300092781,0.8649172573,0.008034546395,0.9919654536,2993.079141,2915.881598,0.937975287,0.9137830142,0.8797826296,0.9477833988
real_20240707,real,2024-07-07,adapted,2925,0.9140959941,8.038553569,-0.8830532018,0.7797829573,0.001281055558,0.9987189444,2993.858924,2916.880317,0.9382196565,0.9140959941,0.8800956095,0.9480963787
real_20240707,real,2024-07-07,adapted,2926,0.9144075571,8.035915371,0.9009368202,0.811687154,0.00580247555,0.9941975245,2994.670611,2917.874515,0.9384740241,0.9144075571,0.8804071725,0.9484079417
real_20240707,real,2024-07-07,adapted,2927,0.9147200135,8.034917468,1.400102135,1.960285987,0.002951883097,0.9970481169,2996.630897,2918.871563,0.9390883413,0.9147200135,0.8807196289,0.9487203981
real_20240707,real,2024-07-07,adapted,2928,0.9150325853,8.032579752,-0.2137359445,0.04568305397,0.002583311431,0.9974166886,2996.67658,2919.86898,0.9391026575,0.9150325853,0.8810322007,0.9490329699
real_20240707,real,2024-07-07,adapted,2929,0.9153444025,8.02794157,-0.7534139093,0.5676325187,0.004991414338,0.9950085857,2997.244213,2920.863988,0.939280543,0.9153444025,0.8813440179,0.9493447871
real_20240707,real,2024-07-07,adapted,2930,0.9156570111,8.023650307,0.4831066308,0.2333920167,0.002465814517,0.9975341855,2997.477605,2921.861522,0.9393536837,0.9156570111,0.8816566265,0.9496573957
real_20240707,real,2024-07-07,adapted,2931,0.9159702334,8.021215224,1.547308408,2.39416331,0.0005075260594,0.9994924739,2999.871768,2922.861015,0.9401039699,0.9159702334,0.8819698488,0.949970618
real_20240707,real,2024-07-07,adapted,2932,0.916282422,8.019417168,-0.2418083346,0.05847127066,0.003806354847,0.9961936452,2999.930239,2923.857209,0.9401222937,0.916282422,0.8822820374,0.9502828066
real_20240707,real,2024-07-07,adapted,2933,0.9165956458,8.018286586,-0.1234144175,0.01523111845,0.0005028850524,0.9994971149,2999.94547,2924.856706,0.9401270669,0.9165956458,0.8825952612,0.9505960304
real_20240707,real,2024-07-07,adapted,2934,0.9169080461,8.013876174,-0.0207449567,0.0004303532285,0.003130468858,0.9968695311,2999.945901,2925.853575,0.9401272017,0.9169080461,0.8829076615,0.9509084307
real_20240707,real,2024-07-07,adapted,2935,0.9172212639,8.01280352,-0.2953751089,0.08724645495,0.0005219449634,0.999478055,3000.033147,2926.853053,0.9401545431,0.9172212639,0.8832208793,0.9512216485
real_20240707,real,2024-07-07,adapted,2936,0.9175336537,8.012588102,1.9031403,3.621943003,0.003164248991,0.996835751,3003.65509,2927.849889,0.9412895926,0.9175336537,0.8835332691,0.9515340383
real_20240707,real,2024-07-07,adapted,2937,0.91784654,8.007667269,-0.07861220341,0.006179878525,0.001579926194,0.9984200738,3003.66127,2928.848309,0.9412915293,0.91784654,0.8838461554,0.9518469246
real_20240707,real,2024-07-07,adapted,2938,0.9181596152,8.006729913,0.1730757866,0.02995522789,0.0009768567735,0.9990231432,3003.691225,2929.847332,0.9413009167,0.9181596152,0.8841592306,0.9521599998
real_20240707,real,2024-07-07,adapted,2939,0.9184720238,8.006580936,-0.6849054978,0.4690955409,0.003104180764,0.9968958192,3004.160321,2930.844228,0.9414479225,0.9184720238,0.8844716392,0.9524724084
real_20240707,real,2024-07-07,adapted,2940,0.9187839676,8.005486655,0.565761253,0.3200857954,0.004587432647,0.9954125674,3004.480407,2931.839641,0.9415482315,0.9187839676,0.884783583,0.9527843522
real_20240707,real,2024-07-07,adapted,2941,0.91909666,8.003756052,2.918955354,8.520300361,0.002198508475,0.9978014915,3013.000707,2932.837442,0.944218335,0.91909666,0.8850962754,0.9530970446
real_20240707,real,2024-07-07,adapted,2942,0.9194093107,7.994981013,0.5551649433,0.3082081142,0.002331546787,0.9976684532,3013.308915,2933.835111,0.9443149217,0.9194093107,0.8854089261,0.9534096953
real_20240707,real,2024-07-07,adapted,2943,0.9197223672,7.993976242,-1.745542427,3.046918365,0.001036795444,0.9989632046,3016.355833,2934.834074,0.9452697692,0.9197223672,0.8857219826,0.9537227518
real_20240707,real,2024-07-07,adapted,2944,0.9200336158,7.991244646,0.6323773166,0.3999010705,0.006805834647,0.9931941654,3016.755734,2935.827268,0.9453950907,0.9200336158,0.8860332312,0.9540340004
real_20240707,real,2024-07-07,adapted,2945,0.9203459307,7.989375915,0.771760204,0.5956138125,0.00340300997,0.99659699,3017.351348,2936.823865,0.945581745,0.9203459307,0.8863455461,0.9543463153
real_20240707,real,2024-07-07,adapted,2946,0.9206590893,7.987240598,0.07799060816,0.00608253496,0.0007110893034,0.9992889107,3017.357431,2937.823154,0.9455836512,0.9206590893,0.8866587047,0.9546594739
real_20240707,real,2024-07-07,adapted,2947,0.9209712427,7.984967752,-0.1164792797,0.0135674226,0.003918270044,0.99608173,3017.370998,2938.819236,0.9455879029,0.9209712427,0.8869708581,0.9549716273
real_20240707,real,2024-07-07,adapted,2948,0.9212833934,7.984197062,0.3383260533,0.1144645184,0.003927122045,0.996072878,3017.485463,2939.815308,0.945623774,0.9212833934,0.8872830088,0.955283778
real_20240707,real,2024-07-07,adapted,2949,0.9215953215,7.978427627,-0.1493154552,0.02229510515,0.004637409759,0.9953625902,3017.507758,2940.810671,0.9456307609,0.9215953215,0.8875949369,0.9555957061
real_20240707,real,2024-07-07,adapted,2950,0.9219085978,7.97737889,-2.657371008,7.061620674,0.0003355204351,0.9996644796,3024.569379,2941.810335,0.9478437413,0.9219085978,0.8879082132,0.9559089824
real_20240707,real,2024-07-07,adapted,2951,0.922221241,7.970069803,0.3205097934,0.1027265276,0.002355332006,0.997644668,3024.672105,2942.80798,0.9478759339,0.922221241,0.8882208564,0.9562216256
real_20240707,real,2024-07-07,adapted,2952,0.9225338599,7.96721831,0.4399458629,0.1935523623,0.002433355695,0.9975666443,3024.865657,2943.805547,0.9479365896,0.9225338599,0.8885334753,0.9565342445
real_20240707,real,2024-07-07,adapted,2953,0.9228453278,7.966182765,0.8207120468,0.6735682638,0.006105891079,0.9938941089,3025.539226,2944.799441,0.9481476734,0.9228453278,0.8888449432,0.9568457124
real_20240707,real,2024-07-07,adapted,2954,0.9231585071,7.964566153,-1.696964658,2.879689051,0.0006449001189,0.9993550999,3028.418915,2945.798796,0.9490501143,0.9231585071,0.8891581225,0.9571588917
real_20240707,real,2024-07-07,adapted,2955,0.9234715963,7.963949305,0.5350821154,0.2863128702,0.0009322135537,0.9990677864,3028.705228,2946.797864,0.9491398394,0.9234715963,0.8894712117,0.9574719809
real_20240707,real,2024-07-07,adapted,2956,0.923784065,7.961217505,0.9411270329,0.8857200921,0.002912266225,0.9970877338,3029.590948,2947.794952,0.9494174076,0.923784065,0.8897836804,0.9577844496
real_20240707,real,2024-07-07,adapted,2957,0.9240961231,7.96117433,0.7006548349,0.4909171977,0.004222623519,0.9957773765,3030.081865,2948.790729,0.9495712519,0.9240961231,0.8900957385,0.9580965077
real_20240707,real,2024-07-07,adapted,2958,0.9244080817,7.959982676,-1.087670644,1.183027429,0.004540093146,0.9954599069,3031.264892,2949.786189,0.9499419907,0.9244080817,0.8904076971,0.9584084663
real_20240707,real,2024-07-07,adapted,2959,0.9247205777,7.959240595,0.4008019962,0.1606422401,0.002825294619,0.9971747054,3031.425535,2950.783364,0.949992333,0.9247205777,0.8907201931,0.9587209623
real_20240707,real,2024-07-07,adapted,2960,0.9250337204,7.957136091,0.2355108361,0.05546535392,0.0007617400175,0.99923826,3031.481,2951.782602,0.9500097148,0.9250337204,0.8910333358,0.959034105
real_20240707,real,2024-07-07,adapted,2961,0.9253460048,7.954762251,-0.7933899299,0.6294675808,0.003500570394,0.9964994296,3032.110468,2952.779101,0.9502069782,0.9253460048,0.8913456202,0.9593463894
real_20240707,real,2024-07-07,adapted,2962,0.9256580248,7.952985232,0.3641280403,0.1325892297,0.004344186599,0.9956558134,3032.243057,2953.774757,0.9502485292,0.9256580248,0.8916576402,0.9596584094
real_20240707,real,2024-07-07,adapted,2963,0.9259701198,7.952270709,-1.344953577,1.808900125,0.004104600569,0.9958953994,3034.051957,2954.770652,0.9508154048,0.9259701198,0.8919697352,0.9599705044
real_20240707,real,2024-07-07,adapted,2964,0.9262818666,7.950490808,0.1206943044,0.01456711512,0.005216190227,0.9947838098,3034.066524,2955.765436,0.9508199699,0.9262818666,0.892281482,0.9602822512
real_20240707,real,2024-07-07,adapted,2965,0.9265942224,7.947397827,-1.095367068,1.199829015,0.003272644385,0.9967273556,3035.266353,2956.762164,0.951195974,0.9265942224,0.8925938378,0.960594607
real_20240707,real,2024-07-07,adapted,2966,0.9269065222,7.940151663,-0.05666930548,0.003211410183,0.003451116043,0.996548884,3035.269564,2957.758712,0.9511969804,0.9269065222,0.8929061376,0.9609069068
real_20240707,real,2024-07-07,adapted,2967,0.9272187001,7.937238458,-0.9487703749,0.9001652242,0.003840310802,0.9961596892,3036.16973,2958.754872,0.9514790754,0.9272187001,0.8932183155,0.9612190847
real_20240707,real,2024-07-07,adapted,2968,0.9275309371,7.936046701,-0.1276325132,0.01629005843,0.003651858447,0.9963481416,3036.18602,2959.75122,0.9514841804,0.9275309371,0.8935305525,0.9615313217
real_20240707,real,2024-07-07,adapted,2969,0.9278435302,7.933506684,1.439787562,2.072988223,0.002515430536,0.9974845695,3038.259008,2960.748705,0.9521338163,0.9278435302,0.8938431456,0.9618439148
real_20240707,real,2024-07-07,adapted,2970,0.9281550491,7.930227424,-0.3593270791,0.1291159498,0.005943231786,0.9940567682,3038.388124,2961.742762,0.9521742789,0.9281550491,0.8941546645,0.9621554337
real_20240707,real,2024-07-07,adapted,2971,0.9284682514,7.923524834,-0.09883723868,0.009768799749,0.0005714836267,0.9994285164,3038.397893,2962.74219,0.9521773402,0.9284682514,0.8944678668,0.962468636
real_20240707,real,2024-07-07,adapted,2972,0.9287805612,7.923125337,1.95247469,3.812157414,0.003419386873,0.9965806131,3042.21005,2963.738771,0.9533719994,0.9287805612,0.8947801766,0.9627809458
real_20240707,real,2024-07-07,adapted,2973,0.9290930326,7.915806686,0.6805634961,0.4631666722,0.002903582112,0.9970964179,3042.673217,2964.735867,0.9535171472,0.9290930326,0.895092648,0.9630934172
real_20240707,real,2024-07-07,adapted,2974,0.9294060952,7.915269407,-1.570185238,2.465481681,0.001017326683,0.9989826733,3045.138698,2965.73485,0.9542897833,0.9294060952,0.8954057106,0.9634064798
real_20240707,real,2024-07-07,adapted,2975,0.9297184545,7.914107637,0.6807651834,0.4634412349,0.003261630263,0.9967383697,3045.60214,2966.731588,0.9544350171,0.9297184545,0.8957180699,0.9637188391
real_20240707,real,2024-07-07,adapted,2976,0.9300302153,7.913200593,-0.5544929298,0.3074624092,0.005171162429,0.9948288376,3045.909602,2967.726417,0.9545313701,0.9300302153,0.8960298307,0.9640305999
real_20240707,real,2024-07-07,adapted,2977,0.9303431421,7.912242173,-0.3237511993,0.104814839,0.001450581855,0.9985494181,3046.014417,2968.724966,0.9545642171,0.9303431421,0.8963427575,0.9643435267
real_20240707,real,2024-07-07,adapted,2978,0.9306553155,7.906185938,-0.4024694594,0.1619816657,0.003854772342,0.9961452277,3046.176399,2969.721112,0.9546149792,0.9306553155,0.8966549309,0.9646557001
real_20240707,real,2024-07-07,adapted,2979,0.9309680982,7.903363778,-1.033524529,1.068172951,0.00191035197,0.998089648,3047.244572,2970.719201,0.9549497247,0.9309680982,0.8969677136,0.9649684828
real_20240707,real,2024-07-07,adapted,2980,0.9312790762,7.901239039,0.8530451824,0.7276860832,0.007669147631,0.9923308524,3047.972258,2971.711532,0.955177768,0.9312790762,0.8972786916,0.9652794608
real_20240707,real,2024-07-07,adapted,2981,0.9315923202,7.900943259,2.663946924,7.096613213,0.0004383067365,0.9995616933,3055.068871,2972.711094,0.9574017145,0.9315923202,0.8975919356,0.9655927048
real_20240707,real,2024-07-07,adapted,2982,0.9319052689,7.90049167,-0.5050684756,0.2550941651,0.001380820027,0.99861918,3055.323965,2973.709713,0.9574816562,0.9319052689,0.8979048843,0.9659056535
real_20240707,real,2024-07-07,adapted,2983,0.9322173373,7.898618431,-0.8934961832,0.7983354295,0.004189678476,0.9958103215,3056.1223,2974.705523,0.9577318397,0.9322173373,0.8982169527,0.9662177219
real_20240707,real,2024-07-07,adapted,2984,0.9325293391,7.891777749,-0.2001379669,0.04005520579,0.004402362962,0.995597637,3056.162356,2975.701121,0.9577443922,0.9325293391,0.8985289545,0.9665297237
real_20240707,real,2024-07-07,adapted,2985,0.9328424541,7.885697408,-0.504628498,0.254649921,0.0008501218446,0.9991498782,3056.417006,2976.700271,0.9578241948,0.9328424541,0.8988420695,0.9668428387
real_20240707,real,2024-07-07,adapted,2986,0.9331548915,7.884507366,1.122635185,1.26030976,0.00301228477,0.9969877152,3057.677315,2977.697259,0.9582191524,0.9331548915,0.8991545069,0.9671552761
real_20240707,real,2024-07-07,adapted,2987,0.933468103,7.880968133,-0.4256912271,0.1812130209,0.0005418492666,0.9994581507,3057.858528,2978.696717,0.9582759412,0.933468103,0.8994677184,0.9674684876
real_20240707,real,2024-07-07,adapted,2988,0.9337811937,7.879182461,0.6139632821,0.3769509118,0.000927828924,0.9990721711,3058.235479,2979.695789,0.9583940706,0.9337811937,0.8997808091,0.9677815783
real_20240707,real,2024-07-07,adapted,2989,0.9340941661,7.876061293,0.3096796281,0.09590147203,0.001304804721,0.9986951953,3058.331381,2980.694484,0.9584241243,0.9340941661,0.9000937815,0.9680945507
real_20240707,real,2024-07-07,adapted,2990,0.934406107,7.873118392,0.3722350264,0.1385589149,0.004596570838,0.9954034292,3058.46994,2981.689888,0.9584675461,0.934406107,0.9004057224,0.9684064916
real_20240707,real,2024-07-07,adapted,2991,0.9347194634,7.871175728,1.798723912,3.235407711,7.995071538e-05,0.9999200493,3061.705347,2982.689808,0.9594814627,0.9347194634,0.9007190788,0.968719848
real_20240707,real,2024-07-07,adapted,2992,0.9350318461,7.869774342,-0.9686472793,0.9382775517,0.003186600392,0.9968133996,3062.643625,2983.686621,0.9597755014,0.9350318461,0.9010314615,0.9690322307
real_20240707,real,2024-07-07,adapted,2993,0.935344937,7.860613916,0.1556300833,0.02422072283,0.0009269450955,0.9990730549,3062.667846,2984.685694,0.9597830917,0.935344937,0.9013445524,0.9693453216
real_20240707,real,2024-07-07,adapted,2994,0.9356564216,7.860288236,1.116722446,1.247069022,0.00605271475,0.9939472853,3063.914915,2985.679641,0.9601738999,0.9356564216,0.901656037,0.9696568062
real_20240707,real,2024-07-07,adapted,2995,0.9359687315,7.855861163,-0.3021873144,0.091317173,0.00341929418,0.9965807058,3064.006232,2986.676222,0.960202517,0.9359687315,0.9019683469,0.9699691161
real_20240707,real,2024-07-07,adapted,2996,0.9362811952,7.852624421,0.766495945,0.5875160338,0.002928099001,0.997071901,3064.593748,2987.673294,0.9603866336,0.9362811952,0.9022808106,0.9702815798
real_20240707,real,2024-07-07,adapted,2997,0.9365942922,7.848309568,0.1687326823,0.02847071807,0.0009075380564,0.9990924619,3064.622219,2988.672386,0.9603955558,0.9365942922,0.9025939076,0.9705946768
real_20240707,real,2024-07-07,adapted,2998,0.9369074533,7.847660479,-1.471035789,2.163946292,0.000703055955,0.999296944,3066.786165,2989.671683,0.9610736963,0.9369074533,0.9029070687,0.9709078379
real_20240707,real,2024-07-07,adapted,2999,0.9372202084,7.843291233,-0.1480037767,0.02190511792,0.001998262568,0.9980017374,3066.80807,2990.669685,0.9610805609,0.9372202084,0.9032198238,0.971220593
real_20240707,real,2024-07-07,adapted,3000,0.9375314572,7.842011909,-0.05544340192,0.003073970816,0.006805291392,0.9931947086,3066.811144,2991.66288,0.9610815243,0.9375314572,0.9035310726,0.9715318418
real_20240707,real,2024-07-07,adapted,3001,0.9378447673,7.84155148,1.198100582,1.435445005,0.0002274912685,0.9997725087,3068.246589,2992.662652,0.961531366,0.9378447673,0.9038443827,0.9718451519
real_20240707,real,2024-07-07,adapted,3002,0.938156571,7.836993828,-0.8076896693,0.6523626019,0.005034386103,0.9949656139,3068.898952,2993.657618,0.9617358043,0.938156571,0.9041561864,0.9721569556
real_20240707,real,2024-07-07,adapted,3003,0.9384691897,7.831765524,0.1174467874,0.01379374787,0.002433770368,0.9975662296,3068.912745,2994.655184,0.961740127,0.9384691897,0.9044688051,0.9724695743
real_20240707,real,2024-07-07,adapted,3004,0.9387815473,7.826975174,0.5082686816,0.2583370527,0.003266897197,0.9967331028,3069.171082,2995.651917,0.961821085,0.9387815473,0.9047811627,0.9727819319
real_20240707,real,2024-07-07,adapted,3005,0.9390944304,7.825017831,-1.147116181,1.315875534,0.001589814089,0.9984101859,3070.486958,2996.650327,0.9622334559,0.9390944304,0.9050940458,0.973094815
real_20240707,real,2024-07-07,adapted,3006,0.9394066843,7.821775813,-0.3903990966,0.1524114546,0.003597957677,0.9964020423,3070.639369,2997.64673,0.9622812188,0.9394066843,0.9054062997,0.9734070689
real_20240707,real,2024-07-07,adapted,3007,0.9397191331,7.818588328,0.4973362131,0.2473433088,0.002975873572,0.9970241264,3070.886713,2998.643754,0.9623587316,0.9397191331,0.9057187485,0.9737195177
real_20240707,real,2024-07-07,adapted,3008,0.9400316228,7.817912682,0.3533365133,0.1248466916,0.002845180484,0.9971548195,3071.011559,2999.640908,0.9623978563,0.9400316228,0.9060312382,0.9740320074
real_20240707,real,2024-07-07,adapted,3009,0.9403441262,7.814218482,-0.3887815048,0.1511510584,0.002801620619,0.9971983794,3071.16271,3000.638107,0.9624452242,0.9403441262,0.9063437416,0.9743445108
real_20240707,real,2024-07-07,adapted,3010,0.9406561019,7.810943222,-0.7317098656,0.5353993275,0.004485832951,0.995514167,3071.69811,3001.633621,0.9626130084,0.9406561019,0.9066557173,0.9746564865
real_20240707,real,2024-07-07,adapted,3011,0.9409685971,7.80973304,-0.4491281054,0.2017160551,0.002827708079,0.9971722919,3071.899826,3002.630793,0.9626762224,0.9409685971,0.9069682125,0.9749689817
real_20240707,real,2024-07-07,adapted,3012,0.9412805107,7.808843289,-0.2769328101,0.07669178133,0.004683785643,0.9953162144,3071.976518,3003.62611,0.9627002562,0.9412805107,0.9072801261,0.9752808953
real_20240707,real,2024-07-07,adapted,3013,0.9415929683,7.801295757,1.083861067,1.174754813,0.002947622172,0.9970523778,3073.151272,3004.623162,0.9630684025,0.9415929683,0.9075925837,0.9755933529
real_20240707,real,2024-07-07,adapted,3014,0.9419060328,7.800503563,0.707056949,0.4999295291,0.00101120645,0.9989887936,3073.651202,3005.622151,0.9632250711,0.9419060328,0.9079056482,0.9759064174
real_20240707,real,2024-07-07,adapted,3015,0.9422186718,7.796725225,-0.5148601754,0.2650810003,0.002369050551,0.9976309494,3073.916283,3006.619782,0.9633081426,0.9422186718,0.9082182872,0.9762190564
real_20240707,real,2024-07-07,adapted,3016,0.9425317964,7.795732413,1.44269541,2.081370045,0.0008194796809,0.9991805203,3075.997653,3007.618962,0.9639604052,0.9425317964,0.9085314117,0.976532181
real_20240707,real,2024-07-07,adapted,3017,0.9428434217,7.795076921,-0.1163925481,0.01354722526,0.005603571269,0.9943964287,3076.0112,3008.613359,0.9639646506,0.9428434217,0.9088430371,0.9768438063
real_20240707,real,2024-07-07,adapted,3018,0.943155335,7.788574503,2.638556753,6.961981739,0.004684685562,0.9953153144,3082.973182,3009.608674,0.9661464061,0.943155335,0.9091549504,0.9771557196
real_20240707,real,2024-07-07,adapted,3019,0.9434681435,7.788472556,1.368350677,1.872383576,0.001827895273,0.9981721047,3084.845565,3010.606846,0.9667331763,0.9434681435,0.9094677589,0.9774685281
real_20240707,real,2024-07-07,adapted,3020,0.9437806318,7.78738344,1.039149007,1.079830659,0.002849990197,0.9971500098,3085.925396,3011.603996,0.9670715751,0.9437806318,0.9097802472,0.9777810164
real_20240707,real,2024-07-07,adapted,3021,0.9440921958,7.786877322,1.75060699,3.064624834,0.005799305126,0.9942006949,3088.990021,3012.598197,0.9680319715,0.9440921958,0.9100918112,0.9780925804
real_20240707,real,2024-07-07,adapted,3022,0.9444045402,7.786874453,-0.3213757929,0.1032824003,0.003308963305,0.9966910367,3089.093303,3013.594888,0.9680643383,0.9444045402,0.9104041556,0.9784049248
real_20240707,real,2024-07-07,adapted,3023,0.9447175519,7.785041098,1.387877897,1.926205058,0.001179612724,0.9988203873,3091.019508,3014.593708,0.9686679751,0.9447175519,0.9107171673,0.9787179365
real_20240707,real,2024-07-07,adapted,3024,0.9450257212,7.779939168,-0.4508672053,0.2032812368,0.01663186264,0.9833681374,3091.22279,3015.577076,0.9687316796,0.9450257212,0.9110253366,0.9790261058
real_20240707,real,2024-07-07,adapted,3025,0.9453386309,7.779565507,0.4669890793,0.2180788002,0.001504926106,0.9984950739,3091.440868,3016.575571,0.9688000215,0.9453386309,0.9113382463,0.9793390155
real_20240707,real,2024-07-07,adapted,3026,0.9456507159,7.773374294,-1.149803078,1.322047119,0.004137005477,0.9958629945,3092.762916,3017.571434,0.9692143264,0.9456507159,0.9116503313,0.9796511005
real_20240707,real,2024-07-07,adapted,3027,0.9459625551,7.770925809,1.18730693,1.409697745,0.00492095434,0.9950790457,3094.172613,3018.566513,0.9696560995,0.9459625551,0.9119621705,0.9799629397
real_20240707,real,2024-07-07,adapted,3028,0.9462745878,7.767589261,0.4991013402,0.2491021477,0.00430363868,0.9956963613,3094.421715,3019.56221,0.9697341634,0.9462745878,0.9122742032,0.9802749724
real_20240707,real,2024-07-07,adapted,3029,0.9465877307,7.765579055,-2.225916055,4.954702285,0.0007610133531,0.9992389866,3099.376418,3020.561449,0.9712868749,0.9465877307,0.9125873461,0.9805881153
real_20240707,real,2024-07-07,adapted,3030,0.9469006863,7.765504912,-1.123379279,1.261981004,0.001358872174,0.9986411278,3100.638399,3021.56009,0.9716823562,0.9469006863,0.9129003017,0.9809010709
real_20240707,real,2024-07-07,adapted,3031,0.9472131429,7.764897748,-1.162137977,1.350564678,0.002950811945,0.9970491881,3101.988963,3022.557139,0.9721055981,0.9472131429,0.9132127583,0.9812135275
real_20240707,real,2024-07-07,adapted,3032,0.9475264189,7.759872904,2.917234291,8.510255907,0.0003364330244,0.999663567,3110.499219,3023.556803,0.9747725539,0.9475264189,0.9135260343,0.9815268035
real_20240707,real,2024-07-07,adapted,3033,0.9478388857,7.75982729,-0.2586500208,0.06689983328,0.002918445723,0.9970815543,3110.566119,3024.553884,0.974793519,0.9478388857,0.9138385011,0.9818392703
real_20240707,real,2024-07-07,adapted,3034,0.9481518476,7.758904745,-2.168953211,4.704358033,0.001338516445,0.9986614836,3115.270477,3025.552546,0.9762677773,0.9481518476,0.914151463,0.9821522322
real_20240707,real,2024-07-07,adapted,3035,0.9484632513,7.756940932,-1.543090956,2.381129698,0.006310710124,0.9936892899,3117.651607,3026.546235,0.977013979,0.9484632513,0.9144628667,0.9824636359
real_20240707,real,2024-07-07,adapted,3036,0.9487752738,7.747756462,0.39934373,0.1594754147,0.004336366858,0.9956636331,3117.811082,3027.541899,0.9770639556,0.9487752738,0.9147748892,0.9827756584
real_20240707,real,2024-07-07,adapted,3037,0.9490882273,7.74178363,0.02706551958,0.0007325423501,0.001365252264,0.9986347477,3117.811815,3028.540533,0.9770641852,0.9490882273,0.9150878427,0.9830886119
real_20240707,real,2024-07-07,adapted,3038,0.9493989374,7.731332607,1.040415636,1.082464696,0.00852399809,0.9914760019,3118.89428,3029.532009,0.9774034095,0.9493989374,0.9153985528,0.983399322
real_20240707,real,2024-07-07,adapted,3039,0.9497111939,7.728230304,-1.884185425,3.550154715,0.003589560653,0.9964104393,3122.444434,3030.52842,0.9785159619,0.9497111939,0.9157108093,0.9837115785
real_20240707,real,2024-07-07,adapted,3040,0.9500226951,7.726382435,-0.3592336024,0.1290487811,0.005999806132,0.9940001939,3122.573483,3031.52242,0.9785564033,0.9500226951,0.9160223105,0.9840230797
real_20240707,real,2024-07-07,adapted,3041,0.9503351512,7.726137023,-0.3358845059,0.1128184013,0.002952351885,0.9970476481,3122.686301,3032.519468,0.9785917585,0.9503351512,0.9163347666,0.9843355358
real_20240707,real,2024-07-07,adapted,3042,0.9506479021,7.723914171,1.51211402,2.286488809,0.002011918831,0.9979880812,3124.97279,3033.517456,0.9793083016,0.9506479021,0.9166475175,0.9846482867
real_20240707,real,2024-07-07,adapted,3043,0.9509607951,7.722591704,0.7100387464,0.5041550214,0.001558546634,0.9984414534,3125.476945,3034.515897,0.9794662944,0.9509607951,0.9169604105,0.9849611797
real_20240707,real,2024-07-07,adapted,3044,0.9512721006,7.716481527,-0.4223767465,0.178402116,0.006624052993,0.993375947,3125.655347,3035.509273,0.9795222023,0.9512721006,0.917271716,0.9852724852
real_20240707,real,2024-07-07,adapted,3045,0.9515848838,7.713473651,0.4354131668,0.1895846258,0.001908885329,0.9980911147,3125.844932,3036.507364,0.9795816146,0.9515848838,0.9175844992,0.9855852684
real_20240707,real,2024-07-07,adapted,3046,0.9518975459,7.703382823,0.3437811227,0.1181854604,0.002295204442,0.9977047956,3125.963118,3037.505069,0.9796186517,0.9518975459,0.9178971613,0.9858979305
real_20240707,real,2024-07-07,adapted,3047,0.9522107623,7.699206362,1.375344963,1.891573768,0.0005265663149,0.9994734337,3127.854691,3038.504542,0.9802114357,0.9522107623,0.9182103777,0.9862111469
real_20240707,real,2024-07-07,adapted,3048,0.9525239473,7.692527509,2.564130016,6.57476274,0.000626683562,0.9993733164,3134.429454,3039.503916,0.9822718439,0.9525239473,0.9185235627,0.9865243319
real_20240707,real,2024-07-07,adapted,3049,0.952835226,7.687731506,-0.73101578,0.5343840706,0.006709561077,0.9932904389,3134.963838,3040.497206,0.98243931,0.952835226,0.9188348414,0.9868356106
real_20240707,real,2024-07-07,adapted,3050,0.9531481691,7.675519852,1.625394488,2.64190724,0.001398734457,0.9986012655,3137.605745,3041.495807,0.9832672345,0.9531481691,0.9191477845,0.9871485537
real_20240707,real,2024-07-07,adapted,3051,0.953461542,7.667957187,-0.7314714949,0.5350505479,2.705736955e-05,0.9999729426,3138.140796,3042.49578,0.9834349094,0.953461542,0.9194611574,0.9874619266
real_20240707,real,2024-07-07,adapted,3052,0.9537735997,7.663307453,0.8448214536,0.7137232885,0.004223594254,0.9957764057,3138.854519,3043.491557,0.983658577,0.9537735997,0.9197732151,0.9877739843
real_20240707,real,2024-07-07,adapted,3053,0.9540848835,7.660776921,0.2187859199,0.04786727875,0.006693639192,0.9933063608,3138.902386,3044.484863,0.9836735777,0.9540848835,0.9200844989,0.9880852681
real_20240707,real,2024-07-07,adapted,3054,0.9543974111,7.660581494,0.1045294808,0.01092641235,0.002724211143,0.9972757889,3138.913313,3045.482139,0.9836770018,0.9543974111,0.9203970265,0.9883977957
real_20240707,real,2024-07-07,adapted,3055,0.9547100245,7.658333999,-1.221120277,1.491134732,0.002450861384,0.9975491386,3140.404448,3046.479688,0.9841442957,0.9547100245,0.9207096399,0.9887104091
real_20240707,real,2024-07-07,adapted,3056,0.9550231267,7.657643759,0.231460842,0.0535741214,0.0008908129998,0.999109187,3140.458022,3047.478797,0.9841610848,0.9550231267,0.9210227421,0.9890235113
real_20240707,real,2024-07-07,adapted,3057,0.9553363119,7.652631319,0.1987812622,0.03951399021,0.0006260759265,0.9993739241,3140.497536,3048.478171,0.9841734678,0.9553363119,0.9213359273,0.9893366965
real_20240707,real,2024-07-07,adapted,3058,0.9556482707,7.646854572,1.181555968,1.396074506,0.00453951446,0.9954604855,3141.89361,3049.473632,0.9846109715,0.9556482707,0.9216478861,0.9896486553
real_20240707,real,2024-07-07,adapted,3059,0.9559611712,7.642137969,-0.4187390449,0.1753423877,0.001534467267,0.9984655327,3142.068953,3050.472097,0.9846659206,0.9559611712,0.9219607866,0.9899615558
real_20240707,real,2024-07-07,adapted,3060,0.9562735036,7.637688682,-0.07655970231,0.005861388017,0.003347198629,0.9966528014,3142.074814,3051.46875,0.9846677574,0.9562735036,0.922273119,0.9902738882
real_20240707,real,2024-07-07,adapted,3061,0.9565843662,7.637091282,1.27363982,1.622158392,0.008037401432,0.9919625986,3143.696972,3052.460713,0.9851761117,0.9565843662,0.9225839816,0.9905847508
real_20240707,real,2024-07-07,adapted,3062,0.9568969901,7.636319824,0.8367305223,0.700117967,0.002417306334,0.9975826937,3144.39709,3053.458295,0.9853955156,0.9568969901,0.9228966055,0.9908973747
real_20240707,real,2024-07-07,adapted,3063,0.9572090726,7.635097469,1.097723355,1.204996564,0.004144569849,0.9958554302,3145.602087,3054.454151,0.9857731391,0.9572090726,0.923208688,0.9912094572
real_20240707,real,2024-07-07,adapted,3064,0.9575210457,7.626781525,0.04342309504,0.001885565183,0.004493865286,0.9955061347,3145.603972,3055.449657,0.98577373,0.9575210457,0.9235206611,0.9915214303
real_20240707,real,2024-07-07,adapted,3065,0.9578339628,7.622036724,0.1368305411,0.01872259697,0.001481555371,0.9985184446,3145.622695,3056.448175,0.9857795973,0.9578339628,0.9238335782,0.9918343474
real_20240707,real,2024-07-07,adapted,3066,0.958146333,7.619710967,-0.3787288497,0.1434355416,0.003226795802,0.9967732042,3145.766131,3057.444949,0.9858245474,0.958146333,0.9241459484,0.9921467176
real_20240707,real,2024-07-07,adapted,3067,0.9584588682,7.619073076,-1.295316377,1.677844516,0.002699944015,0.997300056,3147.443975,3058.442249,0.9863503526,0.9584588682,0.9244584836,0.9924592528
real_20240707,real,2024-07-07,adapted,3068,0.9587713889,7.616775239,-1.165700141,1.358856818,0.002746653782,0.9972533462,3148.802832,3059.439502,0.986776193,0.9587713889,0.9247710043,0.9927717735
real_20240707,real,2024-07-07,adapted,3069,0.9590839988,7.616409576,0.2825736789,0.07984788401,0.002461785846,0.9975382142,3148.88268,3060.43704,0.9868012159,0.9590839988,0.9250836142,0.9930843834
real_20240707,real,2024-07-07,adapted,3070,0.9593973038,7.607692415,0.7724254125,0.5966410179,0.0002438238498,0.9997561762,3149.479321,3061.436796,0.9869881921,0.9593973038,0.9253969192,0.9933976884
real_20240707,real,2024-07-07,adapted,3071,0.9597098857,7.605664969,1.048456105,1.099260204,0.002550975811,0.9974490242,3150.578581,3062.434245,0.9873326797,0.9597098857,0.9257095011,0.9937102703
real_20240707,real,2024-07-07,adapted,3072,0.9600224001,7.595355827,0.8206765443,0.6735099903,0.002766649998,0.99723335,3151.252091,3063.431479,0.9875437452,0.9600224001,0.9260220155,0.9940227847
real_20240707,real,2024-07-07,adapted,3073,0.960334928,7.594577262,-0.05518613776,0.003045509801,0.002723412851,0.9972765871,3151.255137,3064.428755,0.9875446996,0.960334928,0.9263345434,0.9943353126
real_20240707,real,2024-07-07,adapted,3074,0.9606474837,7.591096076,-1.540208332,2.372241707,0.002634663066,0.9973653369,3153.627378,3065.426121,0.988288116,0.9606474837,0.9266470991,0.9946478683
real_20240707,real,2024-07-07,adapted,3075,0.9609604808,7.590925895,-0.2382005274,0.05673949126,0.001226376512,0.9987736235,3153.684118,3066.424894,0.9883058971,0.9609604808,0.9269600962,0.9949608654
real_20240707,real,2024-07-07,adapted,3076,0.961272991,7.578271881,-0.1055946285,0.01115022558,0.002779986133,0.9972200139,3153.695268,3067.422114,0.9883093914,0.961272991,0.9272726064,0.9952733756
real_20240707,real,2024-07-07,adapted,3077,0.9615848948,7.575574553,-0.232054177,0.05384914105,0.004714982387,0.9952850176,3153.749117,3068.417399,0.9883262667,0.9615848948,0.9275845102,0.9955852794
real_20240707,real,2024-07-07,adapted,3078,0.961896989,7.572602994,-1.488500514,2.215633779,0.004107490605,0.9958925094,3155.964751,3069.413292,0.9890206051,0.961896989,0.9278966044,0.9958973736
real_20240707,real,2024-07-07,adapted,3079,0.9622098703,7.571898917,-2.795374618,7.814119255,0.001595569362,0.9984044306,3163.77887,3070.411696,0.9914694046,0.9622098703,0.9282094857,0.9962102549
real_20240707,real,2024-07-07,adapted,3080,0.9625226417,7.564192465,0.7392852864,0.5465427347,0.001946390046,0.99805361,3164.325413,3071.40975,0.9916406809,0.9625226417,0.9285222571,0.9965230263
real_20240707,real,2024-07-07,adapted,3081,0.9628347366,7.563810514,0.7253843778,0.5261824956,0.004105478885,0.9958945211,3164.851595,3072.405644,0.9918055767,0.9628347366,0.928834352,0.9968351212
real_20240707,real,2024-07-07,adapted,3082,0.9631473416,7.56339489,0.8724427389,0.7611563327,0.002477307078,0.9975226929,3165.612752,3073.403167,0.992044109,0.9631473416,0.929146957,0.9971477262
real_20240707,real,2024-07-07,adapted,3083,0.963459865,7.563364982,0.2494311145,0.0622158809,0.002737799449,0.9972622006,3165.674968,3074.400429,0.9920636063,0.963459865,0.9294594804,0.9974602496
real_20240707,real,2024-07-07,adapted,3084,0.9637717784,7.557314946,2.140224475,4.580560805,0.004684216376,0.9953157836,3170.255528,3075.395745,0.9934990688,0.9637717784,0.9297713938,0.997772163
real_20240707,real,2024-07-07,adapted,3085,0.9640833348,7.549975861,0.3683554499,0.1356857375,0.005823727911,0.9941762721,3170.391214,3076.389921,0.9935415901,0.9640833348,0.9300829502,0.9980837194
real_20240707,real,2024-07-07,adapted,3086,0.9643955593,7.548287228,0.5222683588,0.2727642386,0.003691448782,0.9963085512,3170.663978,3077.38623,0.9936270694,0.9643955593,0.9303951747,0.9983959439
real_20240707,real,2024-07-07,adapted,3087,0.9647078426,7.547485698,-0.3427806141,0.1174985494,0.003504211693,0.9964957883,3170.781477,3078.382726,0.9936638912,0.9647078426,0.930707458,0.9987082272
real_20240707,real,2024-07-07,adapted,3088,0.9650202199,7.544392965,1.062504941,1.12891675,0.003203917145,0.9967960829,3171.910394,3079.379522,0.9940176727,0.9650202199,0.9310198353,0.9990206045
real_20240707,real,2024-07-07,adapted,3089,0.9653325274,7.540029479,-1.720825509,2.961240433,0.003426828348,0.9965731717,3174.871634,3080.376095,0.9949456704,0.9653325274,0.9313321428,0.999332912
real_20240707,real,2024-07-07,adapted,3090,0.9656447399,7.538697141,-0.3860436649,0.1490297112,0.003729803591,0.9962701964,3175.020664,3081.372365,0.9949923735,0.9656447399,0.9316443553,0.9996451245
real_20240707,real,2024-07-07,adapted,3091,0.965955931,7.535124954,-0.2899553902,0.0840741283,0.006989244248,0.9930107558,3175.104738,3082.365376,0.9950187208,0.965955931,0.9319555464,0.9999563156
real_20240707,real,2024-07-07,adapted,3092,0.9662668891,7.52967131,-0.2675911815,0.07160504044,0.007732823442,0.9922671766,3175.176343,3083.357643,0.9950411604,0.9662668891,0.9322665045,1.000267274
real_20240707,real,2024-07-07,adapted,3093,0.9665791568,7.527371725,-0.2900974697,0.08415654192,0.003553509447,0.9964464906,3175.2605,3084.35409,0.9950675335,0.9665791568,0.9325787722,1.000579541
real_20240707,real,2024-07-07,adapted,3094,0.9668898564,7.523972707,0.1700722809,0.02892458072,0.008557708186,0.9914422918,3175.289424,3085.345532,0.995076598,0.9668898564,0.9328894718,1.000890241
real_20240707,real,2024-07-07,adapted,3095,0.9672026832,7.519097659,-0.3508158142,0.1230717355,0.001769843665,0.9982301563,3175.412496,3086.343762,0.9951151664,0.9672026832,0.9332022986,1.001203068
real_20240707,real,2024-07-07,adapted,3096,0.9675142182,7.515633674,-0.7586996861,0.5756252137,0.005891533591,0.9941084664,3175.988121,3087.33787,0.9952955566,0.9675142182,0.9335138336,1.001514603
real_20240707,real,2024-07-07,adapted,3097,0.9678259668,7.511450929,-2.687989433,7.225287194,0.005210499146,0.9947895009,3183.213408,3088.33266,0.9975598271,0.9678259668,0.9338255822,1.001826351
real_20240707,real,2024-07-07,adapted,3098,0.9681386472,7.510966091,0.3180850491,0.1011780985,0.002236715806,0.9977632842,3183.314586,3089.330423,0.9975915344,0.9681386472,0.9341382626,1.002139032
real_20240707,real,2024-07-07,adapted,3099,0.9684511074,7.509393971,-1.007178083,1.01440769,0.002939393774,0.9970606062,3184.328994,3090.327484,0.9979094309,0.9684511074,0.9344507228,1.002451492
real_20240707,real,2024-07-07,adapted,3100,0.9687637257,7.505688357,0.6574994172,0.4323054837,0.002435032164,0.9975649678,3184.7613,3091.325049,0.9980449074,0.9687637257,0.9347633411,1.00276411
real_20240707,real,2024-07-07,adapted,3101,0.9690759736,7.502110582,-0.3875288232,0.1501785888,0.003617071628,0.9963829284,3184.911478,3092.321432,0.9980919706,0.9690759736,0.935075589,1.003076358
real_20240707,real,2024-07-07,adapted,3102,0.9693877145,7.494922697,-0.5040876299,0.2541043386,0.005234671473,0.9947653285,3185.165582,3093.316197,0.9981716021,0.9693877145,0.9353873299,1.003388099
real_20240707,real,2024-07-07,adapted,3103,0.96970047,7.493496383,-0.2871175415,0.08243648264,0.001997407475,0.9980025925,3185.248019,3094.3142,0.9981974362,0.96970047,0.9357000854,1.003700855
real_20240707,real,2024-07-07,adapted,3104,0.9700118705,7.490516159,-0.4687590458,0.219735043,0.006320804024,0.993679196,3185.467754,3095.307879,0.9982662971,0.9700118705,0.9360114859,1.004012255
real_20240707,real,2024-07-07,adapted,3105,0.9703252024,7.486014783,0.5864056802,0.3438716218,0.0001578493542,0.9998421506,3185.811626,3096.307721,0.99837406,0.9703252024,0.9363248178,1.004325587
real_20240707,real,2024-07-07,adapted,3106,0.9706377772,7.482551513,-0.2170999866,0.0471324042,0.002574050409,0.9974259496,3185.858758,3097.305147,0.9983888305,0.9706377772,0.9366373926,1.004638162
real_20240707,real,2024-07-07,adapted,3107,0.9709491887,7.482229621,-0.2642116201,0.06980778018,0.006285700082,0.9937142999,3185.928566,3098.298861,0.9984107069,0.9709491887,0.9369488041,1.004949573
real_20240707,real,2024-07-07,adapted,3108,0.9712609334,7.479672377,0.4035758072,0.1628734322,0.005222724418,0.9947772756,3186.091439,3099.293638,0.9984617484,0.9712609334,0.9372605488,1.005261318
real_20240707,real,2024-07-07,adapted,3109,0.9715733261,7.479530041,-0.6663120937,0.4439718062,0.003154779022,0.996845221,3186.535411,3100.290484,0.9986008809,0.9715733261,0.9375729415,1.005573711
real_20240707,real,2024-07-07,adapted,3110,0.9718862412,7.477326509,1.328768565,1.765625899,0.00148811534,0.9985118847,3188.301037,3101.288996,0.9991541952,0.9718862412,0.9378858566,1.005886626
real_20240707,real,2024-07-07,adapted,3111,0.9721976671,7.473391377,0.236941399,0.05614122656,0.006239779218,0.9937602208,3188.357178,3102.282756,0.9991717888,0.9721976671,0.9381972825,1.006198052
real_20240707,real,2024-07-07,adapted,3112,0.9725096664,7.451945824,-0.7801564529,0.6086440911,0.004410186299,0.9955898137,3188.965822,3103.278346,0.9993625266,0.9725096664,0.9385092818,1.006510051
real_20240707,real,2024-07-07,adapted,3113,0.9728221317,7.451324596,0.3737282695,0.1396728194,0.002923464245,0.9970765358,3189.105495,3104.275422,0.9994062974,0.9728221317,0.9388217471,1.006822516
real_20240707,real,2024-07-07,adapted,3114,0.9731348151,7.444654211,-0.3157809193,0.09971758898,0.002227038924,0.9977729611,3189.205213,3105.273195,0.9994375471,0.9731348151,0.9391344305,1.0071352
real_20240707,real,2024-07-07,adapted,3115,0.9734474448,7.429258007,-0.8085320431,0.6537240647,0.002398888703,0.9976011113,3189.858937,3106.270796,0.999642412,0.9734474448,0.9394470602,1.007447829
real_20240707,real,2024-07-07,adapted,3116,0.9737606526,7.429103056,-0.3005117,0.09030728185,0.0005537972472,0.9994462028,3189.949244,3107.270242,0.9996707126,0.9737606526,0.939760268,1.007761037
real_20240707,real,2024-07-07,adapted,3117,0.9740731015,7.42678814,-1.873880673,3.511428776,0.002975707805,0.9970242922,3193.460673,3108.267267,1.000771129,0.9740731015,0.9400727169,1.008073486
real_20240707,real,2024-07-07,adapted,3118,0.9743854529,7.426585785,-1.819465118,3.310453316,0.003286629772,0.9967133702,3196.771126,3109.26398,1.001808563,0.9743854529,0.9403850683,1.008385837
real_20240707,real,2024-07-07,adapted,3119,0.974698584,7.425456709,0.2161080942,0.04670270837,0.0007986500893,0.9992013499,3196.817829,3110.263181,1.001823199,0.974698584,0.9406981994,1.008698969
real_20240707,real,2024-07-07,adapted,3120,0.9750109794,7.42408941,0.8060209951,0.6496698445,0.00314632642,0.9968536736,3197.467499,3111.260035,1.002026794,0.9750109794,0.9410105948,1.009011364
real_20240707,real,2024-07-07,adapted,3121,0.9753235238,7.419109008,-0.1777075235,0.03157996391,0.002670721453,0.9973292785,3197.499079,3112.257364,1.00203669,0.9753235238,0.9413231392,1.009323908
real_20240707,real,2024-07-07,adapted,3122,0.975636291,7.417716907,0.05190845521,0.002694487722,0.001959900174,0.9980400998,3197.501773,3113.255405,1.002037535,0.975636291,0.9416359064,1.009636676
real_20240707,real,2024-07-07,adapted,3123,0.975948523,7.416780935,0.8878282554,0.7882390111,0.003667664838,0.9963323352,3198.290012,3114.251737,1.002284554,0.975948523,0.9419481384,1.009948908
real_20240707,real,2024-07-07,adapted,3124,0.9762611791,7.410016966,0.6251676807,0.390834629,0.002314311051,0.9976856889,3198.680847,3115.249423,1.002407034,0.9762611791,0.9422607945,1.010261564
real_20240707,real,2024-07-07,adapted,3125,0.9765743036,7.409261804,-0.7080921327,0.5013944684,0.0008196214356,0.9991803786,3199.182241,3116.248603,1.002564162,0.9765743036,0.942573919,1.010574688
real_20240707,real,2024-07-07,adapted,3126,0.9768862419,7.395730383,0.1460338458,0.02132588413,0.004605098362,0.9953949016,3199.203567,3117.243998,1.002570845,0.9768862419,0.9428858573,1.010886626
real_20240707,real,2024-07-07,adapted,3127,0.9771988956,7.388937065,0.1643669463,0.02701649305,0.00232187779,0.9976781222,3199.230584,3118.241676,1.002579312,0.9771988956,0.943198511,1.01119928
real_20240707,real,2024-07-07,adapted,3128,0.9775113227,7.379314468,0.1149395647,0.01321110354,0.003045338749,0.9969546613,3199.243795,3119.238631,1.002583452,0.9775113227,0.9435109381,1.011511707
real_20240707,real,2024-07-07,adapted,3129,0.9778234534,7.37738014,0.664617173,0.4417159867,0.00399079027,0.9960092097,3199.685511,3120.23464,1.002721877,0.9778234534,0.9438230688,1.011823838
real_20240707,real,2024-07-07,adapted,3130,0.9781349809,7.360901576,-1.289495684,1.66279912,0.005915721611,0.9940842784,3201.34831,3121.228724,1.003242968,0.9781349809,0.9441345963,1.012135366
real_20240707,real,2024-07-07,adapted,3131,0.9784469667,7.356555098,0.2010950505,0.04043921934,0.004453443154,0.9955465568,3201.388749,3122.224271,1.003255641,0.9784469667,0.9444465821,1.012447351
real_20240707,real,2024-07-07,adapted,3132,0.9787595327,7.348487279,0.6249710113,0.390588765,0.002601738367,0.9973982616,3201.779338,3123.221669,1.003378044,0.9787595327,0.9447591481,1.012759917
real_20240707,real,2024-07-07,adapted,3133,0.9790723333,7.346880619,0.5137931432,0.263983394,0.001853213706,0.9981467863,3202.043321,3124.219816,1.003460771,0.9790723333,0.9450719487,1.013072718
real_20240707,real,2024-07-07,adapted,3134,0.9793850934,7.335943794,-0.6076899613,0.3692870891,0.001982796442,0.9980172036,3202.412608,3125.217833,1.003576499,0.9793850934,0.9453847088,1.013385478
real_20240707,real,2024-07-07,adapted,3135,0.979697691,7.32564528,0.1839897315,0.03385222128,0.002500762545,0.9974992375,3202.44646,3126.215332,1.003587108,0.979697691,0.9456973064,1.013698076
real_20240707,real,2024-07-07,adapted,3136,0.9800107203,7.318244203,-0.9580581735,0.9178754639,0.00112365865,0.9988763413,3203.364336,3127.214208,1.003874753,0.9800107203,0.9460103357,1.014011105
real_20240707,real,2024-07-07,adapted,3137,0.9803216561,7.318077519,-1.60138573,2.564436256,0.007803710647,0.9921962894,3205.928772,3128.206405,1.004678399,0.9803216561,0.9463212715,1.014322041
real_20240707,real,2024-07-07,adapted,3138,0.9806339926,7.299417825,1.120361829,1.255210627,0.003334301126,0.9966656989,3207.183983,3129.20307,1.005071759,0.9806339926,0.946633608,1.014634377
real_20240707,real,2024-07-07,adapted,3139,0.9809469329,7.29855728,-1.936413907,3.749698819,0.001407480856,0.9985925191,3210.933682,3130.201663,1.006246845,0.9809469329,0.9469465483,1.014947318
real_20240707,real,2024-07-07,adapted,3140,0.9812589698,7.294430736,-0.8684491877,0.7542039917,0.004290199515,0.9957098005,3211.687886,3131.197373,1.006483198,0.9812589698,0.9472585852,1.015259354
real_20240707,real,2024-07-07,adapted,3141,0.9815709934,7.282719113,1.568752005,2.460982854,0.004332685274,0.9956673147,3214.148868,3132.19304,1.007254424,0.9815709934,0.9475706088,1.015571378
real_20240707,real,2024-07-07,adapted,3142,0.9818830009,7.282336746,-0.8887880306,0.7899441634,0.004384356636,0.9956156434,3214.938813,3133.188656,1.007501978,0.9818830009,0.9478826163,1.015883385
real_20240707,real,2024-07-07,adapted,3143,0.9821953008,7.281840151,0.1908012477,0.03640511613,0.003450960418,0.9965490396,3214.975218,3134.185205,1.007513387,0.9821953008,0.9481949162,1.016195685
real_20240707,real,2024-07-07,adapted,3144,0.9825076085,7.279857342,0.3960570113,0.1568611562,0.003426151092,0.9965738489,3215.132079,3135.181779,1.007562544,0.9825076085,0.9485072239,1.016507993
real_20240707,real,2024-07-07,adapted,3145,0.9828195503,7.279436446,0.3066869824,0.09405690518,0.004593532947,0.9954064671,3215.226136,3136.177185,1.00759202,0.9828195503,0.9488191657,1.016819935
real_20240707,real,2024-07-07,adapted,3146,0.9831323668,7.279139886,0.799388561,0.6390220714,0.001802494624,0.9981975054,3215.865158,3137.175383,1.007792278,0.9831323668,0.9491319822,1.017132751
real_20240707,real,2024-07-07,adapted,3147,0.9834454459,7.277469561,1.006894952,1.013837445,0.0009648272061,0.9990351728,3216.878995,3138.174418,1.008109995,0.9834454459,0.9494450613,1.01744583
real_20240707,real,2024-07-07,adapted,3148,0.9837577304,7.277318202,-1.071057277,1.14716369,0.00350020736,0.9964997926,3218.026159,3139.170918,1.008469495,0.9837577304,0.9497573458,1.017758115
real_20240707,real,2024-07-07,adapted,3149,0.9840695809,7.267588995,-0.1279493484,0.01637103575,0.004885072349,0.9951149277,3218.04253,3140.166032,1.008474626,0.9840695809,0.9500691963,1.018069965
real_20240707,real,2024-07-07,adapted,3150,0.9843821316,7.250843965,-1.873191601,3.508846775,0.002650648057,0.9973493519,3221.551377,3141.163382,1.009574233,0.9843821316,0.950381747,1.018382516
real_20240707,real,2024-07-07,adapted,3151,0.9846943199,7.24641225,1.220996655,1.490832832,0.00380700102,0.996192999,3223.04221,3142.159575,1.010041432,0.9846943199,0.9506939353,1.018694705
real_20240707,real,2024-07-07,adapted,3152,0.9850076243,7.239328889,-0.1035902486,0.0107309396,0.0002455463355,0.9997544537,3223.052941,3143.159329,1.010044795,0.9850076243,0.9510072397,1.019008009
real_20240707,real,2024-07-07,adapted,3153,0.9853202061,7.235896004,0.336568801,0.1132785578,0.002551735534,0.9974482645,3223.166219,3144.156778,1.010080294,0.9853202061,0.9513198215,1.019320591
real_20240707,real,2024-07-07,adapted,3154,0.9856321374,7.235762538,-0.5635507593,0.3175894583,0.004627278031,0.995372722,3223.483809,3145.15215,1.010179821,0.9856321374,0.9516317528,1.019632522
real_20240707,real,2024-07-07,adapted,3155,0.9859450571,7.233458837,0.9639413249,0.9291828778,0.001473058078,0.9985269419,3224.412992,3146.150677,1.01047101,0.9859450571,0.9519446725,1.019945442
real_20240707,real,2024-07-07,adapted,3156,0.9862573876,7.232731317,-0.1618906221,0.02620857351,0.003353537862,0.9966464621,3224.4392,3147.147324,1.010479223,0.9862573876,0.952257003,1.020257772
real_20240707,real,2024-07-07,adapted,3157,0.9865696327,7.226812158,0.5270984043,0.2778327278,0.003625691702,0.9963743083,3224.717033,3148.143698,1.01056629,0.9865696327,0.9525692481,1.020570017
real_20240707,real,2024-07-07,adapted,3158,0.9868819958,7.22492104,0.6205692436,0.3851061861,0.003249507517,0.9967504925,3225.102139,3149.140448,1.010686976,0.9868819958,0.9528816112,1.02088238
real_20240707,real,2024-07-07,adapted,3159,0.9871950941,7.224624132,0.3561682335,0.1268558105,0.0009033602682,0.9990966397,3225.228995,3150.139545,1.01072673,0.9871950941,0.9531947095,1.021195479
real_20240707,real,2024-07-07,adapted,3160,0.987507655,7.221863665,1.230937567,1.515207293,0.002618049857,0.9973819501,3226.744202,3151.136927,1.011201568,0.987507655,0.9535072704,1.02150804
real_20240707,real,2024-07-07,adapted,3161,0.9878192718,7.215234621,0.08303433103,0.00689470013,0.005630628509,0.9943693715,3226.751097,3152.131296,1.011203728,0.9878192718,0.9538188872,1.021819656
real_20240707,real,2024-07-07,adapted,3162,0.9881310925,7.211864093,-1.726797277,2.981828837,0.004980221385,0.9950197786,3229.732926,3153.126316,1.012138178,0.9881310925,0.9541307079,1.022131477
real_20240707,real,2024-07-07,adapted,3163,0.9884432654,7.203357757,0.9365051771,0.8770419468,0.003856352401,0.9961436476,3230.609968,3154.12246,1.012413027,0.9884432654,0.9544428808,1.02244365
real_20240707,real,2024-07-07,adapted,3164,0.988755456,7.199705101,1.497037316,2.241120727,0.003799917116,0.9962000829,3232.851088,3155.11866,1.013115352,0.988755456,0.9547550714,1.022755841
real_20240707,real,2024-07-07,adapted,3165,0.9890677311,7.190557434,1.014279125,1.028762144,0.003530136696,0.9964698633,3233.87985,3156.11513,1.013437747,0.9890677311,0.9550673465,1.023068116
real_20240707,real,2024-07-07,adapted,3166,0.9893789,7.188831157,0.4415560345,0.1949717316,0.007059785656,0.9929402143,3234.074822,3157.10807,1.013498847,0.9893789,0.9553785154,1.023379285
real_20240707,real,2024-07-07,adapted,3167,0.9896915182,7.185527751,1.596056226,2.547395478,0.002435591515,0.9975644085,3236.622218,3158.105634,1.014297154,0.9896915182,0.9556911336,1.023691903
real_20240707,real,2024-07-07,adapted,3168,0.9900035437,7.184851264,-0.5130887582,0.2632600738,0.004326574677,0.9956734253,3236.885478,3159.101308,1.014379655,0.9900035437,0.9560031591,1.024003928
real_20240707,real,2024-07-07,adapted,3169,0.9903160669,7.184314165,-1.67880457,2.818384786,0.002738513838,0.9972614862,3239.703863,3160.098569,1.015262884,0.9903160669,0.9563156823,1.024316451
real_20240707,real,2024-07-07,adapted,3170,0.9906285127,7.18377866,-0.691367424,0.4779889149,0.002985205954,0.997014794,3240.181851,3161.095584,1.015412677,0.9906285127,0.9566281281,1.024628897
real_20240707,real,2024-07-07,adapted,3171,0.990940938,7.181125906,-1.221451202,1.491943039,0.003051021069,0.9969489789,3241.673794,3162.092533,1.015880224,0.990940938,0.9569405534,1.024941323
real_20240707,real,2024-07-07,adapted,3172,0.9912531257,7.174194928,1.027392504,1.055535357,0.003808950855,0.9961910491,3242.72933,3163.088724,1.016211009,0.9912531257,0.9572527411,1.02525351
real_20240707,real,2024-07-07,adapted,3173,0.9915653619,7.173379996,-0.3877670861,0.1503633131,0.003654275068,0.9963457249,3242.879693,3164.08507,1.01625813,0.9915653619,0.9575649773,1.025565747
real_20240707,real,2024-07-07,adapted,3174,0.9918779057,7.163561254,0.873178154,0.7624400886,0.002672763058,0.9973272369,3243.642133,3165.082397,1.016497065,0.9918779057,0.9578775211,1.02587829
real_20240707,real,2024-07-07,adapted,3175,0.9921904071,7.151985212,0.282193652,0.07963325725,0.002807987664,0.9971920123,3243.721767,3166.079589,1.01652202,0.9921904071,0.9581900225,1.026190792
real_20240707,real,2024-07-07,adapted,3176,0.9925017434,7.11157897,-0.6355521716,0.4039265628,0.006525973666,0.9934740263,3244.125693,3167.073063,1.016648603,0.9925017434,0.9585013588,1.026502128
real_20240707,real,2024-07-07,adapted,3177,0.992814028,7.099522585,-0.8436492556,0.7117440664,0.00349984554,0.9965001545,3244.837437,3168.069563,1.016871651,0.992814028,0.9588136434,1.026814413
real_20240707,real,2024-07-07,adapted,3178,0.9931256067,7.098776976,0.3111355561,0.09680533429,0.005752363156,0.9942476368,3244.934242,3169.063811,1.016901988,0.9931256067,0.9591252221,1.027125991
real_20240707,real,2024-07-07,adapted,3179,0.9934383282,7.09285507,1.154551975,1.332990264,0.002105699868,0.9978943001,3246.267233,3170.061705,1.017319722,0.9934383282,0.9594379436,1.027438713
real_20240707,real,2024-07-07,adapted,3180,0.9937507568,7.08712744,-0.1794638947,0.03220728951,0.003040182708,0.9969598173,3246.29944,3171.058665,1.017329815,0.9937507568,0.9597503722,1.027751141
real_20240707,real,2024-07-07,adapted,3181,0.9940628515,7.084911358,-0.3478097759,0.1209716402,0.004105990551,0.9958940094,3246.420412,3172.054559,1.017367725,0.9940628515,0.9600624669,1.028063236
real_20240707,real,2024-07-07,adapted,3182,0.9943756972,7.073774098,0.129204627,0.01669383565,0.001709477882,0.9982905221,3246.437105,3173.05285,1.017372957,0.9943756972,0.9603753126,1.028376082
real_20240707,real,2024-07-07,adapted,3183,0.9946885279,7.048655657,0.01234911552,0.0001525006542,0.001757250583,0.9982427494,3246.437258,3174.051092,1.017373005,0.9946885279,0.9606881433,1.028688912
real_20240707,real,2024-07-07,adapted,3184,0.9950006729,7.047441549,0.1794676952,0.0322086536,0.003944998855,0.9960550011,3246.469467,3175.047147,1.017383098,0.9950006729,0.9610002883,1.029001058
real_20240707,real,2024-07-07,adapted,3185,0.9953130751,7.045456081,-0.6861108918,0.4707481558,0.003124650174,0.9968753498,3246.940215,3176.044023,1.017530622,0.9953130751,0.9613126905,1.02931346
real_20240707,real,2024-07-07,adapted,3186,0.9956255928,7.035878519,0.6918128958,0.4786050828,0.002756073873,0.9972439261,3247.41882,3177.041267,1.017680608,0.9956255928,0.9616252082,1.029625977
real_20240707,real,2024-07-07,adapted,3187,0.9959381129,7.028402016,0.9749896027,0.9506047254,0.00274851342,0.9972514866,3248.369425,3178.038518,1.01797851,0.9959381129,0.9619377283,1.029938497
real_20240707,real,2024-07-07,adapted,3188,0.9962502082,6.982091441,-0.6784329107,0.4602712143,0.004103925789,0.9958960742,3248.829696,3179.034414,1.01812275,0.9962502082,0.9622498236,1.030250593
real_20240707,real,2024-07-07,adapted,3189,0.9965628102,6.980965376,-0.5981453759,0.3577778908,0.002486833372,0.9975131666,3249.187474,3180.031927,1.018234871,0.9965628102,0.9625624256,1.030563195
real_20240707,real,2024-07-07,adapted,3190,0.9968754249,6.935138199,0.8121983518,0.6596661627,0.002446484961,0.997553515,3249.84714,3181.029481,1.018441598,0.9968754249,0.9628750403,1.03087581
real_20240707,real,2024-07-07,adapted,3191,0.997188722,6.912797441,-0.31318287,0.09808351004,0.0002691458972,0.9997308541,3249.945223,3182.029212,1.018472336,0.997188722,0.9631883374,1.031189107
real_20240707,real,2024-07-07,adapted,3192,0.9975013322,6.864400355,-1.732256092,3.000711167,0.002460676815,0.9975393232,3252.945935,3183.026751,1.019412703,0.9975013322,0.9635009476,1.031501717
real_20240707,real,2024-07-07,adapted,3193,0.9978138799,6.860771442,0.3353423297,0.1124544781,0.002660426677,0.9973395733,3253.058389,3184.024091,1.019447944,0.9978138799,0.9638134953,1.031814264
real_20240707,real,2024-07-07,adapted,3194,0.9981263172,6.832496338,0.370510365,0.1372779305,0.003012409451,0.9969875905,3253.195667,3185.021078,1.019490964,0.9981263172,0.9641259326,1.032126702
real_20240707,real,2024-07-07,adapted,3195,0.9984385519,6.827711486,0.8315627209,0.6914965588,0.003659120198,0.9963408798,3253.887164,3186.017419,1.019707666,0.9984385519,0.9644381673,1.032438937
real_20240707,real,2024-07-07,adapted,3196,0.9987507814,6.805676405,0.1573534315,0.0247601024,0.003675820859,0.9963241791,3253.911924,3187.013743,1.019715426,0.9987507814,0.9647503968,1.032751166
real_20240707,real,2024-07-07,adapted,3197,0.999063314,6.796739393,0.6441853303,0.4149747397,0.002708427865,0.9972915721,3254.326898,3188.011035,1.019845471,0.999063314,0.9650629294,1.033063699
real_20240707,real,2024-07-07,adapted,3198,0.9993751695,6.76327395,0.02546822315,0.0006486303904,0.004869110589,0.9951308894,3254.327547,3189.006166,1.019845674,0.9993751695,0.9653747849,1.033375554
real_20240707,real,2024-07-07,adapted,3199,0.9996876015,6.701163987,-1.34417354,1.806802506,0.003029422779,0.9969705772,3256.13435,3190.003136,1.020411893,0.9996876015,0.9656872169,1.033687986
real_20240707,real,2024-07-07,adapted,3200,1,6.555003588,0.5778916508,0.33395876,0.003136330822,0.9968636692,3256.468308,3191,1.020516549,1,0.9659996154,1.034000385
