dataset_id,data_kind,date,method,index,frac_index,eigenvalue,whitened_score,squared_score,leverage,expected_increment,cumulative_squared_score,expected,scaled_cumulative,scaled_expected,scaled_band_lower,scaled_band_upper
synthetic_20250706,synthetic,2025-07-06,adapted,1,0.0002567089761,31.60927092,-0.6161989787,0.3797011814,0.1808416574,0.8191583426,0.3797011814,0.8191583426,0.0001189912822,0.0002567089761,-0.03374367562,0.03425709358
synthetic_20250706,synthetic,2025-07-06,adapted,2,0.0005170699649,30.8047271,-1.448022248,2.096768429,0.1691880845,0.8308119155,2.476469611,1.649970258,0.0007760794769,0.0005170699649,-0.03348331464,0.03451745457
synthetic_20250706,synthetic,2025-07-06,adapted,3,0.0007485508203,30.06314587,-1.215225205,1.4767723,0.2613445906,0.7386554094,3.953241911,2.388625667,0.001238872426,0.0007485508203,-0.03325183378,0.03474893542
synthetic_20250706,synthetic,2025-07-06,adapted,4,0.001021008827,29.91299137,-3.82393205,14.62245632,0.1305864998,0.8694135002,18.57569824,3.258039168,0.005821278043,0.001021008827,-0.03297937577,0.03502139343
synthetic_20250706,synthetic,2025-07-06,adapted,5,0.001301297445,29.72849979,-3.284925201,10.79073358,0.105599021,0.894400979,29.36643181,4.152440147,0.009202893079,0.001301297445,-0.03269908716,0.03530168205
synthetic_20250706,synthetic,2025-07-06,adapted,6,0.001593293948,29.42595286,0.7922259796,0.6276220028,0.06823915865,0.9317608413,29.99405382,5.084200988,0.009399578131,0.001593293948,-0.03240709065,0.03559367855
synthetic_20250706,synthetic,2025-07-06,adapted,7,0.001898822047,29.30360878,-2.007744574,4.031038273,0.02505983485,0.9749401652,34.02509209,6.059141153,0.01066283049,0.001898822047,-0.03210156255,0.03589920665
synthetic_20250706,synthetic,2025-07-06,adapted,8,0.002198876218,29.1903377,-2.176932295,4.739034219,0.04252714183,0.9574728582,38.76412631,7.016614011,0.0121479556,0.002198876218,-0.03180150838,0.03619926082
synthetic_20250706,synthetic,2025-07-06,adapted,9,0.002498114532,28.85035743,-2.894706296,8.379324539,0.04513054091,0.9548694591,47.14345085,7.97148347,0.01477387993,0.002498114532,-0.03150227007,0.03649849913
synthetic_20250706,synthetic,2025-07-06,adapted,10,0.00273786844,28.56869514,-0.6056564313,0.3668197128,0.2349452787,0.7650547213,47.51027056,8.736538192,0.0148888344,0.00273786844,-0.03126251616,0.03673825304
synthetic_20250706,synthetic,2025-07-06,adapted,11,0.003042085012,28.46973819,3.581429404,12.82663658,0.02924491854,0.9707550815,60.33690714,9.707293273,0.01890846353,0.003042085012,-0.03095829959,0.03704246961
synthetic_20250706,synthetic,2025-07-06,adapted,12,0.003351861503,28.44398415,-0.2756913256,0.07600570701,0.01150321586,0.9884967841,60.41291285,10.69579006,0.01893228231,0.003351861503,-0.0306485231,0.0373522461
synthetic_20250706,synthetic,2025-07-06,adapted,13,0.003649648898,28.0983989,-3.981390906,15.85147354,0.04976042345,0.9502395766,76.26438639,11.64602963,0.02389983904,0.003649648898,-0.0303507357,0.0376500335
synthetic_20250706,synthetic,2025-07-06,adapted,14,0.003962073436,27.92456444,1.787161847,3.193947468,0.003053298339,0.9969467017,79.45833386,12.64297634,0.02490076273,0.003962073436,-0.03003831116,0.03796245804
synthetic_20250706,synthetic,2025-07-06,adapted,15,0.004265909145,27.83978312,1.191959479,1.420767399,0.03046025455,0.9695397455,80.87910125,13.61251608,0.02534600478,0.004265909145,-0.02973447546,0.03826629375
synthetic_20250706,synthetic,2025-07-06,adapted,16,0.004578685377,27.699957,0.9467604364,0.896355324,0.001931044249,0.9980689558,81.77545658,14.61058504,0.02562690585,0.004578685377,-0.02942169922,0.03857906998
synthetic_20250706,synthetic,2025-07-06,adapted,17,0.004891371335,27.65953215,0.3158907595,0.09978697191,0.002219106724,0.9977808933,81.87524355,15.60836593,0.02565817723,0.004891371335,-0.02910901327,0.03889175594
synthetic_20250706,synthetic,2025-07-06,adapted,18,0.005203927109,27.35394227,4.204567845,17.67839077,0.002634525965,0.997365474,99.55363432,16.6057314,0.03119825582,0.005203927109,-0.02879645749,0.03920431171
synthetic_20250706,synthetic,2025-07-06,adapted,19,0.005515562901,27.03585165,-0.6467130821,0.4182378106,0.005570186307,0.9944298137,99.97187213,17.60016122,0.03132932376,0.005515562901,-0.0284848217,0.0395159475
synthetic_20250706,synthetic,2025-07-06,adapted,20,0.00582689681,26.97199762,-3.015736356,9.094665767,0.00653349617,0.9934665038,109.0665379,18.59362772,0.03417942272,0.00582689681,-0.02817348779,0.03982728141
synthetic_20250706,synthetic,2025-07-06,adapted,21,0.006135881947,26.77952243,-1.705277571,2.907971594,0.0140284287,0.9859715713,111.9745095,19.57959929,0.03509072688,0.006135881947,-0.02786450265,0.04013626655
synthetic_20250706,synthetic,2025-07-06,adapted,22,0.006446857403,26.74107722,-2.343881875,5.493782245,0.007677319066,0.9923226809,117.4682917,20.57192197,0.03681237597,0.006446857403,-0.0275535272,0.040447242
synthetic_20250706,synthetic,2025-07-06,adapted,23,0.006759919976,26.67275555,1.255119591,1.575325188,0.001017329211,0.9989826708,119.0436169,21.57090464,0.03730605356,0.006759919976,-0.02724046462,0.04076030458
synthetic_20250706,synthetic,2025-07-06,adapted,24,0.007067478343,26.45741751,-0.3437120198,0.1181379526,0.01858125366,0.9814187463,119.1617549,22.55232339,0.0373430758,0.007067478343,-0.02693290626,0.04106786294
synthetic_20250706,synthetic,2025-07-06,adapted,25,0.007379583553,26.33219468,1.238722354,1.534433069,0.004072272724,0.9959277273,120.6961879,23.54825112,0.03782393856,0.007379583553,-0.02662080105,0.04137996815
synthetic_20250706,synthetic,2025-07-06,adapted,26,0.007691613795,26.17722487,-1.643677629,2.701676148,0.004311499693,0.9956885003,123.3978641,24.54393962,0.03867059357,0.007691613795,-0.02630877081,0.04169199839
synthetic_20250706,synthetic,2025-07-06,adapted,27,0.007997223678,25.93146784,1.22853967,1.50930972,0.02479886052,0.9752011395,124.9071738,25.51914076,0.03914358314,0.007997223678,-0.02600316092,0.04199760828
synthetic_20250706,synthetic,2025-07-06,adapted,28,0.008309511784,25.87308452,1.25105372,1.56513541,0.003488653882,0.9965113461,126.4723092,26.5156521,0.03963406745,0.008309511784,-0.02569087282,0.04230989638
synthetic_20250706,synthetic,2025-07-06,adapted,29,0.008617823885,25.84672372,0.6958814882,0.4842510456,0.01617608821,0.9838239118,126.9565603,27.49947602,0.03978582271,0.008617823885,-0.02538256072,0.04261820848
synthetic_20250706,synthetic,2025-07-06,adapted,30,0.008931049145,25.52597068,0.9054195595,0.8197845787,0.0004981943398,0.9995018057,127.7763448,28.49897782,0.04004272794,0.008931049145,-0.02506933546,0.04293143375
synthetic_20250706,synthetic,2025-07-06,adapted,31,0.00924355052,25.40587344,2.095982229,4.393141506,0.002808112688,0.9971918873,132.1694864,29.49616971,0.04141945671,0.00924355052,-0.02475683408,0.04324393512
synthetic_20250706,synthetic,2025-07-06,adapted,32,0.009550936399,25.38793621,-0.1724378483,0.02973481152,0.01913165925,0.9808683408,132.1992212,30.47703805,0.04142877504,0.009550936399,-0.0244494482,0.043551321
synthetic_20250706,synthetic,2025-07-06,adapted,33,0.009856663294,25.22503394,2.07956696,4.324598742,0.02442547693,0.9755745231,136.5238199,31.45261257,0.04278402379,0.009856663294,-0.02414372131,0.04385704789
synthetic_20250706,synthetic,2025-07-06,adapted,34,0.01016868078,25.04227851,1.13466464,1.287463846,0.004352194302,0.9956478057,137.8112838,32.44826038,0.04318749099,0.01016868078,-0.02383170382,0.04416906538
synthetic_20250706,synthetic,2025-07-06,adapted,35,0.01047821929,24.99474304,0.6371319118,0.405937073,0.0122626287,0.9877373713,138.2172208,33.43599775,0.04331470411,0.01047821929,-0.02352216531,0.04447860389
synthetic_20250706,synthetic,2025-07-06,adapted,36,0.01079133391,24.88860121,2.430797932,5.908778586,0.0008512344917,0.9991487655,144.1259994,34.43514652,0.04516640533,0.01079133391,-0.02320905069,0.04479171851
synthetic_20250706,synthetic,2025-07-06,adapted,37,0.01110366701,24.71874055,-0.3684478447,0.1357538143,0.003345084073,0.9966549159,144.2617532,35.43180143,0.04520894805,0.01110366701,-0.02289671759,0.04510405161
synthetic_20250706,synthetic,2025-07-06,adapted,38,0.01141285901,24.61157426,-0.8594979322,0.7387366954,0.01336831543,0.9866316846,145.0004899,36.41843312,0.04544045438,0.01141285901,-0.02258752559,0.04541324361
synthetic_20250706,synthetic,2025-07-06,adapted,39,0.01172421528,24.45347772,-0.6268248505,0.3929093932,0.006462165526,0.9935378345,145.3933993,37.41197095,0.04556358487,0.01172421528,-0.02227616932,0.04572459988
synthetic_20250706,synthetic,2025-07-06,adapted,40,0.01203542522,24.39531499,-2.12599321,4.51984713,0.006929062846,0.9930709372,149.9132464,38.40504189,0.04698002082,0.01203542522,-0.02196495938,0.04603580982
synthetic_20250706,synthetic,2025-07-06,adapted,41,0.01234835683,24.21964969,-1.386036889,1.921098257,0.001435253578,0.9985647464,151.8343447,39.40360663,0.04758205725,0.01234835683,-0.02165202777,0.04634874143
synthetic_20250706,synthetic,2025-07-06,adapted,42,0.01266091306,24.19832563,-0.3320148528,0.1102338625,0.002633055376,0.9973669446,151.9445786,40.40097358,0.04761660249,0.01266091306,-0.02133947154,0.04666129766
synthetic_20250706,synthetic,2025-07-06,adapted,43,0.012974031,24.0992747,2.992630387,8.955836634,0.0008406565474,0.9991593435,160.9004152,41.40013292,0.05042319498,0.012974031,-0.0210263536,0.0469744156
synthetic_20250706,synthetic,2025-07-06,adapted,44,0.01328663896,23.945177,0.01992802383,0.0003971261337,0.002468000477,0.9975319995,160.9008123,42.39766492,0.05042331944,0.01328663896,-0.02071374564,0.04728702356
synthetic_20250706,synthetic,2025-07-06,adapted,45,0.01359874141,23.90706557,1.124900449,1.26540102,0.004081095138,0.9959189049,162.1662133,43.39358383,0.05081987256,0.01359874141,-0.02040164319,0.04759912601
synthetic_20250706,synthetic,2025-07-06,adapted,46,0.01390985092,23.71461779,-0.07088015066,0.005023995758,0.007249527125,0.9927504729,162.1712373,44.3863343,0.05082144699,0.01390985092,-0.02009053368,0.04791023552
synthetic_20250706,synthetic,2025-07-06,adapted,47,0.01422063631,23.61626389,-2.394388857,5.733097999,0.008283830858,0.9917161691,167.9043353,45.37805047,0.05261809318,0.01422063631,-0.01977974829,0.04822102091
synthetic_20250706,synthetic,2025-07-06,adapted,48,0.01453190923,23.51994924,-1.046478325,1.095116884,0.006728108896,0.9932718911,168.9994522,46.37132236,0.05296128243,0.01453190923,-0.01946847537,0.04853229383
synthetic_20250706,synthetic,2025-07-06,adapted,49,0.01484379461,23.48121637,0.03271623502,0.001070352034,0.004773760815,0.9952262392,169.0005226,47.3665486,0.05296161785,0.01484379461,-0.01915658999,0.04884417921
synthetic_20250706,synthetic,2025-07-06,adapted,50,0.01515502291,23.27051014,-1.561907243,2.439554237,0.006870484066,0.9931295159,171.4400768,48.35967811,0.05372612874,0.01515502291,-0.01884536169,0.04915540751
synthetic_20250706,synthetic,2025-07-06,adapted,51,0.01546804637,23.17084698,1.996367061,3.985481441,0.001142145152,0.9988578548,175.4255582,49.35853597,0.05497510443,0.01546804637,-0.01853233823,0.04946843097
synthetic_20250706,synthetic,2025-07-06,adapted,52,0.01577913713,23.13765208,1.592762352,2.53689191,0.007309400455,0.9926905995,177.9624502,50.35122657,0.05577011914,0.01577913713,-0.01822124747,0.04977952173
synthetic_20250706,synthetic,2025-07-06,adapted,53,0.01608763302,23.07921045,0.203524019,0.04142202629,0.01558961155,0.9844103885,178.0038722,51.33563696,0.05578310003,0.01608763302,-0.01791275158,0.05008801762
synthetic_20250706,synthetic,2025-07-06,adapted,54,0.01639991344,22.91595844,-2.293557193,5.260404598,0.003513184226,0.9964868158,183.2642768,52.33212377,0.05743161291,0.01639991344,-0.01760047116,0.05040029804
synthetic_20250706,synthetic,2025-07-06,adapted,55,0.01671209215,22.76496263,0.2607437231,0.06798728916,0.003837728654,0.9961622713,183.3322641,53.32828604,0.05745291886,0.01671209215,-0.01728829245,0.05071247675
synthetic_20250706,synthetic,2025-07-06,adapted,56,0.01702410833,22.6801707,0.6397545064,0.4092858284,0.004356363167,0.9956436368,183.7415499,54.32392968,0.05758118142,0.01702410833,-0.01697627627,0.05102449293
synthetic_20250706,synthetic,2025-07-06,adapted,57,0.0173351698,22.61924597,0.7070778441,0.4999590776,0.007402847103,0.9925971529,184.241509,55.31652683,0.05773785929,0.0173351698,-0.0166652148,0.0513355544
synthetic_20250706,synthetic,2025-07-06,adapted,58,0.01764770014,22.569471,-0.1655513025,0.02740723377,0.002715694295,0.9972843057,184.2689162,56.31381114,0.0577464482,0.01764770014,-0.01635268446,0.05164808474
synthetic_20250706,synthetic,2025-07-06,adapted,59,0.01795904424,22.4361958,-0.7631947755,0.5824662653,0.006500965039,0.993499035,184.8513825,57.30731017,0.05792898229,0.01795904424,-0.01604134036,0.05195942884
synthetic_20250706,synthetic,2025-07-06,adapted,60,0.01827136726,22.38615996,-2.00626948,4.025117228,0.003377239339,0.9966227607,188.8764997,58.30393294,0.0591903791,0.01827136726,-0.01572901734,0.05227175186
synthetic_20250706,synthetic,2025-07-06,adapted,61,0.01858222612,22.31219493,3.516166435,12.3634264,0.008049379128,0.9919506209,201.2399261,59.29588356,0.06306484679,0.01858222612,-0.01541815848,0.05258261072
synthetic_20250706,synthetic,2025-07-06,adapted,62,0.01889541445,22.24931021,-1.521366023,2.314554576,0.0006160582774,0.9993839417,203.5544807,60.2952675,0.06379018511,0.01889541445,-0.01510497015,0.05289579905
synthetic_20250706,synthetic,2025-07-06,adapted,63,0.01920722378,22.19427455,1.928408352,3.718758771,0.00501642451,0.9949835755,207.2732395,61.29025107,0.06495557488,0.01920722378,-0.01479316082,0.05320760838
synthetic_20250706,synthetic,2025-07-06,adapted,64,0.01951928681,22.09662605,0.4379453723,0.1917961492,0.004206865922,0.9957931341,207.4650356,62.28604421,0.06501568023,0.01951928681,-0.01448109779,0.05351967141
synthetic_20250706,synthetic,2025-07-06,adapted,65,0.01983150093,22.0268675,-0.6574242795,0.4322066833,0.003724728315,0.9962752717,207.8972423,63.28231948,0.06515112576,0.01983150093,-0.01416888367,0.05383188553
synthetic_20250706,synthetic,2025-07-06,adapted,66,0.02014401026,21.86151017,2.07524908,4.306658744,0.002782742981,0.997217257,212.203901,64.27953674,0.06650075244,0.02014401026,-0.01385637434,0.05414439486
synthetic_20250706,synthetic,2025-07-06,adapted,67,0.02045692369,21.80163668,-0.9323224537,0.8692251576,0.001493253047,0.998506747,213.0731262,65.27804348,0.06677315142,0.02045692369,-0.01354346091,0.05445730829
synthetic_20250706,synthetic,2025-07-06,adapted,68,0.02076770607,21.72680415,1.307279177,1.708978846,0.008293407648,0.9917065924,214.782105,66.26975008,0.06730871358,0.02076770607,-0.01323267853,0.05476809067
synthetic_20250706,synthetic,2025-07-06,adapted,69,0.0210798197,21.58086999,2.508925695,6.294708142,0.004045425216,0.9959545748,221.0768132,67.26570465,0.06928135794,0.0210798197,-0.0129205649,0.0550802043
synthetic_20250706,synthetic,2025-07-06,adapted,70,0.02138960746,21.52583146,-0.3321898236,0.1103500789,0.01146723338,0.9885327666,221.1871633,68.25423742,0.0693159396,0.02138960746,-0.01261077714,0.05538999206
synthetic_20250706,synthetic,2025-07-06,adapted,71,0.02170268049,21.48868088,-1.516174968,2.298786533,0.0009839742786,0.9990160257,223.4859498,69.25325344,0.0700363365,0.02170268049,-0.01229770411,0.05570306509
synthetic_20250706,synthetic,2025-07-06,adapted,72,0.02201410905,21.41080002,0.5626887039,0.3166185775,0.006231468193,0.9937685318,223.8025684,70.24702197,0.07013555887,0.02201410905,-0.01198627555,0.05601449365
synthetic_20250706,synthetic,2025-07-06,adapted,73,0.02232690457,21.36879168,1.29836654,1.685755671,0.001869479027,0.998130521,225.488324,71.2451525,0.07066384332,0.02232690457,-0.01167348003,0.05632728917
synthetic_20250706,synthetic,2025-07-06,adapted,74,0.02263789033,21.29791815,-1.207220994,1.457382527,0.007644436858,0.9923555631,226.9457066,72.23750806,0.07112055988,0.02263789033,-0.01136249427,0.05663827494
synthetic_20250706,synthetic,2025-07-06,adapted,75,0.02295037884,21.26580416,0.6788738192,0.4608696624,0.00284918611,0.9971508139,227.4065762,73.23465887,0.07126498785,0.02295037884,-0.01105000576,0.05695076344
synthetic_20250706,synthetic,2025-07-06,adapted,76,0.0232583414,21.18201308,-0.4147468502,0.1720149498,0.01729146092,0.9827085391,227.5785912,74.21736741,0.07131889413,0.0232583414,-0.0107420432,0.057258726
synthetic_20250706,synthetic,2025-07-06,adapted,77,0.02356837657,21.06575875,-1.661354584,2.760099053,0.01067776725,0.9893222327,230.3386902,75.20668964,0.0721838578,0.02356837657,-0.01043200803,0.05756876117
synthetic_20250706,synthetic,2025-07-06,adapted,78,0.02388117739,20.99682819,-1.353357994,1.83157786,0.001852595845,0.9981474042,232.1702681,76.20483705,0.0727578402,0.02388117739,-0.01011920721,0.05788156199
synthetic_20250706,synthetic,2025-07-06,adapted,79,0.02419348312,20.89019824,1.823090265,3.323658116,0.003432401574,0.9965675984,235.4939262,77.20140465,0.07379941279,0.02419348312,-0.009806901477,0.05819386772
synthetic_20250706,synthetic,2025-07-06,adapted,80,0.02450345309,20.83863482,2.296932819,5.275900377,0.01088584203,0.989114158,240.7698266,78.19051881,0.07545278175,0.02450345309,-0.009496931512,0.05850383769
synthetic_20250706,synthetic,2025-07-06,adapted,81,0.024815699,20.75764624,0.8682554319,0.7538674951,0.003623304429,0.9963766956,241.5236941,79.1868955,0.07568902979,0.024815699,-0.009184685603,0.0588160836
synthetic_20250706,synthetic,2025-07-06,adapted,82,0.02512901012,20.71854692,-1.39693917,1.951439045,0.0002242018567,0.9997757981,243.4751331,80.1866713,0.07630057447,0.02512901012,-0.008871374478,0.05912939472
synthetic_20250706,synthetic,2025-07-06,adapted,83,0.02544188328,20.70134413,-0.6888808299,0.4745567978,0.001621736375,0.9983782636,243.9496899,81.18504956,0.07644929173,0.02544188328,-0.008558501315,0.05944226789
synthetic_20250706,synthetic,2025-07-06,adapted,84,0.02575474688,20.5205913,0.103151594,0.01064025135,0.001652263001,0.998347737,243.9603302,82.1833973,0.07645262619,0.02575474688,-0.008245637719,0.05975513148
synthetic_20250706,synthetic,2025-07-06,adapted,85,0.0260676222,20.46828755,0.620841675,0.3854443855,0.001614874501,0.9983851255,244.3457746,83.18178242,0.07657341728,0.0260676222,-0.007932762405,0.0600680068
synthetic_20250706,synthetic,2025-07-06,adapted,86,0.02637708403,20.42000979,0.2543803104,0.06470934233,0.01250728,0.98749272,244.4104839,84.16927514,0.07659369599,0.02637708403,-0.007623300569,0.06037746863
synthetic_20250706,synthetic,2025-07-06,adapted,87,0.02669025369,20.40154305,1.624369002,2.638574655,0.0006756060752,0.9993243939,247.0490586,85.16859954,0.07742057617,0.02669025369,-0.007310130906,0.06069063829
synthetic_20250706,synthetic,2025-07-06,adapted,88,0.02698713571,20.34284676,0.4652919326,0.2164965825,0.05264947608,0.9473505239,247.2655551,86.11595006,0.07748842217,0.02698713571,-0.007013248886,0.06098752031
synthetic_20250706,synthetic,2025-07-06,adapted,89,0.02729789167,20.30515305,1.631448839,2.661625315,0.008377745687,0.9916222543,249.9271804,87.10757232,0.07832252599,0.02729789167,-0.006702492931,0.06129827627
synthetic_20250706,synthetic,2025-07-06,adapted,90,0.02760535091,20.2496804,0.1771685499,0.03138869508,0.01889757542,0.9811024246,249.9585691,88.08867474,0.07833236263,0.02760535091,-0.006395033694,0.06160573551
synthetic_20250706,synthetic,2025-07-06,adapted,91,0.02791821238,20.1626751,-1.593271526,2.538514157,0.001659021554,0.9983409784,252.4970833,89.08701572,0.07912788571,0.02791821238,-0.006082172215,0.06191859699
synthetic_20250706,synthetic,2025-07-06,adapted,92,0.02822691648,20.13778495,0.698856732,0.4884007319,0.01492522554,0.9850747745,252.985484,90.07209049,0.07928094141,0.02822691648,-0.005773468118,0.06222730108
synthetic_20250706,synthetic,2025-07-06,adapted,93,0.02852490141,20.05295138,1.903398023,3.622924035,0.04913010523,0.9508698948,256.6084081,91.02296039,0.08041629836,0.02852490141,-0.005475483193,0.06252528601
synthetic_20250706,synthetic,2025-07-06,adapted,94,0.02883139357,19.99337629,-2.790913382,7.789197508,0.02198349951,0.9780165005,264.3976056,92.00097689,0.08285728786,0.02883139357,-0.005168991028,0.06283177817
synthetic_20250706,synthetic,2025-07-06,adapted,95,0.02913733666,19.97538678,-0.4202561751,0.1766152527,0.02373560847,0.9762643915,264.5742208,92.97724128,0.0829126358,0.02913733666,-0.004863047941,0.06313772126
synthetic_20250706,synthetic,2025-07-06,adapted,96,0.02945043609,19.91120669,-1.514879023,2.294858454,0.0008997058838,0.9991002941,266.8690793,93.97634158,0.08363180172,0.02945043609,-0.004549948506,0.06345082069
synthetic_20250706,synthetic,2025-07-06,adapted,97,0.02975786972,19.81434281,0.276850093,0.07664597398,0.01897929771,0.9810207023,266.9457253,94.95736228,0.08365582114,0.02975786972,-0.00424251488,0.06375825432
synthetic_20250706,synthetic,2025-07-06,adapted,98,0.030060416,19.79584785,0.6887960394,0.4744399839,0.03457482486,0.9654251751,267.4201652,95.92278745,0.0838045018,0.030060416,-0.003939968601,0.0640608006
synthetic_20250706,synthetic,2025-07-06,adapted,99,0.03037178032,19.76283556,-2.401016235,5.76487896,0.006436448303,0.9935635517,273.1850442,96.916351,0.08561110755,0.03037178032,-0.003628604279,0.06437216492
synthetic_20250706,synthetic,2025-07-06,adapted,100,0.03067249458,19.64509621,1.947616993,3.793211951,0.04042080119,0.9595791988,276.9782562,97.8759302,0.08679982957,0.03067249458,-0.003327890021,0.06467287918
synthetic_20250706,synthetic,2025-07-06,adapted,101,0.03098101893,19.62061338,-1.157012078,1.338676949,0.01549879699,0.984501203,278.3169331,98.86043141,0.087219346,0.03098101893,-0.00301936567,0.06498140353
synthetic_20250706,synthetic,2025-07-06,adapted,102,0.03129371338,19.57090236,1.525314908,2.326585568,0.002192014991,0.997807985,280.6435187,99.85823939,0.08794845461,0.03129371338,-0.002706671222,0.06529409798
synthetic_20250706,synthetic,2025-07-06,adapted,103,0.03160268844,19.54041869,-0.7515929325,0.5648919362,0.01406057402,0.985939426,281.2084106,100.8441788,0.08812548123,0.03160268844,-0.002397696159,0.06560307304
synthetic_20250706,synthetic,2025-07-06,adapted,104,0.03189217251,19.46948371,1.369164626,1.874611774,0.07625634316,0.9237436568,283.0830224,101.7679225,0.08871294966,0.03189217251,-0.002108212092,0.06589255711
synthetic_20250706,synthetic,2025-07-06,adapted,105,0.03220235074,19.4475604,-0.05943032303,0.003531963295,0.01022125869,0.9897787413,283.0865543,102.7577012,0.08871405652,0.03220235074,-0.001798033859,0.06620273534
synthetic_20250706,synthetic,2025-07-06,adapted,106,0.03250762926,19.42187979,0.4816078294,0.2319461013,0.02585623333,0.9741437667,283.3185004,103.731845,0.08878674411,0.03250762926,-0.001492755336,0.06650801386
synthetic_20250706,synthetic,2025-07-06,adapted,107,0.03281894287,19.39681314,-1.511726473,2.285316929,0.006598281477,0.9934017185,285.6038174,104.7252467,0.08950291989,0.03281894287,-0.001181441729,0.06681932747
synthetic_20250706,synthetic,2025-07-06,adapted,108,0.03313053605,19.34006008,-0.5524399766,0.3051899277,0.005706160388,0.9942938396,285.9090073,105.7195405,0.08959856073,0.03313053605,-0.0008698485488,0.06713092065
synthetic_20250706,synthetic,2025-07-06,adapted,109,0.03344318104,19.28217413,-0.7716199418,0.5953973346,0.002349826653,0.9976501733,286.5044046,106.7171907,0.08978514717,0.03344318104,-0.0005572035556,0.06744356564
synthetic_20250706,synthetic,2025-07-06,adapted,110,0.03374869818,19.26044567,0.7378750986,0.5444596611,0.02509480773,0.9749051923,287.0488643,107.6920959,0.0899557707,0.03374869818,-0.000251686416,0.06774908278
synthetic_20250706,synthetic,2025-07-06,adapted,111,0.03405230936,19.235796,-3.405133598,11.59493482,0.03117673048,0.9688232695,298.6437991,108.6609192,0.09358940743,0.03405230936,5.192476214e-05,0.06805269396
synthetic_20250706,synthetic,2025-07-06,adapted,112,0.03435789227,19.18204808,0.7986666313,0.6378683879,0.02488492967,0.9751150703,299.2816675,109.6360342,0.09378930351,0.03435789227,0.0003575076736,0.06835827687
synthetic_20250706,synthetic,2025-07-06,adapted,113,0.03466993317,19.10250925,0.162645789,0.02645365269,0.004277501261,0.9957224987,299.3081212,110.6317567,0.09379759359,0.03466993317,0.0006695485694,0.06867031777
synthetic_20250706,synthetic,2025-07-06,adapted,114,0.03498295153,19.07841787,-0.9104343228,0.8288906562,0.001158417583,0.9988415824,300.1370118,111.6305983,0.09405735249,0.03498295153,0.0009825669281,0.06898333613
synthetic_20250706,synthetic,2025-07-06,adapted,115,0.03529590828,19.05443406,1.768634202,3.128066941,0.001354993654,0.9986450063,303.2650787,112.6292433,0.09503763044,0.03529590828,0.001295523683,0.06929629288
synthetic_20250706,synthetic,2025-07-06,adapted,116,0.03560885598,19.02787225,0.585814583,0.3431787257,0.001383888724,0.9986161113,303.6082575,113.6278594,0.09514517627,0.03560885598,0.001608471384,0.06960924058
synthetic_20250706,synthetic,2025-07-06,adapted,117,0.03592204954,18.97066976,0.8036989675,0.6459320304,0.0005993566989,0.9994006433,304.2541895,114.6272601,0.09534759934,0.03592204954,0.001921664942,0.06992243414
synthetic_20250706,synthetic,2025-07-06,adapted,118,0.03623476783,18.9518876,0.718410806,0.5161140861,0.002115939175,0.9978840608,304.7703036,115.6251441,0.09550933989,0.03623476783,0.002234383231,0.07023515243
synthetic_20250706,synthetic,2025-07-06,adapted,119,0.03654789858,18.90811322,-0.1788459619,0.03198587809,0.0007997643991,0.9992002356,304.8022895,116.6243444,0.09551936367,0.03654789858,0.002547513985,0.07054828319
synthetic_20250706,synthetic,2025-07-06,adapted,120,0.03686005099,18.87111521,-0.4042215778,0.163395084,0.003921680349,0.9960783197,304.9656846,117.6204227,0.09557056865,0.03686005099,0.002859666388,0.07086043559
synthetic_20250706,synthetic,2025-07-06,adapted,121,0.03716511857,18.83631099,-0.3412163544,0.1164286005,0.02652933423,0.9734706658,305.0821132,118.5938934,0.0956070552,0.03716511857,0.003164733974,0.07116550317
synthetic_20250706,synthetic,2025-07-06,adapted,122,0.03747828819,18.79573986,-0.5718916372,0.3270600447,0.0006757492255,0.9993242508,305.4091732,119.5932176,0.09570954973,0.03747828819,0.003477903592,0.07147867279
synthetic_20250706,synthetic,2025-07-06,adapted,123,0.0377900078,18.76777917,2.404300599,5.780661372,0.00530274181,0.9946972582,311.1898346,120.5879149,0.0975211014,0.0377900078,0.003789623196,0.0717903924
synthetic_20250706,synthetic,2025-07-06,adapted,124,0.03810243278,18.6904177,-0.6717604314,0.4512620771,0.003051871282,0.9969481287,311.6410966,121.584863,0.09766251854,0.03810243278,0.004102048182,0.07210281738
synthetic_20250706,synthetic,2025-07-06,adapted,125,0.0384143999,18.6721078,1.838791981,3.381155948,0.004512941209,0.9954870588,315.0222526,122.5803501,0.09872210987,0.0384143999,0.004414015295,0.0724147845
synthetic_20250706,synthetic,2025-07-06,adapted,126,0.03872727216,18.65228198,0.2467943758,0.06090746391,0.001624602636,0.9983753974,315.0831601,123.5787255,0.09874119714,0.03872727216,0.00472688756,0.07272765676
synthetic_20250706,synthetic,2025-07-06,adapted,127,0.0390381768,18.61610787,1.142554124,1.305429926,0.007903309575,0.9920966904,316.38859,124.5708222,0.09915029457,0.0390381768,0.005037792195,0.0730385614
synthetic_20250706,synthetic,2025-07-06,adapted,128,0.03934161049,18.61177458,0.7815403038,0.6108052465,0.03174308907,0.9682569109,316.9993952,125.5390791,0.09934170957,0.03934161049,0.005341225887,0.07334199509
synthetic_20250706,synthetic,2025-07-06,adapted,129,0.03965397823,18.53145273,-1.33288425,1.776580423,0.003234546083,0.9967654539,318.7759757,126.5358445,0.0998984568,0.03965397823,0.005653593626,0.07365436283
synthetic_20250706,synthetic,2025-07-06,adapted,130,0.03996715796,18.50327523,2.100736859,4.41309535,0.0006434760028,0.999356524,323.189071,127.535201,0.1012814387,0.03996715796,0.005966773357,0.07396754256
synthetic_20250706,synthetic,2025-07-06,adapted,131,0.04028028247,18.49484513,-0.3594214892,0.1291838069,0.0008196815952,0.9991803184,323.3182548,128.5343814,0.1013219225,0.04028028247,0.00627989787,0.07428066707
synthetic_20250706,synthetic,2025-07-06,adapted,132,0.04059147812,18.42847705,-1.157029213,1.3387166,0.006974668557,0.9930253314,324.6569714,129.5274067,0.1017414514,0.04059147812,0.006591093523,0.07459186272
synthetic_20250706,synthetic,2025-07-06,adapted,133,0.04090253072,18.42220884,1.885560852,3.555339725,0.00743117193,0.9925688281,328.2123111,130.5199755,0.1028556287,0.04090253072,0.006902146118,0.07490291532
synthetic_20250706,synthetic,2025-07-06,adapted,134,0.04121302805,18.41602941,0.685980317,0.4705689954,0.00920301761,0.9907969824,328.6828801,131.5107725,0.1030030962,0.04121302805,0.007212643448,0.07521341265
synthetic_20250706,synthetic,2025-07-06,adapted,135,0.04152363353,18.3820531,0.5754668223,0.3311620635,0.008857916302,0.9911420837,329.0140422,132.5019146,0.1031068763,0.04152363353,0.007523248927,0.07552401813
synthetic_20250706,synthetic,2025-07-06,adapted,136,0.04183281858,18.34894835,0.644533599,0.4154235602,0.01339050421,0.9866094958,329.4294658,133.4885241,0.1032370623,0.04183281858,0.007832433978,0.07583320318
synthetic_20250706,synthetic,2025-07-06,adapted,137,0.04214131939,18.28327026,0.6386040076,0.4078150785,0.01557391823,0.9844260818,329.8372808,134.4729502,0.1033648639,0.04214131939,0.008140934787,0.07614170399
synthetic_20250706,synthetic,2025-07-06,adapted,138,0.04245104142,18.26739266,-2.241673466,5.025099928,0.01167697982,0.9883230202,334.8623808,135.4612732,0.1049396367,0.04245104142,0.008450656824,0.07645142602
synthetic_20250706,synthetic,2025-07-06,adapted,139,0.04276410459,18.22675805,-1.442458365,2.080686136,0.001015431688,0.9989845683,336.9430669,136.4602578,0.105591685,0.04276410459,0.008763719992,0.07676448919
synthetic_20250706,synthetic,2025-07-06,adapted,140,0.04307499111,18.19776396,2.35716728,5.556237586,0.007961127625,0.9920388724,342.4993045,137.4522966,0.1073329065,0.04307499111,0.009074606508,0.07707537571
synthetic_20250706,synthetic,2025-07-06,adapted,141,0.04338784545,18.15860534,0.9583717562,0.9184764231,0.001681783117,0.9983182169,343.4177809,138.4506148,0.1076207399,0.04338784545,0.009387460853,0.07738823005
synthetic_20250706,synthetic,2025-07-06,adapted,142,0.04369418958,18.14348676,1.354135109,1.833681892,0.02245589124,0.9775441088,345.2514628,139.428159,0.1081953816,0.04369418958,0.00969380498,0.07769457418
synthetic_20250706,synthetic,2025-07-06,adapted,143,0.04400739517,18.08617332,0.8045774667,0.6473448999,0.0005609503724,0.9994390496,345.8988077,140.427598,0.1083982475,0.04400739517,0.01000701057,0.07800777977
synthetic_20250706,synthetic,2025-07-06,adapted,144,0.044320558,18.07991902,-0.4320450185,0.186662898,0.0006974229111,0.9993025771,346.0854706,141.4269006,0.1084567442,0.044320558,0.0103201734,0.0783209426
synthetic_20250706,synthetic,2025-07-06,adapted,145,0.04463283437,18.05428149,0.9700540257,0.9410048128,0.003526110278,0.9964738897,347.0264754,142.4233745,0.1087516375,0.04463283437,0.01063244977,0.07863321897
synthetic_20250706,synthetic,2025-07-06,adapted,146,0.0449418937,18.02735819,0.167080061,0.02791574677,0.01379167121,0.9862083288,347.0543912,143.4095828,0.1087603858,0.0449418937,0.0109415091,0.0789422783
synthetic_20250706,synthetic,2025-07-06,adapted,147,0.04525460204,18.0025455,-2.781235741,7.735272244,0.00214767307,0.9978523269,354.7896634,144.4074351,0.1111844762,0.04525460204,0.01125421744,0.07925498664
synthetic_20250706,synthetic,2025-07-06,adapted,148,0.04556757246,17.96458209,-0.5805308786,0.337016101,0.001311409373,0.9986885906,355.1266795,145.4061237,0.1112900907,0.04556757246,0.01156718786,0.07956795706
synthetic_20250706,synthetic,2025-07-06,adapted,149,0.04588087297,17.92135051,2.173218864,4.722880229,0.0002580515865,0.9997419484,359.8495597,146.4058657,0.1127701535,0.04588087297,0.01188048837,0.07988125757
synthetic_20250706,synthetic,2025-07-06,adapted,150,0.04619151331,17.84473077,-1.735983505,3.013638731,0.008746688472,0.9912533115,362.8631985,147.397119,0.1137145718,0.04619151331,0.01219112871,0.08019189791
synthetic_20250706,synthetic,2025-07-06,adapted,151,0.04650406411,17.83402451,1.220186032,1.488853954,0.002650413125,0.9973495869,364.3520524,148.3944686,0.1141811509,0.04650406411,0.01250367951,0.08050444871
synthetic_20250706,synthetic,2025-07-06,adapted,152,0.04681656404,17.81597542,-0.5446217749,0.2966128777,0.002812697335,0.9971873027,364.6486653,149.3916559,0.1142741038,0.04681656404,0.01281617944,0.08081694864
synthetic_20250706,synthetic,2025-07-06,adapted,153,0.04712893806,17.8063313,-0.5654748867,0.3197618475,0.003214522514,0.9967854775,364.9684271,150.3884413,0.1143743112,0.04712893806,0.01312855346,0.08112932266
synthetic_20250706,synthetic,2025-07-06,adapted,154,0.04744150239,17.77457487,1.447721799,2.095898407,0.002607203366,0.9973927966,367.0643255,151.3858341,0.1150311268,0.04744150239,0.01344111779,0.08144188699
synthetic_20250706,synthetic,2025-07-06,adapted,155,0.04775470859,17.74174334,0.2345003739,0.05499042538,0.0005590274758,0.9994409725,367.119316,152.3852751,0.1150483598,0.04775470859,0.01375432399,0.08175509319
synthetic_20250706,synthetic,2025-07-06,adapted,156,0.04806757872,17.70353953,2.419090983,5.852001183,0.001631427776,0.9983685722,372.9713172,153.3836437,0.116882268,0.04806757872,0.01406719412,0.08206796332
synthetic_20250706,synthetic,2025-07-06,adapted,157,0.04838058648,17.67999513,-0.572204411,0.327417888,0.00119223285,0.9988077671,373.298735,154.3824514,0.1169848747,0.04838058648,0.01438020188,0.08238097108
synthetic_20250706,synthetic,2025-07-06,adapted,158,0.04869388633,17.65764733,0.314497387,0.09890860644,0.000260156322,0.9997398437,373.3976437,155.3821913,0.1170158708,0.04869388633,0.01469350173,0.08269427093
synthetic_20250706,synthetic,2025-07-06,adapted,159,0.04900671989,17.60061256,1.454538653,2.115682693,0.001748117566,0.9982518824,375.5133263,156.3804432,0.1176788864,0.04900671989,0.01500633529,0.08300710449
synthetic_20250706,synthetic,2025-07-06,adapted,160,0.04931869709,17.58797196,0.7764941288,0.602943132,0.004480772375,0.9955192276,376.1162695,157.3759624,0.1178678375,0.04931869709,0.01531831249,0.08331908169
synthetic_20250706,synthetic,2025-07-06,adapted,161,0.04963083561,17.5406286,1.815094212,3.294566997,0.003965965869,0.9960340341,379.4108365,158.3719964,0.1189002935,0.04963083561,0.01563045101,0.08363122021
synthetic_20250706,synthetic,2025-07-06,adapted,162,0.04994412872,17.50786906,-1.03782521,1.077081167,0.0002816843503,0.9997183156,380.4879176,159.3717148,0.1192378307,0.04994412872,0.01594374412,0.08394451332
synthetic_20250706,synthetic,2025-07-06,adapted,163,0.05025590582,17.49852738,0.4728330388,0.2235710826,0.00511928041,0.9948807196,380.7114887,160.3665955,0.1193078937,0.05025590582,0.01625552122,0.08425629042
synthetic_20250706,synthetic,2025-07-06,adapted,164,0.05056855194,17.44986697,-1.124577868,1.264675381,0.00234621803,0.997653782,381.9761641,161.3642493,0.1197042194,0.05056855194,0.01656816734,0.08456893654
synthetic_20250706,synthetic,2025-07-06,adapted,165,0.0508810284,17.42416998,2.780396406,7.730604172,0.002887617964,0.997112382,389.7067683,162.3613616,0.1221268468,0.0508810284,0.0168806438,0.084881413
synthetic_20250706,synthetic,2025-07-06,adapted,166,0.05119417444,17.37040755,-0.633109258,0.4008273326,0.0007510131882,0.9992489868,390.1075956,163.3606106,0.1222524587,0.05119417444,0.01719378984,0.08519455904
synthetic_20250706,synthetic,2025-07-06,adapted,167,0.05150684053,17.3508009,0.669861684,0.4487146758,0.002282481342,0.9977175187,390.5563103,164.3583281,0.1223930775,0.05150684053,0.01750645593,0.08550722513
synthetic_20250706,synthetic,2025-07-06,adapted,168,0.05182010866,17.32359444,2.838695631,8.058192885,0.0003613944743,0.9996386055,398.6145032,165.3579667,0.1249183651,0.05182010866,0.01781972406,0.08582049326
synthetic_20250706,synthetic,2025-07-06,adapted,169,0.05213278405,17.29091366,1.430747684,2.047038934,0.002252850699,0.9977471493,400.6615421,166.3557139,0.125559869,0.05213278405,0.01813239945,0.08613316865
synthetic_20250706,synthetic,2025-07-06,adapted,170,0.05244495028,17.2649751,0.04931670951,0.002432137837,0.003877541047,0.996122459,400.6639742,167.3518364,0.1255606312,0.05244495028,0.01844456568,0.08644533488
synthetic_20250706,synthetic,2025-07-06,adapted,171,0.05275795937,17.23998764,1.157957847,1.340866376,0.001188011608,0.9988119884,402.0048406,168.3506483,0.1259808338,0.05275795937,0.01875757477,0.08675834397
synthetic_20250706,synthetic,2025-07-06,adapted,172,0.05307079587,17.21282433,0.05874363249,0.003450814358,0.001738722109,0.9982612779,402.0082914,169.3489096,0.1259819152,0.05307079587,0.01907041127,0.08707118047
synthetic_20250706,synthetic,2025-07-06,adapted,173,0.05338376635,17.19005492,-0.4984979659,0.2485002221,0.001311192001,0.998688808,402.2567917,170.3475984,0.1260597906,0.05338376635,0.01938338175,0.08738415095
synthetic_20250706,synthetic,2025-07-06,adapted,174,0.05369580607,17.18842828,-0.2108916044,0.04447526882,0.004281252774,0.9957187472,402.3012669,171.3433172,0.1260737283,0.05369580607,0.01969542147,0.08769619067
synthetic_20250706,synthetic,2025-07-06,adapted,175,0.05400870835,17.17969037,-1.362926451,1.857568511,0.001528848067,0.9984711519,404.1588354,172.3417883,0.1266558557,0.05400870835,0.02000832374,0.08800909295
synthetic_20250706,synthetic,2025-07-06,adapted,176,0.054321658,17.12393196,-2.415192738,5.833155962,0.001377656906,0.9986223431,409.9919914,173.3404107,0.1284838582,0.054321658,0.0203212734,0.0883220426
synthetic_20250706,synthetic,2025-07-06,adapted,177,0.05463473788,17.07708623,-1.882365317,3.543299186,0.0009620943405,0.9990379057,413.5352906,174.3394486,0.1295942622,0.05463473788,0.02063435328,0.08863512248
synthetic_20250706,synthetic,2025-07-06,adapted,178,0.05494740142,17.03797813,-0.8376070271,0.7015855318,0.002290651293,0.9977093487,414.2368761,175.3371579,0.129814126,0.05494740142,0.02094701682,0.08894778602
synthetic_20250706,synthetic,2025-07-06,adapted,179,0.05526057267,17.00495898,0.8828618453,0.7794450378,0.000670550822,0.9993294492,415.0163212,176.3364874,0.1300583896,0.05526057267,0.02126018807,0.08926095727
synthetic_20250706,synthetic,2025-07-06,adapted,180,0.05557378665,16.97229307,1.705038833,2.907157422,0.0005341824475,0.9994658176,417.9234786,177.3359532,0.1309694386,0.05557378665,0.02157340205,0.08957417125
synthetic_20250706,synthetic,2025-07-06,adapted,181,0.05588669971,16.95739871,0.3151521698,0.0993208901,0.001494430333,0.9985055697,418.0227995,178.3344588,0.1310005639,0.05588669971,0.02188631511,0.08988708431
synthetic_20250706,synthetic,2025-07-06,adapted,182,0.0561998579,16.94367543,2.03259558,4.131444791,0.0007122118414,0.9992877882,422.1542443,179.3337466,0.1322952818,0.0561998579,0.0221994733,0.0902002425
synthetic_20250706,synthetic,2025-07-06,adapted,183,0.05651290742,16.88784857,1.345581642,1.810589956,0.001058962313,0.9989410377,423.9648342,180.3326876,0.132862687,0.05651290742,0.02251252282,0.09051329202
synthetic_20250706,synthetic,2025-07-06,adapted,184,0.05682546634,16.88259429,0.3001025634,0.09006154857,0.00262451071,0.9973754893,424.0548958,181.3300631,0.1328909106,0.05682546634,0.02282508174,0.09082585094
synthetic_20250706,synthetic,2025-07-06,adapted,185,0.05713869553,16.86714468,-0.8372277736,0.700950345,0.0004856450579,0.9995143549,424.7558461,182.3295774,0.1331105754,0.05713869553,0.02313831093,0.09113908013
synthetic_20250706,synthetic,2025-07-06,adapted,186,0.0574519205,16.84247859,0.7190997828,0.5171044976,0.0004991090956,0.9995008909,425.2729506,183.3290783,0.1332726263,0.0574519205,0.0234515359,0.0914523051
synthetic_20250706,synthetic,2025-07-06,adapted,187,0.05776491485,16.826167,1.978598747,3.914853002,0.001235024133,0.9987649759,429.1878036,184.3278433,0.1344994684,0.05776491485,0.02376453025,0.09176529945
synthetic_20250706,synthetic,2025-07-06,adapted,188,0.05807784763,16.81103985,-1.185941626,1.406457541,0.001431509489,0.9985684905,430.5942611,185.3264118,0.134940226,0.05807784763,0.02407746303,0.09207823223
synthetic_20250706,synthetic,2025-07-06,adapted,189,0.05839101176,16.7970275,-1.63876451,2.68554912,0.000693251765,0.9993067482,433.2798103,186.3257185,0.1357818271,0.05839101176,0.02439062716,0.09239139636
synthetic_20250706,synthetic,2025-07-06,adapted,190,0.05870332487,16.77361646,1.505679016,2.267069299,0.003408864483,0.9965911355,435.5468796,187.3223097,0.1364922844,0.05870332487,0.02470294027,0.09270370947
synthetic_20250706,synthetic,2025-07-06,adapted,191,0.05901639518,16.7111038,1.217081921,1.481288402,0.0009926395287,0.9990073605,437.028168,188.321317,0.1369564926,0.05901639518,0.02501601058,0.09301677978
synthetic_20250706,synthetic,2025-07-06,adapted,192,0.05932840599,16.69818887,0.8341786111,0.6958539551,0.004373521758,0.9956264782,437.7240219,189.3169435,0.1371745603,0.05932840599,0.02532802139,0.09332879059
synthetic_20250706,synthetic,2025-07-06,adapted,193,0.05964117592,16.68329333,2.095192282,4.389830699,0.001951152249,0.9980488478,442.1138526,190.3149924,0.1385502515,0.05964117592,0.02564079132,0.09364156052
synthetic_20250706,synthetic,2025-07-06,adapted,194,0.05995275809,16.65143161,-0.2203552325,0.04855642851,0.00574128383,0.9942587162,442.162409,191.3092511,0.1385654682,0.05995275809,0.02595237349,0.09395314269
synthetic_20250706,synthetic,2025-07-06,adapted,195,0.06026553449,16.64439122,-0.1288066081,0.01659114228,0.001930509719,0.9980694903,442.1790002,192.3073206,0.1385706676,0.06026553449,0.02626514989,0.09426591909
synthetic_20250706,synthetic,2025-07-06,adapted,196,0.06057857379,16.61716834,-0.8921353363,0.7959054582,0.001091611672,0.9989083883,442.9749056,193.306229,0.1388200895,0.06057857379,0.02657818919,0.09457895839
synthetic_20250706,synthetic,2025-07-06,adapted,197,0.06089151759,16.59672678,-2.591124327,6.713925278,0.001396333719,0.9986036663,449.6888309,194.3048326,0.1409241087,0.06089151759,0.02689113299,0.09489190219
synthetic_20250706,synthetic,2025-07-06,adapted,198,0.06120454848,16.57149631,-1.393740206,1.942511761,0.00111842711,0.9988815729,451.6313427,195.3037142,0.1415328557,0.06120454848,0.02720416388,0.09520493308
synthetic_20250706,synthetic,2025-07-06,adapted,199,0.06151724762,16.54807929,1.030520151,1.061971782,0.002177053701,0.9978229463,452.6933145,196.3015371,0.1418656579,0.06151724762,0.02751686302,0.09551763222
synthetic_20250706,synthetic,2025-07-06,adapted,200,0.06182993415,16.52482581,1.144237818,1.309280184,0.002217255829,0.9977827442,454.0025947,197.2993199,0.142275962,0.06182993415,0.02782954955,0.09583031875
synthetic_20250706,synthetic,2025-07-06,adapted,201,0.06214308584,16.49172289,0.8701101321,0.7570916419,0.0007329577493,0.9992670423,454.7596863,198.2985869,0.1425132204,0.06214308584,0.02814270124,0.09614347044
synthetic_20250706,synthetic,2025-07-06,adapted,202,0.06245589328,16.45875851,0.5548531433,0.3078620106,0.001831467836,0.9981685322,455.0675483,199.2967555,0.1426096986,0.06245589328,0.02845550868,0.09645627788
synthetic_20250706,synthetic,2025-07-06,adapted,203,0.06276904824,16.4523228,1.464472963,2.14468106,0.0007225109834,0.999277489,457.2122294,200.2960329,0.1432818017,0.06276904824,0.02876866364,0.09676943284
synthetic_20250706,synthetic,2025-07-06,adapted,204,0.06308196232,16.4449038,0.7026277597,0.4936857687,0.001491174652,0.9985088253,457.7059151,201.2945418,0.1434365137,0.06308196232,0.02908157772,0.09708234692
synthetic_20250706,synthetic,2025-07-06,adapted,205,0.0633950558,16.40530514,0.6127943471,0.3755169118,0.0009187030066,0.999081297,458.081432,202.2936231,0.1435541937,0.0633950558,0.0293946712,0.0973954404
synthetic_20250706,synthetic,2025-07-06,adapted,206,0.06370839775,16.37934319,-0.3640435959,0.1325277397,0.0001258544437,0.9998741456,458.2139598,203.2934972,0.1435957254,0.06370839775,0.02970801315,0.09770878235
synthetic_20250706,synthetic,2025-07-06,adapted,207,0.06402169825,16.33321077,0.1434653449,0.02058230518,0.000258092138,0.9997419079,458.2345421,204.2932391,0.1436021755,0.06402169825,0.03002131365,0.09802208285
synthetic_20250706,synthetic,2025-07-06,adapted,208,0.0643348346,16.30642102,0.5614168313,0.3151888585,0.0007819254519,0.9992180745,458.549731,205.2924572,0.1437009498,0.0643348346,0.03033445,0.0983352192
synthetic_20250706,synthetic,2025-07-06,adapted,209,0.06464721157,16.28394278,0.3886468981,0.1510464114,0.003205074006,0.996794926,458.7007774,206.2892521,0.143748285,0.06464721157,0.03064682697,0.09864759617
synthetic_20250706,synthetic,2025-07-06,adapted,210,0.06495999022,16.26980763,0.3592724765,0.1290767124,0.001923339163,0.9980766608,458.8298541,207.2873288,0.1437887352,0.06495999022,0.03095960562,0.09896037482
synthetic_20250706,synthetic,2025-07-06,adapted,211,0.06527332768,16.22285271,-2.80129027,7.847227177,0.0001401643572,0.9998598356,466.6770813,208.2871886,0.1462479101,0.06527332768,0.03127294308,0.09927371228
synthetic_20250706,synthetic,2025-07-06,adapted,212,0.06558607832,16.21803701,1.127885548,1.27212581,0.002012694934,0.9979873051,467.9492071,209.2851759,0.1466465707,0.06558607832,0.03158569372,0.09958646292
synthetic_20250706,synthetic,2025-07-06,adapted,213,0.065898014,16.18788776,1.616726337,2.61380405,0.004613236979,0.995386763,470.5630111,210.2805627,0.1474656882,0.065898014,0.0318976294,0.0998983986
synthetic_20250706,synthetic,2025-07-06,adapted,214,0.06621113351,16.17913908,-0.3071655362,0.09435066665,0.0008356666607,0.9991643333,470.6573618,211.279727,0.147495256,0.06621113351,0.03221074891,0.1002115181
synthetic_20250706,synthetic,2025-07-06,adapted,215,0.06652429819,16.13044529,-2.114118394,4.469496586,0.0006914958905,0.9993085041,475.1268584,212.2790355,0.148895913,0.06652429819,0.03252391359,0.1005246828
synthetic_20250706,synthetic,2025-07-06,adapted,216,0.06683747669,16.10723734,-1.835762731,3.370024803,0.0006474183353,0.9993525817,478.4968832,213.2783881,0.149952016,0.06683747669,0.03283709209,0.1008378613
synthetic_20250706,synthetic,2025-07-06,adapted,217,0.067150185,16.09067063,-2.018970721,4.076242772,0.002147762266,0.9978522377,482.5731259,214.2762403,0.1512294346,0.067150185,0.0331498004,0.1011505696
synthetic_20250706,synthetic,2025-07-06,adapted,218,0.06746294779,16.06139052,-0.3553962954,0.1263065268,0.00197393696,0.998026063,482.6994325,215.2742664,0.1512690168,0.06746294779,0.03346256319,0.1014633324
synthetic_20250706,synthetic,2025-07-06,adapted,219,0.06777619151,16.04289062,1.493604123,2.230853278,0.0004393025329,0.9995606975,484.9302857,216.2738271,0.1519681246,0.06777619151,0.03377580691,0.1017765761
synthetic_20250706,synthetic,2025-07-06,adapted,220,0.0680894895,16.02180435,0.9231297649,0.8521685628,0.000266127059,0.9997338729,485.7824543,217.273561,0.1522351784,0.0680894895,0.0340891049,0.1020898741
synthetic_20250706,synthetic,2025-07-06,adapted,221,0.06840275259,16.00449565,1.188708379,1.41302761,0.0003774785769,0.9996225214,487.1954819,218.2731835,0.152677995,0.06840275259,0.03440236799,0.1024031372
synthetic_20250706,synthetic,2025-07-06,adapted,222,0.06871574835,15.99100064,2.623994058,6.885344818,0.001230522896,0.9987694771,494.0808267,219.271953,0.1548357339,0.06871574835,0.03471536375,0.1027161329
synthetic_20250706,synthetic,2025-07-06,adapted,223,0.06902897269,15.983658,1.048914283,1.100221174,0.00050110997,0.99949889,495.1810479,220.2714519,0.1551805227,0.06902897269,0.03502858809,0.1030293573
synthetic_20250706,synthetic,2025-07-06,adapted,224,0.06934149937,15.90450875,2.266238523,5.135837044,0.002727364767,0.9972726352,500.316885,221.2687245,0.1567899984,0.06934149937,0.03534111477,0.103341884
synthetic_20250706,synthetic,2025-07-06,adapted,225,0.06965482951,15.90346422,-0.6034224704,0.3641186778,0.000163526968,0.999836473,500.6810036,222.268561,0.1569041064,0.06965482951,0.03565444491,0.1036552141
synthetic_20250706,synthetic,2025-07-06,adapted,226,0.06996804525,15.88973359,-1.072589064,1.1504473,0.000528585137,0.9994714149,501.8314509,223.2680324,0.1572646352,0.06996804525,0.03596766065,0.1039684298
synthetic_20250706,synthetic,2025-07-06,adapted,227,0.07028000339,15.85397268,-0.3408286626,0.1161641773,0.004541560528,0.9954584395,501.9476151,224.2634908,0.1573010389,0.07028000339,0.03627961879,0.104280388
synthetic_20250706,synthetic,2025-07-06,adapted,228,0.07059252017,15.83507638,-2.637716042,6.95754592,0.002758964813,0.9972410352,508.905161,225.2607319,0.1594814043,0.07059252017,0.03659213557,0.1045929048
synthetic_20250706,synthetic,2025-07-06,adapted,229,0.07090563068,15.82271852,1.734683367,3.009126382,0.0008643776802,0.9991356223,511.9142874,226.2598675,0.1604244085,0.07090563068,0.03690524608,0.1049060153
synthetic_20250706,synthetic,2025-07-06,adapted,230,0.07121748956,15.80526787,-0.5213668832,0.2718234269,0.004858301722,0.9951416983,512.1861108,227.2550092,0.1605095929,0.07121748956,0.03721710496,0.1052178742
synthetic_20250706,synthetic,2025-07-06,adapted,231,0.07153053935,15.80131892,-2.870807395,8.241535097,0.001058111492,0.9989418885,520.4276459,228.2539511,0.1630923366,0.07153053935,0.03753015475,0.105530924
synthetic_20250706,synthetic,2025-07-06,adapted,232,0.07184244295,15.77044132,1.668801434,2.784898226,0.004715623426,0.9952843766,523.2125442,229.2492355,0.1639650718,0.07184244295,0.03784205835,0.1058428275
synthetic_20250706,synthetic,2025-07-06,adapted,233,0.07215518928,15.74573221,-0.1779477911,0.03166541635,0.002026456924,0.9979735431,523.2442096,230.247209,0.1639749952,0.07215518928,0.03815480468,0.1061555739
synthetic_20250706,synthetic,2025-07-06,adapted,234,0.07246821437,15.73107438,-1.06723045,1.138980832,0.001136933354,0.9988630666,524.3831904,231.2460721,0.1643319306,0.07246821437,0.03846782977,0.106468599
synthetic_20250706,synthetic,2025-07-06,adapted,235,0.07278117107,15.70760859,-0.5187433078,0.2690946194,0.001355173668,0.9986448263,524.652285,232.2447169,0.1644162598,0.07278117107,0.03878078647,0.1067815557
synthetic_20250706,synthetic,2025-07-06,adapted,236,0.07309446885,15.68538992,0.4044752133,0.1636001982,0.0002667834344,0.9997332166,524.8158852,233.2444501,0.1644675291,0.07309446885,0.03909408425,0.1070948535
synthetic_20250706,synthetic,2025-07-06,adapted,237,0.07340759296,15.67244976,0.7215804703,0.5206783751,0.0008209691229,0.9991790309,525.3365636,234.2436291,0.1646307,0.07340759296,0.03940720836,0.1074079776
synthetic_20250706,synthetic,2025-07-06,adapted,238,0.07371976748,15.65112803,-0.2521592146,0.06358426952,0.003851117969,0.996148882,525.4001479,235.239778,0.1646506261,0.07371976748,0.03971938288,0.1077201521
synthetic_20250706,synthetic,2025-07-06,adapted,239,0.07403307781,15.63895495,2.609467972,6.809323099,0.0002267278866,0.9997732721,532.209471,236.2395513,0.1667845412,0.07403307781,0.04003269321,0.1080334624
synthetic_20250706,synthetic,2025-07-06,adapted,240,0.07434492912,15.615685,-1.658345569,2.750110027,0.004882454337,0.9951175457,534.959581,237.2346688,0.1676463745,0.07434492912,0.04034454452,0.1083453137
synthetic_20250706,synthetic,2025-07-06,adapted,241,0.07465813598,15.5913287,0.9225293719,0.8510604419,0.0005569175699,0.9994430824,535.8106414,238.2341119,0.167913081,0.07465813598,0.04065775138,0.1086585206
synthetic_20250706,synthetic,2025-07-06,adapted,242,0.07497138497,15.57851966,-0.2660091371,0.070760861,0.0004224774026,0.9995775226,535.8814023,239.2336894,0.1679352561,0.07497138497,0.04097100037,0.1089717696
synthetic_20250706,synthetic,2025-07-06,adapted,243,0.07528459383,15.57182747,-0.89117433,0.7941916865,0.0005505256882,0.9994494743,536.675594,240.2331389,0.168184141,0.07528459383,0.04128420923,0.1092849784
synthetic_20250706,synthetic,2025-07-06,adapted,244,0.07559757494,15.55631266,1.542300089,2.378689563,0.001277281915,0.9987227181,539.0542835,241.2318616,0.168929578,0.07559757494,0.04159719034,0.1095979595
synthetic_20250706,synthetic,2025-07-06,adapted,245,0.07591036411,15.54664352,0.355997131,0.1267339573,0.00188974835,0.9981102517,539.1810175,242.2299719,0.1689692941,0.07591036411,0.04190997951,0.1099107487
synthetic_20250706,synthetic,2025-07-06,adapted,246,0.0762234855,15.52430076,-0.2557273542,0.06539647968,0.0008296536524,0.9991703463,539.246414,243.2291422,0.1689897881,0.0762234855,0.0422231009,0.1102238701
synthetic_20250706,synthetic,2025-07-06,adapted,247,0.07653658665,15.50492167,0.3213171907,0.103244737,0.0008942181497,0.9991057819,539.3496587,244.228248,0.1690221431,0.07653658665,0.04253620205,0.1105369713
synthetic_20250706,synthetic,2025-07-06,adapted,248,0.07684940342,15.49057561,2.298219056,5.28181083,0.001801693122,0.9981983069,544.6314696,245.2264463,0.1706773643,0.07684940342,0.04284901882,0.110849788
synthetic_20250706,synthetic,2025-07-06,adapted,249,0.07716253287,15.44866178,-1.091952213,1.192359636,0.0008039218125,0.9991960782,545.8238292,246.2256424,0.1710510276,0.07716253287,0.04316214827,0.1111629175
synthetic_20250706,synthetic,2025-07-06,adapted,250,0.07747566443,15.42873436,-0.163353862,0.02668448423,0.0007971930174,0.999202807,545.8505137,247.2248452,0.1710593901,0.07747566443,0.04347527983,0.111476049
synthetic_20250706,synthetic,2025-07-06,adapted,251,0.077788211,15.41497012,-1.440597031,2.075319804,0.002663896728,0.9973361033,547.9258335,248.2221813,0.1717097567,0.077788211,0.0437878264,0.1117885956
synthetic_20250706,synthetic,2025-07-06,adapted,252,0.07810143674,15.38189534,1.786948935,3.193186496,0.0004966667495,0.9995033333,551.11902,249.2216846,0.1727104419,0.07810143674,0.04410105214,0.1121018213
synthetic_20250706,synthetic,2025-07-06,adapted,253,0.07841471282,15.36716649,1.777588162,3.159819675,0.0003360448023,0.9996639552,554.2788396,250.2213486,0.1737006705,0.07841471282,0.04441432822,0.1124150974
synthetic_20250706,synthetic,2025-07-06,adapted,254,0.07872793361,15.35021465,-1.199229004,1.438150205,0.0005124397113,0.9994875603,555.7169899,251.2208362,0.17415136,0.07872793361,0.04472754901,0.1127283182
synthetic_20250706,synthetic,2025-07-06,adapted,255,0.07904079391,15.32979773,-1.710000192,2.924100656,0.001662775261,0.9983372247,558.6410905,252.2191734,0.1750677187,0.07904079391,0.04504040931,0.1130411785
synthetic_20250706,synthetic,2025-07-06,adapted,256,0.07935384925,15.29333817,-0.1737078674,0.0301744232,0.001040420946,0.9989595791,558.6712649,253.218133,0.1750771748,0.07935384925,0.04535346465,0.1133542339
synthetic_20250706,synthetic,2025-07-06,adapted,257,0.07966675257,15.28738896,-1.109387607,1.230740862,0.001525501098,0.9984744989,559.9020058,254.2166075,0.1754628661,0.07966675257,0.04566636797,0.1136671372
synthetic_20250706,synthetic,2025-07-06,adapted,258,0.07998002673,15.26959773,1.785467689,3.18789487,0.0003421484164,0.9996578516,563.0899007,255.2162653,0.176461893,0.07998002673,0.04597964213,0.1139804113
synthetic_20250706,synthetic,2025-07-06,adapted,259,0.08029331862,15.23843929,1.07719887,1.160357406,0.0002855881263,0.9997144119,564.2502581,256.2159797,0.1768255274,0.08029331862,0.04629293402,0.1142937032
synthetic_20250706,synthetic,2025-07-06,adapted,260,0.08060660026,15.23402141,0.06594843918,0.00434919663,0.0003182984314,0.9996817016,564.2546073,257.2156614,0.1768268904,0.08060660026,0.04660621566,0.1146069849
synthetic_20250706,synthetic,2025-07-06,adapted,261,0.08091809517,15.21050251,-1.302692094,1.697006692,0.006019738389,0.9939802616,565.951614,258.2096417,0.1773587007,0.08091809517,0.04691771057,0.1149184798
synthetic_20250706,synthetic,2025-07-06,adapted,262,0.08123127266,15.19248277,0.2630565083,0.06919872655,0.0006506283965,0.9993493716,566.0208127,259.2089911,0.1773803863,0.08123127266,0.04723088806,0.1152316573
synthetic_20250706,synthetic,2025-07-06,adapted,263,0.08154452975,15.17273887,0.1357378351,0.01842475989,0.0003966321316,0.9996033679,566.0392374,260.2085944,0.1773861603,0.08154452975,0.04754414515,0.1155449143
synthetic_20250706,synthetic,2025-07-06,adapted,264,0.08185740099,15.15501848,-1.3134877,1.725249938,0.001627867529,0.9983721325,567.7644874,261.2069666,0.1779268215,0.08185740099,0.04785701639,0.1158577856
synthetic_20250706,synthetic,2025-07-06,adapted,265,0.08217068846,15.13555665,-0.2698032711,0.07279380511,0.000299673632,0.9997003264,567.8372812,262.2066669,0.1779496337,0.08217068846,0.04817030386,0.1161710731
synthetic_20250706,synthetic,2025-07-06,adapted,266,0.08248353163,15.119158,2.840768317,8.069964633,0.001717443418,0.9982825566,575.9072458,263.2049494,0.1804786104,0.08248353163,0.04848314703,0.1164839162
synthetic_20250706,synthetic,2025-07-06,adapted,267,0.08279659089,15.10421038,0.3244571828,0.1052724635,0.00102792041,0.9989720796,576.0125183,264.2039215,0.1805116008,0.08279659089,0.04879620629,0.1167969755
synthetic_20250706,synthetic,2025-07-06,adapted,268,0.08310958324,15.08270668,1.011762986,1.023664341,0.001241397213,0.9987586028,577.0361826,265.2026801,0.1808323982,0.08310958324,0.04910919864,0.1171099678
synthetic_20250706,synthetic,2025-07-06,adapted,269,0.0834226034,15.06990389,0.7920741225,0.6273814155,0.001152687933,0.9988473121,577.663564,266.2015274,0.1810290078,0.0834226034,0.0494222188,0.117422988
synthetic_20250706,synthetic,2025-07-06,adapted,270,0.08373546448,15.06140394,-0.9049132631,0.8188680138,0.001660281523,0.9983397185,578.4824321,267.1998672,0.1812856258,0.08373546448,0.04973507988,0.1177358491
synthetic_20250706,synthetic,2025-07-06,adapted,271,0.08404846328,15.04380272,0.206100028,0.04247722155,0.001220832281,0.9987791677,578.5249093,268.1986463,0.1812989374,0.08404846328,0.05004807868,0.1180488479
synthetic_20250706,synthetic,2025-07-06,adapted,272,0.08436178371,15.03464335,0.3549316332,0.1259764643,0.0001945113701,0.9998054886,578.6508857,269.1984518,0.1813384161,0.08436178371,0.05036139911,0.1183621683
synthetic_20250706,synthetic,2025-07-06,adapted,273,0.08467476344,14.98968565,1.192476646,1.422000552,0.0012816575,0.9987183425,580.0728863,270.1971702,0.1817840446,0.08467476344,0.05067437884,0.118675148
synthetic_20250706,synthetic,2025-07-06,adapted,274,0.08498746704,14.97444052,-0.2971414836,0.08829306128,0.002162820348,0.9978371797,580.1611794,271.1950073,0.181811714,0.08498746704,0.05098708244,0.1189878516
synthetic_20250706,synthetic,2025-07-06,adapted,275,0.08530063301,14.95976696,0.8420621836,0.709068721,0.000687386066,0.9993126139,580.8702481,272.1943199,0.1820339229,0.08530063301,0.05130024841,0.1193010176
synthetic_20250706,synthetic,2025-07-06,adapted,276,0.08561386628,14.95614895,1.929495011,3.722950998,0.0004726319654,0.999527368,584.5931991,273.1938473,0.1832006265,0.08561386628,0.05161348168,0.1196142509
synthetic_20250706,synthetic,2025-07-06,adapted,277,0.08592695475,14.93840365,1.867917084,3.489114233,0.0009347015412,0.9990652985,588.0823133,274.1929126,0.1842940499,0.08592695475,0.05192657015,0.1199273394
synthetic_20250706,synthetic,2025-07-06,adapted,278,0.08623825799,14.93549244,-1.513400199,2.290380162,0.006631362784,0.9933686372,590.3726935,275.1862812,0.1850118124,0.08623825799,0.05223787339,0.1202386426
synthetic_20250706,synthetic,2025-07-06,adapted,279,0.08655149121,14.90709247,1.777477202,3.159425205,0.000472807603,0.9995271924,593.5321187,276.1858084,0.1860019175,0.08655149121,0.05255110661,0.1205518758
synthetic_20250706,synthetic,2025-07-06,adapted,280,0.0868645196,14.89000456,-0.7243410343,0.524669934,0.001126406649,0.9988735934,594.0567886,277.184682,0.1861663393,0.0868645196,0.052864135,0.1208649042
synthetic_20250706,synthetic,2025-07-06,adapted,281,0.08717766886,14.86349594,0.8573484086,0.7350462937,0.0007406947037,0.9992593053,594.7918349,278.1839413,0.1863966891,0.08717766886,0.05317728426,0.1211780535
synthetic_20250706,synthetic,2025-07-06,adapted,282,0.08749034384,14.85257021,-0.1802704251,0.03249742616,0.002254142101,0.9977458579,594.8243323,279.1816872,0.1864068732,0.08749034384,0.05348995924,0.1214907284
synthetic_20250706,synthetic,2025-07-06,adapted,283,0.08780360466,14.83859192,-0.1537331443,0.02363387966,0.0003847422799,0.9996152577,594.8479662,280.1813025,0.1864142796,0.08780360466,0.05380322006,0.1218039893
synthetic_20250706,synthetic,2025-07-06,adapted,284,0.08811693572,14.81926271,-1.472724969,2.168918835,0.000160569758,0.9998394302,597.016885,281.1811419,0.1870939784,0.08811693572,0.05411655112,0.1221173203
synthetic_20250706,synthetic,2025-07-06,adapted,285,0.08843015381,14.78455266,0.3023864955,0.09143759266,0.0005210791351,0.9994789209,597.1083226,282.1806208,0.1871226332,0.08843015381,0.05442976921,0.1224305384
synthetic_20250706,synthetic,2025-07-06,adapted,286,0.08874325716,14.78130104,-0.6179999225,0.3819239042,0.0008872071214,0.9991127929,597.4902465,283.1797336,0.1872423211,0.08874325716,0.05474287256,0.1227436418
synthetic_20250706,synthetic,2025-07-06,adapted,287,0.08905532504,14.77158075,-0.2346559177,0.0550633997,0.004191397627,0.9958086024,597.5453099,284.1755422,0.1872595769,0.08905532504,0.05505494044,0.1230557096
synthetic_20250706,synthetic,2025-07-06,adapted,288,0.0893683115,14.76930584,1.571963178,2.471068233,0.001260209083,0.9987397909,600.0163782,285.174282,0.1880339637,0.0893683115,0.0553679269,0.1233686961
synthetic_20250706,synthetic,2025-07-06,adapted,289,0.08968136073,14.75084525,-1.156029608,1.336404455,0.001059905343,0.9989400947,601.3527826,286.1732221,0.188452768,0.08968136073,0.05568097613,0.1236817453
synthetic_20250706,synthetic,2025-07-06,adapted,290,0.08999443461,14.73032621,1.033028576,1.067148038,0.000981240867,0.9990187591,602.4199307,287.1722408,0.1887871923,0.08999443461,0.05599405001,0.1239948192
synthetic_20250706,synthetic,2025-07-06,adapted,291,0.09030746829,14.71081332,0.3122057918,0.09747245642,0.001109538619,0.9988904614,602.5174031,288.1711313,0.1888177384,0.09030746829,0.05630708369,0.1243078529
synthetic_20250706,synthetic,2025-07-06,adapted,292,0.09062031115,14.6992091,0.9108725944,0.8296888832,0.001718438541,0.9982815615,603.347092,289.1694129,0.1890777474,0.09062031115,0.05661992655,0.1246206957
synthetic_20250706,synthetic,2025-07-06,adapted,293,0.09093357507,14.68037746,-2.009454365,4.037906843,0.0003748188507,0.9996251811,607.3849988,290.1690381,0.1903431523,0.09093357507,0.05693319047,0.1249339597
synthetic_20250706,synthetic,2025-07-06,adapted,294,0.09124675587,14.66526871,-1.277946435,1.63314709,0.0006400550964,0.9993599449,609.0181459,291.168398,0.1908549502,0.09124675587,0.05724637127,0.1252471405
synthetic_20250706,synthetic,2025-07-06,adapted,295,0.0915600873,14.65627774,-1.155179091,1.334438733,0.0001594238479,0.9998405762,610.3525847,292.1682386,0.1912731384,0.0915600873,0.0575597027,0.1255604719
synthetic_20250706,synthetic,2025-07-06,adapted,296,0.09187336519,14.63099801,-1.704472773,2.905227434,0.0003302657703,0.9996697342,613.2578121,293.1679083,0.1921835826,0.09187336519,0.05787298059,0.1258737498
synthetic_20250706,synthetic,2025-07-06,adapted,297,0.09218544063,14.60040381,1.398307035,1.955262564,0.004167257755,0.9958327422,615.2130747,294.163741,0.1927963255,0.09218544063,0.05818505603,0.1261858252
synthetic_20250706,synthetic,2025-07-06,adapted,298,0.09249829711,14.59509317,0.6892121131,0.4750133368,0.001674979353,0.9983250206,615.688088,295.1620661,0.1929451858,0.09249829711,0.05849791251,0.1264986817
synthetic_20250706,synthetic,2025-07-06,adapted,299,0.09281123561,14.58865377,-0.605117568,0.3661672711,0.001413229715,0.9985867703,616.0542553,296.1606528,0.1930599358,0.09281123561,0.05881085101,0.1268116202
synthetic_20250706,synthetic,2025-07-06,adapted,300,0.0931245322,14.56490517,0.116309838,0.01352797842,0.0002705766841,0.9997294233,616.0677833,297.1603823,0.1930641753,0.0931245322,0.0591241476,0.1271249168
synthetic_20250706,synthetic,2025-07-06,adapted,301,0.09343783553,14.5524585,0.8288048832,0.6869175345,0.0002490949515,0.999750905,616.7547008,298.1601332,0.1932794424,0.09343783553,0.05943745093,0.1274382201
synthetic_20250706,synthetic,2025-07-06,adapted,302,0.09375070572,14.54937215,0.1991188538,0.03964831793,0.00163121724,0.9983687828,616.7943491,299.158502,0.1932918675,0.09375070572,0.05975032112,0.1277510903
synthetic_20250706,synthetic,2025-07-06,adapted,303,0.09406384586,14.53120495,-1.055458999,1.113993698,0.000769798317,0.9992302017,617.9083428,300.1577322,0.1936409724,0.09406384586,0.06006346126,0.1280642305
synthetic_20250706,synthetic,2025-07-06,adapted,304,0.0943770174,14.48843051,0.7709404715,0.5943492107,0.0006696130421,0.999330387,618.502692,301.1570625,0.1938272303,0.0943770174,0.0603766328,0.128377402
synthetic_20250706,synthetic,2025-07-06,adapted,305,0.09469024694,14.46658166,0.6183129054,0.3823108489,0.0004845513133,0.9995154487,618.8850029,302.156578,0.1939470394,0.09469024694,0.06068986234,0.1286906315
synthetic_20250706,synthetic,2025-07-06,adapted,306,0.09500347308,14.45488643,-2.784556781,7.753756465,0.0004953985697,0.9995046014,626.6387593,303.1560826,0.1963769224,0.09500347308,0.06100308848,0.1290038577
synthetic_20250706,synthetic,2025-07-06,adapted,307,0.09531662007,14.44486065,-0.5138721374,0.2640645736,0.0007479406426,0.9992520594,626.9028239,304.1553346,0.1964596753,0.09531662007,0.06131623547,0.1293170047
synthetic_20250706,synthetic,2025-07-06,adapted,308,0.09562978587,14.42714906,-0.4313943863,0.1861011165,0.0006879217836,0.9993120782,627.088925,305.1546467,0.1965179959,0.09562978587,0.06162940127,0.1296301705
synthetic_20250706,synthetic,2025-07-06,adapted,309,0.09594279431,14.3994984,0.9916390233,0.9833479525,0.001190080747,0.9988099193,628.072273,306.1534566,0.1968261589,0.09594279431,0.06194240971,0.1299431789
synthetic_20250706,synthetic,2025-07-06,adapted,310,0.09625549574,14.39514204,-1.513289442,2.290044935,0.002169740026,0.99783026,630.3623179,307.1512869,0.1975438163,0.09625549574,0.06225511114,0.1302558803
synthetic_20250706,synthetic,2025-07-06,adapted,311,0.09656860766,14.37199836,0.22462809,0.05045777882,0.0008598699545,0.99914013,630.4127757,308.150427,0.1975596289,0.09656860766,0.06256822306,0.1305689923
synthetic_20250706,synthetic,2025-07-06,adapted,312,0.09688193196,14.35641011,2.87223876,8.249755494,0.0001821367823,0.9998178632,638.6625312,309.1502449,0.2001449487,0.09688193196,0.06288154736,0.1308823166
synthetic_20250706,synthetic,2025-07-06,adapted,313,0.09719468148,14.3269383,0.4303370885,0.1851900097,0.00201629417,0.9979837058,638.8477212,310.1482286,0.2002029838,0.09719468148,0.06319429688,0.1311950661
synthetic_20250706,synthetic,2025-07-06,adapted,314,0.09750739482,14.31317001,-1.267591204,1.60678746,0.002131738933,0.9978682611,640.4545086,311.1460969,0.200706521,0.09750739482,0.06350701022,0.1315077794
synthetic_20250706,synthetic,2025-07-06,adapted,315,0.09782033589,14.29881168,0.3895888434,0.1517794669,0.001405041651,0.9985949583,640.6062881,312.1446918,0.2007540859,0.09782033589,0.06381995129,0.1318207205
synthetic_20250706,synthetic,2025-07-06,adapted,316,0.09813343901,14.28258788,-0.8961207492,0.8030323971,0.0008879575212,0.9991120425,641.4093205,313.1438039,0.2010057413,0.09813343901,0.06413305441,0.1321338236
synthetic_20250706,synthetic,2025-07-06,adapted,317,0.0984466091,14.26770556,0.1965267783,0.03862277458,0.0006742358578,0.9993257641,641.4479433,314.1431296,0.201017845,0.0984466091,0.0644462245,0.1324469937
synthetic_20250706,synthetic,2025-07-06,adapted,318,0.09875974161,14.26300331,-0.9032524166,0.8158649281,0.0007941413147,0.9992058587,642.2638082,315.1423355,0.2012735218,0.09875974161,0.06475935701,0.1327601262
synthetic_20250706,synthetic,2025-07-06,adapted,319,0.09907301595,14.23526592,2.563862715,6.57339202,0.0003415969888,0.999658403,648.8372002,316.1419939,0.2033335005,0.09907301595,0.06507263135,0.1330734005
synthetic_20250706,synthetic,2025-07-06,adapted,320,0.09938603944,14.21582736,1.563946859,2.445929777,0.001142040245,0.9988579598,651.28313,317.1408519,0.2041000094,0.09938603944,0.06538565484,0.133386424
synthetic_20250706,synthetic,2025-07-06,adapted,321,0.0996991262,14.20569268,-0.4423284019,0.1956544151,0.0009401345834,0.9990598654,651.4787844,318.1399117,0.2041613239,0.0996991262,0.0656987416,0.1336995108
synthetic_20250706,synthetic,2025-07-06,adapted,322,0.1000121186,14.18427146,0.843758707,0.7119287557,0.001241304978,0.998758695,652.1907132,319.1386704,0.2043844291,0.1000121186,0.06601173399,0.1340125032
synthetic_20250706,synthetic,2025-07-06,adapted,323,0.1003249883,14.17946439,-0.586838304,0.344379195,0.001632595255,0.9983674047,652.5350924,320.1370378,0.2044923511,0.1003249883,0.06632460375,0.1343253729
synthetic_20250706,synthetic,2025-07-06,adapted,324,0.100638035,14.15322411,0.2240223562,0.05018601609,0.001067982127,0.9989320179,652.5852784,321.1359698,0.2045080785,0.100638035,0.06663765045,0.1346384196
synthetic_20250706,synthetic,2025-07-06,adapted,325,0.1009513215,14.13687799,0.9840583491,0.9683708344,0.0003030023962,0.9996969976,653.5536492,322.1356668,0.2048115479,0.1009513215,0.06695093688,0.1349517061
synthetic_20250706,synthetic,2025-07-06,adapted,326,0.1012646404,14.12964757,-1.630747564,2.659337619,0.0001994399308,0.9998005601,656.2129868,323.1354674,0.2056449348,0.1012646404,0.06726425576,0.135265025
synthetic_20250706,synthetic,2025-07-06,adapted,327,0.10157762,14.09711943,-1.722246604,2.966133365,0.001282046929,0.9987179531,659.1791202,324.1341853,0.2065744658,0.10157762,0.06757723538,0.1355780046
synthetic_20250706,synthetic,2025-07-06,adapted,328,0.1018906666,14.08224954,0.2100644444,0.04412707079,0.001068251821,0.9989317482,659.2232473,325.1331171,0.2065882944,0.1018906666,0.06789028199,0.1358910512
synthetic_20250706,synthetic,2025-07-06,adapted,329,0.1022038681,14.07301641,1.460369584,2.132679322,0.0005740141772,0.9994259858,661.3559266,326.1325431,0.2072566364,0.1022038681,0.06820348349,0.1362042527
synthetic_20250706,synthetic,2025-07-06,adapted,330,0.1025167618,14.05888253,-0.3131222081,0.09804551721,0.001556062435,0.9984439376,661.4539721,327.130987,0.207287362,0.1025167618,0.06851637724,0.1365171464
synthetic_20250706,synthetic,2025-07-06,adapted,331,0.1028298645,14.04211284,0.8370348005,0.7006272572,0.0008894337763,0.9991105662,662.1545994,328.1300976,0.2075069255,0.1028298645,0.06882947989,0.1368302491
synthetic_20250706,synthetic,2025-07-06,adapted,332,0.1031430768,14.02234089,1.004418309,1.00885614,0.0005395778849,0.9994604221,663.1634555,329.129558,0.2078230823,0.1031430768,0.06914269218,0.1371434614
synthetic_20250706,synthetic,2025-07-06,adapted,333,0.1034564154,14.01636829,-1.068372069,1.141418878,0.0001363618865,0.9998636381,664.3048744,330.1294216,0.2081807817,0.1034564154,0.06945603083,0.1374568
synthetic_20250706,synthetic,2025-07-06,adapted,334,0.10376945,14.00488201,1.425264713,2.031379502,0.001106766672,0.9988932333,666.3362539,331.1283149,0.2088173782,0.10376945,0.06976906538,0.1377698346
synthetic_20250706,synthetic,2025-07-06,adapted,335,0.1040822834,13.98429847,-1.368924529,1.873954365,0.0017485008,0.9982514992,668.2102083,332.1265664,0.2094046406,0.1040822834,0.07008189881,0.138082668
synthetic_20250706,synthetic,2025-07-06,adapted,336,0.1043952947,13.96683848,2.422587013,5.868927834,0.001181027801,0.9988189722,674.0791361,333.1253853,0.2112438534,0.1043952947,0.07039491009,0.1383956793
synthetic_20250706,synthetic,2025-07-06,adapted,337,0.1047083705,13.94651815,0.5745171431,0.3300699477,0.0009751407779,0.9990248592,674.409206,334.1244102,0.2113472911,0.1047083705,0.07070798588,0.1387087551
synthetic_20250706,synthetic,2025-07-06,adapted,338,0.1050211259,13.93056093,0.4056650049,0.1645640962,0.001997417324,0.9980025827,674.5737701,335.1224128,0.2113988625,0.1050211259,0.07102074131,0.1390215105
synthetic_20250706,synthetic,2025-07-06,adapted,339,0.1053344264,13.91422407,-0.1494906291,0.0223474482,0.000258141901,0.9997418581,674.5961176,336.1221546,0.2114058657,0.1053344264,0.0713340418,0.139334811
synthetic_20250706,synthetic,2025-07-06,adapted,340,0.1056475006,13.90430796,-0.6382021653,0.4073020038,0.0009801867295,0.9990198133,675.0034196,337.1211745,0.2115335066,0.1056475006,0.07164711601,0.1396478852
synthetic_20250706,synthetic,2025-07-06,adapted,341,0.1059607168,13.89736143,-0.2012410785,0.04049797166,0.0005272538962,0.9994727461,675.0439176,338.1206472,0.2115461979,0.1059607168,0.07196033217,0.1399611014
synthetic_20250706,synthetic,2025-07-06,adapted,342,0.1062738529,13.88611642,0.928057659,0.8612910184,0.0007824479022,0.9992175521,675.9052086,339.1198648,0.2118161105,0.1062738529,0.07227346835,0.1402742375
synthetic_20250706,synthetic,2025-07-06,adapted,343,0.1065865196,13.87055757,-0.7737707044,0.5987211029,0.002280666455,0.9977193335,676.5039297,340.1175841,0.2120037385,0.1065865196,0.07258613502,0.1405869042
synthetic_20250706,synthetic,2025-07-06,adapted,344,0.1068990745,13.85927495,-0.7733144806,0.5980152859,0.002637412819,0.9973625872,677.101945,341.1149467,0.2121911454,0.1068990745,0.07289868988,0.1408994591
synthetic_20250706,synthetic,2025-07-06,adapted,345,0.1072123538,13.84218166,0.03201574628,0.00102500801,0.0003255656805,0.9996744343,677.10297,342.1146211,0.2121914666,0.1072123538,0.07321196924,0.1412127384
synthetic_20250706,synthetic,2025-07-06,adapted,346,0.1075255901,13.82290745,-0.7275863021,0.5293818271,0.000462975258,0.9995370247,677.6323518,343.1141581,0.212357365,0.1075255901,0.07352520554,0.1415259747
synthetic_20250706,synthetic,2025-07-06,adapted,347,0.1078383388,13.80937874,0.5336957231,0.2848311249,0.002018942857,0.9979810571,677.9171829,344.1121392,0.2124466258,0.1078383388,0.07383795423,0.1418387234
synthetic_20250706,synthetic,2025-07-06,adapted,348,0.1081515315,13.79691205,1.759989315,3.097562387,0.0006020349572,0.999397965,681.0147453,345.1115372,0.2134173442,0.1081515315,0.07415114695,0.1421519161
synthetic_20250706,synthetic,2025-07-06,adapted,349,0.1084647787,13.77679002,-0.6767274801,0.4579600824,0.0004284776843,0.9995715223,681.4727054,346.1111087,0.2135608604,0.1084647787,0.07446439405,0.1424651633
synthetic_20250706,synthetic,2025-07-06,adapted,350,0.1087777983,13.76120765,-0.02033269253,0.0004134183853,0.001154260378,0.9988457396,681.4731188,347.1099544,0.2135609899,0.1087777983,0.07477741372,0.1427781829
synthetic_20250706,synthetic,2025-07-06,adapted,351,0.1090908409,13.73687489,1.022775376,1.04606947,0.00108096721,0.9989190328,682.5191883,348.1088735,0.2138888086,0.1090908409,0.07509045635,0.1430912255
synthetic_20250706,synthetic,2025-07-06,adapted,352,0.1094040438,13.72602142,0.3841361947,0.1475606161,0.0005695633839,0.9994304366,682.6667489,349.1083039,0.2139350514,0.1094040438,0.07540365924,0.1434044284
synthetic_20250706,synthetic,2025-07-06,adapted,353,0.1097171656,13.71350902,-1.071927459,1.149028477,0.0008284735682,0.9991715264,683.8157774,350.1074754,0.2142951355,0.1097171656,0.075716781,0.1437175502
synthetic_20250706,synthetic,2025-07-06,adapted,354,0.1100300448,13.6995242,1.084287426,1.175679222,0.001602331614,0.9983976684,684.9914566,351.1058731,0.2146635715,0.1100300448,0.07602966024,0.1440304294
synthetic_20250706,synthetic,2025-07-06,adapted,355,0.1103433595,13.68481847,1.851078661,3.426492209,0.0002127685102,0.9997872315,688.4179488,352.1056603,0.2157373704,0.1103433595,0.07634297495,0.1443437441
synthetic_20250706,synthetic,2025-07-06,adapted,356,0.1106563983,13.66491779,0.820797515,0.6737085607,0.001093265108,0.9989067349,689.0916574,353.1045671,0.2159484981,0.1106563983,0.07665601372,0.1446567829
synthetic_20250706,synthetic,2025-07-06,adapted,357,0.1109689704,13.64858629,-1.040198881,1.082013711,0.002582531079,0.9974174689,690.1736711,354.1019845,0.216287581,0.1109689704,0.07696858579,0.144969355
synthetic_20250706,synthetic,2025-07-06,adapted,358,0.1112820666,13.64644119,0.2616247779,0.06844752443,0.0009100615396,0.9990899385,690.2421186,355.1010745,0.2163090312,0.1112820666,0.07728168198,0.1452824512
synthetic_20250706,synthetic,2025-07-06,adapted,359,0.1115953471,13.63061951,0.09664264476,0.009339800786,0.0003220025128,0.9996779975,690.2514584,356.1007525,0.2163119581,0.1115953471,0.07759496246,0.1455957317
synthetic_20250706,synthetic,2025-07-06,adapted,360,0.1119083688,13.62171994,3.209202508,10.29898074,0.001147643188,0.9988523568,700.5504391,357.0996048,0.219539467,0.1119083688,0.07790798419,0.1459087534
synthetic_20250706,synthetic,2025-07-06,adapted,361,0.1122215583,13.60388836,1.217930443,1.483354565,0.0006121446046,0.9993878554,702.0337937,358.0989927,0.2200043227,0.1122215583,0.07822117374,0.1462219429
synthetic_20250706,synthetic,2025-07-06,adapted,362,0.1125346385,13.59141096,0.3454521514,0.1193371889,0.0009611107396,0.9990388893,702.1531309,359.0980316,0.2200417207,0.1125346385,0.07853425393,0.1465350231
synthetic_20250706,synthetic,2025-07-06,adapted,363,0.112847893,13.58064615,0.1287340371,0.01657245231,0.0004049074131,0.9995950926,702.1697034,360.0976267,0.2200469142,0.112847893,0.07884750843,0.1468482776
synthetic_20250706,synthetic,2025-07-06,adapted,364,0.1131610495,13.55570897,-0.163058078,0.0265879368,0.0007178269933,0.999282173,702.1962913,361.0969088,0.2200552464,0.1131610495,0.07916066486,0.1471614341
synthetic_20250706,synthetic,2025-07-06,adapted,365,0.1134738686,13.55233147,0.005451418511,2.971796378e-05,0.001794259533,0.9982057405,702.196321,362.0951146,0.2200552557,0.1134738686,0.07947348396,0.1474742532
synthetic_20250706,synthetic,2025-07-06,adapted,366,0.1137866135,13.53666691,-1.167876176,1.363934763,0.002031041238,0.9979689588,703.5602558,363.0930835,0.2204826875,0.1137866135,0.07978622885,0.1477869981
synthetic_20250706,synthetic,2025-07-06,adapted,367,0.1140999235,13.52363547,-1.053571619,1.110013157,0.000227659745,0.9997723403,704.6702689,364.0928559,0.2208305449,0.1140999235,0.08009953889,0.1481003081
synthetic_20250706,synthetic,2025-07-06,adapted,368,0.1144131408,13.51557407,-1.180997482,1.394755052,0.0005235825246,0.9994764175,706.065024,365.0923323,0.2212676352,0.1144131408,0.0804127562,0.1484135254
synthetic_20250706,synthetic,2025-07-06,adapted,369,0.1147259402,13.50364013,0.09166107098,0.008401751934,0.001856993005,0.998143007,706.0734257,366.0904753,0.2212702682,0.1147259402,0.08072555564,0.1487263248
synthetic_20250706,synthetic,2025-07-06,adapted,370,0.1150389761,13.48504277,-0.4441240907,0.197246208,0.001102531724,0.9988974683,706.2706719,367.0893728,0.2213320815,0.1150389761,0.08103859151,0.1490393607
synthetic_20250706,synthetic,2025-07-06,adapted,371,0.1153521032,13.46075934,-0.6317181201,0.3990677832,0.0008114421272,0.9991885579,706.6697397,368.0885613,0.2214571419,0.1153521032,0.0813517186,0.1493524878
synthetic_20250706,synthetic,2025-07-06,adapted,372,0.1156653938,13.44078588,0.3330939178,0.1109515581,0.0002896925522,0.9997103074,706.7806913,369.0882716,0.221491912,0.1156653938,0.0816650092,0.1496657784
synthetic_20250706,synthetic,2025-07-06,adapted,373,0.1159783818,13.43885199,1.164012848,1.354925911,0.001255373998,0.998744626,708.1356172,370.0870163,0.2219165206,0.1159783818,0.08197799718,0.1499787664
synthetic_20250706,synthetic,2025-07-06,adapted,374,0.1162914973,13.41021549,-1.462414446,2.138656011,0.0008482479276,0.9991517521,710.2742732,371.086168,0.2225867356,0.1162914973,0.08229111274,0.1502918819
synthetic_20250706,synthetic,2025-07-06,adapted,375,0.1166041095,13.39622762,0.3446541554,0.1187864869,0.00245464824,0.9975453518,710.3930597,372.0837134,0.222623961,0.1166041095,0.08260372488,0.1506044941
synthetic_20250706,synthetic,2025-07-06,adapted,376,0.1169171004,13.37819689,0.2060621701,0.04246161793,0.001245828506,0.9987541715,710.4355213,373.0824675,0.2226372677,0.1169171004,0.08291671585,0.150917485
synthetic_20250706,synthetic,2025-07-06,adapted,377,0.1172300735,13.37633784,-1.027822595,1.056419286,0.00130304368,0.9986969563,711.4919406,374.0811645,0.2229683299,0.1172300735,0.08322968888,0.1512304581
synthetic_20250706,synthetic,2025-07-06,adapted,378,0.1175431902,13.34160929,-0.3323033917,0.1104255441,0.0008445378265,0.9991554622,711.6023661,375.0803199,0.2230029352,0.1175431902,0.0835428056,0.1515435748
synthetic_20250706,synthetic,2025-07-06,adapted,379,0.1178563805,13.33606528,-2.23261355,4.984563265,0.0006098281739,0.9993901718,716.5869294,376.0797101,0.2245650045,0.1178563805,0.08385599588,0.1518567651
synthetic_20250706,synthetic,2025-07-06,adapted,380,0.1181695683,13.32188538,-0.3200006866,0.1024004394,0.0006176591004,0.9993823409,716.6893298,377.0790925,0.2245970949,0.1181695683,0.0841691837,0.1521699529
synthetic_20250706,synthetic,2025-07-06,adapted,381,0.1184818895,13.31449385,-0.3412410784,0.1164454736,0.003383094194,0.9966169058,716.8057753,378.0757094,0.2246335867,0.1184818895,0.08448150489,0.1524822741
synthetic_20250706,synthetic,2025-07-06,adapted,382,0.1187951244,13.29797812,-0.686250325,0.4709395086,0.0004674241762,0.9995325758,717.2767148,379.0752419,0.2247811704,0.1187951244,0.08479473979,0.152795509
synthetic_20250706,synthetic,2025-07-06,adapted,383,0.1191075947,13.29419215,-1.623796528,2.636715165,0.00290738238,0.9970926176,719.91343,380.0723346,0.2256074679,0.1191075947,0.08510721006,0.1531079793
synthetic_20250706,synthetic,2025-07-06,adapted,384,0.1194202635,13.27138288,0.06211076548,0.003857747188,0.002273776987,0.997726223,719.9172877,381.0700608,0.2256086768,0.1194202635,0.08541987888,0.1534206481
synthetic_20250706,synthetic,2025-07-06,adapted,385,0.1197335453,13.2552329,2.021337234,4.085804213,0.0003178834644,0.9996821165,724.003092,382.0697429,0.2268890918,0.1197335453,0.08573316065,0.1537339299
synthetic_20250706,synthetic,2025-07-06,adapted,386,0.1200464074,13.24945875,0.9617724413,0.9250062288,0.001657038511,0.9983429615,724.9280982,383.0680859,0.2271789715,0.1200464074,0.08604602275,0.154046792
synthetic_20250706,synthetic,2025-07-06,adapted,387,0.1203592856,13.24271851,-0.1798210466,0.0323356088,0.001605666854,0.9983943331,724.9604338,384.0664802,0.2271891049,0.1203592856,0.08635890095,0.1543596702
synthetic_20250706,synthetic,2025-07-06,adapted,388,0.1206711923,13.22149942,3.329473896,11.08539643,0.004705490788,0.9952945092,736.0458302,385.0617747,0.2306630618,0.1206711923,0.08667080772,0.1546715769
synthetic_20250706,synthetic,2025-07-06,adapted,389,0.1209838807,13.21445869,-0.191306577,0.03659820639,0.002211499141,0.9977885009,736.0824284,386.0595632,0.230674531,0.1209838807,0.08698349606,0.1549842653
synthetic_20250706,synthetic,2025-07-06,adapted,390,0.1212966524,13.19902975,-0.6641161899,0.4410503137,0.001945449527,0.9980545505,736.5234787,387.0576178,0.230812748,0.1212966524,0.08729626778,0.155297037
synthetic_20250706,synthetic,2025-07-06,adapted,391,0.1216097501,13.19557467,0.7061940094,0.4987099789,0.0009051729628,0.999094827,737.0221887,388.0567126,0.2309690344,0.1216097501,0.0876093655,0.1556101347
synthetic_20250706,synthetic,2025-07-06,adapted,392,0.1219229712,13.19020767,0.5338015315,0.284944075,0.0005115490434,0.999488451,737.3071328,389.056201,0.2310583306,0.1219229712,0.08792258658,0.1559233558
synthetic_20250706,synthetic,2025-07-06,adapted,393,0.1222359446,13.18311701,0.2095298399,0.04390275381,0.001301858685,0.9986981413,737.3510355,390.0548992,0.2310720889,0.1222359446,0.08823555998,0.1562363292
synthetic_20250706,synthetic,2025-07-06,adapted,394,0.1225489209,13.16773739,-0.1710971949,0.02927425009,0.001292615254,0.9987073847,737.3803098,391.0536066,0.2310812629,0.1225489209,0.08854853629,0.1565493055
synthetic_20250706,synthetic,2025-07-06,adapted,395,0.1228618182,13.14387586,-0.1977410036,0.03910150449,0.001544653497,0.9984553465,737.4194113,392.0520619,0.2310935165,0.1228618182,0.08886143361,0.1568622028
synthetic_20250706,synthetic,2025-07-06,adapted,396,0.1231743331,13.12138285,0.7570216642,0.5730818001,0.002765099906,0.9972349001,737.9924931,393.0492968,0.2312731097,0.1231743331,0.08917394846,0.1571747177
synthetic_20250706,synthetic,2025-07-06,adapted,397,0.1234876494,13.11196582,0.1342034117,0.01801055571,0.000207418814,0.9997925812,738.0105037,394.0490894,0.2312787539,0.1234876494,0.08948726485,0.157488034
synthetic_20250706,synthetic,2025-07-06,adapted,398,0.1238008126,13.1048052,1.587892171,2.521401547,0.0006962695572,0.9993037304,740.5319052,395.0483931,0.2320689142,0.1238008126,0.08980042803,0.1578011972
synthetic_20250706,synthetic,2025-07-06,adapted,399,0.1241131858,13.09904628,1.474065903,2.172870286,0.003217324457,0.9967826755,742.7047755,396.0451758,0.2327498513,0.1241131858,0.09011280117,0.1581135704
synthetic_20250706,synthetic,2025-07-06,adapted,400,0.1244254776,13.07543657,1.115225212,1.243727274,0.003476860013,0.99652314,743.9485028,397.0416989,0.2331396123,0.1244254776,0.09042509297,0.1584258622
synthetic_20250706,synthetic,2025-07-06,adapted,401,0.1247386101,13.06444286,-0.2254744101,0.0508387096,0.0007941550191,0.999205845,743.9993415,398.0409048,0.2331555442,0.1247386101,0.09073822548,0.1587389947
synthetic_20250706,synthetic,2025-07-06,adapted,402,0.1250507382,13.06147368,-0.3483816674,0.1213697862,0.003999319685,0.9960006803,744.1207113,399.0369055,0.2331935792,0.1250507382,0.09105035356,0.1590511228
synthetic_20250706,synthetic,2025-07-06,adapted,403,0.125361715,13.05216416,1.131463501,1.280209654,0.007672818878,0.9923271811,745.4009209,400.0292326,0.2335947731,0.125361715,0.09136133042,0.1593620996
synthetic_20250706,synthetic,2025-07-06,adapted,404,0.1256743794,13.03943482,-0.3076474562,0.09464695729,0.002288049139,0.9977119509,745.4955679,401.0269446,0.2336244337,0.1256743794,0.09167399477,0.159674764
synthetic_20250706,synthetic,2025-07-06,adapted,405,0.1259863506,13.02743059,-1.985059351,3.940460626,0.00449966696,0.995500333,749.4360285,402.0224449,0.2348593007,0.1259863506,0.09198596605,0.1599867352
synthetic_20250706,synthetic,2025-07-06,adapted,406,0.1262990764,13.02017551,0.03839114757,0.001473880212,0.002091974611,0.9979080254,749.4375024,403.0203529,0.2348597626,0.1262990764,0.09229869185,0.160299461
synthetic_20250706,synthetic,2025-07-06,adapted,407,0.1266120537,13.00214241,1.671332709,2.793353023,0.001289698897,0.9987103011,752.2308554,404.0190632,0.2357351474,0.1266120537,0.09261166907,0.1606124383
synthetic_20250706,synthetic,2025-07-06,adapted,408,0.1269247711,12.98650439,-0.6035454709,0.3642671355,0.002118575071,0.9978814249,752.5951225,405.0169447,0.235849302,0.1269247711,0.09292438653,0.1609251557
synthetic_20250706,synthetic,2025-07-06,adapted,409,0.1272376128,12.97713269,0.2184858919,0.04773608497,0.001722178113,0.9982778219,752.6428586,406.0152225,0.2358642616,0.1272376128,0.09323722821,0.1612379974
synthetic_20250706,synthetic,2025-07-06,adapted,410,0.1275501015,12.96881602,-0.5360291936,0.2873272964,0.002848495314,0.9971515047,752.9301859,407.012374,0.2359543046,0.1275501015,0.09354971693,0.1615504861
synthetic_20250706,synthetic,2025-07-06,adapted,411,0.127862958,12.94580194,-0.4845925368,0.2348299267,0.001674909713,0.9983250903,753.1650158,408.0106991,0.2360278959,0.127862958,0.09386257343,0.1618633426
synthetic_20250706,synthetic,2025-07-06,adapted,412,0.1281758613,12.92717777,0.9686234015,0.9382312939,0.001525663611,0.9984743364,754.1032471,409.0091734,0.2363219201,0.1281758613,0.0941754767,0.1621762459
synthetic_20250706,synthetic,2025-07-06,adapted,413,0.1284889768,12.92560956,0.2567335882,0.06591213531,0.0008484777113,0.9991515223,754.1691593,410.0083249,0.2363425758,0.1284889768,0.09448859219,0.1624893614
synthetic_20250706,synthetic,2025-07-06,adapted,414,0.1288018598,12.91035778,1.035161632,1.071559605,0.001590415889,0.9984095841,755.2407189,411.0067345,0.2366783826,0.1288018598,0.09480147517,0.1628022444
synthetic_20250706,synthetic,2025-07-06,adapted,415,0.1291146687,12.89954965,-0.4293279642,0.1843225008,0.001826570615,0.9981734294,755.4250414,412.004908,0.2367361458,0.1291146687,0.09511428414,0.1631150533
synthetic_20250706,synthetic,2025-07-06,adapted,416,0.1294279938,12.87589963,0.009554191705,9.128257914e-05,0.0001795914472,0.9998204086,755.4251327,413.0047284,0.2367361744,0.1294279938,0.09542760925,0.1634283784
synthetic_20250706,synthetic,2025-07-06,adapted,417,0.1297410979,12.86624111,1.195230001,1.428574755,0.0008850799879,0.99911492,756.8537074,414.0038433,0.2371838632,0.1297410979,0.09574071327,0.1637414825
synthetic_20250706,synthetic,2025-07-06,adapted,418,0.130054223,12.84566893,-0.7371608539,0.5434061245,0.0008178333168,0.9991821667,757.3971135,415.0030255,0.2373541565,0.130054223,0.09605383836,0.1640546076
synthetic_20250706,synthetic,2025-07-06,adapted,419,0.1303670944,12.83284815,0.5793288811,0.3356219524,0.001627152948,0.9983728471,757.7327355,416.0013983,0.2374593342,0.1303670944,0.09636670982,0.164367479
synthetic_20250706,synthetic,2025-07-06,adapted,420,0.1306799245,12.81698287,-0.3162381998,0.100006599,0.001759298113,0.9982407019,757.8327421,416.999639,0.2374906744,0.1306799245,0.09667953988,0.1646803091
synthetic_20250706,synthetic,2025-07-06,adapted,421,0.1309931068,12.81298292,-0.3712323609,0.1378134658,0.0006353114745,0.9993646885,757.9705556,417.9990037,0.2375338626,0.1309931068,0.09699272217,0.1649934914
synthetic_20250706,synthetic,2025-07-06,adapted,422,0.1313057322,12.80077752,2.106412138,4.436972095,0.002412401425,0.9975875986,762.4075277,418.9965913,0.2389243271,0.1313057322,0.09730534755,0.1653061168
synthetic_20250706,synthetic,2025-07-06,adapted,423,0.1316177271,12.78931802,-0.5542989818,0.3072473612,0.004424039054,0.9955759609,762.714775,419.9921673,0.2390206127,0.1316177271,0.09761734252,0.1656181117
synthetic_20250706,synthetic,2025-07-06,adapted,424,0.131930377,12.7811816,-0.2583324916,0.0667356762,0.002334314187,0.9976656858,762.7815107,420.9898329,0.2390415264,0.131930377,0.09792999238,0.1659307616
synthetic_20250706,synthetic,2025-07-06,adapted,425,0.1322433857,12.76146946,0.2466558271,0.06083909703,0.001189293497,0.9988107065,762.8423498,421.9886436,0.2390605922,0.1322433857,0.09824300106,0.1662437703
synthetic_20250706,synthetic,2025-07-06,adapted,426,0.1325565678,12.75464457,-0.5090323813,0.2591139652,0.0006359149958,0.999364085,763.1014638,422.9880077,0.2391417937,0.1325565678,0.09855618316,0.1665569524
synthetic_20250706,synthetic,2025-07-06,adapted,427,0.1328695691,12.74892408,-0.2340208791,0.05476577188,0.001212852522,0.9987871475,763.1562295,423.9867949,0.2391589563,0.1328695691,0.09886918446,0.1668699537
synthetic_20250706,synthetic,2025-07-06,adapted,428,0.1331817945,12.73757235,0.4139792855,0.1713788488,0.003688706332,0.9963112937,763.3276084,424.9831062,0.2392126632,0.1331817945,0.09918140988,0.1671821791
synthetic_20250706,synthetic,2025-07-06,adapted,429,0.1334947558,12.71302431,-1.735013193,3.010270781,0.001340434875,0.9986595651,766.3378792,425.9817657,0.2401560261,0.1334947558,0.09949437119,0.1674951404
synthetic_20250706,synthetic,2025-07-06,adapted,430,0.1338080356,12.7115365,0.6407855818,0.4106061619,0.0003240171765,0.9996759828,766.7484853,426.9814417,0.2402847024,0.1338080356,0.09980765104,0.1678084202
synthetic_20250706,synthetic,2025-07-06,adapted,431,0.1341213728,12.69890445,-1.026399192,1.053495301,0.000141246794,0.9998587532,767.8019806,427.9813005,0.2406148482,0.1341213728,0.1001209882,0.1681217574
synthetic_20250706,synthetic,2025-07-06,adapted,432,0.1344344773,12.67959836,1.15009478,1.322718002,0.0008833622829,0.9991166377,769.1246986,428.9804171,0.2410293634,0.1344344773,0.1004340927,0.1684348619
synthetic_20250706,synthetic,2025-07-06,adapted,433,0.1347417443,12.67496019,0.7407605043,0.5487261248,0.01951119399,0.980488806,769.6734247,429.9609059,0.241201324,0.1347417443,0.1007413597,0.1687421289
synthetic_20250706,synthetic,2025-07-06,adapted,434,0.1350549607,12.66830416,1.55448325,2.416418174,0.0005264506242,0.9994735494,772.0898429,430.9603795,0.2419585844,0.1350549607,0.1010545761,0.1690553453
synthetic_20250706,synthetic,2025-07-06,adapted,435,0.1353679561,12.64497936,-1.655756046,2.741528084,0.001231595208,0.9987684048,774.831371,431.9591479,0.2428177283,0.1353679561,0.1013675715,0.1693683407
synthetic_20250706,synthetic,2025-07-06,adapted,436,0.135680171,12.63993053,-0.6624269194,0.4388094236,0.003722261099,0.9962777389,775.2701804,432.9554256,0.242955243,0.135680171,0.1016797864,0.1696805556
synthetic_20250706,synthetic,2025-07-06,adapted,437,0.135993479,12.62413419,1.424203829,2.028356546,0.0002340173414,0.9997659827,777.298537,433.9551916,0.2435908922,0.135993479,0.1019930944,0.1699938636
synthetic_20250706,synthetic,2025-07-06,adapted,438,0.1363060192,12.60709386,-0.1644668274,0.02704933731,0.002684385849,0.9973156142,777.3255863,434.9525072,0.2435993689,0.1363060192,0.1023056346,0.1703064038
synthetic_20250706,synthetic,2025-07-06,adapted,439,0.1366187391,12.59930469,1.260811112,1.589644661,0.002110697942,0.9978893021,778.915231,435.9503965,0.244097534,0.1366187391,0.1026183545,0.1706191237
synthetic_20250706,synthetic,2025-07-06,adapted,440,0.1369314246,12.58403841,-1.607812918,2.585062379,0.002220734025,0.997779266,781.5002933,436.9481758,0.2449076444,0.1369314246,0.10293104,0.1709318092
synthetic_20250706,synthetic,2025-07-06,adapted,441,0.1372443084,12.58221143,-1.376332553,1.894291296,0.001587625914,0.9984123741,783.3945846,437.9465881,0.2455012801,0.1372443084,0.1032439238,0.171244693
synthetic_20250706,synthetic,2025-07-06,adapted,442,0.1375563849,12.5713865,0.2511199605,0.06306123456,0.00416377371,0.9958362263,783.4576459,438.9424244,0.2455210423,0.1375563849,0.1035560003,0.1715567695
synthetic_20250706,synthetic,2025-07-06,adapted,443,0.1378673263,12.55764788,-1.433448278,2.054773965,0.007786043477,0.9922139565,785.5124198,439.9346383,0.2461649702,0.1378673263,0.1038669417,0.1718677109
synthetic_20250706,synthetic,2025-07-06,adapted,444,0.1381797562,12.54761604,-0.5672572718,0.3217808125,0.003036370827,0.9969636292,785.8342007,440.931602,0.2462658103,0.1381797562,0.1041793716,0.1721801408
synthetic_20250706,synthetic,2025-07-06,adapted,445,0.1384928219,12.54124585,0.6612147666,0.4372049676,0.001007229285,0.9989927707,786.2714056,441.9305947,0.2464028222,0.1384928219,0.1044924373,0.1724932065
synthetic_20250706,synthetic,2025-07-06,adapted,446,0.1388053502,12.5377784,-0.1134804261,0.01287780712,0.002722189987,0.99727781,786.2842834,442.9278725,0.2464068579,0.1388053502,0.1048049656,0.1728057348
synthetic_20250706,synthetic,2025-07-06,adapted,447,0.1391160936,12.52045086,-0.5685407737,0.3232386113,0.008417962186,0.9915820378,786.607522,443.9194546,0.2465081548,0.1391160936,0.105115709,0.1731164782
synthetic_20250706,synthetic,2025-07-06,adapted,448,0.1394292925,12.51482484,1.078956122,1.164146312,0.0005821097227,0.9994178903,787.7716684,444.9188725,0.2468729766,0.1394292925,0.1054289079,0.1734296771
synthetic_20250706,synthetic,2025-07-06,adapted,449,0.1397420669,12.50256047,0.5463461946,0.2984941643,0.001936911349,0.9980630887,788.0701625,445.9169356,0.2469665191,0.1397420669,0.1057416823,0.1737424515
synthetic_20250706,synthetic,2025-07-06,adapted,450,0.1400494129,12.49016008,0.5075420081,0.25759889,0.01925885352,0.9807411465,788.3277614,446.8976767,0.2470472458,0.1400494129,0.1060490283,0.1740497975
synthetic_20250706,synthetic,2025-07-06,adapted,451,0.1403620714,12.47712645,-0.04812211027,0.002315737497,0.002306818752,0.9976931812,788.3300771,447.8953699,0.2470479715,0.1403620714,0.1063616868,0.174362456
synthetic_20250706,synthetic,2025-07-06,adapted,452,0.1406748003,12.46245045,1.051708809,1.106091419,0.00208198938,0.9979180106,789.4361686,448.8932879,0.2473946,0.1406748003,0.1066744157,0.1746751849
synthetic_20250706,synthetic,2025-07-06,adapted,453,0.1409866378,12.45081761,1.41500486,2.002238753,0.00492656579,0.9950734342,791.4384073,449.8883613,0.2480220643,0.1409866378,0.1069862532,0.1749870224
synthetic_20250706,synthetic,2025-07-06,adapted,454,0.1412941228,12.4283796,-0.347352505,0.1206537627,0.01881535602,0.981184644,791.5590611,450.869546,0.248059875,0.1412941228,0.1072937382,0.1752945074
synthetic_20250706,synthetic,2025-07-06,adapted,455,0.1416068455,12.42725324,0.5419339252,0.2936923792,0.002102045764,0.9978979542,791.8527535,451.8674439,0.2481519127,0.1416068455,0.1076064609,0.1756072301
synthetic_20250706,synthetic,2025-07-06,adapted,456,0.1419195768,12.41861057,0.2365682505,0.05596453715,0.002074415526,0.9979255845,791.908718,452.8653695,0.248169451,0.1419195768,0.1079191922,0.1759199614
synthetic_20250706,synthetic,2025-07-06,adapted,457,0.1422309154,12.40881138,0.4728799743,0.2236154701,0.006518552815,0.9934814472,792.1323335,453.858851,0.2482395279,0.1422309154,0.1082305308,0.1762313
synthetic_20250706,synthetic,2025-07-06,adapted,458,0.1425420481,12.40141952,-1.450446535,2.10379515,0.007175597322,0.9928244027,794.2361286,454.8516754,0.2488988181,0.1425420481,0.1085416635,0.1765424327
synthetic_20250706,synthetic,2025-07-06,adapted,459,0.1428545815,12.39764657,-0.611518411,0.373954767,0.002705917684,0.9972940823,794.6100834,455.8489694,0.2490160086,0.1428545815,0.1088541969,0.1768549661
synthetic_20250706,synthetic,2025-07-06,adapted,460,0.1431658551,12.381123,-0.5182186039,0.2685505214,0.006725696877,0.9932743031,794.8786339,456.8422437,0.2491001673,0.1431658551,0.1091654705,0.1771662397
synthetic_20250706,synthetic,2025-07-06,adapted,461,0.1434777687,12.37150964,-0.665256192,0.442565801,0.004683719392,0.9953162806,795.3211997,457.83756,0.2492388592,0.1434777687,0.1094773841,0.1774781533
synthetic_20250706,synthetic,2025-07-06,adapted,462,0.1437881827,12.36058111,-0.6152813638,0.3785711566,0.009468952014,0.990531048,795.6997709,458.8280911,0.2493574964,0.1437881827,0.1097877981,0.1777885673
synthetic_20250706,synthetic,2025-07-06,adapted,463,0.144100321,12.34766843,0.2681494555,0.0719041305,0.003966633807,0.9960333662,795.771675,459.8241244,0.2493800298,0.144100321,0.1100999364,0.1781007056
synthetic_20250706,synthetic,2025-07-06,adapted,464,0.1444131163,12.33178477,0.5146958938,0.2649118631,0.001870308972,0.998129691,796.0365869,460.8222541,0.2494630482,0.1444131163,0.1104127317,0.1784135009
synthetic_20250706,synthetic,2025-07-06,adapted,465,0.1447261878,12.32591965,-0.6581459989,0.4331561558,0.00098875965,0.9990112404,796.469743,461.8212654,0.2495987913,0.1447261878,0.1107258032,0.1787265724
synthetic_20250706,synthetic,2025-07-06,adapted,466,0.1450392516,12.32072345,-0.8804540482,0.775199331,0.001013542953,0.998986457,797.2449423,462.8202518,0.2498417243,0.1450392516,0.111038867,0.1790396362
synthetic_20250706,synthetic,2025-07-06,adapted,467,0.1453467549,12.30728947,-0.1433911347,0.02056101751,0.01875682921,0.9812431708,797.2655034,463.801495,0.2498481678,0.1453467549,0.1113463703,0.1793471395
synthetic_20250706,synthetic,2025-07-06,adapted,468,0.145653613,12.29015959,-1.614181787,2.605582842,0.02081604509,0.9791839549,799.8710862,464.780679,0.2506647089,0.145653613,0.1116532284,0.1796539976
synthetic_20250706,synthetic,2025-07-06,adapted,469,0.1459663227,12.27987319,-1.960478455,3.843475771,0.002143147059,0.9978568529,803.714562,465.7785358,0.2518691827,0.1459663227,0.1119659381,0.1799667073
synthetic_20250706,synthetic,2025-07-06,adapted,470,0.1462777142,12.27683868,-0.09382025296,0.008802239865,0.00634983976,0.9936501602,803.7233642,466.772186,0.2518719412,0.1462777142,0.1122773296,0.1802780988
synthetic_20250706,synthetic,2025-07-06,adapted,471,0.1465904327,12.26549086,-0.3742832736,0.1400879689,0.00211535878,0.9978846412,803.8634522,467.7700706,0.2519158421,0.1465904327,0.1125900481,0.1805908173
synthetic_20250706,synthetic,2025-07-06,adapted,472,0.1469028612,12.26384373,-1.197825228,1.434785276,0.00304058518,0.9969594148,805.2982375,468.76703,0.2523654771,0.1469028612,0.1129024766,0.1809032458
synthetic_20250706,synthetic,2025-07-06,adapted,473,0.1472159614,12.25180578,0.4942814171,0.2443141193,0.0008971141811,0.9991028858,805.5425516,469.7661329,0.2524420406,0.1472159614,0.1132155768,0.181216346
synthetic_20250706,synthetic,2025-07-06,adapted,474,0.1475284202,12.24157034,-0.7484194756,0.5601317114,0.002944134225,0.9970558658,806.1026833,470.7631888,0.2526175755,0.1475284202,0.1135280356,0.1815288048
synthetic_20250706,synthetic,2025-07-06,adapted,475,0.147838724,12.23609956,1.084464403,1.176063041,0.009820514426,0.9901794856,807.2787463,471.7533683,0.2529861317,0.147838724,0.1138383394,0.1818391086
synthetic_20250706,synthetic,2025-07-06,adapted,476,0.1481452335,12.2250794,-0.3873874403,0.1500690289,0.02192819381,0.9780718062,807.4288154,472.7314401,0.2530331606,0.1481452335,0.1141448489,0.1821456181
synthetic_20250706,synthetic,2025-07-06,adapted,477,0.1484558133,12.21087276,2.083073509,4.339195243,0.008939729363,0.9910602706,811.7680106,473.7225003,0.2543929836,0.1484558133,0.1144554287,0.1824561979
synthetic_20250706,synthetic,2025-07-06,adapted,478,0.14876872,12.20493318,-2.928038189,8.573407634,0.001514879184,0.9984851208,820.3414182,474.7209855,0.2570797299,0.14876872,0.1147683354,0.1827691046
synthetic_20250706,synthetic,2025-07-06,adapted,479,0.1490818453,12.18927326,0.004791937001,2.296266022e-05,0.0008170006849,0.9991829993,820.3414412,475.7201685,0.2570797371,0.1490818453,0.1150814607,0.1830822299
synthetic_20250706,synthetic,2025-07-06,adapted,480,0.1493951373,12.18585383,0.3178294637,0.101015568,0.00028521821,0.9997147818,820.4424568,476.7198832,0.2571113935,0.1493951373,0.1153947527,0.1833955219
synthetic_20250706,synthetic,2025-07-06,adapted,481,0.1497083001,12.17525209,2.859763633,8.178248035,0.0006977470486,0.999302253,828.6207048,477.7191855,0.2596743042,0.1497083001,0.1157079155,0.1837086847
synthetic_20250706,synthetic,2025-07-06,adapted,482,0.1500214749,12.16838644,0.8278687594,0.6853666829,0.0006591388155,0.9993408612,829.3060715,478.7185264,0.2598890854,0.1500214749,0.1160210903,0.1840218595
synthetic_20250706,synthetic,2025-07-06,adapted,483,0.150332588,12.15661906,0.2168937519,0.04704289961,0.007238148807,0.9927618512,829.3531144,479.7112882,0.2599038278,0.150332588,0.1163322034,0.1843329726
synthetic_20250706,synthetic,2025-07-06,adapted,484,0.1506427026,12.14495943,1.083150756,1.173215561,0.01042420478,0.9895757952,830.5263299,480.700864,0.2602714917,0.1506427026,0.116642318,0.1846430872
synthetic_20250706,synthetic,2025-07-06,adapted,485,0.1509542204,12.14218455,-0.5462416367,0.2983799257,0.005946834394,0.9940531656,830.8247099,481.6949172,0.2603649984,0.1509542204,0.1169538358,0.184954605
synthetic_20250706,synthetic,2025-07-06,adapted,486,0.1512674409,12.13098331,0.06070992854,0.003685695423,0.0005132205852,0.9994867794,830.8283956,482.6944039,0.2603661534,0.1512674409,0.1172670563,0.1852678255
synthetic_20250706,synthetic,2025-07-06,adapted,487,0.1515794515,12.11018154,1.141347336,1.302673741,0.004374348289,0.9956256517,832.1310693,483.6900296,0.2607743871,0.1515794515,0.1175790669,0.1855798361
synthetic_20250706,synthetic,2025-07-06,adapted,488,0.1518923857,12.1032997,0.4369790097,0.1909506549,0.001426936779,0.9985730632,832.32202,484.6886027,0.2608342275,0.1518923857,0.1178920011,0.1858927703
synthetic_20250706,synthetic,2025-07-06,adapted,489,0.152205222,12.08835332,-1.59118546,2.531871167,0.001739155066,0.9982608449,834.8538911,485.6868635,0.2616276688,0.152205222,0.1182048374,0.1862056066
synthetic_20250706,synthetic,2025-07-06,adapted,490,0.1525174943,12.0828757,-2.37151038,5.624061483,0.003539239155,0.9964607608,840.4779526,486.6833243,0.263390145,0.1525174943,0.1185171097,0.1865178789
synthetic_20250706,synthetic,2025-07-06,adapted,491,0.1528301653,12.07826979,0.2624591443,0.06888480245,0.002266866164,0.9977331338,840.5468374,487.6810574,0.2634117322,0.1528301653,0.1188297807,0.1868305499
synthetic_20250706,synthetic,2025-07-06,adapted,492,0.1531428522,12.06764097,1.083387462,1.173728392,0.002215978929,0.9977840211,841.7205658,488.6788414,0.2637795568,0.1531428522,0.1191424676,0.1871432368
synthetic_20250706,synthetic,2025-07-06,adapted,493,0.1534548594,12.06546083,-0.02023813577,0.0004095821394,0.004385152143,0.9956148479,841.7209754,489.6744563,0.2637796852,0.1534548594,0.1194544748,0.187455244
synthetic_20250706,synthetic,2025-07-06,adapted,494,0.1537669695,12.05603527,1.2246725,1.499822733,0.004056459892,0.9959435401,843.2207981,490.6703998,0.2642497017,0.1537669695,0.1197665849,0.1877673541
synthetic_20250706,synthetic,2025-07-06,adapted,495,0.1540795269,12.0442478,0.6553005711,0.4294188385,0.002629395415,0.9973706046,843.650217,491.6677704,0.2643842736,0.1540795269,0.1200791423,0.1880799115
synthetic_20250706,synthetic,2025-07-06,adapted,496,0.1543891175,12.03801364,0.1672302597,0.02796595977,0.01209648541,0.9879035146,843.6781829,492.6556739,0.2643930376,0.1543891175,0.1203887329,0.1883895021
synthetic_20250706,synthetic,2025-07-06,adapted,497,0.1547020856,12.02721721,-0.7141813082,0.510054941,0.001318727529,0.9986812725,844.1882379,493.6543552,0.2645528793,0.1547020856,0.120701701,0.1887024702
synthetic_20250706,synthetic,2025-07-06,adapted,498,0.1550133874,12.0208725,-0.4321726011,0.1867731571,0.006636095201,0.9933639048,844.375011,494.6477191,0.2646114105,0.1550133874,0.1210130028,0.189013772
synthetic_20250706,synthetic,2025-07-06,adapted,499,0.155321435,12.00921784,1.086848265,1.18123915,0.0170201572,0.9829798428,845.5562502,495.6306989,0.2649815889,0.155321435,0.1213210504,0.1893218196
synthetic_20250706,synthetic,2025-07-06,adapted,500,0.1556343932,11.99824692,1.105612291,1.222378539,0.001350133447,0.9986498666,846.7786287,496.6293488,0.2653646596,0.1556343932,0.1216340086,0.1896347778
synthetic_20250706,synthetic,2025-07-06,adapted,501,0.1559453359,11.98783538,0.04956064222,0.002456257257,0.007781814267,0.9922181857,846.781085,497.621567,0.2653654293,0.1559453359,0.1219449513,0.1899457205
synthetic_20250706,synthetic,2025-07-06,adapted,502,0.1562577921,11.98057255,0.1394608776,0.01944933637,0.002952264349,0.9970477357,846.8005343,498.6186147,0.2653715244,0.1562577921,0.1222574075,0.1902581767
synthetic_20250706,synthetic,2025-07-06,adapted,503,0.1565699822,11.97155143,-0.6103419529,0.3725172995,0.003801572114,0.9961984279,847.1730516,499.6148132,0.2654882644,0.1565699822,0.1225695976,0.1905703668
synthetic_20250706,synthetic,2025-07-06,adapted,504,0.1568788845,11.96693459,1.747561774,3.053972155,0.01429258492,0.9857074151,850.2270238,500.6005206,0.2664453224,0.1568788845,0.1228784999,0.1908792691
synthetic_20250706,synthetic,2025-07-06,adapted,505,0.1571919623,11.95641178,-0.06394273132,0.004088672888,0.0009689541815,0.9990310458,850.2311124,501.5995516,0.2664466037,0.1571919623,0.1231915777,0.1911923469
synthetic_20250706,synthetic,2025-07-06,adapted,506,0.1575031757,11.95314665,-0.6108936568,0.3731910599,0.00691807548,0.9930819245,850.6043035,502.5926336,0.2665635548,0.1575031757,0.1235027911,0.1915035603
synthetic_20250706,synthetic,2025-07-06,adapted,507,0.1578131398,11.94625286,0.7366391409,0.5426372239,0.01090439892,0.9890956011,851.1469407,503.5817292,0.2667336072,0.1578131398,0.1238127552,0.1918135244
synthetic_20250706,synthetic,2025-07-06,adapted,508,0.1581227506,11.93397184,1.981817745,3.927601576,0.01203188763,0.9879681124,855.0745423,504.5696973,0.2679644445,0.1581227506,0.124122366,0.1921231352
synthetic_20250706,synthetic,2025-07-06,adapted,509,0.1584344368,11.9253854,1.999767049,3.999068249,0.005409276367,0.9945907236,859.0736105,505.564288,0.269217678,0.1584344368,0.1244340522,0.1924348215
synthetic_20250706,synthetic,2025-07-06,adapted,510,0.1587442948,11.92373308,-0.01070633199,0.0001146255447,0.0112433878,0.9887566122,859.0737252,506.5530446,0.2692177139,0.1587442948,0.1247439102,0.1927446794
synthetic_20250706,synthetic,2025-07-06,adapted,511,0.1590517139,11.91046127,0.2933000688,0.08602493037,0.01902544529,0.9809745547,859.1597501,507.5340192,0.2692446725,0.1590517139,0.1250513293,0.1930520985
synthetic_20250706,synthetic,2025-07-06,adapted,512,0.1593617605,11.90929459,-1.184093481,1.402077373,0.01064137811,0.9893586219,860.5618275,508.5233778,0.2696840575,0.1593617605,0.1253613759,0.1933621451
synthetic_20250706,synthetic,2025-07-06,adapted,513,0.1596751108,11.89963252,1.205627517,1.453537709,9.934986906e-05,0.9999006501,862.0153652,509.5232784,0.2701395692,0.1596751108,0.1256747262,0.1936754954
synthetic_20250706,synthetic,2025-07-06,adapted,514,0.159987869,11.89494768,0.3444926052,0.118675155,0.001988408178,0.9980115918,862.1340403,510.52129,0.2701767597,0.159987869,0.1259874844,0.1939882536
synthetic_20250706,synthetic,2025-07-06,adapted,515,0.1602980045,11.89257809,0.02131223613,0.000454211409,0.0103577973,0.9896422027,862.1344945,511.5109322,0.2701769021,0.1602980045,0.1262976199,0.1942983891
synthetic_20250706,synthetic,2025-07-06,adapted,516,0.1606110085,11.89036481,-0.549742057,0.3022163292,0.001204187804,0.9987958122,862.4367109,512.509728,0.2702716111,0.1606110085,0.1266106239,0.1946113931
synthetic_20250706,synthetic,2025-07-06,adapted,517,0.1609146502,11.87709297,-1.002385077,1.004775844,0.0310794031,0.9689205969,863.4414867,513.4786486,0.2705864891,0.1609146502,0.1269142656,0.1949150348
synthetic_20250706,synthetic,2025-07-06,adapted,518,0.1612276341,11.86494859,-1.430195343,2.045458719,0.001268169453,0.9987318305,865.4869454,514.4773805,0.2712274978,0.1612276341,0.1272272495,0.1952280187
synthetic_20250706,synthetic,2025-07-06,adapted,519,0.1615403671,11.85811004,0.4344664629,0.1887611074,0.002069091557,0.9979309084,865.6757065,515.4753114,0.271286652,0.1615403671,0.1275399825,0.1955407517
synthetic_20250706,synthetic,2025-07-06,adapted,520,0.1618525907,11.83490798,-0.4444586704,0.1975435097,0.003694301689,0.9963056983,865.8732501,516.4716171,0.2713485585,0.1618525907,0.1278522061,0.1958529753
synthetic_20250706,synthetic,2025-07-06,adapted,521,0.1621641883,11.82894661,0.3072789625,0.0944203608,0.00569207922,0.9943079208,865.9676704,517.465925,0.271378148,0.1621641883,0.1281638037,0.1961645729
synthetic_20250706,synthetic,2025-07-06,adapted,522,0.1624769951,11.82593442,1.059551396,1.122649161,0.001833521821,0.9981664782,867.0903196,518.4640915,0.2717299654,0.1624769951,0.1284766105,0.1964773797
synthetic_20250706,synthetic,2025-07-06,adapted,523,0.1627902344,11.81111767,-0.6319950096,0.3994176921,0.0004535492665,0.9995464507,867.4897373,519.4636379,0.2718551355,0.1627902344,0.1287898498,0.196790619
synthetic_20250706,synthetic,2025-07-06,adapted,524,0.1631035175,11.80997872,-0.03879392358,0.001504968507,0.0003136437209,0.9996863563,867.4912422,520.4633243,0.2718556071,0.1631035175,0.1291031329,0.1971039021
synthetic_20250706,synthetic,2025-07-06,adapted,525,0.1634141695,11.80794012,-0.8042016594,0.646740309,0.008709331917,0.9912906681,868.1379825,521.4546149,0.2720582835,0.1634141695,0.1294137849,0.1974145541
synthetic_20250706,synthetic,2025-07-06,adapted,526,0.163726041,11.79436275,-0.8082988857,0.6533470887,0.004818117227,0.9951818828,868.7913296,522.4497968,0.2722630303,0.163726041,0.1297256564,0.1977264256
synthetic_20250706,synthetic,2025-07-06,adapted,527,0.1640391798,11.78578314,0.6036339375,0.3643739305,0.0007739541478,0.9992260459,869.1557036,523.4490229,0.2723772183,0.1640391798,0.1300387952,0.1980395644
synthetic_20250706,synthetic,2025-07-06,adapted,528,0.1643517989,11.78378985,1.029904382,1.060703037,0.002432652299,0.9975673477,870.2164066,524.4465902,0.2727096229,0.1643517989,0.1303514143,0.1983521835
synthetic_20250706,synthetic,2025-07-06,adapted,529,0.164663529,11.77651043,0.1410095038,0.01988368015,0.005269286595,0.9947307134,870.2362903,525.4413209,0.2727158541,0.164663529,0.1306631444,0.1986639136
synthetic_20250706,synthetic,2025-07-06,adapted,530,0.1649753735,11.76940111,1.297122203,1.682526011,0.004903981076,0.9950960189,871.9188163,526.436417,0.2732431264,0.1649753735,0.1309749889,0.1989757581
synthetic_20250706,synthetic,2025-07-06,adapted,531,0.165288595,11.76106106,-1.069073693,1.142918561,0.0005102078486,0.9994897922,873.0617349,527.4359067,0.2736012958,0.165288595,0.1312882104,0.1992889796
synthetic_20250706,synthetic,2025-07-06,adapted,532,0.1655955335,11.75961081,-0.2815379351,0.07926360889,0.0205592041,0.9794407959,873.1409985,528.4153475,0.2736261355,0.1655955335,0.1315951489,0.1995959181
synthetic_20250706,synthetic,2025-07-06,adapted,533,0.1659088475,11.75327557,0.4254036672,0.1809682801,0.0002151514602,0.9997848485,873.3219667,529.4151324,0.2736828476,0.1659088475,0.1319084629,0.1999092321
synthetic_20250706,synthetic,2025-07-06,adapted,534,0.1662161582,11.74615657,1.331460699,1.772787593,0.01937148939,0.9806285106,875.0947543,530.3957609,0.2742384062,0.1662161582,0.1322157736,0.2002165428
synthetic_20250706,synthetic,2025-07-06,adapted,535,0.1665294097,11.74221481,0.7786429957,0.6062849147,0.0004146886301,0.9995853114,875.7010392,531.3953462,0.2744284047,0.1665294097,0.1325290251,0.2005297943
synthetic_20250706,synthetic,2025-07-06,adapted,536,0.1668426318,11.7220465,0.6545681324,0.42845944,0.0005080155786,0.9994919844,876.1294987,532.3948382,0.2745626759,0.1668426318,0.1328422472,0.2008430164
synthetic_20250706,synthetic,2025-07-06,adapted,537,0.1671550694,11.71519861,0.6265790272,0.3926012773,0.003011788917,0.9969882111,876.5221,533.3918264,0.2746857098,0.1671550694,0.1331546848,0.201155454
synthetic_20250706,synthetic,2025-07-06,adapted,538,0.1674679968,11.70572539,0.09904761139,0.009810429323,0.001448524312,0.9985514757,876.5319104,534.3903779,0.2746887842,0.1674679968,0.1334676122,0.2014683814
synthetic_20250706,synthetic,2025-07-06,adapted,539,0.1677812532,11.69775581,-0.6441533219,0.4149335021,0.0003988201965,0.9996011798,876.9468439,535.3899791,0.2748188166,0.1677812532,0.1337808686,0.2017816378
synthetic_20250706,synthetic,2025-07-06,adapted,540,0.1680937938,11.68680249,-1.756498791,3.085288002,0.002683079023,0.997316921,880.0321319,536.387296,0.2757856885,0.1680937938,0.1340934092,0.2020941784
synthetic_20250706,synthetic,2025-07-06,adapted,541,0.1684069564,11.68234208,0.04810331182,0.002313928608,0.0006981379753,0.999301862,880.0344458,537.3865978,0.2757864136,0.1684069564,0.1344065718,0.202407341
synthetic_20250706,synthetic,2025-07-06,adapted,542,0.1687199814,11.67229128,-0.6180167401,0.3819446911,0.001137047017,0.998862953,880.4163905,538.3854608,0.275906108,0.1687199814,0.1347195968,0.202720366
synthetic_20250706,synthetic,2025-07-06,adapted,543,0.1690332153,11.66742859,0.7519389284,0.5654121521,0.0004706979168,0.9995293021,880.9818027,539.3849901,0.2760832976,0.1690332153,0.1350328307,0.2030335999
synthetic_20250706,synthetic,2025-07-06,adapted,544,0.1693462572,11.65682353,0.2846106169,0.08100320327,0.001083323677,0.9989166763,881.0628059,540.3839068,0.2761086825,0.1693462572,0.1353458726,0.2033466418
synthetic_20250706,synthetic,2025-07-06,adapted,545,0.1696590265,11.64869769,-0.6933620029,0.4807508671,0.001953132928,0.9980468671,881.5435567,541.3819536,0.2762593409,0.1696590265,0.1356586419,0.2036594111
synthetic_20250706,synthetic,2025-07-06,adapted,546,0.1699713983,11.63394169,-0.9517267476,0.9057838021,0.003221816779,0.9967781832,882.4493405,542.3787318,0.2765431967,0.1699713983,0.1359710137,0.2039717829
synthetic_20250706,synthetic,2025-07-06,adapted,547,0.170284393,11.62813062,-0.2702405832,0.07302997282,0.001233766032,0.998766234,882.5223705,543.3774981,0.2765660829,0.170284393,0.1362840084,0.2042847776
synthetic_20250706,synthetic,2025-07-06,adapted,548,0.1705972339,11.62638898,0.02082035564,0.0004334872088,0.001724704371,0.9982752956,882.522804,544.3757734,0.2765662187,0.1705972339,0.1365968493,0.2045976185
synthetic_20250706,synthetic,2025-07-06,adapted,549,0.1709104984,11.61933238,-0.9036671826,0.816614377,0.0003730678524,0.9996269321,883.3394184,545.3754003,0.2768221305,0.1709104984,0.1369101138,0.204910883
synthetic_20250706,synthetic,2025-07-06,adapted,550,0.1712236721,11.61284341,-0.5711418959,0.3262030653,0.0006627517716,0.9993372482,883.6656214,546.3747375,0.2769243565,0.1712236721,0.1372232875,0.2052240567
synthetic_20250706,synthetic,2025-07-06,adapted,551,0.1715370084,11.60244817,0.4940642055,0.2440994392,0.0001437353906,0.9998562646,883.9097209,547.3745938,0.2770008527,0.1715370084,0.1375366238,0.205537393
synthetic_20250706,synthetic,2025-07-06,adapted,552,0.171850098,11.58159525,0.0765018677,0.005852535762,0.0009310868506,0.9990689131,883.9155734,548.3736627,0.2770026868,0.171850098,0.1378497134,0.2058504826
synthetic_20250706,synthetic,2025-07-06,adapted,553,0.172163332,11.56995905,-0.5534265295,0.3062809236,0.000470229784,0.9995297702,884.2218543,549.3731925,0.2770986695,0.172163332,0.1381629474,0.2061637166
synthetic_20250706,synthetic,2025-07-06,adapted,554,0.1724761669,11.56633522,1.848227736,3.415945765,0.001743853307,0.9982561467,887.6378001,550.3714486,0.2781691633,0.1724761669,0.1384757823,0.2064765515
synthetic_20250706,synthetic,2025-07-06,adapted,555,0.1727890617,11.56138498,0.164462924,0.02704805339,0.001552733146,0.9984472669,887.6648482,551.3698959,0.2781776397,0.1727890617,0.1387886771,0.2067894463
synthetic_20250706,synthetic,2025-07-06,adapted,556,0.1731013751,11.5570254,-0.5539884848,0.3069032413,0.003407839008,0.996592161,887.9717514,552.3664881,0.2782738174,0.1731013751,0.1391009905,0.2071017597
synthetic_20250706,synthetic,2025-07-06,adapted,557,0.1734146515,11.54705338,0.4122815019,0.1699760368,0.000335234573,0.9996647654,888.1417274,553.3661528,0.2783270848,0.1734146515,0.1394142669,0.2074150361
synthetic_20250706,synthetic,2025-07-06,adapted,558,0.173719907,11.54121825,-1.3719421,1.882225127,0.02592952237,0.9740704776,890.0239526,554.3402233,0.2789169391,0.173719907,0.1397195224,0.2077202916
synthetic_20250706,synthetic,2025-07-06,adapted,559,0.1740330718,11.53215001,-0.7457546715,0.5561500301,0.0006912766587,0.9993087233,890.5801026,555.339532,0.2790912261,0.1740330718,0.1400326872,0.2080334564
synthetic_20250706,synthetic,2025-07-06,adapted,560,0.1743462676,11.51674886,-0.7168413476,0.5138615177,0.0005920188765,0.9994079811,891.0939641,556.33894,0.2792522608,0.1743462676,0.140345883,0.2083466522
synthetic_20250706,synthetic,2025-07-06,adapted,561,0.174659455,11.51232057,0.5626323536,0.3165551653,0.0006191191946,0.9993808808,891.4105193,557.3383209,0.2793514633,0.174659455,0.1406590704,0.2086598396
synthetic_20250706,synthetic,2025-07-06,adapted,562,0.1749727181,11.50669046,0.8004122647,0.6406597934,0.000377573543,0.9996224265,892.0511791,558.3379433,0.2795522341,0.1749727181,0.1409723335,0.2089731027
synthetic_20250706,synthetic,2025-07-06,adapted,563,0.1752857944,11.49635495,0.2513920818,0.06319797881,0.0009734520612,0.9990265479,892.1143771,559.3369699,0.2795720392,0.1752857944,0.1412854098,0.209286179
synthetic_20250706,synthetic,2025-07-06,adapted,564,0.1755989453,11.49371416,-0.154944569,0.02400781946,0.000735480827,0.9992645192,892.1383849,560.3362344,0.2795795628,0.1755989453,0.1415985607,0.2095993299
synthetic_20250706,synthetic,2025-07-06,adapted,565,0.1759121176,11.4887501,0.7435234001,0.5528270465,0.0006671506597,0.9993328493,892.6912119,561.3355672,0.2797528085,0.1759121176,0.141911733,0.2099125022
synthetic_20250706,synthetic,2025-07-06,adapted,566,0.1762224873,11.48394829,0.1431452487,0.02049056223,0.009610373257,0.9903896267,892.7117025,562.3259569,0.2797592299,0.1762224873,0.1422221027,0.2102228719
synthetic_20250706,synthetic,2025-07-06,adapted,567,0.1765354331,11.47423396,-0.4924268397,0.2424841924,0.00138976319,0.9986102368,892.9541867,563.3245671,0.2798352199,0.1765354331,0.1425350485,0.2105358177
synthetic_20250706,synthetic,2025-07-06,adapted,568,0.1768472286,11.46821776,1.724974562,2.975537238,0.005060603745,0.9949393963,895.9297239,564.3195065,0.2807676979,0.1768472286,0.142846844,0.2108476132
synthetic_20250706,synthetic,2025-07-06,adapted,569,0.1771587576,11.45332279,-0.005038691542,2.538841246e-05,0.005910989208,0.9940890108,895.9297493,565.3135955,0.2807677058,0.1771587576,0.143158373,0.2111591422
synthetic_20250706,synthetic,2025-07-06,adapted,570,0.1774718297,11.44893983,0.946456861,0.8957805897,0.0009869517605,0.9990130482,896.8255299,566.3126085,0.2810484268,0.1774718297,0.1434714451,0.2114722143
synthetic_20250706,synthetic,2025-07-06,adapted,571,0.1777848115,11.44790743,0.6530236895,0.4264399391,0.00127513647,0.9987248635,897.2519698,567.3113334,0.2811820651,0.1777848115,0.1437844269,0.2117851961
synthetic_20250706,synthetic,2025-07-06,adapted,572,0.1780974325,11.44093201,0.3839041688,0.1473824108,0.002426436053,0.9975735639,897.3993522,568.308907,0.281228252,0.1780974325,0.1440970479,0.2120978171
synthetic_20250706,synthetic,2025-07-06,adapted,573,0.1784106647,11.43558759,-1.225649726,1.502217251,0.0004760579983,0.999523942,898.9015695,569.3084309,0.281699019,0.1784106647,0.1444102801,0.2124110493
synthetic_20250706,synthetic,2025-07-06,adapted,574,0.178723565,11.42550335,-1.436278758,2.06289667,0.00153499436,0.9984650056,900.9644662,570.3068959,0.2823454924,0.178723565,0.1447231804,0.2127239496
synthetic_20250706,synthetic,2025-07-06,adapted,575,0.1790367732,11.41582803,-2.134267016,4.555095694,0.000552683704,0.9994473163,905.5195619,571.3063432,0.2837729746,0.1790367732,0.1450363886,0.2130371578
synthetic_20250706,synthetic,2025-07-06,adapted,576,0.1793494694,11.40948545,1.11200898,1.236563972,0.002186374249,0.9978136258,906.7561258,572.3041569,0.2841604907,0.1793494694,0.1453490848,0.213349854
synthetic_20250706,synthetic,2025-07-06,adapted,577,0.1796628102,11.40253153,0.2382531012,0.05676454025,0.0001293713692,0.9998706286,906.8128904,573.3040275,0.2841782797,0.1796628102,0.1456624256,0.2136631948
synthetic_20250706,synthetic,2025-07-06,adapted,578,0.1799754451,11.39333769,-0.03589905161,0.001288741906,0.002382054753,0.9976179452,906.8141791,574.3016454,0.2841786835,0.1799754451,0.1459750605,0.2139758297
synthetic_20250706,synthetic,2025-07-06,adapted,579,0.1802883297,11.38773499,0.8753776834,0.7662860886,0.00158548428,0.9984145157,907.5804652,575.30006,0.2844188233,0.1802883297,0.1462879451,0.2142887143
synthetic_20250706,synthetic,2025-07-06,adapted,580,0.1806016399,11.37564147,0.4290944852,0.1841220772,0.000226898044,0.999773102,907.7645873,576.2998331,0.2844765237,0.1806016399,0.1466012553,0.2146020245
synthetic_20250706,synthetic,2025-07-06,adapted,581,0.1809139733,11.37482824,1.868445687,3.491089284,0.003344143926,0.9966558561,911.2556766,577.2964889,0.2855705661,0.1809139733,0.1469135887,0.2149143579
synthetic_20250706,synthetic,2025-07-06,adapted,582,0.1812271254,11.36800279,0.5291888937,0.2800408853,0.0007317876299,0.9992682124,911.5357174,578.2957571,0.2856583257,0.1812271254,0.1472267408,0.21522751
synthetic_20250706,synthetic,2025-07-06,adapted,583,0.1815389892,11.36044934,1.296405743,1.680667851,0.004842524407,0.9951574756,913.2163853,579.2909146,0.2861850158,0.1815389892,0.1475386046,0.2155393738
synthetic_20250706,synthetic,2025-07-06,adapted,584,0.1818509048,11.35240097,0.08862433591,0.007854272915,0.00467744879,0.9953225512,913.2242396,580.2862372,0.2861874771,0.1818509048,0.1478505202,0.2158512894
synthetic_20250706,synthetic,2025-07-06,adapted,585,0.1821635726,11.34811661,-1.436797103,2.064385914,0.002277019438,0.9977229806,915.2886255,581.2839601,0.2868344173,0.1821635726,0.148163188,0.2161639572
synthetic_20250706,synthetic,2025-07-06,adapted,586,0.1824768132,11.34215078,0.3300164993,0.1089108898,0.0004493665127,0.9995506335,915.3975364,582.2835108,0.2868685479,0.1824768132,0.1484764286,0.2164771978
synthetic_20250706,synthetic,2025-07-06,adapted,587,0.1827900929,11.33267682,-0.5460943167,0.2982190028,0.0003244089456,0.9996755911,915.6957554,583.2831864,0.2869620042,0.1827900929,0.1487897083,0.2167904775
synthetic_20250706,synthetic,2025-07-06,adapted,588,0.183103039,11.3245199,-1.578529992,2.491756934,0.001389005683,0.9986109943,918.1875123,584.2817974,0.2877428744,0.183103039,0.1491026544,0.2171034236
synthetic_20250706,synthetic,2025-07-06,adapted,589,0.1834161095,11.3208938,0.3042694046,0.09257987059,0.0009919712039,0.9990080288,918.2800922,585.2808054,0.2877718872,0.1834161095,0.1494157249,0.2174164941
synthetic_20250706,synthetic,2025-07-06,adapted,590,0.1837292699,11.31345425,-1.271430056,1.616534387,0.000705006966,0.999294993,919.8966266,586.2801004,0.288278479,0.1837292699,0.1497288853,0.2177296545
synthetic_20250706,synthetic,2025-07-06,adapted,591,0.1840411435,11.30426309,-0.6198649255,0.3842325259,0.004811408574,0.9951885914,920.2808591,587.275289,0.2883988903,0.1840411435,0.1500407589,0.2180415281
synthetic_20250706,synthetic,2025-07-06,adapted,592,0.1843539912,11.30100361,0.9332355559,0.8709286027,0.001703037843,0.9982969622,921.1517877,588.2735859,0.2886718232,0.1843539912,0.1503536066,0.2183543758
synthetic_20250706,synthetic,2025-07-06,adapted,593,0.1846671246,11.2920128,-0.5668371295,0.3213043314,0.0007913933372,0.9992086067,921.473092,589.2727945,0.288772514,0.1846671246,0.15066674,0.2186675092
synthetic_20250706,synthetic,2025-07-06,adapted,594,0.1849794128,11.28841404,0.6409063525,0.4107609526,0.003488407167,0.9965115928,921.883853,590.2693061,0.2889012388,0.1849794128,0.1509790282,0.2189797974
synthetic_20250706,synthetic,2025-07-06,adapted,595,0.185292765,11.28634581,-0.3213762773,0.1032827116,9.31627377e-05,0.9999068373,921.9871357,591.269213,0.2889336057,0.185292765,0.1512923804,0.2192931496
synthetic_20250706,synthetic,2025-07-06,adapted,596,0.1856058922,11.277929,-0.4994504877,0.2494507897,0.0008108222425,0.9991891778,922.2365865,592.2684021,0.2890117789,0.1856058922,0.1516055076,0.2196062768
synthetic_20250706,synthetic,2025-07-06,adapted,597,0.18591882,11.26585715,-1.789070191,3.200772149,0.001447439009,0.998552561,925.4373586,593.2669547,0.2900148413,0.18591882,0.1519184354,0.2199192046
synthetic_20250706,synthetic,2025-07-06,adapted,598,0.1862318553,11.26410683,1.019426261,1.039229902,0.001104282741,0.9988957173,926.4765885,594.2658504,0.2903405166,0.1862318553,0.1522314707,0.2202322399
synthetic_20250706,synthetic,2025-07-06,adapted,599,0.1865444847,11.25820296,-1.217280046,1.48177071,0.002399701496,0.9976002985,927.9583592,595.2634507,0.290804876,0.1865444847,0.1525441001,0.2205448693
synthetic_20250706,synthetic,2025-07-06,adapted,600,0.1868578039,11.24979575,-0.60050321,0.3606041053,0.0001983313032,0.9998016687,928.3189633,596.2632524,0.2909178826,0.1868578039,0.1528574193,0.2208581885
synthetic_20250706,synthetic,2025-07-06,adapted,601,0.1871707159,11.24331217,0.09832506189,0.009667817795,0.001498055052,0.9985019449,928.3286312,597.2617543,0.2909209123,0.1871707159,0.1531703313,0.2211711005
synthetic_20250706,synthetic,2025-07-06,adapted,602,0.1874835476,11.23822959,-0.04071471511,0.001657688026,0.001753996184,0.9982460038,928.3302889,598.2600003,0.2909214318,0.1874835476,0.153483163,0.2214839322
synthetic_20250706,synthetic,2025-07-06,adapted,603,0.1877967328,11.23457351,0.1414847975,0.02001794792,0.0006261296585,0.9993738703,928.3503068,599.2593742,0.290927705,0.1877967328,0.1537963481,0.2217971174
synthetic_20250706,synthetic,2025-07-06,adapted,604,0.1881100354,11.224212,0.4156512082,0.1727659269,0.0002513817426,0.9997486183,928.5230727,600.2591228,0.2909818467,0.1881100354,0.1541096508,0.22211042
synthetic_20250706,synthetic,2025-07-06,adapted,605,0.1884222927,11.2170682,-0.3627115852,0.1315596941,0.003586680629,0.9964133194,928.6546324,601.2555361,0.291023075,0.1884222927,0.1544219081,0.2224226773
synthetic_20250706,synthetic,2025-07-06,adapted,606,0.1887317008,11.20954844,-0.6779041808,0.4595540784,0.01267884954,0.9873211505,929.1141865,602.2428573,0.2911670907,0.1887317008,0.1547313162,0.2227320854
synthetic_20250706,synthetic,2025-07-06,adapted,607,0.1890448428,11.1993218,-1.699539342,2.888433974,0.0007638479905,0.999236152,932.0026205,603.2420934,0.2920722722,0.1890448428,0.1550444582,0.2230452274
synthetic_20250706,synthetic,2025-07-06,adapted,608,0.1893579443,11.19888213,1.318672914,1.738898255,0.0008932281372,0.9991067719,933.7415187,604.2412002,0.2926172105,0.1893579443,0.1553575597,0.2233583289
synthetic_20250706,synthetic,2025-07-06,adapted,609,0.1896711356,11.19326624,-0.03277050645,0.001073906093,0.000606572175,0.9993934278,933.7425926,605.2405936,0.292617547,0.1896711356,0.155670751,0.2236715202
synthetic_20250706,synthetic,2025-07-06,adapted,610,0.18998444,11.19092638,1.326434622,1.759428805,0.0002455928114,0.9997544072,935.5020214,606.2403481,0.2931689193,0.18998444,0.1559840554,0.2239848246
synthetic_20250706,synthetic,2025-07-06,adapted,611,0.1902966411,11.17938995,-0.2953724211,0.08724486715,0.003766266653,0.9962337333,935.5892663,607.2365818,0.2931962602,0.1902966411,0.1562962565,0.2242970257
synthetic_20250706,synthetic,2025-07-06,adapted,612,0.1906096159,11.16965763,0.02206847687,0.0004870176713,0.001297382381,0.9987026176,935.5897533,608.2352844,0.2931964128,0.1906096159,0.1566092313,0.2246100005
synthetic_20250706,synthetic,2025-07-06,adapted,613,0.1909226685,11.16638119,-0.2965044307,0.0879148774,0.001049150194,0.9989508498,935.6776682,609.2342353,0.2932239637,0.1909226685,0.1569222839,0.2249230531
synthetic_20250706,synthetic,2025-07-06,adapted,614,0.1912359611,11.15708116,-0.04485390133,0.002011872465,0.0002832607585,0.9997167392,935.6796801,610.233952,0.2932245942,0.1912359611,0.1572355765,0.2252363457
synthetic_20250706,synthetic,2025-07-06,adapted,615,0.1915491703,11.15322896,0.7838747061,0.6144595548,0.0005495549645,0.999450445,936.2941396,611.2334024,0.2934171544,0.1915491703,0.1575487857,0.2255495549
synthetic_20250706,synthetic,2025-07-06,adapted,616,0.191861657,11.14681758,1.410483157,1.989462737,0.002855013955,0.997144986,938.2836024,612.2305474,0.294040615,0.191861657,0.1578612724,0.2258620416
synthetic_20250706,synthetic,2025-07-06,adapted,617,0.1921743686,11.14013566,1.95449065,3.820033701,0.00213717024,0.9978628298,942.1036361,613.2284103,0.2952377424,0.1921743686,0.158173984,0.2261747532
synthetic_20250706,synthetic,2025-07-06,adapted,618,0.1924870173,11.13684284,0.0054548572,2.975546707e-05,0.002337911254,0.9976620887,942.1036658,614.2260723,0.2952377517,0.1924870173,0.1584866327,0.2264874019
synthetic_20250706,synthetic,2025-07-06,adapted,619,0.1927983834,11.12615172,0.4796380472,0.2300526564,0.006430870851,0.9935691291,942.3337185,615.2196415,0.295309846,0.1927983834,0.1587979988,0.226798768
synthetic_20250706,synthetic,2025-07-06,adapted,620,0.1931098999,11.11713493,-1.118211005,1.250395852,0.005950880891,0.9940491191,943.5841143,616.2136906,0.2957016968,0.1931098999,0.1591095153,0.2271102845
synthetic_20250706,synthetic,2025-07-06,adapted,621,0.1934220632,11.1145464,1.03774972,1.076924481,0.003886833282,0.9961131667,944.6610388,617.2098038,0.2960391848,0.1934220632,0.1594216786,0.2274224478
synthetic_20250706,synthetic,2025-07-06,adapted,622,0.1937353464,11.11048111,-1.610779709,2.59461127,0.0003133907101,0.9996866093,947.2556501,618.2094904,0.2968522877,0.1937353464,0.1597349618,0.227735731
synthetic_20250706,synthetic,2025-07-06,adapted,623,0.1940485781,11.10094225,0.2365698445,0.05596529132,0.0004775423234,0.9995224577,947.3116154,619.2090128,0.2968698262,0.1940485781,0.1600481935,0.2280489627
synthetic_20250706,synthetic,2025-07-06,adapted,624,0.1943618006,11.09643616,0.9219057619,0.8499102338,0.0005070236358,0.9994929764,948.1615256,620.2085058,0.2971361722,0.1943618006,0.160361416,0.2283621852
synthetic_20250706,synthetic,2025-07-06,adapted,625,0.1946739497,11.09173683,-1.676249204,2.809811392,0.003932391882,0.9960676081,950.971337,621.2045734,0.2980167148,0.1946739497,0.1606735651,0.2286743343
synthetic_20250706,synthetic,2025-07-06,adapted,626,0.1949872323,11.08398355,0.3890766698,0.151380655,0.0003152101646,0.9996847898,951.1227177,622.2042582,0.2980641547,0.1949872323,0.1609868477,0.2289876169
synthetic_20250706,synthetic,2025-07-06,adapted,627,0.1953005132,11.07574279,0.03608434919,0.001302080256,0.0003206419369,0.9996793581,951.1240197,623.2039376,0.2980645628,0.1953005132,0.1613001286,0.2293008978
synthetic_20250706,synthetic,2025-07-06,adapted,628,0.1956132765,11.06502327,0.04194676416,0.001759531024,0.001972316956,0.998027683,951.1257793,624.2019652,0.2980651142,0.1956132765,0.1616128919,0.2296136611
synthetic_20250706,synthetic,2025-07-06,adapted,629,0.1959265839,11.06247287,0.2914087044,0.08491903301,0.0002359514233,0.9997640486,951.2106983,625.2017293,0.2980917262,0.1959265839,0.1619261993,0.2299269685
synthetic_20250706,synthetic,2025-07-06,adapted,630,0.1962396135,11.05613857,0.6114757015,0.3739025335,0.001122597416,0.9988774026,951.5846008,626.2006067,0.2982089003,0.1962396135,0.1622392289,0.2302399981
synthetic_20250706,synthetic,2025-07-06,adapted,631,0.1965527352,11.04708611,0.1350575387,0.01824053875,0.0008285240181,0.999171476,951.6028414,627.1997782,0.2982146165,0.1965527352,0.1625523506,0.2305531198
synthetic_20250706,synthetic,2025-07-06,adapted,632,0.1968659754,11.04123818,-1.65710641,2.746001654,0.00045056339,0.9995494366,954.348843,628.1993276,0.2990751623,0.1968659754,0.1628655908,0.23086636
synthetic_20250706,synthetic,2025-07-06,adapted,633,0.1971791588,11.03208865,-0.3228473831,0.1042304328,0.000631748107,0.9993682519,954.4530735,629.1986959,0.2991078262,0.1971791588,0.1631787742,0.2311795434
synthetic_20250706,synthetic,2025-07-06,adapted,634,0.1974923147,11.03075519,0.8891542788,0.7905953315,0.0007197671787,0.9992802328,955.2436688,630.1979761,0.2993555841,0.1974923147,0.1634919301,0.2314926993
synthetic_20250706,synthetic,2025-07-06,adapted,635,0.1978053854,11.02938505,-0.8686259805,0.7545110941,0.0009913654992,0.9990086345,955.9981799,631.1969847,0.2995920338,0.1978053854,0.1638050008,0.23180577
synthetic_20250706,synthetic,2025-07-06,adapted,636,0.1981186239,11.02231978,0.297593978,0.08856217572,0.0004557587964,0.9995442412,956.0867421,632.196529,0.2996197875,0.1981186239,0.1641182393,0.2321190085
synthetic_20250706,synthetic,2025-07-06,adapted,637,0.1984316518,11.01861087,1.996886571,3.987555977,0.001127970125,0.9988720299,960.074298,633.195401,0.3008694134,0.1984316518,0.1644312672,0.2324320364
synthetic_20250706,synthetic,2025-07-06,adapted,638,0.1987430483,11.01094129,-0.7230468061,0.5227966839,0.006333999623,0.9936660004,960.5970947,634.189067,0.3010332481,0.1987430483,0.1647426637,0.2327434329
synthetic_20250706,synthetic,2025-07-06,adapted,639,0.1990559351,11.00633515,0.4947020344,0.2447301028,0.001578221269,0.9984217787,960.8418248,635.1874888,0.301109942,0.1990559351,0.1650555505,0.2330563197
synthetic_20250706,synthetic,2025-07-06,adapted,640,0.1993691333,10.99999721,0.04218324194,0.001779425901,0.0005842751956,0.9994157248,960.8436042,636.1869045,0.3011104996,0.1993691333,0.1653687487,0.2333695179
synthetic_20250706,synthetic,2025-07-06,adapted,641,0.1996823816,10.99244987,1.044346649,1.090659923,0.0004247365369,0.9995752635,961.9342642,637.1864798,0.3014522921,0.1996823816,0.165681997,0.2336827662
synthetic_20250706,synthetic,2025-07-06,adapted,642,0.1999955861,10.98237816,-1.016453274,1.033177258,0.0005644524843,0.9994355475,962.9674414,638.1859153,0.3017760706,0.1999955861,0.1659952015,0.2339959707
synthetic_20250706,synthetic,2025-07-06,adapted,643,0.2003083831,10.97671522,-1.218867686,1.485638436,0.001864726267,0.9981352737,964.4530799,639.1840506,0.3022416421,0.2003083831,0.1663079985,0.2343087677
synthetic_20250706,synthetic,2025-07-06,adapted,644,0.2006216738,10.9674042,0.04160627237,0.001731081901,0.0002894228526,0.9997105771,964.4548109,640.1837612,0.3022421846,0.2006216738,0.1666212892,0.2346220584
synthetic_20250706,synthetic,2025-07-06,adapted,645,0.2009346951,10.96179273,-1.53540821,2.357478371,0.001149015887,0.9988509841,966.8122893,641.1826121,0.3029809744,0.2009346951,0.1669343105,0.2349350797
synthetic_20250706,synthetic,2025-07-06,adapted,646,0.2012477212,10.9524928,-0.515484506,0.265724276,0.001133897355,0.9988661026,967.0780136,642.1814782,0.3030642474,0.2012477212,0.1672473366,0.2352481058
synthetic_20250706,synthetic,2025-07-06,adapted,647,0.2015605567,10.94213843,1.413847724,1.998965385,0.00174192767,0.9982580723,969.076979,643.1797363,0.303690686,0.2015605567,0.1675601721,0.2355609413
synthetic_20250706,synthetic,2025-07-06,adapted,648,0.2018736656,10.93960081,0.3828307167,0.1465593577,0.0008694863368,0.9991305137,969.2235383,644.1788668,0.303736615,0.2018736656,0.167873281,0.2358740502
synthetic_20250706,synthetic,2025-07-06,adapted,649,0.2021867226,10.93368076,-2.000694105,4.0027769,0.001035114274,0.9989648857,973.2263152,645.1778317,0.3049910107,0.2021867226,0.168186338,0.2361871072
synthetic_20250706,synthetic,2025-07-06,adapted,650,0.202498475,10.93247982,0.6962123043,0.4847115727,0.005198120016,0.99480188,973.7110268,646.1726336,0.3051429103,0.202498475,0.1684980904,0.2364988596
synthetic_20250706,synthetic,2025-07-06,adapted,651,0.2028116908,10.9254767,0.5927349406,0.3513347098,0.0005283584603,0.9994716415,974.0623615,647.1721052,0.3052530121,0.2028116908,0.1688113062,0.2368120754
synthetic_20250706,synthetic,2025-07-06,adapted,652,0.203124614,10.91109923,-1.289667099,1.663241226,0.001461969108,0.9985380309,975.7256027,648.1706433,0.3057742409,0.203124614,0.1691242294,0.2371249986
synthetic_20250706,synthetic,2025-07-06,adapted,653,0.2034378575,10.9065019,1.296538959,1.681013271,0.0004400231672,0.9995599768,977.406616,649.1702032,0.3063010392,0.2034378575,0.1694374729,0.2374382421
synthetic_20250706,synthetic,2025-07-06,adapted,654,0.2037511962,10.90156476,-2.424026119,5.875902626,0.0001363307154,0.9998636693,983.2825186,650.1700669,0.3081424377,0.2037511962,0.1697508116,0.2377515808
synthetic_20250706,synthetic,2025-07-06,adapted,655,0.204064371,10.89832533,-0.4703940234,0.2212705372,0.000659017371,0.9993409826,983.5037892,651.1694079,0.3082117798,0.204064371,0.1700639864,0.2380647556
synthetic_20250706,synthetic,2025-07-06,adapted,656,0.2043765895,10.89086977,-0.09839779807,0.009682126666,0.003710843329,0.9962891567,983.5134713,652.1656971,0.3082148139,0.2043765895,0.1703762049,0.2383769741
synthetic_20250706,synthetic,2025-07-06,adapted,657,0.2046894746,10.88442945,-0.9334508598,0.8713305077,0.00158349139,0.9984165086,984.3848018,653.1641136,0.3084878727,0.2046894746,0.17068909,0.2386898592
synthetic_20250706,synthetic,2025-07-06,adapted,658,0.2050026084,10.88139393,0.9880344512,0.9762120768,0.0007900879637,0.999209912,985.3610139,654.1633235,0.3087937994,0.2050026084,0.1710022238,0.239002993
synthetic_20250706,synthetic,2025-07-06,adapted,659,0.2053158785,10.86738669,-0.9407429448,0.8849972881,0.0003552190693,0.9996447809,986.2460112,655.1629683,0.3090711411,0.2053158785,0.1713154939,0.2393162631
synthetic_20250706,synthetic,2025-07-06,adapted,660,0.2056291298,10.86269325,-1.306902495,1.70799413,0.0004149704644,0.9995850295,987.9540053,656.1625533,0.3096063946,0.2056291298,0.1716287452,0.2396295144
synthetic_20250706,synthetic,2025-07-06,adapted,661,0.2059419779,10.85776184,-1.234923514,1.525036086,0.001701794743,0.9982982053,989.4790414,657.1608515,0.3100843126,0.2059419779,0.1719415933,0.2399423625
synthetic_20250706,synthetic,2025-07-06,adapted,662,0.2062552676,10.84777279,1.675728545,2.808066156,0.0002926532691,0.9997073467,992.2871076,658.1605588,0.3109643082,0.2062552676,0.172254883,0.2402556522
synthetic_20250706,synthetic,2025-07-06,adapted,663,0.2065685577,10.84281292,-1.250045431,1.562613578,0.0002913180921,0.9997086819,993.8497211,659.1602675,0.3114540022,0.2065685577,0.1725681731,0.2405689423
synthetic_20250706,synthetic,2025-07-06,adapted,664,0.2068817434,10.83487037,-1.354250211,1.833993634,0.0006243279975,0.999375672,995.6837148,660.1596432,0.3120287417,0.2068817434,0.1728813588,0.240882128
synthetic_20250706,synthetic,2025-07-06,adapted,665,0.207195034,10.82766177,1.218853292,1.485603346,0.0002897413723,0.9997102586,997.1693181,661.1593535,0.3124943021,0.207195034,0.1731946494,0.2411954186
synthetic_20250706,synthetic,2025-07-06,adapted,666,0.2075083193,10.82612584,-0.01796976445,0.0003229124342,0.0003065266804,0.9996934733,997.169641,662.1590469,0.3124944033,0.2075083193,0.1735079347,0.2415087039
synthetic_20250706,synthetic,2025-07-06,adapted,667,0.2078215109,10.81817269,1.001883394,1.003770334,0.0006056493084,0.9993943507,998.1734114,663.1584413,0.3128089663,0.2078215109,0.1738211263,0.2418218955
synthetic_20250706,synthetic,2025-07-06,adapted,668,0.2081342674,10.81778188,0.7702846715,0.5933384751,0.001993921963,0.998006078,998.7667498,664.1564474,0.3129949075,0.2081342674,0.1741338828,0.242134652
synthetic_20250706,synthetic,2025-07-06,adapted,669,0.2084472517,10.80644515,-0.360458887,0.1299306092,0.001267081041,0.998732919,998.8966804,665.1551803,0.3130356253,0.2084472517,0.1744468671,0.2424476363
synthetic_20250706,synthetic,2025-07-06,adapted,670,0.2087603226,10.80186423,-0.7122637305,0.5073196218,0.0009907994393,0.9990092006,999.4040001,666.1541895,0.3131946099,0.2087603226,0.174759938,0.2427607072
synthetic_20250706,synthetic,2025-07-06,adapted,671,0.2090734811,10.79639032,-0.7565001243,0.5722924381,0.0007112578848,0.9992887421,999.9762925,667.1534782,0.3133739557,0.2090734811,0.1750730965,0.2430738657
synthetic_20250706,synthetic,2025-07-06,adapted,672,0.2093867812,10.79207651,-1.513353064,2.290237497,0.0002594828849,0.9997405171,1002.26653,668.1532187,0.3140916735,0.2093867812,0.1753863966,0.2433871658
synthetic_20250706,synthetic,2025-07-06,adapted,673,0.2096994462,10.79005165,0.2495303584,0.06226539975,0.00228601948,0.9977139805,1002.328795,669.1509327,0.3141111863,0.2096994462,0.1756990616,0.2436998308
synthetic_20250706,synthetic,2025-07-06,adapted,674,0.2100126804,10.78022617,-0.5314812251,0.2824722926,0.0004695483395,0.9995304517,1002.611268,670.1504632,0.3141997078,0.2100126804,0.1760122958,0.244013065
synthetic_20250706,synthetic,2025-07-06,adapted,675,0.2103255006,10.77302754,-0.3787785923,0.143473222,0.001790863329,0.9982091367,1002.754741,671.1486723,0.3142446697,0.2103255006,0.176325116,0.2443258852
synthetic_20250706,synthetic,2025-07-06,adapted,676,0.2106386534,10.76746686,1.510629354,2.282001046,0.0007293970734,0.9992706029,1005.036742,672.1479429,0.3149598063,0.2106386534,0.1766382688,0.244639038
synthetic_20250706,synthetic,2025-07-06,adapted,677,0.2109517669,10.76361143,0.5069558473,0.2570042312,0.0008546755693,0.9991453244,1005.293746,673.1470882,0.3150403467,0.2109517669,0.1769513823,0.2449521515
synthetic_20250706,synthetic,2025-07-06,adapted,678,0.2112649735,10.75743519,0.2145798356,0.04604450585,0.0005577028576,0.9994422971,1005.339791,674.1465305,0.3150547762,0.2112649735,0.1772645889,0.2452653581
synthetic_20250706,synthetic,2025-07-06,adapted,679,0.2115782963,10.75243844,0.716262432,0.5130318715,0.0001871586613,0.9998128413,1005.852823,675.1463434,0.3152155508,0.2115782963,0.1775779117,0.2455786809
synthetic_20250706,synthetic,2025-07-06,adapted,680,0.2118909528,10.74344687,-2.454006765,6.022149201,0.002312991993,0.997687008,1011.874972,676.1440304,0.3171027802,0.2118909528,0.1778905682,0.2458913374
synthetic_20250706,synthetic,2025-07-06,adapted,681,0.2122036179,10.73360767,-1.365126624,1.863570699,0.002285624565,0.9977143754,1013.738542,677.1417448,0.3176867886,0.2122036179,0.1782032333,0.2462040025
synthetic_20250706,synthetic,2025-07-06,adapted,682,0.2125168902,10.72033249,0.5402240792,0.2918420558,0.0003480212118,0.9996519788,1014.030385,678.1413967,0.3177782465,0.2125168902,0.1785165056,0.2465172748
synthetic_20250706,synthetic,2025-07-06,adapted,683,0.2128301696,10.71348996,0.3885964019,0.1510071636,0.0003255542518,0.9996744457,1014.181392,679.1410712,0.3178255693,0.2128301696,0.178829785,0.2468305542
synthetic_20250706,synthetic,2025-07-06,adapted,684,0.2131434723,10.70532512,-0.4598804946,0.2114900693,0.0002511065258,0.9997488935,1014.392882,680.1408201,0.3178918464,0.2131434723,0.1791430877,0.2471438569
synthetic_20250706,synthetic,2025-07-06,adapted,685,0.2134567653,10.69784666,0.4721437548,0.2229197252,0.0002820481284,0.9997179519,1014.615801,681.140538,0.3179617053,0.2134567653,0.1794563807,0.2474571499
synthetic_20250706,synthetic,2025-07-06,adapted,686,0.2137700184,10.68945448,-0.3222461493,0.1038425808,0.000409429199,0.9995905708,1014.719644,682.1401286,0.3179942476,0.2137700184,0.1797696338,0.247770403
synthetic_20250706,synthetic,2025-07-06,adapted,687,0.2140830661,10.68494999,0.003370437201,1.135984693e-05,0.001064820542,0.9989351795,1014.719655,683.1390638,0.3179942512,0.2140830661,0.1800826815,0.2480834507
synthetic_20250706,synthetic,2025-07-06,adapted,688,0.2143961605,10.67954274,-0.1925788724,0.0370866221,0.0009154985324,0.9990845015,1014.756742,684.1381483,0.3180058734,0.2143961605,0.1803957759,0.2483965451
synthetic_20250706,synthetic,2025-07-06,adapted,689,0.2147090281,10.67810477,-0.6665923415,0.4443453498,0.001639742543,0.9983602575,1015.201087,685.1365085,0.318145123,0.2147090281,0.1807086435,0.2487094127
synthetic_20250706,synthetic,2025-07-06,adapted,690,0.215021798,10.6674475,0.04131099858,0.001706598603,0.001951066753,0.9980489332,1015.202794,686.1345575,0.3181456578,0.215021798,0.1810214134,0.2490221826
synthetic_20250706,synthetic,2025-07-06,adapted,691,0.2153349215,10.66252603,-0.7486986628,0.5605496877,0.0008228061875,0.9991771938,1015.763344,687.1337347,0.3183213236,0.2153349215,0.1813345369,0.2493353061
synthetic_20250706,synthetic,2025-07-06,adapted,692,0.2156480111,10.6553108,-0.9559938016,0.9139241487,0.0009310884734,0.9990689115,1016.677268,688.1328036,0.3186077304,0.2156480111,0.1816476265,0.2496483957
synthetic_20250706,synthetic,2025-07-06,adapted,693,0.2159612121,10.64629501,-0.5027963576,0.2528041773,0.0005756181946,0.9994243818,1016.930072,689.1322279,0.3186869546,0.2159612121,0.1819608275,0.2499615967
synthetic_20250706,synthetic,2025-07-06,adapted,694,0.2162745319,10.64073228,1.220056126,1.488536952,0.000196523399,0.9998034766,1018.418609,690.1320314,0.3191534343,0.2162745319,0.1822741473,0.2502749165
synthetic_20250706,synthetic,2025-07-06,adapted,695,0.2165878626,10.63464985,-0.3543708563,0.1255787038,0.0001620270814,0.9998379729,1018.544188,691.1318694,0.3191927884,0.2165878626,0.182587478,0.2505882472
synthetic_20250706,synthetic,2025-07-06,adapted,696,0.2169009487,10.63043483,0.2011184153,0.04044861699,0.0009420406827,0.9990579593,1018.584636,692.1309274,0.3192054642,0.2169009487,0.1829005641,0.2509013333
synthetic_20250706,synthetic,2025-07-06,adapted,697,0.2172142471,10.62563038,0.9794753225,0.9593719073,0.0002649195529,0.9997350804,1019.544008,693.1306624,0.3195061135,0.2172142471,0.1832138625,0.2512146317
synthetic_20250706,synthetic,2025-07-06,adapted,698,0.2175275727,10.62077548,-0.3748114956,0.1404836572,0.0001777986348,0.9998222014,1019.684492,694.1304846,0.3195501385,0.2175275727,0.1835271881,0.2515279573
synthetic_20250706,synthetic,2025-07-06,adapted,699,0.2178408336,10.61334023,0.9399404436,0.8834880376,0.0003844907452,0.9996155093,1020.56798,695.1301001,0.3198270072,0.2178408336,0.183840449,0.2518412182
synthetic_20250706,synthetic,2025-07-06,adapted,700,0.2181539401,10.60788611,0.03966538123,0.001573342468,0.0008771424255,0.9991228576,1020.569553,696.129223,0.3198275002,0.2181539401,0.1841535555,0.2521543247
synthetic_20250706,synthetic,2025-07-06,adapted,701,0.2184669898,10.60352485,0.08287846708,0.006868840305,0.001058620315,0.9989413797,1020.576422,697.1281644,0.3198296528,0.2184669898,0.1844666052,0.2524673744
synthetic_20250706,synthetic,2025-07-06,adapted,702,0.2187799485,10.60127721,-0.7291915488,0.5317203148,0.001348855531,0.9986511445,1021.108142,698.1268155,0.319996284,0.2187799485,0.1847795639,0.2527803331
synthetic_20250706,synthetic,2025-07-06,adapted,703,0.2190928935,10.59710999,0.4082929696,0.166703149,0.001392381634,0.9986076184,1021.274846,699.1254231,0.3200485257,0.2190928935,0.1850925089,0.2530932781
synthetic_20250706,synthetic,2025-07-06,adapted,704,0.219406146,10.59407914,0.2708711545,0.07337118232,0.0004112430653,0.9995887569,1021.348217,700.1250119,0.3200715189,0.219406146,0.1854057614,0.2534065306
synthetic_20250706,synthetic,2025-07-06,adapted,705,0.2197192045,10.58919336,-1.237355539,1.531048729,0.00103035516,0.9989696448,1022.879265,701.1239816,0.320551321,0.2197192045,0.1857188199,0.2537195891
synthetic_20250706,synthetic,2025-07-06,adapted,706,0.2200321857,10.582205,0.5632454475,0.3172454342,0.001276929569,0.9987230704,1023.196511,702.1227046,0.3206507399,0.2200321857,0.1860318011,0.2540325703
synthetic_20250706,synthetic,2025-07-06,adapted,707,0.220345465,10.57916475,0.3901310795,0.1522022592,0.0003258330005,0.999674167,1023.348713,703.1223788,0.3206984372,0.220345465,0.1863450804,0.2543458496
synthetic_20250706,synthetic,2025-07-06,adapted,708,0.2206584812,10.57626141,0.5331641485,0.2842640092,0.001165159442,0.9988348406,1023.632977,704.1212136,0.3207875203,0.2206584812,0.1866580966,0.2546588658
synthetic_20250706,synthetic,2025-07-06,adapted,709,0.2209713322,10.56661135,-1.136176109,1.290896151,0.001692459247,0.9983075408,1024.923873,705.1195212,0.3211920631,0.2209713322,0.1869709476,0.2549717168
synthetic_20250706,synthetic,2025-07-06,adapted,710,0.2212846515,10.56436363,-1.060259038,1.124149229,0.0001983716242,0.9998016284,1026.048023,706.1193228,0.3215443505,0.2212846515,0.1872842669,0.2552850361
synthetic_20250706,synthetic,2025-07-06,adapted,711,0.2215978271,10.55865418,1.772846309,3.142984036,0.0006564742766,0.9993435257,1029.191007,707.1186663,0.3225293032,0.2215978271,0.1875974425,0.2555982117
synthetic_20250706,synthetic,2025-07-06,adapted,712,0.2219111266,10.54970807,0.09090966643,0.00826456745,0.0002612622665,0.9997387377,1029.199271,708.1184051,0.3225318932,0.2219111266,0.187910742,0.2559115112
synthetic_20250706,synthetic,2025-07-06,adapted,713,0.222224416,10.54641629,-1.107756467,1.22712439,0.0002935169691,0.999706483,1030.426396,709.1181115,0.3229164511,0.222224416,0.1882240314,0.2562248006
synthetic_20250706,synthetic,2025-07-06,adapted,714,0.2225376758,10.54214653,0.4244252227,0.1801367697,0.0003881913783,0.9996118086,1030.606532,710.1177234,0.3229729026,0.2225376758,0.1885372912,0.2565380604
synthetic_20250706,synthetic,2025-07-06,adapted,715,0.2228509663,10.53756826,-1.701985705,2.896755341,0.0002900479662,0.999709952,1033.503288,711.1174333,0.3238806918,0.2228509663,0.1888505817,0.2568513509
synthetic_20250706,synthetic,2025-07-06,adapted,716,0.2231640806,10.52983596,0.2735468972,0.07482790498,0.0008520599087,0.9991479401,1033.578116,712.1165812,0.3239041415,0.2231640806,0.189163696,0.2571644652
synthetic_20250706,synthetic,2025-07-06,adapted,717,0.2234772475,10.52191612,-0.000651734237,4.247575157e-07,0.0006843366583,0.9993156633,1033.578116,713.1158969,0.3239041416,0.2234772475,0.1894768629,0.2574776321
synthetic_20250706,synthetic,2025-07-06,adapted,718,0.2237904642,10.51441453,1.388587104,1.928174146,0.0005255091523,0.9994744908,1035.50629,714.1153714,0.3245083955,0.2237904642,0.1897900796,0.2577908488
synthetic_20250706,synthetic,2025-07-06,adapted,719,0.2241036851,10.5102448,0.8826706144,0.7791074135,0.0005121452207,0.9994878548,1036.285398,715.1148593,0.3247525533,0.2241036851,0.1901033005,0.2581040697
synthetic_20250706,synthetic,2025-07-06,adapted,720,0.224416732,10.50568605,1.355395555,1.83709711,0.001067384112,0.9989326159,1038.122495,716.1137919,0.3253282653,0.224416732,0.1904163474,0.2584171166
synthetic_20250706,synthetic,2025-07-06,adapted,721,0.2247297835,10.5002129,0.8969585924,0.8045347165,0.001052614824,0.9989473852,1038.927029,717.1127393,0.3255803915,0.2247297835,0.1907293989,0.2587301681
synthetic_20250706,synthetic,2025-07-06,adapted,722,0.2250428089,10.49558828,1.034238195,1.069648644,0.001135939612,0.9988640604,1039.996678,718.1116033,0.3259155995,0.2250428089,0.1910424243,0.2590431935
synthetic_20250706,synthetic,2025-07-06,adapted,723,0.2253559516,10.48971566,1.959940181,3.841365514,0.0007618485368,0.9992381515,1043.838044,719.1108415,0.3271194119,0.2253559516,0.191355567,0.2593563362
synthetic_20250706,synthetic,2025-07-06,adapted,724,0.2256689643,10.48481618,-0.6461458606,0.4175044732,0.001176280356,0.9988237196,1044.255548,720.1096652,0.3272502501,0.2256689643,0.1916685797,0.2596693489
synthetic_20250706,synthetic,2025-07-06,adapted,725,0.2259821529,10.47933626,0.1288898974,0.01661260565,0.0006153525557,0.9993846474,1044.272161,721.1090498,0.3272554562,0.2259821529,0.1919817683,0.2599825375
synthetic_20250706,synthetic,2025-07-06,adapted,726,0.2262952426,10.4746686,-0.4504569533,0.2029114668,0.0009306871083,0.9990693129,1044.475072,722.1081191,0.3273190448,0.2262952426,0.192294858,0.2602956272
synthetic_20250706,synthetic,2025-07-06,adapted,727,0.2266083798,10.4693374,1.390873492,1.934529071,0.0007792406668,0.9992207593,1046.409601,723.1073399,0.3279252902,0.2266083798,0.1926079952,0.2606087644
synthetic_20250706,synthetic,2025-07-06,adapted,728,0.2269216258,10.46254773,0.1731987433,0.02999780469,0.000431899512,0.9995681005,1046.439599,724.106908,0.327934691,0.2269216258,0.1929212412,0.2609220104
synthetic_20250706,synthetic,2025-07-06,adapted,729,0.227234777,10.45301694,1.345520636,1.810425781,0.0007345851861,0.9992654148,1048.250025,725.1061734,0.3285020447,0.227234777,0.1932343924,0.2612351616
synthetic_20250706,synthetic,2025-07-06,adapted,730,0.2275481133,10.44993155,-0.226803636,0.05143988928,0.0001438399303,0.9998561601,1048.301465,726.1060296,0.328518165,0.2275481133,0.1935477287,0.2615484979
synthetic_20250706,synthetic,2025-07-06,adapted,731,0.2278612304,10.44702281,0.4677935102,0.2188307682,0.0008433171663,0.9991566828,1048.520295,727.1051863,0.3285867425,0.2278612304,0.1938608458,0.261861615
synthetic_20250706,synthetic,2025-07-06,adapted,732,0.228174115,10.43635899,-0.5165029279,0.2667752745,0.001585146968,0.998414853,1048.787071,728.1036011,0.3286703449,0.228174115,0.1941737304,0.2621744996
synthetic_20250706,synthetic,2025-07-06,adapted,733,0.228487378,10.42718404,0.5385256255,0.2900098493,0.0003778330954,0.9996221669,1049.07708,729.1032233,0.3287612286,0.228487378,0.1944869934,0.2624877626
synthetic_20250706,synthetic,2025-07-06,adapted,734,0.2288007368,10.42329885,0.04103400812,0.001683789823,7.226133138e-05,0.9999277387,1049.078764,730.103151,0.3287617563,0.2288007368,0.1948003522,0.2628011214
synthetic_20250706,synthetic,2025-07-06,adapted,735,0.2291139243,10.41592504,0.9984821042,0.9969665123,0.0006186244912,0.9993813755,1050.075731,731.1025324,0.329074187,0.2291139243,0.1951135397,0.2631143089
synthetic_20250706,synthetic,2025-07-06,adapted,736,0.2294270225,10.40997685,0.1293885279,0.01674139115,0.0009036243208,0.9990963757,1050.092472,732.1016288,0.3290794335,0.2294270225,0.1954266379,0.2634274071
synthetic_20250706,synthetic,2025-07-06,adapted,737,0.229740039,10.40116846,-0.04359867773,0.0019008447,0.001164334882,0.9988356651,1050.094373,733.1004644,0.3290800292,0.229740039,0.1957396544,0.2637404236
synthetic_20250706,synthetic,2025-07-06,adapted,738,0.2300533797,10.39593352,0.9052976519,0.8195638386,0.0001299213171,0.9998700787,1050.913937,734.1003345,0.3293368652,0.2300533797,0.1960529951,0.2640537643
synthetic_20250706,synthetic,2025-07-06,adapted,739,0.2303665947,10.39013631,-1.421883922,2.021753887,0.0005307668006,0.9994692332,1052.935691,735.0998038,0.3299704452,0.2303665947,0.1963662101,0.2643669793
synthetic_20250706,synthetic,2025-07-06,adapted,740,0.2306798734,10.38384004,1.924523147,3.703789344,0.0003278142325,0.9996721858,1056.63948,736.0994759,0.3311311439,0.2306798734,0.1966794888,0.264680258
synthetic_20250706,synthetic,2025-07-06,adapted,741,0.2309932093,10.3810477,0.03353913318,0.001124873455,0.000144970358,0.9998550296,1056.640605,737.099331,0.3311314964,0.2309932093,0.1969928247,0.2649935939
synthetic_20250706,synthetic,2025-07-06,adapted,742,0.2313065653,10.3751686,0.7526008558,0.5664080481,8.105972595e-05,0.9999189403,1057.207013,738.0992499,0.3313089981,0.2313065653,0.1973061807,0.2653069499
synthetic_20250706,synthetic,2025-07-06,adapted,743,0.2316198075,10.36970704,-0.2233161932,0.04987012213,0.000444066585,0.9995559334,1057.256883,739.0988058,0.3313246265,0.2316198075,0.1976194229,0.2656201921
synthetic_20250706,synthetic,2025-07-06,adapted,744,0.2319329464,10.36819689,0.1317833817,0.01736685969,0.0007738192787,0.9992261807,1057.27425,740.098032,0.3313300689,0.2319329464,0.1979325618,0.265933331
synthetic_20250706,synthetic,2025-07-06,adapted,745,0.2322462529,10.36113878,1.246313012,1.553296124,0.0002389125266,0.9997610875,1058.827546,741.0977931,0.331816843,0.2322462529,0.1982458683,0.2662466375
synthetic_20250706,synthetic,2025-07-06,adapted,746,0.2325593986,10.35940417,1.071204143,1.147478317,0.0007520832081,0.9992479168,1059.975024,742.097041,0.3321764414,0.2325593986,0.198559014,0.2665597832
synthetic_20250706,synthetic,2025-07-06,adapted,747,0.2328727034,10.3494454,-1.453213559,2.111829649,0.0002444287768,0.9997555712,1062.086854,743.0967966,0.3328382495,0.2328727034,0.1988723188,0.266873088
synthetic_20250706,synthetic,2025-07-06,adapted,748,0.2331858929,10.3412399,1.068445187,1.141575117,0.0006122041776,0.9993877958,1063.228429,744.0961844,0.3331959979,0.2331858929,0.1991855083,0.2671862775
synthetic_20250706,synthetic,2025-07-06,adapted,749,0.233498968,10.33854729,-0.5906607268,0.3488800941,0.0009776029615,0.999022397,1063.577309,745.0952068,0.3333053304,0.233498968,0.1994985834,0.2674993526
synthetic_20250706,synthetic,2025-07-06,adapted,750,0.2338122276,10.33210196,1.080722354,1.167960806,0.0003886763941,0.9996113236,1064.74527,746.0948181,0.3336713476,0.2338122276,0.199811843,0.2678126122
synthetic_20250706,synthetic,2025-07-06,adapted,751,0.2341254852,10.33010185,0.8130178868,0.6609980843,0.0003949288007,0.9996050712,1065.406268,747.0944232,0.3338784921,0.2341254852,0.2001251006,0.2681258698
synthetic_20250706,synthetic,2025-07-06,adapted,752,0.2344385905,10.32836562,1.551040392,2.405726296,0.0008808516384,0.9991191484,1067.811994,748.0935423,0.3346324019,0.2344385905,0.2004382059,0.2684389751
synthetic_20250706,synthetic,2025-07-06,adapted,753,0.2347517887,10.31612092,-1.963262572,3.854399926,0.0005845897997,0.9994154102,1071.666394,749.0929577,0.3358402991,0.2347517887,0.2007514041,0.2687521733
synthetic_20250706,synthetic,2025-07-06,adapted,754,0.23506417,10.31132743,-0.01734730912,0.0003009291337,0.003191339689,0.9968086603,1071.666695,750.0897664,0.3358403934,0.23506417,0.2010637854,0.2690645546
synthetic_20250706,synthetic,2025-07-06,adapted,755,0.2353773398,10.30723279,-1.343824959,1.80586552,0.0006750133521,0.9993249866,1073.472561,751.0890914,0.336406318,0.2353773398,0.2013769552,0.2693777244
synthetic_20250706,synthetic,2025-07-06,adapted,756,0.2356906525,10.29871857,-2.047124033,4.190716806,0.0002193745139,0.9997806255,1077.663278,752.088872,0.3377196107,0.2356906525,0.2016902679,0.2696910371
synthetic_20250706,synthetic,2025-07-06,adapted,757,0.2360038314,10.28630398,-0.5180320262,0.2683571802,0.0006460457197,0.9993539543,1077.931635,753.088226,0.3378037088,0.2360038314,0.2020034468,0.270004216
synthetic_20250706,synthetic,2025-07-06,adapted,758,0.2363168273,10.28202835,-0.240197319,0.05769475204,0.001229984444,0.9987700156,1077.98933,754.086996,0.3378217893,0.2363168273,0.2023164427,0.2703172119
synthetic_20250706,synthetic,2025-07-06,adapted,759,0.2366298735,10.27757468,-0.8071837962,0.6515456809,0.00106963142,0.9989303686,1078.640875,755.0859264,0.3380259716,0.2366298735,0.2026294889,0.2706302581
synthetic_20250706,synthetic,2025-07-06,adapted,760,0.2369432018,10.27657704,1.471423991,2.165088562,0.0001693162944,0.9998306837,1080.805964,756.085757,0.33870447,0.2369432018,0.2029428172,0.2709435864
synthetic_20250706,synthetic,2025-07-06,adapted,761,0.2372552469,10.26061871,0.6599052819,0.4354749811,0.00426424621,0.9957357538,1081.241439,757.0814928,0.3388409398,0.2372552469,0.2032548623,0.2712556315
synthetic_20250706,synthetic,2025-07-06,adapted,762,0.2375685712,10.25732564,-2.01778029,4.071437299,0.0001819910611,0.9998180089,1085.312876,758.0813108,0.3401168524,0.2375685712,0.2035681866,0.2715689558
synthetic_20250706,synthetic,2025-07-06,adapted,763,0.2378817265,10.25320636,-0.3513175146,0.1234239961,0.0007216646896,0.9992783353,1085.4363,759.0805891,0.3401555312,0.2378817265,0.2038813419,0.2718821111
synthetic_20250706,synthetic,2025-07-06,adapted,764,0.2381949894,10.2520371,-1.057930719,1.119217407,0.0003778728274,0.9996221272,1086.555518,760.0802113,0.3405062731,0.2381949894,0.2041946048,0.272195374
synthetic_20250706,synthetic,2025-07-06,adapted,765,0.2385079883,10.2455667,0.5998160097,0.3597792454,0.001220711559,0.9987792884,1086.915297,761.0789906,0.3406190212,0.2385079883,0.2045076037,0.2725083729
synthetic_20250706,synthetic,2025-07-06,adapted,766,0.2388211855,10.24096057,0.4058473348,0.1647120591,0.0005876132233,0.9994123868,1087.080009,762.0784029,0.3406706389,0.2388211855,0.2048208009,0.2728215701
synthetic_20250706,synthetic,2025-07-06,adapted,767,0.2391341804,10.23829696,0.4638784089,0.2151831783,0.001233136205,0.9987668638,1087.295192,763.0771698,0.3407380733,0.2391341804,0.2051337958,0.273134565
synthetic_20250706,synthetic,2025-07-06,adapted,768,0.2394472895,10.23631433,1.058518046,1.120460453,0.0008689043106,0.9991310957,1088.415652,764.0763009,0.3410892048,0.2394472895,0.2054469049,0.2734476741
synthetic_20250706,synthetic,2025-07-06,adapted,769,0.2397606049,10.22738927,1.174262474,1.378892357,0.0002106891516,0.9997893108,1089.794545,765.0760902,0.341521324,0.2397606049,0.2057602203,0.2737609895
synthetic_20250706,synthetic,2025-07-06,adapted,770,0.2400739469,10.22530908,1.36185707,1.854654679,0.000125711365,0.9998742886,1091.649199,766.0759645,0.3421025382,0.2400739469,0.2060735623,0.2740743315
synthetic_20250706,synthetic,2025-07-06,adapted,771,0.2403871967,10.2149393,1.065305973,1.134876816,0.0004198739651,0.999580126,1092.784076,767.0755446,0.3424581875,0.2403871967,0.2063868121,0.2743875813
synthetic_20250706,synthetic,2025-07-06,adapted,772,0.2407003276,10.21385503,1.254268246,1.573188833,0.0007991480869,0.9992008519,1094.357265,768.0747455,0.3429511956,0.2407003276,0.206699943,0.2747007122
synthetic_20250706,synthetic,2025-07-06,adapted,773,0.2410133205,10.21157893,-0.2360541527,0.05572156298,0.001239820636,0.9987601794,1094.412987,769.0735057,0.3429686577,0.2410133205,0.2070129359,0.2750137051
synthetic_20250706,synthetic,2025-07-06,adapted,774,0.2413266455,10.20812288,-0.9460431383,0.8949976195,0.0001799900594,0.9998200099,1095.307984,770.0733257,0.3432491333,0.2413266455,0.2073262609,0.2753270301
synthetic_20250706,synthetic,2025-07-06,adapted,775,0.2416398052,10.20583496,0.4059619599,0.1648051129,0.0007073746573,0.9992926253,1095.472789,771.0726183,0.3433007801,0.2416398052,0.2076394206,0.2756401898
synthetic_20250706,synthetic,2025-07-06,adapted,776,0.2419531019,10.19493622,-1.446391676,2.09204888,0.0002702267319,0.9997297733,1097.564838,772.0723481,0.3439563893,0.2419531019,0.2079527173,0.2759534865
synthetic_20250706,synthetic,2025-07-06,adapted,777,0.2422664297,10.19240545,0.1144910065,0.01310819057,0.0001709317876,0.9998290682,1097.577947,773.0721771,0.3439604972,0.2422664297,0.2082660451,0.2762668143
synthetic_20250706,synthetic,2025-07-06,adapted,778,0.2425789628,10.18435336,-0.9993968806,0.998794125,0.00270679681,0.9972932032,1098.576741,774.0694703,0.3442735007,0.2425789628,0.2085785782,0.2765793474
synthetic_20250706,synthetic,2025-07-06,adapted,779,0.2428918147,10.17928686,0.8629593493,0.7446988385,0.001689696981,0.998310303,1099.321439,775.0677806,0.3445068754,0.2428918147,0.2088914301,0.2768921993
synthetic_20250706,synthetic,2025-07-06,adapted,780,0.2432050615,10.16805652,-0.3608391997,0.130204928,0.0004295000873,0.9995704999,1099.451644,776.0673511,0.3445476792,0.2432050615,0.2092046769,0.2772054461
synthetic_20250706,synthetic,2025-07-06,adapted,781,0.2435181377,10.1636679,-1.238850433,1.534750397,0.0009737626127,0.9990262374,1100.986395,777.0663774,0.3450286414,0.2435181377,0.2095177531,0.2775185223
synthetic_20250706,synthetic,2025-07-06,adapted,782,0.2438314247,10.15596045,-0.006865223074,4.713128786e-05,0.0003010041229,0.9996989959,1100.986442,778.0660764,0.3450286562,0.2438314247,0.2098310401,0.2778318093
synthetic_20250706,synthetic,2025-07-06,adapted,783,0.244144666,10.15260611,0.8756672692,0.7667931663,0.0004470340432,0.999552966,1101.753235,779.0656293,0.3452689549,0.244144666,0.2101442814,0.2781450506
synthetic_20250706,synthetic,2025-07-06,adapted,784,0.2444579108,10.15092332,-0.410850391,0.1687980438,0.0004358495442,0.9995641505,1101.922033,780.0651935,0.3453218531,0.2444579108,0.2104575262,0.2784582954
synthetic_20250706,synthetic,2025-07-06,adapted,785,0.2447710198,10.14619135,-0.2348878476,0.05517230095,0.0008694426237,0.9991305574,1101.977205,781.064324,0.345339143,0.2447710198,0.2107706352,0.2787714044
synthetic_20250706,synthetic,2025-07-06,adapted,786,0.2450840527,10.13388543,-0.1013212723,0.01026600022,0.001111791608,0.9988882084,1101.987471,782.0632123,0.3453423602,0.2450840527,0.2110836681,0.2790844373
synthetic_20250706,synthetic,2025-07-06,adapted,787,0.2453973508,10.13303865,-1.36949751,1.875523429,0.0002659697512,0.9997340302,1103.862995,783.0629463,0.3459301143,0.2453973508,0.2113969662,0.2793977354
synthetic_20250706,synthetic,2025-07-06,adapted,788,0.2457107111,10.12261634,-1.897825856,3.601742978,6.730676098e-05,0.9999326932,1107.464738,784.062879,0.3470588335,0.2457107111,0.2117103265,0.2797110957
synthetic_20250706,synthetic,2025-07-06,adapted,789,0.2460240481,10.11716131,0.2355601578,0.05548858792,0.0001415735003,0.9998584265,1107.520226,785.0627374,0.3470762226,0.2460240481,0.2120236635,0.2800244327
synthetic_20250706,synthetic,2025-07-06,adapted,790,0.2463370724,10.11291759,-0.7526954388,0.5665504235,0.001139304042,0.998860696,1108.086777,786.0615981,0.347253769,0.2463370724,0.2123366878,0.280337457
synthetic_20250706,synthetic,2025-07-06,adapted,791,0.2466497295,10.10248597,-0.3056626803,0.09342967413,0.002311415501,0.9976885845,1108.180207,787.0592867,0.3472830481,0.2466497295,0.2126493449,0.2806501141
synthetic_20250706,synthetic,2025-07-06,adapted,792,0.246962889,10.09813032,-0.7333058745,0.5377375056,0.0007077971637,0.9992922028,1108.717944,788.0585789,0.347451565,0.246962889,0.2129625044,0.2809632736
synthetic_20250706,synthetic,2025-07-06,adapted,793,0.247276063,10.09638601,1.03265213,1.066370421,0.0006617602859,0.9993382397,1109.784314,789.0579171,0.3477857457,0.247276063,0.2132756784,0.2812764476
synthetic_20250706,synthetic,2025-07-06,adapted,794,0.2475889622,10.08932526,-1.375092583,1.890879612,0.001538689552,0.9984613104,1111.675194,790.0563784,0.3483783122,0.2475889622,0.2135885776,0.2815893468
synthetic_20250706,synthetic,2025-07-06,adapted,795,0.2479020522,10.08585719,0.6031723155,0.3638168422,0.0009298977487,0.9990701023,1112.039011,791.0554485,0.3484923256,0.2479020522,0.2139016676,0.2819024368
synthetic_20250706,synthetic,2025-07-06,adapted,796,0.2482153278,10.07757696,-0.07861350188,0.006180082677,0.0003374922947,0.9996625077,1112.045191,792.055111,0.3484942623,0.2482153278,0.2142149432,0.2822157124
synthetic_20250706,synthetic,2025-07-06,adapted,797,0.2485282827,10.07711513,-0.3355015558,0.1125612939,0.001360860015,0.99863914,1112.157752,793.0537502,0.3485295369,0.2485282827,0.2145278981,0.2825286673
synthetic_20250706,synthetic,2025-07-06,adapted,798,0.2488414108,10.07425572,0.8716045278,0.7596944529,0.0008084531492,0.9991915469,1112.917447,794.0529417,0.348767611,0.2488414108,0.2148410262,0.2828417954
synthetic_20250706,synthetic,2025-07-06,adapted,799,0.2491546814,10.05950406,-1.254250073,1.573143245,0.0003534308908,0.9996465691,1114.49059,795.0525883,0.3492606048,0.2491546814,0.2151542968,0.283155066
synthetic_20250706,synthetic,2025-07-06,adapted,800,0.2494677754,10.05359318,-0.1011199942,0.01022525323,0.000917098939,0.9990829011,1114.500815,796.0516712,0.3492638092,0.2494677754,0.2154673908,0.28346816
synthetic_20250706,synthetic,2025-07-06,adapted,801,0.2497809483,10.04767941,-2.097443836,4.399270644,0.0006651834281,0.9993348166,1118.900086,797.051006,0.3506424588,0.2497809483,0.2157805637,0.2837813329
synthetic_20250706,synthetic,2025-07-06,adapted,802,0.2500941031,10.04188182,0.02878156154,0.0008283782849,0.0007230761848,0.9992769238,1118.900914,798.0502829,0.3506427184,0.2500941031,0.2160937185,0.2840944877
synthetic_20250706,synthetic,2025-07-06,adapted,803,0.2504072602,10.03576835,-0.9514685724,0.9052924444,0.000715563231,0.9992844368,1119.806207,799.0495674,0.3509264202,0.2504072602,0.2164068756,0.2844076448
synthetic_20250706,synthetic,2025-07-06,adapted,804,0.2507205023,10.03056188,-1.891846021,3.579081367,0.000444567426,0.9995554326,1123.385288,800.0491228,0.3520480376,0.2507205023,0.2167201177,0.2847208869
synthetic_20250706,synthetic,2025-07-06,adapted,805,0.2510331616,10.02537513,1.183622282,1.400961707,0.002304259945,0.9976957401,1124.78625,801.0468186,0.3524870729,0.2510331616,0.217032777,0.2850335462
synthetic_20250706,synthetic,2025-07-06,adapted,806,0.2513464414,10.02025893,0.007230742958,5.228364373e-05,0.0003241687985,0.9996758312,1124.786302,802.0464944,0.3524870893,0.2513464414,0.2173460568,0.285346826
synthetic_20250706,synthetic,2025-07-06,adapted,807,0.2516597286,10.01649588,-0.8836712422,0.7808748643,0.0003005076822,0.9996994923,1125.567177,803.0461939,0.352731801,0.2516597286,0.217659344,0.2856601132
synthetic_20250706,synthetic,2025-07-06,adapted,808,0.2519729596,10.01615522,0.2543300068,0.06468375237,0.0004797584613,0.9995202415,1125.631861,804.0457141,0.3527520717,0.2519729596,0.217972575,0.2859733442
synthetic_20250706,synthetic,2025-07-06,adapted,809,0.2522859534,10.00852183,0.02468503865,0.0006093511332,0.001236723051,0.9987632769,1125.63247,805.0444774,0.3527522626,0.2522859534,0.2182855688,0.286286338
synthetic_20250706,synthetic,2025-07-06,adapted,810,0.2525990882,9.998296724,0.4430858381,0.1963250599,0.0007868764608,0.9992131235,1125.828795,806.0436905,0.3528137872,0.2525990882,0.2185987036,0.2865994728
synthetic_20250706,synthetic,2025-07-06,adapted,811,0.2529121796,9.995625291,0.4729740653,0.2237044665,0.0009253043969,0.9990746956,1126.0525,807.0427652,0.3528838921,0.2529121796,0.218911795,0.2869125642
synthetic_20250706,synthetic,2025-07-06,adapted,812,0.2532254058,9.992295694,0.1151181028,0.01325217759,0.0004953184262,0.9995046816,1126.065752,808.0422699,0.352888045,0.2532254058,0.2192250212,0.2872257904
synthetic_20250706,synthetic,2025-07-06,adapted,813,0.2535383845,9.987434456,0.6127865214,0.3755073208,0.001284989826,0.9987150102,1126.441259,809.0409849,0.353005722,0.2535383845,0.2195379999,0.2875387691
synthetic_20250706,synthetic,2025-07-06,adapted,814,0.2538516227,9.982249624,0.9282563601,0.86165987,0.0004567430412,0.999543257,1127.302919,810.0405282,0.3532757502,0.2538516227,0.2198512381,0.2878520073
synthetic_20250706,synthetic,2025-07-06,adapted,815,0.2541647341,9.978203992,0.07802235164,0.006087487356,0.0008616712496,0.9991383288,1127.309006,811.0396665,0.3532776579,0.2541647341,0.2201643495,0.2881651187
synthetic_20250706,synthetic,2025-07-06,adapted,816,0.2544778892,9.968782547,-0.02550075581,0.0006502885468,0.00072201623,0.9992779838,1127.309657,812.0389445,0.3532778617,0.2544778892,0.2204775046,0.2884782738
synthetic_20250706,synthetic,2025-07-06,adapted,817,0.2547911342,9.959629912,1.370770051,1.879010533,0.0004352715846,0.9995647284,1129.188667,813.0385092,0.3538667086,0.2547911342,0.2207907496,0.2887915188
synthetic_20250706,synthetic,2025-07-06,adapted,818,0.2551043331,9.959381919,0.1965157,0.03861842035,0.0005823123207,0.9994176877,1129.227286,814.0379269,0.3538788109,0.2551043331,0.2211039485,0.2891047177
synthetic_20250706,synthetic,2025-07-06,adapted,819,0.255417642,9.951618038,-2.278572224,5.191891381,0.0002313971739,0.9997686028,1134.419177,815.0376955,0.355505853,0.255417642,0.2214172574,0.2894180266
synthetic_20250706,synthetic,2025-07-06,adapted,820,0.2557307615,9.950551851,-0.4247257151,0.180391933,0.0008354284223,0.9991645716,1134.599569,816.0368601,0.3555623845,0.2557307615,0.2217303769,0.2897311461
synthetic_20250706,synthetic,2025-07-06,adapted,821,0.2560440584,9.945001898,0.8541560517,0.7295825607,0.000269618751,0.9997303812,1135.329152,817.0365904,0.3557910221,0.2560440584,0.2220436738,0.290044443
synthetic_20250706,synthetic,2025-07-06,adapted,822,0.2563573153,9.94194097,-1.201637392,1.443932423,0.0003974729867,0.999602527,1136.773084,818.036193,0.3562435236,0.2563573153,0.2223569307,0.2903576999
synthetic_20250706,synthetic,2025-07-06,adapted,823,0.2566702549,9.935569121,-0.8404723827,0.706393826,0.001409622125,0.9985903779,1137.479478,819.0347834,0.3564648943,0.2566702549,0.2226698703,0.2906706395
synthetic_20250706,synthetic,2025-07-06,adapted,824,0.2569835314,9.929937819,-1.563936145,2.445896265,0.0003348003313,0.9996651997,1139.925374,820.0344486,0.3572313927,0.2569835314,0.2229831468,0.290983916
synthetic_20250706,synthetic,2025-07-06,adapted,825,0.2572967946,9.924613226,2.249586479,5.060639329,0.0003770626518,0.9996229373,1144.986013,821.0340715,0.3588173028,0.2572967946,0.22329641,0.2912971792
synthetic_20250706,synthetic,2025-07-06,adapted,826,0.2576100654,9.921629199,-0.002133035227,4.549839279e-06,0.0003529303123,0.9996470697,1144.986018,822.0337186,0.3588173043,0.2576100654,0.2236096808,0.29161045
synthetic_20250706,synthetic,2025-07-06,adapted,827,0.2579231317,9.907759366,-0.8067335825,0.6508190732,0.001005198132,0.9989948019,1145.636837,823.0327134,0.3590212589,0.2579231317,0.2239227471,0.2919235163
synthetic_20250706,synthetic,2025-07-06,adapted,828,0.2582362854,9.906168583,0.4524713503,0.2047303228,0.0007267624073,0.9992732376,1145.841567,824.0319866,0.3590854175,0.2582362854,0.2242359008,0.29223667
synthetic_20250706,synthetic,2025-07-06,adapted,829,0.2585495991,9.897398582,-0.8928453515,0.7971728216,0.0002160222756,0.9997839777,1146.63874,825.0317706,0.3593352366,0.2585495991,0.2245492145,0.2925499837
synthetic_20250706,synthetic,2025-07-06,adapted,830,0.2588629043,9.891614334,-0.1303479806,0.01699059604,0.0002428851858,0.9997571148,1146.655731,826.0315277,0.3593405612,0.2588629043,0.2248625197,0.2928632889
synthetic_20250706,synthetic,2025-07-06,adapted,831,0.2591759283,9.887364722,1.474727519,2.174821256,0.001140343697,0.9988596563,1148.830552,827.0303873,0.3600221097,0.2591759283,0.2251755437,0.2931763129
synthetic_20250706,synthetic,2025-07-06,adapted,832,0.2594891831,9.882534843,-0.5459643392,0.2980770597,0.0004040091162,0.9995959909,1149.128629,828.0299833,0.3601155215,0.2594891831,0.2254887985,0.2934895677
synthetic_20250706,synthetic,2025-07-06,adapted,833,0.2598024745,9.880288392,-1.350421335,1.823637783,0.0002872302231,0.9997127698,1150.952267,829.0296961,0.3606870156,0.2598024745,0.2258020899,0.2938028591
synthetic_20250706,synthetic,2025-07-06,adapted,834,0.2601156489,9.878614892,-1.081102095,1.168781739,0.0006605024404,0.9993394976,1152.121049,830.0290356,0.3610532901,0.2601156489,0.2261152643,0.2941160335
synthetic_20250706,synthetic,2025-07-06,adapted,835,0.2604288848,9.874330604,0.1882446259,0.03543603918,0.0004640921626,0.9995359078,1152.156485,831.0285715,0.3610643951,0.2604288848,0.2264285002,0.2944292694
synthetic_20250706,synthetic,2025-07-06,adapted,836,0.2607421758,9.868512697,-0.8936787461,0.7986617012,0.0002885943972,0.9997114056,1152.955146,832.0282829,0.3613146808,0.2607421758,0.2267417912,0.2947425604
synthetic_20250706,synthetic,2025-07-06,adapted,837,0.2610554362,9.862090392,1.745346281,3.046233642,0.0003860049611,0.999613995,1156.00138,833.0278969,0.3622693137,0.2610554362,0.2270550516,0.2950558208
synthetic_20250706,synthetic,2025-07-06,adapted,838,0.2613684217,9.859848458,-0.3200841355,0.1024538538,0.001263403311,0.9987365967,1156.103834,834.0266335,0.3623014208,0.2613684217,0.2273680371,0.2953688063
synthetic_20250706,synthetic,2025-07-06,adapted,839,0.2616815185,9.851831133,0.6393609745,0.4087824557,0.0009078498086,0.9990921502,1156.512616,835.0257257,0.3624295256,0.2616815185,0.2276811339,0.2956819031
synthetic_20250706,synthetic,2025-07-06,adapted,840,0.2619948318,9.845602184,-0.4431535336,0.1963850543,0.0002174406043,0.9997825594,1156.709001,836.0255082,0.362491069,0.2619948318,0.2279944472,0.2959952164
synthetic_20250706,synthetic,2025-07-06,adapted,841,0.2623081512,9.842734771,-0.1814347848,0.03291858112,0.0001978683093,0.9998021317,1156.74192,837.0253104,0.3625013851,0.2623081512,0.2283077666,0.2963085358
synthetic_20250706,synthetic,2025-07-06,adapted,842,0.2626214797,9.838955636,0.1143551612,0.0130771029,0.0001686064229,0.9998313936,1156.754997,838.0251417,0.3625054832,0.2626214797,0.2286210951,0.2966218643
synthetic_20250706,synthetic,2025-07-06,adapted,843,0.2629345801,9.833728709,-1.028451414,1.05771231,0.0008967457685,0.9991032542,1157.812709,839.024245,0.3628369506,0.2629345801,0.2289341955,0.2969349647
synthetic_20250706,synthetic,2025-07-06,adapted,844,0.2632477645,9.830253791,-1.27144675,1.616576837,0.0006284509625,0.999371549,1159.429286,840.0236165,0.3633435557,0.2632477645,0.2292473799,0.2972481491
synthetic_20250706,synthetic,2025-07-06,adapted,845,0.2635609517,9.809632655,-1.038674436,1.078844585,0.0006195182659,0.9993804817,1160.508131,841.022997,0.3636816455,0.2635609517,0.2295605671,0.2975613363
synthetic_20250706,synthetic,2025-07-06,adapted,846,0.2638742814,9.804807448,-0.03212891122,0.001032266936,0.0001652243553,0.9998347756,1160.509163,842.0228318,0.363681969,0.2638742814,0.2298738968,0.297874666
synthetic_20250706,synthetic,2025-07-06,adapted,847,0.2641873506,9.800912799,1.06351972,1.131074195,0.0009959536186,0.9990040464,1161.640237,843.0218359,0.3640364266,0.2641873506,0.230186966,0.2981877352
synthetic_20250706,synthetic,2025-07-06,adapted,848,0.2645004717,9.799332166,0.9362053682,0.8764804914,0.0008307814298,0.9991692186,1162.516718,844.0210051,0.3643110992,0.2645004717,0.2305000871,0.2985008563
synthetic_20250706,synthetic,2025-07-06,adapted,849,0.2648137712,9.791335418,-0.2349796562,0.05521543883,0.0002611666481,0.9997388334,1162.571933,845.0207439,0.3643284027,0.2648137712,0.2308133866,0.2988141558
synthetic_20250706,synthetic,2025-07-06,adapted,850,0.2651269533,9.784164981,0.9027627325,0.8149805511,0.0006358045919,0.9993641954,1163.386914,846.0201081,0.3645838025,0.2651269533,0.2311265687,0.2991273379
synthetic_20250706,synthetic,2025-07-06,adapted,851,0.26543997,9.779945653,-0.1002741872,0.01005491262,0.001163958307,0.9988360417,1163.396969,847.0189441,0.3645869535,0.26543997,0.2314395854,0.2994403546
synthetic_20250706,synthetic,2025-07-06,adapted,852,0.2657532351,9.777198997,-1.840616748,3.387870014,0.0003709203479,0.9996290797,1166.784839,848.0185732,0.3656486489,0.2657532351,0.2317528505,0.2997536197
synthetic_20250706,synthetic,2025-07-06,adapted,853,0.2660663878,9.773732634,1.862045189,3.467212287,0.0007296663583,0.9992703336,1170.252051,849.0178436,0.3667352087,0.2660663878,0.2320660032,0.3000667724
synthetic_20250706,synthetic,2025-07-06,adapted,854,0.2663795418,9.767991042,-0.06705260341,0.004496051624,0.0007258013413,0.9992741987,1170.256547,850.0171178,0.3667366177,0.2663795418,0.2323791572,0.3003799264
synthetic_20250706,synthetic,2025-07-06,adapted,855,0.2666926602,9.764507695,0.6292602631,0.3959684788,0.0008389189384,0.9991610811,1170.652515,851.0162788,0.3668607068,0.2666926602,0.2326922756,0.3006930448
synthetic_20250706,synthetic,2025-07-06,adapted,856,0.2670057802,9.759208393,0.4293776597,0.1843651746,0.0008340898018,0.9991659102,1170.836881,852.0154447,0.3669184834,0.2670057802,0.2330053956,0.3010061648
synthetic_20250706,synthetic,2025-07-06,adapted,857,0.267319092,9.749192823,-0.2725832927,0.07430165148,0.0002222986421,0.9997777014,1170.911182,853.0152224,0.3669417682,0.267319092,0.2333187074,0.3013194766
synthetic_20250706,synthetic,2025-07-06,adapted,858,0.26763237,9.745959928,-0.9313957229,0.8674979926,0.0003298981953,0.9996701018,1171.77868,854.0148925,0.3672136259,0.26763237,0.2336319854,0.3016327546
synthetic_20250706,synthetic,2025-07-06,adapted,859,0.2679455352,9.740118802,-0.5464028071,0.2985560277,0.0006898418219,0.9993101582,1172.077236,855.0142027,0.3673071878,0.2679455352,0.2339451506,0.3019459198
synthetic_20250706,synthetic,2025-07-06,adapted,860,0.268258841,9.737694126,1.198349582,1.43604172,0.0002411279747,0.999758872,1173.513278,856.0139616,0.3677572165,0.268258841,0.2342584564,0.3022592256
synthetic_20250706,synthetic,2025-07-06,adapted,861,0.2685721527,9.728418412,0.0209764271,0.0004400104939,0.0002221848912,0.9997778151,1173.513718,857.0137394,0.3677573544,0.2685721527,0.2345717681,0.3025725373
synthetic_20250706,synthetic,2025-07-06,adapted,862,0.268885443,9.723616177,2.221884084,4.936768883,0.0002907074895,0.9997092925,1178.450487,858.0134487,0.3693044459,0.268885443,0.2348850584,0.3028858276
synthetic_20250706,synthetic,2025-07-06,adapted,863,0.2691987359,9.720628313,1.086831377,1.181202442,0.0002823988319,0.9997176012,1179.631689,859.0131663,0.3696746128,0.2691987359,0.2351983513,0.3031991205
synthetic_20250706,synthetic,2025-07-06,adapted,864,0.2695120035,9.712466199,0.6363035158,0.4048821642,0.0003631027171,0.9996368973,1180.036571,860.0128032,0.3698014953,0.2695120035,0.2355116189,0.3035123881
synthetic_20250706,synthetic,2025-07-06,adapted,865,0.2698252345,9.709249846,0.3899201322,0.1520377095,0.0004799483422,0.9995200517,1180.188609,861.0123232,0.3698491411,0.2698252345,0.2358248499,0.3038256191
synthetic_20250706,synthetic,2025-07-06,adapted,866,0.2701384632,9.704219842,-1.401912513,1.965358693,0.0004872375678,0.9995127624,1182.153968,862.011836,0.3704650479,0.2701384632,0.2361380786,0.3041388478
synthetic_20250706,synthetic,2025-07-06,adapted,867,0.2704518016,9.699207741,-0.9380790801,0.8799923605,0.0001371300431,0.99986287,1183.03396,863.0116989,0.3707408211,0.2704518016,0.236451417,0.3044521862
synthetic_20250706,synthetic,2025-07-06,adapted,868,0.2707645161,9.693452626,-0.9393950971,0.8824631485,0.002127845508,0.9978721545,1183.916423,864.009571,0.3710173687,0.2707645161,0.2367641315,0.3047649007
synthetic_20250706,synthetic,2025-07-06,adapted,869,0.2710778472,9.68976328,1.179104447,1.390287298,0.0001607367634,0.9998392632,1185.306711,865.0094103,0.3714530588,0.2710778472,0.2370774626,0.3050782318
synthetic_20250706,synthetic,2025-07-06,adapted,870,0.2713910314,9.682297413,-0.491594393,0.2416650473,0.000629017881,0.9993709821,1185.548376,866.0087813,0.3715287922,0.2713910314,0.2373906468,0.305391416
synthetic_20250706,synthetic,2025-07-06,adapted,871,0.271704319,9.675761645,-1.13797064,1.294977179,0.0002993712239,0.9997006288,1186.843353,867.0084819,0.3719346139,0.271704319,0.2377039344,0.3057047036
synthetic_20250706,synthetic,2025-07-06,adapted,872,0.2720173178,9.668575475,0.3074751247,0.09454095228,0.001220912969,0.998779087,1186.937894,868.007261,0.3719642413,0.2720173178,0.2380169332,0.3060177024
synthetic_20250706,synthetic,2025-07-06,adapted,873,0.2723304361,9.662312541,-1.530950441,2.343809254,0.0008392787597,0.9991607212,1189.281703,869.0064217,0.3726987475,0.2723304361,0.2383300515,0.3063308207
synthetic_20250706,synthetic,2025-07-06,adapted,874,0.2726434704,9.659870295,1.359962915,1.84949913,0.001107556506,0.9988924435,1191.131202,870.0053141,0.3732783461,0.2726434704,0.2386430858,0.306643855
synthetic_20250706,synthetic,2025-07-06,adapted,875,0.272956385,9.656186952,-1.777952566,3.161115328,0.00148962487,0.9985103751,1194.292318,871.0038245,0.3742689808,0.272956385,0.2389560004,0.3069567696
synthetic_20250706,synthetic,2025-07-06,adapted,876,0.2732696475,9.652396332,0.7032294536,0.4945316644,0.0003794427046,0.9996205573,1194.786849,872.0034451,0.3744239578,0.2732696475,0.2392692629,0.3072700321
synthetic_20250706,synthetic,2025-07-06,adapted,877,0.2735829051,9.646078278,0.03882911524,0.00150770019,0.0003949985681,0.9996050014,1194.788357,873.0030501,0.3744244303,0.2735829051,0.2395825205,0.3075832897
synthetic_20250706,synthetic,2025-07-06,adapted,878,0.273895845,9.637633524,-0.4510925312,0.2034844717,0.001408820515,0.9985911795,1194.991841,874.0016413,0.3744881985,0.273895845,0.2398954604,0.3078962296
synthetic_20250706,synthetic,2025-07-06,adapted,879,0.2742085905,9.635923558,-0.8140342233,0.6626517166,0.002028988332,0.9979710117,1195.654493,874.9996123,0.3746958612,0.2742085905,0.2402082059,0.3082089751
synthetic_20250706,synthetic,2025-07-06,adapted,880,0.2745218658,9.630460684,0.2003775605,0.04015116675,0.0003385022036,0.9996614978,1195.694644,875.9992738,0.3747084438,0.2745218658,0.2405214812,0.3085222504
synthetic_20250706,synthetic,2025-07-06,adapted,881,0.2748349833,9.623351181,1.102399066,1.215283701,0.0008419419671,0.999158058,1196.909928,876.9984318,0.3750892911,0.2748349833,0.2408345987,0.3088353679
synthetic_20250706,synthetic,2025-07-06,adapted,882,0.2751481807,9.621561936,-2.077951729,4.317883388,0.0005872683585,0.9994127316,1201.227811,877.9978446,0.3764424354,0.2751481807,0.2411477961,0.3091485653
synthetic_20250706,synthetic,2025-07-06,adapted,883,0.275461427,9.615921067,-0.5944391766,0.3533579347,0.0004311558472,0.9995688442,1201.581169,878.9974134,0.3765531712,0.275461427,0.2414610424,0.3094618116
synthetic_20250706,synthetic,2025-07-06,adapted,884,0.2757745938,9.611058509,0.6325305563,0.4000949046,0.0006845985143,0.9993154015,1201.981264,879.9967288,0.3766785535,0.2757745938,0.2417742092,0.3097749784
synthetic_20250706,synthetic,2025-07-06,adapted,885,0.276087802,9.604917417,0.4127746708,0.1703829288,0.0005524785863,0.9994475214,1202.151647,880.9961763,0.3767319483,0.276087802,0.2420874174,0.3100881866
synthetic_20250706,synthetic,2025-07-06,adapted,886,0.2764010542,9.600595268,-0.8126432627,0.6603890724,0.0004123946961,0.9995876053,1202.812036,881.9957639,0.376938902,0.2764010542,0.2424006696,0.3104014388
synthetic_20250706,synthetic,2025-07-06,adapted,887,0.2767143631,9.59233828,0.1029041551,0.01058926513,0.000231251026,0.999768749,1202.822626,882.9955327,0.3769422205,0.2767143631,0.2427139785,0.3107147477
synthetic_20250706,synthetic,2025-07-06,adapted,888,0.2770272524,9.587711205,0.5220155655,0.2725002506,0.001570218478,0.9984297815,1203.095126,883.9939625,0.377027617,0.2770272524,0.2430268678,0.311027637
synthetic_20250706,synthetic,2025-07-06,adapted,889,0.2773405645,9.585927103,2.232851994,4.985628027,0.0002212296198,0.9997787704,1208.080754,884.9937412,0.37859002,0.2773405645,0.2433401799,0.3113409491
synthetic_20250706,synthetic,2025-07-06,adapted,890,0.2776533706,9.583433675,0.5989270985,0.3587136693,0.001835730064,0.9981642699,1208.439467,885.9919055,0.3787024342,0.2776533706,0.243652986,0.3116537552
synthetic_20250706,synthetic,2025-07-06,adapted,891,0.2779664221,9.580323767,-1.401892516,1.965302627,0.001052473971,0.998947526,1210.40477,886.990853,0.3793183234,0.2779664221,0.2439660375,0.3119668067
synthetic_20250706,synthetic,2025-07-06,adapted,892,0.2782796147,9.577430541,-1.381534403,1.908637307,0.0006025822116,0.9993974178,1212.313407,887.9902504,0.3799164548,0.2782796147,0.2442792301,0.3122799993
synthetic_20250706,synthetic,2025-07-06,adapted,893,0.278592874,9.574003563,1.212107478,1.469204537,0.0003896104191,0.9996103896,1213.782612,888.9898608,0.3803768762,0.278592874,0.2445924894,0.3125932586
synthetic_20250706,synthetic,2025-07-06,adapted,894,0.2789061628,9.567294019,0.1296292439,0.01680374086,0.0002952245296,0.9997047755,1213.799416,889.9895656,0.3803821422,0.2789061628,0.2449057782,0.3129065474
synthetic_20250706,synthetic,2025-07-06,adapted,895,0.2792193384,9.563735604,0.7067230527,0.4994574732,0.0006566618028,0.9993433382,1214.298873,890.988909,0.3805386628,0.2792193384,0.2452189538,0.313219723
synthetic_20250706,synthetic,2025-07-06,adapted,896,0.2795325932,9.558700614,0.6421207589,0.4123190691,0.0004041999982,0.9995958,1214.711192,891.9885048,0.380667876,0.2795325932,0.2455322086,0.3135329778
synthetic_20250706,synthetic,2025-07-06,adapted,897,0.2798458538,9.554642274,-0.870284772,0.7573955845,0.0003851680766,0.9996148319,1215.468588,892.9881196,0.3809052296,0.2798458538,0.2458454692,0.3138462384
synthetic_20250706,synthetic,2025-07-06,adapted,898,0.2801588462,9.546047852,0.4897998209,0.2399038646,0.001241412019,0.998758588,1215.708492,893.9868782,0.380980411,0.2801588462,0.2461584616,0.3141592308
synthetic_20250706,synthetic,2025-07-06,adapted,899,0.2804709289,9.54250607,-0.1026121745,0.01052925836,0.004144085001,0.995855915,1215.719021,894.9827341,0.3809837107,0.2804709289,0.2464705443,0.3144713135
synthetic_20250706,synthetic,2025-07-06,adapted,900,0.2807840936,9.536578501,0.3485895675,0.1215146865,0.0006912937548,0.9993087062,1215.840536,895.9820428,0.3810217912,0.2807840936,0.246783709,0.3147844782
synthetic_20250706,synthetic,2025-07-06,adapted,901,0.2810974197,9.531777162,1.070232066,1.145396675,0.0001766596947,0.9998233403,1216.985932,896.9818661,0.3813807372,0.2810974197,0.2470970351,0.3150978043
synthetic_20250706,synthetic,2025-07-06,adapted,902,0.2814106586,9.525394553,-0.3924432287,0.1540116877,0.0004545588355,0.9995454412,1217.139944,897.9814116,0.3814290016,0.2814106586,0.247410274,0.3154110432
synthetic_20250706,synthetic,2025-07-06,adapted,903,0.2817238987,9.522752646,-0.6980683214,0.4872993813,0.0004508669859,0.999549133,1217.627243,898.9809607,0.3815817121,0.2817238987,0.2477235141,0.3157242833
synthetic_20250706,synthetic,2025-07-06,adapted,904,0.2820371128,9.517453614,-0.8351084641,0.6974061468,0.0005337021017,0.9994662979,1218.324649,899.980427,0.3818002662,0.2820371128,0.2480367282,0.3160374974
synthetic_20250706,synthetic,2025-07-06,adapted,905,0.2823501598,9.512266357,-0.01383433921,0.0001913889414,0.001067228161,0.9989327718,1218.324841,900.9793598,0.3818003262,0.2823501598,0.2483497752,0.3163505444
synthetic_20250706,synthetic,2025-07-06,adapted,906,0.282663134,9.508270838,0.7463730513,0.5570727317,0.001299234014,0.998700766,1218.881914,901.9780605,0.3819749024,0.282663134,0.2486627494,0.3166635186
synthetic_20250706,synthetic,2025-07-06,adapted,907,0.2829762136,9.500123686,0.6184359916,0.3824630758,0.0009629027342,0.9990370973,1219.264377,902.9770976,0.3820947592,0.2829762136,0.248975829,0.3169765982
synthetic_20250706,synthetic,2025-07-06,adapted,908,0.2832890488,9.497144533,0.4107480223,0.1687139378,0.00174289412,0.9982571059,1219.433091,903.9753547,0.382147631,0.2832890488,0.2492886642,0.3172894334
synthetic_20250706,synthetic,2025-07-06,adapted,909,0.283602202,9.494194754,1.699458602,2.88815954,0.0007283160918,0.9992716839,1222.32125,904.9746264,0.3830527265,0.283602202,0.2496018174,0.3176025866
synthetic_20250706,synthetic,2025-07-06,adapted,910,0.2839150406,9.487146146,0.2216552248,0.04913103868,0.001731927302,0.9982680727,1222.370381,905.9728945,0.3830681232,0.2839150406,0.249914656,0.3179154252
synthetic_20250706,synthetic,2025-07-06,adapted,911,0.2842282199,9.48087317,0.840383521,0.7062444623,0.0006446925777,0.9993553074,1223.076626,906.9722498,0.3832894471,0.2842282199,0.2502278353,0.3182286045
synthetic_20250706,synthetic,2025-07-06,adapted,912,0.2845412238,9.47828874,-1.296671716,1.681357539,0.001204602135,0.9987953979,1224.757983,907.9710452,0.3838163532,0.2845412238,0.2505408392,0.3185416084
synthetic_20250706,synthetic,2025-07-06,adapted,913,0.2848542413,9.473719392,1.105910799,1.223038696,0.001161124682,0.9988388753,1225.981022,908.9698841,0.3841996308,0.2848542413,0.2508538567,0.3188546259
synthetic_20250706,synthetic,2025-07-06,adapted,914,0.2851675396,9.470256036,0.8506682272,0.7236364328,0.0002652327924,0.9997347672,1226.704658,909.9696189,0.384426405,0.2851675396,0.251167155,0.3191679242
synthetic_20250706,synthetic,2025-07-06,adapted,915,0.285480843,9.467455831,0.09003949496,0.008107110653,0.0002489019747,0.999751098,1226.712765,910.9693699,0.3844289456,0.285480843,0.2514804584,0.3194812276
synthetic_20250706,synthetic,2025-07-06,adapted,916,0.28579401,9.4640908,0.4229261137,0.1788664976,0.0006840624294,0.9993159376,1226.891632,911.9686859,0.384484999,0.28579401,0.2517936254,0.3197943946
synthetic_20250706,synthetic,2025-07-06,adapted,917,0.2861068725,9.460939006,0.82068828,0.6735292529,0.001655612439,0.9983443876,1227.565161,912.9670303,0.3846960706,0.2861068725,0.2521064879,0.3201072571
synthetic_20250706,synthetic,2025-07-06,adapted,918,0.2864201444,9.460801449,0.8927566585,0.7970144513,0.0003494453551,0.9996505546,1228.362176,913.9666808,0.3849458401,0.2864201444,0.2524197598,0.320420529
synthetic_20250706,synthetic,2025-07-06,adapted,919,0.286733498,9.456325199,-0.01200390815,0.0001440938108,8.866888473e-05,0.9999113311,1228.36232,914.9665922,0.3849458852,0.286733498,0.2527331134,0.3207338826
synthetic_20250706,synthetic,2025-07-06,adapted,920,0.2870467379,9.451924548,-1.358475146,1.845454721,0.0004516243039,0.9995483757,1230.207774,915.9661405,0.3855242164,0.2870467379,0.2530463533,0.3210471225
synthetic_20250706,synthetic,2025-07-06,adapted,921,0.2873600504,9.448435476,0.7071462781,0.5000558587,0.0002198645488,0.9997801355,1230.70783,916.9659207,0.3856809246,0.2873600504,0.2533596658,0.321360435
synthetic_20250706,synthetic,2025-07-06,adapted,922,0.2876731308,9.445425378,0.0122921058,0.000151095865,0.0009601300474,0.99903987,1230.707981,917.9649605,0.3856809719,0.2876731308,0.2536727462,0.3216735154
synthetic_20250706,synthetic,2025-07-06,adapted,923,0.287986235,9.439769059,-0.661088428,0.4370379096,0.0008846497075,0.9991153503,1231.145019,918.9640759,0.3858179315,0.287986235,0.2539858504,0.3219866196
synthetic_20250706,synthetic,2025-07-06,adapted,924,0.2882988614,9.433819746,0.7909626968,0.6256219877,0.002409089491,0.9975909105,1231.770641,919.9616668,0.3860139898,0.2882988614,0.2542984768,0.322299246
synthetic_20250706,synthetic,2025-07-06,adapted,925,0.2886120749,9.425714991,-1.022999682,1.04652835,0.0005357151151,0.9994642849,1232.81717,920.9611311,0.3863419523,0.2886120749,0.2546116903,0.3226124595
synthetic_20250706,synthetic,2025-07-06,adapted,926,0.2889252451,9.418716428,0.4600996055,0.211691647,0.0006739727835,0.9993260272,1233.028861,921.9604571,0.3864082925,0.2889252451,0.2549248605,0.3229256297
synthetic_20250706,synthetic,2025-07-06,adapted,927,0.2892385428,9.416560361,-0.2600561786,0.06762921605,0.0002670345449,0.9997329655,1233.096491,922.9601901,0.3864294862,0.2892385428,0.2552381582,0.3232389274
synthetic_20250706,synthetic,2025-07-06,adapted,928,0.2895513215,9.412743776,0.2789436379,0.0778095531,0.001923253008,0.998076747,1233.1743,923.9582668,0.3864538703,0.2895513215,0.2555509369,0.3235517061
synthetic_20250706,synthetic,2025-07-06,adapted,929,0.289864666,9.409414964,1.308109749,1.711151116,0.0001176471991,0.9998823528,1234.885451,924.9581492,0.3869901132,0.289864666,0.2558642814,0.3238650506
synthetic_20250706,synthetic,2025-07-06,adapted,930,0.2901778956,9.400493263,-0.5016972948,0.2517001756,0.0004844414591,0.9995155585,1235.137151,925.9576647,0.3870689913,0.2901778956,0.256177511,0.3241782802
synthetic_20250706,synthetic,2025-07-06,adapted,931,0.2904910877,9.39587064,-0.7347395356,0.5398421852,0.0006039801598,0.9993960198,1235.676994,926.9570608,0.3872381678,0.2904910877,0.2564907031,0.3244914723
synthetic_20250706,synthetic,2025-07-06,adapted,932,0.2908043105,9.390474269,-0.5073321956,0.2573859567,0.0005058942268,0.9994941058,1235.93438,927.9565549,0.3873188278,0.2908043105,0.2568039259,0.3248046951
synthetic_20250706,synthetic,2025-07-06,adapted,933,0.2911175093,9.386772501,-0.09043207588,0.008177960349,0.0005827371482,0.9994172629,1235.942557,928.9559721,0.3873213906,0.2911175093,0.2571171247,0.3251178939
synthetic_20250706,synthetic,2025-07-06,adapted,934,0.2914308306,9.383933945,2.13460507,4.556538805,0.0001917934975,0.9998082065,1240.499096,929.9557803,0.3887493251,0.2914308306,0.257430446,0.3254312152
synthetic_20250706,synthetic,2025-07-06,adapted,935,0.291744132,9.381059336,-2.253941215,5.080250999,0.0002549624644,0.9997450375,1245.579347,930.9555254,0.3903413812,0.291744132,0.2577437474,0.3257445166
synthetic_20250706,synthetic,2025-07-06,adapted,936,0.2920572606,9.372153052,0.6489843549,0.4211806929,0.0008068150976,0.9991931849,1246.000528,931.9547186,0.3904733713,0.2920572606,0.258056876,0.3260576452
synthetic_20250706,synthetic,2025-07-06,adapted,937,0.2923705895,9.369170916,-0.6136787495,0.3766016076,0.0001674684063,0.9998325316,1246.37713,932.9545511,0.3905913913,0.2923705895,0.2583702049,0.3263709741
synthetic_20250706,synthetic,2025-07-06,adapted,938,0.2926838559,9.367091455,0.02843931794,0.0008087948051,0.0003668614179,0.9996331386,1246.377938,933.9541842,0.3905916447,0.2926838559,0.2586834713,0.3266842405
synthetic_20250706,synthetic,2025-07-06,adapted,939,0.2929968659,9.358915381,0.07687206669,0.005909314637,0.001185265436,0.9988147346,1246.383848,934.952999,0.3905934966,0.2929968659,0.2589964813,0.3269972505
synthetic_20250706,synthetic,2025-07-06,adapted,940,0.2933099179,9.350211905,-0.4485873238,0.2012305871,0.001050825354,0.9989491746,1246.585078,935.9519481,0.3906565585,0.2933099179,0.2593095333,0.3273103025
synthetic_20250706,synthetic,2025-07-06,adapted,941,0.293623142,9.346082776,-1.174098336,1.378506901,0.0005020629552,0.999497937,1247.963585,936.9514461,0.3910885569,0.293623142,0.2596227574,0.3276235266
synthetic_20250706,synthetic,2025-07-06,adapted,942,0.2939363649,9.335167861,0.6683104364,0.4466388394,0.0005056749544,0.999494325,1248.410224,937.9509404,0.3912285252,0.2939363649,0.2599359803,0.3279367495
synthetic_20250706,synthetic,2025-07-06,adapted,943,0.2942492837,9.333831941,-0.009572299431,9.162891639e-05,0.001476011793,0.9985239882,1248.410316,938.9494644,0.3912285539,0.2942492837,0.2602488991,0.3282496683
synthetic_20250706,synthetic,2025-07-06,adapted,944,0.2945625781,9.331129934,0.4873933964,0.2375523229,0.0002778265116,0.9997221735,1248.647868,939.9491866,0.3913029984,0.2945625781,0.2605621934,0.3285629627
synthetic_20250706,synthetic,2025-07-06,adapted,945,0.2948758374,9.323621904,0.001215380547,1.477149874e-06,0.0003893613651,0.9996106386,1248.647869,940.9487972,0.3913029989,0.2948758374,0.2608754528,0.328876222
synthetic_20250706,synthetic,2025-07-06,adapted,946,0.2951888978,9.317749638,0.857289284,0.7349449164,0.001024444094,0.9989755559,1249.382814,941.9477728,0.3915333169,0.2951888978,0.2611885132,0.3291892824
synthetic_20250706,synthetic,2025-07-06,adapted,947,0.2955021022,9.317253156,-0.5924015445,0.35093959,0.0005645460222,0.999435454,1249.733754,942.9472082,0.3916432949,0.2955021022,0.2615017176,0.3295024868
synthetic_20250706,synthetic,2025-07-06,adapted,948,0.2958152821,9.313786987,1.316974509,1.734421858,0.0006429989637,0.999357001,1251.468176,943.9465652,0.3921868304,0.2958152821,0.2618148975,0.3298156667
synthetic_20250706,synthetic,2025-07-06,adapted,949,0.2961285999,9.307680545,-0.9468526655,0.8965299701,0.0002030112344,0.9997969888,1252.364706,944.9463622,0.3924677862,0.2961285999,0.2621282153,0.3301289845
synthetic_20250706,synthetic,2025-07-06,adapted,950,0.2964411807,9.300762623,0.3039885292,0.09240902586,0.002554681955,0.997445318,1252.457115,945.9438075,0.3924967455,0.2964411807,0.2624407961,0.3304415653
synthetic_20250706,synthetic,2025-07-06,adapted,951,0.2967541144,9.296820095,1.575377826,2.481815296,0.001428572846,0.9985714272,1254.93893,946.9423789,0.3932745002,0.2967541144,0.2627537298,0.330754499
synthetic_20250706,synthetic,2025-07-06,adapted,952,0.2970673539,9.294306987,-0.475223222,0.2258371108,0.000452504459,0.9995474955,1255.164767,947.9419264,0.3933452733,0.2970673539,0.2630669693,0.3310677385
synthetic_20250706,synthetic,2025-07-06,adapted,953,0.2973806245,9.293719277,0.2927552038,0.08570560937,0.0003535623084,0.9996464377,1255.250473,948.9415729,0.3933721319,0.2973806245,0.2633802399,0.3313810091
synthetic_20250706,synthetic,2025-07-06,adapted,954,0.2976938422,9.289798473,0.6957332574,0.4840447655,0.0005222901143,0.9994777099,1255.734518,949.9410506,0.3935238225,0.2976938422,0.2636934576,0.3316942268
synthetic_20250706,synthetic,2025-07-06,adapted,955,0.2980071644,9.287078173,-0.8037674815,0.6460421643,0.0001888472149,0.9998111528,1256.38056,950.9408617,0.3937262801,0.2980071644,0.2640067798,0.332007549
synthetic_20250706,synthetic,2025-07-06,adapted,956,0.2983204951,9.278180771,0.990497019,0.9810843446,0.0001618147499,0.9998381853,1257.361644,951.9406999,0.3940337337,0.2983204951,0.2643201105,0.3323208797
synthetic_20250706,synthetic,2025-07-06,adapted,957,0.2986333572,9.270914193,-0.8332140637,0.6942456759,0.001657041382,0.9983429586,1258.05589,952.9390429,0.3942512973,0.2986333572,0.2646329726,0.3326337418
synthetic_20250706,synthetic,2025-07-06,adapted,958,0.2989464353,9.265099265,0.4371123352,0.1910671936,0.0009679768624,0.9990320231,1258.246957,953.9380749,0.3943111742,0.2989464353,0.2649460507,0.3329468199
synthetic_20250706,synthetic,2025-07-06,adapted,959,0.2992594688,9.262922615,0.18845343,0.03551469529,0.001109843272,0.9988901567,1258.282472,954.9369651,0.3943223039,0.2992594688,0.2652590842,0.3332598534
synthetic_20250706,synthetic,2025-07-06,adapted,960,0.2995726851,9.259313831,-1.256568316,1.578963932,0.000526831779,0.9994731682,1259.861436,955.9364382,0.3948171218,0.2995726851,0.2655723005,0.3335730697
synthetic_20250706,synthetic,2025-07-06,adapted,961,0.2998849248,9.248462738,-0.1988563419,0.03954384473,0.003643278471,0.9963567215,1259.900979,956.932795,0.3948295141,0.2998849248,0.2658845402,0.3338853094
synthetic_20250706,synthetic,2025-07-06,adapted,962,0.3001981566,9.243341875,-0.1122092591,0.01259091783,0.0004773264387,0.9995226736,1259.91357,957.9323176,0.3948334598,0.3001981566,0.266197772,0.3341985412
synthetic_20250706,synthetic,2025-07-06,adapted,963,0.3005113421,9.240455129,0.1436297607,0.02062950817,0.000624869575,0.9993751304,1259.9342,958.9316928,0.3948399247,0.3005113421,0.2665109575,0.3345117267
synthetic_20250706,synthetic,2025-07-06,adapted,964,0.3008241635,9.238526493,1.915917156,3.67073855,0.001787111882,0.9982128881,1263.604938,959.9299056,0.3959902659,0.3008241635,0.2668237789,0.3348245481
synthetic_20250706,synthetic,2025-07-06,adapted,965,0.301137229,9.233601101,0.9165828917,0.8401241974,0.00100799389,0.9989920061,1264.445063,960.9288976,0.3962535452,0.301137229,0.2671368444,0.3351376136
synthetic_20250706,synthetic,2025-07-06,adapted,966,0.3014504108,9.232208885,0.4122800091,0.1699748059,0.0006366344657,0.9993633655,1264.615037,961.928261,0.3963068121,0.3014504108,0.2674500262,0.3354507954
synthetic_20250706,synthetic,2025-07-06,adapted,967,0.3017636707,9.228096434,-0.416268257,0.1732792618,0.000387800501,0.9996121995,1264.788317,962.9278732,0.3963611146,0.3017636707,0.2677632861,0.3357640553
synthetic_20250706,synthetic,2025-07-06,adapted,968,0.302076437,9.223248725,1.585036959,2.51234216,0.00196286818,0.9980371318,1267.300659,963.9259103,0.3971484359,0.302076437,0.2680760524,0.3360768216
synthetic_20250706,synthetic,2025-07-06,adapted,969,0.3023896686,9.221022928,-1.115644176,1.244661927,0.000477990415,0.9995220096,1268.545321,964.9254324,0.3975384897,0.3023896686,0.268389284,0.3363900532
synthetic_20250706,synthetic,2025-07-06,adapted,970,0.3027029054,9.215458589,0.7651661046,0.5854791676,0.0004613455041,0.9995386545,1269.1308,965.924971,0.397721968,0.3027029054,0.2687025208,0.33670329
synthetic_20250706,synthetic,2025-07-06,adapted,971,0.3030157732,9.210639672,1.793396268,3.216270173,0.001638846188,0.9983611538,1272.34707,966.9233322,0.3987298872,0.3030157732,0.2690153886,0.3370161578
synthetic_20250706,synthetic,2025-07-06,adapted,972,0.3033290695,9.20966444,1.355755751,1.838073657,0.0002712831313,0.9997287169,1274.185144,967.9230609,0.3993059053,0.3033290695,0.2693286849,0.3373294541
synthetic_20250706,synthetic,2025-07-06,adapted,973,0.3036420084,9.206307451,0.8569529462,0.734368352,0.001411984712,0.9985880153,1274.919512,968.9216489,0.3995360427,0.3036420084,0.2696416238,0.337642393
synthetic_20250706,synthetic,2025-07-06,adapted,974,0.3039550572,9.201388451,0.1517302825,0.02302207862,0.001061295685,0.9989387043,1274.942534,969.9205876,0.3995432573,0.3039550572,0.2699546726,0.3379554418
synthetic_20250706,synthetic,2025-07-06,adapted,975,0.304268225,9.201304817,0.763238843,0.5825335314,0.0006816375341,0.9993183625,1275.525068,970.919906,0.3997258125,0.304268225,0.2702678404,0.3382686096
synthetic_20250706,synthetic,2025-07-06,adapted,976,0.3045815961,9.199019812,-0.6011902482,0.3614297145,3.272810006e-05,0.9999672719,1275.886497,971.9198732,0.3998390779,0.3045815961,0.2705812115,0.3385819807
synthetic_20250706,synthetic,2025-07-06,adapted,977,0.3048948768,9.189047102,-0.02212555786,0.0004895403108,0.0003214260147,0.999678574,1275.886987,972.9195518,0.3998392313,0.3048948768,0.2708944922,0.3388952614
synthetic_20250706,synthetic,2025-07-06,adapted,978,0.3052081416,9.18101939,0.3084531519,0.09514334691,0.0003720066081,0.9996279934,1275.98213,973.9191798,0.3998690474,0.3052081416,0.271207757,0.3392085262
synthetic_20250706,synthetic,2025-07-06,adapted,979,0.3055214238,9.179662941,0.5655020225,0.3197925375,0.000316529751,0.9996834702,1276.301923,974.9188633,0.3999692645,0.3055214238,0.2715210392,0.3395218084
synthetic_20250706,synthetic,2025-07-06,adapted,980,0.3058345068,9.169534723,-1.839425208,3.383485095,0.0009521694402,0.9990478306,1279.685408,975.9179111,0.4010295857,0.3058345068,0.2718341222,0.3398348914
synthetic_20250706,synthetic,2025-07-06,adapted,981,0.3061458733,9.169217536,0.3851740808,0.1483590725,0.006429295296,0.9935707047,1279.833767,976.9114818,0.4010760787,0.3061458733,0.2721454887,0.3401462579
synthetic_20250706,synthetic,2025-07-06,adapted,982,0.3064589862,9.164986023,-0.1183924465,0.01401677138,0.0008566895971,0.9991433104,1279.847784,977.9106251,0.4010804713,0.3064589862,0.2724586016,0.3404593708
synthetic_20250706,synthetic,2025-07-06,adapted,983,0.3067718201,9.15917255,0.8952495266,0.8014717149,0.001747256969,0.998252743,1280.649256,978.9088779,0.4013316376,0.3067718201,0.2727714355,0.3407722047
synthetic_20250706,synthetic,2025-07-06,adapted,984,0.3070850721,9.156611239,-0.4102252837,0.1682847834,0.0004127364023,0.9995872636,1280.81754,979.9084651,0.4013843749,0.3070850721,0.2730846875,0.3410854567
synthetic_20250706,synthetic,2025-07-06,adapted,985,0.3073981765,9.153268032,0.3859419299,0.1489511733,0.000883781394,0.9991162186,1280.966491,980.9075813,0.4014310534,0.3073981765,0.2733977919,0.3413985611
synthetic_20250706,synthetic,2025-07-06,adapted,986,0.3077110997,9.152323007,0.1861344347,0.03464602779,0.001462112862,0.9985378871,1281.001138,981.9061192,0.4014419108,0.3077110997,0.2737107151,0.3417114843
synthetic_20250706,synthetic,2025-07-06,adapted,987,0.3080243261,9.150501097,0.9010928546,0.8119683325,0.0004946356006,0.9995053644,1281.813106,982.9056246,0.4016963666,0.3080243261,0.2740239415,0.3420247107
synthetic_20250706,synthetic,2025-07-06,adapted,988,0.3083374951,9.14841901,0.1376207315,0.01893946575,0.0006777824839,0.9993222175,1281.832045,983.9049468,0.4017023019,0.3083374951,0.2743371105,0.3423378797
synthetic_20250706,synthetic,2025-07-06,adapted,989,0.3086505186,9.142283504,-1.179123932,1.390333247,0.001141926918,0.9988580731,1283.222379,984.9038049,0.4021380064,0.3086505186,0.274650134,0.3426509032
synthetic_20250706,synthetic,2025-07-06,adapted,990,0.3089638052,9.139697633,-0.2181358172,0.04758323475,0.0003023381689,0.9996976618,1283.269962,985.9035025,0.4021529181,0.3089638052,0.2749634206,0.3429641898
synthetic_20250706,synthetic,2025-07-06,adapted,991,0.3092770002,9.134734388,0.6780633823,0.4597699504,0.0005948290455,0.999405171,1283.729732,986.9029077,0.4022970015,0.3092770002,0.2752766156,0.3432773848
synthetic_20250706,synthetic,2025-07-06,adapted,992,0.3095892514,9.129077432,1.346442224,1.812906662,0.003606436908,0.9963935631,1285.542638,987.8993013,0.4028651327,0.3095892514,0.2755888668,0.343589636
synthetic_20250706,synthetic,2025-07-06,adapted,993,0.3099023987,9.127378361,-0.8698571578,0.756651475,0.0007469608442,0.9992530392,1286.29929,988.8985543,0.4031022532,0.3099023987,0.2759020141,0.3439027833
synthetic_20250706,synthetic,2025-07-06,adapted,994,0.3102155247,9.123753533,-0.174365641,0.03040337677,0.0008149086607,0.9991850913,1286.329693,989.8977394,0.403111781,0.3102155247,0.2762151401,0.3442159093
synthetic_20250706,synthetic,2025-07-06,adapted,995,0.3105287027,9.120029571,0.4282956679,0.1834371792,0.0006489814669,0.9993510185,1286.51313,990.8970904,0.4031692668,0.3105287027,0.2765283181,0.3445290873
synthetic_20250706,synthetic,2025-07-06,adapted,996,0.3108418948,9.118829496,-1.711179209,2.928134285,0.0006039852278,0.9993960148,1289.441265,991.8964864,0.4040868896,0.3108418948,0.2768415102,0.3448422794
synthetic_20250706,synthetic,2025-07-06,adapted,997,0.3111550687,9.112914694,-0.007499138371,5.623707631e-05,0.0006622418967,0.9993377581,1289.441321,992.8958242,0.4040869072,0.3111550687,0.2771546841,0.3451554533
synthetic_20250706,synthetic,2025-07-06,adapted,998,0.3114683174,9.110360722,0.09024205485,0.008143628464,0.000423269659,0.9995767303,1289.449465,993.8954009,0.4040894593,0.3114683174,0.2774679328,0.345468702
synthetic_20250706,synthetic,2025-07-06,adapted,999,0.3117810944,9.106642034,0.0567847084,0.003224503108,0.00192858921,0.9980714108,1289.452689,994.8934723,0.4040904698,0.3117810944,0.2777807098,0.345781479
synthetic_20250706,synthetic,2025-07-06,adapted,1000,0.3120942736,9.103581167,-0.1980823013,0.03923659808,0.0006451519654,0.999354848,1289.491926,995.8928272,0.4041027658,0.3120942736,0.278093889,0.3460946582
synthetic_20250706,synthetic,2025-07-06,adapted,1001,0.3124073934,9.096636915,-0.07509803201,0.005639714411,0.0008349448461,0.9991650552,1289.497565,996.8919922,0.4041045332,0.3124073934,0.2784070088,0.346407778
synthetic_20250706,synthetic,2025-07-06,adapted,1002,0.3127204265,9.090283353,0.02916975252,0.0008508744624,0.001111188155,0.9988888118,1289.498416,997.8908811,0.4041047998,0.3127204265,0.2787200419,0.3467208111
synthetic_20250706,synthetic,2025-07-06,adapted,1003,0.3130336583,9.083997207,0.5019571701,0.2519610006,0.0004773093944,0.9995226906,1289.750377,998.8904037,0.4041837597,0.3130336583,0.2790332737,0.3470340429
synthetic_20250706,synthetic,2025-07-06,adapted,1004,0.3133463557,9.082354937,0.6422089098,0.4124322839,0.002182733756,0.9978172662,1290.16281,999.888221,0.4043130083,0.3133463557,0.2793459711,0.3473467403
synthetic_20250706,synthetic,2025-07-06,adapted,1005,0.3136597119,9.078544898,0.3070742136,0.09429457264,8.019877889e-05,0.9999198012,1290.257104,1000.888141,0.4043425585,0.3136597119,0.2796593273,0.3476600965
synthetic_20250706,synthetic,2025-07-06,adapted,1006,0.3139725551,9.073776883,-1.591349469,2.532393134,0.001717336611,0.9982826634,1292.789497,1001.886423,0.4051361634,0.3139725551,0.2799721705,0.3479729397
synthetic_20250706,synthetic,2025-07-06,adapted,1007,0.3142857957,9.071281642,-0.07078195999,0.005010085861,0.0004493502834,0.9995506497,1292.794507,1002.885974,0.4051377334,0.3142857957,0.2802854111,0.3482861803
synthetic_20250706,synthetic,2025-07-06,adapted,1008,0.3145991269,9.061526342,1.281635202,1.64258879,0.0001603333124,0.9998396667,1294.437096,1003.885814,0.4056524902,0.3145991269,0.2805987423,0.3485995115
synthetic_20250706,synthetic,2025-07-06,adapted,1009,0.3149123866,9.059455377,-1.578556713,2.491841295,0.0003882413602,0.9996117586,1296.928937,1004.885426,0.4064333868,0.3149123866,0.280912002,0.3489127712
synthetic_20250706,synthetic,2025-07-06,adapted,1010,0.3152252827,9.057250518,1.983820419,3.935543455,0.00154849134,0.9984515087,1300.864481,1005.883877,0.4076667129,0.3152252827,0.2812248981,0.3492256673
synthetic_20250706,synthetic,2025-07-06,adapted,1011,0.3155386055,9.052861604,-0.1006997165,0.01014043291,0.000186984614,0.9998130154,1300.874621,1006.88369,0.4076698907,0.3155386055,0.2815382209,0.3495389901
synthetic_20250706,synthetic,2025-07-06,adapted,1012,0.3158518492,9.045950822,-1.158049834,1.341079418,0.0004393459516,0.999560654,1302.215701,1007.883251,0.4080901601,0.3158518492,0.2818514646,0.3498522338
synthetic_20250706,synthetic,2025-07-06,adapted,1013,0.3161640679,9.043071044,1.909064189,3.644526079,0.003709950799,0.9962900492,1305.860227,1008.879541,0.4092322867,0.3161640679,0.2821636833,0.3501644525
synthetic_20250706,synthetic,2025-07-06,adapted,1014,0.316477189,9.035283067,0.1422153952,0.02022521862,0.0008307511035,0.9991692489,1305.880452,1009.87871,0.4092386249,0.316477189,0.2824768044,0.3504775736
synthetic_20250706,synthetic,2025-07-06,adapted,1015,0.3167904423,9.031888565,1.330600093,1.770496608,0.0004086603212,0.9995913397,1307.650949,1010.878301,0.4097934656,0.3167904423,0.2827900577,0.3507908269
synthetic_20250706,synthetic,2025-07-06,adapted,1016,0.3171035537,9.025665209,1.533192639,2.350679669,0.000861612254,0.9991383877,1310.001628,1011.87744,0.4105301248,0.3171035537,0.2831031691,0.3511039383
synthetic_20250706,synthetic,2025-07-06,adapted,1017,0.3174167453,9.02302316,1.596445674,2.548638789,0.0006054266402,0.9993945734,1312.550267,1012.876834,0.4113288208,0.3174167453,0.2834163607,0.3514171299
synthetic_20250706,synthetic,2025-07-06,adapted,1018,0.317729957,9.020015397,-0.4672783081,0.2183490173,0.0005416906758,0.9994583093,1312.768616,1013.876293,0.4113972473,0.317729957,0.2837295724,0.3517303416
synthetic_20250706,synthetic,2025-07-06,adapted,1019,0.3180432519,9.018258941,-0.0996683441,0.009933778816,0.0002758253101,0.9997241747,1312.77855,1014.876017,0.4114003604,0.3180432519,0.2840428673,0.3520436365
synthetic_20250706,synthetic,2025-07-06,adapted,1020,0.3183559705,9.012944013,0.240757702,0.05796427106,0.002114890036,0.99788511,1312.836514,1015.873902,0.4114185253,0.3183559705,0.2843555859,0.3523563551
synthetic_20250706,synthetic,2025-07-06,adapted,1021,0.3186689314,9.006468875,0.7792977068,0.6073049159,0.001341915794,0.9986580842,1313.443819,1016.87256,0.4116088433,0.3186689314,0.2846685468,0.352669316
synthetic_20250706,synthetic,2025-07-06,adapted,1022,0.3189821884,9.001009459,0.8119832823,0.6593168507,0.0003968375443,0.9996031625,1314.103136,1017.872163,0.411815461,0.3189821884,0.2849818038,0.352982573
synthetic_20250706,synthetic,2025-07-06,adapted,1023,0.3192950473,9.000261786,-1.02863249,1.058084799,0.001667089835,0.9983329102,1315.161221,1018.870496,0.412147045,0.3192950473,0.2852946627,0.3532954319
synthetic_20250706,synthetic,2025-07-06,adapted,1024,0.3196081475,8.992719007,-0.5859913534,0.3433858663,0.0008974025704,0.9991025974,1315.504607,1019.869599,0.4122546558,0.3196081475,0.2856077629,0.3536085321
synthetic_20250706,synthetic,2025-07-06,adapted,1025,0.3199214459,8.990548981,1.426385959,2.034576904,0.0002648530548,0.9997351469,1317.539184,1020.869334,0.4128922543,0.3199214459,0.2859210613,0.3539218305
synthetic_20250706,synthetic,2025-07-06,adapted,1026,0.3202346575,8.984765604,-0.08075365872,0.006521153397,0.0005417915244,0.9994582085,1317.545705,1021.868792,0.4128942979,0.3202346575,0.2862342729,0.3542350421
synthetic_20250706,synthetic,2025-07-06,adapted,1027,0.320547821,8.980592769,1.023039211,1.046609228,0.000695252053,0.9993047479,1318.592314,1022.868097,0.4132222858,0.320547821,0.2865474364,0.3545482056
synthetic_20250706,synthetic,2025-07-06,adapted,1028,0.3208610414,8.972500119,-0.7398355404,0.5473566269,0.0005136258044,0.9994863742,1319.139671,1023.867583,0.4133938171,0.3208610414,0.2868606568,0.354861426
synthetic_20250706,synthetic,2025-07-06,adapted,1029,0.3211742447,8.971859268,0.8911041311,0.7940665725,0.0005682936007,0.9994317064,1319.933737,1024.867015,0.4136426628,0.3211742447,0.2871738601,0.3551746293
synthetic_20250706,synthetic,2025-07-06,adapted,1030,0.3214874044,8.962771203,-1.283142531,1.646454756,0.0007074748975,0.9992925251,1321.580192,1025.866307,0.4141586311,0.3214874044,0.2874870198,0.355487789
synthetic_20250706,synthetic,2025-07-06,adapted,1031,0.3218007413,8.961440528,-1.235564588,1.526619852,0.0001419301297,0.9998580699,1323.106812,1026.866165,0.4146370453,0.3218007413,0.2878003567,0.3558011259
synthetic_20250706,synthetic,2025-07-06,adapted,1032,0.3221125448,8.95380412,-0.4395488776,0.1932032158,0.005034917915,0.9949650821,1323.300015,1027.861131,0.4146975916,0.3221125448,0.2881121602,0.3561129294
synthetic_20250706,synthetic,2025-07-06,adapted,1033,0.3224257541,8.952517626,0.6390842564,0.4084286867,0.0005492913087,0.9994507087,1323.708444,1028.860581,0.4148255856,0.3224257541,0.2884253695,0.3564261387
synthetic_20250706,synthetic,2025-07-06,adapted,1034,0.3227387989,8.950003058,-0.8298652975,0.6886764119,0.001074093008,0.998925907,1324.39712,1029.859507,0.415041404,0.3227387989,0.2887384143,0.3567391835
synthetic_20250706,synthetic,2025-07-06,adapted,1035,0.3230520298,8.945393494,-0.2705931823,0.07322067028,0.0004801778909,0.9995198221,1324.470341,1030.859027,0.4150643499,0.3230520298,0.2890516452,0.3570524144
synthetic_20250706,synthetic,2025-07-06,adapted,1036,0.323365133,8.938205746,0.6283289819,0.3947973095,0.000887545329,0.9991124547,1324.865138,1031.858139,0.4151880721,0.323365133,0.2893647484,0.3573655176
synthetic_20250706,synthetic,2025-07-06,adapted,1037,0.3236780164,8.936296488,-0.6215353314,0.3863061682,0.001589074998,0.998410925,1325.251444,1032.85655,0.4153091332,0.3236780164,0.2896776318,0.357678401
synthetic_20250706,synthetic,2025-07-06,adapted,1038,0.3239913289,8.934743992,-0.753929588,0.5684098237,0.000219732371,0.9997802676,1325.819854,1033.856331,0.4154872623,0.3239913289,0.2899909443,0.3579917135
synthetic_20250706,synthetic,2025-07-06,adapted,1039,0.3243040066,8.930133297,0.9748100792,0.9502546905,0.002245710854,0.9977542891,1326.770109,1034.854085,0.4157850544,0.3243040066,0.290303622,0.3583043912
synthetic_20250706,synthetic,2025-07-06,adapted,1040,0.3246170882,8.927426617,1.377311524,1.896987034,0.0009565075463,0.9990434925,1328.667096,1035.853128,0.4163795348,0.3246170882,0.2906167036,0.3586174728
synthetic_20250706,synthetic,2025-07-06,adapted,1041,0.3249293851,8.925232302,1.389145405,1.929724956,0.003460414281,0.9965395857,1330.596821,1036.849668,0.4169842747,0.3249293851,0.2909290005,0.3589297697
synthetic_20250706,synthetic,2025-07-06,adapted,1042,0.3252423286,8.918626103,-0.1143718785,0.01308092659,0.001397522927,0.9986024771,1330.609902,1037.84827,0.416988374,0.3252423286,0.291241944,0.3592427132
synthetic_20250706,synthetic,2025-07-06,adapted,1043,0.3255550808,8.912925551,-1.967478711,3.870972479,0.002007489384,0.9979925106,1334.480874,1038.846263,0.4182014648,0.3255550808,0.2915546962,0.3595554654
synthetic_20250706,synthetic,2025-07-06,adapted,1044,0.3258681874,8.904594148,1.241606002,1.541585464,0.000876844906,0.9991231551,1336.02246,1039.845386,0.418684569,0.3258681874,0.2918678028,0.359868572
synthetic_20250706,synthetic,2025-07-06,adapted,1045,0.3261795213,8.903734,0.9389420566,0.8816121856,0.006533602945,0.9934663971,1336.904072,1040.838853,0.4189608498,0.3261795213,0.2921791367,0.3601799059
synthetic_20250706,synthetic,2025-07-06,adapted,1046,0.3264918874,8.898120484,1.169643601,1.368066154,0.003239730082,0.9967602699,1338.272138,1041.835613,0.4193895763,0.3264918874,0.2924915028,0.360492272
synthetic_20250706,synthetic,2025-07-06,adapted,1047,0.3268038389,8.892785281,-0.6865590083,0.4713632718,0.004562903041,0.995437097,1338.743501,1042.83105,0.4195372927,0.3268038389,0.2928034543,0.3608042235
synthetic_20250706,synthetic,2025-07-06,adapted,1048,0.3271170388,8.890952063,0.0149369507,0.0002231124961,0.0005789563158,0.9994210437,1338.743724,1043.830471,0.4195373627,0.3271170388,0.2931166542,0.3611174234
synthetic_20250706,synthetic,2025-07-06,adapted,1049,0.3274300407,8.888875638,0.7853433242,0.6167641369,0.001211171085,0.9987888289,1339.360488,1044.82926,0.4197306451,0.3274300407,0.2934296561,0.3614304253
synthetic_20250706,synthetic,2025-07-06,adapted,1050,0.3277432783,8.884926738,0.4186849038,0.1752970486,0.0004586922664,0.9995413077,1339.535785,1045.828801,0.4197855799,0.3277432783,0.2937428937,0.3617436629
synthetic_20250706,synthetic,2025-07-06,adapted,1051,0.3280565705,8.880748858,-1.693409221,2.86763479,0.0002846188834,0.9997153811,1342.40342,1046.828516,0.4206842433,0.3280565705,0.2940561859,0.3620569551
synthetic_20250706,synthetic,2025-07-06,adapted,1052,0.3283697251,8.876404568,-0.6635352899,0.440279081,0.0007235206782,0.9992764793,1342.843699,1047.827793,0.4208222185,0.3283697251,0.2943693405,0.3623701097
synthetic_20250706,synthetic,2025-07-06,adapted,1053,0.3286830548,8.867677795,0.2937544634,0.08629168476,0.0001650210684,0.9998349789,1342.929991,1048.827628,0.4208492607,0.3286830548,0.2946826702,0.3626834394
synthetic_20250706,synthetic,2025-07-06,adapted,1054,0.3289962701,8.863148083,-1.844457861,3.4020248,0.0005301828242,0.9994698172,1346.332016,1049.827098,0.421915392,0.3289962701,0.2949958855,0.3629966547
synthetic_20250706,synthetic,2025-07-06,adapted,1055,0.3293094425,8.860877123,0.02954661943,0.0008730027195,0.0006668750527,0.9993331249,1346.332889,1050.826431,0.4219156656,0.3293094425,0.2953090579,0.3633098271
synthetic_20250706,synthetic,2025-07-06,adapted,1056,0.3296227431,8.854946522,-0.2628704018,0.06910084815,0.0002576538634,0.9997423461,1346.40199,1051.826173,0.4219373205,0.3296227431,0.2956223585,0.3636231277
synthetic_20250706,synthetic,2025-07-06,adapted,1057,0.3299344993,8.853471665,0.1575254846,0.02481427828,0.005185853615,0.9948141464,1346.426804,1052.820987,0.4219450968,0.3299344993,0.2959341147,0.3639348839
synthetic_20250706,synthetic,2025-07-06,adapted,1058,0.3302475127,8.849289885,-0.0811842003,0.006590874379,0.001174440784,0.9988255592,1346.433395,1053.819813,0.4219471623,0.3302475127,0.2962471281,0.3642478973
synthetic_20250706,synthetic,2025-07-06,adapted,1059,0.3305606593,8.844520399,0.7268780168,0.5283516513,0.000748937843,0.9992510622,1346.961746,1054.819064,0.4221127378,0.3305606593,0.2965602747,0.3645610439
synthetic_20250706,synthetic,2025-07-06,adapted,1060,0.3308731491,8.842814892,0.7488155616,0.5607247453,0.002845043534,0.9971549565,1347.522471,1055.816219,0.4222884585,0.3308731491,0.2968727645,0.3648735337
synthetic_20250706,synthetic,2025-07-06,adapted,1061,0.3311863914,8.838769827,0.1535865352,0.02358882381,0.0004439895152,0.9995560105,1347.54606,1056.815775,0.4222958508,0.3311863914,0.2971860068,0.365186776
synthetic_20250706,synthetic,2025-07-06,adapted,1062,0.3314996134,8.833659922,-1.597343691,2.551506866,0.0005085627526,0.9994914372,1350.097567,1057.815266,0.4230954456,0.3314996134,0.2974992288,0.365499998
synthetic_20250706,synthetic,2025-07-06,adapted,1063,0.3318129195,8.831418655,0.6512746174,0.4241586272,0.0002403140345,0.999759686,1350.521726,1058.815026,0.423228369,0.3318129195,0.2978125349,0.3658133041
synthetic_20250706,synthetic,2025-07-06,adapted,1064,0.3321258487,8.82932993,0.6083723347,0.3701168977,0.001442715195,0.9985572848,1350.891842,1059.813583,0.4233443568,0.3321258487,0.2981254641,0.3661262333
synthetic_20250706,synthetic,2025-07-06,adapted,1065,0.3324389562,8.82799621,-0.7092796314,0.5030775955,0.0008742338706,0.9991257661,1351.39492,1060.812709,0.4235020119,0.3324389562,0.2984385716,0.3664393408
synthetic_20250706,synthetic,2025-07-06,adapted,1066,0.3327522776,8.824201347,0.09021172124,0.008138154649,0.0001912563184,0.9998087437,1351.403058,1061.812518,0.4235045623,0.3327522776,0.298751893,0.3667526622
synthetic_20250706,synthetic,2025-07-06,adapted,1067,0.3330649641,8.81896533,1.836452718,3.372558585,0.002217475525,0.9977825245,1354.775617,1062.8103,0.4245614593,0.3330649641,0.2990645795,0.3670653487
synthetic_20250706,synthetic,2025-07-06,adapted,1068,0.3333782718,8.814886783,1.640210165,2.690289386,0.0002350468128,0.9997649532,1357.465906,1063.810065,0.425404546,0.3333782718,0.2993778872,0.3673786564
synthetic_20250706,synthetic,2025-07-06,adapted,1069,0.3336915804,8.812423422,0.6510148255,0.423820303,0.0002323566011,0.9997676434,1357.889726,1064.809833,0.4255373633,0.3336915804,0.2996911958,0.367691965
synthetic_20250706,synthetic,2025-07-06,adapted,1070,0.3340048383,8.807397431,-0.7622703752,0.5810561249,0.000394018932,0.9996059811,1358.470783,1065.809439,0.4257194555,0.3340048383,0.3000044537,0.3680052229
synthetic_20250706,synthetic,2025-07-06,adapted,1071,0.334317857,8.803123529,-0.2455957214,0.06031725837,0.001157203067,0.9988427969,1358.5311,1066.808282,0.4257383578,0.334317857,0.3003174724,0.3683182416
synthetic_20250706,synthetic,2025-07-06,adapted,1072,0.3346309899,8.801638171,-0.3029310107,0.09176719722,0.000792958903,0.9992070411,1358.622867,1067.807489,0.425767116,0.3346309899,0.3006306053,0.3686313745
synthetic_20250706,synthetic,2025-07-06,adapted,1073,0.3349440961,8.799873166,-1.311134523,1.719073737,0.0008782840185,0.999121716,1360.341941,1068.806611,0.4263058417,0.3349440961,0.3009437115,0.3689444807
synthetic_20250706,synthetic,2025-07-06,adapted,1074,0.3352566787,8.794063789,-0.0919670673,0.008457941467,0.002548769601,0.9974512304,1360.350399,1069.804062,0.4263084922,0.3352566787,0.3012562941,0.3692570633
synthetic_20250706,synthetic,2025-07-06,adapted,1075,0.3355697723,8.79065973,-1.801121964,3.244040329,0.0009183456321,0.9990816544,1363.594439,1070.803143,0.4273251141,0.3355697723,0.3015693877,0.3695701569
synthetic_20250706,synthetic,2025-07-06,adapted,1076,0.3358830896,8.78495451,-1.372994179,1.885113015,0.0002045892822,0.9997954107,1365.479552,1071.802939,0.4279158734,0.3358830896,0.301882705,0.3698834742
synthetic_20250706,synthetic,2025-07-06,adapted,1077,0.3361961029,8.783572872,-0.9072143152,0.8230378138,0.001174360783,0.9988256392,1366.30259,1072.801764,0.4281737981,0.3361961029,0.3021957183,0.3701964875
synthetic_20250706,synthetic,2025-07-06,adapted,1078,0.3365089937,8.779611253,1.359319555,1.847749653,0.001565481867,0.9984345181,1368.15034,1073.800199,0.4287528485,0.3365089937,0.3025086091,0.3705093783
synthetic_20250706,synthetic,2025-07-06,adapted,1079,0.3368218129,8.777648594,-0.09249657943,0.008555617207,0.0017940483,0.9982059517,1368.158895,1074.798405,0.4287555297,0.3368218129,0.3028214283,0.3708221975
synthetic_20250706,synthetic,2025-07-06,adapted,1080,0.3371346837,8.772536733,1.626668776,2.646051305,0.001629371156,0.9983706288,1370.804946,1075.796776,0.4295847529,0.3371346837,0.3031342991,0.3711350683
synthetic_20250706,synthetic,2025-07-06,adapted,1081,0.3374471208,8.767020246,-0.1341814795,0.01800466943,0.003013067668,0.9969869323,1370.822951,1076.793762,0.4295903952,0.3374471208,0.3034467362,0.3714475054
synthetic_20250706,synthetic,2025-07-06,adapted,1082,0.3377603693,8.764246594,-1.550482725,2.403996681,0.0004240334765,0.9995759665,1373.226948,1077.793338,0.430343763,0.3377603693,0.3037599847,0.3717607539
synthetic_20250706,synthetic,2025-07-06,adapted,1083,0.3380737199,8.760767723,0.5966231571,0.3559591916,9.826818474e-05,0.9999017318,1373.582907,1078.79324,0.430455314,0.3380737199,0.3040733353,0.3720741045
synthetic_20250706,synthetic,2025-07-06,adapted,1084,0.3383870214,8.759130596,-1.002136188,1.004276939,0.0002548282983,0.9997451717,1374.587184,1079.792985,0.4307700357,0.3383870214,0.3043866368,0.372387406
synthetic_20250706,synthetic,2025-07-06,adapted,1085,0.3387002003,8.753940242,-0.7572984997,0.5735010176,0.0006460621618,0.9993539378,1375.160685,1080.792339,0.4309497602,0.3387002003,0.3046998157,0.3727005849
synthetic_20250706,synthetic,2025-07-06,adapted,1086,0.3390135117,8.753168402,1.404242153,1.971896024,0.0002235297008,0.9997764703,1377.132581,1081.792116,0.4315677157,0.3390135117,0.3050131271,0.3730138963
synthetic_20250706,synthetic,2025-07-06,adapted,1087,0.3393253914,8.749456752,1.68512907,2.839659983,0.004791890951,0.995208109,1379.972241,1082.787324,0.4324576123,0.3393253914,0.3053250068,0.373325776
synthetic_20250706,synthetic,2025-07-06,adapted,1088,0.3396381282,8.747788691,-0.2340501282,0.05477946253,0.002056632,0.997943368,1380.02702,1083.785267,0.4324747792,0.3396381282,0.3056377436,0.3736385128
synthetic_20250706,synthetic,2025-07-06,adapted,1089,0.3399514342,8.739589602,-0.06611288997,0.00437091422,0.0002407895991,0.9997592104,1380.031391,1084.785026,0.432476149,0.3399514342,0.3059510496,0.3739518188
synthetic_20250706,synthetic,2025-07-06,adapted,1090,0.3402647412,8.736694594,0.2444225031,0.05974236,0.0002373472887,0.9997626527,1380.091134,1085.784789,0.4324948711,0.3402647412,0.3062643566,0.3742651258
synthetic_20250706,synthetic,2025-07-06,adapted,1091,0.3405780583,8.731421121,-1.244506395,1.548796167,0.0002051214538,0.9997948785,1381.63993,1086.784584,0.432980235,0.3405780583,0.3065776737,0.3745784429
synthetic_20250706,synthetic,2025-07-06,adapted,1092,0.3408908541,8.721781767,-0.809898419,0.6559354492,0.0018684984,0.9981315016,1382.295865,1087.782715,0.4331857929,0.3408908541,0.3068904695,0.3748912387
synthetic_20250706,synthetic,2025-07-06,adapted,1093,0.3412032236,8.715730392,-0.1046434981,0.0109502617,0.003228983632,0.9967710164,1382.306816,1088.779486,0.4331892246,0.3412032236,0.307202839,0.3752036082
synthetic_20250706,synthetic,2025-07-06,adapted,1094,0.3415164804,8.714782349,1.005717668,1.011468027,0.0003974821982,0.9996025178,1383.318284,1089.779089,0.4335061998,0.3415164804,0.3075160958,0.375516865
synthetic_20250706,synthetic,2025-07-06,adapted,1095,0.3418296436,8.708404454,0.6191986017,0.3834069083,0.0006963253796,0.9993036746,1383.70169,1090.778393,0.4336263524,0.3418296436,0.307829259,0.3758300282
synthetic_20250706,synthetic,2025-07-06,adapted,1096,0.3421424996,8.705676373,-0.7127956623,0.5080776562,0.001676466083,0.9983235339,1384.209768,1091.776716,0.4337855745,0.3421424996,0.308142115,0.3761428842
synthetic_20250706,synthetic,2025-07-06,adapted,1097,0.3424538825,8.701415692,-0.8198544926,0.6721613891,0.006377127409,0.9936228726,1384.88193,1092.770339,0.4339962173,0.3424538825,0.3084534979,0.3764542671
synthetic_20250706,synthetic,2025-07-06,adapted,1098,0.3427668639,8.698676447,0.3646701529,0.1329843204,0.001276398768,0.9987236012,1385.014914,1093.769063,0.4340378921,0.3427668639,0.3087664793,0.3767672485
synthetic_20250706,synthetic,2025-07-06,adapted,1099,0.343080144,8.697209965,-0.854618228,0.7303723156,0.0003232225105,0.9996767775,1385.745286,1094.768739,0.4342667772,0.343080144,0.3090797594,0.3770805286
synthetic_20250706,synthetic,2025-07-06,adapted,1100,0.3433933357,8.695428943,-0.8749512865,0.7655397537,0.0006053304037,0.9993946696,1386.510826,1095.768134,0.4345066831,0.3433933357,0.3093929511,0.3773937203
synthetic_20250706,synthetic,2025-07-06,adapted,1101,0.3437059432,8.689510213,0.6578466103,0.4327621626,0.00246943842,0.9975305616,1386.943588,1096.765665,0.4346423028,0.3437059432,0.3097055586,0.3777063278
synthetic_20250706,synthetic,2025-07-06,adapted,1102,0.3440190563,8.688194393,1.419111791,2.013878275,0.0008559355629,0.9991440644,1388.957466,1097.764809,0.4352734147,0.3440190563,0.3100186717,0.3780194409
synthetic_20250706,synthetic,2025-07-06,adapted,1103,0.3443314705,8.680903237,-1.121401774,1.257541939,0.003086372203,0.9969136278,1390.215008,1098.761722,0.4356675049,0.3443314705,0.3103310859,0.3783318551
synthetic_20250706,synthetic,2025-07-06,adapted,1104,0.3446438694,8.678360404,1.446102409,2.091212176,0.00313518193,0.9968648181,1392.30622,1099.758587,0.4363228519,0.3446438694,0.3106434848,0.378644254
synthetic_20250706,synthetic,2025-07-06,adapted,1105,0.3449564112,8.675774286,0.1931670614,0.03731351361,0.002678995141,0.9973210049,1392.343534,1100.755908,0.4363345453,0.3449564112,0.3109560266,0.3789567958
synthetic_20250706,synthetic,2025-07-06,adapted,1106,0.3452697252,8.669529179,-0.006631152115,4.397217838e-05,0.0002152576689,0.9997847423,1392.343578,1101.755693,0.4363345591,0.3452697252,0.3112693406,0.3792701098
synthetic_20250706,synthetic,2025-07-06,adapted,1107,0.3455819282,8.665937047,0.9333320232,0.8711086655,0.003760085793,0.9962399142,1393.214687,1102.751933,0.4366075483,0.3455819282,0.3115815436,0.3795823128
synthetic_20250706,synthetic,2025-07-06,adapted,1108,0.3458952665,8.663881701,1.110917365,1.234137392,0.0001376101413,0.9998623899,1394.448824,1103.751795,0.436994304,0.3458952665,0.3118948819,0.3798956511
synthetic_20250706,synthetic,2025-07-06,adapted,1109,0.34620722,8.659506547,-0.931020249,0.8667987041,0.004556289748,0.9954437103,1395.315623,1104.747239,0.4372659426,0.34620722,0.3122068354,0.3802076046
synthetic_20250706,synthetic,2025-07-06,adapted,1110,0.34652046,8.658540419,-0.313363335,0.09819657973,0.0004509722771,0.9995490277,1395.413819,1105.746788,0.4372967155,0.34652046,0.3125200754,0.3805208446
synthetic_20250706,synthetic,2025-07-06,adapted,1111,0.3468336498,8.655629559,-1.085333925,1.17794973,0.0006113516721,0.9993886483,1396.591769,1106.746177,0.4376658631,0.3468336498,0.3128332652,0.3808340344
synthetic_20250706,synthetic,2025-07-06,adapted,1112,0.3471469365,8.652744809,0.09750830129,0.00950786882,0.000302426807,0.9996975732,1396.601277,1107.745874,0.4376688426,0.3471469365,0.3131465519,0.3811473211
synthetic_20250706,synthetic,2025-07-06,adapted,1113,0.3474600978,8.649160917,1.03082891,1.062608242,0.0007022616174,0.9992977384,1397.663885,1108.745172,0.4380018443,0.3474600978,0.3134597132,0.3814604824
synthetic_20250706,synthetic,2025-07-06,adapted,1114,0.3477731714,8.641821148,0.3568611798,0.1273499016,0.0009821355939,0.9990178644,1397.791235,1109.74419,0.4380417534,0.3477731714,0.3137727868,0.381773556
synthetic_20250706,synthetic,2025-07-06,adapted,1115,0.3480846177,8.63593031,1.10520918,1.221487331,0.006174675659,0.9938253243,1399.012722,1110.738015,0.4384245448,0.3480846177,0.3140842331,0.3820850023
synthetic_20250706,synthetic,2025-07-06,adapted,1116,0.3483977923,8.634231247,0.206236298,0.0425334106,0.0006598168368,0.9993401832,1399.055256,1111.737355,0.438437874,0.3483977923,0.3143974077,0.3823981769
synthetic_20250706,synthetic,2025-07-06,adapted,1117,0.3487108971,8.633168657,-0.8401382285,0.705832243,0.0008826542229,0.9991173458,1399.761088,1112.736473,0.4386590686,0.3487108971,0.3147105125,0.3827112817
synthetic_20250706,synthetic,2025-07-06,adapted,1118,0.3490220799,8.631893646,0.4514971259,0.2038496547,0.007015620485,0.9929843795,1399.964938,1113.729457,0.4387229513,0.3490220799,0.3150216953,0.3830224645
synthetic_20250706,synthetic,2025-07-06,adapted,1119,0.349335027,8.626342261,1.431638171,2.049587852,0.001386046197,0.9986139538,1402.014526,1114.728071,0.439365254,0.349335027,0.3153346424,0.3833354116
synthetic_20250706,synthetic,2025-07-06,adapted,1120,0.3496483006,8.626054549,1.533137736,2.350511317,0.0003438071387,0.9996561929,1404.365037,1115.727727,0.4401018605,0.3496483006,0.315647916,0.3836486852
synthetic_20250706,synthetic,2025-07-06,adapted,1121,0.3499609638,8.622405358,0.9010650138,0.8119181592,0.002291823882,0.9977081761,1405.176955,1116.725435,0.4403563005,0.3499609638,0.3159605792,0.3839613484
synthetic_20250706,synthetic,2025-07-06,adapted,1122,0.3502739534,8.619603452,0.745840891,0.5562786348,0.001250013697,0.9987499863,1405.733234,1117.724185,0.4405306279,0.3502739534,0.3162735688,0.384274338
synthetic_20250706,synthetic,2025-07-06,adapted,1123,0.3505857978,8.616467534,0.1626888227,0.02646765305,0.004904709863,0.9950952901,1405.759701,1118.719281,0.4405389224,0.3505857978,0.3165854132,0.3845861824
synthetic_20250706,synthetic,2025-07-06,adapted,1124,0.3508964627,8.615154426,-1.765891774,3.118373758,0.008668106295,0.9913318937,1408.878075,1119.710613,0.4415161627,0.3508964627,0.3168960781,0.3848968473
synthetic_20250706,synthetic,2025-07-06,adapted,1125,0.3512073698,8.610831477,-1.95398643,3.818062967,0.007895395767,0.9921046042,1412.696138,1120.702717,0.4427126725,0.3512073698,0.3172069852,0.3852077544
synthetic_20250706,synthetic,2025-07-06,adapted,1126,0.3515205376,8.608187259,-1.291052936,1.666817683,0.0006818273358,0.9993181727,1414.362956,1121.702035,0.4432350222,0.3515205376,0.317520153,0.3855209222
synthetic_20250706,synthetic,2025-07-06,adapted,1127,0.3518337841,8.605675272,0.1476197491,0.02179159033,0.0004301564735,0.9995698435,1414.384747,1122.701605,0.4432418512,0.3518337841,0.3178333995,0.3858341687
synthetic_20250706,synthetic,2025-07-06,adapted,1128,0.352143387,8.603068913,-0.2390263447,0.05713359348,0.01205717795,0.987942822,1414.441881,1123.689548,0.4432597558,0.352143387,0.3181430024,0.3861437716
synthetic_20250706,synthetic,2025-07-06,adapted,1129,0.352456433,8.598373328,-2.087359754,4.357070744,0.001070316318,0.9989296837,1418.798952,1124.688478,0.4446251807,0.352456433,0.3184560484,0.3864568176
synthetic_20250706,synthetic,2025-07-06,adapted,1130,0.3527695802,8.595972648,-1.356406238,1.839837883,0.0007472803505,0.9992527196,1420.63879,1125.68773,0.4452017516,0.3527695802,0.3187691956,0.3867699648
synthetic_20250706,synthetic,2025-07-06,adapted,1131,0.353082722,8.593738559,-0.6792325574,0.4613568671,0.0007645372553,0.9992354627,1421.100146,1126.686966,0.4453463323,0.353082722,0.3190823374,0.3870831066
synthetic_20250706,synthetic,2025-07-06,adapted,1132,0.3533956282,8.588622854,-1.236987434,1.530137911,0.001516388921,0.9984836111,1422.630284,1127.685449,0.445825849,0.3533956282,0.3193952436,0.3873960128
synthetic_20250706,synthetic,2025-07-06,adapted,1133,0.353708119,8.586694633,-0.1354230674,0.01833940719,0.002841777062,0.9971582229,1422.648624,1128.682608,0.4458315963,0.353708119,0.3197077344,0.3877085036
synthetic_20250706,synthetic,2025-07-06,adapted,1134,0.3540200187,8.584354955,1.963153371,3.853971156,0.004728053849,0.9952719462,1426.502595,1129.67788,0.4470393591,0.3540200187,0.3200196341,0.3880204033
synthetic_20250706,synthetic,2025-07-06,adapted,1135,0.3543333223,8.580740118,-0.8180712915,0.669240638,0.0002482186707,0.9997517813,1427.171835,1130.677631,0.4472490866,0.3543333223,0.3203329377,0.3883337069
synthetic_20250706,synthetic,2025-07-06,adapted,1136,0.3546465918,8.572313932,-0.05465899446,0.002987605675,0.0003571448145,0.9996428552,1427.174823,1131.677274,0.4472500229,0.3546465918,0.3206462072,0.3886469764
synthetic_20250706,synthetic,2025-07-06,adapted,1137,0.3549593797,8.569857872,-0.1879768753,0.03533530563,0.001893659343,0.9981063407,1427.210158,1132.675381,0.4472610963,0.3549593797,0.3209589951,0.3889597643
synthetic_20250706,synthetic,2025-07-06,adapted,1138,0.3552717232,8.563484967,0.3545615463,0.1257138901,0.003311815055,0.9966881849,1427.335872,1133.672069,0.4473004927,0.3552717232,0.3212713386,0.3892721078
synthetic_20250706,synthetic,2025-07-06,adapted,1139,0.3555849899,8.558893803,0.9159968695,0.8390502649,0.0003659431398,0.9996340569,1428.174923,1134.671703,0.4475634355,0.3555849899,0.3215846053,0.3895853745
synthetic_20250706,synthetic,2025-07-06,adapted,1140,0.3558982093,8.556573598,-0.2903977729,0.08433086653,0.000517080911,0.9994829191,1428.259253,1135.671186,0.4475898632,0.3558982093,0.3218978247,0.3898985939
synthetic_20250706,synthetic,2025-07-06,adapted,1141,0.3562098162,8.555606654,-0.6215865101,0.3863697895,0.005662263801,0.9943377362,1428.645623,1136.665524,0.4477109443,0.3562098162,0.3222094316,0.3902102008
synthetic_20250706,synthetic,2025-07-06,adapted,1142,0.3565230396,8.55256657,0.1189890361,0.01415839072,0.000504256994,0.999495743,1428.659782,1137.665019,0.4477153813,0.3565230396,0.322522655,0.3905234242
synthetic_20250706,synthetic,2025-07-06,adapted,1143,0.35683493,8.550715946,0.01693668453,0.0002868512828,0.004757648484,0.9952423515,1428.660068,1138.660262,0.4477154712,0.35683493,0.3228345454,0.3908353146
synthetic_20250706,synthetic,2025-07-06,adapted,1144,0.357147003,8.545331542,0.7110344078,0.505569929,0.004175147817,0.9958248522,1429.165638,1139.656086,0.4478739074,0.357147003,0.3231466184,0.3911473876
synthetic_20250706,synthetic,2025-07-06,adapted,1145,0.357460001,8.543601398,1.190009815,1.416123361,0.001223350196,0.9987766498,1430.581762,1140.654863,0.4483176941,0.357460001,0.3234596164,0.3914603856
synthetic_20250706,synthetic,2025-07-06,adapted,1146,0.3577733257,8.541989759,-0.3103149414,0.09629536288,0.0001808131166,0.9998191869,1430.678057,1141.654682,0.4483478712,0.3577733257,0.3237729411,0.3917737103
synthetic_20250706,synthetic,2025-07-06,adapted,1147,0.3580852744,8.535749086,-0.1806087755,0.03261952979,0.004571811404,0.9954281886,1430.710677,1142.65011,0.4483580936,0.3580852744,0.3240848898,0.392085659
synthetic_20250706,synthetic,2025-07-06,adapted,1148,0.3583983762,8.530935503,-1.261226859,1.59069319,0.0008919437607,0.9991080562,1432.30137,1143.649219,0.4488565872,0.3583983762,0.3243979916,0.3923987608
synthetic_20250706,synthetic,2025-07-06,adapted,1149,0.3587073127,8.52843745,-0.04458705975,0.001988005897,0.01418362361,0.9858163764,1432.303358,1144.635035,0.4488572102,0.3587073127,0.3247069281,0.3927076973
synthetic_20250706,synthetic,2025-07-06,adapted,1150,0.3590204808,8.52694564,0.06839031981,0.004677235844,0.0006807973282,0.9993192027,1432.308035,1145.634354,0.448858676,0.3590204808,0.3250200962,0.3930208654
synthetic_20250706,synthetic,2025-07-06,adapted,1151,0.3593336808,8.524542232,1.70714096,2.914330256,0.0005787469971,0.999421253,1435.222365,1146.633775,0.4497719728,0.3593336808,0.3253332962,0.3933340654
synthetic_20250706,synthetic,2025-07-06,adapted,1152,0.3596432737,8.523865526,-0.2825178829,0.07981635415,0.01208911246,0.9879108875,1435.302182,1147.621686,0.4497969858,0.3596432737,0.3256428891,0.3936436583
synthetic_20250706,synthetic,2025-07-06,adapted,1153,0.3599536062,8.521311976,-1.021523235,1.04350972,0.009728819941,0.9902711801,1436.345691,1148.611957,0.4501240023,0.3599536062,0.3259532216,0.3939539908
synthetic_20250706,synthetic,2025-07-06,adapted,1154,0.3602663792,8.516962077,-1.335538589,1.783663322,0.0019415582,0.9980584418,1438.129355,1149.610016,0.4506829692,0.3602663792,0.3262659946,0.3942667638
synthetic_20250706,synthetic,2025-07-06,adapted,1155,0.3605772,8.512952843,-0.4508378116,0.2032547324,0.008170747015,0.991829253,1438.332609,1150.601845,0.4507466655,0.3605772,0.3265768154,0.3945775846
synthetic_20250706,synthetic,2025-07-06,adapted,1156,0.3608904039,8.512133503,0.1629644782,0.02655742114,0.0005663890177,0.999433611,1438.359167,1151.601279,0.4507549881,0.3608904039,0.3268900193,0.3948907885
synthetic_20250706,synthetic,2025-07-06,adapted,1157,0.3612034145,8.508475727,-1.524494898,2.324084694,0.001183184441,0.9988168156,1440.683252,1152.600096,0.4514833129,0.3612034145,0.3272030299,0.3952037991
synthetic_20250706,synthetic,2025-07-06,adapted,1158,0.3615166182,8.507798056,-0.4655600355,0.2167461467,0.0005670443574,0.9994329556,1440.899998,1153.599529,0.4515512371,0.3615166182,0.3275162336,0.3955170028
synthetic_20250706,synthetic,2025-07-06,adapted,1159,0.36182895,8.502751894,-1.002539366,1.005085181,0.003348931327,0.9966510687,1441.905083,1154.59618,0.4518662121,0.36182895,0.3278285654,0.3958293346
synthetic_20250706,synthetic,2025-07-06,adapted,1160,0.3621419397,8.501360916,0.3809855574,0.145149995,0.001249884682,0.9987501153,1442.050233,1155.59493,0.4519116994,0.3621419397,0.3281415551,0.3961423243
synthetic_20250706,synthetic,2025-07-06,adapted,1161,0.3624544857,8.492972264,-0.1128259073,0.01272968537,0.002665789897,0.9973342101,1442.062963,1156.592264,0.4519156887,0.3624544857,0.3284541011,0.3964548703
synthetic_20250706,synthetic,2025-07-06,adapted,1162,0.3627657335,8.491362249,0.04308397903,0.001856229249,0.006808398083,0.9931916019,1442.064819,1157.585456,0.4519162704,0.3627657335,0.3287653489,0.3967661181
synthetic_20250706,synthetic,2025-07-06,adapted,1163,0.363078518,8.487418851,-0.577900069,0.3339684897,0.001904580837,0.9980954192,1442.398787,1158.583551,0.4520209299,0.363078518,0.3290781334,0.3970789026
synthetic_20250706,synthetic,2025-07-06,adapted,1164,0.3633860509,8.484164411,-0.5565104238,0.3097038518,0.01866259149,0.9813374085,1442.708491,1159.564888,0.4521179853,0.3633860509,0.3293856663,0.3973864355
synthetic_20250706,synthetic,2025-07-06,adapted,1165,0.363699095,8.480314139,-0.5280263226,0.2788117974,0.00107625292,0.9989237471,1442.987303,1160.563812,0.4522053597,0.363699095,0.3296987104,0.3976994796
synthetic_20250706,synthetic,2025-07-06,adapted,1166,0.3640117818,8.474752372,0.2594040723,0.0672904727,0.002216503423,0.9977834966,1443.054593,1161.561596,0.4522264473,0.3640117818,0.3300113972,0.3980121664
synthetic_20250706,synthetic,2025-07-06,adapted,1167,0.3643247931,8.469203163,-1.798444989,3.234404377,0.001180883453,0.9988191165,1446.288998,1162.560415,0.4532400494,0.3643247931,0.3303244085,0.3983251777
synthetic_20250706,synthetic,2025-07-06,adapted,1168,0.3646380282,8.465375187,1.022003887,1.044491945,0.0004667031566,0.9995332968,1447.33349,1163.559948,0.4535673738,0.3646380282,0.3306376436,0.3986384128
synthetic_20250706,synthetic,2025-07-06,adapted,1169,0.3649502619,8.462731264,1.134499641,1.287089435,0.003662392742,0.9963376073,1448.620579,1164.556286,0.4539707237,0.3649502619,0.3309498773,0.3989506465
synthetic_20250706,synthetic,2025-07-06,adapted,1170,0.3652635539,8.460747631,-1.35359815,1.832227953,0.0002851810488,0.999714819,1450.452807,1165.556,0.4545449098,0.3652635539,0.3312631693,0.3992639385
synthetic_20250706,synthetic,2025-07-06,adapted,1171,0.3655763565,8.458951282,2.045241743,4.183013789,0.001846821809,0.9981531782,1454.635821,1166.554154,0.4558557884,0.3655763565,0.3315759719,0.3995767411
synthetic_20250706,synthetic,2025-07-06,adapted,1172,0.3658896741,8.453423694,-0.4126319973,0.1702651652,0.0002036560609,0.9997963439,1454.806086,1167.55395,0.4559091464,0.3658896741,0.3318892895,0.3998900587
synthetic_20250706,synthetic,2025-07-06,adapted,1173,0.3661998364,8.451026745,-0.05064125045,0.002564536247,0.01027208521,0.9897279148,1454.808651,1168.543678,0.4559099501,0.3661998364,0.3321994518,0.400200221
synthetic_20250706,synthetic,2025-07-06,adapted,1174,0.3665124929,8.446416659,0.2658733295,0.07068862735,0.002313153062,0.9976868469,1454.879339,1169.541365,0.4559321026,0.3665124929,0.3325121083,0.4005128775
synthetic_20250706,synthetic,2025-07-06,adapted,1175,0.3668248243,8.445108616,0.265772666,0.07063511,0.003350428801,0.9966495712,1454.949974,1170.538014,0.4559542383,0.3668248243,0.3328244397,0.4008252089
synthetic_20250706,synthetic,2025-07-06,adapted,1176,0.3671364818,8.444038312,-2.429800503,5.903930486,0.005500920869,0.9944990791,1460.853905,1171.532513,0.4578044202,0.3671364818,0.3331360972,0.4011368664
synthetic_20250706,synthetic,2025-07-06,adapted,1177,0.3674495855,8.442789522,-0.3328320685,0.1107771858,0.0008859219749,0.999114078,1460.964682,1172.531627,0.4578391357,0.3674495855,0.3334492009,0.4014499701
synthetic_20250706,synthetic,2025-07-06,adapted,1178,0.3677627179,8.439319646,-0.2837746026,0.08052802511,0.0007946634717,0.9992053365,1461.04521,1173.530833,0.4578643717,0.3677627179,0.3337623333,0.4017631025
synthetic_20250706,synthetic,2025-07-06,adapted,1179,0.3680758174,8.438036051,1.357298258,1.842258561,0.0008993995338,0.9991006005,1462.887469,1174.529933,0.4584417012,0.3680758174,0.3340754328,0.402076202
synthetic_20250706,synthetic,2025-07-06,adapted,1180,0.3683886174,8.434104623,-0.8090189243,0.6545116198,0.001855393079,0.9981446069,1463.54198,1175.528078,0.458646813,0.3683886174,0.3343882328,0.402389002
synthetic_20250706,synthetic,2025-07-06,adapted,1181,0.3687018319,8.429509234,-0.4959835842,0.2459997158,0.0005322752113,0.9994677248,1463.78798,1176.527546,0.4587239047,0.3687018319,0.3347014473,0.4027022165
synthetic_20250706,synthetic,2025-07-06,adapted,1182,0.369015066,8.425964584,0.3786090956,0.1433448473,0.0004700145551,0.9995299854,1463.931325,1177.527076,0.4587688263,0.369015066,0.3350146814,0.4030154506
synthetic_20250706,synthetic,2025-07-06,adapted,1183,0.3693276292,8.423386541,1.430531813,2.046421269,0.002610918347,0.9973890817,1465.977746,1178.524465,0.4594101367,0.3693276292,0.3353272446,0.4033280138
synthetic_20250706,synthetic,2025-07-06,adapted,1184,0.3696407215,8.422560734,-1.551349242,2.40668447,0.0009225548719,0.9990774451,1468.384431,1179.523542,0.4601643468,0.3696407215,0.3356403369,0.4036411061
synthetic_20250706,synthetic,2025-07-06,adapted,1185,0.3699540206,8.420503467,0.9515099143,0.905371117,0.00026237587,0.9997376241,1469.289802,1180.52328,0.4604480732,0.3699540206,0.335953636,0.4039544052
synthetic_20250706,synthetic,2025-07-06,adapted,1186,0.3702667965,8.413644394,1.034151013,1.069468318,0.001932115762,0.9980678842,1470.35927,1181.521348,0.4607832247,0.3702667965,0.3362664119,0.4042671811
synthetic_20250706,synthetic,2025-07-06,adapted,1187,0.370579641,8.41124897,-0.9158940095,0.8388618366,0.001713374662,0.9982866253,1471.198132,1182.519634,0.4610461084,0.370579641,0.3365792564,0.4045800256
synthetic_20250706,synthetic,2025-07-06,adapted,1188,0.3708927168,8.408893562,0.9601348445,0.9218589196,0.0009749657751,0.9990250342,1472.119991,1183.518659,0.4613350018,0.3708927168,0.3368923322,0.4048931014
synthetic_20250706,synthetic,2025-07-06,adapted,1189,0.3712056107,8.40685475,0.8846379244,0.7825842574,0.001555776243,0.9984442238,1472.902575,1184.517104,0.4615802491,0.3712056107,0.3372052261,0.4052059953
synthetic_20250706,synthetic,2025-07-06,adapted,1190,0.3715186298,8.404547483,0.1474603832,0.02174456463,0.001155977793,0.9988440222,1472.92432,1185.515948,0.4615870635,0.3715186298,0.3375182452,0.4055190144
synthetic_20250706,synthetic,2025-07-06,adapted,1191,0.3718316786,8.398070932,-0.8852753967,0.783712528,0.001061338365,0.9989386616,1473.708032,1186.514886,0.4618326644,0.3718316786,0.337831294,0.4058320632
synthetic_20250706,synthetic,2025-07-06,adapted,1192,0.372144796,8.396434999,0.1551035261,0.02405710382,0.0008423790163,0.999157621,1473.732089,1187.514044,0.4618402034,0.372144796,0.3381444114,0.4061451806
synthetic_20250706,synthetic,2025-07-06,adapted,1193,0.3724577263,8.394654523,1.248470009,1.558677364,0.001439364691,0.9985606353,1475.290767,1188.512605,0.4623286639,0.3724577263,0.3384573417,0.4064581109
synthetic_20250706,synthetic,2025-07-06,adapted,1194,0.3727705447,8.393783528,1.748344572,3.056708743,0.001796568574,0.9982034314,1478.347475,1189.510808,0.4632865795,0.3727705447,0.3387701601,0.4067709293
synthetic_20250706,synthetic,2025-07-06,adapted,1195,0.3730836996,8.388304842,1.156532736,1.337567968,0.000722607556,0.9992773924,1479.685043,1190.510085,0.4637057484,0.3730836996,0.339083315,0.4070840842
synthetic_20250706,synthetic,2025-07-06,adapted,1196,0.3733958768,8.385375018,0.8102356332,0.6564817813,0.003842571693,0.9961574283,1480.341525,1191.506243,0.4639114776,0.3733958768,0.3393954922,0.4073962614
synthetic_20250706,synthetic,2025-07-06,adapted,1197,0.3737085031,8.380350606,1.846938091,3.411180312,0.002409266245,0.9975907338,1483.752705,1192.503834,0.464980478,0.3737085031,0.3397081185,0.4077088877
synthetic_20250706,synthetic,2025-07-06,adapted,1198,0.3740205466,8.378013098,0.5243554328,0.2749486199,0.00426931133,0.9957306887,1484.027654,1193.499564,0.4650666418,0.3740205466,0.340020162,0.4080209312
synthetic_20250706,synthetic,2025-07-06,adapted,1199,0.3743338624,8.375785718,-1.314698014,1.728430869,0.0002092823339,0.9997907177,1485.756085,1194.499355,0.4656082999,0.3743338624,0.3403334778,0.408334247
synthetic_20250706,synthetic,2025-07-06,adapted,1200,0.374644628,8.372492442,0.1357918045,0.01843941418,0.00834693383,0.9916530662,1485.774524,1195.491008,0.4656140784,0.374644628,0.3406442434,0.4086450126
synthetic_20250706,synthetic,2025-07-06,adapted,1201,0.3749554218,8.370724203,-0.2995368156,0.08972230389,0.008257178263,0.9917428217,1485.864247,1196.482751,0.4656421957,0.3749554218,0.3409550372,0.4089558064
synthetic_20250706,synthetic,2025-07-06,adapted,1202,0.3752684119,8.366048177,-0.4323852901,0.1869570391,0.001248354672,0.9987516453,1486.051204,1197.481502,0.4657007846,0.3752684119,0.3412680273,0.4092687965
synthetic_20250706,synthetic,2025-07-06,adapted,1203,0.3755814395,8.363927781,-1.289587362,1.663035565,0.001128898071,0.9988711019,1487.714239,1198.480374,0.466221949,0.3755814395,0.3415810549,0.4095818241
synthetic_20250706,synthetic,2025-07-06,adapted,1204,0.3758943723,8.362395599,1.059581589,1.122713143,0.001431564054,0.9985684359,1488.836952,1199.478942,0.4665737864,0.3758943723,0.3418939877,0.4098947569
synthetic_20250706,synthetic,2025-07-06,adapted,1205,0.3762062167,8.357166728,-1.632293895,2.66438336,0.004904431269,0.9950955687,1491.501336,1200.474038,0.4674087545,0.3762062167,0.3422058321,0.4102066013
synthetic_20250706,synthetic,2025-07-06,adapted,1206,0.3765194548,8.355835656,1.198913356,1.437393236,0.0004574039023,0.9995425961,1492.938729,1201.47358,0.4678592068,0.3765194548,0.3425190702,0.4105198394
synthetic_20250706,synthetic,2025-07-06,adapted,1207,0.376832307,8.351194313,-0.9432719653,0.8897620006,0.001688611592,0.9983113884,1493.828491,1202.471892,0.4681380416,0.376832307,0.3428319224,0.4108326916
synthetic_20250706,synthetic,2025-07-06,adapted,1208,0.3771455077,8.348931067,0.1026188824,0.01053063503,0.0005763943477,0.9994236057,1493.839022,1203.471315,0.4681413418,0.3771455077,0.3431451231,0.4111458923
synthetic_20250706,synthetic,2025-07-06,adapted,1209,0.3774576348,8.346539966,-1.016732397,1.033744767,0.004002430682,0.9959975693,1494.872766,1204.467313,0.4684652981,0.3774576348,0.3434572502,0.4114580194
synthetic_20250706,synthetic,2025-07-06,adapted,1210,0.3777652981,8.343741181,-0.1776642306,0.03156457884,0.01824665616,0.9817533438,1494.904331,1205.449066,0.4684751899,0.3777652981,0.3437649135,0.4117656827
synthetic_20250706,synthetic,2025-07-06,adapted,1211,0.3780773478,8.342506036,-0.3462659264,0.1199000918,0.004249138895,0.9957508611,1495.024231,1206.444817,0.4685127643,0.3780773478,0.3440769632,0.4120777324
synthetic_20250706,synthetic,2025-07-06,adapted,1212,0.3783890314,8.340327327,-0.7401462984,0.547816543,0.005417740726,0.9945822593,1495.572048,1207.439399,0.4686844398,0.3783890314,0.3443886468,0.412389416
synthetic_20250706,synthetic,2025-07-06,adapted,1213,0.3787023484,8.336928492,-0.8206232764,0.6734225618,0.0002055669877,0.999794433,1496.24547,1208.439194,0.4688954779,0.3787023484,0.3447019638,0.412702733
synthetic_20250706,synthetic,2025-07-06,adapted,1214,0.3790155082,8.336120912,0.8172234748,0.6678542077,0.0007068353028,0.9992931647,1496.913324,1209.438487,0.469104771,0.3790155082,0.3450151236,0.4130158928
synthetic_20250706,synthetic,2025-07-06,adapted,1215,0.3793285785,8.334184625,-1.860318903,3.460786422,0.0009928898337,0.9990071102,1500.374111,1210.437494,0.470189317,0.3793285785,0.3453281939,0.4133289631
synthetic_20250706,synthetic,2025-07-06,adapted,1216,0.379640481,8.331364012,0.4697832096,0.220696264,0.004718987452,0.9952810125,1500.594807,1211.432775,0.4702584791,0.379640481,0.3456400964,0.4136408656
synthetic_20250706,synthetic,2025-07-06,adapted,1217,0.379953696,8.329659596,-1.063641856,1.131333998,0.0005311315958,0.9994688684,1501.726141,1212.432244,0.4706130182,0.379953696,0.3459533114,0.4139540806
synthetic_20250706,synthetic,2025-07-06,adapted,1218,0.3802659393,8.327849255,0.5540543453,0.3069762176,0.003631490235,0.9963685098,1502.033117,1213.428612,0.4707092188,0.3802659393,0.3462655547,0.4142663239
synthetic_20250706,synthetic,2025-07-06,adapted,1219,0.380578827,8.322028255,1.638839955,2.685796399,0.001575483745,0.9984245163,1504.718914,1214.427037,0.4715508974,0.380578827,0.3465784424,0.4145792116
synthetic_20250706,synthetic,2025-07-06,adapted,1220,0.380889648,8.320617442,1.913343662,3.660883968,0.008169916659,0.9918300833,1508.379798,1215.418867,0.4726981503,0.380889648,0.3468892634,0.4148900326
synthetic_20250706,synthetic,2025-07-06,adapted,1221,0.3812026579,8.319938632,-0.1467183052,0.02152626107,0.001185557763,0.9988144422,1508.401324,1216.417681,0.4727048962,0.3812026579,0.3472022733,0.4152030425
synthetic_20250706,synthetic,2025-07-06,adapted,1222,0.3815152815,8.316709077,-0.2494874863,0.06224400582,0.00241798689,0.9975820131,1508.463568,1217.415263,0.4727244023,0.3815152815,0.3475148969,0.4155156661
synthetic_20250706,synthetic,2025-07-06,adapted,1223,0.3818283033,8.315597141,-1.099406834,1.208695387,0.001147674965,0.998852325,1509.672263,1218.414116,0.473103185,0.3818283033,0.3478279187,0.4158286879
synthetic_20250706,synthetic,2025-07-06,adapted,1224,0.382138989,8.313107667,-0.2044202317,0.04178763112,0.008601672836,0.9913983272,1509.714051,1219.405514,0.4731162804,0.382138989,0.3481386044,0.4161393736
synthetic_20250706,synthetic,2025-07-06,adapted,1225,0.3824521447,8.310708271,-0.4445036124,0.1975834614,0.0007201564595,0.9992798435,1509.911634,1220.404794,0.4731781994,0.3824521447,0.3484517601,0.4164525293
synthetic_20250706,synthetic,2025-07-06,adapted,1226,0.3827634126,8.305579296,-2.26108858,5.112521567,0.006744256699,0.9932557433,1515.024156,1221.39805,0.4747803685,0.3827634126,0.348763028,0.4167637972
synthetic_20250706,synthetic,2025-07-06,adapted,1227,0.3830749902,8.303295216,1.628180217,2.650970819,0.005755926263,0.9942440737,1517.675127,1222.392294,0.4756111334,0.3830749902,0.3490746056,0.4170753748
synthetic_20250706,synthetic,2025-07-06,adapted,1228,0.3833868957,8.302244376,0.9841799137,0.9686101026,0.004709442398,0.9952905576,1518.643737,1223.387584,0.4759146778,0.3833868957,0.3493865111,0.4173872803
synthetic_20250706,synthetic,2025-07-06,adapted,1229,0.3836990701,8.300400053,-0.8546180337,0.7303719836,0.003851469972,0.99614853,1519.374109,1224.383733,0.4761435628,0.3836990701,0.3496986855,0.4176994547
synthetic_20250706,synthetic,2025-07-06,adapted,1230,0.3840095279,8.298957409,-0.6094038286,0.3713730263,0.009329159957,0.99067084,1519.745482,1225.374404,0.4762599442,0.3840095279,0.3500091433,0.4180099125
synthetic_20250706,synthetic,2025-07-06,adapted,1231,0.3843225651,8.294842497,0.9175759785,0.8419456764,0.001098287858,0.9989017121,1520.587427,1226.373305,0.4765237943,0.3843225651,0.3503221805,0.4183229497
synthetic_20250706,synthetic,2025-07-06,adapted,1232,0.384634902,8.291865459,1.319384306,1.740774947,0.00333315481,0.9966668452,1522.328202,1227.369972,0.4770693207,0.384634902,0.3506345174,0.4186352866
synthetic_20250706,synthetic,2025-07-06,adapted,1233,0.3849472922,8.289843989,1.16588824,1.359295388,0.003162779487,0.9968372205,1523.687498,1228.366809,0.4774952986,0.3849472922,0.3509469076,0.4189476768
synthetic_20250706,synthetic,2025-07-06,adapted,1234,0.385260215,8.289369169,0.8174816161,0.6682761927,0.001463183974,0.998536816,1524.355774,1229.365346,0.4777047239,0.385260215,0.3512598304,0.4192605996
synthetic_20250706,synthetic,2025-07-06,adapted,1235,0.3855730957,8.283665541,-1.417626158,2.009663924,0.001597862226,0.9984021378,1526.365438,1230.363748,0.4783345152,0.3855730957,0.3515727111,0.4195734803
synthetic_20250706,synthetic,2025-07-06,adapted,1236,0.3858861818,8.282223197,2.963861293,8.784473766,0.0009423007281,0.9990576993,1535.149912,1231.362806,0.4810874057,0.3858861818,0.3518857972,0.4198865664
synthetic_20250706,synthetic,2025-07-06,adapted,1237,0.3861982309,8.28062459,-0.5595523462,0.3130988281,0.004251353544,0.9957486465,1535.463011,1232.358555,0.4811855251,0.3861982309,0.3521978463,0.4201986155
synthetic_20250706,synthetic,2025-07-06,adapted,1238,0.3865110274,8.278864197,0.1786040277,0.0318993987,0.001866336126,0.9981336639,1535.49491,1233.356688,0.4811955218,0.3865110274,0.3525106428,0.420511412
synthetic_20250706,synthetic,2025-07-06,adapted,1239,0.3868241109,8.274605442,0.6130065095,0.3757769807,0.0009504198382,0.9990495802,1535.870687,1234.355738,0.4813132833,0.3868241109,0.3528237263,0.4208244955
synthetic_20250706,synthetic,2025-07-06,adapted,1240,0.3871366284,8.270967267,0.5843696496,0.3414878874,0.002756821159,0.9972431788,1536.212175,1235.352981,0.4814202992,0.3871366284,0.3531362438,0.421137013
synthetic_20250706,synthetic,2025-07-06,adapted,1241,0.3874496218,8.268351968,-0.3130434622,0.09799620926,0.001237861913,0.9987621381,1536.310171,1236.351743,0.4814510094,0.3874496218,0.3534492372,0.4214500064
synthetic_20250706,synthetic,2025-07-06,adapted,1242,0.3877613289,8.262264055,0.2479700194,0.06148913053,0.005342805293,0.9946571947,1536.37166,1237.3464,0.4814702789,0.3877613289,0.3537609443,0.4217617135
synthetic_20250706,synthetic,2025-07-06,adapted,1243,0.3880742389,8.259435306,-1.457198762,2.123428233,0.001504107569,0.9984958924,1538.495088,1238.344896,0.4821357218,0.3880742389,0.3540738543,0.4220746235
synthetic_20250706,synthetic,2025-07-06,adapted,1244,0.3883872339,8.258016916,-0.9170884803,0.8410512806,0.001232953839,0.9987670462,1539.33614,1239.343663,0.4823992916,0.3883872339,0.3543868493,0.4223876185
synthetic_20250706,synthetic,2025-07-06,adapted,1245,0.3887005596,8.256269988,0.5384115974,0.2898870483,0.0001776059131,0.9998223941,1539.626027,1240.343486,0.4824901368,0.3887005596,0.354700175,0.4227009442
synthetic_20250706,synthetic,2025-07-06,adapted,1246,0.3890130801,8.253411209,-1.262114339,1.592932604,0.002747155595,0.9972528444,1541.218959,1241.340739,0.4829893323,0.3890130801,0.3550126955,0.4230134647
synthetic_20250706,synthetic,2025-07-06,adapted,1247,0.3893256686,8.251514245,0.2815350152,0.07926196478,0.002530270181,0.9974697298,1541.298221,1242.338208,0.4830141715,0.3893256686,0.355325284,0.4233260532
synthetic_20250706,synthetic,2025-07-06,adapted,1248,0.3896386943,8.248539704,-0.9273934893,0.860058684,0.001134891087,0.9988651089,1542.15828,1243.337073,0.4832836979,0.3896386943,0.3556383097,0.4236390789
synthetic_20250706,synthetic,2025-07-06,adapted,1249,0.3899517678,8.24486119,-0.07548528579,0.005698028371,0.00098232466,0.9990176753,1542.163978,1244.336091,0.4832854835,0.3899517678,0.3559513832,0.4239521524
synthetic_20250706,synthetic,2025-07-06,adapted,1250,0.3902650223,8.24207618,-0.4936351648,0.2436756759,0.0004049833916,0.9995950166,1542.407654,1245.335686,0.483361847,0.3902650223,0.3562646377,0.4242654069
synthetic_20250706,synthetic,2025-07-06,adapted,1251,0.3905781942,8.2407191,-1.075611907,1.156940975,0.0006683857422,0.9993316143,1543.564595,1246.335018,0.4837244107,0.3905781942,0.3565778096,0.4245785788
synthetic_20250706,synthetic,2025-07-06,adapted,1252,0.3908911561,8.237409769,0.4450487041,0.198068349,0.001338517169,0.9986614828,1543.762663,1247.333679,0.4837864817,0.3908911561,0.3568907715,0.4248915407
synthetic_20250706,synthetic,2025-07-06,adapted,1253,0.3912020779,8.231133848,0.09224104502,0.008508410387,0.007848742433,0.9921512576,1543.771171,1248.325831,0.483789148,0.3912020779,0.3572016933,0.4252024625
synthetic_20250706,synthetic,2025-07-06,adapted,1254,0.3915151285,8.22979703,0.430159371,0.1850370845,0.001055599753,0.9989444002,1543.956208,1249.324775,0.4838471352,0.3915151285,0.3575147439,0.4255155131
synthetic_20250706,synthetic,2025-07-06,adapted,1255,0.3918261985,8.227585435,-0.6561153228,0.4304873168,0.007375643392,0.9926243566,1544.386696,1250.317399,0.4839820419,0.3918261985,0.3578258139,0.4258265831
synthetic_20250706,synthetic,2025-07-06,adapted,1256,0.3921390334,8.226668876,-0.3680206846,0.1354392243,0.001743813719,0.9982561863,1544.522135,1251.315655,0.4840244861,0.3921390334,0.3581386488,0.426139418
synthetic_20250706,synthetic,2025-07-06,adapted,1257,0.3924521,8.220205994,-0.6364100963,0.4050178107,0.001004380024,0.99899562,1544.927153,1252.314651,0.4841514111,0.3924521,0.3584517154,0.4264524846
synthetic_20250706,synthetic,2025-07-06,adapted,1258,0.3927649118,8.217764321,0.1089114737,0.0118617091,0.001817403786,0.9981825962,1544.939015,1253.312834,0.4841551283,0.3927649118,0.3587645272,0.4267652964
synthetic_20250706,synthetic,2025-07-06,adapted,1259,0.3930776299,8.215176293,0.06306624386,0.003977351115,0.00211672633,0.9978832737,1544.942992,1254.310717,0.4841563748,0.3930776299,0.3590772453,0.4270780145
synthetic_20250706,synthetic,2025-07-06,adapted,1260,0.3933907039,8.213088154,-1.84152229,3.391204344,0.0009807649425,0.9990192351,1548.334196,1255.309736,0.4852191151,0.3933907039,0.3593903193,0.4273910885
synthetic_20250706,synthetic,2025-07-06,adapted,1261,0.3937037109,8.211286139,-0.2123635629,0.04509828283,0.001194689996,0.99880531,1548.379295,1256.308541,0.485233248,0.3937037109,0.3597033263,0.4277040955
synthetic_20250706,synthetic,2025-07-06,adapted,1262,0.3940169478,8.209164808,-0.8140041184,0.6626027048,0.0004612013845,0.9995387986,1549.041897,1257.30808,0.4854408954,0.3940169478,0.3600165632,0.4280173324
synthetic_20250706,synthetic,2025-07-06,adapted,1263,0.394330181,8.208045003,-0.807361446,0.6518325046,0.0004726237726,0.9995273762,1549.69373,1258.307608,0.4856451676,0.394330181,0.3603297964,0.4283305656
synthetic_20250706,synthetic,2025-07-06,adapted,1264,0.394643353,8.204291547,0.628866376,0.3954729189,0.0006682077982,0.9993317922,1550.089203,1259.306939,0.4857691014,0.394643353,0.3606429684,0.4286437376
synthetic_20250706,synthetic,2025-07-06,adapted,1265,0.394956201,8.2019625,-1.722096216,2.965615376,0.001702084257,0.9982979157,1553.054818,1260.305237,0.4866984701,0.394956201,0.3609558164,0.4289565856
synthetic_20250706,synthetic,2025-07-06,adapted,1266,0.3952694046,8.197685402,0.8145686936,0.6635221567,0.0005672446828,0.9994327553,1553.71834,1261.30467,0.4869064056,0.3952694046,0.36126902,0.4292697892
synthetic_20250706,synthetic,2025-07-06,adapted,1267,0.3955816723,8.195218032,0.3873462896,0.150037148,0.003553913684,0.9964460863,1553.868377,1262.301116,0.4869534244,0.3955816723,0.3615812877,0.4295820569
synthetic_20250706,synthetic,2025-07-06,adapted,1268,0.3958942693,8.194312722,0.4521268958,0.2044187299,0.00250273068,0.9974972693,1554.072796,1263.298613,0.4870174854,0.3958942693,0.3618938847,0.4298946539
synthetic_20250706,synthetic,2025-07-06,adapted,1269,0.3962073201,8.192175894,-0.08253204308,0.006811538135,0.001054894323,0.9989451057,1554.079608,1264.297559,0.48701962,0.3962073201,0.3622069355,0.4302077047
synthetic_20250706,synthetic,2025-07-06,adapted,1270,0.3965206709,8.188089601,0.1307449884,0.01709425198,9.76321938e-05,0.9999023678,1554.096702,1265.297461,0.4870249771,0.3965206709,0.3625202863,0.4305210555
synthetic_20250706,synthetic,2025-07-06,adapted,1271,0.3968339772,8.182266349,1.34119147,1.79879456,0.0002396854744,0.9997603145,1555.895496,1266.297221,0.4875886858,0.3968339772,0.3628335926,0.4308343618
synthetic_20250706,synthetic,2025-07-06,adapted,1272,0.3971471998,8.180017262,0.6122622026,0.3748650047,0.000506843496,0.9994931565,1556.270361,1267.296714,0.4877061615,0.3971471998,0.3631468152,0.4311475844
synthetic_20250706,synthetic,2025-07-06,adapted,1273,0.3974596295,8.178555041,0.5962635513,0.3555302226,0.003036688376,0.9969633116,1556.625892,1268.293678,0.4878175781,0.3974596295,0.3634592449,0.4314600141
synthetic_20250706,synthetic,2025-07-06,adapted,1274,0.3977729572,8.177539979,-1.175922769,1.382794358,0.0001714565222,0.9998285435,1558.008686,1269.293506,0.4882509201,0.3977729572,0.3637725726,0.4317733418
synthetic_20250706,synthetic,2025-07-06,adapted,1275,0.3980855965,8.174311511,-0.9359041908,0.8759166544,0.002367831455,0.9976321685,1558.884603,1270.291138,0.4885254161,0.3980855965,0.3640852119,0.4320859811
synthetic_20250706,synthetic,2025-07-06,adapted,1276,0.3983962583,8.173463014,-1.33810652,1.79052906,0.008678330584,0.9913216694,1560.675132,1271.28246,0.4890865345,0.3983962583,0.3643958737,0.4323966429
synthetic_20250706,synthetic,2025-07-06,adapted,1277,0.3987090905,8.172651902,-0.7092819534,0.5030808894,0.001752361762,0.9982476382,1561.178213,1272.280708,0.4892441907,0.3987090905,0.3647087059,0.4327094751
synthetic_20250706,synthetic,2025-07-06,adapted,1278,0.3990221519,8.172004197,-0.9124238772,0.8325173317,0.001021071877,0.9989789281,1562.01073,1273.279687,0.4895050862,0.3990221519,0.3650217673,0.4330225365
synthetic_20250706,synthetic,2025-07-06,adapted,1279,0.3993350811,8.17014356,-0.6661666719,0.4437780348,0.001442980981,0.998557019,1562.454508,1274.278244,0.4896441579,0.3993350811,0.3653346965,0.4333354657
synthetic_20250706,synthetic,2025-07-06,adapted,1280,0.3996481336,8.166531976,-0.03518377039,0.001237897699,0.001049251987,0.998950748,1562.455746,1275.277194,0.4896445459,0.3996481336,0.365647749,0.4336485182
synthetic_20250706,synthetic,2025-07-06,adapted,1281,0.3999614602,8.163658256,0.8092286642,0.6548510309,0.0001748061035,0.9998251939,1563.110597,1276.27702,0.489849764,0.3999614602,0.3659610756,0.4339618448
synthetic_20250706,synthetic,2025-07-06,adapted,1282,0.4002747773,8.160575144,-0.591646749,0.3500458756,0.0002054099008,0.9997945901,1563.460643,1277.276814,0.4899594618,0.4002747773,0.3662743927,0.4342751619
synthetic_20250706,synthetic,2025-07-06,adapted,1283,0.4005880042,8.154900287,0.05170575597,0.002673485201,0.0004928631331,0.9995071369,1563.463316,1278.276321,0.4899602997,0.4005880042,0.3665876196,0.4345883888
synthetic_20250706,synthetic,2025-07-06,adapted,1284,0.4008981427,8.154701564,0.417170863,0.174031529,0.01034799472,0.9896520053,1563.637348,1279.265973,0.4900148379,0.4008981427,0.3668977581,0.4348985273
synthetic_20250706,synthetic,2025-07-06,adapted,1285,0.4012112895,8.151296294,-0.5152427614,0.2654751031,0.0007487044654,0.9992512955,1563.902823,1280.265225,0.4900980329,0.4012112895,0.3672109049,0.4352116741
synthetic_20250706,synthetic,2025-07-06,adapted,1286,0.4015238072,8.150763629,0.0985079444,0.009703815109,0.002756000022,0.997244,1563.912527,1281.262469,0.4901010739,0.4015238072,0.3675234226,0.4355241918
synthetic_20250706,synthetic,2025-07-06,adapted,1287,0.4018369659,8.148203455,0.2345858474,0.05503051979,0.000710549603,0.9992894504,1563.967557,1282.261758,0.4901183194,0.4018369659,0.3678365813,0.4358373505
synthetic_20250706,synthetic,2025-07-06,adapted,1288,0.4021500982,8.143181046,0.001619781219,2.623691196e-06,0.0007947939818,0.999205206,1563.96756,1283.260963,0.4901183202,0.4021500982,0.3681497136,0.4361504828
synthetic_20250706,synthetic,2025-07-06,adapted,1289,0.4024630348,8.14281088,0.01584838745,0.0002511713847,0.001419260208,0.9985807398,1563.967811,1284.259544,0.4901183989,0.4024630348,0.3684626502,0.4364634194
synthetic_20250706,synthetic,2025-07-06,adapted,1290,0.4027763642,8.1409249,-0.575169686,0.3308201677,0.0001657639644,0.999834236,1564.298631,1285.259378,0.4902220718,0.4027763642,0.3687759796,0.4367767488
synthetic_20250706,synthetic,2025-07-06,adapted,1291,0.4030869337,8.140244681,1.511788086,2.285503217,0.008972991293,0.9910270087,1566.584134,1286.250405,0.490938306,0.4030869337,0.3690865491,0.4370873183
synthetic_20250706,synthetic,2025-07-06,adapted,1292,0.4033996931,8.135752929,0.525037776,0.2756646662,0.001984509708,0.9980154903,1566.859799,1287.248421,0.4910246942,0.4033996931,0.3693993085,0.4374000777
synthetic_20250706,synthetic,2025-07-06,adapted,1293,0.4037128171,8.132939357,1.257797749,1.582055177,0.0008214346589,0.9991785653,1568.441854,1288.247599,0.4915204808,0.4037128171,0.3697124325,0.4377132017
synthetic_20250706,synthetic,2025-07-06,adapted,1294,0.4040260825,8.129914684,-0.8959319612,0.8026940791,0.0003702199034,0.9996297801,1569.244548,1289.247229,0.4917720302,0.4040260825,0.3700256979,0.4380264671
synthetic_20250706,synthetic,2025-07-06,adapted,1295,0.4043385545,8.128428402,0.4755361078,0.2261345899,0.002901700023,0.9970983,1569.470683,1290.244327,0.4918428966,0.4043385545,0.3703381699,0.4383389391
synthetic_20250706,synthetic,2025-07-06,adapted,1296,0.4046518137,8.127457768,0.468427615,0.2194244305,0.0003900057326,0.9996099943,1569.690107,1291.243937,0.4919116601,0.4046518137,0.3706514291,0.4386521983
synthetic_20250706,synthetic,2025-07-06,adapted,1297,0.4049633912,8.124910628,0.4542693276,0.206360622,0.005756182447,0.9942438176,1569.896468,1292.238181,0.4919763297,0.4049633912,0.3709630066,0.4389637758
synthetic_20250706,synthetic,2025-07-06,adapted,1298,0.4052766532,8.120867327,2.059983794,4.243533233,0.000380874288,0.9996191257,1574.140001,1293.2378,0.493306174,0.4052766532,0.3712762686,0.4392770378
synthetic_20250706,synthetic,2025-07-06,adapted,1299,0.4055888388,8.120133773,0.2384012471,0.05683515462,0.00381582493,0.9961841751,1574.196836,1294.233985,0.4933239851,0.4055888388,0.3715884542,0.4395892234
synthetic_20250706,synthetic,2025-07-06,adapted,1300,0.4059021226,8.11867121,-1.959194957,3.838444878,0.0003114708497,0.9996885292,1578.035281,1295.233673,0.4945268822,0.4059021226,0.371901738,0.4399025072
synthetic_20250706,synthetic,2025-07-06,adapted,1301,0.4062153626,8.11601786,-2.097655539,4.40015876,0.0004509331854,0.9995490668,1582.43544,1296.233222,0.4959058101,0.4062153626,0.372214978,0.4402157472
synthetic_20250706,synthetic,2025-07-06,adapted,1302,0.406528118,8.114421385,0.5379589091,0.2893997879,0.00199758659,0.9980024134,1582.72484,1297.231225,0.4959965026,0.406528118,0.3725277334,0.4405285026
synthetic_20250706,synthetic,2025-07-06,adapted,1303,0.4068414028,8.11021437,-0.1789679781,0.0320295372,0.0003082247905,0.9996917752,1582.756869,1298.230916,0.49600654,0.4068414028,0.3728410182,0.4408417874
synthetic_20250706,synthetic,2025-07-06,adapted,1304,0.4071540413,8.107729446,0.8619406377,0.7429416629,0.002370410695,0.9976295893,1583.499811,1299.228546,0.4962393641,0.4071540413,0.3731536567,0.4411544259
synthetic_20250706,synthetic,2025-07-06,adapted,1305,0.4074668613,8.106790436,-1.079714647,1.165783718,0.001791469867,0.9982085301,1584.665595,1300.226754,0.4966046991,0.4074668613,0.3734664767,0.4414672459
synthetic_20250706,synthetic,2025-07-06,adapted,1306,0.4077795556,8.105580838,0.09993883622,0.009987770985,0.002192468362,0.9978075316,1584.675582,1301.224562,0.496607829,0.4077795556,0.373779171,0.4417799402
synthetic_20250706,synthetic,2025-07-06,adapted,1307,0.4080928542,8.101582798,0.8327615496,0.6934917985,0.0002641223072,0.9997358777,1585.369074,1302.224298,0.4968251565,0.4080928542,0.3740924696,0.4420932388
synthetic_20250706,synthetic,2025-07-06,adapted,1308,0.4084047823,8.097718215,0.7862947248,0.6182593942,0.004637581886,0.9953624181,1585.987334,1303.21966,0.4970189074,0.4084047823,0.3744043977,0.4424051669
synthetic_20250706,synthetic,2025-07-06,adapted,1309,0.408717652,8.09732388,1.101453494,1.213199799,0.001632724442,0.9983672756,1587.200533,1304.218028,0.4973991017,0.408717652,0.3747172674,0.4427180366
synthetic_20250706,synthetic,2025-07-06,adapted,1310,0.4090306584,8.09570792,-0.6636286913,0.4404030399,0.001196475078,0.9988035249,1587.640936,1305.216831,0.4975371158,0.4090306584,0.3750302738,0.443031043
synthetic_20250706,synthetic,2025-07-06,adapted,1311,0.4093437687,8.092394081,-0.3202814113,0.1025801824,0.0008651718207,0.9991348282,1587.743517,1306.215966,0.4975692625,0.4093437687,0.3753433841,0.4433441533
synthetic_20250706,synthetic,2025-07-06,adapted,1312,0.4096567468,8.090239001,1.274245094,1.623700559,0.001286991272,0.9987130087,1589.367217,1307.214679,0.4980781,0.4096567468,0.3756563622,0.4436571314
synthetic_20250706,synthetic,2025-07-06,adapted,1313,0.4099685405,8.08726373,0.3371480553,0.1136688112,0.0050661752,0.9949338248,1589.480886,1308.209613,0.4981137217,0.4099685405,0.3759681559,0.4439689251
synthetic_20250706,synthetic,2025-07-06,adapted,1314,0.410281565,8.086242888,-0.189980508,0.03609259343,0.001138851325,0.9988611487,1589.516979,1309.208474,0.4981250325,0.410281565,0.3762811804,0.4442819496
synthetic_20250706,synthetic,2025-07-06,adapted,1315,0.4105946888,8.083348749,0.857072834,0.7345738427,0.00082196849,0.9991780315,1590.251552,1310.207652,0.4983552342,0.4105946888,0.3765943042,0.4445950734
synthetic_20250706,synthetic,2025-07-06,adapted,1316,0.4109079145,8.080256003,1.210613765,1.465585688,0.0004967308113,0.9995032692,1591.717138,1311.207155,0.4988145215,0.4109079145,0.3769075299,0.4449082991
synthetic_20250706,synthetic,2025-07-06,adapted,1317,0.411221035,8.079137441,0.2906201914,0.08446009567,0.0008325364694,0.9991674635,1591.801598,1312.206323,0.4988409897,0.411221035,0.3772206504,0.4452214196
synthetic_20250706,synthetic,2025-07-06,adapted,1318,0.4115343317,8.077999414,1.096190876,1.201634437,0.0002701758725,0.9997298241,1593.003233,1313.206052,0.4992175596,0.4115343317,0.3775339471,0.4455347163
synthetic_20250706,synthetic,2025-07-06,adapted,1319,0.4118471308,8.075779395,0.6763976948,0.4575138415,0.001858005924,0.9981419941,1593.460747,1314.204194,0.4993609359,0.4118471308,0.3778467462,0.4458475154
synthetic_20250706,synthetic,2025-07-06,adapted,1320,0.412159665,8.073090441,1.467206361,2.152694505,0.002703579935,0.9972964201,1595.613441,1315.201491,0.5000355503,0.412159665,0.3781592804,0.4461600496
synthetic_20250706,synthetic,2025-07-06,adapted,1321,0.4124725923,8.0720022,-0.6023993978,0.3628850345,0.001448866431,0.9985511336,1595.976326,1316.200042,0.5001492717,0.4124725923,0.3784722077,0.4464729769
synthetic_20250706,synthetic,2025-07-06,adapted,1322,0.412784203,8.067339045,0.3371221189,0.1136513231,0.005650395911,0.9943496041,1596.089977,1317.194392,0.5001848879,0.412784203,0.3787838184,0.4467845876
synthetic_20250706,synthetic,2025-07-06,adapted,1323,0.4130974402,8.063729357,1.758538518,3.092457718,0.000460025328,0.9995399747,1599.182435,1318.193932,0.5011540066,0.4130974402,0.3790970556,0.4470978248
synthetic_20250706,synthetic,2025-07-06,adapted,1324,0.4134098189,8.060802913,0.4345758361,0.1888561574,0.003199606022,0.996800394,1599.371291,1319.190732,0.5012131906,0.4134098189,0.3794094343,0.4474102035
synthetic_20250706,synthetic,2025-07-06,adapted,1325,0.4137229981,8.059976408,0.8850207856,0.7832617909,0.0006449899528,0.99935501,1600.154553,1320.190087,0.5014586503,0.4137229981,0.3797226135,0.4477233827
synthetic_20250706,synthetic,2025-07-06,adapted,1326,0.414035854,8.058031185,2.056482889,4.229121872,0.001676864553,0.9983231354,1604.383675,1321.18841,0.5027839784,0.414035854,0.3800354694,0.4480362386
synthetic_20250706,synthetic,2025-07-06,adapted,1327,0.4143487699,8.056059761,-0.5506292522,0.3031925734,0.001485312465,0.9985146875,1604.686868,1322.186925,0.5028789933,0.4143487699,0.3803483853,0.4483491545
synthetic_20250706,synthetic,2025-07-06,adapted,1328,0.4146620777,8.054362377,0.1645830719,0.02708758755,0.0002350341906,0.9997649658,1604.713955,1323.18669,0.502887482,0.4146620777,0.3806616931,0.4486624623
synthetic_20250706,synthetic,2025-07-06,adapted,1329,0.4149754241,8.052216938,-0.8873184278,0.7873339923,0.000111437812,0.9998885622,1605.501289,1324.186578,0.5031342178,0.4149754241,0.3809750395,0.4489758087
synthetic_20250706,synthetic,2025-07-06,adapted,1330,0.415288155,8.045869376,-0.7588379734,0.5758350699,0.002075611546,0.9979243885,1606.077124,1325.184503,0.5033146738,0.415288155,0.3812877704,0.4492885396
synthetic_20250706,synthetic,2025-07-06,adapted,1331,0.4156010187,8.04548732,-0.5104262149,0.2605349208,0.001652168275,0.9983478317,1606.337659,1326.182851,0.5033963206,0.4156010187,0.3816006341,0.4496014033
synthetic_20250706,synthetic,2025-07-06,adapted,1332,0.4159141605,8.042142907,1.056933677,1.117108798,0.0007644180711,0.9992355819,1607.454768,1327.182086,0.5037464017,0.4159141605,0.3819137759,0.4499145451
synthetic_20250706,synthetic,2025-07-06,adapted,1333,0.4162273268,8.038293861,-1.10697679,1.225397613,0.0006864017957,0.9993135982,1608.680165,1328.1814,0.5041304185,0.4162273268,0.3822269422,0.4502277114
synthetic_20250706,synthetic,2025-07-06,adapted,1334,0.4165406309,8.037147303,-2.753664825,7.582669967,0.000246658771,0.9997533412,1616.262835,1329.181153,0.5065066861,0.4165406309,0.3825402463,0.4505410155
synthetic_20250706,synthetic,2025-07-06,adapted,1335,0.4168538998,8.035246798,-1.279349541,1.636735247,0.0003588823736,0.9996411176,1617.899571,1330.180794,0.5070196085,0.4168538998,0.3828535152,0.4508542844
synthetic_20250706,synthetic,2025-07-06,adapted,1336,0.4171670002,8.030245291,-0.09709032801,0.009426531793,0.0008965712703,0.9991034287,1617.908997,1331.179898,0.5070225626,0.4171670002,0.3831666156,0.4511673848
synthetic_20250706,synthetic,2025-07-06,adapted,1337,0.4174789141,8.02900259,-1.801754216,3.246318257,0.004682893188,0.9953171068,1621.155315,1332.175215,0.5080398983,0.4174789141,0.3834785295,0.4514792987
synthetic_20250706,synthetic,2025-07-06,adapted,1338,0.4177922414,8.024393361,-1.485197598,2.205811905,0.0001724035996,0.9998275964,1623.361127,1333.175042,0.5087311587,0.4177922414,0.3837918568,0.451792626
synthetic_20250706,synthetic,2025-07-06,adapted,1339,0.4181050923,8.018929304,-1.337779028,1.789652728,0.001692945134,0.9983070549,1625.15078,1334.173349,0.5092920025,0.4181050923,0.3841047077,0.4521054769
synthetic_20250706,synthetic,2025-07-06,adapted,1340,0.4184184599,8.016081004,1.002006758,1.004017542,4.399278189e-05,0.9999560072,1626.154798,1335.173305,0.509606643,0.4184184599,0.3844180753,0.4524188445
synthetic_20250706,synthetic,2025-07-06,adapted,1341,0.4187308634,8.015328095,0.1566627123,0.02454320541,0.003120468831,0.9968795312,1626.179341,1336.170185,0.5096143343,0.4187308634,0.3847304788,0.452731248
synthetic_20250706,synthetic,2025-07-06,adapted,1342,0.4190441676,8.013101719,0.009864995748,9.731814111e-05,0.0002460116998,0.9997539883,1626.179438,1337.169939,0.5096143648,0.4190441676,0.385043783,0.4530445522
synthetic_20250706,synthetic,2025-07-06,adapted,1343,0.4193574178,8.010462514,-0.944440988,0.8919687799,0.0004188927107,0.9995811073,1627.071407,1338.16952,0.5098938912,0.4193574178,0.3853570332,0.4533578024
synthetic_20250706,synthetic,2025-07-06,adapted,1344,0.4196684912,8.005154893,-0.907018284,0.8226821675,0.007364571812,0.9926354282,1627.894089,1339.162155,0.5101517045,0.4196684912,0.3856681066,0.4536688758
synthetic_20250706,synthetic,2025-07-06,adapted,1345,0.4199810555,8.003451648,1.040533695,1.082710369,0.00260738143,0.9973926186,1628.9768,1340.159548,0.5104910058,0.4199810555,0.3859806709,0.4539814401
synthetic_20250706,synthetic,2025-07-06,adapted,1346,0.4202941111,8.003008663,-0.5497453997,0.3022200045,0.00103945738,0.9989605426,1629.27902,1341.158509,0.5105857159,0.4202941111,0.3862937265,0.4542944957
synthetic_20250706,synthetic,2025-07-06,adapted,1347,0.420607408,7.999743508,-0.7294799675,0.532141023,0.0002696498352,0.9997303502,1629.811161,1342.158239,0.510752479,0.420607408,0.3866070234,0.4546077926
synthetic_20250706,synthetic,2025-07-06,adapted,1348,0.420920698,7.996780333,-0.5776685203,0.3337009193,0.0002917944049,0.9997082056,1630.144861,1343.157947,0.5108570547,0.420920698,0.3869203134,0.4549210826
synthetic_20250706,synthetic,2025-07-06,adapted,1349,0.4212331476,7.995514643,0.3670933079,0.1347574967,0.002973122352,0.9970268776,1630.279619,1344.154974,0.5108992852,0.4212331476,0.387232763,0.4552335322
synthetic_20250706,synthetic,2025-07-06,adapted,1350,0.4215461917,7.99370419,0.1848606843,0.03417347261,0.00107647412,0.9989235259,1630.313792,1345.153898,0.5109099945,0.4215461917,0.3875458071,0.4555465763
synthetic_20250706,synthetic,2025-07-06,adapted,1351,0.4218592077,7.990469963,-0.5001671265,0.2501671544,0.00116584279,0.9988341572,1630.56396,1346.152732,0.5109883922,0.4218592077,0.3878588231,0.4558595923
synthetic_20250706,synthetic,2025-07-06,adapted,1352,0.4221724329,7.98925872,0.1709464091,0.02922267479,0.0004982255285,0.9995017745,1630.593182,1347.152234,0.5109975501,0.4221724329,0.3881720483,0.4561728175
synthetic_20250706,synthetic,2025-07-06,adapted,1353,0.4224847164,7.985715333,-0.6073338006,0.3688543453,0.003503521211,0.9964964788,1630.962037,1348.14873,0.5111131421,0.4224847164,0.3884843318,0.456485101
synthetic_20250706,synthetic,2025-07-06,adapted,1354,0.4227969904,7.981112871,-0.4854342261,0.2356463879,0.003533733781,0.9964662662,1631.197683,1349.145196,0.5111869893,0.4227969904,0.3887966058,0.456797375
synthetic_20250706,synthetic,2025-07-06,adapted,1355,0.4231102162,7.978278636,-0.2466968768,0.06085934903,0.0004964785477,0.9995035215,1631.258542,1350.1447,0.5112060615,0.4231102162,0.3891098316,0.4571106008
synthetic_20250706,synthetic,2025-07-06,adapted,1356,0.4234230834,7.976642476,-0.4629506735,0.2143233261,0.001640527117,0.9983594729,1631.472866,1351.143059,0.5112732265,0.4234230834,0.3894226988,0.457423468
synthetic_20250706,synthetic,2025-07-06,adapted,1357,0.4237359563,7.97471764,-0.09029058633,0.008152389979,0.001622556573,0.9983774434,1631.481018,1352.141437,0.5112757813,0.4237359563,0.3897355717,0.4577363409
synthetic_20250706,synthetic,2025-07-06,adapted,1358,0.4240489096,7.972796085,0.01072149462,0.0001149504468,0.001366331537,0.9986336685,1631.481133,1353.14007,0.5112758173,0.4240489096,0.390048525,0.4580492942
synthetic_20250706,synthetic,2025-07-06,adapted,1359,0.4243616362,7.970141783,-0.1796299043,0.03226690253,0.002089133969,0.997910866,1631.5134,1354.137981,0.5112859291,0.4243616362,0.3903612516,0.4583620208
synthetic_20250706,synthetic,2025-07-06,adapted,1360,0.4246749551,7.969835757,-1.115343226,1.243990512,0.0001996485531,0.9998003514,1632.75739,1355.137782,0.5116757726,0.4246749551,0.3906745705,0.4586753397
synthetic_20250706,synthetic,2025-07-06,adapted,1361,0.4249879174,7.969097773,0.7051960769,0.4973015069,0.001337146298,0.9986628537,1633.254692,1356.136444,0.5118316176,0.4249879174,0.3909875328,0.458988302
synthetic_20250706,synthetic,2025-07-06,adapted,1362,0.4253010109,7.965331888,-1.294409551,1.675496085,0.0009185435771,0.9990814564,1634.930188,1357.135526,0.5123566869,0.4253010109,0.3913006263,0.4593013955
synthetic_20250706,synthetic,2025-07-06,adapted,1363,0.4256136799,7.963819801,-0.9947132016,0.9894543534,0.002273205508,0.9977267945,1635.919642,1358.133253,0.5126667635,0.4256136799,0.3916132953,0.4596140645
synthetic_20250706,synthetic,2025-07-06,adapted,1364,0.4259269191,7.962565472,-2.449903052,6.002024963,0.0004539493365,0.9995460507,1641.921667,1359.132799,0.5145476864,0.4259269191,0.3919265345,0.4599273037
synthetic_20250706,synthetic,2025-07-06,adapted,1365,0.426240192,7.958907555,1.713025842,2.934457535,0.0003459580411,0.999654042,1644.856125,1360.132453,0.5154672908,0.426240192,0.3922398074,0.4602405766
synthetic_20250706,synthetic,2025-07-06,adapted,1366,0.4265532151,7.958511895,-1.195797236,1.42993103,0.001143431999,0.998856568,1646.286056,1361.131309,0.5159154045,0.4265532151,0.3925528305,0.4605535997
synthetic_20250706,synthetic,2025-07-06,adapted,1367,0.4268664547,7.951320259,2.114334615,4.470410865,0.0004523199291,0.9995476801,1650.756467,1362.130857,0.5173163481,0.4268664547,0.3928660701,0.4608668393
synthetic_20250706,synthetic,2025-07-06,adapted,1368,0.4271797525,7.950447227,0.3677153854,0.1352146047,0.0002668545108,0.9997331455,1650.891681,1363.13059,0.5173587218,0.4271797525,0.3931793679,0.4611801371
synthetic_20250706,synthetic,2025-07-06,adapted,1369,0.4274930053,7.948204805,2.837925871,8.053823251,0.0004101556018,0.9995898444,1658.945505,1364.13018,0.5198826401,0.4274930053,0.3934926207,0.4614933899
synthetic_20250706,synthetic,2025-07-06,adapted,1370,0.4278052855,7.946449151,0.02751270726,0.0007569490609,0.003513980631,0.9964860194,1658.946262,1365.126666,0.5198828773,0.4278052855,0.3938049009,0.4618056701
synthetic_20250706,synthetic,2025-07-06,adapted,1371,0.4281183381,7.943026916,0.2181482845,0.04758867405,0.001049312232,0.9989506878,1658.99385,1366.125617,0.5198977907,0.4281183381,0.3941179535,0.4621187227
synthetic_20250706,synthetic,2025-07-06,adapted,1372,0.4284316903,7.94233543,0.04925510397,0.002426065267,9.284312331e-05,0.9999071569,1658.996276,1367.125524,0.519898551,0.4284316903,0.3944313057,0.4624320749
synthetic_20250706,synthetic,2025-07-06,adapted,1373,0.4287447893,7.941814793,-0.2358729601,0.05563605333,0.0009012392991,0.9990987607,1659.051912,1368.124623,0.5199159863,0.4287447893,0.3947444047,0.4627451739
synthetic_20250706,synthetic,2025-07-06,adapted,1374,0.4290580482,7.938084683,0.8073668253,0.6518411907,0.0003908027691,0.9996091972,1659.703754,1369.124232,0.5201202612,0.4290580482,0.3950576636,0.4630584328
synthetic_20250706,synthetic,2025-07-06,adapted,1375,0.4293711419,7.93612878,-0.3345567497,0.1119282188,0.0009181814626,0.9990818185,1659.815682,1370.123314,0.5201553374,0.4293711419,0.3953707573,0.4633715265
synthetic_20250706,synthetic,2025-07-06,adapted,1376,0.4296838618,7.931889455,0.2429701171,0.05903447781,0.002110555619,0.9978894444,1659.874716,1371.121203,0.5201738377,0.4296838618,0.3956834772,0.4636842464
synthetic_20250706,synthetic,2025-07-06,adapted,1377,0.4299972058,7.928875082,1.384762707,1.917567755,0.0001194384962,0.9998805615,1661.792284,1372.121084,0.5207747678,0.4299972058,0.3959968212,0.4639975904
synthetic_20250706,synthetic,2025-07-06,adapted,1378,0.430310507,7.927162259,-0.04857439566,0.002359471913,0.0002559046127,0.9997440954,1661.794643,1373.120828,0.5207755072,0.430310507,0.3963101224,0.4643108916
synthetic_20250706,synthetic,2025-07-06,adapted,1379,0.4306228395,7.925163343,-1.65976723,2.754827256,0.003346990794,0.9966530092,1664.549471,1374.117481,0.5216388188,0.4306228395,0.3966224549,0.4646232241
synthetic_20250706,synthetic,2025-07-06,adapted,1380,0.4309360467,7.924068721,0.7288832738,0.5312708269,0.0005558226308,0.9994441774,1665.080742,1375.116925,0.5218053092,0.4309360467,0.3969356621,0.4649364313
synthetic_20250706,synthetic,2025-07-06,adapted,1381,0.4312492455,7.918500204,-0.2299532622,0.0528785028,0.0005824283039,0.9994175717,1665.13362,1376.116343,0.5218218803,0.4312492455,0.3972488609,0.4652496301
synthetic_20250706,synthetic,2025-07-06,adapted,1382,0.4315625555,7.915018742,-1.11616625,1.245827097,0.0002279385958,0.9997720614,1666.379447,1377.116115,0.5222122993,0.4315625555,0.3975621709,0.4655629401
synthetic_20250706,synthetic,2025-07-06,adapted,1383,0.4318740323,7.914516694,-0.1793973285,0.03218340146,0.006077568237,0.9939224318,1666.411631,1378.110037,0.522222385,0.4318740323,0.3978736477,0.4658744169
synthetic_20250706,synthetic,2025-07-06,adapted,1384,0.4321872429,7.913164746,3.09996115,9.609759134,0.0005450756993,0.9994549243,1676.02139,1379.109492,0.5252339046,0.4321872429,0.3981868583,0.4661876275
synthetic_20250706,synthetic,2025-07-06,adapted,1385,0.4324986107,7.912314371,-0.4450244924,0.1980467988,0.006425292591,0.9935747074,1676.219436,1380.103067,0.5252959688,0.4324986107,0.3984982261,0.4664989953
synthetic_20250706,synthetic,2025-07-06,adapted,1386,0.4328118438,7.908859353,0.6483265606,0.4203273292,0.0004731171175,0.9995268829,1676.639764,1381.102594,0.5254276916,0.4328118438,0.3988114592,0.4668122284
synthetic_20250706,synthetic,2025-07-06,adapted,1387,0.4331249145,7.907170663,0.5836812437,0.3406837942,0.0009913789612,0.999008621,1676.980448,1382.101602,0.5255344555,0.4331249145,0.3991245299,0.4671252991
synthetic_20250706,synthetic,2025-07-06,adapted,1388,0.4334382593,7.905623842,0.1405489176,0.01975399824,0.0001168565012,0.9998831435,1677.000202,1383.101485,0.5255406461,0.4334382593,0.3994378747,0.4674386439
synthetic_20250706,synthetic,2025-07-06,adapted,1389,0.4337512233,7.902926575,-0.02990811224,0.0008944951778,0.001331658191,0.9986683418,1677.001096,1384.100154,0.5255409264,0.4337512233,0.3997508387,0.4677516079
synthetic_20250706,synthetic,2025-07-06,adapted,1390,0.4340644715,7.900088034,-0.4717417736,0.222540301,0.0004250492435,0.9995749508,1677.223636,1385.099729,0.5256106664,0.4340644715,0.4000640869,0.4680648561
synthetic_20250706,synthetic,2025-07-06,adapted,1391,0.4343775927,7.897685821,-0.444897706,0.1979339688,0.0008303796193,0.9991696204,1677.42157,1386.098898,0.5256726952,0.4343775927,0.4003772081,0.4683779773
synthetic_20250706,synthetic,2025-07-06,adapted,1392,0.4346908295,7.897157418,0.09141437288,0.008356587568,0.000461320011,0.99953868,1677.429927,1387.098437,0.525675314,0.4346908295,0.4006904449,0.4686912141
synthetic_20250706,synthetic,2025-07-06,adapted,1393,0.4350041413,7.89265487,0.4318591856,0.1865023562,0.0002221468508,0.9997778531,1677.616429,1388.098215,0.5257337604,0.4350041413,0.4010037567,0.4690045259
synthetic_20250706,synthetic,2025-07-06,adapted,1394,0.4353172823,7.890477569,-0.2094616439,0.04387418026,0.0007669465757,0.9992330534,1677.660303,1389.097448,0.5257475097,0.4353172823,0.4013168977,0.4693176669
synthetic_20250706,synthetic,2025-07-06,adapted,1395,0.4356304559,7.886313873,-1.082807784,1.172472698,0.0006629855841,0.9993370144,1678.832776,1390.096785,0.5261149408,0.4356304559,0.4016300713,0.4696308405
synthetic_20250706,synthetic,2025-07-06,adapted,1396,0.4359435115,7.884646335,-1.394795814,1.945455363,0.001039759546,0.9989602405,1680.778232,1391.095745,0.5267246103,0.4359435115,0.4019431269,0.4699438961
synthetic_20250706,synthetic,2025-07-06,adapted,1397,0.4362565019,7.880466375,-2.175149772,4.73127653,0.001247635719,0.9987523643,1685.509508,1392.094497,0.5282073043,0.4362565019,0.4022561173,0.4702568865
synthetic_20250706,synthetic,2025-07-06,adapted,1398,0.4365696435,7.879914845,1.176494229,1.38413867,0.0007650704684,0.9992349295,1686.893647,1393.093732,0.5286410676,0.4365696435,0.4025692589,0.4705700281
synthetic_20250706,synthetic,2025-07-06,adapted,1399,0.4368825208,7.878790771,0.178809832,0.03197295603,0.001608510571,0.9983914894,1686.92562,1394.092124,0.5286510873,0.4368825208,0.4028821362,0.4708829054
synthetic_20250706,synthetic,2025-07-06,adapted,1400,0.4371954435,7.875944551,-0.2875310849,0.0826741248,0.001463582857,0.9985364171,1687.008294,1395.09066,0.5286769959,0.4371954435,0.4031950589,0.4711958281
synthetic_20250706,synthetic,2025-07-06,adapted,1401,0.4375087503,7.873510065,0.7043019766,0.4960412743,0.0002381306903,0.9997618693,1687.504335,1396.090422,0.528832446,0.4375087503,0.4035083657,0.4715091349
synthetic_20250706,synthetic,2025-07-06,adapted,1402,0.4378218913,7.870408415,0.6730331173,0.452973577,0.0007670799059,0.9992329201,1687.957309,1397.089655,0.5289743995,0.4378218913,0.4038215067,0.4718222759
synthetic_20250706,synthetic,2025-07-06,adapted,1403,0.4381349047,7.86840693,0.7589613324,0.5760223041,0.001174146715,0.9988258533,1688.533331,1398.088481,0.5291549141,0.4381349047,0.4041345201,0.4721352893
synthetic_20250706,synthetic,2025-07-06,adapted,1404,0.4384480287,7.866564627,-1.432382664,2.051720097,0.0008212773967,0.9991787226,1690.585051,1399.08766,0.529797885,0.4384480287,0.4044476441,0.4724484133
synthetic_20250706,synthetic,2025-07-06,adapted,1405,0.4387611787,7.864718243,0.4454586409,0.1984334008,0.0007383966735,0.9992616033,1690.783484,1400.086921,0.5298600703,0.4387611787,0.4047607941,0.4727615633
synthetic_20250706,synthetic,2025-07-06,adapted,1406,0.4390742218,7.861974479,0.9940401601,0.9881158398,0.001079496933,0.9989205031,1691.7716,1401.085842,0.5301697275,0.4390742218,0.4050738372,0.4730746064
synthetic_20250706,synthetic,2025-07-06,adapted,1407,0.4393872061,7.860672389,-0.7704916497,0.5936573823,0.001267190254,0.9987328097,1692.365258,1402.084575,0.5303557686,0.4393872061,0.4053868215,0.4733875907
synthetic_20250706,synthetic,2025-07-06,adapted,1408,0.4397000971,7.858888244,-0.1629761948,0.02656124006,0.001564845768,0.9984351542,1692.391819,1403.08301,0.5303640924,0.4397000971,0.4056997125,0.4737004817
synthetic_20250706,synthetic,2025-07-06,adapted,1409,0.4400132998,7.85676761,-0.55688979,0.3101262382,0.0005698804348,0.9994301196,1692.701945,1404.08244,0.5304612802,0.4400132998,0.4060129152,0.4740136844
synthetic_20250706,synthetic,2025-07-06,adapted,1410,0.4403264881,7.851425773,1.278466285,1.634476042,0.000616422532,0.9993835775,1694.336421,1405.081823,0.5309734946,0.4403264881,0.4063261035,0.4743268727
synthetic_20250706,synthetic,2025-07-06,adapted,1411,0.4406390775,7.848521192,-0.5286052503,0.2794235107,0.002527167989,0.997472832,1694.615845,1406.079296,0.5310610607,0.4406390775,0.4066386929,0.4746394621
synthetic_20250706,synthetic,2025-07-06,adapted,1412,0.4409521059,7.84610752,0.632083168,0.3995291313,0.001126334974,0.998873665,1695.015374,1407.07817,0.5311862657,0.4409521059,0.4069517213,0.4749524905
synthetic_20250706,synthetic,2025-07-06,adapted,1413,0.4412653779,7.845121232,0.2024162331,0.04097233141,0.0003489682314,0.9996510318,1695.056346,1408.077821,0.5311991057,0.4412653779,0.4072649933,0.4752657625
synthetic_20250706,synthetic,2025-07-06,adapted,1414,0.4415785841,7.842690459,-0.8220827517,0.6758200507,0.0005589296254,0.9994410704,1695.732166,1409.077262,0.5314108951,0.4415785841,0.4075781995,0.4755789687
synthetic_20250706,synthetic,2025-07-06,adapted,1415,0.4418915139,7.840400543,1.21906475,1.486118865,0.001441274205,0.9985587258,1697.218285,1410.075821,0.5318766171,0.4418915139,0.4078911293,0.4758918985
synthetic_20250706,synthetic,2025-07-06,adapted,1416,0.442204817,7.838940406,0.5046568139,0.2546784998,0.0002498134808,0.9997501865,1697.472964,1411.075571,0.5319564286,0.442204817,0.4082044324,0.4762052016
synthetic_20250706,synthetic,2025-07-06,adapted,1417,0.442518137,7.836761719,0.7714208021,0.5950900539,0.0001958788336,0.9998041212,1698.068054,1412.075375,0.5321429187,0.442518137,0.4085177524,0.4765185216
synthetic_20250706,synthetic,2025-07-06,adapted,1418,0.4428314393,7.833315035,0.0893853747,0.00798974521,0.0002523165318,0.9997476835,1698.076043,1413.075123,0.5321454226,0.4428314393,0.4088310547,0.4768318239
synthetic_20250706,synthetic,2025-07-06,adapted,1419,0.4431445612,7.831277651,-0.9167251427,0.8403849872,0.0008279768265,0.9991720232,1698.916428,1414.074295,0.5324087836,0.4431445612,0.4091441766,0.4771449458
synthetic_20250706,synthetic,2025-07-06,adapted,1420,0.4434578785,7.829961114,0.4642360798,0.2155151378,0.0002042938005,0.9997957062,1699.131944,1415.07409,0.532476322,0.4434578785,0.4094574939,0.4774582631
synthetic_20250706,synthetic,2025-07-06,adapted,1421,0.4437709137,7.829039507,1.15821323,1.341457887,0.001104664778,0.9988953352,1700.473401,1416.072986,0.5328967099,0.4437709137,0.4097705291,0.4777712983
synthetic_20250706,synthetic,2025-07-06,adapted,1422,0.4440837948,7.826136888,-0.03574034449,0.001277372224,0.001596438047,0.998403562,1700.474679,1417.071389,0.5328971102,0.4440837948,0.4100834102,0.4780841794
synthetic_20250706,synthetic,2025-07-06,adapted,1423,0.4443968273,7.824529604,-0.08528483973,0.007273503888,0.001113572668,0.9988864273,1700.481952,1418.070276,0.5328993896,0.4443968273,0.4103964427,0.4783972119
synthetic_20250706,synthetic,2025-07-06,adapted,1424,0.4447098175,7.823609777,0.2127853348,0.04527759869,0.001248007957,0.998751992,1700.52723,1419.069028,0.5329135788,0.4447098175,0.4107094329,0.4787102021
synthetic_20250706,synthetic,2025-07-06,adapted,1425,0.4450228426,7.82272959,-0.9052401619,0.8194597507,0.00113690997,0.99886309,1701.34669,1420.067891,0.5331703822,0.4450228426,0.411022458,0.4790232272
synthetic_20250706,synthetic,2025-07-06,adapted,1426,0.4453361151,7.820788051,-0.8137374215,0.6621685912,0.0003477161856,0.9996522838,1702.008858,1421.067543,0.5333778935,0.4453361151,0.4113357305,0.4793364997
synthetic_20250706,synthetic,2025-07-06,adapted,1427,0.4456493284,7.818621682,0.3580222236,0.1281799126,0.0005360749488,0.9994639251,1702.137038,1422.067007,0.5334180627,0.4456493284,0.4116489438,0.479649713
synthetic_20250706,synthetic,2025-07-06,adapted,1428,0.4459625004,7.813310634,-0.09088794492,0.008260618531,0.0006683913955,0.9993316086,1702.145299,1423.066339,0.5334206515,0.4459625004,0.4119621158,0.479962885
synthetic_20250706,synthetic,2025-07-06,adapted,1429,0.4462756292,7.811695561,0.6540353311,0.4277622143,0.000805730914,0.9991942691,1702.573061,1424.065533,0.5335547042,0.4462756292,0.4122752446,0.4802760138
synthetic_20250706,synthetic,2025-07-06,adapted,1430,0.4465880232,7.809404775,-0.2846102863,0.08100301507,0.003151005364,0.9968489946,1702.654064,1425.062382,0.533580089,0.4465880232,0.4125876386,0.4805884078
synthetic_20250706,synthetic,2025-07-06,adapted,1431,0.4469009345,7.808864436,-1.071793026,1.148740291,0.001499813101,0.9985001869,1703.802804,1426.060882,0.5339400828,0.4469009345,0.4129005499,0.4809013191
synthetic_20250706,synthetic,2025-07-06,adapted,1432,0.4472137322,7.8041985,-0.7855951726,0.6171597752,0.001862502727,0.9981374973,1704.419964,1427.05902,0.5341334892,0.4472137322,0.4132133476,0.4812141168
synthetic_20250706,synthetic,2025-07-06,adapted,1433,0.4475265981,7.802046165,0.9227903346,0.8515420016,0.001645013868,0.9983549861,1705.271506,1428.057375,0.5344003466,0.4475265981,0.4135262135,0.4815269827
synthetic_20250706,synthetic,2025-07-06,adapted,1434,0.4478399299,7.79840259,-0.5151651904,0.2653951734,0.0001582206133,0.9998417794,1705.536901,1429.057216,0.5344835165,0.4478399299,0.4138395453,0.4818403145
synthetic_20250706,synthetic,2025-07-06,adapted,1435,0.4481531708,7.797409008,-1.057784613,1.118908287,0.0004483275055,0.9995516725,1706.65581,1430.056768,0.5348341616,0.4481531708,0.4141527862,0.4821535554
synthetic_20250706,synthetic,2025-07-06,adapted,1436,0.4484662534,7.794135944,-1.633234403,2.667454616,0.0009534429634,0.999046557,1709.323264,1431.055815,0.5356700922,0.4484662534,0.4144658688,0.482466638
synthetic_20250706,synthetic,2025-07-06,adapted,1437,0.4487796007,7.792198962,-0.3161727075,0.09996518094,0.0001087566084,0.9998912434,1709.423229,1432.055706,0.5357014194,0.4487796007,0.4147792161,0.4827799853
synthetic_20250706,synthetic,2025-07-06,adapted,1438,0.4490928484,7.789342798,-0.01643807535,0.0002702103212,0.0004266532433,0.9995733468,1709.4235,1433.055279,0.5357015041,0.4490928484,0.4150924638,0.483093233
synthetic_20250706,synthetic,2025-07-06,adapted,1439,0.4494057541,7.784531503,-1.002155465,1.004315577,0.001517820408,0.9984821796,1710.427815,1434.053761,0.5360162379,0.4494057541,0.4154053695,0.4834061387
synthetic_20250706,synthetic,2025-07-06,adapted,1440,0.4497186999,7.78220343,0.5458620809,0.2979654113,0.001390029517,0.9986099705,1710.725781,1435.052371,0.5361096147,0.4497186999,0.4157183153,0.4837190845
synthetic_20250706,synthetic,2025-07-06,adapted,1441,0.4500315652,7.78130562,-0.5767704494,0.3326641513,0.001646725134,0.9983532749,1711.058445,1436.050725,0.5362138655,0.4500315652,0.4160311806,0.4840319498
synthetic_20250706,synthetic,2025-07-06,adapted,1442,0.4503447133,7.779165315,2.939639355,8.641479536,0.0007443368619,0.9992556631,1719.699924,1437.04998,0.5389219443,0.4503447133,0.4163443287,0.4843450979
synthetic_20250706,synthetic,2025-07-06,adapted,1443,0.4506577684,7.778305694,-0.05892257975,0.003471870404,0.001041447686,0.9989585523,1719.703396,1438.048939,0.5389230323,0.4506577684,0.4166573838,0.484658153
synthetic_20250706,synthetic,2025-07-06,adapted,1444,0.4509706846,7.776342034,-1.091020793,1.190326371,0.001484219787,0.9985157802,1720.893722,1439.047455,0.5392960584,0.4509706846,0.4169703,0.4849710692
synthetic_20250706,synthetic,2025-07-06,adapted,1445,0.451283793,7.774305002,0.07965619936,0.006345110096,0.0008712308323,0.9991287692,1720.900068,1440.046583,0.5392980469,0.451283793,0.4172834084,0.4852841776
synthetic_20250706,synthetic,2025-07-06,adapted,1446,0.4515969512,7.769531346,1.046959979,1.096125198,0.0007121803776,0.9992878196,1721.996193,1441.045871,0.5396415521,0.4515969512,0.4175965666,0.4855973358
synthetic_20250706,synthetic,2025-07-06,adapted,1447,0.4519102345,7.766830203,1.467435051,2.153365629,0.0003127978166,0.9996872022,1724.149558,1442.045558,0.5403163768,0.4519102345,0.4179098499,0.4859106191
synthetic_20250706,synthetic,2025-07-06,adapted,1448,0.452222986,7.766127527,-0.502682431,0.2526896264,0.002010067958,0.997989932,1724.402248,1443.043548,0.540395565,0.452222986,0.4182226014,0.4862233706
synthetic_20250706,synthetic,2025-07-06,adapted,1449,0.4525363142,7.765683793,-0.3657087431,0.1337428848,0.0001698128864,0.9998301871,1724.535991,1444.043379,0.5404374776,0.4525363142,0.4185359296,0.4865366988
synthetic_20250706,synthetic,2025-07-06,adapted,1450,0.4528495321,7.761497406,1.105592018,1.222333709,0.0005217287834,0.9994782712,1725.758325,1445.042857,0.5408205342,0.4528495321,0.4188491475,0.4868499167
synthetic_20250706,synthetic,2025-07-06,adapted,1451,0.4531626313,7.760376446,-1.006850516,1.013747962,0.0009002862106,0.9990997138,1726.772073,1446.041957,0.5411382239,0.4531626313,0.4191622467,0.4871630159
synthetic_20250706,synthetic,2025-07-06,adapted,1452,0.4534758676,7.758967789,0.07064583175,0.004990833544,0.0004628988199,0.9995371012,1726.777063,1447.041494,0.541139788,0.4534758676,0.419475483,0.4874762522
synthetic_20250706,synthetic,2025-07-06,adapted,1453,0.4537890788,7.7585377,-0.1028787686,0.01058404102,0.0005431749578,0.999456825,1726.787647,1448.04095,0.5411431048,0.4537890788,0.4197886942,0.4877894634
synthetic_20250706,synthetic,2025-07-06,adapted,1454,0.4541015924,7.757306769,0.05205731882,0.002709964442,0.0027690937,0.9972309063,1726.790357,1449.038181,0.5411439541,0.4541015924,0.4201012078,0.488101977
synthetic_20250706,synthetic,2025-07-06,adapted,1455,0.4544148638,7.755990641,1.320541876,1.743830845,0.0003510510198,0.999648949,1728.534188,1450.03783,0.5416904382,0.4544148638,0.4204144792,0.4884152484
synthetic_20250706,synthetic,2025-07-06,adapted,1456,0.4547278101,7.75537173,1.59632428,2.548251205,0.001388203973,0.998611796,1731.082439,1451.036442,0.5424890127,0.4547278101,0.4207274255,0.4887281947
synthetic_20250706,synthetic,2025-07-06,adapted,1457,0.4550410108,7.754114745,-0.7240023722,0.5241794349,0.000576751486,0.9994232485,1731.606619,1452.035865,0.5426532808,0.4550410108,0.4210406262,0.4890413954
synthetic_20250706,synthetic,2025-07-06,adapted,1458,0.4553543133,7.752205886,-0.2413984682,0.05827322047,0.000251717037,0.999748283,1731.664892,1453.035614,0.5426715425,0.4553543133,0.4213539287,0.4893546979
synthetic_20250706,synthetic,2025-07-06,adapted,1459,0.4556672569,7.750716631,-0.9315386812,0.8677643145,0.00139687841,0.9986031216,1732.532656,1454.034217,0.5429434837,0.4556672569,0.4216668723,0.4896676415
synthetic_20250706,synthetic,2025-07-06,adapted,1460,0.4559804514,7.748297659,2.55516183,6.528851977,0.0005963169811,0.999403683,1739.061508,1455.03362,0.5449895044,0.4559804514,0.4219800668,0.489980836
synthetic_20250706,synthetic,2025-07-06,adapted,1461,0.4562935082,7.741813843,0.8123675685,0.6599410663,0.00103562713,0.9989643729,1739.721449,1456.032585,0.5451963176,0.4562935082,0.4222931236,0.4902938928
synthetic_20250706,synthetic,2025-07-06,adapted,1462,0.4566066953,7.739173943,0.9473823809,0.8975333755,0.0006201337764,0.9993798662,1740.618983,1457.031965,0.5454775879,0.4566066953,0.4226063107,0.4906070799
synthetic_20250706,synthetic,2025-07-06,adapted,1463,0.4569194808,7.735089476,-0.06922039131,0.004791462574,0.001901325316,0.9980986747,1740.623774,1458.030063,0.5454790894,0.4569194808,0.4229190962,0.4909198654
synthetic_20250706,synthetic,2025-07-06,adapted,1464,0.4572323319,7.734161903,-1.277092857,1.630966166,0.001692293012,0.998307707,1742.25474,1459.028371,0.5459902038,0.4572323319,0.4232319473,0.4912327165
synthetic_20250706,synthetic,2025-07-06,adapted,1465,0.4575453385,7.732613761,1.685615222,2.841298675,0.001195960237,0.9988040398,1745.096039,1460.027175,0.546880614,0.4575453385,0.4235449539,0.4915457231
synthetic_20250706,synthetic,2025-07-06,adapted,1466,0.4578585516,7.731265448,0.7966183975,0.6346008713,0.0005368254886,0.9994631745,1745.73064,1461.026638,0.5470794861,0.4578585516,0.423858167,0.4918589362
synthetic_20250706,synthetic,2025-07-06,adapted,1467,0.458171775,7.729794567,1.182089798,1.397336291,0.0005043625526,0.9994956374,1747.127976,1462.026134,0.5475173852,0.458171775,0.4241713904,0.4921721596
synthetic_20250706,synthetic,2025-07-06,adapted,1468,0.4584850744,7.726321926,-1.326111825,1.758572573,0.0002614788524,0.9997385211,1748.886549,1463.025872,0.5480684892,0.4584850744,0.4244846898,0.492485459
synthetic_20250706,synthetic,2025-07-06,adapted,1469,0.4587981506,7.724640986,-1.441196996,2.077048782,0.0009739163789,0.9990260836,1750.963598,1464.024899,0.5487193976,0.4587981506,0.424797766,0.4927985352
synthetic_20250706,synthetic,2025-07-06,adapted,1470,0.4591109571,7.723999473,-0.3316397931,0.1099849524,0.001834527471,0.9981654725,1751.073583,1465.023064,0.5487538648,0.4591109571,0.4251105725,0.4931113417
synthetic_20250706,synthetic,2025-07-06,adapted,1471,0.4594241411,7.721204477,1.08466214,1.176491959,0.0006297086646,0.9993702913,1752.250075,1466.022434,0.5491225555,0.4594241411,0.4254237565,0.4934245257
synthetic_20250706,synthetic,2025-07-06,adapted,1472,0.4597374492,7.717264777,0.479805215,0.2302130444,0.0002337399759,0.99976626,1752.480288,1467.022201,0.5491947,0.4597374492,0.4257370646,0.4937378338
synthetic_20250706,synthetic,2025-07-06,adapted,1473,0.4600506806,7.71618733,-1.299797983,1.689474796,0.0004788030474,0.999521197,1754.169762,1468.021722,0.5497241499,0.4600506806,0.426050296,0.4940510652
synthetic_20250706,synthetic,2025-07-06,adapted,1474,0.4603640088,7.714659269,0.4421385623,0.1954865083,0.000169704902,0.9998302951,1754.365249,1469.021552,0.5497854118,0.4603640088,0.4263636242,0.4943643934
synthetic_20250706,synthetic,2025-07-06,adapted,1475,0.4606770337,7.712652387,-1.197988837,1.435177255,0.001137500057,0.9988624999,1755.800426,1470.020415,0.5502351696,0.4606770337,0.4266766491,0.4946774183
synthetic_20250706,synthetic,2025-07-06,adapted,1476,0.4609903115,7.711352657,-0.3500507226,0.1225355084,0.0003304852428,0.9996695148,1755.922962,1471.020084,0.5502735699,0.4609903115,0.4269899269,0.4949906961
synthetic_20250706,synthetic,2025-07-06,adapted,1477,0.4613032507,7.710123434,0.5040055493,0.2540215938,0.001411205515,0.9985887945,1756.176983,1472.018673,0.5503531756,0.4613032507,0.4273028661,0.4953036353
synthetic_20250706,synthetic,2025-07-06,adapted,1478,0.4616165673,7.708983576,-0.06776123626,0.004591585139,0.0002064726161,0.9997935274,1756.181575,1473.018466,0.5503546145,0.4616165673,0.4276161827,0.4956169519
synthetic_20250706,synthetic,2025-07-06,adapted,1479,0.4619297436,7.70557344,-0.2982599032,0.08895896987,0.0006546427972,0.9993453572,1756.270534,1474.017812,0.5503824926,0.4619297436,0.427929359,0.4959301282
synthetic_20250706,synthetic,2025-07-06,adapted,1480,0.4622428979,7.704155201,-0.9265549706,0.8585041136,0.0007246681935,0.9992753318,1757.129038,1475.017087,0.5506515318,0.4622428979,0.4282425133,0.4962432825
synthetic_20250706,synthetic,2025-07-06,adapted,1481,0.4625551963,7.699916349,-0.3252240133,0.1057706588,0.003455579505,0.9965444205,1757.234809,1476.013631,0.5506846784,0.4625551963,0.4285548117,0.4965555809
synthetic_20250706,synthetic,2025-07-06,adapted,1482,0.4628685158,7.69883436,-0.0341844873,0.001168579172,0.0001975867474,0.9998024133,1757.235977,1477.013434,0.5506850446,0.4628685158,0.4288681312,0.4968689004
synthetic_20250706,synthetic,2025-07-06,adapted,1483,0.4631818108,7.698086318,-0.800639316,0.6410233143,0.0002754630957,0.9997245369,1757.877001,1478.013158,0.5508859293,0.4631818108,0.4291814262,0.4971821954
synthetic_20250706,synthetic,2025-07-06,adapted,1484,0.4634947506,7.695111254,0.5169917743,0.2672804947,0.001409335495,0.9985906645,1758.144281,1479.011749,0.5509696901,0.4634947506,0.429494366,0.4974951352
synthetic_20250706,synthetic,2025-07-06,adapted,1485,0.4638077654,7.694061512,-2.034701416,4.140009851,0.001169807939,0.9988301921,1762.284291,1480.010579,0.5522670921,0.4638077654,0.4298073808,0.49780815
synthetic_20250706,synthetic,2025-07-06,adapted,1486,0.4641209553,7.692420581,0.788575742,0.6218517009,0.0006107590743,0.9993892409,1762.906143,1481.009969,0.5524619688,0.4641209553,0.4301205707,0.4981213399
synthetic_20250706,synthetic,2025-07-06,adapted,1487,0.4644337788,7.690006847,0.04239489031,0.001797326724,0.001780482902,0.9982195171,1762.90794,1482.008188,0.5524625321,0.4644337788,0.4304333942,0.4984341634
synthetic_20250706,synthetic,2025-07-06,adapted,1488,0.4647470904,7.686365095,-1.044485455,1.090949865,0.0002224438555,0.9997775561,1763.99889,1483.007966,0.5528044155,0.4647470904,0.4307467058,0.498747475
synthetic_20250706,synthetic,2025-07-06,adapted,1489,0.4650600904,7.683224809,0.2092730534,0.04379521087,0.001217014521,0.9987829855,1764.042685,1484.006749,0.5528181401,0.4650600904,0.4310597058,0.499060475
synthetic_20250706,synthetic,2025-07-06,adapted,1490,0.4653734245,7.682845241,0.1561765365,0.02439111055,0.0001511306675,0.9998488693,1764.067076,1485.006597,0.5528257838,0.4653734245,0.4313730399,0.4993738091
synthetic_20250706,synthetic,2025-07-06,adapted,1491,0.465685504,7.678291408,0.1354183895,0.0183381402,0.004154323392,0.9958456766,1764.085414,1486.002443,0.5528315306,0.465685504,0.4316851194,0.4996858886
synthetic_20250706,synthetic,2025-07-06,adapted,1492,0.4659986494,7.675485051,-0.1400869235,0.01962434614,0.0007528471838,0.9992471528,1764.105039,1487.00169,0.5528376805,0.4659986494,0.4319982648,0.499999034
synthetic_20250706,synthetic,2025-07-06,adapted,1493,0.4663119053,7.671738489,0.3692805107,0.1363680956,0.0004003322554,0.9995996677,1764.241407,1488.00129,0.5528804157,0.4663119053,0.4323115207,0.5003122899
synthetic_20250706,synthetic,2025-07-06,adapted,1494,0.4666250048,7.671339805,-0.9671792035,0.9354356116,0.0008994653422,0.9991005347,1765.176842,1489.00039,0.5531735639,0.4666250048,0.4326246202,0.5006253894
synthetic_20250706,synthetic,2025-07-06,adapted,1495,0.4669375611,7.666615555,0.2533139723,0.06416796858,0.002633019974,0.99736698,1765.24101,1489.997757,0.5531936729,0.4669375611,0.4329371765,0.5009379457
synthetic_20250706,synthetic,2025-07-06,adapted,1496,0.4672508245,7.665253832,0.6334176896,0.4012179695,0.0003763375956,0.9996236624,1765.642228,1490.997381,0.5533194071,0.4672508245,0.4332504399,0.5012512091
synthetic_20250706,synthetic,2025-07-06,adapted,1497,0.4675629119,7.663635841,0.08731042048,0.007623109525,0.00412937019,0.9958706298,1765.649851,1491.993252,0.5533217961,0.4675629119,0.4335625273,0.5015632965
synthetic_20250706,synthetic,2025-07-06,adapted,1498,0.4678761619,7.66194565,-0.1340717317,0.01797522924,0.0004190224307,0.9995809776,1765.667827,1492.992833,0.5533274292,0.4678761619,0.4338757773,0.5018765465
synthetic_20250706,synthetic,2025-07-06,adapted,1499,0.4681885349,7.657129744,-0.1461337361,0.02135506882,0.003217761376,0.9967822386,1765.689182,1493.989615,0.5533341215,0.4681885349,0.4341881503,0.5021889195
synthetic_20250706,synthetic,2025-07-06,adapted,1500,0.468501793,7.65578459,-0.3223877599,0.1039338677,0.000393587399,0.9996064126,1765.793115,1494.989221,0.5533666924,0.468501793,0.4345014084,0.5025021776
synthetic_20250706,synthetic,2025-07-06,adapted,1501,0.4688149664,7.652492051,1.007171251,1.014393928,0.0006634494417,0.9993365506,1766.807509,1495.988558,0.5536845846,0.4688149664,0.4348145818,0.502815351
synthetic_20250706,synthetic,2025-07-06,adapted,1502,0.4691279593,7.651497366,-2.381219838,5.670207915,0.001239705352,0.9987602946,1772.477717,1496.987318,0.5554615222,0.4691279593,0.4351275747,0.5031283439
synthetic_20250706,synthetic,2025-07-06,adapted,1503,0.4694407303,7.648532403,-0.4778397616,0.2283308377,0.001947852819,0.9980521472,1772.706048,1497.98537,0.5555330768,0.4694407303,0.4354403457,0.5034411149
synthetic_20250706,synthetic,2025-07-06,adapted,1504,0.4697540475,7.647659625,-0.819623947,0.6717834145,0.0002048760614,0.9997951239,1773.377832,1498.985165,0.5557436012,0.4697540475,0.4357536629,0.5037544321
synthetic_20250706,synthetic,2025-07-06,adapted,1505,0.4700669655,7.64664298,0.1572495995,0.02472743653,0.00147842173,0.9985215783,1773.402559,1499.983687,0.5557513504,0.4700669655,0.4360665809,0.5040673501
synthetic_20250706,synthetic,2025-07-06,adapted,1506,0.470380189,7.643120865,-0.2054165084,0.04219594193,0.0005038408447,0.9994961592,1773.444755,1500.983183,0.5557645738,0.470380189,0.4363798044,0.5043805736
synthetic_20250706,synthetic,2025-07-06,adapted,1507,0.4706931901,7.64208745,1.089364009,1.186713944,0.001213505017,0.998786495,1774.631469,1501.98197,0.5561364678,0.4706931901,0.4366928055,0.5046935747
synthetic_20250706,synthetic,2025-07-06,adapted,1508,0.4710063558,7.640959206,-0.1198829686,0.01437192617,0.0006884593985,0.9993115406,1774.645841,1502.981281,0.5561409717,0.4710063558,0.4370059712,0.5050067404
synthetic_20250706,synthetic,2025-07-06,adapted,1509,0.4713196615,7.64016161,1.298105673,1.685078338,0.0002415269585,0.999758473,1776.330919,1503.98104,0.5566690439,0.4713196615,0.4373192769,0.5053200461
synthetic_20250706,synthetic,2025-07-06,adapted,1510,0.4716326681,7.637247717,-0.6160303812,0.3794934305,0.001195717644,0.9988042824,1776.710413,1504.979844,0.5567879701,0.4716326681,0.4376322835,0.5056330527
synthetic_20250706,synthetic,2025-07-06,adapted,1511,0.4719457699,7.633711179,-0.1392941166,0.01940285092,0.0008923389718,0.999107661,1776.729815,1505.978952,0.5567940506,0.4719457699,0.4379453853,0.5059461545
synthetic_20250706,synthetic,2025-07-06,adapted,1512,0.4722590908,7.633133591,-0.5065105635,0.2565529509,0.0001929373027,0.9998070627,1776.986368,1506.978759,0.5568744495,0.4722590908,0.4382587062,0.5062594754
synthetic_20250706,synthetic,2025-07-06,adapted,1513,0.4725716948,7.629044955,1.055963557,1.115059034,0.002480682665,0.9975193173,1778.101427,1507.976278,0.5572238883,0.4725716948,0.4385713102,0.5065720794
synthetic_20250706,synthetic,2025-07-06,adapted,1514,0.4728847879,7.628134637,0.7564799682,0.5722619423,0.0009199804989,0.9990800195,1778.673689,1508.975358,0.5574032245,0.4728847879,0.4388844033,0.5068851725
synthetic_20250706,synthetic,2025-07-06,adapted,1515,0.4731980062,7.626858349,-1.249755482,1.561888766,0.0005201680671,0.9994798319,1780.235578,1509.974838,0.5578926914,0.4731980062,0.4391976216,0.5071983908
synthetic_20250706,synthetic,2025-07-06,adapted,1516,0.4735113405,7.626128783,0.6997007261,0.4895811062,0.0001504644943,0.9998495355,1780.725159,1510.974687,0.558046117,0.4735113405,0.4395109559,0.5075117251
synthetic_20250706,synthetic,2025-07-06,adapted,1517,0.473824474,7.621773732,-1.057175445,1.117619921,0.0007908234406,0.9992091766,1781.842779,1511.973897,0.5583963582,0.473824474,0.4398240894,0.5078248586
synthetic_20250706,synthetic,2025-07-06,adapted,1518,0.474137786,7.620474332,-0.3484370687,0.1214083908,0.0002216163118,0.9997783837,1781.964188,1512.973675,0.5584344054,0.474137786,0.4401374014,0.5081381706
synthetic_20250706,synthetic,2025-07-06,adapted,1519,0.4744508298,7.619753612,1.118372805,1.250757732,0.001077142045,0.998922858,1783.214945,1513.972598,0.5588263696,0.4744508298,0.4404504452,0.5084512144
synthetic_20250706,synthetic,2025-07-06,adapted,1520,0.4747640133,7.618853316,0.7430134558,0.5520689955,0.0006313941672,0.9993686058,1783.767014,1514.971966,0.5589993777,0.4747640133,0.4407636287,0.5087643979
synthetic_20250706,synthetic,2025-07-06,adapted,1521,0.4750772953,7.614480716,-0.1318974076,0.01739692614,0.0003173087638,0.9996826912,1783.784411,1515.971649,0.5590048296,0.4750772953,0.4410769107,0.5090776799
synthetic_20250706,synthetic,2025-07-06,adapted,1522,0.4753898636,7.610799268,1.944803657,3.782261265,0.002594498113,0.9974055019,1787.566672,1516.969055,0.5601901199,0.4753898636,0.441389479,0.5093902482
synthetic_20250706,synthetic,2025-07-06,adapted,1523,0.475702561,7.608840645,-0.1957864634,0.03833233926,0.002182489146,0.9978175109,1787.605005,1517.966872,0.5602021325,0.475702561,0.4417021764,0.5097029456
synthetic_20250706,synthetic,2025-07-06,adapted,1524,0.4760154358,7.606872584,-0.9603198855,0.9222142824,0.001616475448,0.9983835246,1788.527219,1518.965256,0.5604911373,0.4760154358,0.4420150512,0.5100158204
synthetic_20250706,synthetic,2025-07-06,adapted,1525,0.4763287104,7.60579448,-1.787623172,3.195596605,0.0003406658939,0.9996593341,1791.722816,1519.964915,0.5614925778,0.4763287104,0.4423283258,0.510329095
synthetic_20250706,synthetic,2025-07-06,adapted,1526,0.4766419072,7.604962023,0.74142651,0.5497132698,0.0005890157345,0.9994109843,1792.272529,1520.964326,0.5616648477,0.4766419072,0.4426415226,0.5106422918
synthetic_20250706,synthetic,2025-07-06,adapted,1527,0.4769550689,7.603138257,-0.3939706257,0.1552128539,0.000701253474,0.9992987465,1792.427742,1521.963625,0.5617134885,0.4769550689,0.4429546843,0.5109554535
synthetic_20250706,synthetic,2025-07-06,adapted,1528,0.4772679901,7.601901222,-0.1681499973,0.0282744216,0.001468333369,0.9985316666,1792.456016,1522.962156,0.5617223492,0.4772679901,0.4432676055,0.5112683747
synthetic_20250706,synthetic,2025-07-06,adapted,1529,0.4775810845,7.60075138,-1.449868366,2.102118279,0.0009157575305,0.9990842425,1794.558135,1523.961241,0.5623811139,0.4775810845,0.4435806999,0.5115814691
synthetic_20250706,synthetic,2025-07-06,adapted,1530,0.4778943372,7.597824941,-0.05491898173,0.003016094554,0.0004105769061,0.9995894231,1794.561151,1524.96083,0.5623820591,0.4778943372,0.4438939526,0.5118947218
synthetic_20250706,synthetic,2025-07-06,adapted,1531,0.4782068652,7.596914718,0.1632781593,0.02665975732,0.002723193204,0.9972768068,1794.58781,1525.958107,0.5623904138,0.4782068652,0.4442064806,0.5122072498
synthetic_20250706,synthetic,2025-07-06,adapted,1532,0.4785200695,7.596181594,1.376607439,1.895048041,0.0005651192899,0.9994348807,1796.482858,1526.957542,0.5629842866,0.4785200695,0.4445196849,0.5125204541
synthetic_20250706,synthetic,2025-07-06,adapted,1533,0.4788329904,7.594257224,0.04872984125,0.002374597428,0.001469515781,0.9985304842,1796.485233,1527.956072,0.5629850307,0.4788329904,0.4448326058,0.512833375
synthetic_20250706,synthetic,2025-07-06,adapted,1534,0.4791460804,7.591170453,0.7496191464,0.5619288646,0.000929826653,0.9990701733,1797.047162,1528.955142,0.5631611288,0.4791460804,0.4451456958,0.513146465
synthetic_20250706,synthetic,2025-07-06,adapted,1535,0.4794591715,7.59081692,-1.209088445,1.461894867,0.0009262295639,0.9990737704,1798.509057,1529.954216,0.5636192594,0.4794591715,0.4454587869,0.5134595561
synthetic_20250706,synthetic,2025-07-06,adapted,1536,0.4797719224,7.589334673,-1.149206152,1.320674779,0.002011942448,0.9979880576,1799.829732,1530.952204,0.5640331343,0.4797719224,0.4457715378,0.513772307
synthetic_20250706,synthetic,2025-07-06,adapted,1537,0.4800851938,7.585003359,-0.5311111188,0.2820790205,0.0003509362833,0.9996490637,1800.111811,1531.951853,0.5641215326,0.4800851938,0.4460848092,0.5140855784
synthetic_20250706,synthetic,2025-07-06,adapted,1538,0.4803981485,7.584827454,0.510655806,0.2607693522,0.001361544231,0.9986384558,1800.37258,1532.950492,0.5642032529,0.4803981485,0.4463977639,0.5143985331
synthetic_20250706,synthetic,2025-07-06,adapted,1539,0.4807112016,7.584237055,1.642048329,2.696322716,0.001047333465,0.9989526665,1803.068903,1533.949444,0.5650482302,0.4807112016,0.446710817,0.5147115862
synthetic_20250706,synthetic,2025-07-06,adapted,1540,0.481024489,7.581456691,-0.1027080893,0.0105489516,0.0002998977452,0.9997001023,1803.079452,1534.949145,0.5650515361,0.481024489,0.4470241044,0.5150248736
synthetic_20250706,synthetic,2025-07-06,adapted,1541,0.4813376931,7.578644828,1.275429513,1.626720443,0.0005657136445,0.9994342864,1804.706172,1535.948579,0.56556132,0.4813376931,0.4473373085,0.5153380778
synthetic_20250706,synthetic,2025-07-06,adapted,1542,0.4816510087,7.576833713,2.011016746,4.044188352,0.0002101079276,0.9997898921,1808.75036,1536.948369,0.5668286933,0.4816510087,0.4476506241,0.5156513933
synthetic_20250706,synthetic,2025-07-06,adapted,1543,0.4819642267,7.57547902,0.5586072446,0.3120420537,0.000521423413,0.9994785766,1809.062402,1537.947847,0.5669264815,0.4819642267,0.4479638421,0.5159646113
synthetic_20250706,synthetic,2025-07-06,adapted,1544,0.4822775435,7.569206714,-0.6546498581,0.4285664367,0.0002060142097,0.9997939858,1809.490969,1538.947641,0.5670607862,0.4822775435,0.4482771589,0.5162779281
synthetic_20250706,synthetic,2025-07-06,adapted,1545,0.4825906608,7.565515842,-1.360904398,1.85206078,0.0008426539542,0.999157346,1811.34303,1539.946799,0.5676411876,0.4825906608,0.4485902762,0.5165910454
synthetic_20250706,synthetic,2025-07-06,adapted,1546,0.4829036659,7.561024248,-0.5167151787,0.2669945759,0.001200912612,0.9987990874,1811.610024,1540.945598,0.5677248587,0.4829036659,0.4489032813,0.5169040505
synthetic_20250706,synthetic,2025-07-06,adapted,1547,0.4832167475,7.560201653,2.011798858,4.047334647,0.0009565939101,0.9990434061,1815.657359,1541.944641,0.5689932181,0.4832167475,0.4492163629,0.5172171321
synthetic_20250706,synthetic,2025-07-06,adapted,1548,0.4835300461,7.558148654,0.1761666453,0.03103468693,0.0002640319655,0.999735968,1815.688394,1542.944377,0.5690029438,0.4835300461,0.4495296615,0.5175304307
synthetic_20250706,synthetic,2025-07-06,adapted,1549,0.4838429947,7.556897862,0.9155665859,0.8382621732,0.001381032748,0.9986189673,1816.526656,1543.942996,0.5692656395,0.4838429947,0.4498426101,0.5178433793
synthetic_20250706,synthetic,2025-07-06,adapted,1550,0.4841562299,7.551845241,0.1631649051,0.02662278626,0.0004665906657,0.9995334093,1816.553279,1544.942529,0.5692739826,0.4841562299,0.4501558453,0.5181566145
synthetic_20250706,synthetic,2025-07-06,adapted,1551,0.4844695015,7.549771228,-1.027943453,1.056667742,0.000350352692,0.9996496473,1817.609946,1545.942179,0.5696051226,0.4844695015,0.4504691168,0.5184698861
synthetic_20250706,synthetic,2025-07-06,adapted,1552,0.484782352,7.545741035,0.3133492443,0.0981877489,0.001693741628,0.9983062584,1817.708134,1546.940485,0.5696358928,0.484782352,0.4507819674,0.5187827366
synthetic_20250706,synthetic,2025-07-06,adapted,1553,0.4850946028,7.543772687,0.7848461392,0.6159834623,0.003607859549,0.9963921405,1818.324117,1547.936878,0.5698289306,0.4850946028,0.4510942182,0.5190949874
synthetic_20250706,synthetic,2025-07-06,adapted,1554,0.4854077955,7.542533411,-2.646429901,7.003591222,0.0006020734329,0.9993979266,1825.327709,1548.936275,0.5720237257,0.4854077955,0.4514074109,0.5194081801
synthetic_20250706,synthetic,2025-07-06,adapted,1555,0.485720863,7.538270119,0.1458814988,0.0212814117,0.00100166772,0.9989983323,1825.34899,1549.935274,0.5720303949,0.485720863,0.4517204784,0.5197212476
synthetic_20250706,synthetic,2025-07-06,adapted,1556,0.4860342003,7.536799617,-0.3148521356,0.09913186732,0.0001406312253,0.9998593688,1825.448122,1550.935133,0.572061461,0.4860342003,0.4520338157,0.5200345849
synthetic_20250706,synthetic,2025-07-06,adapted,1557,0.4863471137,7.535944457,-0.8708329524,0.7583500311,0.001493350653,0.9985066493,1826.206472,1551.93364,0.5722991138,0.4863471137,0.4523467291,0.5203474983
synthetic_20250706,synthetic,2025-07-06,adapted,1558,0.4866604117,7.534337263,-0.3956497499,0.1565387246,0.0002661847564,0.9997338152,1826.363011,1552.933374,0.5723481701,0.4866604117,0.4526600271,0.5206607963
synthetic_20250706,synthetic,2025-07-06,adapted,1559,0.4869734046,7.531284528,-0.7070407765,0.4999066597,0.001239677672,0.9987603223,1826.862917,1553.932134,0.5725048315,0.4869734046,0.45297302,0.5209737892
synthetic_20250706,synthetic,2025-07-06,adapted,1560,0.4872862906,7.530499697,0.7254449479,0.5262703725,0.001580543998,0.998419456,1827.389188,1554.930553,0.5726697549,0.4872862906,0.453285906,0.5212866752
synthetic_20250706,synthetic,2025-07-06,adapted,1561,0.4875993458,7.527960587,1.45643865,2.121213542,0.00104109591,0.9989589041,1829.510401,1555.929512,0.5733345037,0.4875993458,0.4535989612,0.5215997304
synthetic_20250706,synthetic,2025-07-06,adapted,1562,0.4879125446,7.526349705,-0.7744718275,0.5998066117,0.0005825216033,0.9994174784,1830.110208,1556.92893,0.5735224719,0.4879125446,0.45391216,0.5219129292
synthetic_20250706,synthetic,2025-07-06,adapted,1563,0.488225789,7.525166188,-1.222591632,1.494730299,0.000437185649,0.9995628144,1831.604938,1557.928493,0.5739908926,0.488225789,0.4542254044,0.5222261736
synthetic_20250706,synthetic,2025-07-06,adapted,1564,0.4885387907,7.521878016,-1.341746563,1.800283839,0.001211375168,0.9987886248,1833.405222,1558.927281,0.574555068,0.4885387907,0.4545384061,0.5225391753
synthetic_20250706,synthetic,2025-07-06,adapted,1565,0.4888520261,7.520781382,-0.7968612791,0.6349878981,0.0004660044975,0.9995339955,1834.04021,1559.926815,0.5747540614,0.4888520261,0.4548516415,0.5228524107
synthetic_20250706,synthetic,2025-07-06,adapted,1566,0.4891649954,7.517857146,0.323676904,0.1047667382,0.001314741808,0.9986852582,1834.144977,1560.9255,0.5747868933,0.4891649954,0.4551646108,0.52316538
synthetic_20250706,synthetic,2025-07-06,adapted,1567,0.4894779143,7.516160173,-0.02231234201,0.0004978406061,0.001475986729,0.9985240133,1834.145475,1561.924024,0.5747870494,0.4894779143,0.4554775297,0.5234782989
synthetic_20250706,synthetic,2025-07-06,adapted,1568,0.4897910747,7.51356294,-0.2607470234,0.06798901021,0.0007051807939,0.9992948192,1834.213464,1562.923319,0.5748083559,0.4897910747,0.4557906901,0.5237914593
synthetic_20250706,synthetic,2025-07-06,adapted,1569,0.4901042927,7.5126227,0.4024537951,0.1619690572,0.0005212456295,0.9994787544,1834.375433,1563.922798,0.5748591139,0.4901042927,0.4561039081,0.5241046773
synthetic_20250706,synthetic,2025-07-06,adapted,1570,0.4904174607,7.510196681,-0.1292806089,0.01671347585,0.0006809794196,0.9993190206,1834.392146,1564.922117,0.5748643516,0.4904174607,0.4564170761,0.5244178453
synthetic_20250706,synthetic,2025-07-06,adapted,1571,0.4907306676,7.508260263,0.8443314932,0.7128956705,0.0005567286468,0.9994432714,1835.105042,1565.92156,0.5750877599,0.4907306676,0.456730283,0.5247310522
synthetic_20250706,synthetic,2025-07-06,adapted,1572,0.4910439174,7.504146935,0.283557819,0.08040503674,0.0004200496338,0.9995799504,1835.185447,1566.92114,0.5751129573,0.4910439174,0.4570435328,0.525044302
synthetic_20250706,synthetic,2025-07-06,adapted,1573,0.4913568194,7.500350184,0.4683363208,0.2193389094,0.001529592409,0.9984704076,1835.404786,1567.919611,0.575181694,0.4913568194,0.4573564348,0.525357204
synthetic_20250706,synthetic,2025-07-06,adapted,1574,0.4916697698,7.49823042,1.385051213,1.918366862,0.001375329135,0.9986246709,1837.323153,1568.918235,0.5757828745,0.4916697698,0.4576693852,0.5256701544
synthetic_20250706,synthetic,2025-07-06,adapted,1575,0.4919827009,7.497520731,0.76757772,0.5891755562,0.001436713153,0.9985632868,1837.912328,1569.916799,0.5759675112,0.4919827009,0.4579823163,0.5259830855
synthetic_20250706,synthetic,2025-07-06,adapted,1576,0.4922959756,7.495619708,-2.637043681,6.953999377,0.0003403834361,0.9996596166,1844.866327,1570.916458,0.5781467651,0.4922959756,0.458295591,0.5262963602
synthetic_20250706,synthetic,2025-07-06,adapted,1577,0.4926091791,7.493728905,-0.8438323249,0.7120529925,0.0005679038526,0.9994320961,1845.57838,1571.91589,0.5783699093,0.4926091791,0.4586087945,0.5266095637
synthetic_20250706,synthetic,2025-07-06,adapted,1578,0.4929218758,7.493166832,0.1898926871,0.03605923262,0.002184699108,0.9978153009,1845.61444,1572.913706,0.5783812096,0.4929218758,0.4589214912,0.5269222604
synthetic_20250706,synthetic,2025-07-06,adapted,1579,0.4932349897,7.491857787,-1.159510996,1.344465749,0.0008534024943,0.9991465975,1846.958905,1573.912852,0.5788025401,0.4932349897,0.4592346051,0.5272353743
synthetic_20250706,synthetic,2025-07-06,adapted,1580,0.4935477545,7.490845816,-1.517781809,2.303661618,0.001967686519,0.9980323135,1849.262567,1574.910885,0.5795244648,0.4935477545,0.4595473699,0.5275481391
synthetic_20250706,synthetic,2025-07-06,adapted,1581,0.4938605991,7.487780713,0.1103756296,0.01218277962,0.001713000952,0.998286999,1849.27475,1575.909172,0.5795282826,0.4938605991,0.4598602145,0.5278609837
synthetic_20250706,synthetic,2025-07-06,adapted,1582,0.4941736907,7.484210531,1.736133855,3.014160761,0.0009244712548,0.9990755287,1852.288911,1576.908247,0.5804728645,0.4941736907,0.4601733061,0.5281740753
synthetic_20250706,synthetic,2025-07-06,adapted,1583,0.4944862691,7.483374084,1.048520574,1.099395394,0.00256233844,0.9974376616,1853.388306,1577.905685,0.5808173945,0.4944862691,0.4604858845,0.5284866537
synthetic_20250706,synthetic,2025-07-06,adapted,1584,0.4947991338,7.482038263,0.7739944938,0.5990674764,0.001648841635,0.9983511584,1853.987373,1578.904036,0.5810051311,0.4947991338,0.4607987492,0.5287995184
synthetic_20250706,synthetic,2025-07-06,adapted,1585,0.495112287,7.480147194,0.4821220246,0.2324416466,0.0007280431493,0.9992719569,1854.219815,1579.903308,0.581077974,0.495112287,0.4611119024,0.5291126716
synthetic_20250706,synthetic,2025-07-06,adapted,1586,0.4954256079,7.478609044,-2.435860855,5.933418106,0.0001931526834,0.9998068473,1860.153233,1580.903115,0.5829373968,0.4954256079,0.4614252233,0.5294259925
synthetic_20250706,synthetic,2025-07-06,adapted,1587,0.4957382143,7.476999609,-0.9607411923,0.9230236386,0.002472879233,0.9975271208,1861.076257,1581.900642,0.5832266552,0.4957382143,0.4617378297,0.5297385989
synthetic_20250706,synthetic,2025-07-06,adapted,1588,0.4960514484,7.474668269,0.5832861297,0.3402227091,0.0004701105352,0.9995298895,1861.41648,1582.900172,0.5833332747,0.4960514484,0.4620510638,0.530051833
synthetic_20250706,synthetic,2025-07-06,adapted,1589,0.4963647796,7.469540462,0.111618746,0.01245874445,0.0001601362878,0.9998398637,1861.428938,1583.900012,0.583337179,0.4963647796,0.462364395,0.5303651642
synthetic_20250706,synthetic,2025-07-06,adapted,1590,0.4966780052,7.466391003,1.98158615,3.926683668,0.0004970944432,0.9995029056,1865.355622,1584.899515,0.5845677286,0.4966780052,0.4626776206,0.5306783898
synthetic_20250706,synthetic,2025-07-06,adapted,1591,0.4969909102,7.464282236,1.945358856,3.784421079,0.001520050367,0.9984799496,1869.140043,1585.897994,0.5857536957,0.4969909102,0.4629905256,0.5309912948
synthetic_20250706,synthetic,2025-07-06,adapted,1592,0.4973040568,7.463604551,-1.076312048,1.158447625,0.0007492391775,0.9992507608,1870.298491,1586.897245,0.5861167316,0.4973040568,0.4633036722,0.5313044414
synthetic_20250706,synthetic,2025-07-06,adapted,1593,0.4976171652,7.46019971,1.152608196,1.328505654,0.0008711939401,0.9991288061,1871.626996,1587.896374,0.5865330606,0.4976171652,0.4636167806,0.5316175498
synthetic_20250706,synthetic,2025-07-06,adapted,1594,0.4979303522,7.459206173,-0.9037440324,0.816753276,0.0006202871221,0.9993797129,1872.44375,1588.895754,0.5867890159,0.4979303522,0.4639299676,0.5319307368
synthetic_20250706,synthetic,2025-07-06,adapted,1595,0.4982436912,7.458522501,0.640233495,0.4098989281,0.0001350703582,0.9998649296,1872.853649,1589.895619,0.5869174706,0.4982436912,0.4642433066,0.5322440758
synthetic_20250706,synthetic,2025-07-06,adapted,1596,0.4985569434,7.456256431,0.3836013881,0.1471500249,0.0004123301071,0.9995876699,1873.000799,1590.895206,0.5869635846,0.4985569434,0.4645565588,0.532557328
synthetic_20250706,synthetic,2025-07-06,adapted,1597,0.4988701264,7.453122819,-1.424451059,2.029060821,0.0006328550635,0.9993671449,1875.029859,1591.894573,0.5875994545,0.4988701264,0.4648697418,0.532870511
synthetic_20250706,synthetic,2025-07-06,adapted,1598,0.4991833804,7.452093835,-1.762134406,3.105117663,0.0004067286724,0.9995932713,1878.134977,1592.894167,0.5885725406,0.4991833804,0.4651829958,0.533183765
synthetic_20250706,synthetic,2025-07-06,adapted,1599,0.4994965746,7.448924846,-0.9399173609,0.8834446453,0.0005973422294,0.9994026578,1879.018422,1593.893569,0.5888493957,0.4994965746,0.46549619,0.5334969592
synthetic_20250706,synthetic,2025-07-06,adapted,1600,0.4998097223,7.447535827,0.006854909704,4.698978706e-05,0.0007457139295,0.9992542861,1879.018469,1594.892824,0.5888494104,0.4998097223,0.4658093377,0.5338101069
synthetic_20250706,synthetic,2025-07-06,adapted,1601,0.5001225847,7.445196089,-0.4685634508,0.2195517074,0.001655849391,0.9983441506,1879.23802,1595.891168,0.5889182139,0.5001225847,0.4661222001,0.5341229693
synthetic_20250706,synthetic,2025-07-06,adapted,1602,0.5004358393,7.444200374,-2.030578617,4.123249521,0.0004045683477,0.9995954317,1883.36127,1596.890763,0.5902103635,0.5004358393,0.4664354547,0.5344362239
synthetic_20250706,synthetic,2025-07-06,adapted,1603,0.5007491352,7.44300549,1.976542313,3.906719516,0.0002728729328,0.9997271271,1887.267989,1597.89049,0.5914346567,0.5007491352,0.4667487506,0.5347495198
synthetic_20250706,synthetic,2025-07-06,adapted,1604,0.5010623554,7.441497368,0.9164455,0.8398723546,0.0005143520478,0.999485648,1888.107862,1598.889976,0.591697857,0.5010623554,0.4670619708,0.53506274
synthetic_20250706,synthetic,2025-07-06,adapted,1605,0.5013755255,7.439291832,-0.5211631293,0.2716110074,0.0006743229829,0.999325677,1888.379473,1599.889302,0.5917829749,0.5013755255,0.4673751409,0.5353759101
synthetic_20250706,synthetic,2025-07-06,adapted,1606,0.5016879436,7.437339084,-0.7917510999,0.6268698043,0.003073667533,0.9969263325,1889.006343,1600.886228,0.5919794242,0.5016879436,0.467687559,0.5356883282
synthetic_20250706,synthetic,2025-07-06,adapted,1607,0.5020010533,7.435641498,-0.3193395907,0.1019777742,0.000867123122,0.9991328769,1889.10832,1601.885361,0.5920113821,0.5020010533,0.4680006687,0.5360014379
synthetic_20250706,synthetic,2025-07-06,adapted,1608,0.5023139891,7.431892311,-0.742823715,0.5517870716,0.001421768563,0.9985782314,1889.660107,1602.883939,0.5921843019,0.5023139891,0.4683136045,0.5363143737
synthetic_20250706,synthetic,2025-07-06,adapted,1609,0.5026271119,7.43139558,0.006803788721,4.629154096e-05,0.0008251304363,0.9991748696,1889.660154,1603.883114,0.5921843164,0.5026271119,0.4686267273,0.5366274965
synthetic_20250706,synthetic,2025-07-06,adapted,1610,0.5029402624,7.429149651,0.3630461909,0.1318025367,0.0007367750406,0.999263225,1889.791956,1604.882377,0.5922256209,0.5029402624,0.4689398778,0.536940647
synthetic_20250706,synthetic,2025-07-06,adapted,1611,0.5032532506,7.428281119,0.03502697975,0.00122688931,0.00125449284,0.9987455072,1889.793183,1605.881123,0.5922260054,0.5032532506,0.469252866,0.5372536352
synthetic_20250706,synthetic,2025-07-06,adapted,1612,0.503566411,7.427283942,-1.179552587,1.391344305,0.0007052000193,0.9992948,1891.184527,1606.880418,0.5926620268,0.503566411,0.4695660264,0.5375667956
synthetic_20250706,synthetic,2025-07-06,adapted,1613,0.5038795433,7.424668397,-1.055424085,1.11392,0.0007949052412,0.9992050948,1892.298447,1607.879623,0.5930111086,0.5038795433,0.4698791587,0.5378799279
synthetic_20250706,synthetic,2025-07-06,adapted,1614,0.5041925024,7.420516848,-0.6000167362,0.3600200838,0.001347535599,0.9986524644,1892.658468,1608.878275,0.5931239322,0.5041925024,0.4701921178,0.538192887
synthetic_20250706,synthetic,2025-07-06,adapted,1615,0.5045058442,7.418363454,-0.637158816,0.4059713568,0.0001262052939,0.9998737947,1893.064439,1609.878149,0.593251156,0.5045058442,0.4705054596,0.5385062288
synthetic_20250706,synthetic,2025-07-06,adapted,1616,0.5048191868,7.414654544,0.2821809767,0.07962610363,0.0001238631305,0.9998761369,1893.144065,1610.878025,0.5932761094,0.5048191868,0.4708188022,0.5388195714
synthetic_20250706,synthetic,2025-07-06,adapted,1617,0.5051318841,7.413484407,-1.23980257,1.537110413,0.002182805252,0.9978171947,1894.681175,1611.875842,0.5937578112,0.5051318841,0.4711314995,0.5391322687
synthetic_20250706,synthetic,2025-07-06,adapted,1618,0.5054447909,7.412275269,0.4951002527,0.2451242603,0.001514505262,0.9984854947,1894.9263,1612.874328,0.5938346285,0.5054447909,0.4714444063,0.5394451755
synthetic_20250706,synthetic,2025-07-06,adapted,1619,0.5057579735,7.410914825,0.05927928555,0.003514033696,0.0006343948785,0.9993656051,1894.929814,1613.873693,0.5938357298,0.5057579735,0.4717575889,0.5397583581
synthetic_20250706,synthetic,2025-07-06,adapted,1620,0.5060712404,7.409630972,-1.827802556,3.340862185,0.0003652063527,0.9996347936,1898.270676,1614.873328,0.5948826938,0.5060712404,0.4720708558,0.540071625
synthetic_20250706,synthetic,2025-07-06,adapted,1621,0.5063841895,7.407950063,1.663441207,2.76703665,0.001379445171,0.9986205548,1901.037713,1615.871949,0.5957498316,0.5063841895,0.4723838049,0.5403845741
synthetic_20250706,synthetic,2025-07-06,adapted,1622,0.5066973076,7.405457037,-0.07973664443,0.006357932464,0.0008400722661,0.9991599277,1901.04407,1616.871109,0.595751824,0.5066973076,0.472696923,0.5406976922
synthetic_20250706,synthetic,2025-07-06,adapted,1623,0.5070103008,7.403717688,-0.5881183129,0.34588315,0.001238740373,0.9987612596,1901.389954,1617.86987,0.5958602174,0.5070103008,0.4730099162,0.5410106854
synthetic_20250706,synthetic,2025-07-06,adapted,1624,0.5073235527,7.40219764,-0.8640381165,0.7465618668,0.0004133691625,0.9995866308,1902.136516,1618.869457,0.596094176,0.5073235527,0.4733231681,0.5413239373
synthetic_20250706,synthetic,2025-07-06,adapted,1625,0.5076361776,7.39947294,-0.4948224467,0.2448492538,0.002413765103,0.9975862349,1902.381365,1619.867043,0.5961709072,0.5076361776,0.473635793,0.5416365622
synthetic_20250706,synthetic,2025-07-06,adapted,1626,0.5079494076,7.393344375,0.3695665809,0.1365794577,0.0004831388091,0.9995168612,1902.517944,1620.86656,0.5962137086,0.5079494076,0.473949023,0.5419497922
synthetic_20250706,synthetic,2025-07-06,adapted,1627,0.5082625232,7.391845329,0.1536218011,0.02359965778,0.0008482292708,0.9991517707,1902.541544,1621.865711,0.5962211043,0.5082625232,0.4742621386,0.5422629078
synthetic_20250706,synthetic,2025-07-06,adapted,1628,0.5085753977,7.388964983,-1.614234849,2.605754149,0.001617423195,0.9983825768,1905.147298,1622.864094,0.5970376992,0.5085753977,0.4745750131,0.5425757823
synthetic_20250706,synthetic,2025-07-06,adapted,1629,0.5088886698,7.388595736,-0.7450046972,0.5550319989,0.0003486100127,0.99965139,1905.70233,1623.863745,0.5972116359,0.5088886698,0.4748882852,0.5428890544
synthetic_20250706,synthetic,2025-07-06,adapted,1630,0.5092018278,7.381743922,0.5335192458,0.2846427856,0.0007127596628,0.9992872403,1905.986973,1624.863033,0.5973008376,0.5092018278,0.4752014432,0.5432022124
synthetic_20250706,synthetic,2025-07-06,adapted,1631,0.5095147257,7.381432366,1.663285274,2.766517904,0.001542754495,0.9984572455,1908.753491,1625.86149,0.5981678128,0.5095147257,0.4755143411,0.5435151103
synthetic_20250706,synthetic,2025-07-06,adapted,1632,0.5098278271,7.379053924,-0.02928043134,0.0008573436595,0.0008937423148,0.9991062577,1908.754348,1626.860596,0.5981680815,0.5098278271,0.4758274424,0.5438282117
synthetic_20250706,synthetic,2025-07-06,adapted,1633,0.5101409127,7.3754051,1.211728838,1.468286776,0.0009435402428,0.9990564598,1910.222635,1627.859653,0.5986282152,0.5101409127,0.4761405281,0.5441412973
synthetic_20250706,synthetic,2025-07-06,adapted,1634,0.5104539831,7.371658144,-0.6427335981,0.4131064781,0.0009925163881,0.9990074836,1910.635741,1628.85866,0.5987576751,0.5104539831,0.4764535985,0.5444543677
synthetic_20250706,synthetic,2025-07-06,adapted,1635,0.5107671842,7.370241811,1.387506643,1.925174686,0.0005752805872,0.9994247194,1912.560916,1629.858085,0.599360989,0.5107671842,0.4767667996,0.5447675688
synthetic_20250706,synthetic,2025-07-06,adapted,1636,0.5110804572,7.368626432,1.297983992,1.684762443,0.0003459896335,0.9996540104,1914.245678,1630.857739,0.5998889622,0.5110804572,0.4770800726,0.5450808418
synthetic_20250706,synthetic,2025-07-06,adapted,1637,0.5113936142,7.367347278,-1.562999671,2.442967972,0.0007159169558,0.999284083,1916.688646,1631.857023,0.6006545429,0.5113936142,0.4773932296,0.5453939988
synthetic_20250706,synthetic,2025-07-06,adapted,1638,0.5117068532,7.365392928,0.7061696658,0.4986755969,0.000454257436,0.9995457426,1917.187322,1632.856569,0.6008108186,0.5117068532,0.4777064686,0.5457072378
synthetic_20250706,synthetic,2025-07-06,adapted,1639,0.5120202184,7.36464923,-0.1783452042,0.03180701187,5.160185829e-05,0.9999483981,1917.219129,1633.856517,0.6008207863,0.5120202184,0.4780198338,0.546020603
synthetic_20250706,synthetic,2025-07-06,adapted,1640,0.5123334825,7.363548026,-0.1193631808,0.01424756892,0.0003744133008,0.9996255867,1917.233377,1634.856143,0.6008252512,0.5123334825,0.4783330979,0.5463338671
synthetic_20250706,synthetic,2025-07-06,adapted,1641,0.5126465572,7.360964104,0.4009086386,0.1607277365,0.0009786616164,0.9990213384,1917.394104,1635.855164,0.6008756203,0.5126465572,0.4786461726,0.5466469418
synthetic_20250706,synthetic,2025-07-06,adapted,1642,0.5129597223,7.360180405,0.2636693844,0.06952154428,0.0006901851067,0.9993098149,1917.463626,1636.854474,0.600897407,0.5129597223,0.4789593377,0.5469601069
synthetic_20250706,synthetic,2025-07-06,adapted,1643,0.5132727705,7.357928248,-0.579675308,0.3360234627,0.001063046256,0.9989369537,1917.799649,1637.853411,0.6010027105,0.5132727705,0.4792723859,0.5472731551
synthetic_20250706,synthetic,2025-07-06,adapted,1644,0.5135860342,7.356104932,1.219660059,1.48757066,0.0003754773482,0.9996245227,1919.28722,1638.853035,0.6014688875,0.5135860342,0.4795856496,0.5475864188
synthetic_20250706,synthetic,2025-07-06,adapted,1645,0.5138990333,7.354821118,1.84232173,3.394149358,0.001220049278,0.9987799507,1922.681369,1639.851815,0.6025325507,0.5138990333,0.4798986487,0.5478994179
synthetic_20250706,synthetic,2025-07-06,adapted,1646,0.5142121216,7.352830514,-0.2062658223,0.04254558945,0.000935202348,0.9990647977,1922.723915,1640.85088,0.6025458837,0.5142121216,0.480211737,0.5482125062
synthetic_20250706,synthetic,2025-07-06,adapted,1647,0.51452523,7.349927471,-0.3524814412,0.1242431664,0.0008710553501,0.9991289446,1922.848158,1641.850009,0.6025848192,0.51452523,0.4805248454,0.5485256146
synthetic_20250706,synthetic,2025-07-06,adapted,1648,0.514838527,7.348623728,0.2367084326,0.05603088204,0.0002693413097,0.9997306587,1922.904189,1642.84974,0.6026023782,0.514838527,0.4808381424,0.5488389116
synthetic_20250706,synthetic,2025-07-06,adapted,1649,0.5151513229,7.345309268,-0.765699993,0.5862964793,0.001868090471,0.9981319095,1923.490485,1643.847871,0.6027861126,0.5151513229,0.4811509383,0.5491517075
synthetic_20250706,synthetic,2025-07-06,adapted,1650,0.5154644246,7.342291182,0.2729719796,0.07451370162,0.000892647479,0.9991073525,1923.564999,1644.846979,0.6028094639,0.5154644246,0.48146404,0.5494648092
synthetic_20250706,synthetic,2025-07-06,adapted,1651,0.5157776246,7.341567858,-0.7590161058,0.5761054489,0.0005788605753,0.9994211394,1924.141105,1645.8464,0.6029900046,0.5157776246,0.48177724,0.5497780092
synthetic_20250706,synthetic,2025-07-06,adapted,1652,0.5160906386,7.340798865,1.560646835,2.435618543,0.001172136823,0.9988278632,1926.576723,1646.845228,0.6037532821,0.5160906386,0.482090254,0.5500910232
synthetic_20250706,synthetic,2025-07-06,adapted,1653,0.5164034668,7.33820408,-0.5163444191,0.2666115591,0.001765399643,0.9982346004,1926.843335,1647.843462,0.6038368332,0.5164034668,0.4824030822,0.5504038514
synthetic_20250706,synthetic,2025-07-06,adapted,1654,0.5167166426,7.336609451,-0.2669455899,0.07125994799,0.0006558981093,0.9993441019,1926.914595,1648.842807,0.6038591647,0.5167166426,0.482716258,0.5507170272
synthetic_20250706,synthetic,2025-07-06,adapted,1655,0.5170298716,7.333866526,0.5213289539,0.2717838782,0.0004864165932,0.9995135834,1927.186379,1649.84232,0.6039443367,0.5170298716,0.483029487,0.5510302562
synthetic_20250706,synthetic,2025-07-06,adapted,1656,0.5173430652,7.331757305,-0.5645182518,0.3186808566,0.0005989555351,0.9994010445,1927.505059,1650.841721,0.6040442054,0.5173430652,0.4833426806,0.5513434498
synthetic_20250706,synthetic,2025-07-06,adapted,1657,0.5176562775,7.329523173,0.5880019447,0.3457462869,0.0005397131637,0.9994602868,1927.850806,1651.841181,0.6041525558,0.5176562775,0.4836558929,0.5516566621
synthetic_20250706,synthetic,2025-07-06,adapted,1658,0.5179693695,7.329052052,-0.3585608272,0.1285658668,0.0009234097908,0.9990765902,1927.979372,1652.840258,0.604192846,0.5179693695,0.4839689849,0.5519697541
synthetic_20250706,synthetic,2025-07-06,adapted,1659,0.5182826024,7.328308214,0.2499554661,0.06247773504,0.0004736958348,0.9995263042,1928.041849,1653.839784,0.6042124253,0.5182826024,0.4842822178,0.552282987
synthetic_20250706,synthetic,2025-07-06,adapted,1660,0.5185957005,7.326713669,-0.5736234443,0.3290438559,0.0009039397757,0.9990960602,1928.370893,1654.83888,0.6043155416,0.5185957005,0.4845953159,0.5525960851
synthetic_20250706,synthetic,2025-07-06,adapted,1661,0.5189083009,7.325037948,1.713058029,2.93456781,0.002492162824,0.9975078372,1931.305461,1655.836388,0.6052351805,0.5189083009,0.4849079163,0.5529086855
synthetic_20250706,synthetic,2025-07-06,adapted,1662,0.5192214482,7.322211239,0.09355322942,0.008752206735,0.0007470867757,0.9992529132,1931.314213,1656.835641,0.6052379233,0.5192214482,0.4852210636,0.5532218328
synthetic_20250706,synthetic,2025-07-06,adapted,1663,0.5195347189,7.319934154,1.588157109,2.522243002,0.0003531816086,0.9996468184,1933.836456,1657.835288,0.6060283473,0.5195347189,0.4855343343,0.5535351035
synthetic_20250706,synthetic,2025-07-06,adapted,1664,0.5198479324,7.317758007,-0.2877151867,0.08278002864,0.0005357078649,0.9994642921,1933.919236,1658.834752,0.606054289,0.5198479324,0.4858475478,0.553848317
synthetic_20250706,synthetic,2025-07-06,adapted,1665,0.520161107,7.315140196,-0.02811016541,0.0007901813993,0.0006599816977,0.9993400183,1933.920026,1659.834092,0.6060545366,0.520161107,0.4861607224,0.5541614916
synthetic_20250706,synthetic,2025-07-06,adapted,1666,0.5204742252,7.313691373,2.402741574,5.77316707,0.0008397955898,0.9991602044,1939.693193,1660.833253,0.6078637397,0.5204742252,0.4864738406,0.5544746098
synthetic_20250706,synthetic,2025-07-06,adapted,1667,0.5207874596,7.312093566,-0.01749222292,0.0003059778628,0.0004689228262,0.9995310772,1939.693499,1661.832784,0.6078638356,0.5207874596,0.486787075,0.5547878442
synthetic_20250706,synthetic,2025-07-06,adapted,1668,0.5211006646,7.30973833,1.037163442,1.075708006,0.0005629555114,0.9994370445,1940.769207,1662.832221,0.6082009425,0.5211006646,0.48710028,0.5551010492
synthetic_20250706,synthetic,2025-07-06,adapted,1669,0.5214139052,7.308581058,-0.9070307181,0.8227047236,0.0004490312011,0.9995509688,1941.591912,1663.831772,0.6084587628,0.5214139052,0.4874135206,0.5554142898
synthetic_20250706,synthetic,2025-07-06,adapted,1670,0.5217269521,7.303222847,-1.591656804,2.533371383,0.001067327031,0.998932673,1944.125284,1664.830704,0.6092526743,0.5217269521,0.4877265675,0.5557273367
synthetic_20250706,synthetic,2025-07-06,adapted,1671,0.5220402245,7.299533717,0.07365049089,0.005424394809,0.000347819555,0.9996521804,1944.130708,1665.830356,0.6092543742,0.5220402245,0.4880398399,0.5560406091
synthetic_20250706,synthetic,2025-07-06,adapted,1672,0.5223532114,7.296831239,-0.1132874058,0.01283403631,0.001258770978,0.998741229,1944.143542,1666.829098,0.6092583961,0.5223532114,0.4883528268,0.556353596
synthetic_20250706,synthetic,2025-07-06,adapted,1673,0.5226665603,7.294810139,0.04270270033,0.001823520615,0.0001037219712,0.999896278,1944.145365,1667.828994,0.6092589676,0.5226665603,0.4886661757,0.5566669449
synthetic_20250706,synthetic,2025-07-06,adapted,1674,0.5229796855,7.292950762,-0.2764381067,0.07641802682,0.0008173964995,0.9991826035,1944.221784,1668.828177,0.6092829155,0.5229796855,0.4889793009,0.5569800701
synthetic_20250706,synthetic,2025-07-06,adapted,1675,0.5232929093,7.291610378,-0.08339747885,0.006955139478,0.0005031343659,0.9994968656,1944.228739,1669.827673,0.6092850952,0.5232929093,0.4892925247,0.5572932939
synthetic_20250706,synthetic,2025-07-06,adapted,1676,0.523605781,7.290868417,1.191041697,1.418580325,0.001626290369,0.9983737096,1945.647319,1670.826047,0.6097296518,0.523605781,0.4896053964,0.5576061656
synthetic_20250706,synthetic,2025-07-06,adapted,1677,0.5239183749,7.287397495,-0.1624696922,0.02639640088,0.002512918929,0.9974870811,1945.673715,1671.823534,0.609737924,0.5239183749,0.4899179903,0.5579187595
synthetic_20250706,synthetic,2025-07-06,adapted,1678,0.5242310217,7.286225804,-2.309777749,5.335073248,0.002343901224,0.9976560988,1951.008789,1672.82119,0.6114098366,0.5242310217,0.4902306371,0.5582314063
synthetic_20250706,synthetic,2025-07-06,adapted,1679,0.5245439609,7.28399674,-0.3396725281,0.1153774264,0.001410934165,0.9985890658,1951.124166,1673.819779,0.6114459937,0.5245439609,0.4905435763,0.5585443455
synthetic_20250706,synthetic,2025-07-06,adapted,1680,0.5248569985,7.282746642,0.7057800485,0.4981254769,0.00109726693,0.9989027331,1951.622292,1674.818682,0.611602097,0.5248569985,0.4908566139,0.5588573831
synthetic_20250706,synthetic,2025-07-06,adapted,1681,0.5251701416,7.281226433,1.223448558,1.496826373,0.0007603258292,0.9992396742,1953.119118,1675.817922,0.6120711745,0.5251701416,0.491169757,0.5591705262
synthetic_20250706,synthetic,2025-07-06,adapted,1682,0.5254834558,7.277896868,-2.097871296,4.401063977,0.0002142306374,0.9997857694,1957.520182,1676.817708,0.613450386,0.5254834558,0.4914830712,0.5594838404
synthetic_20250706,synthetic,2025-07-06,adapted,1683,0.5257966545,7.27669629,0.1604468016,0.02574317614,0.0005830529437,0.9994169471,1957.545925,1677.817125,0.6134584535,0.5257966545,0.4917962699,0.5597970391
synthetic_20250706,synthetic,2025-07-06,adapted,1684,0.5261096898,7.275817167,-0.537141494,0.2885209846,0.001104501389,0.9988954986,1957.834446,1678.81602,0.6135488706,0.5261096898,0.4921093052,0.5601100744
synthetic_20250706,synthetic,2025-07-06,adapted,1685,0.5264228399,7.273688756,0.4486390406,0.2012769887,0.0007379330737,0.9992620669,1958.035723,1679.815282,0.613611947,0.5264228399,0.4924224553,0.5604232245
synthetic_20250706,synthetic,2025-07-06,adapted,1686,0.5267361006,7.27233621,-0.825033748,0.6806806854,0.0003849851206,0.9996150149,1958.716404,1680.814897,0.6138252597,0.5267361006,0.492735716,0.5607364852
synthetic_20250706,synthetic,2025-07-06,adapted,1687,0.5270492446,7.271247829,0.4071803482,0.1657958359,0.000757664921,0.9992423351,1958.8822,1681.814139,0.613877217,0.5270492446,0.49304886,0.5610496292
synthetic_20250706,synthetic,2025-07-06,adapted,1688,0.5273618101,7.269036994,-1.93738736,3.753469781,0.002603369996,0.99739663,1962.635669,1682.811536,0.6150534846,0.5273618101,0.4933614255,0.5613621947
synthetic_20250706,synthetic,2025-07-06,adapted,1689,0.5276749292,7.267540959,0.1265665433,0.01601908989,0.0008369922609,0.9991630077,1962.651688,1683.810699,0.6150585047,0.5276749292,0.4936745446,0.5616753138
synthetic_20250706,synthetic,2025-07-06,adapted,1690,0.5279878847,7.266732422,0.09378915167,0.008796404971,0.001358951466,0.9986410485,1962.660485,1684.80934,0.6150612613,0.5279878847,0.4939875001,0.5619882693
synthetic_20250706,synthetic,2025-07-06,adapted,1691,0.5283005292,7.265520533,-0.1972857012,0.03892164789,0.002351387056,0.9976486129,1962.699406,1685.806989,0.6150734586,0.5283005292,0.4943001446,0.5623009138
synthetic_20250706,synthetic,2025-07-06,adapted,1692,0.5286136344,7.26251167,0.08198217448,0.006721076933,0.0008814739795,0.999118526,1962.706128,1686.806107,0.6150755649,0.5286136344,0.4946132498,0.562614019
synthetic_20250706,synthetic,2025-07-06,adapted,1693,0.5289268385,7.262338516,1.369605753,1.875819918,0.0005654513951,0.9994345486,1964.581947,1687.805542,0.6156634119,0.5289268385,0.4949264539,0.5629272231
synthetic_20250706,synthetic,2025-07-06,adapted,1694,0.529239453,7.260766392,-0.06968437074,0.004855911525,0.002447124226,0.9975528758,1964.586803,1688.803095,0.6156649337,0.529239453,0.4952390684,0.5632398376
synthetic_20250706,synthetic,2025-07-06,adapted,1695,0.5295527784,7.259701078,0.3179354372,0.1010829422,0.0001787931738,0.9998212068,1964.687886,1689.802916,0.6156966112,0.5295527784,0.4955523938,0.563553163
synthetic_20250706,synthetic,2025-07-06,adapted,1696,0.5298660923,7.256002492,-0.4736992565,0.2243909856,0.0002154978502,0.9997845021,1964.912277,1690.8027,0.6157669312,0.5298660923,0.4958657077,0.5638664769
synthetic_20250706,synthetic,2025-07-06,adapted,1697,0.5301792299,7.252205128,0.2736830718,0.07490242378,0.00077788929,0.9992221107,1964.98718,1691.801922,0.6157904042,0.5301792299,0.4961788453,0.5641796145
synthetic_20250706,synthetic,2025-07-06,adapted,1698,0.5304924317,7.249383009,-0.2651847053,0.0703229279,0.000572984852,0.9994270151,1965.057503,1692.80135,0.6158124421,0.5304924317,0.4964920471,0.5644928163
synthetic_20250706,synthetic,2025-07-06,adapted,1699,0.5308053442,7.247458788,-0.1477656095,0.02183467534,0.001496140744,0.9985038593,1965.079337,1693.799853,0.6158192847,0.5308053442,0.4968049596,0.5648057288
synthetic_20250706,synthetic,2025-07-06,adapted,1700,0.5311185137,7.246764283,0.1361079421,0.0185253719,0.0006760672222,0.9993239328,1965.097863,1694.799177,0.6158250902,0.5311185137,0.4971181291,0.5651188983
synthetic_20250706,synthetic,2025-07-06,adapted,1701,0.5314315244,7.244406726,1.118281116,1.250552653,0.001183011497,0.9988169885,1966.348415,1695.797994,0.6162169901,0.5314315244,0.4974311398,0.565431909
synthetic_20250706,synthetic,2025-07-06,adapted,1702,0.5317447222,7.243034846,-0.6631292715,0.4397404308,0.0005858110388,0.999414189,1966.788156,1696.797408,0.6163547965,0.5317447222,0.4977443376,0.5657451068
synthetic_20250706,synthetic,2025-07-06,adapted,1703,0.5320575076,7.242168,0.8288523528,0.6869962228,0.001901651729,0.9980983483,1967.475152,1697.795507,0.6165700884,0.5320575076,0.498057123,0.5660578922
synthetic_20250706,synthetic,2025-07-06,adapted,1704,0.532370676,7.241692012,0.3074131504,0.09450284503,0.0006797797524,0.9993202202,1967.569655,1698.794827,0.6165997038,0.532370676,0.4983702914,0.5663710606
synthetic_20250706,synthetic,2025-07-06,adapted,1705,0.5326835091,7.238765719,-1.028761702,1.05835064,0.001749571547,0.9982504285,1968.628005,1699.793077,0.6169313712,0.5326835091,0.4986831245,0.5666838937
synthetic_20250706,synthetic,2025-07-06,adapted,1706,0.5329966186,7.23799188,-0.2825436825,0.07983093252,0.0008674270655,0.9991325729,1968.707836,1700.79221,0.6169563887,0.5329966186,0.498996234,0.5669970032
synthetic_20250706,synthetic,2025-07-06,adapted,1707,0.533309638,7.237801339,0.2211906267,0.04892529333,0.001155134984,0.998844865,1968.756762,1701.791055,0.616971721,0.533309638,0.4993092534,0.5673100226
synthetic_20250706,synthetic,2025-07-06,adapted,1708,0.5336225297,7.236727648,-0.7728362073,0.5972758033,0.001562682194,0.9984373178,1969.354038,1702.789492,0.6171588961,0.5336225297,0.4996221451,0.5676229143
synthetic_20250706,synthetic,2025-07-06,adapted,1709,0.5339357899,7.234404111,-0.6339941081,0.4019485291,0.0003865939479,0.9996134061,1969.755986,1703.789106,0.6172848593,0.5339357899,0.4999354053,0.5679361745
synthetic_20250706,synthetic,2025-07-06,adapted,1710,0.5342490316,7.233386645,-0.08019794509,0.006431710396,0.000445647544,0.9995543525,1969.762418,1704.78866,0.6172868749,0.5342490316,0.500248647,0.5682494162
synthetic_20250706,synthetic,2025-07-06,adapted,1711,0.5345622539,7.232104629,-0.1560609442,0.02435501831,0.0005076431518,0.9994923568,1969.786773,1705.788152,0.6172945073,0.5345622539,0.5005618693,0.5685626385
synthetic_20250706,synthetic,2025-07-06,adapted,1712,0.5348752665,7.231462512,-0.1093556376,0.01195865548,0.001177076609,0.9988229234,1969.798731,1706.786975,0.6172982549,0.5348752665,0.5008748819,0.5688756511
synthetic_20250706,synthetic,2025-07-06,adapted,1713,0.5351885414,7.23098503,-0.2666301363,0.07109162958,0.0003395900762,0.9996604099,1969.869823,1707.786636,0.6173205337,0.5351885414,0.5011881568,0.569188926
synthetic_20250706,synthetic,2025-07-06,adapted,1714,0.5355015947,7.224022128,1.277442279,1.631858777,0.001047102093,0.9989528979,1971.501682,1708.785589,0.6178319279,0.5355015947,0.5015012101,0.5695019793
synthetic_20250706,synthetic,2025-07-06,adapted,1715,0.5358148779,7.221923848,0.7210645962,0.5199341518,0.0003132700241,0.99968673,1972.021616,1709.785275,0.6179948656,0.5358148779,0.5018144933,0.5698152625
synthetic_20250706,synthetic,2025-07-06,adapted,1716,0.5361280613,7.219562579,-0.1042399562,0.01086596848,0.000631532452,0.9993684675,1972.032482,1710.784644,0.6179982708,0.5361280613,0.5021276767,0.570128446
synthetic_20250706,synthetic,2025-07-06,adapted,1717,0.5364411201,7.21845194,-0.1543164135,0.02381355549,0.00102944711,0.9989705529,1972.056296,1711.783614,0.6180057335,0.5364411201,0.5024407355,0.5704415047
synthetic_20250706,synthetic,2025-07-06,adapted,1718,0.5367535511,7.217245663,-0.3277981214,0.1074516084,0.003032619335,0.9969673807,1972.163747,1712.780582,0.6180394068,0.5367535511,0.5027531665,0.5707539357
synthetic_20250706,synthetic,2025-07-06,adapted,1719,0.5370664888,7.212796474,0.7420308352,0.5506097603,0.001415997191,0.9985840028,1972.714357,1713.779166,0.6182119577,0.5370664888,0.5030661042,0.5710668734
synthetic_20250706,synthetic,2025-07-06,adapted,1720,0.5373796188,7.211747833,0.9359686775,0.8760373652,0.0008021809822,0.999197819,1973.590394,1714.778364,0.6184864915,0.5373796188,0.5033792342,0.5713800034
synthetic_20250706,synthetic,2025-07-06,adapted,1721,0.5376928026,7.209385439,-1.027185251,1.05510954,0.0006304906572,0.9993695093,1974.645504,1715.777733,0.6188171432,0.5376928026,0.503692418,0.5716931872
synthetic_20250706,synthetic,2025-07-06,adapted,1722,0.5380059714,7.208136736,-0.5232746762,0.2738163867,0.0006781934344,0.9993218066,1974.91932,1716.777055,0.6189029521,0.5380059714,0.5040055868,0.572006356
synthetic_20250706,synthetic,2025-07-06,adapted,1723,0.5383192701,7.207321077,0.3389117786,0.1148611936,0.000263810067,0.9997361899,1975.034181,1717.776791,0.6189389475,0.5383192701,0.5043188855,0.5723196547
synthetic_20250706,synthetic,2025-07-06,adapted,1724,0.5386324968,7.20629024,0.825959475,0.6822090543,0.0004938500257,0.99950615,1975.71639,1718.776297,0.6191527391,0.5386324968,0.5046321122,0.5726328814
synthetic_20250706,synthetic,2025-07-06,adapted,1725,0.5389455566,7.202620134,0.006355398211,4.039108642e-05,0.001026196762,0.9989738032,1975.716431,1719.775271,0.6191527517,0.5389455566,0.504945172,0.5729459412
synthetic_20250706,synthetic,2025-07-06,adapted,1726,0.5392581552,7.200888228,1.266570663,1.604201246,0.002497682747,0.9975023173,1977.320632,1720.772773,0.6196554786,0.5392581552,0.5052577706,0.5732585398
synthetic_20250706,synthetic,2025-07-06,adapted,1727,0.539571316,7.200176947,-1.877891534,3.526476615,0.0007039577197,0.9992960423,1980.847109,1721.772069,0.6207606107,0.539571316,0.5055709314,0.5735717006
synthetic_20250706,synthetic,2025-07-06,adapted,1728,0.5398837406,7.199961789,-0.27094745,0.07341252068,0.003053073222,0.9969469268,1980.920521,1722.769016,0.6207836168,0.5398837406,0.505883356,0.5738841252
synthetic_20250706,synthetic,2025-07-06,adapted,1729,0.5401969779,7.198799653,0.898841628,0.8079162722,0.0004597032864,0.9995402967,1981.728437,1723.768557,0.6210368027,0.5401969779,0.5061965933,0.5741973625
synthetic_20250706,synthetic,2025-07-06,adapted,1730,0.5405101282,7.195528175,2.045162386,4.182689184,0.0007374223613,0.9992625776,1985.911127,1724.767819,0.6223475796,0.5405101282,0.5065097436,0.5745105128
synthetic_20250706,synthetic,2025-07-06,adapted,1731,0.5408232252,7.193266017,-0.517724624,0.2680387863,0.0009076372463,0.9990923628,1986.179165,1725.766912,0.622431578,0.5408232252,0.5068228406,0.5748236098
synthetic_20250706,synthetic,2025-07-06,adapted,1732,0.5411365127,7.189821811,-0.4807841625,0.2311534109,0.00029952862,0.9997004714,1986.410319,1726.766612,0.6225040172,0.5411365127,0.5071361281,0.5751368973
synthetic_20250706,synthetic,2025-07-06,adapted,1733,0.5414489676,7.189158273,0.4147579456,0.1720241534,0.002956490244,0.9970435098,1986.582343,1727.763655,0.6225579264,0.5414489676,0.507448583,0.5754493522
synthetic_20250706,synthetic,2025-07-06,adapted,1734,0.5417622695,7.187723538,-0.9022647621,0.8140817008,0.000253564956,0.999746435,1987.396425,1728.763402,0.6228130444,0.5417622695,0.5077618849,0.5757626541
synthetic_20250706,synthetic,2025-07-06,adapted,1735,0.5420753057,7.184847431,-0.4138165838,0.171244165,0.001101563526,0.9988984365,1987.567669,1729.7623,0.6228667091,0.5420753057,0.5080749211,0.5760756903
synthetic_20250706,synthetic,2025-07-06,adapted,1736,0.5423885262,7.18318586,0.6903265256,0.4765507119,0.0005132946865,0.9994867053,1988.04422,1730.761787,0.6230160513,0.5423885262,0.5083881416,0.5763889108
synthetic_20250706,synthetic,2025-07-06,adapted,1737,0.5427018166,7.180127508,-1.121635826,1.258066927,0.0002903051713,0.9997096948,1989.302287,1731.761497,0.623410306,0.5427018166,0.508701432,0.5767022012
synthetic_20250706,synthetic,2025-07-06,adapted,1738,0.5430149152,7.17846597,-0.1229930091,0.01512728029,0.0009024929128,0.9990975071,1989.317414,1732.760594,0.6234150466,0.5430149152,0.5090145306,0.5770152998
synthetic_20250706,synthetic,2025-07-06,adapted,1739,0.5433279103,7.176627729,0.06018046187,0.003621687991,0.001232405842,0.9987675942,1989.321035,1733.759362,0.6234161816,0.5433279103,0.5093275257,0.5773282949
synthetic_20250706,synthetic,2025-07-06,adapted,1740,0.5436410888,7.174828509,0.8777836577,0.7705041498,0.0006476314757,0.9993523685,1990.09154,1734.758714,0.6236576433,0.5436410888,0.5096407042,0.5776414734
synthetic_20250706,synthetic,2025-07-06,adapted,1741,0.5439543191,7.174230701,-0.2839195248,0.08061029654,0.0004818365555,0.9995181634,1990.17215,1735.758232,0.623682905,0.5439543191,0.5099539345,0.5779547037
synthetic_20250706,synthetic,2025-07-06,adapted,1742,0.5442675035,7.173070723,0.3009526214,0.09057248035,0.000628580875,0.9993714191,1990.262722,1736.757604,0.6237112888,0.5442675035,0.5102671189,0.5782678881
synthetic_20250706,synthetic,2025-07-06,adapted,1743,0.5445806405,7.171450341,-0.8361565586,0.6991577905,0.0007799060058,0.999220094,1990.96188,1737.756824,0.6239303918,0.5445806405,0.5105802559,0.5785810251
synthetic_20250706,synthetic,2025-07-06,adapted,1744,0.5448933599,7.16926877,0.8352293961,0.6976081441,0.002112483311,0.9978875167,1991.659488,1738.754711,0.6241490092,0.5448933599,0.5108929753,0.5788937445
synthetic_20250706,synthetic,2025-07-06,adapted,1745,0.5452066645,7.167850344,0.109460778,0.01198166193,0.0002448518985,0.9997551481,1991.67147,1739.754467,0.624152764,0.5452066645,0.5112062799,0.5792070491
synthetic_20250706,synthetic,2025-07-06,adapted,1746,0.5455196712,7.166360096,0.2118048335,0.04486128748,0.001195919667,0.9988040803,1991.716331,1740.753271,0.6241668227,0.5455196712,0.5115192866,0.5795200558
synthetic_20250706,synthetic,2025-07-06,adapted,1747,0.5458329177,7.164234517,1.730390693,2.994251952,0.0004301599465,0.9995698401,1994.710583,1741.75284,0.6251051655,0.5458329177,0.5118325331,0.5798333023
synthetic_20250706,synthetic,2025-07-06,adapted,1748,0.5461454826,7.163632211,0.5307598026,0.281705968,0.002605432481,0.9973945675,1994.992289,1742.750235,0.6251934469,0.5461454826,0.512145098,0.5801458672
synthetic_20250706,synthetic,2025-07-06,adapted,1749,0.5464587988,7.161633241,2.341516811,5.482700978,0.0002080956096,0.9997919044,2000.47499,1743.750027,0.6269116234,0.5464587988,0.5124584142,0.5804591834
synthetic_20250706,synthetic,2025-07-06,adapted,1750,0.5467720473,7.158869799,0.3922236852,0.1538394192,0.0004240605473,0.9995759395,2000.62883,1744.749603,0.6269598338,0.5467720473,0.5127716627,0.5807724319
synthetic_20250706,synthetic,2025-07-06,adapted,1751,0.5470852096,7.156225409,-0.8103875109,0.6567279179,0.0006991585162,0.9993008415,2001.285558,1745.748904,0.6271656401,0.5470852096,0.513084825,0.5810855942
synthetic_20250706,synthetic,2025-07-06,adapted,1752,0.5473977424,7.154105315,0.8328081689,0.6935694461,0.00270765459,0.9972923454,2001.979127,1746.746196,0.6273829918,0.5473977424,0.5133973578,0.581398127
synthetic_20250706,synthetic,2025-07-06,adapted,1753,0.5477100627,7.152366308,-0.9936580527,0.9873563258,0.003385935556,0.9966140644,2002.966483,1747.74281,0.6276924109,0.5477100627,0.5137096781,0.5817104473
synthetic_20250706,synthetic,2025-07-06,adapted,1754,0.548022721,7.15145244,0.3174934645,0.1008021,0.002307501091,0.9976924989,2003.067285,1748.740503,0.6277240004,0.548022721,0.5140223364,0.5820231056
synthetic_20250706,synthetic,2025-07-06,adapted,1755,0.5483356893,7.148208173,-1.447462794,2.095148539,0.001318238407,0.9986817616,2005.162434,1749.739184,0.628380581,0.5483356893,0.5143353047,0.5823360739
synthetic_20250706,synthetic,2025-07-06,adapted,1756,0.5486488115,7.146453705,-0.1347673655,0.01816224279,0.0008268498765,0.9991731501,2005.180596,1750.738358,0.6283862727,0.5486488115,0.5146484269,0.5826491961
synthetic_20250706,synthetic,2025-07-06,adapted,1757,0.5489620883,7.145479932,0.6171939101,0.3809283226,0.0003336441906,0.9996663558,2005.561525,1751.738024,0.6285056485,0.5489620883,0.5149617037,0.5829624729
synthetic_20250706,synthetic,2025-07-06,adapted,1758,0.5492750741,7.143892587,-1.903596349,3.62367906,0.001262333489,0.9987376665,2009.185204,1752.736762,0.6296412421,0.5492750741,0.5152746895,0.5832754587
synthetic_20250706,synthetic,2025-07-06,adapted,1759,0.5495882663,7.142660376,0.04994449612,0.002494452692,0.0006039461029,0.9993960539,2009.187698,1753.736158,0.6296420238,0.5495882663,0.5155878817,0.5835886509
synthetic_20250706,synthetic,2025-07-06,adapted,1760,0.5499011896,7.139627788,-1.053812942,1.110521717,0.001461639951,0.99853836,2010.29822,1754.734696,0.6299900407,0.5499011896,0.515900805,0.5839015742
synthetic_20250706,synthetic,2025-07-06,adapted,1761,0.5502140962,7.136543482,0.7001557801,0.4902181163,0.00151496344,0.9984850366,2010.788438,1755.733181,0.6301436659,0.5502140962,0.5162137116,0.5842144808
synthetic_20250706,synthetic,2025-07-06,adapted,1762,0.5505271992,7.132995618,0.5622755139,0.3161537536,0.0008882490927,0.9991117509,2011.104592,1756.732293,0.6302427426,0.5505271992,0.5165268146,0.5845275838
synthetic_20250706,synthetic,2025-07-06,adapted,1763,0.5508401824,7.131634302,1.121978488,1.258835727,0.001270737351,0.9987292626,2012.363427,1757.731022,0.6306372383,0.5508401824,0.5168397978,0.584840567
synthetic_20250706,synthetic,2025-07-06,adapted,1764,0.5511528387,7.131297899,0.509477391,0.259567212,0.002313625659,0.9976863743,2012.622995,1758.728708,0.6307185818,0.5511528387,0.5171524541,0.5851532233
synthetic_20250706,synthetic,2025-07-06,adapted,1765,0.5514657752,7.13041821,-1.10996915,1.232031513,0.001419824737,0.9985801753,2013.855026,1759.727289,0.6311046775,0.5514657752,0.5174653906,0.5854661598
synthetic_20250706,synthetic,2025-07-06,adapted,1766,0.551778609,7.127669683,0.3368716811,0.1134825295,0.001747400916,0.9982525991,2013.968509,1760.725541,0.6311402409,0.551778609,0.5177782244,0.5857789936
synthetic_20250706,synthetic,2025-07-06,adapted,1767,0.5520916174,7.126102733,-1.927271724,3.714376297,0.001189922749,0.9988100773,2017.682885,1761.724351,0.6323042573,0.5520916174,0.5180912328,0.586092002
synthetic_20250706,synthetic,2025-07-06,adapted,1768,0.5524045334,7.123998934,-0.4453571893,0.1983430261,0.001485060525,0.9985149395,2017.881228,1762.722866,0.6323664143,0.5524045334,0.5184041488,0.586404918
synthetic_20250706,synthetic,2025-07-06,adapted,1769,0.5527173614,7.121665798,0.1924814545,0.03704911032,0.001765947541,0.9982340525,2017.918277,1763.7211,0.6323780248,0.5527173614,0.5187169768,0.586717746
synthetic_20250706,synthetic,2025-07-06,adapted,1770,0.5530303584,7.120907851,-0.3166377107,0.1002594399,0.001226733685,0.9987732663,2018.018536,1764.719874,0.6324094442,0.5530303584,0.5190299738,0.587030743
synthetic_20250706,synthetic,2025-07-06,adapted,1771,0.5533433331,7.119118216,0.2067552777,0.04274774484,0.001297632553,0.9987023674,2018.061284,1765.718576,0.6324228406,0.5533433331,0.5193429485,0.5873437177
synthetic_20250706,synthetic,2025-07-06,adapted,1772,0.5536558531,7.117194023,-0.3609335357,0.1302730172,0.002748679676,0.9972513203,2018.191557,1766.715827,0.6324636657,0.5536558531,0.5196554685,0.5876562377
synthetic_20250706,synthetic,2025-07-06,adapted,1773,0.5539691082,7.116034039,0.2757064358,0.07601403873,0.0004029680282,0.999597032,2018.267571,1767.715424,0.6324874871,0.5539691082,0.5199687236,0.5879694928
synthetic_20250706,synthetic,2025-07-06,adapted,1774,0.5542816539,7.115031078,0.04421204024,0.001954704502,0.002666750241,0.9973332498,2018.269526,1768.712758,0.6324880996,0.5542816539,0.5202812693,0.5882820385
synthetic_20250706,synthetic,2025-07-06,adapted,1775,0.5545943987,7.114491972,-0.7293125993,0.5318968675,0.002031266837,0.9979687332,2018.801423,1769.710726,0.6326547862,0.5545943987,0.5205940141,0.5885947833
synthetic_20250706,synthetic,2025-07-06,adapted,1776,0.554907189,7.11022021,0.0008832645674,7.80156296e-07,0.001886029951,0.99811397,2018.801424,1770.70884,0.6326547865,0.554907189,0.5209068044,0.5889075736
synthetic_20250706,synthetic,2025-07-06,adapted,1777,0.5552203964,7.108110087,-0.2744048222,0.07529800643,0.0005551562432,0.9994448438,2018.876722,1771.708285,0.6326783835,0.5552203964,0.5212200118,0.589220781
synthetic_20250706,synthetic,2025-07-06,adapted,1778,0.555533695,7.107356804,1.448554158,2.098309149,0.000264433129,0.9997355669,2020.975031,1772.708021,0.6333359545,0.555533695,0.5215333104,0.5895340796
synthetic_20250706,synthetic,2025-07-06,adapted,1779,0.5558467034,7.105724809,-1.056902206,1.117042273,0.001190178248,0.9988098218,2022.092073,1773.70683,0.6336860147,0.5558467034,0.5218463188,0.589847088
synthetic_20250706,synthetic,2025-07-06,adapted,1780,0.5561599628,7.105659508,-0.2203577656,0.04855754487,0.0003890671544,0.9996109328,2022.140631,1774.706441,0.6337012318,0.5561599628,0.5221595782,0.5901603474
synthetic_20250706,synthetic,2025-07-06,adapted,1781,0.5564729379,7.104298176,0.06003916556,0.003604701401,0.001296582691,0.9987034173,2022.144235,1775.705145,0.6337023614,0.5564729379,0.5224725533,0.5904733225
synthetic_20250706,synthetic,2025-07-06,adapted,1782,0.5567857303,7.102859125,0.6028488019,0.3634266779,0.001879476126,0.9981205239,2022.507662,1776.703265,0.6338162526,0.5567857303,0.5227853457,0.5907861149
synthetic_20250706,synthetic,2025-07-06,adapted,1783,0.5570989454,7.10237382,-0.8333067469,0.6944001344,0.0005304198993,0.9994695801,2023.202062,1777.702735,0.6340338647,0.5570989454,0.5230985608,0.59109933
synthetic_20250706,synthetic,2025-07-06,adapted,1784,0.5574118672,7.09810448,-0.03947997466,0.001558668399,0.001466611547,0.9985333885,2023.203621,1778.701268,0.6340343531,0.5574118672,0.5234114826,0.5914122518
synthetic_20250706,synthetic,2025-07-06,adapted,1785,0.5577250148,7.095574935,0.2261190402,0.05112982034,0.0007460360775,0.9992539639,2023.254751,1779.700522,0.6340503762,0.5577250148,0.5237246302,0.5917253994
synthetic_20250706,synthetic,2025-07-06,adapted,1786,0.5580381488,7.094910188,0.5039028055,0.2539180374,0.0007892933116,0.9992107067,2023.508669,1780.699733,0.6341299494,0.5580381488,0.5240377642,0.5920385334
synthetic_20250706,synthetic,2025-07-06,adapted,1787,0.5583512604,7.092596099,0.5952630785,0.3543381326,0.0008611224093,0.9991388776,2023.863007,1781.698872,0.6342409924,0.5583512604,0.5243508758,0.592351645
synthetic_20250706,synthetic,2025-07-06,adapted,1788,0.5586644853,7.091380001,1.344302193,1.807148387,0.0004992471875,0.9995007528,2025.670155,1782.698373,0.6348073191,0.5586644853,0.5246641007,0.5926648699
synthetic_20250706,synthetic,2025-07-06,adapted,1789,0.5589777436,7.090469851,0.5448774795,0.2968914677,0.00039285225,0.9996071478,2025.967047,1783.69798,0.6349003593,0.5589777436,0.524977359,0.5929781282
synthetic_20250706,synthetic,2025-07-06,adapted,1790,0.5592908756,7.08738899,-0.7926437785,0.6282841596,0.000795776242,0.9992042238,2026.595331,1784.697184,0.6350972519,0.5592908756,0.525290491,0.5932912602
synthetic_20250706,synthetic,2025-07-06,adapted,1791,0.5596039684,7.085796099,0.2751987698,0.07573436288,0.000920629998,0.99907937,2026.671065,1785.696263,0.6351209856,0.5596039684,0.5256035838,0.5936043531
synthetic_20250706,synthetic,2025-07-06,adapted,1792,0.5599163749,7.083814821,-0.3401390557,0.1156945772,0.003111173263,0.9968888267,2026.78676,1786.693152,0.6351572422,0.5599163749,0.5259159903,0.5939167595
synthetic_20250706,synthetic,2025-07-06,adapted,1793,0.5602296286,7.082123881,1.710409039,2.925499082,0.0004073703402,0.9995926297,2029.712259,1787.692745,0.6360740391,0.5602296286,0.526229244,0.5942300132
synthetic_20250706,synthetic,2025-07-06,adapted,1794,0.560542859,7.081100796,-1.764377599,3.113028312,0.0004816522116,0.9995183478,2032.825287,1788.692263,0.6370496042,0.560542859,0.5265424744,0.5945432436
synthetic_20250706,synthetic,2025-07-06,adapted,1795,0.5608557312,7.078905281,0.7609414576,0.5790319019,0.001624961422,0.9983750386,2033.404319,1789.690638,0.6372310621,0.5608557312,0.5268553466,0.5948561158
synthetic_20250706,synthetic,2025-07-06,adapted,1796,0.5611690249,7.077354692,0.7380412476,0.5447048831,0.0002798297338,0.9997201703,2033.949024,1790.690358,0.6374017624,0.5611690249,0.5271686403,0.5951694095
synthetic_20250706,synthetic,2025-07-06,adapted,1797,0.5614818604,7.076169644,-2.331293822,5.434930882,0.00174188056,0.9982581194,2039.383955,1791.688616,0.6391049686,0.5614818604,0.5274814758,0.595482245
synthetic_20250706,synthetic,2025-07-06,adapted,1798,0.5617951783,7.073892587,0.4132905006,0.1708090379,0.0002025637287,0.9997974363,2039.554764,1792.688414,0.639158497,0.5617951783,0.5277947937,0.5957955629
synthetic_20250706,synthetic,2025-07-06,adapted,1799,0.5621083131,7.072183256,0.6096712671,0.3716990539,0.0007867694067,0.9992132306,2039.926463,1793.687627,0.6392749805,0.5621083131,0.5281079285,0.5961086977
synthetic_20250706,synthetic,2025-07-06,adapted,1800,0.5624215058,7.065772111,1.012559861,1.025277471,0.000602144776,0.9993978552,2040.95174,1794.687025,0.6395962834,0.5624215058,0.5284211212,0.5964218904
synthetic_20250706,synthetic,2025-07-06,adapted,1801,0.5627347136,7.065113131,0.6338692861,0.4017902719,0.0005540351391,0.9994459649,2041.353531,1795.686471,0.639722197,0.5627347136,0.528734329,0.5967350982
synthetic_20250706,synthetic,2025-07-06,adapted,1802,0.5630476108,7.064250306,-0.4433298553,0.1965413606,0.001544867277,0.9984551327,2041.550072,1796.684926,0.6397837894,0.5630476108,0.5290472262,0.5970479954
synthetic_20250706,synthetic,2025-07-06,adapted,1803,0.563360423,7.063400985,0.2589689551,0.0670649197,0.00181632234,0.9981836777,2041.617137,1797.68311,0.6398048063,0.563360423,0.5293600384,0.5973608076
synthetic_20250706,synthetic,2025-07-06,adapted,1804,0.5636736054,7.061299895,0.03623498015,0.001312973787,0.0006349236893,0.9993650763,2041.61845,1798.682475,0.6398052178,0.5636736054,0.5296732208,0.59767399
synthetic_20250706,synthetic,2025-07-06,adapted,1805,0.5639868437,7.058477274,-1.031240835,1.063457661,0.0004567293326,0.9995432707,2042.681908,1799.682018,0.6401384856,0.5639868437,0.5299864591,0.5979872283
synthetic_20250706,synthetic,2025-07-06,adapted,1806,0.5643001992,7.055570932,1.950817569,3.805689187,8.256996412e-05,0.99991743,2046.487597,1800.681936,0.6413311177,0.5643001992,0.5302998146,0.5983005838
synthetic_20250706,synthetic,2025-07-06,adapted,1807,0.5646127381,7.054865088,1.768303869,3.126898572,0.002688172944,0.9973118271,2049.614495,1801.679247,0.6423110295,0.5646127381,0.5306123535,0.5986131227
synthetic_20250706,synthetic,2025-07-06,adapted,1808,0.5649258917,7.053250088,0.1590675463,0.02530248427,0.0007269432587,0.9992730567,2049.639798,1802.67852,0.6423189589,0.5649258917,0.5309255071,0.5989262763
synthetic_20250706,synthetic,2025-07-06,adapted,1809,0.5652390354,7.052156039,-1.831987135,3.356176863,0.0007584115885,0.9992415884,2052.995975,1803.677762,0.6433707222,0.5652390354,0.5312386508,0.59923942
synthetic_20250706,synthetic,2025-07-06,adapted,1810,0.5655522956,7.050801179,-0.6226534311,0.3876972953,0.0003866352439,0.9996133648,2053.383672,1804.677375,0.6434922193,0.5655522956,0.531551911,0.5995526802
synthetic_20250706,synthetic,2025-07-06,adapted,1811,0.5658648064,7.048716877,-0.4182739769,0.1749531197,0.002777996894,0.9972220031,2053.558625,1805.674597,0.6435470464,0.5658648064,0.5318644218,0.599865191
synthetic_20250706,synthetic,2025-07-06,adapted,1812,0.5661780062,7.047787905,0.7232832463,0.5231386544,0.0005796631141,0.9994203369,2054.081764,1806.674018,0.6437109883,0.5661780062,0.5321776216,0.6001783908
synthetic_20250706,synthetic,2025-07-06,adapted,1813,0.5664913284,7.046283577,-0.4505322633,0.2029793203,0.0001887770689,0.9998112229,2054.284743,1807.673829,0.6437745983,0.5664913284,0.5324909438,0.600491713
synthetic_20250706,synthetic,2025-07-06,adapted,1814,0.5668045831,7.045184745,-1.192545681,1.422165202,0.0004043417531,0.9995956582,2055.706908,1808.673425,0.6442202784,0.5668045831,0.5328041985,0.6008049677
synthetic_20250706,synthetic,2025-07-06,adapted,1815,0.5671176172,7.044146688,-0.207977649,0.04325470249,0.001107982732,0.9988920173,2055.750163,1809.672317,0.6442338336,0.5671176172,0.5331172326,0.6011180018
synthetic_20250706,synthetic,2025-07-06,adapted,1816,0.567430699,7.041190292,0.5508383243,0.3034228595,0.0009561519697,0.999043848,2056.053586,1810.67136,0.6443289206,0.567430699,0.5334303144,0.6014310836
synthetic_20250706,synthetic,2025-07-06,adapted,1817,0.5677431492,7.037068123,0.1796272943,0.03226596486,0.002971302771,0.9970286972,2056.085852,1811.668389,0.6443390322,0.5677431492,0.5337427646,0.6017435338
synthetic_20250706,synthetic,2025-07-06,adapted,1818,0.5680558473,7.03688224,-1.321322147,1.745892215,0.002180509049,0.997819491,2057.831744,1812.666209,0.6448861623,0.5680558473,0.5340554627,0.6020562319
synthetic_20250706,synthetic,2025-07-06,adapted,1819,0.5683690516,7.033639563,-1.442322412,2.080293942,0.0005649326953,0.9994350673,2059.912038,1813.665644,0.6455380877,0.5683690516,0.534368667,0.6023694362
synthetic_20250706,synthetic,2025-07-06,adapted,1820,0.5686822689,7.030392321,-0.446859072,0.1996830302,0.0005237147049,0.9994762853,2060.111721,1814.66512,0.6456006647,0.5686822689,0.5346818843,0.6026826535
synthetic_20250706,synthetic,2025-07-06,adapted,1821,0.5689954481,7.029865798,1.041078096,1.083843603,0.0006449763792,0.9993550236,2061.195565,1815.664475,0.6459403211,0.5689954481,0.5349950635,0.6029958327
synthetic_20250706,synthetic,2025-07-06,adapted,1822,0.5693085056,7.028698235,-0.3157312921,0.0996862488,0.001033681158,0.9989663188,2061.295251,1816.663441,0.6459715609,0.5693085056,0.535308121,0.6033088902
synthetic_20250706,synthetic,2025-07-06,adapted,1823,0.5696214904,7.027334082,-0.6142116224,0.3772559171,0.001265429352,0.9987345706,2061.672507,1817.662176,0.6460897859,0.5696214904,0.5356211058,0.603621875
synthetic_20250706,synthetic,2025-07-06,adapted,1824,0.5699346319,7.02441551,-1.023970325,1.048515226,0.0007653747113,0.9992346253,2062.721022,1818.661411,0.646418371,0.5699346319,0.5359342473,0.6039350165
synthetic_20250706,synthetic,2025-07-06,adapted,1825,0.570247614,7.023620404,-1.845354678,3.405333888,0.001274141593,0.9987258584,2066.126356,1819.660136,0.6474855393,0.570247614,0.5362472294,0.6042479986
synthetic_20250706,synthetic,2025-07-06,adapted,1826,0.5705605809,7.022779666,1.753301783,3.074067141,0.001322655211,0.9986773448,2069.200423,1820.658814,0.6484488947,0.5705605809,0.5365601963,0.6045609655
synthetic_20250706,synthetic,2025-07-06,adapted,1827,0.5708737136,7.021370588,1.222525277,1.494568052,0.0007936738585,0.9992063261,2070.694991,1821.65802,0.6489172645,0.5708737136,0.536873329,0.6048740982
synthetic_20250706,synthetic,2025-07-06,adapted,1828,0.5711865786,7.018312346,-1.028570105,1.05795646,0.00164765988,0.9983523401,2071.752947,1822.656372,0.6492488084,0.5711865786,0.537186194,0.6051869632
synthetic_20250706,synthetic,2025-07-06,adapted,1829,0.5714990207,7.016792501,-0.6595560476,0.4350141799,0.002997500278,0.9970024997,2072.187962,1823.653375,0.6493851337,0.5714990207,0.5374986361,0.6054994053
synthetic_20250706,synthetic,2025-07-06,adapted,1830,0.5718111456,7.015718665,-1.576638759,2.485789775,0.00400934142,0.9959906586,2074.673751,1824.649366,0.6501641339,0.5718111456,0.537810761,0.6058115302
synthetic_20250706,synthetic,2025-07-06,adapted,1831,0.572124441,7.014682101,-0.9152669426,0.8377135762,0.0002741922515,0.9997258077,2075.511465,1825.649091,0.6504266578,0.572124441,0.5381240564,0.6061248256
synthetic_20250706,synthetic,2025-07-06,adapted,1832,0.5724376921,7.013655252,-1.801710337,3.246160138,0.0004159027377,0.9995840973,2078.757625,1826.648675,0.6514439439,0.5724376921,0.5384373075,0.6064380767
synthetic_20250706,synthetic,2025-07-06,adapted,1833,0.5727508228,7.012909437,0.3928614695,0.1543401342,0.0008000073675,0.9991999926,2078.911965,1827.647875,0.6514923113,0.5727508228,0.5387504382,0.6067512074
synthetic_20250706,synthetic,2025-07-06,adapted,1834,0.5730635536,7.011122733,0.06396148685,0.0040910718,0.002076033588,0.9979239664,2078.916056,1828.645799,0.6514935933,0.5730635536,0.539063169,0.6070639382
synthetic_20250706,synthetic,2025-07-06,adapted,1835,0.5733768131,7.010037837,1.248142655,1.557860088,0.0003888742819,0.9996111257,2080.473916,1829.645411,0.6519817977,0.5733768131,0.5393764285,0.6073771977
synthetic_20250706,synthetic,2025-07-06,adapted,1836,0.5736900302,7.008869871,-0.1798471264,0.03234498888,0.0005242352738,0.9994757647,2080.506261,1830.644886,0.651991934,0.5736900302,0.5396896456,0.6076904148
synthetic_20250706,synthetic,2025-07-06,adapted,1837,0.5740027219,7.007368659,0.748326364,0.559992347,0.002200631203,0.9977993688,2081.066254,1831.642686,0.6521674252,0.5740027219,0.5400023373,0.6080031065
synthetic_20250706,synthetic,2025-07-06,adapted,1838,0.5743159395,7.007069752,-1.908037157,3.640605794,0.0005228474504,0.9994771525,2084.70686,1832.642163,0.6533083233,0.5743159395,0.5403155549,0.6083163241
synthetic_20250706,synthetic,2025-07-06,adapted,1839,0.574629295,7.004239839,0.1490307423,0.02221016214,8.246109076e-05,0.9999175389,2084.72907,1833.64208,0.6533152835,0.574629295,0.5406289104,0.6086296796
synthetic_20250706,synthetic,2025-07-06,adapted,1840,0.5749424216,7.003123605,0.2104531428,0.04429052532,0.0008129526233,0.9991870474,2084.77336,1834.641267,0.6533291634,0.5749424216,0.540942037,0.6089428062
synthetic_20250706,synthetic,2025-07-06,adapted,1841,0.575255212,6.999583219,0.4787431745,0.2291950271,0.001885863688,0.9981141363,2085.002555,1835.639382,0.6534009888,0.575255212,0.5412548274,0.6092555966
synthetic_20250706,synthetic,2025-07-06,adapted,1842,0.5755683257,6.998498319,0.5843192251,0.3414289568,0.0008543418432,0.9991456582,2085.343984,1836.638527,0.6535079863,0.5755683257,0.5415679411,0.6095687103
synthetic_20250706,synthetic,2025-07-06,adapted,1843,0.5758805879,6.995583668,-1.320611618,1.744015044,0.003571325128,0.9964286749,2087.087999,1837.634956,0.6540545281,0.5758805879,0.5418802033,0.6098809725
synthetic_20250706,synthetic,2025-07-06,adapted,1844,0.5761936166,6.994625295,-0.3352551817,0.1123960368,0.001125391241,0.9988746088,2087.200395,1838.633831,0.654089751,0.5761936166,0.542193232,0.6101940012
synthetic_20250706,synthetic,2025-07-06,adapted,1845,0.5765067842,6.992916191,1.178431519,1.388700845,0.0006822534273,0.9993177466,2088.589096,1839.633148,0.654524944,0.5765067842,0.5425063996,0.6105071688
synthetic_20250706,synthetic,2025-07-06,adapted,1846,0.5768199432,6.990396885,2.221862006,4.936670774,0.0007094563223,0.9992905437,2093.525767,1840.632439,0.6560720047,0.5768199432,0.5428195586,0.6108203278
synthetic_20250706,synthetic,2025-07-06,adapted,1847,0.5771330066,6.987859883,0.5483143116,0.3006485843,0.001014607371,0.9989853926,2093.826416,1841.631424,0.6561662224,0.5771330066,0.543132622,0.6111333912
synthetic_20250706,synthetic,2025-07-06,adapted,1848,0.5774454671,6.986953582,0.4417193621,0.1951159949,0.002938804948,0.9970611951,2094.021532,1842.628485,0.6562273681,0.5774454671,0.5434450825,0.6114458517
synthetic_20250706,synthetic,2025-07-06,adapted,1849,0.577758462,6.984577251,1.443553813,2.083847612,0.00123304824,0.9987669518,2096.105379,1843.627252,0.6568804071,0.577758462,0.5437580774,0.6117588466
synthetic_20250706,synthetic,2025-07-06,adapted,1850,0.5780714846,6.982497531,-0.3050307047,0.09304373082,0.001145002926,0.9988549971,2096.198423,1844.626107,0.6569095653,0.5780714846,0.5440711,0.6120718692
synthetic_20250706,synthetic,2025-07-06,adapted,1851,0.5783846971,6.982427427,0.6140960382,0.3771139442,0.0005388857524,0.9994611142,2096.575537,1845.625568,0.6570277458,0.5783846971,0.5443843125,0.6123850817
synthetic_20250706,synthetic,2025-07-06,adapted,1852,0.5786971903,6.979571303,0.9967222757,0.9934552949,0.002834201634,0.9971657984,2097.568992,1846.622734,0.6573390762,0.5786971903,0.5446968057,0.6126975749
synthetic_20250706,synthetic,2025-07-06,adapted,1853,0.5790102402,6.979381008,0.5490566681,0.3014632248,0.001057903494,0.9989420965,2097.870455,1847.621676,0.6574335491,0.5790102402,0.5450098556,0.6130106248
synthetic_20250706,synthetic,2025-07-06,adapted,1854,0.5793232018,6.97764942,0.8257312865,0.6818321576,0.001339447664,0.9986605523,2098.552287,1848.620337,0.6576472227,0.5793232018,0.5453228172,0.6133235864
synthetic_20250706,synthetic,2025-07-06,adapted,1855,0.5796356444,6.976860644,1.216796168,1.480592914,0.002995560445,0.9970044396,2100.03288,1849.617341,0.6581112129,0.5796356444,0.5456352598,0.613636029
synthetic_20250706,synthetic,2025-07-06,adapted,1856,0.5799485435,6.97635924,1.438568533,2.069479426,0.00153906167,0.9984609383,2102.10236,1850.615802,0.6587597492,0.5799485435,0.5459481589,0.6139489281
synthetic_20250706,synthetic,2025-07-06,adapted,1857,0.5802607748,6.972439633,0.4278612138,0.1830652183,0.003670001157,0.9963299988,2102.285425,1851.612132,0.6588171185,0.5802607748,0.5462603902,0.6142611594
synthetic_20250706,synthetic,2025-07-06,adapted,1858,0.5805739335,6.972154162,1.378311949,1.899743829,0.000710318022,0.999289682,2104.185169,1852.611422,0.6594124628,0.5805739335,0.5465735489,0.6145743181
synthetic_20250706,synthetic,2025-07-06,adapted,1859,0.5808871954,6.970104809,0.3920830735,0.1537291365,0.0003812728993,0.9996187271,2104.338898,1853.611041,0.6594606387,0.5808871954,0.5468868108,0.61488758
synthetic_20250706,synthetic,2025-07-06,adapted,1860,0.5812004419,6.968999403,1.921773933,3.69321505,0.0004304776402,0.9995695224,2108.032113,1854.61061,0.6606180235,0.5812004419,0.5472000573,0.6152008265
synthetic_20250706,synthetic,2025-07-06,adapted,1861,0.5815126063,6.968329664,-1.305066536,1.703198665,0.003883406043,0.996116594,2109.735312,1855.606727,0.6611517743,0.5815126063,0.5475122217,0.6155129909
synthetic_20250706,synthetic,2025-07-06,adapted,1862,0.5818257836,6.965618557,-0.2288947357,0.05239280005,0.000651309851,0.9993486901,2109.787705,1856.606075,0.6611681932,0.5818257836,0.547825399,0.6158261682
synthetic_20250706,synthetic,2025-07-06,adapted,1863,0.582139101,6.964303767,-1.204106556,1.449872598,0.0002041704585,0.9997958295,2111.237577,1857.605871,0.6616225563,0.582139101,0.5481387164,0.6161394856
synthetic_20250706,synthetic,2025-07-06,adapted,1864,0.58245216,6.963318455,-0.004179799294,1.747072213e-05,0.001028671622,0.9989713284,2111.237595,1858.604843,0.6616225618,0.58245216,0.5484517754,0.6164525446
synthetic_20250706,synthetic,2025-07-06,adapted,1865,0.5827653484,6.961493197,0.05027944287,0.002528022375,0.0006157418969,0.9993842581,2111.240123,1859.604227,0.661623354,0.5827653484,0.5487649638,0.616765733
synthetic_20250706,synthetic,2025-07-06,adapted,1866,0.583078122,6.960711502,1.243777018,1.54698127,0.001939696458,0.9980603035,2112.787104,1860.602287,0.6621081491,0.583078122,0.5490777374,0.6170785066
synthetic_20250706,synthetic,2025-07-06,adapted,1867,0.5833913801,6.960485107,0.4139159959,0.1713264517,0.0003931744422,0.9996068256,2112.95843,1861.601894,0.6621618397,0.5833913801,0.5493909955,0.6173917647
synthetic_20250706,synthetic,2025-07-06,adapted,1868,0.5837045337,6.960084012,0.5019649066,0.2519687674,0.000726898742,0.9992731013,2113.210399,1862.601167,0.662240802,0.5837045337,0.5497041491,0.6177049183
synthetic_20250706,synthetic,2025-07-06,adapted,1869,0.5840177933,6.955071914,2.057728447,4.234246361,0.0003887508776,0.9996112491,2117.444645,1863.600778,0.663567736,0.5840177933,0.5500174087,0.6180181779
synthetic_20250706,synthetic,2025-07-06,adapted,1870,0.5843311376,6.954036241,-0.4587123269,0.2104169989,0.0001182174407,0.9998817826,2117.655062,1864.60066,0.6636336767,0.5843311376,0.550330753,0.6183315222
synthetic_20250706,synthetic,2025-07-06,adapted,1871,0.5846441053,6.95168115,1.344913612,1.808792623,0.001320005938,0.9986799941,2119.463855,1865.59934,0.6642005187,0.5846441053,0.5506437207,0.6186444899
synthetic_20250706,synthetic,2025-07-06,adapted,1872,0.5849572702,6.95133091,0.4481586271,0.2008461551,0.0006910567965,0.9993089432,2119.664701,1866.598649,0.6642634601,0.5849572702,0.5509568856,0.6189576548
synthetic_20250706,synthetic,2025-07-06,adapted,1873,0.5852705578,6.949525728,1.294409127,1.675494988,0.0002992512485,0.9997007488,2121.340196,1867.59835,0.6647885291,0.5852705578,0.5512701732,0.6192709424
synthetic_20250706,synthetic,2025-07-06,adapted,1874,0.5855838646,6.947314026,-1.12539461,1.266513027,0.0002380583453,0.9997619417,2122.606709,1868.598112,0.6651854307,0.5855838646,0.55158348,0.6195842492
synthetic_20250706,synthetic,2025-07-06,adapted,1875,0.5858960716,6.94590051,0.004245062124,1.802055244e-05,0.00374717621,0.9962528238,2122.606727,1869.594365,0.6651854363,0.5858960716,0.551895687,0.6198964562
synthetic_20250706,synthetic,2025-07-06,adapted,1876,0.5862092427,6.945801202,-1.547669054,2.395279501,0.0006710971932,0.9993289028,2125.002007,1870.593694,0.6659360723,0.5862092427,0.5522088581,0.6202096273
synthetic_20250706,synthetic,2025-07-06,adapted,1877,0.5865215106,6.944458523,1.271686083,1.617185494,0.003553267468,0.9964467325,2126.619192,1871.59014,0.6664428682,0.5865215106,0.552521126,0.6205218952
synthetic_20250706,synthetic,2025-07-06,adapted,1878,0.5868343107,6.943291259,-0.3286258552,0.1079949527,0.001854957547,0.9981450425,2126.727187,1872.588285,0.6664767118,0.5868343107,0.5528339261,0.6208346953
synthetic_20250706,synthetic,2025-07-06,adapted,1879,0.5871474175,6.941029572,-0.3877395887,0.1503419887,0.0008760969335,0.9991239031,2126.877529,1873.587409,0.6665238261,0.5871474175,0.5531470329,0.6211478021
synthetic_20250706,synthetic,2025-07-06,adapted,1880,0.5874595359,6.937402357,-0.2513642643,0.06318399336,0.004030208392,0.9959697916,2126.940713,1874.583379,0.6665436268,0.5874595359,0.5534591513,0.6214599205
synthetic_20250706,synthetic,2025-07-06,adapted,1881,0.587772521,6.936785233,-0.8351507506,0.6974767763,0.001264408635,0.9987355914,2127.63819,1875.582115,0.6667622031,0.587772521,0.5537721364,0.6217729056
synthetic_20250706,synthetic,2025-07-06,adapted,1882,0.5880856422,6.936335705,0.2626822689,0.0690019744,0.0008301682391,0.9991698318,2127.707192,1876.581284,0.666783827,0.5880856422,0.5540852576,0.6220860268
synthetic_20250706,synthetic,2025-07-06,adapted,1883,0.5883987938,6.934991741,-0.5472659838,0.2995000571,0.0007333546037,0.9992666454,2128.006692,1877.580551,0.6668776847,0.5883987938,0.5543984092,0.6223991784
synthetic_20250706,synthetic,2025-07-06,adapted,1884,0.5887118615,6.934442426,1.151489993,1.325929204,0.001001015512,0.9989989845,2129.332621,1878.57955,0.6672932063,0.5887118615,0.5547114769,0.6227122461
synthetic_20250706,synthetic,2025-07-06,adapted,1885,0.5890245936,6.933535177,-0.09633881426,0.009281167133,0.002071760058,0.9979282399,2129.341902,1879.577478,0.6672961148,0.5890245936,0.555024209,0.6230249782
synthetic_20250706,synthetic,2025-07-06,adapted,1886,0.5893376958,6.932113868,0.6844970279,0.4685361812,0.0008908334065,0.9991091666,2129.810439,1880.576587,0.6674429453,0.5893376958,0.5553373112,0.6233380804
synthetic_20250706,synthetic,2025-07-06,adapted,1887,0.5896508985,6.929725226,-1.032084018,1.06519742,0.0005704330807,0.9994295669,2130.875636,1881.576017,0.6677767584,0.5896508985,0.5556505139,0.6236512831
synthetic_20250706,synthetic,2025-07-06,adapted,1888,0.5899641529,6.92917182,0.4842776414,0.234524834,0.0004050424883,0.9995949575,2131.110161,1882.575612,0.6678502541,0.5899641529,0.5559637683,0.6239645375
synthetic_20250706,synthetic,2025-07-06,adapted,1889,0.5902771607,6.925746352,1.387425173,1.924948612,0.001192079599,0.9988079204,2133.035109,1883.57442,0.6684534972,0.5902771607,0.5562767761,0.6242775453
synthetic_20250706,synthetic,2025-07-06,adapted,1890,0.5905903681,6.922690825,-0.8192986916,0.6712503461,0.0005551691987,0.9994448308,2133.70636,1884.573865,0.6686638545,0.5905903681,0.5565899835,0.6245907527
synthetic_20250706,synthetic,2025-07-06,adapted,1891,0.5909032277,6.922217369,-0.9837410746,0.9677465018,0.00166520597,0.998334794,2134.674106,1885.5722,0.6689671283,0.5909032277,0.5569028431,0.6249036123
synthetic_20250706,synthetic,2025-07-06,adapted,1892,0.5912161251,6.921025838,-0.7384050715,0.5452420497,0.001544317984,0.998455682,2135.219348,1886.570655,0.669137997,0.5912161251,0.5572157405,0.6252165097
synthetic_20250706,synthetic,2025-07-06,adapted,1893,0.5915293402,6.915896025,0.3180930638,0.1011831972,0.0005307599405,0.9994692401,2135.320532,1887.570124,0.6691697059,0.5915293402,0.5575289556,0.6255297248
synthetic_20250706,synthetic,2025-07-06,adapted,1894,0.5918423499,6.914625805,0.3500184944,0.1225129464,0.001186027967,0.998813972,2135.443044,1888.568938,0.6692080992,0.5918423499,0.5578419653,0.6258427345
synthetic_20250706,synthetic,2025-07-06,adapted,1895,0.5921555211,6.914119121,0.7940287828,0.6304817079,0.0006706568624,0.9993293431,2136.073526,1889.568268,0.6694056804,0.5921555211,0.5581551365,0.6261559057
synthetic_20250706,synthetic,2025-07-06,adapted,1896,0.5924687338,6.910982066,0.7815397716,0.6108044146,0.0005381700506,0.9994618299,2136.684331,1890.56773,0.6695970951,0.5924687338,0.5584683492,0.6264691184
synthetic_20250706,synthetic,2025-07-06,adapted,1897,0.5927816809,6.909949153,-1.259986277,1.587565418,0.001385878168,0.9986141218,2138.271896,1891.566344,0.6700946086,0.5927816809,0.5587812963,0.6267820655
synthetic_20250706,synthetic,2025-07-06,adapted,1898,0.5930947719,6.907724533,0.6117049624,0.374182961,0.0009265066107,0.9990734934,2138.646079,1892.565417,0.6702118706,0.5930947719,0.5590943873,0.6270951565
synthetic_20250706,synthetic,2025-07-06,adapted,1899,0.5934077421,6.906138319,0.4350743988,0.1892897325,0.001312152153,0.9986878478,2138.835369,1893.564105,0.6702711904,0.5934077421,0.5594073575,0.6274081267
synthetic_20250706,synthetic,2025-07-06,adapted,1900,0.593719745,6.903451061,-0.543510482,0.295403644,0.004398615574,0.9956013844,2139.130772,1894.559706,0.6703637644,0.593719745,0.5597193604,0.6277201296
synthetic_20250706,synthetic,2025-07-06,adapted,1901,0.5940329343,6.901379371,-1.105314033,1.221719113,0.000613076404,0.9993869236,2140.352491,1895.559093,0.6707466285,0.5940329343,0.5600325497,0.6280333189
synthetic_20250706,synthetic,2025-07-06,adapted,1902,0.5943462544,6.900597886,-0.9530123353,0.9082325113,0.0001955576082,0.9998044424,2141.260724,1896.558898,0.6710312516,0.5943462544,0.5603458698,0.628346639
synthetic_20250706,synthetic,2025-07-06,adapted,1903,0.5946587135,6.899540253,0.2352068734,0.05532227332,0.002943121834,0.9970568782,2141.316046,1897.555955,0.6710485886,0.5946587135,0.5606583289,0.6286590981
synthetic_20250706,synthetic,2025-07-06,adapted,1904,0.5949717221,6.896221373,-0.6727106447,0.4525396115,0.001189492588,0.9988105074,2141.768586,1898.554765,0.6711904061,0.5949717221,0.5609713375,0.6289721067
synthetic_20250706,synthetic,2025-07-06,adapted,1905,0.5952846197,6.894357357,0.1735854618,0.03013191254,0.001543651169,0.9984563488,2141.798718,1899.553222,0.6711998489,0.5952846197,0.5612842351,0.6292850043
synthetic_20250706,synthetic,2025-07-06,adapted,1906,0.5955977187,6.893264483,-1.398957926,1.957083278,0.000901254985,0.999098745,2143.755801,1900.55232,0.6718131623,0.5955977187,0.5615973341,0.6295981033
synthetic_20250706,synthetic,2025-07-06,adapted,1907,0.5959109712,6.889063924,-0.1122206984,0.01259348516,0.0004110723636,0.9995889276,2143.768395,1901.551909,0.6718171089,0.5959109712,0.5619105866,0.6299113558
synthetic_20250706,synthetic,2025-07-06,adapted,1908,0.5962241795,6.887571314,-0.1932599104,0.03734939297,0.0005523316713,0.9994476683,2143.805744,1902.551357,0.6718288135,0.5962241795,0.5622237949,0.6302245641
synthetic_20250706,synthetic,2025-07-06,adapted,1909,0.5965371823,6.88688416,-0.3694987158,0.1365293009,0.001208249614,0.9987917504,2143.942273,1903.550149,0.6718715993,0.5965371823,0.5625367977,0.6305375669
synthetic_20250706,synthetic,2025-07-06,adapted,1910,0.5968503459,6.885025017,0.9937337465,0.9875067589,0.0006948078905,0.9993051921,2144.92978,1904.549454,0.6721810655,0.5968503459,0.5628499613,0.6308507305
synthetic_20250706,synthetic,2025-07-06,adapted,1911,0.5971619876,6.884254662,1.981419223,3.926022139,0.005551406584,0.9944485934,2148.855802,1905.543902,0.6734114077,0.5971619876,0.563161603,0.6311623722
synthetic_20250706,synthetic,2025-07-06,adapted,1912,0.5974747001,6.88397251,-1.676442595,2.810459774,0.002134501428,0.9978654986,2151.666262,1906.541768,0.6742921535,0.5974747001,0.5634743155,0.6314750847
synthetic_20250706,synthetic,2025-07-06,adapted,1913,0.5977868065,6.880788034,-1.103585283,1.217900477,0.004068342046,0.995931658,2152.884162,1907.5377,0.6746738209,0.5977868065,0.5637864219,0.6317871911
synthetic_20250706,synthetic,2025-07-06,adapted,1914,0.598097254,6.880685806,1.477718103,2.183650791,0.009362020898,0.9906379791,2155.067813,1908.528338,0.6753581364,0.598097254,0.5640968694,0.6320976386
synthetic_20250706,synthetic,2025-07-06,adapted,1915,0.5984103337,6.879429196,0.4365149978,0.1905453433,0.0009626489709,0.999037351,2155.258359,1909.527375,0.6754178497,0.5984103337,0.5644099491,0.6324107183
synthetic_20250706,synthetic,2025-07-06,adapted,1916,0.5987225058,6.878458273,-0.5362845366,0.2876011042,0.003858879511,0.9961411205,2155.54596,1910.523516,0.6755079786,0.5987225058,0.5647221212,0.6327228904
synthetic_20250706,synthetic,2025-07-06,adapted,1917,0.5990343417,6.875459371,-1.466736023,2.151314561,0.004931730196,0.9950682698,2157.697274,1911.518584,0.6761821605,0.5990343417,0.5650339571,0.6330347263
synthetic_20250706,synthetic,2025-07-06,adapted,1918,0.5993469228,6.874079487,-0.3498123543,0.1223686832,0.002553592148,0.9974464079,2157.819643,1912.516031,0.6762205086,0.5993469228,0.5653465382,0.6333473074
synthetic_20250706,synthetic,2025-07-06,adapted,1919,0.5996598804,6.871594712,-0.4878299143,0.2379780253,0.001352371701,0.9986476283,2158.057621,1913.514678,0.6762950865,0.5996598804,0.5656594958,0.633660265
synthetic_20250706,synthetic,2025-07-06,adapted,1920,0.5999725785,6.871059357,-0.1002265391,0.01004535914,0.002180456481,0.9978195435,2158.067666,1914.512498,0.6762982345,0.5999725785,0.5659721939,0.6339729631
synthetic_20250706,synthetic,2025-07-06,adapted,1921,0.6002855805,6.8654031,0.2473346759,0.0611744419,0.001210551443,0.9987894486,2158.128841,1915.511287,0.6763174054,0.6002855805,0.5662851959,0.6342859651
synthetic_20250706,synthetic,2025-07-06,adapted,1922,0.6005987286,6.862563884,0.8202985682,0.6728897411,0.0007444822436,0.9992555178,2158.80173,1916.510543,0.6765282765,0.6005987286,0.566598344,0.6345991132
synthetic_20250706,synthetic,2025-07-06,adapted,1923,0.6009117637,6.860918518,0.8813042973,0.7766972644,0.001104983256,0.9988950167,2159.578428,1917.509438,0.676771679,0.6009117637,0.5669113791,0.6349121483
synthetic_20250706,synthetic,2025-07-06,adapted,1924,0.6012247264,6.859029859,-0.3203043198,0.1025948573,0.001335941005,0.998664059,2159.681023,1918.508102,0.6768038303,0.6012247264,0.5672243418,0.635225111
synthetic_20250706,synthetic,2025-07-06,adapted,1925,0.6015369634,6.858420388,0.3190691422,0.1018051175,0.003651647261,0.9963483527,2159.782828,1919.50445,0.6768357341,0.6015369634,0.5675365788,0.635537348
synthetic_20250706,synthetic,2025-07-06,adapted,1926,0.6018498637,6.857418752,-0.4115105473,0.1693409306,0.001535086481,0.9984649135,2159.952169,1920.502915,0.6768888024,0.6018498637,0.5678494791,0.6358502483
synthetic_20250706,synthetic,2025-07-06,adapted,1927,0.6021629523,6.855104315,0.5655366174,0.3198316656,0.0009342967043,0.9990657033,2160.272,1921.501981,0.6769890317,0.6021629523,0.5681625677,0.6361633369
synthetic_20250706,synthetic,2025-07-06,adapted,1928,0.6024756301,6.85346589,-1.44856076,2.098328276,0.002245364207,0.9977546358,2162.370329,1922.499736,0.6776466088,0.6024756301,0.5684752455,0.6364760147
synthetic_20250706,synthetic,2025-07-06,adapted,1929,0.6027887723,6.850057686,0.3352064097,0.1123633371,0.0007632435586,0.9992367564,2162.482692,1923.498972,0.6776818213,0.6027887723,0.5687883877,0.6367891569
synthetic_20250706,synthetic,2025-07-06,adapted,1930,0.6031013472,6.848655024,0.01843337285,0.0003397892348,0.00257345566,0.9974265443,2162.483032,1924.496399,0.6776819278,0.6031013472,0.5691009626,0.6371017318
synthetic_20250706,synthetic,2025-07-06,adapted,1931,0.6034140093,6.846945055,-0.2704658491,0.07315177553,0.002295100373,0.9977048996,2162.556183,1925.494104,0.6777048522,0.6034140093,0.5694136247,0.6374143939
synthetic_20250706,synthetic,2025-07-06,adapted,1932,0.6037270132,6.846010084,0.3754525813,0.1409646408,0.001204552137,0.9987954479,2162.697148,1926.492899,0.6777490279,0.6037270132,0.5697266286,0.6377273978
synthetic_20250706,synthetic,2025-07-06,adapted,1933,0.6040402219,6.845006784,-0.394787155,0.1558568977,0.0005510256053,0.9994489744,2162.853005,1927.492348,0.6777978706,0.6040402219,0.5700398373,0.6380406065
synthetic_20250706,synthetic,2025-07-06,adapted,1934,0.6043526957,6.841859487,0.1616203175,0.02612112703,0.00289621841,0.9971037816,2162.879126,1928.489452,0.6778060564,0.6043526957,0.5703523111,0.6383530803
synthetic_20250706,synthetic,2025-07-06,adapted,1935,0.6046654392,6.841253561,-1.816649694,3.30021611,0.002035363742,0.9979646363,2166.179342,1929.487417,0.6788402827,0.6046654392,0.5706650546,0.6386658238
synthetic_20250706,synthetic,2025-07-06,adapted,1936,0.6049769663,6.840691896,0.6955249166,0.4837549096,0.005916977485,0.9940830225,2166.663097,1930.4815,0.6789918825,0.6049769663,0.5709765817,0.6389773509
synthetic_20250706,synthetic,2025-07-06,adapted,1937,0.605290135,6.838079184,0.4448551565,0.1978961103,0.0006789013559,0.9993210986,2166.860993,1931.480821,0.6790538995,0.605290135,0.5712897504,0.6392905196
synthetic_20250706,synthetic,2025-07-06,adapted,1938,0.6056012381,6.83742542,-0.535725769,0.2870020996,0.007269847904,0.9927301521,2167.147995,1932.473551,0.6791438406,0.6056012381,0.5716008535,0.6396016227
synthetic_20250706,synthetic,2025-07-06,adapted,1939,0.6059132266,6.835937124,0.8463889994,0.7163743383,0.004444786968,0.995555213,2167.86437,1933.469106,0.679368339,0.6059132266,0.571912842,0.6399136112
synthetic_20250706,synthetic,2025-07-06,adapted,1940,0.606226487,6.833305617,1.706010978,2.910473456,0.0003860701941,0.9996139298,2170.774843,1934.46872,0.6802804272,0.606226487,0.5722261024,0.6402268716
synthetic_20250706,synthetic,2025-07-06,adapted,1941,0.606539499,6.831011226,-0.2870864504,0.08241862998,0.001178564198,0.9988214358,2170.857262,1935.467541,0.6803062556,0.606539499,0.5725391144,0.6405398836
synthetic_20250706,synthetic,2025-07-06,adapted,1942,0.6068525577,6.830339405,0.242104222,0.05861445431,0.001029891728,0.9989701083,2170.915876,1936.466512,0.6803246243,0.6068525577,0.5728521731,0.6408529423
synthetic_20250706,synthetic,2025-07-06,adapted,1943,0.60716581,6.827412783,-0.8155827762,0.6651752648,0.0004118362118,0.9995881638,2171.581051,1937.4661,0.6805330779,0.60716581,0.5731654254,0.6411661946
synthetic_20250706,synthetic,2025-07-06,adapted,1944,0.6074784881,6.825894442,-0.1232995774,0.01520278578,0.002244140492,0.9977558595,2171.596254,1938.463856,0.6805378421,0.6074784881,0.5734781035,0.6414788727
synthetic_20250706,synthetic,2025-07-06,adapted,1945,0.6077914365,6.825414896,-0.750825926,0.5637395711,0.001381708865,0.9986182911,2172.159994,1939.462474,0.6807145076,0.6077914365,0.5737910519,0.6417918211
synthetic_20250706,synthetic,2025-07-06,adapted,1946,0.6081046944,6.824731683,0.3879385528,0.1504963208,0.0003939128284,0.9996060872,2172.31049,1940.46208,0.6807616704,0.6081046944,0.5741043098,0.642105079
synthetic_20250706,synthetic,2025-07-06,adapted,1947,0.6084177885,6.824303994,0.2440112658,0.05954149784,0.0009167522458,0.9990832478,2172.370032,1941.461163,0.6807803296,0.6084177885,0.5744174039,0.6424181731
synthetic_20250706,synthetic,2025-07-06,adapted,1948,0.608730573,6.821677254,-0.7474109995,0.5586232022,0.001904747436,0.9980952526,2172.928655,1942.459258,0.6809553917,0.608730573,0.5747301884,0.6427309576
synthetic_20250706,synthetic,2025-07-06,adapted,1949,0.6090431493,6.821261243,-1.161561468,1.349225043,0.002568960019,0.99743104,2174.27788,1943.456689,0.6813782137,0.6090431493,0.5750427647,0.6430435339
synthetic_20250706,synthetic,2025-07-06,adapted,1950,0.6093563788,6.819488563,-0.5646254465,0.3188018948,0.0004848393267,0.9995151607,2174.596682,1944.456205,0.6814781203,0.6093563788,0.5753559942,0.6433567634
synthetic_20250706,synthetic,2025-07-06,adapted,1951,0.6096677727,6.817653651,-1.169547988,1.367842496,0.006341910512,0.9936580895,2175.964524,1945.449863,0.6819067766,0.6096677727,0.5756673881,0.6436681573
synthetic_20250706,synthetic,2025-07-06,adapted,1952,0.60998061,6.815686742,-0.5226025415,0.2731134164,0.001736235467,0.9982637645,2176.237638,1946.448126,0.6819923653,0.60998061,0.5759802254,0.6439809946
synthetic_20250706,synthetic,2025-07-06,adapted,1953,0.6102938239,6.813869904,0.9009882596,0.811779844,0.0005343374992,0.9994656625,2177.049418,1947.447592,0.682246762,0.6102938239,0.5762934393,0.6442942085
synthetic_20250706,synthetic,2025-07-06,adapted,1954,0.6106069262,6.810527868,0.5988530311,0.3586249528,0.0008906895666,0.9991093104,2177.408042,1948.446701,0.6823591484,0.6106069262,0.5766065416,0.6446073108
synthetic_20250706,synthetic,2025-07-06,adapted,1955,0.6109200004,6.809447622,-0.2468174175,0.06091883757,0.0009801363735,0.9990198636,2177.468961,1949.445721,0.6823782392,0.6109200004,0.5769196158,0.644920385
synthetic_20250706,synthetic,2025-07-06,adapted,1956,0.611232766,6.809074563,1.167257376,1.362489781,0.001965125224,0.9980348748,2178.831451,1950.443756,0.6828052181,0.611232766,0.5772323814,0.6452331506
synthetic_20250706,synthetic,2025-07-06,adapted,1957,0.6115436519,6.808497229,-0.4634082787,0.2147472327,0.007962916829,0.9920370832,2179.046198,1951.435793,0.6828725159,0.6115436519,0.5775432673,0.6455440365
synthetic_20250706,synthetic,2025-07-06,adapted,1958,0.6118564721,6.806250636,-1.268120064,1.608128498,0.001790852462,0.9982091475,2180.654327,1952.434002,0.6833764735,0.6118564721,0.5778560875,0.6458568567
synthetic_20250706,synthetic,2025-07-06,adapted,1959,0.6121693141,6.804494877,0.4446142901,0.197681867,0.001721022602,0.9982789774,2180.852009,1953.432281,0.6834384233,0.6121693141,0.5781689295,0.6461696987
synthetic_20250706,synthetic,2025-07-06,adapted,1960,0.6124799029,6.804039931,0.5565887754,0.3097910649,0.008911257406,0.9910887426,2181.1618,1954.42337,0.683535506,0.6124799029,0.5784795183,0.6464802875
synthetic_20250706,synthetic,2025-07-06,adapted,1961,0.6127931707,6.802280267,-1.608358842,2.586818164,0.0003623489999,0.999637651,2183.748618,1955.423008,0.6843461667,0.6127931707,0.5787927861,0.6467935553
synthetic_20250706,synthetic,2025-07-06,adapted,1962,0.6131063731,6.799552737,-0.1300810426,0.01692107764,0.0005712447738,0.9994287552,2183.765539,1956.422437,0.6843514695,0.6131063731,0.5791059885,0.6471067577
synthetic_20250706,synthetic,2025-07-06,adapted,1963,0.6134196316,6.796214444,-0.3205349687,0.1027426662,0.0003922015945,0.9996077984,2183.868282,1957.422044,0.6843836671,0.6134196316,0.579419247,0.6474200162
synthetic_20250706,synthetic,2025-07-06,adapted,1964,0.6137323989,6.795539963,1.335027615,1.782298733,0.001959347032,0.998040653,2185.65058,1958.420085,0.6849422063,0.6137323989,0.5797320143,0.6477327835
synthetic_20250706,synthetic,2025-07-06,adapted,1965,0.6140453697,6.793005057,-1.127929053,1.272223949,0.001310166694,0.9986898333,2186.922804,1959.418775,0.6853408976,0.6140453697,0.5800449851,0.6480457543
synthetic_20250706,synthetic,2025-07-06,adapted,1966,0.6143565685,6.790859542,0.600916875,0.3611010907,0.006964836659,0.9930351633,2187.283905,1960.41181,0.68545406,0.6143565685,0.5803561839,0.6483569531
synthetic_20250706,synthetic,2025-07-06,adapted,1967,0.6146693576,6.789181575,0.2345625662,0.05501959747,0.001889936264,0.9981100637,2187.338925,1961.40992,0.6854713021,0.6146693576,0.580668973,0.6486697422
synthetic_20250706,synthetic,2025-07-06,adapted,1968,0.614981456,6.786217717,0.7271413548,0.5287345498,0.004093840876,0.9959061591,2187.86766,1962.405826,0.6856369977,0.614981456,0.5809810714,0.6489818406
synthetic_20250706,synthetic,2025-07-06,adapted,1969,0.6152940185,6.78590822,1.011270209,1.022667436,0.002613162137,0.9973868379,2188.890327,1963.403213,0.6859574826,0.6152940185,0.5812936339,0.6492944031
synthetic_20250706,synthetic,2025-07-06,adapted,1970,0.6156065687,6.782948341,-1.26641109,1.60379705,0.002652243507,0.9973477565,2190.494124,1964.400561,0.6864600828,0.6156065687,0.5816061841,0.6496069533
synthetic_20250706,synthetic,2025-07-06,adapted,1971,0.6159184032,6.780159934,0.6831953255,0.4667558528,0.004936235198,0.9950637648,2190.96088,1965.395625,0.6866063554,0.6159184032,0.5819180186,0.6499187878
synthetic_20250706,synthetic,2025-07-06,adapted,1972,0.6162315657,6.77988453,0.002298405443,5.282667582e-06,0.0006984824678,0.9993015175,2190.960885,1966.394926,0.686606357,0.6162315657,0.5822311811,0.6502319503
synthetic_20250706,synthetic,2025-07-06,adapted,1973,0.6165446862,6.779274196,-0.8765686439,0.7683725875,0.0008323643012,0.9991676357,2191.729258,1967.394094,0.6868471507,0.6165446862,0.5825443016,0.6505450708
synthetic_20250706,synthetic,2025-07-06,adapted,1974,0.6168574253,6.778009433,-0.4894280405,0.2395398068,0.002049668427,0.9979503316,2191.968798,1968.392044,0.686922218,0.6168574253,0.5828570407,0.6508578099
synthetic_20250706,synthetic,2025-07-06,adapted,1975,0.6171701478,6.777644353,-1.136442088,1.29150062,0.002102457108,0.9978975429,2193.260298,1969.389942,0.6873269502,0.6171701478,0.5831697632,0.6511705324
synthetic_20250706,synthetic,2025-07-06,adapted,1976,0.6174830633,6.776024374,-0.380419929,0.1447193224,0.001486644307,0.9985133557,2193.405018,1970.388455,0.6873723026,0.6174830633,0.5834826787,0.6514834479
synthetic_20250706,synthetic,2025-07-06,adapted,1977,0.6177960745,6.775272996,0.5838924016,0.3409303366,0.001181194011,0.998818806,2193.745948,1971.387274,0.6874791438,0.6177960745,0.5837956899,0.6517964591
synthetic_20250706,synthetic,2025-07-06,adapted,1978,0.6181089191,6.774891249,0.1572533642,0.02472862056,0.00171285981,0.9982871402,2193.770677,1972.385561,0.6874868933,0.6181089191,0.5841085345,0.6521093037
synthetic_20250706,synthetic,2025-07-06,adapted,1979,0.618421481,6.774432216,0.4190038201,0.1755642013,0.002614973257,0.9973850267,2193.946241,1973.382946,0.6875419119,0.618421481,0.5844210964,0.6524218656
synthetic_20250706,synthetic,2025-07-06,adapted,1980,0.6187337472,6.771936362,1.100975235,1.212146469,0.003558666913,0.9964413331,2195.158387,1974.379387,0.687921776,0.6187337472,0.5847333626,0.6527341318
synthetic_20250706,synthetic,2025-07-06,adapted,1981,0.6190468729,6.769713806,-0.8055399871,0.6488946709,0.0008159543226,0.9991840457,2195.807282,1975.378571,0.6881251275,0.6190468729,0.5850464883,0.6530472575
synthetic_20250706,synthetic,2025-07-06,adapted,1982,0.6193599664,6.765156701,1.470365857,2.161975754,0.000918477445,0.9990815226,2197.969258,1976.377653,0.6888026505,0.6193599664,0.5853595818,0.653360351
synthetic_20250706,synthetic,2025-07-06,adapted,1983,0.6196729765,6.762766719,0.5337588803,0.2848985423,0.001184691524,0.9988153085,2198.254156,1977.376468,0.6888919324,0.6196729765,0.5856725919,0.6536733611
synthetic_20250706,synthetic,2025-07-06,adapted,1984,0.6199856485,6.76079803,-0.8317926449,0.6918790041,0.0022639175,0.9977360825,2198.946035,1978.374204,0.6891087544,0.6199856485,0.5859852639,0.6539860331
synthetic_20250706,synthetic,2025-07-06,adapted,1985,0.6202986114,6.759198413,-0.05387320589,0.002902322313,0.001335244065,0.9986647559,2198.948937,1979.372869,0.6891096639,0.6202986114,0.5862982268,0.654298996
synthetic_20250706,synthetic,2025-07-06,adapted,1986,0.6206108685,6.757894676,0.6769863427,0.4583105082,0.003587432471,0.9964125675,2199.407248,1980.369282,0.6892532899,0.6206108685,0.5866104839,0.6546112531
synthetic_20250706,synthetic,2025-07-06,adapted,1987,0.6209241091,6.757196079,-0.1971331866,0.03886149328,0.000449388739,0.9995506113,2199.446109,1981.368832,0.6892654683,0.6209241091,0.5869237245,0.6549244937
synthetic_20250706,synthetic,2025-07-06,adapted,1988,0.6212361048,6.755358276,-0.0884304633,0.007819946839,0.004421807397,0.9955781926,2199.453929,1982.36441,0.689267919,0.6212361048,0.5872357202,0.6552364894
synthetic_20250706,synthetic,2025-07-06,adapted,1989,0.6215488212,6.75349103,-1.189388661,1.414645387,0.002121836556,0.9978781634,2200.868575,1983.362289,0.6897112425,0.6215488212,0.5875484366,0.6555492058
synthetic_20250706,synthetic,2025-07-06,adapted,1990,0.6218617416,6.752474856,1.096272091,1.201812498,0.001470902759,0.9985290972,2202.070387,1984.360818,0.6900878682,0.6218617416,0.587861357,0.6558621262
synthetic_20250706,synthetic,2025-07-06,adapted,1991,0.6221745404,6.750955807,-1.267066008,1.605456269,0.001859285166,0.9981407148,2203.675844,1985.358958,0.6905909883,0.6221745404,0.5881741558,0.656174925
synthetic_20250706,synthetic,2025-07-06,adapted,1992,0.6224876756,6.750308322,-3.172893982,10.06725622,0.0007853251708,0.9992146748,2213.7431,1986.358173,0.693745879,0.6224876756,0.588487291,0.6564880602
synthetic_20250706,synthetic,2025-07-06,adapted,1993,0.6228006557,6.749409569,-2.124280424,4.512567321,0.001280688444,0.9987193116,2218.255667,1987.356892,0.6951600336,0.6228006557,0.5888002711,0.6568010403
synthetic_20250706,synthetic,2025-07-06,adapted,1994,0.6231135413,6.746988876,-0.6620213935,0.4382723254,0.001581864969,0.998418135,2218.693939,1988.35531,0.69529738,0.6231135413,0.5891131567,0.6571139259
synthetic_20250706,synthetic,2025-07-06,adapted,1995,0.6234268476,6.745788145,1.257304663,1.580815015,0.000239676071,0.9997603239,2220.274754,1989.355071,0.695792778,0.6234268476,0.589426463,0.6574272322
synthetic_20250706,synthetic,2025-07-06,adapted,1996,0.6237394216,6.744860297,-0.1990549781,0.03962288431,0.002576578056,0.9974234219,2220.314377,1990.352494,0.695805195,0.6237394216,0.589739037,0.6577398062
synthetic_20250706,synthetic,2025-07-06,adapted,1997,0.624052697,6.74331594,-1.324413601,1.754071387,0.0003379592566,0.9996620407,2222.068449,1991.352156,0.6963548884,0.624052697,0.5900523124,0.6580530816
synthetic_20250706,synthetic,2025-07-06,adapted,1998,0.6243658802,6.741737735,1.350602551,1.824127251,0.0006323930686,0.9993676069,2223.892576,1992.351524,0.6969265359,0.6243658802,0.5903654956,0.6583662648
synthetic_20250706,synthetic,2025-07-06,adapted,1999,0.624678325,6.739298456,0.2556519606,0.06535792498,0.002988900241,0.9970110998,2223.957934,1993.348535,0.6969470178,0.624678325,0.5906779404,0.6586787096
synthetic_20250706,synthetic,2025-07-06,adapted,2000,0.624991552,6.738389052,-0.3632153737,0.1319254077,0.0004924281332,0.9995075719,2224.089859,1994.348043,0.6969883608,0.624991552,0.5909911674,0.6589919366
synthetic_20250706,synthetic,2025-07-06,adapted,2001,0.6253046489,6.737252902,0.1795571438,0.03224076788,0.0009077499913,0.99909225,2224.1221,1995.347135,0.6969984645,0.6253046489,0.5913042643,0.6593050335
synthetic_20250706,synthetic,2025-07-06,adapted,2002,0.6256176049,6.73610018,1.128628857,1.273803096,0.00135737637,0.9986426236,2225.395903,1996.345777,0.6973976506,0.6256176049,0.5916172203,0.6596179895
synthetic_20250706,synthetic,2025-07-06,adapted,2003,0.6259307253,6.735021953,-0.158387327,0.02508654536,0.0008329092029,0.9991670908,2225.42099,1997.344944,0.6974055123,0.6259307253,0.5919303407,0.6599311099
synthetic_20250706,synthetic,2025-07-06,adapted,2004,0.6262431877,6.733920555,-0.3678214374,0.1352926098,0.002932643488,0.9970673565,2225.556282,1998.342012,0.6974479105,0.6262431877,0.5922428031,0.6602435723
synthetic_20250706,synthetic,2025-07-06,adapted,2005,0.6265556667,6.732967084,-2.01061324,4.042565603,0.002879312891,0.9971206871,2229.598848,1999.339133,0.6987147753,0.6265556667,0.5925552821,0.6605560513
synthetic_20250706,synthetic,2025-07-06,adapted,2006,0.6268687699,6.732217222,-0.253386677,0.06420480807,0.0008878968856,0.9991121031,2229.663053,2000.338245,0.6987348959,0.6268687699,0.5928683853,0.6608691545
synthetic_20250706,synthetic,2025-07-06,adapted,2007,0.6271820401,6.7262555,0.9255985117,0.8567326048,0.0003546091286,0.9996453909,2230.519785,2001.33789,0.6990033799,0.6271820401,0.5931816555,0.6611824247
synthetic_20250706,synthetic,2025-07-06,adapted,2008,0.6274946707,6.722456495,1.548310053,2.397264021,0.002395796443,0.9976042036,2232.917049,2002.335494,0.6997546379,0.6274946707,0.5934942861,0.6614950553
synthetic_20250706,synthetic,2025-07-06,adapted,2009,0.6278078564,6.720764569,0.249116608,0.06205908438,0.0006245613876,0.9993754386,2232.979108,2003.33487,0.699774086,0.6278078564,0.5938074718,0.661808241
synthetic_20250706,synthetic,2025-07-06,adapted,2010,0.6281210396,6.720203494,-0.08162481099,0.006662609769,0.0006321735177,0.9993678265,2232.985771,2004.334237,0.699776174,0.6281210396,0.594120655,0.6621214242
synthetic_20250706,synthetic,2025-07-06,adapted,2011,0.6284338305,6.719210021,1.79489666,3.221654018,0.001884298885,0.9981157011,2236.207425,2005.332353,0.7007857803,0.6284338305,0.5944334459,0.6624342151
synthetic_20250706,synthetic,2025-07-06,adapted,2012,0.6287465771,6.71794114,-1.759776127,3.096812017,0.002025588902,0.9979744111,2239.304237,2006.330328,0.7017562636,0.6287465771,0.5947461925,0.6627469617
synthetic_20250706,synthetic,2025-07-06,adapted,2013,0.6290593709,6.717172095,1.772736999,3.142596466,0.001875199564,0.9981248004,2242.446834,2007.328452,0.7027410948,0.6290593709,0.5950589863,0.6630597555
synthetic_20250706,synthetic,2025-07-06,adapted,2014,0.6293712814,6.716524604,-0.4747503552,0.2253878998,0.004693332167,0.9953066678,2242.672221,2008.323759,0.7028117272,0.6293712814,0.5953708968,0.663371666
synthetic_20250706,synthetic,2025-07-06,adapted,2015,0.6296842315,6.713506452,0.8743608388,0.7645068765,0.00137625304,0.998623747,2243.436728,2009.322383,0.7030513094,0.6296842315,0.5956838469,0.6636846161
synthetic_20250706,synthetic,2025-07-06,adapted,2016,0.629996741,6.710659018,0.2007380072,0.04029574754,0.00278225697,0.997217743,2243.477024,2010.319601,0.7030639374,0.629996741,0.5959963564,0.6639971256
synthetic_20250706,synthetic,2025-07-06,adapted,2017,0.630309788,6.709391608,-0.07632806062,0.005825972838,0.001067145627,0.9989328544,2243.48285,2011.318533,0.7030657631,0.630309788,0.5963094034,0.6643101726
synthetic_20250706,synthetic,2025-07-06,adapted,2018,0.6306219359,6.708797987,-0.3264773744,0.106587476,0.003936051043,0.996063949,2243.589438,2012.314597,0.7030991656,0.6306219359,0.5966215513,0.6646223205
synthetic_20250706,synthetic,2025-07-06,adapted,2019,0.6309348723,6.707339964,0.1439269287,0.02071496081,0.001419759464,0.9985802405,2243.610153,2013.313178,0.7031056573,0.6309348723,0.5969344877,0.6649352569
synthetic_20250706,synthetic,2025-07-06,adapted,2020,0.6312476787,6.705822666,-1.740286071,3.028595609,0.001834707476,0.9981652925,2246.638748,2014.311343,0.7040547628,0.6312476787,0.5972472941,0.6652480633
synthetic_20250706,synthetic,2025-07-06,adapted,2021,0.6315601955,6.701647945,-3.383486003,11.44797753,0.002758900233,0.9972410998,2258.086726,2015.308584,0.7076423459,0.6315601955,0.5975598109,0.6655605801
synthetic_20250706,synthetic,2025-07-06,adapted,2022,0.631873228,6.699233902,0.5325926259,0.2836549052,0.001113469666,0.9988865303,2258.370381,2016.307471,0.707731238,0.631873228,0.5978728434,0.6658736126
synthetic_20250706,synthetic,2025-07-06,adapted,2023,0.6321859084,6.698987907,-1.219250501,1.486571784,0.002236726701,0.9977632733,2259.856952,2017.305234,0.708197102,0.6321859084,0.5981855238,0.666186293
synthetic_20250706,synthetic,2025-07-06,adapted,2024,0.632498041,6.697995357,-1.183712689,1.40117573,0.003985102307,0.9960148977,2261.258128,2018.301249,0.7086362043,0.632498041,0.5984976564,0.6664984256
synthetic_20250706,synthetic,2025-07-06,adapted,2025,0.6328113641,6.695097997,0.04074284637,0.00165997953,0.0001859623826,0.9998140376,2261.259788,2019.301063,0.7086367246,0.6328113641,0.5988109795,0.6668117487
synthetic_20250706,synthetic,2025-07-06,adapted,2026,0.633123702,6.692773899,-1.172775923,1.375403366,0.003329583191,0.9966704168,2262.635191,2020.297733,0.7090677504,0.633123702,0.5991233174,0.6671240866
synthetic_20250706,synthetic,2025-07-06,adapted,2027,0.6334362685,6.69115071,-0.5271947101,0.2779342624,0.002600258139,0.9973997419,2262.913126,2021.295133,0.7091548498,0.6334362685,0.5994358839,0.6674366531
synthetic_20250706,synthetic,2025-07-06,adapted,2028,0.6337491913,6.689586906,-1.411578063,1.992552627,0.001463461519,0.9985365385,2264.905678,2022.293669,0.7097792787,0.6337491913,0.5997488067,0.6677495759
synthetic_20250706,synthetic,2025-07-06,adapted,2029,0.6340614195,6.686832204,-0.660720164,0.4365511351,0.003679799869,0.9963202001,2265.342229,2023.28999,0.7099160857,0.6340614195,0.6000610349,0.6680618041
synthetic_20250706,synthetic,2025-07-06,adapted,2030,0.6343744831,6.685210028,0.6397814532,0.4093203079,0.001014128272,0.9989858717,2265.75155,2024.288975,0.7100443591,0.6343744831,0.6003740985,0.6683748677
synthetic_20250706,synthetic,2025-07-06,adapted,2031,0.6346871311,6.683357681,0.8273954385,0.6845832116,0.002340022372,0.9976599776,2266.436133,2025.286635,0.7102588947,0.6346871311,0.6006867465,0.6686875157
synthetic_20250706,synthetic,2025-07-06,adapted,2032,0.6350002843,6.680587139,-0.667114598,0.4450418869,0.0007281822678,0.9992718177,2266.881175,2026.285907,0.7103983625,0.6350002843,0.6009998997,0.6690006689
synthetic_20250706,synthetic,2025-07-06,adapted,2033,0.635313551,6.67912319,-0.6658612929,0.4433712614,0.0003659909729,0.999634009,2267.324546,2027.285541,0.7105373068,0.635313551,0.6013131664,0.6693139356
synthetic_20250706,synthetic,2025-07-06,adapted,2034,0.6356268861,6.678915145,-0.2603259016,0.06776957505,0.0001478466532,0.9998521533,2267.392316,2028.285393,0.7105585446,0.6356268861,0.6016265015,0.6696272707
synthetic_20250706,synthetic,2025-07-06,adapted,2035,0.6359400355,6.674736942,-1.023423603,1.04739587,0.0007400334163,0.9992599666,2268.439712,2029.284653,0.7108867789,0.6359400355,0.6019396509,0.6699404201
synthetic_20250706,synthetic,2025-07-06,adapted,2036,0.636252823,6.674158414,0.6666544541,0.4444281611,0.001895150828,0.9981048492,2268.88414,2030.282758,0.7110260544,0.636252823,0.6022524384,0.6702532076
synthetic_20250706,synthetic,2025-07-06,adapted,2037,0.6365660659,6.673270124,0.7779229057,0.6051640472,0.0004419721128,0.9995580279,2269.489304,2031.282316,0.7112157016,0.6365660659,0.6025656813,0.6705664505
synthetic_20250706,synthetic,2025-07-06,adapted,2038,0.6368791064,6.670867563,-1.075666444,1.157058299,0.001087886924,0.9989121131,2270.646362,2032.281228,0.7115783021,0.6368791064,0.6028787218,0.670879491
synthetic_20250706,synthetic,2025-07-06,adapted,2039,0.6371917779,6.669017974,0.2831563604,0.08017752441,0.002265242683,0.9977347573,2270.72654,2033.278963,0.7116034283,0.6371917779,0.6031913933,0.6711921625
synthetic_20250706,synthetic,2025-07-06,adapted,2040,0.6375038133,6.668300052,1.062473871,1.128850726,0.004294847778,0.9957051522,2271.85539,2034.274668,0.7119571891,0.6375038133,0.6035034287,0.6715041979
synthetic_20250706,synthetic,2025-07-06,adapted,2041,0.6378167792,6.667839921,-2.717312396,7.383786659,0.001325944311,0.9986740557,2279.239177,2035.273342,0.7142711304,0.6378167792,0.6038163946,0.6718171638
synthetic_20250706,synthetic,2025-07-06,adapted,2042,0.6381290369,6.664580336,-1.688602514,2.85137845,0.003585650975,0.996414349,2282.090555,2036.269757,0.7151646993,0.6381290369,0.6041286523,0.6721294215
synthetic_20250706,synthetic,2025-07-06,adapted,2043,0.6384418957,6.662886543,-0.8635120612,0.7456530799,0.001667469283,0.9983325307,2282.836209,2037.268089,0.7153983731,0.6384418957,0.6044415111,0.6724422803
synthetic_20250706,synthetic,2025-07-06,adapted,2044,0.6387551246,6.66237475,-0.9873706306,0.9749007622,0.0004866657674,0.9995133342,2283.811109,2038.267603,0.7157038888,0.6387551246,0.60475474,0.6727555092
synthetic_20250706,synthetic,2025-07-06,adapted,2045,0.6390671701,6.65866132,-0.1402350954,0.01966588198,0.004262914442,0.9957370856,2283.830775,2039.26334,0.7157100518,0.6390671701,0.6050667855,0.6730675547
synthetic_20250706,synthetic,2025-07-06,adapted,2046,0.6393793921,6.658076289,-0.9900861749,0.9802706337,0.003699423701,0.9963005763,2284.811046,2040.25964,0.7160172503,0.6393793921,0.6053790075,0.6733797767
synthetic_20250706,synthetic,2025-07-06,adapted,2047,0.6396914813,6.65589096,-0.9005380518,0.8109687827,0.004123305426,0.9958766946,2285.622015,2041.255517,0.7162713928,0.6396914813,0.6056910967,0.6736918659
synthetic_20250706,synthetic,2025-07-06,adapted,2048,0.6400020827,6.653808779,2.589374551,6.704860566,0.008871176697,0.9911288233,2292.326875,2042.246646,0.7183725713,0.6400020827,0.6060016981,0.6740024673
synthetic_20250706,synthetic,2025-07-06,adapted,2049,0.6403153028,6.652831496,2.47714553,6.136249978,0.0005145508753,0.9994854491,2298.463125,2043.246131,0.7202955579,0.6403153028,0.6063149182,0.6743156874
synthetic_20250706,synthetic,2025-07-06,adapted,2050,0.6406286149,6.649678718,-0.5232797514,0.2738216982,0.0002211064648,0.9997788935,2298.736947,2044.24591,0.7203813685,0.6406286149,0.6066282303,0.6746289995
synthetic_20250706,synthetic,2025-07-06,adapted,2051,0.6409414449,6.646501528,-0.06453420334,0.004164663401,0.001759304891,0.9982406951,2298.741111,2045.244151,0.7203826736,0.6409414449,0.6069410603,0.6749418295
synthetic_20250706,synthetic,2025-07-06,adapted,2052,0.641254457,6.64549194,-0.09657209845,0.009326170199,0.001178539561,0.9988214604,2298.750438,2046.242972,0.7203855963,0.641254457,0.6072540724,0.6752548416
synthetic_20250706,synthetic,2025-07-06,adapted,2053,0.6415675516,6.643580254,-1.696153717,2.876937432,0.0009151169315,0.9990848831,2301.627375,2047.242057,0.7212871749,0.6415675516,0.607567167,0.6755679362
synthetic_20250706,synthetic,2025-07-06,adapted,2054,0.6418806714,6.643103258,-0.1327575051,0.01762455516,0.0008348409455,0.9991651591,2301.645,2048.241222,0.7212926981,0.6418806714,0.6078802868,0.675881056
synthetic_20250706,synthetic,2025-07-06,adapted,2055,0.6421934331,6.641440583,-0.09348638199,0.008739703618,0.001977365796,0.9980226342,2301.653739,2049.239245,0.721295437,0.6421934331,0.6081930485,0.6761938177
synthetic_20250706,synthetic,2025-07-06,adapted,2056,0.6425064209,6.640243086,0.1792052223,0.03211451171,0.001255688572,0.9987443114,2301.685854,2050.237989,0.721305501,0.6425064209,0.6085060363,0.6765068055
synthetic_20250706,synthetic,2025-07-06,adapted,2057,0.6428192996,6.638559092,0.6459681089,0.4172747977,0.001604137886,0.9983958621,2302.103129,2051.236385,0.7214362672,0.6428192996,0.608818915,0.6768196842
synthetic_20250706,synthetic,2025-07-06,adapted,2058,0.6431309845,6.636687064,-1.878741546,3.529669795,0.005413541661,0.9945864583,2305.632798,2052.230972,0.7225424,0.6431309845,0.6091305999,0.6771313691
synthetic_20250706,synthetic,2025-07-06,adapted,2059,0.64344408,6.63434496,1.824836433,3.330028008,0.0009122928467,0.9990877072,2308.962826,2053.230059,0.7235859688,0.64344408,0.6094436954,0.6774444646
synthetic_20250706,synthetic,2025-07-06,adapted,2060,0.6437568421,6.632640471,-1.91871435,3.681464755,0.001976274807,0.9980237252,2312.644291,2054.228083,0.7247396713,0.6437568421,0.6097564575,0.6777572267
synthetic_20250706,synthetic,2025-07-06,adapted,2061,0.6440690486,6.631552992,0.844485721,0.713156133,0.003749038958,0.996250961,2313.357447,2055.224334,0.7249631612,0.6440690486,0.610068664,0.6780694332
synthetic_20250706,synthetic,2025-07-06,adapted,2062,0.6443822429,6.630860202,-1.17842741,1.38869116,0.0005968313063,0.9994031687,2314.746138,2056.223737,0.7253983511,0.6443822429,0.6103818583,0.6783826275
synthetic_20250706,synthetic,2025-07-06,adapted,2063,0.6446954971,6.630482275,-0.8428336338,0.7103685343,0.000405870293,0.9995941297,2315.456507,2057.223331,0.7256209674,0.6446954971,0.6106951125,0.6786958817
synthetic_20250706,synthetic,2025-07-06,adapted,2064,0.6450081672,6.62973108,-0.2430799424,0.05908785841,0.00226984944,0.9977301506,2315.515595,2058.221061,0.7256394845,0.6450081672,0.6110077826,0.6790085518
synthetic_20250706,synthetic,2025-07-06,adapted,2065,0.6453207687,6.627459056,-0.2901061702,0.08416159001,0.002488487776,0.9975115122,2315.599756,2059.218573,0.7256658591,0.6453207687,0.6113203841,0.6793211533
synthetic_20250706,synthetic,2025-07-06,adapted,2066,0.6456341165,6.624899867,-0.8212016418,0.6743721365,0.0001073106004,0.9998926894,2316.274129,2060.218466,0.7258771948,0.6456341165,0.6116337319,0.6796345011
synthetic_20250706,synthetic,2025-07-06,adapted,2067,0.6459449201,6.623024346,-0.5265286168,0.2772323844,0.008225549598,0.9917744504,2316.551361,2061.21024,0.7259640743,0.6459449201,0.6119445355,0.6799453047
synthetic_20250706,synthetic,2025-07-06,adapted,2068,0.6462575435,6.620546862,1.516005493,2.298272654,0.00241859805,0.9975814019,2318.849634,2062.207821,0.7266843101,0.6462575435,0.6122571589,0.6802579281
synthetic_20250706,synthetic,2025-07-06,adapted,2069,0.6465703182,6.618731995,0.156809584,0.02458924562,0.001936036976,0.998063963,2318.874223,2063.205885,0.7266920159,0.6465703182,0.6125699336,0.6805707028
synthetic_20250706,synthetic,2025-07-06,adapted,2070,0.6468832868,6.617379622,2.011863353,4.047594149,0.001317109408,0.9986828906,2322.921817,2064.204568,0.7279604566,0.6468832868,0.6128829022,0.6808836714
synthetic_20250706,synthetic,2025-07-06,adapted,2071,0.6471965149,6.616030922,1.08641059,1.180287969,0.0004893396839,0.9995106603,2324.102105,2065.204079,0.7283303369,0.6471965149,0.6131961303,0.6811968995
synthetic_20250706,synthetic,2025-07-06,adapted,2072,0.6475094092,6.615571962,1.265234757,1.60081899,0.001554351064,0.9984456489,2325.702924,2066.202525,0.7288320038,0.6475094092,0.6135090246,0.6815097938
synthetic_20250706,synthetic,2025-07-06,adapted,2073,0.6478224763,6.613460696,0.372750397,0.1389428584,0.001002746741,0.9989972533,2325.841867,2067.201522,0.7288755459,0.6478224763,0.6138220917,0.6818228609
synthetic_20250706,synthetic,2025-07-06,adapted,2074,0.6481349111,6.612927293,-0.3663796427,0.1342340426,0.00302071699,0.996979283,2325.976101,2068.198501,0.7289176123,0.6481349111,0.6141345265,0.6821352957
synthetic_20250706,synthetic,2025-07-06,adapted,2075,0.648447321,6.610326508,0.5892799576,0.3472508684,0.003099714643,0.9969002854,2326.323352,2069.195401,0.7290264343,0.648447321,0.6144469364,0.6824477056
synthetic_20250706,synthetic,2025-07-06,adapted,2076,0.648759848,6.609982593,0.06547821439,0.004287396559,0.002726530611,0.9972734694,2326.327639,2070.192675,0.7290277779,0.648759848,0.6147594634,0.6827602326
synthetic_20250706,synthetic,2025-07-06,adapted,2077,0.6490727813,6.607179977,-0.3521636679,0.124019249,0.001429777534,0.9985702225,2326.451658,2071.191245,0.7290666432,0.6490727813,0.6150723967,0.6830731659
synthetic_20250706,synthetic,2025-07-06,adapted,2078,0.64938521,6.605896897,-0.1804606564,0.03256604852,0.003039950496,0.9969600495,2326.484224,2072.188205,0.7290768488,0.64938521,0.6153848254,0.6833855946
synthetic_20250706,synthetic,2025-07-06,adapted,2079,0.6496980214,6.603733449,0.9435751645,0.890334091,0.001818919146,0.9981810809,2327.374559,2073.186386,0.7293558629,0.6496980214,0.6156976368,0.683698406
synthetic_20250706,synthetic,2025-07-06,adapted,2080,0.6500109108,6.602468084,0.648118984,0.4200582174,0.001569765105,0.9984302349,2327.794617,2074.184817,0.7294875013,0.6500109108,0.6160105262,0.6840112954
synthetic_20250706,synthetic,2025-07-06,adapted,2081,0.6503233537,6.601293442,0.5552980744,0.3083559515,0.002994867739,0.9970051323,2328.102973,2075.181822,0.7295841344,0.6503233537,0.6163229691,0.6843237383
synthetic_20250706,synthetic,2025-07-06,adapted,2082,0.6506361496,6.599503114,0.3309666333,0.1095389124,0.001868247353,0.9981317526,2328.212512,2076.179953,0.7296184618,0.6506361496,0.616635765,0.6846365342
synthetic_20250706,synthetic,2025-07-06,adapted,2083,0.6509490278,6.598853748,1.406270453,1.977596588,0.001605527965,0.998394472,2330.190108,2077.178348,0.7302382038,0.6509490278,0.6169486432,0.6849494124
synthetic_20250706,synthetic,2025-07-06,adapted,2084,0.6512618787,6.596205336,-0.527162328,0.2779001201,0.001692822644,0.9983071774,2330.468008,2078.176655,0.7303252925,0.6512618787,0.6172614941,0.6852622633
synthetic_20250706,synthetic,2025-07-06,adapted,2085,0.6515740304,6.595474742,1.408206492,1.983045523,0.00392392131,0.9960760787,2332.451054,2079.172731,0.730946742,0.6515740304,0.6175736458,0.685574415
synthetic_20250706,synthetic,2025-07-06,adapted,2086,0.6518845343,6.593274853,-0.4814962734,0.2318386613,0.009182217053,0.9908177829,2332.682893,2080.163549,0.731019396,0.6518845343,0.6178841497,0.6858849189
synthetic_20250706,synthetic,2025-07-06,adapted,2087,0.6521966423,6.590811525,-0.3542675628,0.1255055061,0.004063257589,0.9959367424,2332.808398,2081.159486,0.7310587271,0.6521966423,0.6181962577,0.6861970269
synthetic_20250706,synthetic,2025-07-06,adapted,2088,0.6525096544,6.588831966,-0.2450568046,0.06005283746,0.001178481969,0.998821518,2332.868451,2082.158307,0.7310775465,0.6525096544,0.6185092698,0.686510039
synthetic_20250706,synthetic,2025-07-06,adapted,2089,0.6528227129,6.586574994,0.4118636118,0.1696316347,0.001030408304,0.9989695917,2333.038083,2083.157277,0.7311307059,0.6528227129,0.6188223283,0.6868230975
synthetic_20250706,synthetic,2025-07-06,adapted,2090,0.6531353597,6.58120039,-1.098624359,1.206975481,0.002344076614,0.9976559234,2334.245058,2084.154933,0.7315089495,0.6531353597,0.6191349751,0.6871357443
synthetic_20250706,synthetic,2025-07-06,adapted,2091,0.6534480338,6.580602583,1.434354229,2.057372054,0.002256763457,0.9977432365,2336.30243,2085.152676,0.7321536916,0.6534480338,0.6194476492,0.6874484184
synthetic_20250706,synthetic,2025-07-06,adapted,2092,0.6537609289,6.579153534,0.9016409991,0.8129564912,0.001551810573,0.9984481894,2337.115387,2086.151124,0.7324084571,0.6537609289,0.6197605443,0.6877613135
synthetic_20250706,synthetic,2025-07-06,adapted,2093,0.6540735543,6.577546591,-1.295500498,1.678321541,0.002412297852,0.9975877021,2338.793708,2087.148712,0.7329344118,0.6540735543,0.6200731697,0.6880739389
synthetic_20250706,synthetic,2025-07-06,adapted,2094,0.654385701,6.575735329,0.9606900193,0.9229253132,0.003939963996,0.996060036,2339.716633,2088.144772,0.7332236394,0.654385701,0.6203853164,0.6883860856
synthetic_20250706,synthetic,2025-07-06,adapted,2095,0.6546983507,6.571783951,0.6267921025,0.3928683398,0.002334728456,0.9976652715,2340.109502,2089.142437,0.733346757,0.6546983507,0.6206979661,0.6886987353
synthetic_20250706,synthetic,2025-07-06,adapted,2096,0.6550116119,6.571710905,-1.300628689,1.691634987,0.0003834231915,0.9996165768,2341.801137,2090.142054,0.733876884,0.6550116119,0.6210112273,0.6890119965
synthetic_20250706,synthetic,2025-07-06,adapted,2097,0.6553249632,6.568924251,-0.3857158091,0.1487766854,9.60841868e-05,0.9999039158,2341.949913,2091.141958,0.7339235078,0.6553249632,0.6213245786,0.6893253478
synthetic_20250706,synthetic,2025-07-06,adapted,2098,0.6556376074,6.563602824,-0.3608736608,0.1302297991,0.002352365381,0.9976476346,2342.080143,2092.139605,0.7339643194,0.6556376074,0.6216372228,0.689637992
synthetic_20250706,synthetic,2025-07-06,adapted,2099,0.655950535,6.561876666,-0.6540892407,0.4278327348,0.001448154996,0.998551845,2342.507976,2093.138157,0.7340983942,0.655950535,0.6219501504,0.6899509196
synthetic_20250706,synthetic,2025-07-06,adapted,2100,0.6562636458,6.56114677,-0.08418087922,0.007086420426,0.0008631911576,0.9991368088,2342.515062,2094.137294,0.734100615,0.6562636458,0.6222632612,0.6902640304
synthetic_20250706,synthetic,2025-07-06,adapted,2101,0.6565759922,6.560064562,-1.810429957,3.277656628,0.003302773499,0.9966972265,2345.792719,2095.133991,0.7351277715,0.6565759922,0.6225756076,0.6905763768
synthetic_20250706,synthetic,2025-07-06,adapted,2102,0.656889094,6.557047283,-0.2381287066,0.0567052809,0.0008920551983,0.9991079448,2345.849424,2096.133099,0.7351455419,0.656889094,0.6228887094,0.6908894786
synthetic_20250706,synthetic,2025-07-06,adapted,2103,0.657202338,6.55534311,0.3721075385,0.1384640202,0.000438502714,0.9995614973,2345.987888,2097.132661,0.735188934,0.657202338,0.6232019534,0.6912027226
synthetic_20250706,synthetic,2025-07-06,adapted,2104,0.6575154019,6.554699687,1.370559065,1.878432149,0.001013084695,0.9989869153,2347.86632,2098.131647,0.7357775996,0.6575154019,0.6235150173,0.6915157865
synthetic_20250706,synthetic,2025-07-06,adapted,2105,0.6578281815,6.554175983,-1.301344638,1.693497866,0.001920240902,0.9980797591,2349.559818,2099.129727,0.7363083103,0.6578281815,0.6238277969,0.6918285661
synthetic_20250706,synthetic,2025-07-06,adapted,2106,0.6581414678,6.552820716,0.498091914,0.2480955548,0.0003033612168,0.9996966388,2349.807914,2100.129424,0.7363860589,0.6581414678,0.6241410832,0.6921418524
synthetic_20250706,synthetic,2025-07-06,adapted,2107,0.6584539608,6.550952561,0.3223466622,0.1039073707,0.002834839826,0.9971651602,2349.911821,2101.126589,0.7364186215,0.6584539608,0.6244535762,0.6924543454
synthetic_20250706,synthetic,2025-07-06,adapted,2108,0.6587656009,6.548830344,0.2190720108,0.04799254591,0.005556717548,0.9944432825,2349.959814,2102.121032,0.7364336615,0.6587656009,0.6247652163,0.6927659855
synthetic_20250706,synthetic,2025-07-06,adapted,2109,0.6590781534,6.548339019,-0.025523562,0.0006514522172,0.00264489907,0.9973551009,2349.960465,2103.118387,0.7364338656,0.6590781534,0.6250777688,0.693078538
synthetic_20250706,synthetic,2025-07-06,adapted,2110,0.6593903228,6.546848594,-0.03556082229,0.001264572082,0.00386721632,0.9961327837,2349.96173,2104.11452,0.7364342619,0.6593903228,0.6253899382,0.6933907074
synthetic_20250706,synthetic,2025-07-06,adapted,2111,0.6597030678,6.544163578,-1.834783864,3.366431827,0.002030726883,0.9979692731,2353.328162,2105.112489,0.737489239,0.6597030678,0.6257026832,0.6937034524
synthetic_20250706,synthetic,2025-07-06,adapted,2112,0.6600162131,6.543262046,0.2259015461,0.05103150855,0.0007535626872,0.9992464373,2353.379193,2106.111736,0.7375052313,0.6600162131,0.6260158285,0.6940165977
synthetic_20250706,synthetic,2025-07-06,adapted,2113,0.6603284569,6.541884239,-1.85536891,3.442393792,0.003629949148,0.9963700509,2356.821587,2107.108106,0.7385840135,0.6603284569,0.6263280723,0.6943288415
synthetic_20250706,synthetic,2025-07-06,adapted,2114,0.6606412151,6.541058128,-1.348701985,1.818997043,0.001988592624,0.9980114074,2358.640584,2108.106117,0.7391540533,0.6606412151,0.6266408305,0.6946415997
synthetic_20250706,synthetic,2025-07-06,adapted,2115,0.660954373,6.539921776,-1.178363427,1.388540366,0.0007131289105,0.9992868711,2360.029124,2109.105404,0.739589196,0.660954373,0.6269539884,0.6949547576
synthetic_20250706,synthetic,2025-07-06,adapted,2116,0.6612671378,6.539029681,-0.2527667154,0.06389101244,0.001967564633,0.9980324354,2360.093015,2110.103437,0.7396092182,0.6612671378,0.6272667532,0.6952675224
synthetic_20250706,synthetic,2025-07-06,adapted,2117,0.6615803583,6.538121824,-1.6634476,2.767057919,0.0005132298498,0.9994867702,2362.860073,2111.102923,0.7404763627,0.6615803583,0.6275799737,0.6955807429
synthetic_20250706,synthetic,2025-07-06,adapted,2118,0.6618918547,6.536166717,-0.09501745515,0.009028316784,0.006015063631,0.9939849364,2362.869102,2112.096908,0.740479192,0.6618918547,0.6278914701,0.6958922393
synthetic_20250706,synthetic,2025-07-06,adapted,2119,0.662204925,6.534526868,0.8158131558,0.6655511051,0.0009927812821,0.9990072187,2363.534653,2113.095916,0.7406877633,0.662204925,0.6282045404,0.6962053096
synthetic_20250706,synthetic,2025-07-06,adapted,2120,0.6625181127,6.534152647,0.3307167946,0.1093735982,0.0006181179786,0.999381882,2363.644026,2114.095297,0.7407220389,0.6625181127,0.6285177281,0.6965184973
synthetic_20250706,synthetic,2025-07-06,adapted,2121,0.6628313186,6.531531662,-1.10901399,1.229912029,0.0005599434085,0.9994400566,2364.873938,2115.094738,0.7411074705,0.6628313186,0.628830934,0.6968317032
synthetic_20250706,synthetic,2025-07-06,adapted,2122,0.6631441681,6.530652155,0.3428197145,0.1175253567,0.001697038403,0.9983029616,2364.991464,2116.093041,0.7411443007,0.6631441681,0.6291437835,0.6971445527
synthetic_20250706,synthetic,2025-07-06,adapted,2123,0.6634565532,6.527644882,-1.163915598,1.354699519,0.00317924755,0.9968207524,2366.346163,2117.089861,0.7415688384,0.6634565532,0.6294561686,0.6974569378
synthetic_20250706,synthetic,2025-07-06,adapted,2124,0.6637687031,6.527377881,-0.09437976104,0.008907539293,0.003929633574,0.9960703664,2366.355071,2118.085932,0.7415716298,0.6637687031,0.6297683185,0.6977690877
synthetic_20250706,synthetic,2025-07-06,adapted,2125,0.6640814767,6.526772534,0.08239492395,0.006788923492,0.001939514998,0.998060485,2366.36186,2119.083992,0.7415737573,0.6640814767,0.6300810921,0.6980818613
synthetic_20250706,synthetic,2025-07-06,adapted,2126,0.6643945542,6.525816023,-1.615409917,2.609549199,0.0009695405948,0.9990304594,2368.971409,2120.083023,0.7423915415,0.6643945542,0.6303941696,0.6983949388
synthetic_20250706,synthetic,2025-07-06,adapted,2127,0.6647068915,6.521815581,-0.9187631788,0.8441257787,0.003331713916,0.9966682861,2369.815535,2121.079691,0.7426560748,0.6647068915,0.6307065069,0.6987072761
synthetic_20250706,synthetic,2025-07-06,adapted,2128,0.6650199529,6.521145332,0.1812842693,0.03286398629,0.001021179665,0.9989788203,2369.848399,2122.07867,0.7426663737,0.6650199529,0.6310195683,0.6990203375
synthetic_20250706,synthetic,2025-07-06,adapted,2129,0.6653331338,6.520233688,0.06123270948,0.003749444711,0.000639620008,0.99936038,2369.852148,2123.07803,0.7426675487,0.6653331338,0.6313327492,0.6993335184
synthetic_20250706,synthetic,2025-07-06,adapted,2130,0.6656461473,6.518564496,0.07003262533,0.00490456861,0.001174144103,0.9988258559,2369.857053,2124.076856,0.7426690857,0.6656461473,0.6316457627,0.6996465319
synthetic_20250706,synthetic,2025-07-06,adapted,2131,0.6659586106,6.515930007,-1.747274034,3.05296655,0.002929478581,0.9970705214,2372.910019,2125.073926,0.7436258286,0.6659586106,0.631958226,0.6999589952
synthetic_20250706,synthetic,2025-07-06,adapted,2132,0.6662711467,6.514939301,0.2338045322,0.05466455929,0.002697322383,0.9973026776,2372.964684,2126.071229,0.7436429595,0.6662711467,0.6322707621,0.7002715313
synthetic_20250706,synthetic,2025-07-06,adapted,2133,0.6665836371,6.513229762,0.2869395308,0.08233429436,0.002843187942,0.9971568121,2373.047018,2127.068386,0.7436687615,0.6665836371,0.6325832525,0.7005840217
synthetic_20250706,synthetic,2025-07-06,adapted,2134,0.666895953,6.512454234,-0.2672607582,0.07142831288,0.003399765044,0.996600235,2373.118446,2128.064986,0.7436911458,0.666895953,0.6328955684,0.7008963376
synthetic_20250706,synthetic,2025-07-06,adapted,2135,0.6672087784,6.511268509,1.237635854,1.531742506,0.001774399169,0.9982256008,2374.650189,2129.063212,0.7441711654,0.6672087784,0.6332083938,0.701209163
synthetic_20250706,synthetic,2025-07-06,adapted,2136,0.6675218341,6.511009291,-0.2025255525,0.04101659941,0.001039202666,0.9989607973,2374.691205,2130.062173,0.7441840193,0.6675218341,0.6335214495,0.7015222187
synthetic_20250706,synthetic,2025-07-06,adapted,2137,0.6678350084,6.507780607,-0.7889536604,0.6224478782,0.0006606427109,0.9993393573,2375.313653,2131.061512,0.7443790828,0.6678350084,0.6338346238,0.701835393
synthetic_20250706,synthetic,2025-07-06,adapted,2138,0.6681480335,6.505295684,0.6456330037,0.4168419755,0.001136919426,0.9988630806,2375.730495,2132.060375,0.7445097134,0.6681480335,0.6341476489,0.7021484181
synthetic_20250706,synthetic,2025-07-06,adapted,2139,0.6684611546,6.504201506,0.4948794022,0.2449056227,0.0008305820951,0.9991694179,2375.975401,2133.059544,0.7445864622,0.6684611546,0.63446077,0.7024615392
synthetic_20250706,synthetic,2025-07-06,adapted,2140,0.6687739114,6.502843658,0.2106437276,0.04437077999,0.001993054587,0.9980069454,2376.019772,2134.057551,0.7446003672,0.6687739114,0.6347735268,0.702774296
synthetic_20250706,synthetic,2025-07-06,adapted,2141,0.6690870649,6.500827814,0.9369877852,0.8779461097,0.0007273835906,0.9992726164,2376.897718,2135.056824,0.7448754992,0.6690870649,0.6350866803,0.7030874495
synthetic_20250706,synthetic,2025-07-06,adapted,2142,0.669400314,6.499426907,0.973428632,0.9475633016,0.0004219024435,0.9995780976,2377.845281,2136.056402,0.7451724479,0.669400314,0.6353999294,0.7034006986
synthetic_20250706,synthetic,2025-07-06,adapted,2143,0.6697132755,6.49917671,-0.4269524015,0.1822883532,0.001340029109,0.9986599709,2378.027569,2137.055062,0.7452295736,0.6697132755,0.6357128909,0.7037136601
synthetic_20250706,synthetic,2025-07-06,adapted,2144,0.6700262312,6.496236453,-0.5333147032,0.2844245727,0.001358357853,0.9986416421,2378.311994,2138.053704,0.745318707,0.6700262312,0.6360258466,0.7040266158
synthetic_20250706,synthetic,2025-07-06,adapted,2145,0.6703384806,6.493810225,-0.813577475,0.6619083078,0.003612001173,0.9963879988,2378.973902,2139.050092,0.7455261367,0.6703384806,0.636338096,0.7043388652
synthetic_20250706,synthetic,2025-07-06,adapted,2146,0.6706513894,6.492477925,1.831502883,3.354402812,0.001508162027,0.998491838,2382.328305,2140.048584,0.7465773441,0.6706513894,0.6366510048,0.704651774
synthetic_20250706,synthetic,2025-07-06,adapted,2147,0.670964636,6.491201085,-0.8072032074,0.651577018,0.0004299793788,0.9995700206,2382.979882,2141.048154,0.7467815363,0.670964636,0.6369642514,0.7049650206
synthetic_20250706,synthetic,2025-07-06,adapted,2148,0.671277402,6.489087245,1.831065328,3.352800236,0.001963809412,0.9980361906,2386.332682,2142.04619,0.7478322414,0.671277402,0.6372770174,0.7052777866
synthetic_20250706,synthetic,2025-07-06,adapted,2149,0.6715905156,6.486572153,-0.8975718572,0.8056352389,0.0008545780491,0.999145422,2387.138318,2143.045335,0.7480847125,0.6715905156,0.637590131,0.7055909002
synthetic_20250706,synthetic,2025-07-06,adapted,2150,0.6719037216,6.486047009,-0.4582651443,0.2100069425,0.0005594670636,0.9994405329,2387.348325,2144.044776,0.7481505248,0.6719037216,0.637903337,0.7059041062
synthetic_20250706,synthetic,2025-07-06,adapted,2151,0.6722162331,6.485557346,0.4753086768,0.2259183382,0.002775833962,0.997224166,2387.574243,2145.042,0.7482213234,0.6722162331,0.6382158485,0.7062166177
synthetic_20250706,synthetic,2025-07-06,adapted,2152,0.6725285898,6.483099158,-0.8931254574,0.7976730827,0.003269685454,0.9967303145,2388.371916,2146.03873,0.7484712993,0.6725285898,0.6385282052,0.7065289744
synthetic_20250706,synthetic,2025-07-06,adapted,2153,0.672841687,6.481921153,-0.8840418022,0.781529908,0.0009071063307,0.9990928937,2389.153446,2147.037823,0.7487162162,0.672841687,0.6388413023,0.7068420716
synthetic_20250706,synthetic,2025-07-06,adapted,2154,0.6731540402,6.478933271,-0.3087440472,0.0953228867,0.003280623717,0.9967193763,2389.248769,2148.034542,0.7487460886,0.6731540402,0.6391536556,0.7071544248
synthetic_20250706,synthetic,2025-07-06,adapted,2155,0.6734671531,6.477064722,0.2937945172,0.08631521836,0.0008567728612,0.9991432271,2389.335084,2149.033686,0.7487731382,0.6734671531,0.6394667685,0.7074675377
synthetic_20250706,synthetic,2025-07-06,adapted,2156,0.6737792871,6.476684802,-0.3430740584,0.1176998096,0.003980602905,0.9960193971,2389.452784,2150.029705,0.7488100231,0.6737792871,0.6397789025,0.7077796717
synthetic_20250706,synthetic,2025-07-06,adapted,2157,0.6740909503,6.475055482,0.5811847129,0.3377756705,0.005482794603,0.9945172054,2389.79056,2151.024222,0.7489158757,0.6740909503,0.6400905657,0.7080913349
synthetic_20250706,synthetic,2025-07-06,adapted,2158,0.6744036956,6.474889932,-1.295150075,1.677413716,0.002029705088,0.9979702949,2391.467973,2152.022193,0.749441546,0.6744036956,0.640403311,0.7084040802
synthetic_20250706,synthetic,2025-07-06,adapted,2159,0.6747153755,6.473678551,1.109301362,1.230549513,0.005429470286,0.9945705297,2392.698523,2153.016763,0.7498271773,0.6747153755,0.6407149909,0.7087157601
synthetic_20250706,synthetic,2025-07-06,adapted,2160,0.6750282198,6.473151211,0.3258417839,0.1061728681,0.001713803307,0.9982861967,2392.804696,2154.015049,0.7498604499,0.6750282198,0.6410278352,0.7090286044
synthetic_20250706,synthetic,2025-07-06,adapted,2161,0.6753393373,6.470925914,-0.05301974781,0.002811093658,0.007223910301,0.9927760897,2392.807507,2155.007825,0.7498613308,0.6753393373,0.6413389527,0.7093397219
synthetic_20250706,synthetic,2025-07-06,adapted,2162,0.6756525918,6.469773794,-1.220015082,1.4884368,0.0004049785434,0.9995950215,2394.295944,2156.00742,0.7503277792,0.6756525918,0.6416522072,0.7096529764
synthetic_20250706,synthetic,2025-07-06,adapted,2163,0.6759654614,6.467999593,0.1067371762,0.01139282478,0.001632953337,0.9983670467,2394.307336,2157.005787,0.7503313495,0.6759654614,0.6419650768,0.709965846
synthetic_20250706,synthetic,2025-07-06,adapted,2164,0.6762785911,6.465992684,0.4454488875,0.1984247114,0.0008031770863,0.9991968229,2394.505761,2158.004984,0.7503935321,0.6762785911,0.6422782065,0.7102789757
synthetic_20250706,synthetic,2025-07-06,adapted,2165,0.676591705,6.464639703,0.7421648612,0.5508086812,0.0008535797189,0.9991464203,2395.05657,2159.004131,0.7505661453,0.676591705,0.6425913204,0.7105920896
synthetic_20250706,synthetic,2025-07-06,adapted,2166,0.6769047245,6.462306577,1.13058156,1.278214664,0.001154912436,0.9988450876,2396.334784,2160.002976,0.750966714,0.6769047245,0.6429043399,0.7109051091
synthetic_20250706,synthetic,2025-07-06,adapted,2167,0.6772179215,6.458837335,0.461327469,0.2128230337,0.0005882525739,0.9994117474,2396.547607,2161.002388,0.7510334088,0.6772179215,0.6432175369,0.7112183061
synthetic_20250706,synthetic,2025-07-06,adapted,2168,0.67753119,6.456466248,-0.7248664567,0.5254313801,0.0003603426899,0.9996396573,2397.073039,2162.002027,0.7511980692,0.67753119,0.6435308054,0.7115315746
synthetic_20250706,synthetic,2025-07-06,adapted,2169,0.6778440041,6.454783987,-0.5755775771,0.3312895473,0.001810131491,0.9981898685,2397.404328,2163.000217,0.7513018892,0.6778440041,0.6438436195,0.7118443887
synthetic_20250706,synthetic,2025-07-06,adapted,2170,0.6781565565,6.453165384,-0.4095947491,0.1677678585,0.002645181631,0.9973548184,2397.572096,2163.997572,0.7513544645,0.6781565565,0.6441561719,0.7121569411
synthetic_20250706,synthetic,2025-07-06,adapted,2171,0.6784696044,6.451226339,-0.09057733967,0.008204254461,0.001064078349,0.9989359217,2397.5803,2164.996508,0.7513570356,0.6784696044,0.6444692198,0.712469989
synthetic_20250706,synthetic,2025-07-06,adapted,2172,0.6787825764,6.449825448,-2.836522177,8.045858061,0.001306501873,0.9986934981,2405.626159,2165.995201,0.7538784577,0.6787825764,0.6447821918,0.712782961
synthetic_20250706,synthetic,2025-07-06,adapted,2173,0.6790958075,6.448285427,1.62041109,2.6257321,0.0004796063862,0.9995203936,2408.251891,2166.994722,0.7547013133,0.6790958075,0.6450954229,0.7130961921
synthetic_20250706,synthetic,2025-07-06,adapted,2174,0.6794087451,6.447595867,0.04004423667,0.00160354089,0.00141606586,0.9985839341,2408.253494,2167.993306,0.7547018158,0.6794087451,0.6454083605,0.7134091297
synthetic_20250706,synthetic,2025-07-06,adapted,2175,0.6797220695,6.445716575,-0.4020889078,0.1616754897,0.000181897372,0.9998181026,2408.41517,2168.993124,0.7547524819,0.6797220695,0.6457216849,0.7137224541
synthetic_20250706,synthetic,2025-07-06,adapted,2176,0.6800349818,6.443741651,-0.4791254372,0.2295611846,0.001496939343,0.9985030607,2408.644731,2169.991627,0.7548244221,0.6800349818,0.6460345972,0.7140353664
synthetic_20250706,synthetic,2025-07-06,adapted,2177,0.6803480951,6.43961309,1.382333849,1.91084687,0.0008551844891,0.9991448155,2410.555578,2170.990772,0.7554232459,0.6803480951,0.6463477105,0.7143484797
synthetic_20250706,synthetic,2025-07-06,adapted,2178,0.6806601645,6.438607823,0.7862414781,0.6181756619,0.00418665684,0.9958133432,2411.173753,2171.986585,0.7556169707,0.6806601645,0.6466597799,0.7146605491
synthetic_20250706,synthetic,2025-07-06,adapted,2179,0.6809727992,6.436887987,0.6971088949,0.4859608114,0.002382597107,0.9976174029,2411.659714,2172.984202,0.7557692617,0.6809727992,0.6469724146,0.7149731838
synthetic_20250706,synthetic,2025-07-06,adapted,2180,0.6812836716,6.435896775,-1.404588629,1.972869217,0.008006404518,0.9919935955,2413.632583,2173.976196,0.7563875222,0.6812836716,0.647283287,0.7152840562
synthetic_20250706,synthetic,2025-07-06,adapted,2181,0.6815964692,6.432911173,-0.1320070818,0.01742586964,0.001862696142,0.9981373039,2413.650009,2174.974333,0.7563929832,0.6815964692,0.6475960846,0.7155968538
synthetic_20250706,synthetic,2025-07-06,adapted,2182,0.6819076748,6.431895862,1.321648439,1.746754597,0.0069429764,0.9930570236,2415.396764,2175.96739,0.7569403835,0.6819076748,0.6479072902,0.7159080594
synthetic_20250706,synthetic,2025-07-06,adapted,2183,0.6822207655,6.431330836,-0.8287696426,0.6868591205,0.0009275234853,0.9990724765,2416.083623,2176.966463,0.7571556324,0.6822207655,0.6482203809,0.7162211501
synthetic_20250706,synthetic,2025-07-06,adapted,2184,0.6825334398,6.429094163,0.6497569411,0.4221840824,0.002256279304,0.9977437207,2416.505807,2177.964206,0.757287937,0.6825334398,0.6485330552,0.7165338244
synthetic_20250706,synthetic,2025-07-06,adapted,2185,0.6828466336,6.427217246,1.484250124,2.202998431,0.0005985435294,0.9994014565,2418.708805,2178.963608,0.7579783157,0.6828466336,0.648846249,0.7168470182
synthetic_20250706,synthetic,2025-07-06,adapted,2186,0.683159552,6.426792858,0.5125583776,0.2627160904,0.00147751916,0.9985224808,2418.971522,2179.96213,0.7580606461,0.683159552,0.6491591674,0.7171599366
synthetic_20250706,synthetic,2025-07-06,adapted,2187,0.6834726847,6.426262729,0.14856169,0.02207057574,0.0007935950255,0.999206405,2418.993592,2180.961337,0.7580675626,0.6834726847,0.6494723001,0.7174730693
synthetic_20250706,synthetic,2025-07-06,adapted,2188,0.6837852546,6.424944492,-0.3912080214,0.153043716,0.002589433986,0.997410566,2419.146636,2181.958747,0.7581155236,0.6837852546,0.64978487,0.7177856392
synthetic_20250706,synthetic,2025-07-06,adapted,2189,0.6840985353,6.423586732,0.6029046812,0.3634940546,0.0003210683,0.9996789317,2419.51013,2182.958426,0.7582294359,0.6840985353,0.6500981507,0.7180989199
synthetic_20250706,synthetic,2025-07-06,adapted,2190,0.6844110129,6.421603055,-0.7629540319,0.5820988549,0.0028842647,0.9971157353,2420.092229,2183.955542,0.7584118548,0.6844110129,0.6504106283,0.7184113975
synthetic_20250706,synthetic,2025-07-06,adapted,2191,0.6847234334,6.420555364,0.3303185522,0.1091103459,0.003066201304,0.9969337987,2420.201339,2184.952476,0.758446048,0.6847234334,0.6507230488,0.718723818
synthetic_20250706,synthetic,2025-07-06,adapted,2192,0.6850361022,6.418896518,-0.1706091431,0.02910747972,0.002273782259,0.9977262177,2420.230447,2185.950202,0.7584551697,0.6850361022,0.6510357176,0.7190364868
synthetic_20250706,synthetic,2025-07-06,adapted,2193,0.6853492939,6.417470316,-1.419337628,2.014519304,0.0006050734642,0.9993949265,2422.244966,2186.949597,0.7590864826,0.6853492939,0.6513489093,0.7193496785
synthetic_20250706,synthetic,2025-07-06,adapted,2194,0.6856610892,6.416200719,-1.24462951,1.549102616,0.005061347017,0.994938653,2423.794069,2187.944536,0.7595719425,0.6856610892,0.6516607046,0.7196614738
synthetic_20250706,synthetic,2025-07-06,adapted,2195,0.6859738678,6.415198559,0.4693478439,0.2202873986,0.001923490795,0.9980765092,2424.014356,2188.942612,0.7596409765,0.6859738678,0.6519734832,0.7199742524
synthetic_20250706,synthetic,2025-07-06,adapted,2196,0.6862869877,6.41266323,-0.6800517581,0.4624703938,0.0008345439451,0.9991654561,2424.476826,2189.941778,0.7597859061,0.6862869877,0.6522866031,0.7202873723
synthetic_20250706,synthetic,2025-07-06,adapted,2197,0.6866000279,6.410477471,-0.7215654886,0.5206567544,0.001088524244,0.9989114758,2424.997483,2190.940689,0.7599490702,0.6866000279,0.6525996433,0.7206004125
synthetic_20250706,synthetic,2025-07-06,adapted,2198,0.6869132575,6.403833183,0.609312473,0.3712616897,0.0004845025645,0.9995154974,2425.368745,2191.940205,0.7600654167,0.6869132575,0.6529128729,0.7209136421
synthetic_20250706,synthetic,2025-07-06,adapted,2199,0.6872260245,6.403165771,0.3385225229,0.1145974985,0.001960237301,0.9980397627,2425.483342,2192.938244,0.7601013294,0.6872260245,0.6532256399,0.7212264091
synthetic_20250706,synthetic,2025-07-06,adapted,2200,0.6875390476,6.402576052,0.4011036019,0.1608840995,0.001143575498,0.9988564245,2425.644226,2193.937101,0.7601517475,0.6875390476,0.653538663,0.7215394322
synthetic_20250706,synthetic,2025-07-06,adapted,2201,0.6878517792,6.399545985,0.5043161087,0.2543347375,0.002073261113,0.9979267389,2425.898561,2194.935027,0.7602314513,0.6878517792,0.6538513946,0.7218521638
synthetic_20250706,synthetic,2025-07-06,adapted,2202,0.6881648117,6.399217735,-0.1818527757,0.03307043201,0.001113212144,0.9988867879,2425.931632,2195.933914,0.760241815,0.6881648117,0.6541644271,0.7221651963
synthetic_20250706,synthetic,2025-07-06,adapted,2203,0.688477576,6.398117297,0.515015075,0.2652405275,0.001969307028,0.998030693,2426.196872,2196.931945,0.7603249364,0.688477576,0.6544771914,0.7224779606
synthetic_20250706,synthetic,2025-07-06,adapted,2204,0.6887899142,6.39597435,0.470337041,0.2212169322,0.003328891003,0.996671109,2426.418089,2197.928616,0.7603942617,0.6887899142,0.6547895296,0.7227902988
synthetic_20250706,synthetic,2025-07-06,adapted,2205,0.6891029965,6.392580878,0.3778591347,0.1427775257,0.0009542664005,0.9990457336,2426.560867,2198.927662,0.7604390055,0.6891029965,0.6551026119,0.7231033811
synthetic_20250706,synthetic,2025-07-06,adapted,2206,0.6894148081,6.391930006,0.4969337132,0.2469431153,0.005009282298,0.9949907177,2426.80781,2199.922653,0.7605163929,0.6894148081,0.6554144235,0.7234151927
synthetic_20250706,synthetic,2025-07-06,adapted,2207,0.6897271639,6.391455888,0.5061226153,0.2561601018,0.003272526542,0.9967274735,2427.06397,2200.91938,0.7605966687,0.6897271639,0.6557267793,0.7237275485
synthetic_20250706,synthetic,2025-07-06,adapted,2208,0.6900390231,6.390349594,-0.1110187141,0.01232515489,0.00485738961,0.9951426104,2427.076295,2201.914523,0.7606005311,0.6900390231,0.6560386385,0.7240394077
synthetic_20250706,synthetic,2025-07-06,adapted,2209,0.6903517738,6.389519356,1.301662075,1.694324157,0.002012542711,0.9979874573,2428.770619,2202.91251,0.7611315008,0.6903517738,0.6563513892,0.7243521584
synthetic_20250706,synthetic,2025-07-06,adapted,2210,0.6906645965,6.386414207,-0.15378568,0.02365003536,0.001782604552,0.9982173954,2428.794269,2203.910727,0.7611389123,0.6906645965,0.6566642119,0.7246649811
synthetic_20250706,synthetic,2025-07-06,adapted,2211,0.6909773877,6.384031528,-0.3647403895,0.1330355517,0.001883352296,0.9981166477,2428.927305,2204.908844,0.7611806031,0.6909773877,0.6569770031,0.7249777723
synthetic_20250706,synthetic,2025-07-06,adapted,2212,0.6912883956,6.3832356,-1.131441815,1.280160582,0.007573623247,0.9924263768,2430.207465,2205.90127,0.7615817816,0.6912883956,0.657288011,0.7252887802
synthetic_20250706,synthetic,2025-07-06,adapted,2213,0.6916012651,6.38113175,-0.03012716714,0.0009076461999,0.001633508083,0.9983664919,2430.208373,2206.899637,0.7615820661,0.6916012651,0.6576008805,0.7256016497
synthetic_20250706,synthetic,2025-07-06,adapted,2214,0.6919134357,6.379736646,0.6592080427,0.4345552436,0.003863535372,0.9961364646,2430.642928,2207.895773,0.7617182476,0.6919134357,0.6579130511,0.7259138203
synthetic_20250706,synthetic,2025-07-06,adapted,2215,0.6922266605,6.379057062,-0.7233334026,0.5232112113,0.0004999285077,0.9995000715,2431.166139,2208.895274,0.7618822123,0.6922266605,0.6582262759,0.7262270451
synthetic_20250706,synthetic,2025-07-06,adapted,2216,0.6925394631,6.378684601,0.8076809813,0.6523485676,0.001846617501,0.9981533825,2431.818488,2209.893427,0.7620866462,0.6925394631,0.6585390785,0.7265398477
synthetic_20250706,synthetic,2025-07-06,adapted,2217,0.6928524223,6.375813635,-1.838030664,3.378356722,0.001347399353,0.9986526006,2435.196845,2210.89208,0.7631453603,0.6928524223,0.6588520377,0.7268528069
synthetic_20250706,synthetic,2025-07-06,adapted,2218,0.6931655382,6.3744291,0.7159450936,0.5125773771,0.0008470175964,0.9991529824,2435.709422,2211.891232,0.7633059925,0.6931655382,0.6591651536,0.7271659228
synthetic_20250706,synthetic,2025-07-06,adapted,2219,0.6934788164,6.371057768,-0.639813198,0.4093609284,0.0003294527054,0.9996705473,2436.118783,2212.890903,0.7634342786,0.6934788164,0.6594784318,0.727479201
synthetic_20250706,synthetic,2025-07-06,adapted,2220,0.6937914499,6.370830967,-0.6668989903,0.4447542633,0.002386470307,0.9976135297,2436.563537,2213.888517,0.7635736563,0.6937914499,0.6597910653,0.7277918345
synthetic_20250706,synthetic,2025-07-06,adapted,2221,0.69410371,6.368927858,-2.153015265,4.63547473,0.003577957503,0.9964220425,2441.199012,2214.884939,0.7650263278,0.69410371,0.6601033254,0.7281040946
synthetic_20250706,synthetic,2025-07-06,adapted,2222,0.6944151379,6.368069284,1.168255817,1.364821655,0.006233499562,0.9937665004,2442.563834,2215.878705,0.7654540375,0.6944151379,0.6604147533,0.7284155225
synthetic_20250706,synthetic,2025-07-06,adapted,2223,0.6947277808,6.366780673,1.083642188,1.174280391,0.002356524632,0.9976434754,2443.738114,2216.876349,0.7658220351,0.6947277808,0.6607273962,0.7287281654
synthetic_20250706,synthetic,2025-07-06,adapted,2224,0.6950409508,6.365538878,0.250320062,0.06266013346,0.0006746545286,0.9993253455,2443.800774,2217.875674,0.7658416716,0.6950409508,0.6610405662,0.7290413354
synthetic_20250706,synthetic,2025-07-06,adapted,2225,0.6953525025,6.364746276,-0.0089691552,8.0445745e-05,0.005838314605,0.9941616854,2443.800855,2218.869836,0.7658416968,0.6953525025,0.6613521179,0.7293528871
synthetic_20250706,synthetic,2025-07-06,adapted,2226,0.6956648336,6.363331826,1.348316251,1.817956713,0.003351682985,0.996648317,2445.618811,2219.866484,0.7664114106,0.6956648336,0.661664449,0.7296652182
synthetic_20250706,synthetic,2025-07-06,adapted,2227,0.6959777796,6.363131478,-0.7612218496,0.5794587043,0.001389093091,0.9986109069,2446.19827,2220.865095,0.7665930022,0.6959777796,0.661977395,0.7299781642
synthetic_20250706,synthetic,2025-07-06,adapted,2228,0.6962909087,6.360358812,0.2947019493,0.0868492389,0.0008050626798,0.9991949373,2446.285119,2221.86429,0.7666202191,0.6962909087,0.6622905241,0.7302912933
synthetic_20250706,synthetic,2025-07-06,adapted,2229,0.696604021,6.359471751,-0.01609825994,0.0002591539732,0.0008587751372,0.9991412249,2446.285378,2222.863431,0.7666203003,0.696604021,0.6626036364,0.7306044056
synthetic_20250706,synthetic,2025-07-06,adapted,2230,0.6969167218,6.356966736,0.05985162183,0.003582216636,0.002171779824,0.9978282202,2446.288961,2223.861259,0.7666214229,0.6969167218,0.6629163372,0.7309171064
synthetic_20250706,synthetic,2025-07-06,adapted,2231,0.697229506,6.355183221,-0.2092105392,0.04376904971,0.001905454274,0.9980945457,2446.33273,2224.859354,0.7666351393,0.697229506,0.6632291214,0.7312298906
synthetic_20250706,synthetic,2025-07-06,adapted,2232,0.6975425844,6.35154083,1.114185525,1.241409385,0.0009669045621,0.9990330954,2447.574139,2225.858387,0.7670241739,0.6975425844,0.6635421998,0.731542969
synthetic_20250706,synthetic,2025-07-06,adapted,2233,0.6978539998,6.350652512,-0.7286799664,0.5309744934,0.006273549197,0.9937264508,2448.105113,2226.852113,0.7671905714,0.6978539998,0.6638536152,0.7318543844
synthetic_20250706,synthetic,2025-07-06,adapted,2234,0.6981671521,6.345297175,-0.5211397637,0.2715866533,0.0007309729441,0.9992690271,2448.3767,2227.851382,0.7672756816,0.6981671521,0.6641667675,0.7321675367
synthetic_20250706,synthetic,2025-07-06,adapted,2235,0.6984794977,6.344808236,0.6347142571,0.4028621881,0.00330502584,0.9966949742,2448.779562,2228.848077,0.7674019312,0.6984794977,0.6644791131,0.7324798823
synthetic_20250706,synthetic,2025-07-06,adapted,2236,0.6987923277,6.342848183,0.04237221337,0.001795404466,0.001759484297,0.9982405157,2448.781358,2229.846318,0.7674024938,0.6987923277,0.6647919431,0.7327927123
synthetic_20250706,synthetic,2025-07-06,adapted,2237,0.699105281,6.342359202,0.1563667091,0.02445054771,0.001366152717,0.9986338473,2448.805808,2230.844952,0.7674101562,0.699105281,0.6651048964,0.7331056656
synthetic_20250706,synthetic,2025-07-06,adapted,2238,0.6994185156,6.340242697,-0.05870492668,0.003446268416,0.0004685355046,0.9995314645,2448.809255,2231.844483,0.7674112361,0.6994185156,0.665418131,0.7334189002
synthetic_20250706,synthetic,2025-07-06,adapted,2239,0.6997311876,6.33863418,-2.120765443,4.497646063,0.002263487777,0.9977365122,2453.306901,2232.84222,0.7688207147,0.6997311876,0.665730803,0.7337315722
synthetic_20250706,synthetic,2025-07-06,adapted,2240,0.7000439474,6.335599744,-0.7543526811,0.5690479675,0.001983487521,0.9980165125,2453.875949,2233.840236,0.7689990437,0.7000439474,0.6660435628,0.734044332
synthetic_20250706,synthetic,2025-07-06,adapted,2241,0.7003567054,6.334826056,0.1298272839,0.01685512364,0.001989153525,0.9980108465,2453.892804,2234.838247,0.7690043258,0.7003567054,0.6663563208,0.73435709
synthetic_20250706,synthetic,2025-07-06,adapted,2242,0.7006693367,6.333826769,1.69608426,2.876701816,0.00239349261,0.9976065074,2456.769506,2235.835854,0.7699058306,0.7006693367,0.6666689521,0.7346697213
synthetic_20250706,synthetic,2025-07-06,adapted,2243,0.7009814528,6.333356094,0.7384479663,0.545305399,0.004037531204,0.9959624688,2457.314811,2236.831816,0.7700767192,0.7009814528,0.6669810682,0.7349818374
synthetic_20250706,synthetic,2025-07-06,adapted,2244,0.7012944591,6.33269762,0.226576487,0.05133690445,0.001196940342,0.9988030597,2457.366148,2237.830619,0.7700928072,0.7012944591,0.6672940745,0.7352948437
synthetic_20250706,synthetic,2025-07-06,adapted,2245,0.7016077365,6.328737663,0.5113618088,0.2614908995,0.0003317776266,0.9996682224,2457.627639,2238.830287,0.7701747536,0.7016077365,0.6676073519,0.7356081211
synthetic_20250706,synthetic,2025-07-06,adapted,2246,0.7019202947,6.32771088,0.9141261375,0.8356265952,0.00262690454,0.9973730955,2458.463265,2239.82766,0.7704366234,0.7019202947,0.6679199101,0.7359206793
synthetic_20250706,synthetic,2025-07-06,adapted,2247,0.7022335526,6.326347181,0.735221659,0.5405508879,0.0003939941255,0.9996060059,2459.003816,2240.827266,0.770606022,0.7022335526,0.668233168,0.7362339372
synthetic_20250706,synthetic,2025-07-06,adapted,2248,0.7025462918,6.325649288,0.2083387511,0.04340503521,0.002049269341,0.9979507307,2459.047221,2241.825217,0.7706196243,0.7025462918,0.6685459072,0.7365466764
synthetic_20250706,synthetic,2025-07-06,adapted,2249,0.702858451,6.321599681,-0.4653852861,0.2165834646,0.003899928332,0.9961000717,2459.263805,2242.821317,0.7706874976,0.702858451,0.6688580664,0.7368588356
synthetic_20250706,synthetic,2025-07-06,adapted,2250,0.7031715889,6.32035733,-0.4594326114,0.2110783244,0.0007768877117,0.9992231123,2459.474883,2243.82054,0.7707536456,0.7031715889,0.6691712043,0.7371719735
synthetic_20250706,synthetic,2025-07-06,adapted,2251,0.7034842251,6.318136232,-0.430845557,0.185627894,0.002378128424,0.9976218716,2459.660511,2244.818162,0.7708118179,0.7034842251,0.6694838405,0.7374846097
synthetic_20250706,synthetic,2025-07-06,adapted,2252,0.7037973959,6.315250295,-0.4967998768,0.2468101176,0.0006717650263,0.999328235,2459.907321,2245.81749,0.7708891636,0.7037973959,0.6697970113,0.7377977805
synthetic_20250706,synthetic,2025-07-06,adapted,2253,0.7041103463,6.314260689,-1.356227662,1.839353472,0.001375300439,0.9986246996,2461.746675,2246.816115,0.7714655827,0.7041103463,0.6701099617,0.7381107309
synthetic_20250706,synthetic,2025-07-06,adapted,2254,0.7044222515,6.313495461,-0.08488753468,0.007205893544,0.004710475365,0.9952895246,2461.75388,2247.811405,0.7714678409,0.7044222515,0.6704218669,0.7384226361
synthetic_20250706,synthetic,2025-07-06,adapted,2255,0.7047323324,6.311103622,-0.3225813834,0.1040587489,0.01053203873,0.9894679613,2461.857939,2248.800873,0.771500451,0.7047323324,0.6707319478,0.738732717
synthetic_20250706,synthetic,2025-07-06,adapted,2256,0.7050452478,6.310135107,1.159966467,1.345522205,0.001486711252,0.9985132887,2463.203461,2249.799386,0.7719221126,0.7050452478,0.6710448632,0.7390456324
synthetic_20250706,synthetic,2025-07-06,adapted,2257,0.705358105,6.309913529,-0.9345221818,0.8733317082,0.001672885605,0.9983271144,2464.076793,2250.797713,0.7721957985,0.705358105,0.6713577204,0.7393584896
synthetic_20250706,synthetic,2025-07-06,adapted,2258,0.7056700448,6.309710583,0.8393472392,0.704503788,0.004599908231,0.9954000918,2464.781297,2251.793113,0.7724165769,0.7056700448,0.6716696602,0.7396704294
synthetic_20250706,synthetic,2025-07-06,adapted,2259,0.7059829621,6.309108026,0.1586761887,0.02517813285,0.001480984273,0.9985190157,2464.806475,2252.791632,0.7724244672,0.7059829621,0.6719825775,0.7399833467
synthetic_20250706,synthetic,2025-07-06,adapted,2260,0.7062958982,6.30770797,-0.1536317939,0.02360272808,0.001420963938,0.9985790361,2464.830078,2253.790211,0.7724318639,0.7062958982,0.6722955136,0.7402962828
synthetic_20250706,synthetic,2025-07-06,adapted,2261,0.7066089027,6.307120246,0.4442567813,0.1973640877,0.001202687494,0.9987973125,2465.027442,2254.789008,0.7724937141,0.7066089027,0.6726085181,0.7406092873
synthetic_20250706,synthetic,2025-07-06,adapted,2262,0.7069208239,6.306525647,0.2744121002,0.07530200072,0.004659257134,0.9953407429,2465.102744,2255.784349,0.7725173124,0.7069208239,0.6729204393,0.7409212085
synthetic_20250706,synthetic,2025-07-06,adapted,2263,0.7072337683,6.303563399,-0.1687161179,0.02846512843,0.001394531064,0.9986054689,2465.131209,2256.782955,0.7725262328,0.7072337683,0.6732333837,0.7412341529
synthetic_20250706,synthetic,2025-07-06,adapted,2264,0.7075460383,6.303127305,0.2449169314,0.05998430328,0.0035464758,0.9964535242,2465.191193,2257.779408,0.7725450308,0.7075460383,0.6735456537,0.7415464229
synthetic_20250706,synthetic,2025-07-06,adapted,2265,0.7078588424,6.302499893,1.366768642,1.86805652,0.001842204089,0.9981577959,2467.05925,2258.777566,0.7731304449,0.7078588424,0.6738584578,0.741859227
synthetic_20250706,synthetic,2025-07-06,adapted,2266,0.708171976,6.302244024,-0.09327984494,0.008701129472,0.00079044386,0.9992095561,2467.067951,2259.776776,0.7731331717,0.708171976,0.6741715914,0.7421723606
synthetic_20250706,synthetic,2025-07-06,adapted,2267,0.7084841805,6.300167742,-1.817017356,3.301552072,0.003755398186,0.9962446018,2470.369503,2260.77302,0.7741678167,0.7084841805,0.6744837959,0.7424845651
synthetic_20250706,synthetic,2025-07-06,adapted,2268,0.7087972054,6.298203452,-0.5166830226,0.2669613458,0.001137756431,0.9988622436,2470.636464,2261.771882,0.7742514774,0.7087972054,0.6747968208,0.74279759
synthetic_20250706,synthetic,2025-07-06,adapted,2269,0.709109092,6.295654178,-1.431718677,2.04981837,0.004769893652,0.9952301063,2472.686283,2262.767112,0.7748938523,0.709109092,0.6751087074,0.7431094766
synthetic_20250706,synthetic,2025-07-06,adapted,2270,0.7094222487,6.292640238,-1.226182814,1.503524294,0.0007167964526,0.9992832035,2474.189807,2263.766396,0.7753650288,0.7094222487,0.6754218641,0.7434226333
synthetic_20250706,synthetic,2025-07-06,adapted,2271,0.7097354941,6.29099654,-0.7279210067,0.529868992,0.0004340029292,0.9995659971,2474.719676,2264.765962,0.7755310799,0.7097354941,0.6757351095,0.7437358787
synthetic_20250706,synthetic,2025-07-06,adapted,2272,0.7100481357,6.290194494,-0.4112876443,0.1691575264,0.002360592705,0.9976394073,2474.888833,2265.763601,0.7755840907,0.7100481357,0.6760477511,0.7440485203
synthetic_20250706,synthetic,2025-07-06,adapted,2273,0.710360368,6.289603552,0.06860725257,0.004706955105,0.00366682464,0.9963331754,2474.89354,2266.759934,0.7755855658,0.710360368,0.6763599834,0.7443607526
synthetic_20250706,synthetic,2025-07-06,adapted,2274,0.7106731251,6.288849513,-0.3974002701,0.1579269747,0.001992044208,0.9980079558,2475.051467,2267.757942,0.7756350572,0.7106731251,0.6766727405,0.7446735097
synthetic_20250706,synthetic,2025-07-06,adapted,2275,0.7109858667,6.284520284,-0.09306542416,0.008661173173,0.002041568599,0.9979584314,2475.060129,2268.755901,0.7756377714,0.7109858667,0.6769854821,0.7449862513
synthetic_20250706,synthetic,2025-07-06,adapted,2276,0.7112978315,6.28361867,-1.089065018,1.186062614,0.004520356978,0.995479643,2476.246191,2269.75138,0.7760094614,0.7112978315,0.6772974469,0.7452982161
synthetic_20250706,synthetic,2025-07-06,adapted,2277,0.7116102317,6.281529687,0.3165393329,0.1001971493,0.003130839854,0.9968691601,2476.346388,2270.748249,0.7760408613,0.7116102317,0.6776098471,0.7456106163
synthetic_20250706,synthetic,2025-07-06,adapted,2278,0.7119229934,6.280841306,-0.8022575751,0.6436172169,0.001977490756,0.9980225092,2476.990006,2271.746272,0.7762425589,0.7119229934,0.6779226088,0.745923378
synthetic_20250706,synthetic,2025-07-06,adapted,2279,0.712235863,6.277356206,0.1736081005,0.03013977255,0.001633007711,0.9983669923,2477.020145,2272.744639,0.7762520042,0.712235863,0.6782354784,0.7462362476
synthetic_20250706,synthetic,2025-07-06,adapted,2280,0.712548723,6.277244447,-0.1157017241,0.01338688897,0.001664015914,0.9983359841,2477.033532,2273.742975,0.7762561994,0.712548723,0.6785483384,0.7465491076
synthetic_20250706,synthetic,2025-07-06,adapted,2281,0.712861169,6.274666435,0.8398668154,0.7053762676,0.002984504686,0.9970154953,2477.738909,2274.73999,0.7764772512,0.712861169,0.6788607844,0.7468615536
synthetic_20250706,synthetic,2025-07-06,adapted,2282,0.7131741412,6.273632265,-0.9314993005,0.8676909468,0.00130594844,0.9986940516,2478.606599,2275.738684,0.7767491694,0.7131741412,0.6791737566,0.7471745258
synthetic_20250706,synthetic,2025-07-06,adapted,2283,0.7134871264,6.273180123,-0.8398362363,0.7053249038,0.001264039472,0.9987359605,2479.311924,2276.73742,0.7769702051,0.7134871264,0.6794867418,0.747487511
synthetic_20250706,synthetic,2025-07-06,adapted,2284,0.71380033,6.272124505,-0.2216369641,0.04912294387,0.0005674590075,0.999432541,2479.361047,2277.736853,0.7769855993,0.71380033,0.6797999454,0.7478007146
synthetic_20250706,synthetic,2025-07-06,adapted,2285,0.7141134524,6.269507763,-0.2684357297,0.07205774096,0.0008262884898,0.9991737115,2479.433105,2278.736027,0.7770081808,0.7141134524,0.6801130678,0.748113837
synthetic_20250706,synthetic,2025-07-06,adapted,2286,0.7144260176,6.269424656,-0.0002408323384,5.800021523e-08,0.002604396584,0.9973956034,2479.433105,2279.733422,0.7770081809,0.7144260176,0.680425633,0.7484264022
synthetic_20250706,synthetic,2025-07-06,adapted,2287,0.7147385059,6.268887932,0.7869818867,0.61934049,0.002850063239,0.9971499368,2480.052446,2280.730572,0.7772022706,0.7147385059,0.6807381213,0.7487388905
synthetic_20250706,synthetic,2025-07-06,adapted,2288,0.7150512841,6.265658528,-0.0558920008,0.003123915753,0.00192453728,0.9980754627,2480.05557,2281.728648,0.7772032496,0.7150512841,0.6810508995,0.7490516687
synthetic_20250706,synthetic,2025-07-06,adapted,2289,0.7153638965,6.264024944,0.5502964122,0.3028261413,0.002453939367,0.9975460606,2480.358396,2282.726194,0.7772981497,0.7153638965,0.6813635119,0.7493642811
synthetic_20250706,synthetic,2025-07-06,adapted,2290,0.7156764256,6.262845489,0.06628501917,0.004393703766,0.00271953829,0.9972804617,2480.362789,2283.723474,0.7772995266,0.7156764256,0.681676041,0.7496768102
synthetic_20250706,synthetic,2025-07-06,adapted,2291,0.7159889103,6.261854412,-1.556233693,2.421863309,0.002861548469,0.9971384515,2482.784653,2284.720613,0.7780584935,0.7159889103,0.6819885257,0.7499892949
synthetic_20250706,synthetic,2025-07-06,adapted,2292,0.7163010513,6.258097067,-0.6818859117,0.4649683966,0.00395808886,0.9960419111,2483.249621,2285.716655,0.7782042059,0.7163010513,0.6823006667,0.7503014359
synthetic_20250706,synthetic,2025-07-06,adapted,2293,0.7166126689,6.255073083,1.205942667,1.454297715,0.005628165937,0.9943718341,2484.703919,2286.711026,0.7786599557,0.7166126689,0.6826122843,0.7506130535
synthetic_20250706,synthetic,2025-07-06,adapted,2294,0.716925227,6.245410829,1.125281886,1.266259323,0.002626944617,0.9973730554,2485.970178,2287.708399,0.7790567778,0.716925227,0.6829248424,0.7509256116
synthetic_20250706,synthetic,2025-07-06,adapted,2295,0.7172384154,6.244618497,-0.8250599402,0.6807239049,0.0006159608277,0.9993840392,2486.650902,2288.707784,0.779270104,0.7172384154,0.6832380308,0.7512388
synthetic_20250706,synthetic,2025-07-06,adapted,2296,0.7175505698,6.243607912,-1.037130932,1.075640571,0.003915219798,0.9960847802,2487.726543,2289.703868,0.7796071898,0.7175505698,0.6835501852,0.7515509544
synthetic_20250706,synthetic,2025-07-06,adapted,2297,0.7178639259,6.243290971,-1.201050063,1.442521255,8.068499616e-05,0.999919315,2489.169064,2290.703788,0.7800592491,0.7178639259,0.6838635413,0.7518643105
synthetic_20250706,synthetic,2025-07-06,adapted,2298,0.718176993,6.241969114,0.2103119772,0.04423112776,0.001002812375,0.9989971876,2489.213295,2291.702785,0.7800731103,0.718176993,0.6841766084,0.7521773776
synthetic_20250706,synthetic,2025-07-06,adapted,2299,0.7184899381,6.239244765,-0.8531108037,0.7277980435,0.001392266713,0.9986077333,2489.941093,2292.701393,0.7803011887,0.7184899381,0.6844895535,0.7524903227
synthetic_20250706,synthetic,2025-07-06,adapted,2300,0.718803062,6.238745852,0.7602539687,0.5779860969,0.0008215690642,0.9991784309,2490.519079,2293.700571,0.7804823187,0.718803062,0.6848026774,0.7528034466
synthetic_20250706,synthetic,2025-07-06,adapted,2301,0.719116184,6.238570442,0.2857946426,0.08167857775,0.0008278665961,0.9991721334,2490.600758,2294.699743,0.7805079153,0.719116184,0.6851157994,0.7531165686
synthetic_20250706,synthetic,2025-07-06,adapted,2302,0.7194291953,6.236946258,-0.8055551784,0.6489191455,0.001181048611,0.9988189514,2491.249677,2295.698562,0.7807112745,0.7194291953,0.6854288107,0.7534295799
synthetic_20250706,synthetic,2025-07-06,adapted,2303,0.7197415888,6.235944954,-0.8693911434,0.7558409602,0.003152319076,0.9968476809,2492.005518,2296.69541,0.7809481409,0.7197415888,0.6857412042,0.7537419734
synthetic_20250706,synthetic,2025-07-06,adapted,2304,0.7200542966,6.233264706,-0.6244183533,0.3898982799,0.002149323451,0.9978506765,2492.395416,2297.69326,0.7810703278,0.7200542966,0.686053912,0.7540546812
synthetic_20250706,synthetic,2025-07-06,adapted,2305,0.7203674447,6.232565718,0.1572625159,0.02473149891,0.0007442119267,0.9992557881,2492.420148,2298.692516,0.7810780782,0.7203674447,0.6863670601,0.7543678293
synthetic_20250706,synthetic,2025-07-06,adapted,2306,0.7206800554,6.23206744,0.06547536966,0.004287024032,0.002459461316,0.9975405387,2492.424435,2299.690057,0.7810794217,0.7206800554,0.6866796708,0.75468044
synthetic_20250706,synthetic,2025-07-06,adapted,2307,0.7209930989,6.230746544,0.4708952562,0.2217423423,0.001078009004,0.998921991,2492.646177,2300.688979,0.7811489116,0.7209930989,0.6869927143,0.7549934835
synthetic_20250706,synthetic,2025-07-06,adapted,2308,0.7213062821,6.230388583,-0.03588858092,0.00128799024,0.000632559235,0.9993674408,2492.647465,2301.688346,0.7811493152,0.7213062821,0.6873058975,0.7553066667
synthetic_20250706,synthetic,2025-07-06,adapted,2309,0.7216185976,6.229895019,0.06167579222,0.003803903346,0.003401358323,0.9965986417,2492.651269,2302.684945,0.7811505073,0.7216185976,0.687618213,0.7556189822
synthetic_20250706,synthetic,2025-07-06,adapted,2310,0.7219301903,6.226725354,0.6977784194,0.4868947226,0.00570761923,0.9942923808,2493.138164,2303.679237,0.781303091,0.7219301903,0.6879298057,0.7559305749
synthetic_20250706,synthetic,2025-07-06,adapted,2311,0.7222426395,6.2252509,0.5277842193,0.2785561822,0.002974447736,0.9970255523,2493.41672,2304.676263,0.7813903854,0.7222426395,0.6882422549,0.7562430241
synthetic_20250706,synthetic,2025-07-06,adapted,2312,0.7225543861,6.223411204,0.03405991426,0.00116007776,0.005216694877,0.9947833051,2493.41788,2305.671046,0.7813907489,0.7225543861,0.6885540015,0.7565547707
synthetic_20250706,synthetic,2025-07-06,adapted,2313,0.7228674561,6.222653765,-0.8906200608,0.7932040927,0.0009936225089,0.9990063775,2494.211084,2306.670052,0.7816393243,0.7228674561,0.6888670715,0.7568678407
synthetic_20250706,synthetic,2025-07-06,adapted,2314,0.7231796964,6.222155025,0.1331213642,0.0177212976,0.003641159604,0.9963588404,2494.228805,2307.666411,0.7816448778,0.7231796964,0.6891793118,0.757180081
synthetic_20250706,synthetic,2025-07-06,adapted,2315,0.7234927004,6.219500771,0.8879843788,0.788516257,0.001204207355,0.9987957926,2495.017321,2308.665207,0.7818919842,0.7234927004,0.6894923158,0.757493085
synthetic_20250706,synthetic,2025-07-06,adapted,2316,0.7238052939,6.218645446,-1.18299289,1.399472177,0.00251427869,0.9974857213,2496.416794,2309.662693,0.7823305527,0.7238052939,0.6898049093,0.7578056785
synthetic_20250706,synthetic,2025-07-06,adapted,2317,0.7241184168,6.218383275,0.01689700521,0.0002855087852,0.0008249125213,0.9991750875,2496.417079,2310.661868,0.7823306422,0.7241184168,0.6901180322,0.7581188014
synthetic_20250706,synthetic,2025-07-06,adapted,2318,0.7244311205,6.217842292,0.1281784933,0.01642972615,0.002162249686,0.9978377503,2496.433509,2311.659706,0.7823357909,0.7244311205,0.6904307359,0.7584315051
synthetic_20250706,synthetic,2025-07-06,adapted,2319,0.7247440745,6.215067496,-1.000091978,1.000183964,0.001363772379,0.9986362276,2497.433693,2312.658342,0.78264923,0.7247440745,0.6907436899,0.7587444591
synthetic_20250706,synthetic,2025-07-06,adapted,2320,0.7250570906,6.214894943,-0.5773729578,0.3333595323,0.001165883721,0.9988341163,2497.767052,2313.657176,0.7827536986,0.7250570906,0.691056706,0.7590574752
synthetic_20250706,synthetic,2025-07-06,adapted,2321,0.7253703939,6.211145945,-1.703035859,2.900331137,0.0002490372623,0.9997509627,2500.667383,2314.656927,0.7836626084,0.7253703939,0.6913700093,0.7593707785
synthetic_20250706,synthetic,2025-07-06,adapted,2322,0.7256833676,6.210359958,-0.7806001817,0.6093366437,0.00130080133,0.9986991987,2501.27672,2315.655626,0.7838535632,0.7256833676,0.691682983,0.7596837522
synthetic_20250706,synthetic,2025-07-06,adapted,2323,0.7259960753,6.207374535,0.5383392517,0.28980915,0.002149955577,0.9978500444,2501.566529,2316.653476,0.783944384,0.7259960753,0.6919956907,0.7599964599
synthetic_20250706,synthetic,2025-07-06,adapted,2324,0.7263088492,6.205981114,-1.723785698,2.971437133,0.001938299439,0.9980617006,2504.537966,2317.651538,0.7848755771,0.7263088492,0.6923084646,0.7603092338
synthetic_20250706,synthetic,2025-07-06,adapted,2325,0.7266214718,6.205056452,0.6622046357,0.4385149796,0.002421271656,0.9975787283,2504.976481,2318.649117,0.7850129995,0.7266214718,0.6926210872,0.7606218564
synthetic_20250706,synthetic,2025-07-06,adapted,2326,0.7269335522,6.202576193,0.762432935,0.5813039803,0.004151671582,0.9958483284,2505.557785,2319.644965,0.7851951693,0.7269335522,0.6929331676,0.7609339368
synthetic_20250706,synthetic,2025-07-06,adapted,2327,0.7272457572,6.202407766,0.2485960949,0.06180001841,0.003753825404,0.9962461746,2505.619585,2320.641211,0.7852145363,0.7272457572,0.6932453726,0.7612461418
synthetic_20250706,synthetic,2025-07-06,adapted,2328,0.7275587464,6.202032014,-0.9913233735,0.9827220308,0.001251479531,0.9987485205,2506.602307,2321.63996,0.7855225031,0.7275587464,0.6935583618,0.761559131
synthetic_20250706,synthetic,2025-07-06,adapted,2329,0.7278716214,6.199921888,1.107299326,1.226111798,0.001615757543,0.9983842425,2507.828419,2322.638344,0.7859067437,0.7278716214,0.6938712368,0.761872006
synthetic_20250706,synthetic,2025-07-06,adapted,2330,0.7281831393,6.198362914,-1.031159068,1.063289025,0.005946403681,0.9940535963,2508.891708,2323.632397,0.7862399587,0.7281831393,0.6941827547,0.7621835239
synthetic_20250706,synthetic,2025-07-06,adapted,2331,0.7284960829,6.194851259,-0.5373065343,0.2886983118,0.001396952221,0.9986030478,2509.180407,2324.631001,0.7863304314,0.7284960829,0.6944956983,0.7624964675
synthetic_20250706,synthetic,2025-07-06,adapted,2332,0.7288092057,6.194342271,0.3913287973,0.1531382276,0.000824994905,0.9991750051,2509.333545,2325.630176,0.7863784221,0.7288092057,0.6948088211,0.7628095903
synthetic_20250706,synthetic,2025-07-06,adapted,2333,0.7291220988,6.193754863,0.3447423431,0.1188472831,0.001558347812,0.9984416522,2509.452392,2326.628617,0.7864156666,0.7291220988,0.6951217142,0.7631224834
synthetic_20250706,synthetic,2025-07-06,adapted,2334,0.7294351449,6.190050479,-0.7385885167,0.545512997,0.001069899445,0.9989301006,2509.997905,2327.627547,0.7865866202,0.7294351449,0.6954347603,0.7634355295
synthetic_20250706,synthetic,2025-07-06,adapted,2335,0.7297480236,6.188597092,0.5022706964,0.2522758524,0.001603867918,0.9983961321,2510.250181,2328.625943,0.7866656788,0.7297480236,0.695747639,0.7637484082
synthetic_20250706,synthetic,2025-07-06,adapted,2336,0.7300607533,6.187973164,0.8579580081,0.7360919437,0.002079617505,0.9979203825,2510.986273,2329.623864,0.7868963563,0.7300607533,0.6960603687,0.7640611379
synthetic_20250706,synthetic,2025-07-06,adapted,2337,0.730373912,6.183869163,-0.192201771,0.03694152079,0.0007104602665,0.9992895397,2511.023214,2330.623153,0.7869079331,0.730373912,0.6963735274,0.7643742966
synthetic_20250706,synthetic,2025-07-06,adapted,2338,0.7306871006,6.182901694,1.05843778,1.120290534,0.0006151856093,0.9993848144,2512.143505,2331.622538,0.7872590113,0.7306871006,0.696686716,0.7646874852
synthetic_20250706,synthetic,2025-07-06,adapted,2339,0.7309994156,6.182213291,-0.7113866328,0.5060709413,0.003402885831,0.9965971142,2512.649576,2332.619135,0.7874176045,0.7309994156,0.696999031,0.7649998002
synthetic_20250706,synthetic,2025-07-06,adapted,2340,0.7313121512,6.178223976,1.306874886,1.707921967,0.002060767699,0.9979392323,2514.357498,2333.617074,0.7879528354,0.7313121512,0.6973117666,0.7653125358
synthetic_20250706,synthetic,2025-07-06,adapted,2341,0.7316252782,6.176952086,0.6642461751,0.4412229812,0.0008117360574,0.9991882639,2514.798721,2334.616263,0.7880911065,0.7316252782,0.6976248936,0.7656256628
synthetic_20250706,synthetic,2025-07-06,adapted,2342,0.7319380521,6.174928388,-0.9886934227,0.9775146841,0.001938375543,0.9980616245,2515.776235,2335.614324,0.7883974414,0.7319380521,0.6979376675,0.7659384367
synthetic_20250706,synthetic,2025-07-06,adapted,2343,0.7322509142,6.173605916,0.5232902684,0.273832705,0.001657202837,0.9983427972,2516.050068,2336.612667,0.7884832555,0.7322509142,0.6982505296,0.7662512988
synthetic_20250706,synthetic,2025-07-06,adapted,2344,0.732563031,6.172119918,-0.1722435291,0.02966783332,0.004035182424,0.9959648176,2516.079736,2337.608632,0.7884925528,0.732563031,0.6985626464,0.7665634156
synthetic_20250706,synthetic,2025-07-06,adapted,2345,0.7328762387,6.170225764,-2.153181768,4.636191726,0.0005543139478,0.9994456861,2520.715928,2338.608078,0.789945449,0.7328762387,0.6988758541,0.7668766233
synthetic_20250706,synthetic,2025-07-06,adapted,2346,0.7331889782,6.169916445,0.3366941483,0.1133629495,0.002048236913,0.9979517631,2520.829291,2339.606029,0.7899809748,0.7331889782,0.6991885936,0.7671893628
synthetic_20250706,synthetic,2025-07-06,adapted,2347,0.7335020813,6.168435975,-0.3036794154,0.09222118736,0.0008880143641,0.9991119856,2520.921512,2340.605141,0.7900098752,0.7335020813,0.6995016967,0.7675024659
synthetic_20250706,synthetic,2025-07-06,adapted,2348,0.73381498,6.168320557,-0.1726805283,0.02981856485,0.001540251359,0.9984597486,2520.95133,2341.603601,0.7900192198,0.73381498,0.6998145954,0.7678153646
synthetic_20250706,synthetic,2025-07-06,adapted,2349,0.7341282651,6.167456576,0.4147542639,0.1720210994,0.0003072776243,0.9996927224,2521.123352,2342.603294,0.790073128,0.7341282651,0.7001278805,0.7681286497
synthetic_20250706,synthetic,2025-07-06,adapted,2350,0.7344412417,6.164555322,-0.06382532431,0.004073672024,0.001291461215,0.9987085388,2521.127425,2343.602002,0.7900744046,0.7344412417,0.7004408571,0.7684416263
synthetic_20250706,synthetic,2025-07-06,adapted,2351,0.7347542272,6.160076734,-0.4475333184,0.200286071,0.001263444446,0.9987365556,2521.327711,2344.600739,0.7901371706,0.7347542272,0.7007538426,0.7687546118
synthetic_20250706,synthetic,2025-07-06,adapted,2352,0.7350673514,6.159538675,0.2053221042,0.04215716647,0.0008205381008,0.9991794619,2521.369868,2345.599918,0.7901503818,0.7350673514,0.7010669668,0.769067736
synthetic_20250706,synthetic,2025-07-06,adapted,2353,0.7353798883,6.157983307,-0.5414270582,0.2931432594,0.002694841244,0.9973051588,2521.663012,2346.597224,0.7902422475,0.7353798883,0.7013795037,0.7693802729
synthetic_20250706,synthetic,2025-07-06,adapted,2354,0.7356932179,6.15745428,0.3037975835,0.09229297174,0.0001653971814,0.9998346028,2521.755305,2347.597058,0.7902711704,0.7356932179,0.7016928333,0.7696936025
synthetic_20250706,synthetic,2025-07-06,adapted,2355,0.7360058045,6.154819488,-0.7636167107,0.5831104808,0.00253596004,0.99746404,2522.338415,2348.594522,0.7904539064,0.7360058045,0.7020054199,0.7700061891
synthetic_20250706,synthetic,2025-07-06,adapted,2356,0.7363190939,6.153755853,-1.643303067,2.700444971,0.0002935262125,0.9997064738,2525.03886,2349.594229,0.7913001755,0.7363190939,0.7023187093,0.7703194785
synthetic_20250706,synthetic,2025-07-06,adapted,2357,0.7366311501,6.153055922,-0.8591487986,0.7381366582,0.00422861537,0.9957713846,2525.776997,2350.59,0.7915314938,0.7366311501,0.7026307655,0.7706315347
synthetic_20250706,synthetic,2025-07-06,adapted,2358,0.7369442006,6.150662823,0.1020426293,0.01041269819,0.001056116082,0.9989438839,2525.787409,2351.588944,0.791534757,0.7369442006,0.702943816,0.7709445852
synthetic_20250706,synthetic,2025-07-06,adapted,2359,0.737257085,6.148865543,1.566679843,2.454485731,0.001585815492,0.9984141845,2528.241895,2352.587358,0.7923039471,0.737257085,0.7032567004,0.7712574696
synthetic_20250706,synthetic,2025-07-06,adapted,2360,0.7375697143,6.146093171,-0.6931961089,0.4805208455,0.002399679289,0.9976003207,2528.722416,2353.584958,0.7924545334,0.7375697143,0.7035693297,0.7715700989
synthetic_20250706,synthetic,2025-07-06,adapted,2361,0.7378825558,6.145524711,0.1011153875,0.01022432159,0.001723056743,0.9982769433,2528.73264,2354.583235,0.7924577375,0.7378825558,0.7038821712,0.7718829404
synthetic_20250706,synthetic,2025-07-06,adapted,2362,0.7381951217,6.144616218,-1.427750027,2.038470139,0.00260212821,0.9973978718,2530.771111,2355.580633,0.7930965561,0.7381951217,0.7041947371,0.7721955063
synthetic_20250706,synthetic,2025-07-06,adapted,2363,0.7385081041,6.144399988,0.7071017724,0.4999929165,0.001273154909,0.9987268451,2531.271103,2356.57936,0.7932532446,0.7385081041,0.7045077195,0.7725084887
synthetic_20250706,synthetic,2025-07-06,adapted,2364,0.7388203452,6.141474663,-0.1276914765,0.01630511316,0.003638601353,0.9963613986,2531.287409,2357.575722,0.7932583543,0.7388203452,0.7048199606,0.7728207298
synthetic_20250706,synthetic,2025-07-06,adapted,2365,0.7391327793,6.14008235,0.4620405466,0.2134814667,0.003022848486,0.9969771515,2531.50089,2358.572699,0.7933252554,0.7391327793,0.7051323947,0.7731331639
synthetic_20250706,synthetic,2025-07-06,adapted,2366,0.7394460757,6.140058661,0.5996952156,0.3596343516,0.0002711051544,0.9997288948,2531.860524,2359.572428,0.7934379581,0.7394460757,0.7054456911,0.7734464603
synthetic_20250706,synthetic,2025-07-06,adapted,2367,0.7397587926,6.136998723,-0.2969081572,0.08815445383,0.002120413154,0.9978795868,2531.948679,2360.570307,0.7934655841,0.7397587926,0.705758408,0.7737591772
synthetic_20250706,synthetic,2025-07-06,adapted,2368,0.7400706443,6.135014351,-1.081667754,1.17000513,0.004881170834,0.9951188292,2533.118684,2361.565426,0.7938322419,0.7400706443,0.7060702597,0.7740710289
synthetic_20250706,synthetic,2025-07-06,adapted,2369,0.7403838829,6.132518646,-0.5844959105,0.3416354694,0.0004557316055,0.9995442684,2533.460319,2362.56497,0.7939393041,0.7403838829,0.7063834983,0.7743842675
synthetic_20250706,synthetic,2025-07-06,adapted,2370,0.7406966119,6.12839273,-1.155802912,1.335880372,0.002081614577,0.9979183854,2534.7962,2363.562889,0.7943579442,0.7406966119,0.7066962273,0.7746969965
synthetic_20250706,synthetic,2025-07-06,adapted,2371,0.7410084281,6.125942039,1.519262211,2.308157665,0.004994667873,0.9950053321,2537.104357,2364.557894,0.7950812778,0.7410084281,0.7070080435,0.7750088127
synthetic_20250706,synthetic,2025-07-06,adapted,2372,0.7413212537,6.125366003,0.0867532829,0.007526132094,0.001773471461,0.9982265285,2537.111884,2365.556121,0.7950836364,0.7413212537,0.7073208691,0.7753216383
synthetic_20250706,synthetic,2025-07-06,adapted,2373,0.7416328276,6.124484009,0.2105697716,0.0443396287,0.005767673361,0.9942323266,2537.156223,2366.550353,0.7950975316,0.7416328276,0.707632443,0.7756332122
synthetic_20250706,synthetic,2025-07-06,adapted,2374,0.7419461634,6.122468073,0.7003697458,0.4905177809,0.0001453292469,0.9998546708,2537.646741,2367.550208,0.7952512507,0.7419461634,0.7079457788,0.775946548
synthetic_20250706,synthetic,2025-07-06,adapted,2375,0.7422581666,6.121429894,0.0003949924602,1.560190436e-07,0.004397832165,0.9956021678,2537.646741,2368.54581,0.7952512508,0.7422581666,0.708257782,0.7762585512
synthetic_20250706,synthetic,2025-07-06,adapted,2376,0.7425710459,6.120706048,-0.7733909734,0.5981335977,0.001602074932,0.9983979251,2538.244875,2369.544208,0.7954386947,0.7425710459,0.7085706613,0.7765714305
synthetic_20250706,synthetic,2025-07-06,adapted,2377,0.7428839093,6.120106988,-2.270445265,5.154921702,0.001653133219,0.9983468668,2543.399796,2370.542554,0.7970541512,0.7428839093,0.7088835247,0.7768842939
synthetic_20250706,synthetic,2025-07-06,adapted,2378,0.7431963573,6.119845173,1.588350571,2.522857537,0.002978435136,0.9970215649,2545.922654,2371.539576,0.7978447678,0.7431963573,0.7091959727,0.7771967419
synthetic_20250706,synthetic,2025-07-06,adapted,2379,0.7435094643,6.119614669,1.514874671,2.294845269,0.0008755112175,0.9991244888,2548.217499,2372.538701,0.7985639296,0.7435094643,0.7095090797,0.7775098489
synthetic_20250706,synthetic,2025-07-06,adapted,2380,0.7438220125,6.116575066,0.1563420654,0.02444284143,0.002658618701,0.9973413813,2548.241942,2373.536042,0.7985715895,0.7438220125,0.7098216279,0.7778223971
synthetic_20250706,synthetic,2025-07-06,adapted,2381,0.7441352071,6.116526755,-1.473218657,2.170373212,0.0005961705317,0.9994038295,2550.412315,2374.535446,0.7992517441,0.7441352071,0.7101348225,0.7781355917
synthetic_20250706,synthetic,2025-07-06,adapted,2382,0.7444482399,6.114412541,-0.07195619072,0.005177693383,0.001112292278,0.9988877077,2550.417493,2375.534333,0.7992533667,0.7444482399,0.7104478553,0.7784486245
synthetic_20250706,synthetic,2025-07-06,adapted,2383,0.7447613274,6.113661272,1.876821127,3.522457543,0.0009377261558,0.9990622738,2553.939951,2376.533396,0.8003572393,0.7447613274,0.7107609428,0.778761712
synthetic_20250706,synthetic,2025-07-06,adapted,2384,0.7450746271,6.112639948,1.450508947,2.103976206,0.0002606892497,0.9997393108,2556.043927,2377.533135,0.8010165863,0.7450746271,0.7110742425,0.7790750117
synthetic_20250706,synthetic,2025-07-06,adapted,2385,0.7453853668,6.110854818,0.5876465188,0.3453284311,0.008429693657,0.9915703063,2556.389255,2378.524705,0.8011248058,0.7453853668,0.7113849822,0.7793857514
synthetic_20250706,synthetic,2025-07-06,adapted,2386,0.7456982065,6.108473276,-0.1886940387,0.03560544024,0.001728484502,0.9982715155,2556.424861,2379.522977,0.8011359639,0.7456982065,0.7116978219,0.7796985911
synthetic_20250706,synthetic,2025-07-06,adapted,2387,0.7460108743,6.107667748,-0.03471620401,0.001205214821,0.002276923397,0.9977230766,2556.426066,2380.5207,0.8011363415,0.7460108743,0.7120104897,0.7800112589
synthetic_20250706,synthetic,2025-07-06,adapted,2388,0.7463224159,6.107120529,1.068906103,1.142560257,0.005870720401,0.9941292796,2557.568626,2381.514829,0.8014943987,0.7463224159,0.7123220313,0.7803228005
synthetic_20250706,synthetic,2025-07-06,adapted,2389,0.7466342905,6.104534564,-0.7955441912,0.6328905602,0.004808229564,0.9951917704,2558.201517,2382.510021,0.8016927348,0.7466342905,0.7126339059,0.7806346751
synthetic_20250706,synthetic,2025-07-06,adapted,2390,0.7469465117,6.103818985,-0.5555829546,0.3086724194,0.003701993821,0.9962980062,2558.510189,2383.506319,0.801789467,0.7469465117,0.7129461271,0.7809468963
synthetic_20250706,synthetic,2025-07-06,adapted,2391,0.7472597484,6.101328617,0.9885464831,0.9772241493,0.0004617782151,0.9995382218,2559.487413,2384.505857,0.8020957108,0.7472597484,0.7132593638,0.781260133
synthetic_20250706,synthetic,2025-07-06,adapted,2392,0.7475693036,6.098509286,-0.8039806828,0.6463849384,0.01220930926,0.9877906907,2560.133798,2385.493648,0.8022982758,0.7475693036,0.713568919,0.7815696882
synthetic_20250706,synthetic,2025-07-06,adapted,2393,0.7478813878,6.09830866,-0.2076595388,0.04312248405,0.004139452204,0.9958605478,2560.176921,2386.489508,0.8023117896,0.7478813878,0.7138810032,0.7818817724
synthetic_20250706,synthetic,2025-07-06,adapted,2394,0.7481942431,6.095483301,0.814968697,0.664173977,0.001678708681,0.9983212913,2560.841095,2387.48783,0.8025199294,0.7481942431,0.7141938585,0.7821946277
synthetic_20250706,synthetic,2025-07-06,adapted,2395,0.7485071144,6.093993113,-0.05707353359,0.003257388237,0.001627784943,0.9983722151,2560.844352,2388.486202,0.8025209502,0.7485071144,0.7145067298,0.782507499
synthetic_20250706,synthetic,2025-07-06,adapted,2396,0.7488196479,6.093073996,-0.009189841946,8.4453195e-05,0.00270549583,0.9972945042,2560.844436,2389.483496,0.8025209766,0.7488196479,0.7148192633,0.7828200325
synthetic_20250706,synthetic,2025-07-06,adapted,2397,0.7491319968,6.08708374,-0.1017016916,0.01034323408,0.003294794572,0.9967052054,2560.85478,2390.480202,0.802524218,0.7491319968,0.7151316122,0.7831323814
synthetic_20250706,synthetic,2025-07-06,adapted,2398,0.7494451706,6.08443138,-0.5380565071,0.2895048049,0.000662204163,0.9993377958,2561.144285,2391.479539,0.8026149434,0.7494451706,0.715444786,0.7834455552
synthetic_20250706,synthetic,2025-07-06,adapted,2399,0.7497580372,6.083824277,0.3079866278,0.09485576292,0.001642829573,0.9983571704,2561.23914,2392.477897,0.8026446695,0.7497580372,0.7157576526,0.7837584218
synthetic_20250706,synthetic,2025-07-06,adapted,2400,0.7500702714,6.083712806,-0.4853938596,0.235607199,0.003660615752,0.9963393842,2561.474747,2393.474236,0.8027185044,0.7500702714,0.7160698868,0.784070656
synthetic_20250706,synthetic,2025-07-06,adapted,2401,0.7503829673,6.083357038,1.045354697,1.092766443,0.002187495375,0.9978125046,2562.567514,2394.472049,0.803060957,0.7503829673,0.7163825827,0.7843833519
synthetic_20250706,synthetic,2025-07-06,adapted,2402,0.7506955766,6.081059508,-0.9059187409,0.8206887652,0.002463483646,0.9975365164,2563.388203,2395.469585,0.8033181456,0.7506955766,0.716695192,0.7846959612
synthetic_20250706,synthetic,2025-07-06,adapted,2403,0.7510079267,6.08003599,0.3494855302,0.1221401358,0.003290959013,0.996709041,2563.510343,2396.466294,0.8033564221,0.7510079267,0.7170075421,0.7850083113
synthetic_20250706,synthetic,2025-07-06,adapted,2404,0.7513209221,6.078661491,-0.1800006389,0.03240023001,0.001231559608,0.9987684404,2563.542743,2397.465063,0.8033665757,0.7513209221,0.7173205375,0.7853213067
synthetic_20250706,synthetic,2025-07-06,adapted,2405,0.7516341417,6.077051173,-0.9460801243,0.8950676017,0.0005162402517,0.9994837597,2564.437811,2398.464546,0.8036470732,0.7516341417,0.7176337571,0.7856345263
synthetic_20250706,synthetic,2025-07-06,adapted,2406,0.7519473806,6.076506091,0.6396738413,0.4091826233,0.000454796676,0.9995452033,2564.846993,2399.464091,0.8037753034,0.7519473806,0.717946996,0.7859477652
synthetic_20250706,synthetic,2025-07-06,adapted,2407,0.7522591578,6.074970162,1.562385075,2.441047122,0.00511886232,0.9948811377,2567.28804,2400.458973,0.8045402822,0.7522591578,0.7182587732,0.7862595424
synthetic_20250706,synthetic,2025-07-06,adapted,2408,0.7525717631,6.074484739,0.4586403412,0.2103509625,0.002476633866,0.9975233661,2567.498391,2401.456496,0.8046062022,0.7525717631,0.7185713785,0.7865721477
synthetic_20250706,synthetic,2025-07-06,adapted,2409,0.752884686,6.073957648,-0.8476983879,0.7185925568,0.001462900637,0.9985370994,2568.216984,2402.455033,0.8048313958,0.752884686,0.7188843014,0.7868850706
synthetic_20250706,synthetic,2025-07-06,adapted,2410,0.7531974555,6.072975808,0.2401201663,0.05765769427,0.001952719284,0.9980472807,2568.274642,2403.45308,0.8048494646,0.7531974555,0.7191970709,0.7871978401
synthetic_20250706,synthetic,2025-07-06,adapted,2411,0.7535107146,6.072479629,0.2972247023,0.08834252366,0.0003899876153,0.9996100124,2568.362984,2404.45269,0.8048771495,0.7535107146,0.71951033,0.7875110992
synthetic_20250706,synthetic,2025-07-06,adapted,2412,0.753823436,6.071501195,0.09051654448,0.008193244825,0.002106254487,0.9978937455,2568.371177,2405.450584,0.8048797171,0.753823436,0.7198230514,0.7878238206
synthetic_20250706,synthetic,2025-07-06,adapted,2413,0.7541360611,6.070111617,-0.7698048446,0.5925994988,0.002413244987,0.997586755,2568.963777,2406.448171,0.8050654268,0.7541360611,0.7201356765,0.7881364457
synthetic_20250706,synthetic,2025-07-06,adapted,2414,0.7544489713,6.069883831,0.9765177273,0.9535868717,0.001503399808,0.9984966002,2569.917364,2407.446667,0.8053642632,0.7544489713,0.7204485867,0.7884493559
synthetic_20250706,synthetic,2025-07-06,adapted,2415,0.7547617218,6.069253288,-2.039960416,4.161438499,0.002013330162,0.9979866698,2574.078802,2408.444654,0.8066683805,0.7547617218,0.7207613372,0.7887621064
synthetic_20250706,synthetic,2025-07-06,adapted,2416,0.7550746823,6.068211508,-0.3192471202,0.1019187238,0.001342859733,0.9986571403,2574.180721,2409.443311,0.80670032,0.7550746823,0.7210742977,0.7890750669
synthetic_20250706,synthetic,2025-07-06,adapted,2417,0.75538789,6.06813831,-0.3962008337,0.1569751006,0.0005542703476,0.9994457297,2574.337696,2410.442757,0.806749513,0.75538789,0.7213875054,0.7893882746
synthetic_20250706,synthetic,2025-07-06,adapted,2418,0.7557000604,6.067478676,0.7133126348,0.508814915,0.003864329644,0.9961356704,2574.846511,2411.438893,0.8069089662,0.7557000604,0.7216996758,0.789700445
synthetic_20250706,synthetic,2025-07-06,adapted,2419,0.756012996,6.061999519,-0.168716064,0.02846511024,0.001422350382,0.9985776496,2574.874976,2412.43747,0.8069178866,0.756012996,0.7220126114,0.7900133806
synthetic_20250706,synthetic,2025-07-06,adapted,2420,0.7563257164,6.061100899,1.940512741,3.765589699,0.002109187859,0.9978908121,2578.640566,2413.435361,0.8080979523,0.7563257164,0.7223253318,0.790326101
synthetic_20250706,synthetic,2025-07-06,adapted,2421,0.7566385185,6.059646185,-0.4874654488,0.2376225638,0.00184849854,0.9981515015,2578.878188,2414.433513,0.8081724188,0.7566385185,0.7226381339,0.7906389031
synthetic_20250706,synthetic,2025-07-06,adapted,2422,0.7569513793,6.056870365,0.501772622,0.2517757642,0.001661466189,0.9983385338,2579.129964,2415.431851,0.8082513206,0.7569513793,0.7229509947,0.7909517639
synthetic_20250706,synthetic,2025-07-06,adapted,2423,0.7572643508,6.056319381,0.7771595953,0.6039770366,0.00130791537,0.9986920846,2579.733941,2416.430543,0.8084405958,0.7572643508,0.7232639662,0.7912647354
synthetic_20250706,synthetic,2025-07-06,adapted,2424,0.7575771594,6.055559946,-0.4160155012,0.1730688972,0.001827677264,0.9981723227,2579.90701,2417.428716,0.8084948324,0.7575771594,0.7235767748,0.791577544
synthetic_20250706,synthetic,2025-07-06,adapted,2425,0.7578901908,6.054916066,0.1184089067,0.01402066918,0.001116700479,0.9988832995,2579.921031,2418.427599,0.8084992262,0.7578901908,0.7238898062,0.7918905754
synthetic_20250706,synthetic,2025-07-06,adapted,2426,0.7582034761,6.053208181,0.5014345884,0.2514366465,0.0003065101552,0.9996934898,2580.172467,2419.427292,0.8085780217,0.7582034761,0.7242030915,0.7922038607
synthetic_20250706,synthetic,2025-07-06,adapted,2427,0.7585165935,6.052358022,-1.013149843,1.026472604,0.0008424001005,0.9991575999,2581.19894,2420.42645,0.8088996992,0.7585165935,0.7245162089,0.7925169781
synthetic_20250706,synthetic,2025-07-06,adapted,2428,0.7588297156,6.049750038,0.750406666,0.5631101644,0.0008273527672,0.9991726472,2581.76205,2421.425623,0.8090761674,0.7588297156,0.724829331,0.7928301002
synthetic_20250706,synthetic,2025-07-06,adapted,2429,0.7591426714,6.049547622,0.6566069612,0.4311327015,0.00135808188,0.9986419181,2582.193183,2422.424265,0.8092112764,0.7591426714,0.7251422868,0.793143056
synthetic_20250706,synthetic,2025-07-06,adapted,2430,0.7594552724,6.048567472,0.01183390782,0.0001400413742,0.002490164408,0.9975098356,2582.193323,2423.421774,0.8092113202,0.7594552724,0.7254548878,0.793455657
synthetic_20250706,synthetic,2025-07-06,adapted,2431,0.7597683384,6.045011233,0.7144842222,0.5104877037,0.001006676368,0.9989933236,2582.703811,2424.420768,0.8093712976,0.7597683384,0.7257679538,0.793768723
synthetic_20250706,synthetic,2025-07-06,adapted,2432,0.7600811261,6.044458937,-0.3772646142,0.1423285891,0.001894227372,0.9981057726,2582.846139,2425.418873,0.8094159007,0.7600811261,0.7260807415,0.7940815107
synthetic_20250706,synthetic,2025-07-06,adapted,2433,0.7603943009,6.042067093,0.9089021128,0.8261030506,0.0006591997748,0.9993408002,2583.672242,2426.418214,0.809674786,0.7603943009,0.7263939163,0.7943946855
synthetic_20250706,synthetic,2025-07-06,adapted,2434,0.7607068057,6.037983964,0.3345936861,0.1119529348,0.002797300235,0.9972026998,2583.784195,2427.415417,0.80970987,0.7607068057,0.7267064211,0.7947071903
synthetic_20250706,synthetic,2025-07-06,adapted,2435,0.7610200005,6.036103891,0.360440841,0.1299175999,0.0005954547353,0.9994045453,2583.914113,2428.414822,0.8097505838,0.7610200005,0.7270196159,0.7950203851
synthetic_20250706,synthetic,2025-07-06,adapted,2436,0.7613330377,6.034998564,0.4939275156,0.2439643907,0.001098345618,0.9989016544,2584.158077,2429.413723,0.8098270377,0.7613330377,0.7273326531,0.7953334223
synthetic_20250706,synthetic,2025-07-06,adapted,2437,0.7616453441,6.033494362,0.2583511311,0.06674530695,0.003430289163,0.9965697108,2584.224822,2430.410293,0.8098479544,0.7616453441,0.7276449595,0.7956457287
synthetic_20250706,synthetic,2025-07-06,adapted,2438,0.7619573877,6.033125722,0.1649008074,0.02719227628,0.004268823219,0.9957311768,2584.252015,2431.406024,0.8098564759,0.7619573877,0.7279570031,0.7959577723
synthetic_20250706,synthetic,2025-07-06,adapted,2439,0.7622702852,6.030939907,-1.874452852,3.513573493,0.00154395288,0.9984560471,2587.765588,2432.40448,0.8109575645,0.7622702852,0.7282699006,0.7962706698
synthetic_20250706,synthetic,2025-07-06,adapted,2440,0.7625832053,6.028116945,-0.5681615317,0.3228075262,0.001472110309,0.9985278897,2588.088396,2433.403008,0.8110587263,0.7625832053,0.7285828207,0.7965835899
synthetic_20250706,synthetic,2025-07-06,adapted,2441,0.7628961098,6.027127997,0.9719617246,0.9447095941,0.001521787812,0.9984782122,2589.033105,2434.401486,0.8113547807,0.7628961098,0.7288957252,0.7968964944
synthetic_20250706,synthetic,2025-07-06,adapted,2442,0.7632089896,6.026673699,0.1815492529,0.03296013121,0.001600468875,0.9983995311,2589.066065,2435.399886,0.8113651098,0.7632089896,0.729208605,0.7972093742
synthetic_20250706,synthetic,2025-07-06,adapted,2443,0.7635218219,6.023830035,1.398639378,1.95619211,0.001752209778,0.9982477902,2591.022258,2436.398134,0.811978144,0.7635218219,0.7295214373,0.7975222065
synthetic_20250706,synthetic,2025-07-06,adapted,2444,0.7638346024,6.021947619,-0.5354403383,0.2866963559,0.00191728966,0.9980827103,2591.308954,2437.396216,0.8120679893,0.7638346024,0.7298342178,0.797834987
synthetic_20250706,synthetic,2025-07-06,adapted,2445,0.7641476369,6.021446041,0.1296797372,0.01681683423,0.001106812554,0.9988931874,2591.325771,2438.395109,0.8120732594,0.7641476369,0.7301472523,0.7981480215
synthetic_20250706,synthetic,2025-07-06,adapted,2446,0.7644606612,6.02099447,0.4740986964,0.2247695739,0.00113946962,0.9988605304,2591.55054,2439.39397,0.812143698,0.7644606612,0.7304602766,0.7984610458
synthetic_20250706,synthetic,2025-07-06,adapted,2447,0.7647715689,6.017840278,0.299442831,0.08966600905,0.007893713127,0.9921062869,2591.640206,2440.386076,0.8121717977,0.7647715689,0.7307711843,0.7987719535
synthetic_20250706,synthetic,2025-07-06,adapted,2448,0.7650836657,6.01734325,-0.3219400365,0.1036453871,0.00409886287,0.9959011371,2591.743852,2441.381977,0.8122042782,0.7650836657,0.7310832811,0.7990840503
synthetic_20250706,synthetic,2025-07-06,adapted,2449,0.7653944401,6.017040905,0.4306104764,0.1854253824,0.008319023221,0.9916809768,2591.929277,2442.373658,0.8122623871,0.7653944401,0.7313940555,0.7993948247
synthetic_20250706,synthetic,2025-07-06,adapted,2450,0.7657059582,6.016829254,-0.7433122599,0.5525131157,0.005945761919,0.9940542381,2592.48179,2443.367713,0.8124355344,0.7657059582,0.7317055736,0.7997063428
synthetic_20250706,synthetic,2025-07-06,adapted,2451,0.7660190739,6.014579707,-0.6277387843,0.3940559813,0.0008479170789,0.9991520829,2592.875846,2444.366865,0.8125590242,0.7660190739,0.7320186893,0.8000194585
synthetic_20250706,synthetic,2025-07-06,adapted,2452,0.7663321785,6.014049295,-0.1302161418,0.01695624358,0.0008832422877,0.9991167577,2592.892802,2445.365981,0.812564338,0.7663321785,0.7323317939,0.8003325631
synthetic_20250706,synthetic,2025-07-06,adapted,2453,0.7666453406,6.012417041,1.416880371,2.007549986,0.0006995109292,0.9993004891,2594.900352,2446.365282,0.8131934668,0.7666453406,0.732644956,0.8006457252
synthetic_20250706,synthetic,2025-07-06,adapted,2454,0.7669579908,6.011228987,-0.9445967455,0.8922630117,0.002333265548,0.9976667345,2595.792615,2447.362949,0.8134730854,0.7669579908,0.7329576062,0.8009583754
synthetic_20250706,synthetic,2025-07-06,adapted,2455,0.7672711743,6.010838718,-0.5989397248,0.358728794,0.0006315323878,0.9993684676,2596.151344,2448.362317,0.8135855043,0.7672711743,0.7332707897,0.8012715589
synthetic_20250706,synthetic,2025-07-06,adapted,2456,0.7675840958,6.0091803,0.4497729818,0.2022957352,0.001467379437,0.9985326206,2596.35364,2449.36085,0.8136489,0.7675840958,0.7335837112,0.8015844804
synthetic_20250706,synthetic,2025-07-06,adapted,2457,0.7678965856,6.009136456,-0.364710897,0.1330140384,0.00284502753,0.9971549725,2596.486654,2450.358005,0.8136905842,0.7678965856,0.733896201,0.8018969702
synthetic_20250706,synthetic,2025-07-06,adapted,2458,0.7682093246,6.007783307,0.6651648486,0.4424442758,0.002049881225,0.9979501188,2596.929098,2451.355955,0.813829238,0.7682093246,0.73420894,0.8022097092
synthetic_20250706,synthetic,2025-07-06,adapted,2459,0.7685215582,6.005744745,-1.412433216,1.994967589,0.003662608893,0.9963373911,2598.924066,2452.352292,0.8144544237,0.7685215582,0.7345211736,0.8025219428
synthetic_20250706,synthetic,2025-07-06,adapted,2460,0.7688348055,6.004613476,0.2589770672,0.06706912134,0.0004279842578,0.9995720157,2598.991135,2453.351864,0.8144754419,0.7688348055,0.7348344209,0.8028351901
synthetic_20250706,synthetic,2025-07-06,adapted,2461,0.7691476547,6.004544027,-0.3470182144,0.1204216412,0.001697952918,0.9983020471,2599.111557,2454.350166,0.8145131798,0.7691476547,0.7351472701,0.8031480393
synthetic_20250706,synthetic,2025-07-06,adapted,2462,0.7694607794,6.001701603,1.084627721,1.176417293,0.0008193218974,0.9991806781,2600.287974,2455.349347,0.8148818471,0.7694607794,0.7354603948,0.803461164
synthetic_20250706,synthetic,2025-07-06,adapted,2463,0.7697728657,6.00170097,0.9566807304,0.9152380199,0.004132387437,0.9958676126,2601.203212,2456.345215,0.8151686656,0.7697728657,0.7357724811,0.8037732503
synthetic_20250706,synthetic,2025-07-06,adapted,2464,0.77008602,5.999368337,0.09632163623,0.009277857606,0.0007246442853,0.9992753557,2601.21249,2457.34449,0.8151715731,0.77008602,0.7360856354,0.8040864046
synthetic_20250706,synthetic,2025-07-06,adapted,2465,0.7703979317,5.996382341,1.564426942,2.447431655,0.004690031169,0.9953099688,2603.659922,2458.3398,0.8159385527,0.7703979317,0.7363975471,0.8043983163
synthetic_20250706,synthetic,2025-07-06,adapted,2466,0.7707111421,5.996221744,0.4607419467,0.2122831414,0.0005453800362,0.99945462,2603.872205,2459.339255,0.8160050782,0.7707111421,0.7367107575,0.8047115267
synthetic_20250706,synthetic,2025-07-06,adapted,2467,0.7710244797,5.99582753,0.7078144462,0.5010012903,0.0001399231822,0.9998600768,2604.373206,2460.339115,0.8161620827,0.7710244797,0.7370240951,0.8050248643
synthetic_20250706,synthetic,2025-07-06,adapted,2468,0.7713359489,5.995288364,-0.7308825176,0.5341892545,0.006101669411,0.9938983306,2604.907395,2461.333013,0.8163294877,0.7713359489,0.7373355643,0.8053363335
synthetic_20250706,synthetic,2025-07-06,adapted,2469,0.7716481639,5.994366117,1.045173803,1.092388278,0.00372203931,0.9962779607,2605.999783,2462.329291,0.8166718218,0.7716481639,0.7376477793,0.8056485485
synthetic_20250706,synthetic,2025-07-06,adapted,2470,0.7719602935,5.993555441,-0.391081876,0.1529450337,0.003994315496,0.9960056845,2606.152729,2463.325297,0.816719752,0.7719602935,0.7379599089,0.8059606781
synthetic_20250706,synthetic,2025-07-06,adapted,2471,0.7722726201,5.992900686,-0.920291369,0.8469362039,0.003365788242,0.9966342118,2606.999665,2464.321931,0.816985166,0.7722726201,0.7382722355,0.8062730047
synthetic_20250706,synthetic,2025-07-06,adapted,2472,0.772585574,5.992403727,0.2305149182,0.05313712753,0.001364150241,0.9986358498,2607.052802,2465.320567,0.8170018182,0.772585574,0.7385851894,0.8065859586
synthetic_20250706,synthetic,2025-07-06,adapted,2473,0.7728981484,5.989919594,0.5302835461,0.2812006393,0.002574995805,0.9974250042,2607.334002,2466.317992,0.8170899412,0.7728981484,0.7388977638,0.806898533
synthetic_20250706,synthetic,2025-07-06,adapted,2474,0.7732111633,5.988479946,1.816966384,3.301366842,0.001169596197,0.9988304038,2610.635369,2467.316822,0.8181245281,0.7732111633,0.7392107787,0.8072115479
synthetic_20250706,synthetic,2025-07-06,adapted,2475,0.7735236208,5.988148549,0.7336780834,0.5382835301,0.002948000356,0.9970519996,2611.173653,2468.313874,0.8182932162,0.7735236208,0.7395232362,0.8075240054
synthetic_20250706,synthetic,2025-07-06,adapted,2476,0.7738353343,5.986360755,-2.443448487,5.970440506,0.005322246917,0.9946777531,2617.144093,2469.308552,0.8201642411,0.7738353343,0.7398349497,0.8078357189
synthetic_20250706,synthetic,2025-07-06,adapted,2477,0.7741480895,5.982091007,-1.264927957,1.600042736,0.00199809309,0.9980019069,2618.744136,2470.306554,0.8206656647,0.7741480895,0.7401477049,0.8081484741
synthetic_20250706,synthetic,2025-07-06,adapted,2478,0.7744606223,5.982008084,0.803005756,0.6448182441,0.002707989389,0.9972920106,2619.388954,2471.303846,0.8208677387,0.7744606223,0.7404602377,0.8084610069
synthetic_20250706,synthetic,2025-07-06,adapted,2479,0.7747737973,5.980777513,0.2210483166,0.04886235827,0.0006585779654,0.999341422,2619.437817,2472.303187,0.8208830513,0.7747737973,0.7407734127,0.8087741819
synthetic_20250706,synthetic,2025-07-06,adapted,2480,0.7750863547,5.980265955,0.6361857591,0.4047323201,0.002629365355,0.9973706346,2619.842549,2473.300558,0.8210098869,0.7750863547,0.7410859701,0.8090867393
synthetic_20250706,synthetic,2025-07-06,adapted,2481,0.7753992877,5.979598371,-1.444870627,2.08765113,0.001430633361,0.9985693666,2621.9302,2474.299127,0.8216641179,0.7753992877,0.7413989031,0.8093996723
synthetic_20250706,synthetic,2025-07-06,adapted,2482,0.7757113813,5.979008121,0.304639437,0.09280518658,0.004109453461,0.9958905465,2622.023005,2475.295018,0.8216932013,0.7757113813,0.7417109967,0.8097117659
synthetic_20250706,synthetic,2025-07-06,adapted,2483,0.7760240628,5.978836093,0.2108105083,0.0444410704,0.002233286914,0.9977667131,2622.067446,2476.292784,0.8217071283,0.7760240628,0.7420236782,0.8100244474
synthetic_20250706,synthetic,2025-07-06,adapted,2484,0.7763371575,5.976061698,1.159780422,1.345090626,0.0009147554709,0.9990852445,2623.412537,2477.29187,0.8221286547,0.7763371575,0.7423367729,0.8103375421
synthetic_20250706,synthetic,2025-07-06,adapted,2485,0.7766502852,5.975393533,-0.2588434801,0.06699994717,0.0008095869278,0.9991904131,2623.479537,2478.29106,0.8221496512,0.7766502852,0.7426499006,0.8106506698
synthetic_20250706,synthetic,2025-07-06,adapted,2486,0.77696138,5.974237246,-0.3899632351,0.1520713247,0.007296599084,0.9927034009,2623.631608,2479.283763,0.8221973075,0.77696138,0.7429609954,0.8109617646
synthetic_20250706,synthetic,2025-07-06,adapted,2487,0.7772743716,5.970775695,0.9369706599,0.8779140175,0.001243583638,0.9987564164,2624.509522,2480.28252,0.8224724294,0.7772743716,0.743273987,0.8112747562
synthetic_20250706,synthetic,2025-07-06,adapted,2488,0.7775873725,5.969520636,-0.6497284925,0.422147114,0.001214300466,0.9987856995,2624.931669,2481.281306,0.8226047225,0.7775873725,0.7435869879,0.8115877571
synthetic_20250706,synthetic,2025-07-06,adapted,2489,0.7779002303,5.967544799,0.5222300674,0.2727242433,0.001670743023,0.998329257,2625.204394,2482.279635,0.8226901892,0.7779002303,0.7438998457,0.8119006149
synthetic_20250706,synthetic,2025-07-06,adapted,2490,0.7782115591,5.96701518,0.5908460684,0.3490990766,0.006549912368,0.9934500876,2625.553493,2483.273085,0.8227995903,0.7782115591,0.7442111745,0.8122119437
synthetic_20250706,synthetic,2025-07-06,adapted,2491,0.7785244692,5.963229381,0.08535390802,0.007285289614,0.001503620004,0.99849638,2625.560778,2484.271581,0.8228018734,0.7785244692,0.7445240846,0.8125248538
synthetic_20250706,synthetic,2025-07-06,adapted,2492,0.7788376712,5.962941972,0.3235323135,0.1046731578,0.0005725072365,0.9994274928,2625.665451,2485.271009,0.822834676,0.7788376712,0.7448372866,0.8128380558
synthetic_20250706,synthetic,2025-07-06,adapted,2493,0.7791492016,5.961917885,-0.1441555292,0.02078081659,0.005906570153,0.9940934298,2625.686232,2486.265102,0.8228411883,0.7791492016,0.745148817,0.8131495862
synthetic_20250706,synthetic,2025-07-06,adapted,2494,0.7794618915,5.961473308,-0.5511887317,0.3038090179,0.002206589923,0.9977934101,2625.990041,2487.262896,0.8229363964,0.7794618915,0.7454615069,0.8134622761
synthetic_20250706,synthetic,2025-07-06,adapted,2495,0.7797746738,5.958309433,0.697755251,0.4868623903,0.001911487904,0.9980885121,2626.476903,2488.260984,0.82308897,0.7797746738,0.7457742892,0.8137750584
synthetic_20250706,synthetic,2025-07-06,adapted,2496,0.7800877936,5.95757007,-1.862152097,3.467610433,0.0008347540936,0.9991652459,2629.944514,2489.260149,0.8241756546,0.7800877936,0.746087409,0.8140881782
synthetic_20250706,synthetic,2025-07-06,adapted,2497,0.7803991014,5.955932969,-0.5373194262,0.2887121658,0.006616924433,0.9933830756,2630.233226,2490.253532,0.8242661316,0.7803991014,0.7463987168,0.814399486
synthetic_20250706,synthetic,2025-07-06,adapted,2498,0.7807117979,5.954848486,0.6063266012,0.3676319473,0.002185379727,0.9978146203,2630.600858,2491.251347,0.8243813406,0.7807117979,0.7467114133,0.8147121825
synthetic_20250706,synthetic,2025-07-06,adapted,2499,0.7810249004,5.95089652,1.892301092,3.580803422,0.0008897979016,0.9991102021,2634.181661,2492.250457,0.8255034978,0.7810249004,0.7470245158,0.815025285
synthetic_20250706,synthetic,2025-07-06,adapted,2500,0.781338019,5.948681873,-0.3065931544,0.09399936233,0.0008386176133,0.9991613824,2634.275661,2493.249619,0.8255329554,0.781338019,0.7473376344,0.8153384036
synthetic_20250706,synthetic,2025-07-06,adapted,2501,0.7816508771,5.945296424,0.6586787629,0.4338577126,0.001669798553,0.9983302014,2634.709518,2494.247949,0.8256689184,0.7816508771,0.7476504925,0.8156512617
synthetic_20250706,synthetic,2025-07-06,adapted,2502,0.7819636649,5.94503921,0.5316987026,0.2827035103,0.001894289167,0.9981057108,2634.992222,2495.246055,0.8257575124,0.7819636649,0.7479632803,0.8159640495
synthetic_20250706,synthetic,2025-07-06,adapted,2503,0.7822768328,5.943271684,-0.0009938103068,9.87658926e-07,0.0006809772711,0.9993190227,2634.992223,2496.245374,0.8257575127,0.7822768328,0.7482764482,0.8162772174
synthetic_20250706,synthetic,2025-07-06,adapted,2504,0.7825896895,5.943223648,-1.323010609,1.750357071,0.001674512634,0.9983254874,2636.74258,2497.243699,0.826306042,0.7825896895,0.7485893049,0.8165900741
synthetic_20250706,synthetic,2025-07-06,adapted,2505,0.7829028363,5.940842751,-0.01655060424,0.0002739225006,0.000748493609,0.9992515064,2636.742854,2498.242951,0.8263061278,0.7829028363,0.7489024517,0.8169032209
synthetic_20250706,synthetic,2025-07-06,adapted,2506,0.7832147536,5.940838618,-0.3835786969,0.1471326167,0.004671944664,0.9953280553,2636.889987,2499.238279,0.8263522365,0.7832147536,0.749214369,0.8172151382
synthetic_20250706,synthetic,2025-07-06,adapted,2507,0.7835269081,5.938670228,0.3628290103,0.1316448907,0.003914766388,0.9960852336,2637.021631,2500.234364,0.8263934915,0.7835269081,0.7495265235,0.8175272927
synthetic_20250706,synthetic,2025-07-06,adapted,2508,0.7838398263,5.938566139,-0.1392717545,0.01939662159,0.001478314341,0.9985216857,2637.041028,2501.232886,0.8263995701,0.7838398263,0.7498394417,0.8178402109
synthetic_20250706,synthetic,2025-07-06,adapted,2509,0.7841526908,5.937511345,-1.298619215,1.686411864,0.001649400351,0.9983505996,2638.72744,2502.231236,0.8269280602,0.7841526908,0.7501523062,0.8181530754
synthetic_20250706,synthetic,2025-07-06,adapted,2510,0.7844657867,5.936386496,-0.6880168624,0.473367203,0.0009108035347,0.9990891965,2639.200807,2503.230325,0.8270764046,0.7844657867,0.7504654021,0.8184661713
synthetic_20250706,synthetic,2025-07-06,adapted,2511,0.7847791005,5.935883642,-0.4419751661,0.1953420474,0.0002155778207,0.9997844222,2639.396149,2504.23011,0.8271376212,0.7847791005,0.7507787159,0.8187794851
synthetic_20250706,synthetic,2025-07-06,adapted,2512,0.7850916436,5.933365053,-1.343859478,1.805958296,0.002675223062,0.9973247769,2641.202107,2505.227435,0.8277035749,0.7850916436,0.751091259,0.8190920282
synthetic_20250706,synthetic,2025-07-06,adapted,2513,0.7854049352,5.932628606,1.206015935,1.454474435,0.0002863712473,0.9997136288,2642.656582,2506.227148,0.8281593801,0.7854049352,0.7514045506,0.8194053198
synthetic_20250706,synthetic,2025-07-06,adapted,2514,0.785717406,5.927470092,-0.6097585832,0.3718055298,0.002905819299,0.9970941807,2643.028387,2507.224242,0.828275897,0.785717406,0.7517170214,0.8197177906
synthetic_20250706,synthetic,2025-07-06,adapted,2515,0.7860299366,5.923099085,1.802340475,3.248431187,0.002714854132,0.9972851459,2646.276819,2508.221528,0.8292938949,0.7860299366,0.752029552,0.8200303212
synthetic_20250706,synthetic,2025-07-06,adapted,2516,0.7863428392,5.922360832,-1.343009784,1.803675281,0.001527707403,0.9984722926,2648.080494,2509.22,0.8298591332,0.7863428392,0.7523424546,0.8203432238
synthetic_20250706,synthetic,2025-07-06,adapted,2517,0.7866547,5.921584314,0.893370852,0.7981114792,0.004852287287,0.9951477127,2648.878605,2510.215148,0.8301092464,0.7866547,0.7526543154,0.8206550846
synthetic_20250706,synthetic,2025-07-06,adapted,2518,0.7869673588,5.917868009,-0.1796018714,0.03225683221,0.002305535525,0.9976944645,2648.910862,2511.212842,0.8301193551,0.7869673588,0.7529669742,0.8209677434
synthetic_20250706,synthetic,2025-07-06,adapted,2519,0.7872803966,5.9175936,0.9674643449,0.9359872586,0.001096359534,0.9989036405,2649.846849,2512.211746,0.8304126761,0.7872803966,0.753280012,0.8212807812
synthetic_20250706,synthetic,2025-07-06,adapted,2520,0.7875931599,5.916344964,-0.02126043094,0.0004520059239,0.001972435731,0.9980275643,2649.847302,2513.209773,0.8304128178,0.7875931599,0.7535927753,0.8215935445
synthetic_20250706,synthetic,2025-07-06,adapted,2521,0.787906015,5.914567147,-1.20049949,1.441199025,0.001679367085,0.9983206329,2651.288501,2514.208094,0.8308644627,0.787906015,0.7539056304,0.8219063996
synthetic_20250706,synthetic,2025-07-06,adapted,2522,0.7882192405,5.914510013,1.71179275,2.930234419,0.0004974609499,0.9995025391,2654.218735,2515.207596,0.8317827436,0.7882192405,0.7542188559,0.8222196251
synthetic_20250706,synthetic,2025-07-06,adapted,2523,0.7885313756,5.911672773,-1.35779769,1.843614567,0.003976749903,0.9960232501,2656.06235,2516.20362,0.8323604981,0.7885313756,0.754530991,0.8225317602
synthetic_20250706,synthetic,2025-07-06,adapted,2524,0.7888431566,5.910219052,-0.6047477729,0.3657198688,0.005106864849,0.9948931352,2656.428069,2517.198513,0.8324751079,0.7888431566,0.754842772,0.8228435412
synthetic_20250706,synthetic,2025-07-06,adapted,2525,0.7891557184,5.90215573,-1.073748862,1.152936619,0.002615351705,0.9973846483,2657.581006,2518.195897,0.8328364168,0.7891557184,0.7551553338,0.823156103
synthetic_20250706,synthetic,2025-07-06,adapted,2526,0.7894677738,5.899732274,1.419506455,2.014998575,0.004231127676,0.9957688723,2659.596005,2519.191666,0.8334678798,0.7894677738,0.7554673892,0.8234681584
synthetic_20250706,synthetic,2025-07-06,adapted,2527,0.7897796266,5.894578569,-0.597043237,0.3564606268,0.004877656766,0.9951223432,2659.952465,2520.186789,0.833579588,0.7897796266,0.755779242,0.8237800112
synthetic_20250706,synthetic,2025-07-06,adapted,2528,0.790092162,5.894183689,-0.6860458801,0.4706589497,0.00269971748,0.9973002825,2660.423124,2521.184089,0.8337270837,0.790092162,0.7560917774,0.8240925466
synthetic_20250706,synthetic,2025-07-06,adapted,2529,0.7904036443,5.893867746,0.2190223298,0.04797078096,0.006059915825,0.9939400842,2660.471095,2522.178029,0.8337421169,0.7904036443,0.7564032597,0.8244040289
synthetic_20250706,synthetic,2025-07-06,adapted,2530,0.790716555,5.892876732,0.3825111581,0.1463147861,0.001501843166,0.9984981568,2660.61741,2523.176527,0.8337879692,0.790716555,0.7567161704,0.8247169396
synthetic_20250706,synthetic,2025-07-06,adapted,2531,0.7910294562,5.890773923,-0.6684335196,0.4468033701,0.001532473927,0.9984675261,2661.064213,2524.174995,0.8339279891,0.7910294562,0.7570290716,0.8250298408
synthetic_20250706,synthetic,2025-07-06,adapted,2532,0.7913410887,5.888714253,-0.7015666714,0.4921957945,0.005580513272,0.9944194867,2661.556409,2525.169414,0.8340822341,0.7913410887,0.7573407041,0.8253414733
synthetic_20250706,synthetic,2025-07-06,adapted,2533,0.7916534728,5.888072334,1.256226592,1.578105251,0.003182457469,0.9968175425,2663.134514,2526.166232,0.8345767829,0.7916534728,0.7576530882,0.8256538574
synthetic_20250706,synthetic,2025-07-06,adapted,2534,0.7919659335,5.887316718,-0.580988236,0.3375473304,0.002938016817,0.9970619832,2663.472061,2527.163294,0.8346825639,0.7919659335,0.7579655489,0.8259663181
synthetic_20250706,synthetic,2025-07-06,adapted,2535,0.7922779859,5.886384877,-0.08393349765,0.007044832028,0.004240583462,0.9957594165,2663.479106,2528.159053,0.8346847716,0.7922779859,0.7582776013,0.8262783705
synthetic_20250706,synthetic,2025-07-06,adapted,2536,0.7925891376,5.884817552,-0.2354172068,0.05542126128,0.007115164185,0.9928848358,2663.534528,2529.151938,0.8347021396,0.7925891376,0.758588753,0.8265895222
synthetic_20250706,synthetic,2025-07-06,adapted,2537,0.7929015952,5.884344354,1.776554541,3.156146036,0.002947668021,0.997052332,2666.690674,2530.14899,0.835691217,0.7929015952,0.7589012106,0.8269019798
synthetic_20250706,synthetic,2025-07-06,adapted,2538,0.7932144911,5.882332401,0.5628688917,0.3168213893,0.00154914477,0.9984508552,2667.007495,2531.147441,0.835790503,0.7932144911,0.7592141065,0.8272148757
synthetic_20250706,synthetic,2025-07-06,adapted,2539,0.7935269593,5.881056459,0.2305738466,0.05316429876,0.002913859463,0.9970861405,2667.060659,2532.144527,0.8358071637,0.7935269593,0.7595265747,0.8275273439
synthetic_20250706,synthetic,2025-07-06,adapted,2540,0.7938385826,5.877895029,-1.904173971,3.625878511,0.005610210818,0.9943897892,2670.686538,2533.138917,0.8369434465,0.7938385826,0.759838198,0.8278389672
synthetic_20250706,synthetic,2025-07-06,adapted,2541,0.7941514996,5.876731307,-0.7089346576,0.5025883487,0.001481949769,0.9985180502,2671.189126,2534.137435,0.8371009483,0.7941514996,0.760151115,0.8281518842
synthetic_20250706,synthetic,2025-07-06,adapted,2542,0.7944642565,5.875862788,-0.8769079521,0.7689675565,0.001992751739,0.9980072483,2671.958094,2535.135442,0.8373419285,0.7944642565,0.7604638719,0.8284646411
synthetic_20250706,synthetic,2025-07-06,adapted,2543,0.7947764299,5.875847044,-0.3731088932,0.1392102462,0.003854580178,0.9961454198,2672.097304,2536.131588,0.8373855544,0.7947764299,0.7607760453,0.8287768145
synthetic_20250706,synthetic,2025-07-06,adapted,2544,0.795089367,5.874636916,1.144772571,1.310504239,0.001417782908,0.9985822171,2673.407808,2537.13017,0.837796242,0.795089367,0.7610889824,0.8290897516
synthetic_20250706,synthetic,2025-07-06,adapted,2545,0.7954024233,5.873149398,-0.7241156899,0.5243435323,0.001037269492,0.9989627305,2673.932152,2538.129133,0.8379605615,0.7954024233,0.7614020387,0.8294028079
synthetic_20250706,synthetic,2025-07-06,adapted,2546,0.7957147226,5.872729659,-0.9991053384,0.9982114772,0.003452904144,0.9965470959,2674.930363,2539.12568,0.8382733824,0.7957147226,0.761714338,0.8297151072
synthetic_20250706,synthetic,2025-07-06,adapted,2547,0.7960277277,5.871407818,-0.5262750251,0.276965402,0.001200813754,0.9987991862,2675.207329,2540.124479,0.8383601782,0.7960277277,0.7620273431,0.8300281123
synthetic_20250706,synthetic,2025-07-06,adapted,2548,0.7963400562,5.870928037,-0.3927157454,0.1542256567,0.003359544121,0.9966404559,2675.361554,2541.121119,0.8384085096,0.7963400562,0.7623396716,0.8303404408
synthetic_20250706,synthetic,2025-07-06,adapted,2549,0.7966524159,5.869339315,-0.1166139979,0.0135988245,0.003260366537,0.9967396335,2675.375153,2542.117859,0.8384127713,0.7966524159,0.7626520313,0.8306528005
synthetic_20250706,synthetic,2025-07-06,adapted,2550,0.7969654728,5.866600139,-0.8343551053,0.6961484418,0.001035529987,0.99896447,2676.071302,2543.116824,0.8386309312,0.7969654728,0.7629650882,0.8309658574
synthetic_20250706,synthetic,2025-07-06,adapted,2551,0.797278118,5.866550215,0.07777390532,0.006048780349,0.002348931291,0.9976510687,2676.07735,2544.114475,0.8386328268,0.797278118,0.7632777334,0.8312785026
synthetic_20250706,synthetic,2025-07-06,adapted,2552,0.7975906082,5.865262689,0.4912772134,0.2413533004,0.002843746093,0.9971562539,2676.318704,2545.111631,0.8387084624,0.7975906082,0.7635902236,0.8315909928
synthetic_20250706,synthetic,2025-07-06,adapted,2553,0.7979038795,5.864359979,-0.3205526404,0.1027539953,0.0003515163281,0.9996484837,2676.421458,2546.111279,0.8387406636,0.7979038795,0.7639034949,0.8319042641
synthetic_20250706,synthetic,2025-07-06,adapted,2554,0.7982166028,5.863255707,0.885697557,0.7844601625,0.002099805055,0.9979001949,2677.205918,2547.10918,0.8389864988,0.7982166028,0.7642162182,0.8322169874
synthetic_20250706,synthetic,2025-07-06,adapted,2555,0.7985296192,5.862889105,0.879208858,0.773008216,0.001164719073,0.9988352809,2677.978926,2548.108015,0.8392287452,0.7985296192,0.7645292346,0.8325300038
synthetic_20250706,synthetic,2025-07-06,adapted,2556,0.7988419132,5.862718503,0.6263435912,0.3923062943,0.003469703766,0.9965302962,2678.371232,2549.104545,0.8393516867,0.7988419132,0.7648415286,0.8328422978
synthetic_20250706,synthetic,2025-07-06,adapted,2557,0.7991546779,5.860814177,-1.440111014,2.073919734,0.001968131591,0.9980318684,2680.445152,2550.102577,0.8400016145,0.7991546779,0.7651542932,0.8331550625
synthetic_20250706,synthetic,2025-07-06,adapted,2558,0.799467602,5.854726251,-0.1885022927,0.03553311436,0.001459110534,0.9985408895,2680.480685,2551.101118,0.84001275,0.799467602,0.7654672174,0.8334679866
synthetic_20250706,synthetic,2025-07-06,adapted,2559,0.7997788537,5.853047782,-0.7780158647,0.6053086858,0.006795609317,0.9932043907,2681.085994,2552.094322,0.8402024424,0.7997788537,0.7657784691,0.8337792383
synthetic_20250706,synthetic,2025-07-06,adapted,2560,0.8000909561,5.852590324,-1.074430541,1.154400987,0.004081262933,0.9959187371,2682.240395,2553.090241,0.8405642102,0.8000909561,0.7660905715,0.8340913407
synthetic_20250706,synthetic,2025-07-06,adapted,2561,0.8004033316,5.851510099,0.1113418266,0.01239700235,0.003209777917,0.9967902221,2682.252792,2554.087031,0.8405680952,0.8004033316,0.766402947,0.8344037162
synthetic_20250706,synthetic,2025-07-06,adapted,2562,0.8007156424,5.847209931,-0.8656384611,0.7493299454,0.003416425856,0.9965835741,2683.002122,2555.083615,0.8408029213,0.8007156424,0.7667152578,0.834716027
synthetic_20250706,synthetic,2025-07-06,adapted,2563,0.8010281498,5.846416426,0.5982667377,0.3579230894,0.002788737246,0.9972112628,2683.360045,2556.080826,0.8409150877,0.8010281498,0.7670277652,0.8350285344
synthetic_20250706,synthetic,2025-07-06,adapted,2564,0.8013412318,5.84588589,-0.1505703296,0.02267142417,0.0009553634076,0.9990446366,2683.382716,2557.079871,0.8409221925,0.8013412318,0.7673408472,0.8353416164
synthetic_20250706,synthetic,2025-07-06,adapted,2565,0.8016534216,5.845665906,1.146905198,1.315391533,0.003802379047,0.996197621,2684.698108,2558.076068,0.8413344117,0.8016534216,0.767653037,0.8356538062
synthetic_20250706,synthetic,2025-07-06,adapted,2566,0.8019664793,5.845309675,1.208466864,1.460392161,0.001033050759,0.9989669492,2686.1585,2559.075035,0.8417920714,0.8019664793,0.7679660947,0.8359668639
synthetic_20250706,synthetic,2025-07-06,adapted,2567,0.8022786022,5.843336603,-1.642107608,2.696517397,0.004015628885,0.9959843711,2688.855017,2560.07102,0.8426371098,0.8022786022,0.7682782176,0.8362789868
synthetic_20250706,synthetic,2025-07-06,adapted,2568,0.8025914435,5.842743282,0.7024843557,0.49348427,0.001723611912,0.9982763881,2689.348502,2561.069296,0.8427917586,0.8025914435,0.7685910589,0.8365918281
synthetic_20250706,synthetic,2025-07-06,adapted,2569,0.8029041544,5.841209848,0.3459482059,0.1196801612,0.00213939444,0.9978606056,2689.468182,2562.067157,0.8428292641,0.8029041544,0.7689037698,0.836904539
synthetic_20250706,synthetic,2025-07-06,adapted,2570,0.8032172659,5.839277739,-0.2658853004,0.07069499299,0.0008612639857,0.999138736,2689.538877,2563.066295,0.8428514186,0.8032172659,0.7692168813,0.8372176505
synthetic_20250706,synthetic,2025-07-06,adapted,2571,0.8035302339,5.838990709,-0.6218444975,0.3866905791,0.00131894467,0.9986810553,2689.925567,2564.064976,0.8429726002,0.8035302339,0.7695298493,0.8375306185
synthetic_20250706,synthetic,2025-07-06,adapted,2572,0.8038420304,5.838676225,-0.4265990656,0.1819867628,0.005057564073,0.9949424359,2690.107554,2565.059919,0.8430296315,0.8038420304,0.7698416458,0.837842415
synthetic_20250706,synthetic,2025-07-06,adapted,2573,0.8041550975,5.835958751,-0.1503136573,0.02259419557,0.001002805479,0.9989971945,2690.130148,2566.058916,0.8430367121,0.8041550975,0.7701547129,0.8381554821
synthetic_20250706,synthetic,2025-07-06,adapted,2574,0.8044678194,5.834160109,-1.060413097,1.124475936,0.002104277207,0.9978957228,2691.254624,2567.056812,0.8433891019,0.8044678194,0.7704674348,0.838468204
synthetic_20250706,synthetic,2025-07-06,adapted,2575,0.8047802902,5.831834805,-1.345690254,1.81088226,0.002905900356,0.9970940996,2693.065506,2568.053906,0.8439565987,0.8047802902,0.7707799056,0.8387806748
synthetic_20250706,synthetic,2025-07-06,adapted,2576,0.8050930602,5.83120036,1.058621566,1.120679621,0.001950689583,0.9980493104,2694.186186,2569.051955,0.8443077988,0.8050930602,0.7710926756,0.8390934448
synthetic_20250706,synthetic,2025-07-06,adapted,2577,0.8054054742,5.831168486,0.8635875198,0.7457834044,0.003087040474,0.9969129595,2694.93197,2570.048868,0.8445415135,0.8054054742,0.7714050896,0.8394058588
synthetic_20250706,synthetic,2025-07-06,adapted,2578,0.8057185512,5.830479189,-0.4977825984,0.2477875153,0.0009712409198,0.9990287591,2695.179757,2571.047897,0.8446191655,0.8057185512,0.7717181666,0.8397189358
synthetic_20250706,synthetic,2025-07-06,adapted,2579,0.8060292586,5.830203608,0.03155371228,0.0009956367584,0.008532635186,0.9914673648,2695.180753,2572.039364,0.8446194775,0.8060292586,0.772028874,0.8400296432
synthetic_20250706,synthetic,2025-07-06,adapted,2580,0.8063414344,5.829891659,0.6414906686,0.4115102779,0.003847037674,0.9961529623,2695.592263,2573.035517,0.8447484372,0.8063414344,0.7723410498,0.840341819
synthetic_20250706,synthetic,2025-07-06,adapted,2581,0.8066544617,5.827641861,-0.4972294505,0.2472371265,0.001130133719,0.9988698663,2695.8395,2574.034387,0.8448259167,0.8066544617,0.7726540771,0.8406548463
synthetic_20250706,synthetic,2025-07-06,adapted,2582,0.8069676293,5.825907124,1.307091522,1.708488246,0.0006820756756,0.9993179243,2697.547988,2575.033705,0.8453613251,0.8069676293,0.7729672447,0.8409680139
synthetic_20250706,synthetic,2025-07-06,adapted,2583,0.8072807512,5.822115915,-1.512100545,2.286448057,0.0008279200694,0.9991720799,2699.834436,2576.032877,0.8460778553,0.8072807512,0.7732803666,0.8412811358
synthetic_20250706,synthetic,2025-07-06,adapted,2584,0.8075923943,5.821798719,-0.6295134997,0.3962872463,0.005546949446,0.9944530506,2700.230724,2577.02733,0.8462020444,0.8075923943,0.7735920097,0.8415927789
synthetic_20250706,synthetic,2025-07-06,adapted,2585,0.807904839,5.820519275,-1.073947015,1.153362191,0.002989023331,0.9970109767,2701.384086,2578.024341,0.8465634866,0.807904839,0.7739044544,0.8419052236
synthetic_20250706,synthetic,2025-07-06,adapted,2586,0.8082161545,5.81486375,0.1585141902,0.02512674849,0.006592170539,0.9934078295,2701.409213,2579.017749,0.8465713609,0.8082161545,0.7742157699,0.8422165391
synthetic_20250706,synthetic,2025-07-06,adapted,2587,0.8085288116,5.813295654,0.3647327064,0.1330299471,0.002311057205,0.9976889428,2701.542243,2580.015438,0.84661305,0.8085288116,0.774528427,0.8425291962
synthetic_20250706,synthetic,2025-07-06,adapted,2588,0.8088414508,5.811556971,-1.163120963,1.352850375,0.002368500071,0.9976314999,2702.895093,2581.013069,0.8470370081,0.8088414508,0.7748410662,0.8428418354
synthetic_20250706,synthetic,2025-07-06,adapted,2589,0.8091536828,5.809116275,-0.9734578758,0.9476202359,0.003667711552,0.9963322884,2703.842713,2582.009402,0.8473339747,0.8091536828,0.7751532982,0.8431540674
synthetic_20250706,synthetic,2025-07-06,adapted,2590,0.809465967,5.808473136,-0.5519423601,0.3046403689,0.003501135528,0.9964988645,2704.147353,2583.005901,0.8474294433,0.809465967,0.7754655824,0.8434663516
synthetic_20250706,synthetic,2025-07-06,adapted,2591,0.8097783499,5.808182131,1.035515445,1.072292237,0.00318619868,0.9968138013,2705.219646,2584.002714,0.8477654797,0.8097783499,0.7757779653,0.8437787345
synthetic_20250706,synthetic,2025-07-06,adapted,2592,0.8100905457,5.806712452,0.1889183934,0.03569015935,0.00378302875,0.9962169712,2705.255336,2584.998931,0.8477766643,0.8100905457,0.7760901611,0.8440909303
synthetic_20250706,synthetic,2025-07-06,adapted,2593,0.8104014802,5.806172955,0.2812908382,0.07912453566,0.007807901182,0.9921920988,2705.33446,2585.991123,0.8478014605,0.8104014802,0.7764010956,0.8444018648
synthetic_20250706,synthetic,2025-07-06,adapted,2594,0.8107129202,5.805230414,2.149262904,4.619331031,0.006195262652,0.9938047373,2709.953791,2586.984928,0.8492490728,0.8107129202,0.7767125356,0.8447133048
synthetic_20250706,synthetic,2025-07-06,adapted,2595,0.8110255746,5.804072818,0.1429187873,0.02042577977,0.002319775847,0.9976802242,2709.974217,2587.982608,0.8492554739,0.8110255746,0.77702519,0.8450259592
synthetic_20250706,synthetic,2025-07-06,adapted,2596,0.8113382811,5.802590785,0.7698888506,0.5927288424,0.002153499884,0.9978465001,2710.566946,2588.980455,0.8494412241,0.8113382811,0.7773378965,0.8453386657
synthetic_20250706,synthetic,2025-07-06,adapted,2597,0.8116505838,5.802546692,1.558077765,2.427606321,0.00344200469,0.9965579953,2712.994552,2589.977013,0.8502019907,0.8116505838,0.7776501992,0.8456509684
synthetic_20250706,synthetic,2025-07-06,adapted,2598,0.8119635905,5.801129752,-0.1173557852,0.01377238032,0.001195750612,0.9988042494,2713.008325,2590.975817,0.8502063067,0.8119635905,0.7779632059,0.8459639751
synthetic_20250706,synthetic,2025-07-06,adapted,2599,0.8122757403,5.800785623,0.9420997495,0.8875519381,0.003930005183,0.9960699948,2713.895877,2591.971887,0.850484449,0.8122757403,0.7782753557,0.8462761249
synthetic_20250706,synthetic,2025-07-06,adapted,2600,0.8125879538,5.800127377,-0.4823726732,0.2326833958,0.003726713543,0.9962732865,2714.12856,2592.96816,0.8505573676,0.8125879538,0.7785875692,0.8465883384
synthetic_20250706,synthetic,2025-07-06,adapted,2601,0.812900086,5.797810681,-0.1105217598,0.01221505938,0.003986005982,0.996013994,2714.140775,2593.964174,0.8505611956,0.812900086,0.7788997014,0.8469004706
synthetic_20250706,synthetic,2025-07-06,adapted,2602,0.8132133546,5.795032818,-0.8903604236,0.7927416838,0.0003599074221,0.9996400926,2714.933517,2594.963815,0.8508096261,0.8132133546,0.77921297,0.8472137392
synthetic_20250706,synthetic,2025-07-06,adapted,2603,0.8135257032,5.793985456,-0.9701466159,0.9411844563,0.003295607574,0.9967043924,2715.874701,2595.960519,0.8511045758,0.8135257032,0.7795253186,0.8475260878
synthetic_20250706,synthetic,2025-07-06,adapted,2604,0.8138385387,5.789519533,-0.09767952746,0.009541290085,0.001742015863,0.9982579841,2715.884243,2596.958777,0.8511075658,0.8138385387,0.7798381541,0.8478389233
synthetic_20250706,synthetic,2025-07-06,adapted,2605,0.8141518336,5.787190023,-1.025974499,1.052623674,0.0002760133547,0.9997239866,2716.936866,2597.958501,0.8514374385,0.8141518336,0.780151449,0.8481522182
synthetic_20250706,synthetic,2025-07-06,adapted,2606,0.8144647384,5.785992762,0.1295668864,0.01678757806,0.001520569676,0.9984794303,2716.953654,2598.95698,0.8514426994,0.8144647384,0.7804643538,0.848465123
synthetic_20250706,synthetic,2025-07-06,adapted,2607,0.8147771431,5.784895319,-0.8519511119,0.7258206971,0.003116718307,0.9968832817,2717.679475,2599.953864,0.8516701581,0.8147771431,0.7807767585,0.8487775277
synthetic_20250706,synthetic,2025-07-06,adapted,2608,0.8150890476,5.784348427,0.2682308541,0.07194779107,0.004712575878,0.9952874241,2717.751422,2600.949151,0.8516927052,0.8150890476,0.781088663,0.8490894322
synthetic_20250706,synthetic,2025-07-06,adapted,2609,0.8154015206,5.784226069,-1.500410851,2.251232722,0.002898959359,0.9971010406,2720.002655,2601.946252,0.8523981996,0.8154015206,0.781401136,0.8494019052
synthetic_20250706,synthetic,2025-07-06,adapted,2610,0.8157136289,5.782541183,0.4328971004,0.1873998995,0.004062280096,0.9959377199,2720.190055,2602.94219,0.8524569273,0.8157136289,0.7817132443,0.8497140135
synthetic_20250706,synthetic,2025-07-06,adapted,2611,0.8160250942,5.781271888,0.6942841984,0.4820305482,0.006114255647,0.9938857444,2720.672086,2603.936076,0.8526079867,0.8160250942,0.7820247096,0.8500254788
synthetic_20250706,synthetic,2025-07-06,adapted,2612,0.8163374581,5.779694738,0.603470971,0.3641772129,0.003246885952,0.996753114,2721.036263,2604.932829,0.852722113,0.8163374581,0.7823370735,0.8503378427
synthetic_20250706,synthetic,2025-07-06,adapted,2613,0.8166504691,5.779225207,-0.7635051401,0.582940099,0.001181768749,0.9988182313,2721.619203,2605.931647,0.8529047956,0.8166504691,0.7826500845,0.8506508537
synthetic_20250706,synthetic,2025-07-06,adapted,2614,0.8169634503,5.777489071,0.4224830994,0.1784919692,0.00127688964,0.9987231104,2721.797695,2606.93037,0.8529607317,0.8169634503,0.7829630657,0.8509638349
synthetic_20250706,synthetic,2025-07-06,adapted,2615,0.817275424,5.777478961,0.08538765846,0.007291052218,0.004492170159,0.9955078298,2721.804986,2607.925878,0.8529630166,0.817275424,0.7832750394,0.8512758086
synthetic_20250706,synthetic,2025-07-06,adapted,2616,0.8175884717,5.773868235,-2.708402048,7.335441655,0.001064532997,0.998935467,2729.140428,2608.924813,0.8552618074,0.8175884717,0.7835880871,0.8515888563
synthetic_20250706,synthetic,2025-07-06,adapted,2617,0.8178997221,5.772852335,0.8076356156,0.6522752875,0.006799935669,0.9932000643,2729.792703,2609.918013,0.8554662184,0.8178997221,0.7838993375,0.8519001067
synthetic_20250706,synthetic,2025-07-06,adapted,2618,0.8182121409,5.77173043,0.2227041953,0.0495971586,0.003071844918,0.9969281551,2729.8423,2610.914942,0.8554817612,0.8182121409,0.7842117563,0.8522125255
synthetic_20250706,synthetic,2025-07-06,adapted,2619,0.8185241049,5.77106745,-0.2114679708,0.04471870266,0.004522753085,0.9954772469,2729.887019,2611.910419,0.8554957752,0.8185241049,0.7845237203,0.8525244895
synthetic_20250706,synthetic,2025-07-06,adapted,2620,0.8188361677,5.770115067,-0.9392047845,0.8821056272,0.00420758935,0.9957924107,2730.769124,2612.906211,0.8557722107,0.8188361677,0.7848357831,0.8528365523
synthetic_20250706,synthetic,2025-07-06,adapted,2621,0.819148378,5.769612363,-0.1608549617,0.0258743187,0.003736871118,0.9962631289,2730.794999,2613.902474,0.8557803192,0.819148378,0.7851479934,0.8531487626
synthetic_20250706,synthetic,2025-07-06,adapted,2622,0.8194597186,5.76928638,-1.473223772,2.170388283,0.006512156478,0.9934878435,2732.965387,2614.895962,0.8564604785,0.8194597186,0.785459334,0.8534601032
synthetic_20250706,synthetic,2025-07-06,adapted,2623,0.8197729172,5.768901027,-0.3955557279,0.1564643339,0.0005834428884,0.9994165571,2733.121851,2615.895379,0.8565095115,0.8197729172,0.7857725326,0.8537733018
synthetic_20250706,synthetic,2025-07-06,adapted,2624,0.8200850037,5.767994983,-1.024208209,1.049002454,0.004131752018,0.995868248,2734.170854,2616.891247,0.8568382493,0.8200850037,0.7860846191,0.8540853883
synthetic_20250706,synthetic,2025-07-06,adapted,2625,0.820395722,5.765878806,-0.4478836285,0.2005997447,0.00849800134,0.9915019987,2734.371453,2617.882749,0.8569011136,0.820395722,0.7863953374,0.8543961066
synthetic_20250706,synthetic,2025-07-06,adapted,2626,0.8207086763,5.763859742,-0.4414417909,0.1948708548,0.00136278011,0.9986372199,2734.566324,2618.881386,0.8569621825,0.8207086763,0.7867082917,0.8547090609
synthetic_20250706,synthetic,2025-07-06,adapted,2627,0.8210216737,5.762292464,-0.4821030235,0.2324233253,0.001225434795,0.9987745652,2734.798748,2619.880161,0.8570350196,0.8210216737,0.7870212891,0.8550220583
synthetic_20250706,synthetic,2025-07-06,adapted,2628,0.8213343615,5.759835952,-1.88493674,3.552986515,0.002213260335,0.9977867397,2738.351734,2620.877947,0.8581484595,0.8213343615,0.7873339769,0.8553347461
synthetic_20250706,synthetic,2025-07-06,adapted,2629,0.8216477374,5.758183911,-0.5459162418,0.2980245431,1.741220341e-05,0.9999825878,2738.649759,2621.87793,0.8582418548,0.8216477374,0.7876473528,0.855648122
synthetic_20250706,synthetic,2025-07-06,adapted,2630,0.8219606504,5.755886913,-1.657827024,2.74839044,0.001494673292,0.9985053267,2741.398149,2622.876435,0.8591031492,0.8219606504,0.7879602658,0.855961035
synthetic_20250706,synthetic,2025-07-06,adapted,2631,0.8222732112,5.754529935,-0.7467059102,0.5575697164,0.002618498501,0.9973815015,2741.955719,2623.873817,0.8592778812,0.8222732112,0.7882728266,0.8562735958
synthetic_20250706,synthetic,2025-07-06,adapted,2632,0.82258641,5.753492358,0.4647811826,0.2160215477,0.0005825705471,0.9994174295,2742.17174,2624.873234,0.8593455783,0.82258641,0.7885860254,0.8565867946
synthetic_20250706,synthetic,2025-07-06,adapted,2633,0.8228993124,5.750426554,-0.2485350319,0.06176966206,0.001528596478,0.9984714035,2742.23351,2625.871706,0.8593649358,0.8228993124,0.7888989278,0.856899697
synthetic_20250706,synthetic,2025-07-06,adapted,2634,0.8232123589,5.747496502,-0.3100495749,0.09613073891,0.001068577804,0.9989314222,2742.329641,2626.870637,0.8593950613,0.8232123589,0.7892119743,0.8572127435
synthetic_20250706,synthetic,2025-07-06,adapted,2635,0.823523564,5.744227453,-1.613539147,2.603508579,0.006944311617,0.9930556884,2744.933149,2627.863693,0.8602109525,0.823523564,0.7895231794,0.8575239486
synthetic_20250706,synthetic,2025-07-06,adapted,2636,0.8238357738,5.743641578,0.4128198793,0.1704202527,0.003738497212,0.9962615028,2745.10357,2628.859954,0.860264359,0.8238357738,0.7898353892,0.8578361584
synthetic_20250706,synthetic,2025-07-06,adapted,2637,0.8241474177,5.743361871,0.4271469621,0.1824545272,0.005544395888,0.9944556041,2745.286024,2629.85441,0.8603215369,0.8241474177,0.7901470331,0.8581478023
synthetic_20250706,synthetic,2025-07-06,adapted,2638,0.8244592779,5.740456585,-3.302373222,10.9056689,0.004854102854,0.9951458971,2756.191693,2630.849556,0.8637391705,0.8244592779,0.7904588933,0.8584596625
synthetic_20250706,synthetic,2025-07-06,adapted,2639,0.8247717976,5.735765465,1.176880672,1.385048116,0.002749821333,0.9972501787,2757.576741,2631.846806,0.8641732188,0.8247717976,0.790771413,0.8587721822
synthetic_20250706,synthetic,2025-07-06,adapted,2640,0.8250849667,5.734625397,1.900430624,3.611636556,0.0006771278824,0.9993228721,2761.188378,2632.846129,0.8653050384,0.8250849667,0.7910845821,0.8590853513
synthetic_20250706,synthetic,2025-07-06,adapted,2641,0.8253977241,5.734042952,-0.8475200881,0.7182902997,0.001991346169,0.9980086538,2761.906668,2633.844138,0.8655301373,0.8253977241,0.7913973395,0.8593981087
synthetic_20250706,synthetic,2025-07-06,adapted,2642,0.8257101655,5.726324827,1.819060206,3.308980034,0.002999339595,0.9970006604,2765.215648,2634.841138,0.86656711,0.8257101655,0.7917097809,0.8597105501
synthetic_20250706,synthetic,2025-07-06,adapted,2643,0.826022863,5.726019626,0.5423643081,0.2941590427,0.002182354518,0.9978176455,2765.509807,2635.838956,0.866659294,0.826022863,0.7920224784,0.8600232476
synthetic_20250706,synthetic,2025-07-06,adapted,2644,0.8263353266,5.724571619,1.38881189,1.928798465,0.002928596645,0.9970714034,2767.438606,2636.836027,0.8672637435,0.8263353266,0.792334942,0.8603357112
synthetic_20250706,synthetic,2025-07-06,adapted,2645,0.8266477045,5.724445677,-0.7276611287,0.5294907183,0.003202162184,0.9967978378,2767.968096,2637.832825,0.867429676,0.8266477045,0.7926473199,0.8606480891
synthetic_20250706,synthetic,2025-07-06,adapted,2646,0.8269609137,5.722825114,0.2374878814,0.05640049382,0.000549586148,0.9994504139,2768.024497,2638.832276,0.8674473509,0.8269609137,0.7929605291,0.8609612983
synthetic_20250706,synthetic,2025-07-06,adapted,2647,0.8272741584,5.720413774,-2.424475669,5.87808227,0.0004360188944,0.9995639811,2773.902579,2639.831839,0.8692894325,0.8272741584,0.7932737738,0.861274543
synthetic_20250706,synthetic,2025-07-06,adapted,2648,0.8275864596,5.718691539,-0.001514269636,2.293012531e-06,0.00344687831,0.9965531217,2773.902581,2640.828393,0.8692894332,0.8275864596,0.793586075,0.8615868442
synthetic_20250706,synthetic,2025-07-06,adapted,2649,0.827899406,5.71573909,-0.5926136754,0.3511909683,0.001388184669,0.9986118153,2774.253772,2641.827004,0.8693994899,0.827899406,0.7938990214,0.8618997906
synthetic_20250706,synthetic,2025-07-06,adapted,2650,0.8282118504,5.715450482,-0.6644172062,0.441450224,0.002989785167,0.9970102148,2774.695222,2642.824015,0.8695378322,0.8282118504,0.7942114658,0.862212235
synthetic_20250706,synthetic,2025-07-06,adapted,2651,0.8285216018,5.714703011,0.2028274971,0.0411389936,0.01158341369,0.9884165863,2774.736361,2643.812431,0.8695507244,0.8285216018,0.7945212172,0.8625219864
synthetic_20250706,synthetic,2025-07-06,adapted,2652,0.8288347151,5.713825814,1.308721183,1.712751136,0.0008554481204,0.9991445519,2776.449113,2644.811576,0.8700874687,0.8288347151,0.7948343305,0.8628350997
synthetic_20250706,synthetic,2025-07-06,adapted,2653,0.8291477691,5.713101476,-0.7245239997,0.5249350261,0.001044704104,0.9989552959,2776.974048,2645.810531,0.8702519736,0.8291477691,0.7951473845,0.8631481537
synthetic_20250706,synthetic,2025-07-06,adapted,2654,0.8294592044,5.712859806,-0.9204052067,0.8471457446,0.006209790071,0.9937902099,2777.821193,2646.804321,0.8705174533,0.8294592044,0.7954588198,0.863459589
synthetic_20250706,synthetic,2025-07-06,adapted,2655,0.8297720284,5.712405686,-1.995665665,3.982681448,0.001778553881,0.9982214461,2781.803875,2647.802543,0.8717655515,0.8297720284,0.7957716438,0.863772413
synthetic_20250706,synthetic,2025-07-06,adapted,2656,0.8300846326,5.711511273,0.446954709,0.1997685119,0.002480213384,0.9975197866,2782.003643,2648.800063,0.8718281552,0.8300846326,0.796084248,0.8640850172
synthetic_20250706,synthetic,2025-07-06,adapted,2657,0.8303974964,5.708875691,-0.571630924,0.3267619132,0.001651562099,0.9983484379,2782.330405,2649.798411,0.8719305563,0.8303974964,0.7963971118,0.864397881
synthetic_20250706,synthetic,2025-07-06,adapted,2658,0.8307099898,5.704576594,0.4629496795,0.2143224057,0.002833461015,0.997166539,2782.544728,2650.795577,0.871997721,0.8307099898,0.7967096052,0.8647103744
synthetic_20250706,synthetic,2025-07-06,adapted,2659,0.8310220248,5.703757779,0.02011512242,0.0004046181501,0.004296257336,0.9957037427,2782.545132,2651.791281,0.8719978478,0.8310220248,0.7970216402,0.8650224094
synthetic_20250706,synthetic,2025-07-06,adapted,2660,0.8313334606,5.703146066,0.2928530766,0.08576292447,0.006208410599,0.9937915894,2782.630895,2652.785073,0.8720247243,0.8313334606,0.797333076,0.8653338452
synthetic_20250706,synthetic,2025-07-06,adapted,2661,0.8316455095,5.701605389,-0.74921227,0.5613190255,0.004252078872,0.9957479211,2783.192214,2653.780821,0.8722006312,0.8316455095,0.7976451249,0.8656458941
synthetic_20250706,synthetic,2025-07-06,adapted,2662,0.8319578895,5.70085474,0.8125941899,0.6603093174,0.003195430963,0.996804569,2783.852524,2654.777625,0.8724075599,0.8319578895,0.7979575049,0.8659582741
synthetic_20250706,synthetic,2025-07-06,adapted,2663,0.8322701352,5.700154598,0.5159892674,0.2662449241,0.003623897145,0.9963761029,2784.118768,2655.774001,0.8724909961,0.8322701352,0.7982697506,0.8662705198
synthetic_20250706,synthetic,2025-07-06,adapted,2664,0.8325833528,5.699436759,0.713178906,0.508624152,0.0005225745015,0.9994774255,2784.627393,2656.773479,0.8726503894,0.8325833528,0.7985829682,0.8665837374
synthetic_20250706,synthetic,2025-07-06,adapted,2665,0.8328960512,5.69909,-0.6312995845,0.3985391654,0.002179544213,0.9978204558,2785.025932,2657.771299,0.8727752842,0.8328960512,0.7988956666,0.8668964358
synthetic_20250706,synthetic,2025-07-06,adapted,2666,0.8332085139,5.696564705,-2.45356304,6.019971591,0.002931553395,0.9970684466,2791.045903,2658.768368,0.8746618312,0.8332085139,0.7992081293,0.8672088985
synthetic_20250706,synthetic,2025-07-06,adapted,2667,0.8335208718,5.693557754,-0.03042447847,0.0009256488904,0.003265949495,0.9967340505,2791.046829,2659.765102,0.8746621213,0.8335208718,0.7995204872,0.8675212564
synthetic_20250706,synthetic,2025-07-06,adapted,2668,0.8338335078,5.693050247,0.6825343324,0.4658531149,0.002378430075,0.9976215699,2791.512682,2660.762723,0.874808111,0.8338335078,0.7998331232,0.8678338924
synthetic_20250706,synthetic,2025-07-06,adapted,2669,0.8341468119,5.6927964,0.5319170428,0.2829357404,0.0002464458083,0.9997535542,2791.795618,2661.762477,0.8748967778,0.8341468119,0.8001464273,0.8681471965
synthetic_20250706,synthetic,2025-07-06,adapted,2670,0.8344594354,5.692472553,-0.331016995,0.109572251,0.002418418582,0.9975815814,2791.90519,2662.760058,0.8749311157,0.8344594354,0.8004590508,0.86845982
synthetic_20250706,synthetic,2025-07-06,adapted,2671,0.8347715415,5.69053215,0.2745600259,0.07538320782,0.00406946156,0.9959305384,2791.980573,2663.755989,0.8749547394,0.8347715415,0.8007711569,0.8687719261
synthetic_20250706,synthetic,2025-07-06,adapted,2672,0.8350839662,5.690172811,0.4732086725,0.2239264478,0.003053042827,0.9969469572,2792.2045,2664.752936,0.8750249138,0.8350839662,0.8010835816,0.8690843508
synthetic_20250706,synthetic,2025-07-06,adapted,2673,0.8353967403,5.688462654,0.8036399014,0.6458370911,0.001937538504,0.9980624615,2792.850337,2665.750998,0.8752273071,0.8353967403,0.8013963557,0.8693971249
synthetic_20250706,synthetic,2025-07-06,adapted,2674,0.8357093264,5.68783867,-1.289231142,1.662116938,0.00253795562,0.9974620444,2794.512454,2666.74846,0.8757481836,0.8357093264,0.8017089418,0.869709711
synthetic_20250706,synthetic,2025-07-06,adapted,2675,0.8360215785,5.684842965,0.2179288696,0.04749299221,0.003603459246,0.9963965408,2794.559947,2667.744857,0.875763067,0.8360215785,0.8020211939,0.8700219631
synthetic_20250706,synthetic,2025-07-06,adapted,2676,0.8363323185,5.681353358,0.6586439626,0.4338118694,0.008428632929,0.9915713671,2794.993759,2668.736428,0.8758990156,0.8363323185,0.8023319339,0.8703327031
synthetic_20250706,synthetic,2025-07-06,adapted,2677,0.8366443882,5.67624694,0.01473198272,0.0002170313149,0.004185619154,0.9958143808,2794.993976,2669.732243,0.8758990836,0.8366443882,0.8026440036,0.8706447728
synthetic_20250706,synthetic,2025-07-06,adapted,2678,0.8369569788,5.674251651,-0.12684621,0.01608996098,0.00252351617,0.9974764838,2795.010066,2670.729719,0.8759041259,0.8369569788,0.8029565942,0.8709573634
synthetic_20250706,synthetic,2025-07-06,adapted,2679,0.8372697257,5.673739407,0.2066164091,0.04269034052,0.002024545247,0.9979754548,2795.052756,2671.727695,0.8759175042,0.8372697257,0.8032693411,0.8712701103
synthetic_20250706,synthetic,2025-07-06,adapted,2680,0.8375827104,5.670211008,-0.09523159818,0.009069057292,0.001265779604,0.9987342204,2795.061825,2672.726429,0.8759203463,0.8375827104,0.8035823258,0.871583095
synthetic_20250706,synthetic,2025-07-06,adapted,2681,0.8378953356,5.670044516,-1.427243028,2.037022661,0.002412905381,0.9975870946,2797.098848,2673.724016,0.8765587113,0.8378953356,0.803894951,0.8718957202
synthetic_20250706,synthetic,2025-07-06,adapted,2682,0.8382078807,5.668252802,0.0801190129,0.006419056228,0.00266879918,0.9973312008,2797.105267,2674.721347,0.8765607229,0.8382078807,0.8042074961,0.8722082653
synthetic_20250706,synthetic,2025-07-06,adapted,2683,0.8385203284,5.667739355,-0.03358241536,0.001127778622,0.002979349515,0.9970206505,2797.106395,2675.718368,0.8765610763,0.8385203284,0.8045199438,0.872520713
synthetic_20250706,synthetic,2025-07-06,adapted,2684,0.8388315459,5.666562655,0.387642895,0.1502670141,0.006904893949,0.9930951061,2797.256662,2676.711463,0.8766081672,0.8388315459,0.8048311613,0.8728319305
synthetic_20250706,synthetic,2025-07-06,adapted,2685,0.8391438246,5.663256519,-0.8374658212,0.7013490017,0.003518599027,0.996481401,2797.958011,2677.707944,0.8768279569,0.8391438246,0.80514344,0.8731442092
synthetic_20250706,synthetic,2025-07-06,adapted,2686,0.8394569435,5.663164134,0.650358871,0.4229666611,0.0008377213069,0.9991622787,2798.380977,2678.707107,0.8769605068,0.8394569435,0.8054565589,0.8734573281
synthetic_20250706,synthetic,2025-07-06,adapted,2687,0.8397691158,5.662676232,1.03163992,1.064280924,0.003858232952,0.996141767,2799.445258,2679.703248,0.8772940326,0.8397691158,0.8057687312,0.8737695004
synthetic_20250706,synthetic,2025-07-06,adapted,2688,0.8400815394,5.661370074,-1.924963468,3.705484352,0.003056166867,0.9969438331,2803.150743,2680.700192,0.8784552625,0.8400815394,0.8060811548,0.874081924
synthetic_20250706,synthetic,2025-07-06,adapted,2689,0.8403936629,5.660669979,0.1261252395,0.01590757604,0.004013905575,0.9959860944,2803.16665,2681.696178,0.8784602476,0.8403936629,0.8063932783,0.8743940475
synthetic_20250706,synthetic,2025-07-06,adapted,2690,0.8407045919,5.658926784,-0.7968193688,0.6349211065,0.007825698594,0.9921743014,2803.801571,2682.688353,0.8786592201,0.8407045919,0.8067042073,0.8747049765
synthetic_20250706,synthetic,2025-07-06,adapted,2691,0.8410166179,5.657010914,-1.397807421,1.953865587,0.004324888948,0.9956751111,2805.755437,2683.684028,0.8792715252,0.8410166179,0.8070162333,0.8750170025
synthetic_20250706,synthetic,2025-07-06,adapted,2692,0.8413291495,5.653793261,-0.8500174797,0.7225297159,0.002711843676,0.9972881563,2806.477967,2684.681316,0.8794979525,0.8413291495,0.8073287649,0.8753295341
synthetic_20250706,synthetic,2025-07-06,adapted,2693,0.841641667,5.651153381,-0.02492779615,0.0006213950206,0.002756391229,0.9972436088,2806.478588,2685.67856,0.8794981473,0.841641667,0.8076412824,0.8756420516
synthetic_20250706,synthetic,2025-07-06,adapted,2694,0.8419526604,5.650305173,-1.575890295,2.483430223,0.007620236566,0.9923797634,2808.962018,2686.670939,0.8802764081,0.8419526604,0.8079522758,0.875953045
synthetic_20250706,synthetic,2025-07-06,adapted,2695,0.8422659411,5.64930955,-0.550995407,0.3035959386,0.0003213670513,0.9996786329,2809.265614,2687.670618,0.8803715494,0.8422659411,0.8082655565,0.8762663257
synthetic_20250706,synthetic,2025-07-06,adapted,2696,0.8425790849,5.647726225,0.5946047774,0.3535548413,0.0007581051762,0.9992418948,2809.619169,2688.66986,0.8804823469,0.8425790849,0.8085787003,0.8765794695
synthetic_20250706,synthetic,2025-07-06,adapted,2697,0.8428912445,5.647408305,-0.6302835746,0.3972573844,0.003898605379,0.9961013946,2810.016426,2689.665961,0.88060684,0.8428912445,0.8088908599,0.8768916291
synthetic_20250706,synthetic,2025-07-06,adapted,2698,0.8432039592,5.641432394,0.8906531582,0.7932630481,0.002127347403,0.9978726526,2810.809689,2690.663834,0.8808554338,0.8432039592,0.8092035746,0.8772043438
synthetic_20250706,synthetic,2025-07-06,adapted,2699,0.8435163207,5.641163101,-1.080868481,1.168276674,0.003254496776,0.9967455032,2811.977966,2691.660579,0.88122155,0.8435163207,0.8095159361,0.8775167053
synthetic_20250706,synthetic,2025-07-06,adapted,2700,0.8438292094,5.638987578,0.1143737403,0.01308135247,0.001572332828,0.9984276672,2811.991047,2692.659007,0.8812256494,0.8438292094,0.8098288248,0.877829594
synthetic_20250706,synthetic,2025-07-06,adapted,2701,0.844141529,5.63770142,-1.010503173,1.021116663,0.00338790161,0.9966120984,2813.012164,2693.655619,0.8815456484,0.844141529,0.8101411444,0.8781419136
synthetic_20250706,synthetic,2025-07-06,adapted,2702,0.8444533403,5.635322797,0.1439986161,0.02073560145,0.005010193456,0.9949898065,2813.0329,2694.650609,0.8815521466,0.8444533403,0.8104529557,0.8784537249
synthetic_20250706,synthetic,2025-07-06,adapted,2703,0.8447663615,5.634576231,-0.6752025247,0.4558984494,0.00114945992,0.9988505401,2813.488798,2695.64946,0.8816950166,0.8447663615,0.8107659769,0.8787667461
synthetic_20250706,synthetic,2025-07-06,adapted,2704,0.845079098,5.633389597,0.3735908998,0.1395701604,0.002057631729,0.9979423683,2813.628368,2696.647402,0.8817387553,0.845079098,0.8110787134,0.8790794826
synthetic_20250706,synthetic,2025-07-06,adapted,2705,0.8453919392,5.632334684,1.350767497,1.82457283,0.001723737798,0.9982762622,2815.452941,2697.645678,0.8823105425,0.8453919392,0.8113915546,0.8793923238
synthetic_20250706,synthetic,2025-07-06,adapted,2706,0.845704863,5.631079422,-0.2400578266,0.05762776013,0.001460320932,0.9985396791,2815.510569,2698.644218,0.882328602,0.845704863,0.8117044784,0.8797052476
synthetic_20250706,synthetic,2025-07-06,adapted,2707,0.8460141249,5.6293272,0.5710818419,0.3261344702,0.01314536822,0.9868546318,2815.836703,2699.631072,0.8824308064,0.8460141249,0.8120137403,0.8800145095
synthetic_20250706,synthetic,2025-07-06,adapted,2708,0.8463265214,5.628082294,-0.09066155068,0.008219516772,0.003142687471,0.9968573125,2815.844923,2700.62793,0.8824333823,0.8463265214,0.8123261368,0.880326906
synthetic_20250706,synthetic,2025-07-06,adapted,2709,0.8466389047,5.626743295,1.473365751,2.170806637,0.003184706767,0.9968152932,2818.015729,2701.624745,0.8831136727,0.8466389047,0.8126385201,0.8806392893
synthetic_20250706,synthetic,2025-07-06,adapted,2710,0.8469519604,5.625323008,0.7302017474,0.533194592,0.001039438136,0.9989605619,2818.548924,2702.623706,0.8832807659,0.8469519604,0.8129515758,0.880952345
synthetic_20250706,synthetic,2025-07-06,adapted,2711,0.847264675,5.624600454,-0.698321473,0.4876528797,0.002127795434,0.9978722046,2819.036577,2703.621578,0.8834335873,0.847264675,0.8132642904,0.8812650596
synthetic_20250706,synthetic,2025-07-06,adapted,2712,0.847576099,5.623493347,-2.543041791,6.46706155,0.006245857006,0.993754143,2825.503638,2704.615332,0.885460244,0.847576099,0.8135757144,0.8815764836
synthetic_20250706,synthetic,2025-07-06,adapted,2713,0.8478883122,5.613395079,0.1272234008,0.01618579371,0.003727885372,0.9962721146,2825.519824,2705.611604,0.8854653163,0.8478883122,0.8138879276,0.8818886968
synthetic_20250706,synthetic,2025-07-06,adapted,2714,0.8482005865,5.610126669,-0.4723149224,0.2230813859,0.00353249273,0.9964675073,2825.742906,2706.608072,0.8855352258,0.8482005865,0.8142002019,0.8822009711
synthetic_20250706,synthetic,2025-07-06,adapted,2715,0.848512821,5.609718868,0.3538819061,0.1252324035,0.003659659618,0.9963403404,2825.868138,2707.604412,0.8855744713,0.848512821,0.8145124364,0.8825132056
synthetic_20250706,synthetic,2025-07-06,adapted,2716,0.8488257348,5.608547292,0.7584564735,0.5752562222,0.001492054496,0.9985079455,2826.443394,2708.60292,0.8857547459,0.8488257348,0.8148253502,0.8828261194
synthetic_20250706,synthetic,2025-07-06,adapted,2717,0.8491381877,5.606400329,0.1261997214,0.01592636968,0.0029628029,0.9970371971,2826.459321,2709.599957,0.885759737,0.8491381877,0.8151378031,0.8831385723
synthetic_20250706,synthetic,2025-07-06,adapted,2718,0.8494514012,5.606246731,0.2032740255,0.04132032946,0.0005358846805,0.9994641153,2826.500641,2710.599421,0.885772686,0.8494514012,0.8154510166,0.8834517858
synthetic_20250706,synthetic,2025-07-06,adapted,2719,0.8497641227,5.60457215,0.760128142,0.5777947922,0.002105773083,0.9978942269,2827.078436,2711.597315,0.8859537561,0.8497641227,0.8157637381,0.8837645073
synthetic_20250706,synthetic,2025-07-06,adapted,2720,0.8500759543,5.601754374,0.05909199069,0.003491863364,0.004945387483,0.9950546125,2827.081928,2712.59237,0.8859548504,0.8500759543,0.8160755697,0.8840763389
synthetic_20250706,synthetic,2025-07-06,adapted,2721,0.850388598,5.600078194,-0.02775868064,0.0007705443506,0.002353689971,0.99764631,2827.082698,2713.590016,0.8859550919,0.850388598,0.8163882134,0.8843889826
synthetic_20250706,synthetic,2025-07-06,adapted,2722,0.850700422,5.59485799,-0.8483659915,0.7197248556,0.004969753667,0.9950302463,2827.802423,2714.585047,0.8861806403,0.850700422,0.8167000374,0.8847008066
synthetic_20250706,synthetic,2025-07-06,adapted,2723,0.8510135722,5.594840298,-0.3118078352,0.09722412611,0.000737705409,0.9992622946,2827.899647,2715.584309,0.8862111085,0.8510135722,0.8170131876,0.8850139568
synthetic_20250706,synthetic,2025-07-06,adapted,2724,0.8513261292,5.593052379,0.7799199694,0.6082751587,0.002630736277,0.9973692637,2828.507922,2716.581678,0.8864017306,0.8513261292,0.8173257446,0.8853265138
synthetic_20250706,synthetic,2025-07-06,adapted,2725,0.8516391542,5.591861154,-0.1655022299,0.0273909881,0.00113695133,0.9988630487,2828.535313,2717.580541,0.8864103144,0.8516391542,0.8176387696,0.8856395388
synthetic_20250706,synthetic,2025-07-06,adapted,2726,0.8519514833,5.588383168,-0.8155285751,0.6650868567,0.003358115942,0.9966418841,2829.2004,2718.577183,0.8866187403,0.8519514833,0.8179510987,0.8859518679
synthetic_20250706,synthetic,2025-07-06,adapted,2727,0.8522629539,5.587917086,-0.2882197797,0.08307064141,0.006097218047,0.993902782,2829.283471,2719.571086,0.8866447731,0.8522629539,0.8182625693,0.8862633385
synthetic_20250706,synthetic,2025-07-06,adapted,2728,0.852575878,5.587693683,-1.951919584,3.809990061,0.001459280922,0.9985407191,2833.093461,2720.569627,0.887838753,0.852575878,0.8185754934,0.8865762626
synthetic_20250706,synthetic,2025-07-06,adapted,2729,0.8528887474,5.586988635,0.6756122837,0.4564519579,0.001633731937,0.9983662681,2833.549913,2721.567993,0.8879817966,0.8528887474,0.8188883628,0.886889132
synthetic_20250706,synthetic,2025-07-06,adapted,2730,0.8531994521,5.58488419,-0.1020149904,0.01040705826,0.008541077154,0.9914589228,2833.56032,2722.559452,0.8879850579,0.8531994521,0.8191990675,0.8871998367
synthetic_20250706,synthetic,2025-07-06,adapted,2731,0.8535120471,5.584052759,0.09172040087,0.008412631936,0.002509423155,0.9974905768,2833.568733,2723.556942,0.8879876943,0.8535120471,0.8195116625,0.8875124317
synthetic_20250706,synthetic,2025-07-06,adapted,2732,0.853824795,5.583979016,-2.141094266,4.584284656,0.002021474864,0.9979785251,2838.153017,2724.554921,0.8894243238,0.853824795,0.8198244104,0.8878251796
synthetic_20250706,synthetic,2025-07-06,adapted,2733,0.854138081,5.581818014,-1.602680353,2.568584313,0.0003043050193,0.999695695,2840.721601,2725.554617,0.8902292703,0.854138081,0.8201376964,0.8881384656
synthetic_20250706,synthetic,2025-07-06,adapted,2734,0.8544506588,5.581667606,-2.131112152,4.541639006,0.002564233019,0.997435767,2845.263241,2726.552052,0.8916525354,0.8544506588,0.8204502742,0.8884510434
synthetic_20250706,synthetic,2025-07-06,adapted,2735,0.8547631086,5.58004764,-0.627508439,0.3937668411,0.002972736679,0.9970272633,2845.657007,2727.54908,0.8917759346,0.8547631086,0.820762724,0.8887634932
synthetic_20250706,synthetic,2025-07-06,adapted,2736,0.8550746564,5.579941196,1.023776441,1.048118201,0.005850920201,0.9941490798,2846.705126,2728.543229,0.8921043953,0.8550746564,0.8210742718,0.889075041
synthetic_20250706,synthetic,2025-07-06,adapted,2737,0.8553877794,5.57954363,-1.523587979,2.321320329,0.0008246980258,0.999175302,2849.026446,2729.542404,0.8928318539,0.8553877794,0.8213873948,0.889388164
synthetic_20250706,synthetic,2025-07-06,adapted,2738,0.8557009463,5.579053921,1.244011949,1.54756573,0.000684445522,0.9993155545,2850.574012,2730.54172,0.8933168322,0.8557009463,0.8217005617,0.8897013309
synthetic_20250706,synthetic,2025-07-06,adapted,2739,0.8560135466,5.578835069,0.4474347938,0.2001978947,0.002492193464,0.9975078065,2850.77421,2731.539227,0.8933795705,0.8560135466,0.822013162,0.8900139312
synthetic_20250706,synthetic,2025-07-06,adapted,2740,0.8563257652,5.576644339,0.8343647422,0.696164523,0.003710627017,0.996289373,2851.470374,2732.535517,0.8935977355,0.8563257652,0.8223253806,0.8903261498
synthetic_20250706,synthetic,2025-07-06,adapted,2741,0.8566389245,5.575430612,0.5915856875,0.3499736257,0.0007085362028,0.9992914638,2851.820348,2733.534808,0.8937074107,0.8566389245,0.8226385399,0.8906393091
synthetic_20250706,synthetic,2025-07-06,adapted,2742,0.8569515358,5.570987353,-0.9972996724,0.9946066365,0.002457464235,0.9975425358,2852.814954,2734.532351,0.8940191019,0.8569515358,0.8229511512,0.8909519204
synthetic_20250706,synthetic,2025-07-06,adapted,2743,0.8572645551,5.569707758,0.6585243583,0.4336543305,0.001155436078,0.9988445639,2853.248609,2735.531195,0.8941550011,0.8572645551,0.8232641705,0.8912649397
synthetic_20250706,synthetic,2025-07-06,adapted,2744,0.8575769893,5.569144795,0.51092358,0.2610429046,0.003022446227,0.9969775538,2853.509652,2736.528173,0.8942368071,0.8575769893,0.8235766047,0.8915773739
synthetic_20250706,synthetic,2025-07-06,adapted,2745,0.8578889726,5.565818035,0.2741704211,0.07516941979,0.004461342242,0.9955386578,2853.584821,2737.523711,0.8942603638,0.8578889726,0.823888588,0.8918893572
synthetic_20250706,synthetic,2025-07-06,adapted,2746,0.8582023307,5.562906357,0.8038401108,0.6461589237,7.41299553e-05,0.99992587,2854.23098,2738.523637,0.894462858,0.8582023307,0.8242019461,0.8922027153
synthetic_20250706,synthetic,2025-07-06,adapted,2747,0.8585143316,5.561695641,-0.0666150554,0.004437565607,0.004405206079,0.9955947939,2854.235417,2739.519232,0.8944642486,0.8585143316,0.824513947,0.8925147162
synthetic_20250706,synthetic,2025-07-06,adapted,2748,0.8588276339,5.558328879,0.153896854,0.02368424167,0.0002524679567,0.999747532,2854.259102,2740.51898,0.8944716708,0.8588276339,0.8248272493,0.8928280185
synthetic_20250706,synthetic,2025-07-06,adapted,2749,0.859140759,5.555404556,0.6262596415,0.3922011385,0.0008175675327,0.9991824325,2854.651303,2741.518162,0.8945945794,0.859140759,0.8251403744,0.8931411436
synthetic_20250706,synthetic,2025-07-06,adapted,2750,0.8594517323,5.551244656,0.07054955955,0.004977240353,0.007684400228,0.9923155998,2854.65628,2742.510478,0.8945961392,0.8594517323,0.8254513477,0.8934521169
synthetic_20250706,synthetic,2025-07-06,adapted,2751,0.8597649023,5.549041255,-0.8506151365,0.7235461105,0.0006744242383,0.9993255758,2855.379826,2743.509803,0.894822885,0.8597649023,0.8257645177,0.8937652869
synthetic_20250706,synthetic,2025-07-06,adapted,2752,0.8600768863,5.543805439,-0.1318909329,0.01739521819,0.004459255992,0.995540744,2855.397221,2744.505344,0.8948283364,0.8600768863,0.8260765016,0.8940772709
synthetic_20250706,synthetic,2025-07-06,adapted,2753,0.8603896014,5.541473467,0.7205005081,0.5191209822,0.002125909609,0.9978740904,2855.916342,2745.503218,0.8949910192,0.8603896014,0.8263892168,0.894389986
synthetic_20250706,synthetic,2025-07-06,adapted,2754,0.8607022628,5.537645998,0.4319562798,0.1865862277,0.002297365967,0.997702634,2856.102929,2746.500921,0.8950494919,0.8607022628,0.8267018782,0.8947026474
synthetic_20250706,synthetic,2025-07-06,adapted,2755,0.8610150203,5.536408661,-1.118702305,1.251494848,0.001990916025,0.998009084,2857.354423,2747.49893,0.8954416871,0.8610150203,0.8270146357,0.8950154049
synthetic_20250706,synthetic,2025-07-06,adapted,2756,0.8613256888,5.535659099,0.7531792093,0.5672789213,0.008656924365,0.9913430756,2857.921702,2748.490273,0.8956194617,0.8613256888,0.8273253042,0.8953260734
synthetic_20250706,synthetic,2025-07-06,adapted,2757,0.8616382396,5.535542219,0.2101062813,0.04414464943,0.002650373611,0.9973496264,2857.965847,2749.487623,0.8956332958,0.8616382396,0.827637855,0.8956386242
synthetic_20250706,synthetic,2025-07-06,adapted,2758,0.8619507614,5.535216935,0.4945283782,0.2445583169,0.002742869583,0.9972571304,2858.210405,2750.48488,0.8957099359,0.8619507614,0.8279503768,0.895951146
synthetic_20250706,synthetic,2025-07-06,adapted,2759,0.8622636137,5.533628781,-0.03775289,0.001425280704,0.001688330198,0.9983116698,2858.211831,2751.483191,0.8957103825,0.8622636137,0.8282632291,0.8962639983
synthetic_20250706,synthetic,2025-07-06,adapted,2760,0.8625767786,5.531332983,-0.1381431313,0.01908352472,0.0006908078907,0.9993091921,2858.230914,2752.482501,0.8957163629,0.8625767786,0.828576394,0.8965771632
synthetic_20250706,synthetic,2025-07-06,adapted,2761,0.8628893679,5.530680524,0.4346721363,0.1889398661,0.002527607937,0.9974723921,2858.419854,2753.479973,0.8957755732,0.8628893679,0.8288889833,0.8968897525
synthetic_20250706,synthetic,2025-07-06,adapted,2762,0.8632024255,5.526884861,-0.5677204488,0.322306508,0.001033080398,0.9989669196,2858.742161,2754.47894,0.895876578,0.8632024255,0.8292020409,0.8972028101
synthetic_20250706,synthetic,2025-07-06,adapted,2763,0.8635148626,5.525840436,0.01964920761,0.0003860913598,0.003013255651,0.9969867443,2858.742547,2755.475927,0.895876699,0.8635148626,0.829514478,0.8975152472
synthetic_20250706,synthetic,2025-07-06,adapted,2764,0.8638279454,5.523458089,0.7391310227,0.5463146687,0.0009529653565,0.9990470346,2859.288861,2756.474974,0.8960479039,0.8638279454,0.8298275608,0.89782833
synthetic_20250706,synthetic,2025-07-06,adapted,2765,0.8641404207,5.523113017,-1.015061313,1.030349469,0.002891316637,0.9971086834,2860.319211,2757.472082,0.8963707962,0.8641404207,0.8301400361,0.8981408053
synthetic_20250706,synthetic,2025-07-06,adapted,2766,0.8644530283,5.522240567,-0.7504724755,0.5632089364,0.002469111552,0.9975308884,2860.88242,2758.469613,0.8965472954,0.8644530283,0.8304526437,0.8984534129
synthetic_20250706,synthetic,2025-07-06,adapted,2767,0.864766078,5.522001185,-1.585295748,2.51316261,0.001058190599,0.9989418094,2863.395582,2759.468555,0.8973348738,0.864766078,0.8307656934,0.8987664626
synthetic_20250706,synthetic,2025-07-06,adapted,2768,0.8650778992,5.520387969,-0.4024854495,0.1619945371,0.004978581139,0.9950214189,2863.557577,2760.463576,0.8973856399,0.8650778992,0.8310775146,0.8990782838
synthetic_20250706,synthetic,2025-07-06,adapted,2769,0.8653905113,5.518585161,-0.2091733672,0.04375349756,0.002454725405,0.9975452746,2863.60133,2761.461122,0.8973993514,0.8653905113,0.8313901267,0.8993908959
synthetic_20250706,synthetic,2025-07-06,adapted,2770,0.8657012497,5.515787579,-0.2750554264,0.07565548759,0.008433742034,0.991566258,2863.676986,2762.452688,0.8974230604,0.8657012497,0.8317008651,0.8997016343
synthetic_20250706,synthetic,2025-07-06,adapted,2771,0.8660144332,5.514849237,-2.818267902,7.942633967,0.0006316447648,0.9993683552,2871.61962,2763.452056,0.8999121341,0.8660144332,0.8320140486,0.9000148178
synthetic_20250706,synthetic,2025-07-06,adapted,2772,0.8663275466,5.514761132,0.5699064872,0.3247934041,0.0008551186123,0.9991448814,2871.944413,2764.451201,0.9000139183,0.8663275466,0.832327162,0.9003279312
synthetic_20250706,synthetic,2025-07-06,adapted,2773,0.8666403586,5.513637615,0.05171303018,0.00267423749,0.001817053709,0.9981829463,2871.947087,2765.449384,0.9000147563,0.8666403586,0.8326399739,0.9006407432
synthetic_20250706,synthetic,2025-07-06,adapted,2774,0.8669534607,5.512333961,2.669373873,7.125556873,0.0008911765236,0.9991088235,2879.072644,2766.448493,0.9022477732,0.8669534607,0.8329530761,0.9009538453
synthetic_20250706,synthetic,2025-07-06,adapted,2775,0.8672666094,5.512054177,0.3600220447,0.1296158727,0.0007423132784,0.9992576867,2879.20226,2767.447751,0.9022883924,0.8672666094,0.8332662248,0.901266994
synthetic_20250706,synthetic,2025-07-06,adapted,2776,0.8675772783,5.511206664,0.5223061679,0.272803733,0.008655545418,0.9913444546,2879.475064,2768.439095,0.902373884,0.8675772783,0.8335768937,0.9015776629
synthetic_20250706,synthetic,2025-07-06,adapted,2777,0.8678901406,5.509730275,0.9507798571,0.9039823366,0.001656292048,0.998343708,2880.379046,2769.437439,0.9026571753,0.8678901406,0.833889756,0.9018905252
synthetic_20250706,synthetic,2025-07-06,adapted,2778,0.8682024672,5.507181497,-0.2344230126,0.05495414886,0.003366029209,0.9966339708,2880.434,2770.434073,0.9026743969,0.8682024672,0.8342020826,0.9022028518
synthetic_20250706,synthetic,2025-07-06,adapted,2779,0.8685148425,5.506850727,0.2433579452,0.05922308952,0.003210241147,0.9967897589,2880.493223,2771.430863,0.9026929563,0.8685148425,0.8345144579,0.9025152271
synthetic_20250706,synthetic,2025-07-06,adapted,2780,0.8688280276,5.505256563,-0.9030685681,0.8155328387,0.000626467783,0.9993735322,2881.308756,2772.430236,0.9029485291,0.8688280276,0.834827643,0.9028284122
synthetic_20250706,synthetic,2025-07-06,adapted,2781,0.8691398687,5.504487095,-0.275292202,0.07578579648,0.004914893111,0.9950851069,2881.384542,2773.425321,0.9029722789,0.8691398687,0.8351394841,0.9031402533
synthetic_20250706,synthetic,2025-07-06,adapted,2782,0.8694524443,5.504122638,-0.3322427465,0.1103852426,0.002571463763,0.9974285362,2881.494927,2774.42275,0.9030068716,0.8694524443,0.8354520597,0.9034528289
synthetic_20250706,synthetic,2025-07-06,adapted,2783,0.8697653965,5.503347254,1.471078002,2.164070487,0.001369345542,0.9986306545,2883.658998,2775.42138,0.903685051,0.8697653965,0.8357650119,0.9037657811
synthetic_20250706,synthetic,2025-07-06,adapted,2784,0.870077908,5.496442425,-1.368639411,1.873173838,0.002775992945,0.9972240071,2885.532172,2776.418604,0.9042720688,0.870077908,0.8360775234,0.9040782926
synthetic_20250706,synthetic,2025-07-06,adapted,2785,0.8703898726,5.495490931,0.3273179688,0.1071370527,0.004520844763,0.9954791552,2885.639309,2777.414084,0.9043056436,0.8703898726,0.836389488,0.9043902572
synthetic_20250706,synthetic,2025-07-06,adapted,2786,0.8707013287,5.494624618,-0.03071103701,0.0009431677944,0.006143521327,0.9938564787,2885.640252,2778.40794,0.9043059392,0.8707013287,0.8367009441,0.9047017133
synthetic_20250706,synthetic,2025-07-06,adapted,2787,0.8710132737,5.491805413,-0.4756246149,0.2262187743,0.004583657825,0.9954163422,2885.866471,2779.403356,0.9043768319,0.8710132737,0.8370128891,0.9050136583
synthetic_20250706,synthetic,2025-07-06,adapted,2788,0.8713262876,5.491727686,-1.378059068,1.899046796,0.001172573494,0.9988274265,2887.765517,2780.402184,0.9049719578,0.8713262876,0.837325903,0.9053266722
synthetic_20250706,synthetic,2025-07-06,adapted,2789,0.8716385086,5.489117158,0.2367082322,0.05603078721,0.003702966063,0.9962970339,2887.821548,2781.398481,0.9049895168,0.8716385086,0.837638124,0.9056388932
synthetic_20250706,synthetic,2025-07-06,adapted,2790,0.8719511089,5.488679683,-0.2848271883,0.08112652721,0.002492368842,0.9975076312,2887.902675,2782.395988,0.9050149404,0.8719511089,0.8379507243,0.9059514935
synthetic_20250706,synthetic,2025-07-06,adapted,2791,0.8722633642,5.488022451,-0.03043408601,0.0009262335916,0.003593169223,0.9964068308,2887.903601,2783.392395,0.9050152307,0.8722633642,0.8382629796,0.9062637488
synthetic_20250706,synthetic,2025-07-06,adapted,2792,0.8725750684,5.486795615,1.342621158,1.802631575,0.005352118324,0.9946478817,2889.706233,2784.387043,0.9055801418,0.8725750684,0.8385746838,0.906575453
synthetic_20250706,synthetic,2025-07-06,adapted,2793,0.8728876108,5.485559884,1.012226026,1.024601527,0.002676948156,0.9973230518,2890.730834,2785.384366,0.9059012329,0.8728876108,0.8388872262,0.9068879954
synthetic_20250706,synthetic,2025-07-06,adapted,2794,0.8732002829,5.483761194,0.3919959574,0.1536608306,0.002263544523,0.9977364555,2890.884495,2786.382103,0.9059493873,0.8732002829,0.8391998983,0.9072006675
synthetic_20250706,synthetic,2025-07-06,adapted,2795,0.8735130945,5.483208934,0.4578827336,0.2096565977,0.001818247779,0.9981817522,2891.094152,2787.380284,0.9060150898,0.8735130945,0.8395127099,0.9075134791
synthetic_20250706,synthetic,2025-07-06,adapted,2796,0.8738253127,5.479363821,1.485497644,2.20670325,0.003711610981,0.996288389,2893.300855,2788.376573,0.9067066295,0.8738253127,0.8398249281,0.9078256973
synthetic_20250706,synthetic,2025-07-06,adapted,2797,0.8741383321,5.479195871,-0.5233411792,0.2738859899,0.001154915639,0.9988450844,2893.574741,2789.375418,0.9067924603,0.8741383321,0.8401379475,0.9081387167
synthetic_20250706,synthetic,2025-07-06,adapted,2798,0.8744494061,5.478107156,1.429404498,2.04319722,0.007362862287,0.9926371377,2895.617938,2790.368055,0.9074327603,0.8744494061,0.8404490215,0.9084497907
synthetic_20250706,synthetic,2025-07-06,adapted,2799,0.8747625914,5.474349363,1.05404749,1.11101611,0.0006259496964,0.9993740503,2896.728954,2791.367429,0.907780932,0.8747625914,0.8407622068,0.908762976
synthetic_20250706,synthetic,2025-07-06,adapted,2800,0.8750751621,5.474318115,0.208489072,0.04346769316,0.002586739557,0.9974132604,2896.772422,2792.364842,0.907794554,0.8750751621,0.8410747775,0.9090755467
synthetic_20250706,synthetic,2025-07-06,adapted,2801,0.8753869702,5.471991282,-1.474391391,2.173829975,0.005020402699,0.9949795973,2898.946252,2793.359822,0.9084757918,0.8753869702,0.8413865856,0.9093873548
synthetic_20250706,synthetic,2025-07-06,adapted,2802,0.8756988953,5.471306407,-0.6797340194,0.4620383371,0.004647062279,0.9953529377,2899.40829,2794.355175,0.9086205861,0.8756988953,0.8416985107,0.9096992799
synthetic_20250706,synthetic,2025-07-06,adapted,2803,0.8760102504,5.47072148,0.6557182264,0.4299663925,0.006465900107,0.9935340999,2899.838257,2795.348709,0.9087553295,0.8760102504,0.8420098658,0.910010635
synthetic_20250706,synthetic,2025-07-06,adapted,2804,0.8763228422,5.469943311,-0.2407775997,0.0579738525,0.002519494219,0.9974805058,2899.89623,2796.346189,0.9087734974,0.8763228422,0.8423224576,0.9103232268
synthetic_20250706,synthetic,2025-07-06,adapted,2805,0.8766350153,5.469233858,-2.073611231,4.299863539,0.003855746278,0.9961442537,2904.196094,2797.342334,0.9101209946,0.8766350153,0.8426346307,0.9106353999
synthetic_20250706,synthetic,2025-07-06,adapted,2806,0.8769481642,5.466470349,0.1329321009,0.01767094344,0.0007417344756,0.9992582655,2904.213765,2798.341592,0.9101265324,0.8769481642,0.8429477796,0.9109485488
synthetic_20250706,synthetic,2025-07-06,adapted,2807,0.8772603744,5.462870929,-0.5434107724,0.2952952675,0.00373716041,0.9962628396,2904.50906,2799.337855,0.9102190724,0.8772603744,0.8432599898,0.911260759
synthetic_20250706,synthetic,2025-07-06,adapted,2808,0.8775722441,5.461556696,0.3793350116,0.143895051,0.004823834973,0.995176165,2904.652955,2800.333031,0.9102641665,0.8775722441,0.8435718595,0.9115726287
synthetic_20250706,synthetic,2025-07-06,adapted,2809,0.8778851662,5.460422043,0.4680985972,0.2191162967,0.001465649125,0.9985343509,2904.872071,2801.331565,0.9103328334,0.8778851662,0.8438847816,0.9118855508
synthetic_20250706,synthetic,2025-07-06,adapted,2810,0.8781969114,5.460220765,-0.2043199022,0.04174662244,0.005221031293,0.9947789687,2904.913818,2802.326344,0.910345916,0.8781969114,0.8441965268,0.912197296
synthetic_20250706,synthetic,2025-07-06,adapted,2811,0.8785088949,5.457205415,-0.4830908293,0.2333767494,0.004460675175,0.9955393248,2905.147195,2803.321884,0.910419052,0.8785088949,0.8445085103,0.9125092795
synthetic_20250706,synthetic,2025-07-06,adapted,2812,0.8788208693,5.455154402,1.465452469,2.14755094,0.004489753833,0.9955102462,2907.294746,2804.317394,0.9110920545,0.8788208693,0.8448204847,0.9128212539
synthetic_20250706,synthetic,2025-07-06,adapted,2813,0.8791338021,5.45382168,-0.9088187668,0.8259515509,0.001431334945,0.9985686651,2908.120697,2805.315963,0.9113508923,0.8791338021,0.8451334175,0.9131341867
synthetic_20250706,synthetic,2025-07-06,adapted,2814,0.8794457501,5.449256414,1.322832803,1.749886626,0.004573828807,0.9954261712,2909.870584,2806.311389,0.9118992742,0.8794457501,0.8454453655,0.9134461347
synthetic_20250706,synthetic,2025-07-06,adapted,2815,0.8797568456,5.44600469,0.6369843329,0.4057490404,0.007294399645,0.9927056004,2910.276333,2807.304094,0.9120264284,0.8797568456,0.845756461,0.9137572302
synthetic_20250706,synthetic,2025-07-06,adapted,2816,0.8800693166,5.445428869,-0.4399633848,0.1935677799,0.002904895846,0.9970951042,2910.469901,2808.301189,0.9120870889,0.8800693166,0.846068932,0.9140697013
synthetic_20250706,synthetic,2025-07-06,adapted,2817,0.8803808986,5.443594969,-0.6421390251,0.4123425276,0.005742077229,0.9942579228,2910.882243,2809.295447,0.9122163094,0.8803808986,0.846380514,0.9143812832
synthetic_20250706,synthetic,2025-07-06,adapted,2818,0.8806926315,5.442265257,1.452012417,2.108340058,0.005260369816,0.9947396302,2912.990583,2810.290187,0.9128770239,0.8806926315,0.8466922469,0.9146930161
synthetic_20250706,synthetic,2025-07-06,adapted,2819,0.8810052228,5.436008052,-0.1277333485,0.01631580831,0.002520900199,0.9974790998,2913.006899,2811.287666,0.912882137,0.8810052228,0.8470048382,0.9150056074
synthetic_20250706,synthetic,2025-07-06,adapted,2820,0.8813179858,5.435939683,-0.5764777861,0.3323266379,0.001973311534,0.9980266885,2913.339226,2812.285693,0.912986282,0.8813179858,0.8473176012,0.9153183704
synthetic_20250706,synthetic,2025-07-06,adapted,2821,0.8816304489,5.434673934,1.021617814,1.043702957,0.002930190362,0.9970698096,2914.382929,2813.282763,0.9133133591,0.8816304489,0.8476300643,0.9156308335
synthetic_20250706,synthetic,2025-07-06,adapted,2822,0.8819430679,5.433626879,0.7222182653,0.5215992227,0.002432852129,0.9975671479,2914.904528,2814.28033,0.9134768185,0.8819430679,0.8479426833,0.9159434525
synthetic_20250706,synthetic,2025-07-06,adapted,2823,0.8822546494,5.433368714,-0.1415392094,0.0200333478,0.005743521952,0.994256478,2914.924561,2815.274586,0.9134830966,0.8822546494,0.8482542648,0.916255034
synthetic_20250706,synthetic,2025-07-06,adapted,2824,0.8825672387,5.432891416,-0.6503552208,0.4229619132,0.002527421376,0.9974725786,2915.347523,2816.272059,0.913615645,0.8825672387,0.8485668541,0.9165676233
synthetic_20250706,synthetic,2025-07-06,adapted,2825,0.8828794151,5.43284035,0.3766218667,0.1418440305,0.003845148005,0.996154852,2915.489367,2817.268214,0.9136600963,0.8828794151,0.8488790305,0.9168797997
synthetic_20250706,synthetic,2025-07-06,adapted,2826,0.8831920366,5.431974648,2.180280544,4.753623251,0.002424987431,0.9975750126,2920.242991,2818.265789,0.9151497933,0.8831920366,0.849191652,0.9171924212
synthetic_20250706,synthetic,2025-07-06,adapted,2827,0.8835050649,5.429573116,0.8861953326,0.7853421676,0.001126483428,0.9988735166,2921.028333,2819.264662,0.9153959049,0.8835050649,0.8495046803,0.9175054495
synthetic_20250706,synthetic,2025-07-06,adapted,2828,0.8838173749,5.422798792,-0.2107534265,0.04441700679,0.003418767202,0.9965812328,2921.07275,2820.261243,0.9154098244,0.8838173749,0.8498169903,0.9178177595
synthetic_20250706,synthetic,2025-07-06,adapted,2829,0.8841305218,5.422144949,0.008406775262,7.06738703e-05,0.0007484698108,0.9992515302,2921.07282,2821.260495,0.9154098466,0.8841305218,0.8501301372,0.9181309064
synthetic_20250706,synthetic,2025-07-06,adapted,2830,0.8844436005,5.420329921,-0.8856461413,0.7843690876,0.0009655788651,0.9990344211,2921.857189,2822.259529,0.9156556532,0.8844436005,0.8504432159,0.9184439851
synthetic_20250706,synthetic,2025-07-06,adapted,2831,0.8847564898,5.419062961,-1.293595093,1.673388264,0.001570434486,0.9984295655,2923.530578,2823.257959,0.916180062,0.8847564898,0.8507561052,0.9187568744
synthetic_20250706,synthetic,2025-07-06,adapted,2832,0.88506887,5.41902061,0.2908358944,0.08458551748,0.003194608321,0.9968053917,2923.615163,2824.254764,0.9162065695,0.88506887,0.8510684854,0.9190692546
synthetic_20250706,synthetic,2025-07-06,adapted,2833,0.8853811813,5.418775355,0.2796485898,0.07820333379,0.003414812171,0.9965851878,2923.693367,2825.251349,0.916231077,0.8853811813,0.8513807967,0.9193815659
synthetic_20250706,synthetic,2025-07-06,adapted,2834,0.8856937657,5.417630119,-2.126054448,4.520107518,0.002543194637,0.9974568054,2928.213474,2826.248806,0.9176475945,0.8856937657,0.8516933811,0.9196941503
synthetic_20250706,synthetic,2025-07-06,adapted,2835,0.8860060354,5.417425262,-1.286794287,1.655839537,0.003547314909,0.9964526851,2929.869314,2827.245259,0.9181665038,0.8860060354,0.8520056508,0.92000642
synthetic_20250706,synthetic,2025-07-06,adapted,2836,0.8863178813,5.415186097,-0.2547890029,0.06491743598,0.004899655167,0.9951003448,2929.934231,2828.240359,0.9181868477,0.8863178813,0.8523174967,0.9203182659
synthetic_20250706,synthetic,2025-07-06,adapted,2837,0.8866291454,5.406495176,0.5384779124,0.2899584622,0.006756443709,0.9932435563,2930.22419,2829.233603,0.9182777153,0.8866291454,0.8526287608,0.92062953
synthetic_20250706,synthetic,2025-07-06,adapted,2838,0.8869408314,5.406178756,0.6516344668,0.4246274784,0.005409892517,0.9945901075,2930.648817,2830.228193,0.9184107856,0.8869408314,0.8529404468,0.920941216
synthetic_20250706,synthetic,2025-07-06,adapted,2839,0.8872515362,5.402187838,0.300483671,0.09029043657,0.008540884296,0.9914591157,2930.739107,2831.219652,0.918439081,0.8872515362,0.8532511516,0.9212519208
synthetic_20250706,synthetic,2025-07-06,adapted,2840,0.887562171,5.401471292,0.07709734828,0.005944001112,0.008764427018,0.991235573,2930.745051,2832.210888,0.9184409437,0.887562171,0.8535617864,0.9215625556
synthetic_20250706,synthetic,2025-07-06,adapted,2841,0.8878752084,5.399220783,0.2527830943,0.06389929276,0.001097592131,0.9989024079,2930.808951,2833.20979,0.9184609686,0.8878752084,0.8538748238,0.921875593
synthetic_20250706,synthetic,2025-07-06,adapted,2842,0.8881877132,5.395653005,-1.068799907,1.142333241,0.002797335025,0.997202665,2931.951284,2834.206993,0.9188189546,0.8881877132,0.8541873286,0.9221880978
synthetic_20250706,synthetic,2025-07-06,adapted,2843,0.8884999906,5.391831778,1.031230374,1.063436085,0.00352265349,0.9964773465,2933.01472,2835.20347,0.9191522156,0.8884999906,0.854499606,0.9225003752
synthetic_20250706,synthetic,2025-07-06,adapted,2844,0.8888118798,5.390804822,0.07585504843,0.005753988372,0.004761547695,0.9952384523,2933.020474,2836.198709,0.9191540188,0.8888118798,0.8548114952,0.9228122644
synthetic_20250706,synthetic,2025-07-06,adapted,2845,0.8891245693,5.389787832,-0.3400745125,0.1156506741,0.002208061869,0.9977919381,2933.136125,2837.1965,0.9191902616,0.8891245693,0.8551241847,0.9231249539
synthetic_20250706,synthetic,2025-07-06,adapted,2846,0.8894374009,5.389038057,0.6551955501,0.4292812089,0.001754217351,0.9982457826,2933.565406,2838.194746,0.9193247903,0.8894374009,0.8554370163,0.9234377855
synthetic_20250706,synthetic,2025-07-06,adapted,2847,0.8897507008,5.38855224,0.9740256363,0.9487259402,0.0002599765184,0.9997400235,2934.514132,2839.194486,0.9196221034,0.8897507008,0.8557503162,0.9237510854
synthetic_20250706,synthetic,2025-07-06,adapted,2848,0.8900620277,5.381908315,1.656587287,2.744281439,0.006555780826,0.9934442192,2937.258413,2840.187931,0.9204821101,0.8900620277,0.8560616431,0.9240624123
synthetic_20250706,synthetic,2025-07-06,adapted,2849,0.890374225,5.378897048,0.9645512269,0.9303590693,0.003778539867,0.9962214601,2938.188772,2841.184152,0.9207736673,0.890374225,0.8563738404,0.9243746096
synthetic_20250706,synthetic,2025-07-06,adapted,2850,0.8906854887,5.378628381,-2.033233453,4.134038274,0.006757554359,0.9932424456,2942.322811,2842.177394,0.9220691979,0.8906854887,0.8566851041,0.9246858733
synthetic_20250706,synthetic,2025-07-06,adapted,2851,0.8909983178,5.376953442,-1.620028387,2.624491975,0.001762398277,0.9982376017,2944.947303,2843.175632,0.9228916649,0.8909983178,0.8569979332,0.9249987024
synthetic_20250706,synthetic,2025-07-06,adapted,2852,0.8913101737,5.376153109,0.4722701879,0.2230391304,0.004867671701,0.9951323283,2945.170342,2844.170764,0.9229615612,0.8913101737,0.8573097891,0.9253105583
synthetic_20250706,synthetic,2025-07-06,adapted,2853,0.8916218504,5.375196386,-0.4651398982,0.2163551249,0.005439715205,0.9945602848,2945.386697,2845.165325,0.9230293629,0.8916218504,0.8576214658,0.925622235
synthetic_20250706,synthetic,2025-07-06,adapted,2854,0.8919346696,5.371280154,0.4692493214,0.2201949256,0.001793807001,0.998206193,2945.606892,2846.163531,0.9230983678,0.8919346696,0.857934285,0.9259350542
synthetic_20250706,synthetic,2025-07-06,adapted,2855,0.8922467513,5.36895317,1.74024471,3.02845165,0.004147580818,0.9958524192,2948.635343,2847.159383,0.9240474282,0.8922467513,0.8582463667,0.9262471359
synthetic_20250706,synthetic,2025-07-06,adapted,2856,0.8925596759,5.368727896,0.6819472601,0.4650520656,0.001457478602,0.9985425214,2949.100396,2848.157926,0.9241931669,0.8925596759,0.8585592913,0.9265600605
synthetic_20250706,synthetic,2025-07-06,adapted,2857,0.8928726104,5.368580348,1.002818869,1.005645683,0.001425836732,0.9985741633,2950.106041,2849.1565,0.9245083175,0.8928726104,0.8588722258,0.926872995
synthetic_20250706,synthetic,2025-07-06,adapted,2858,0.8931859065,5.366106066,0.161085568,0.02594856021,0.0002722769894,0.999727723,2950.13199,2850.156228,0.9245164493,0.8931859065,0.8591855219,0.9271862911
synthetic_20250706,synthetic,2025-07-06,adapted,2859,0.8934981844,5.3612849,-1.804726587,3.257038054,0.003521330955,0.996478669,2953.389028,2851.152706,0.9255371444,0.8934981844,0.8594977998,0.927498569
synthetic_20250706,synthetic,2025-07-06,adapted,2860,0.8938107355,5.360242125,-0.426003803,0.1814792401,0.00264931284,0.9973506872,2953.570507,2852.150057,0.9255940166,0.8938107355,0.8598103509,0.9278111201
synthetic_20250706,synthetic,2025-07-06,adapted,2861,0.8941235125,5.358441569,0.3465662763,0.1201081839,0.00192863099,0.998071369,2953.690615,2853.148128,0.9256316563,0.8941235125,0.8601231279,0.9281238971
synthetic_20250706,synthetic,2025-07-06,adapted,2862,0.8944349715,5.358409295,-1.829692408,3.347774308,0.006134190738,0.9938658093,2957.03839,2854.141994,0.9266807864,0.8944349715,0.8604345869,0.9284353561
synthetic_20250706,synthetic,2025-07-06,adapted,2863,0.8947466767,5.353432368,-0.3765983408,0.1418263103,0.005348788014,0.994651212,2957.180216,2855.136645,0.9267252322,0.8947466767,0.8607462921,0.9287470613
synthetic_20250706,synthetic,2025-07-06,adapted,2864,0.895059398,5.350365991,0.4315594074,0.1862435221,0.002106389795,0.9978936102,2957.366459,2856.134539,0.9267835974,0.895059398,0.8610590134,0.9290597826
synthetic_20250706,synthetic,2025-07-06,adapted,2865,0.8953718578,5.349856322,-0.292842036,0.08575645805,0.002940780896,0.9970592191,2957.452216,2857.131598,0.9268104719,0.8953718578,0.8613714732,0.9293722424
synthetic_20250706,synthetic,2025-07-06,adapted,2866,0.8956842723,5.347764916,-1.107382345,1.226295657,0.00308521621,0.9969147838,2958.678511,2858.128513,0.9271947701,0.8956842723,0.8616838877,0.9296846569
synthetic_20250706,synthetic,2025-07-06,adapted,2867,0.895996651,5.346279484,-1.369163141,1.874607707,0.003199549606,0.9968004504,2960.553119,2859.125313,0.9277822373,0.895996651,0.8619962664,0.9299970356
synthetic_20250706,synthetic,2025-07-06,adapted,2868,0.8963088592,5.3450787,-0.2100276803,0.04411162649,0.003743790469,0.9962562095,2960.597231,2860.12157,0.9277960611,0.8963088592,0.8623084746,0.9303092438
synthetic_20250706,synthetic,2025-07-06,adapted,2869,0.8966211946,5.344932554,-0.8174153828,0.668167908,0.003337744326,0.9966622557,2961.265399,2861.118232,0.9280054524,0.8966211946,0.86262081,0.9306215792
synthetic_20250706,synthetic,2025-07-06,adapted,2870,0.8969340014,5.343005262,-1.006433384,1.012908156,0.001833527238,0.9981664728,2962.278307,2862.116398,0.928322879,0.8969340014,0.8629336168,0.930934386
synthetic_20250706,synthetic,2025-07-06,adapted,2871,0.8972461658,5.342961542,-0.04307703417,0.001855630873,0.003883327277,0.9961166727,2962.280163,2863.112515,0.9283234605,0.8972461658,0.8632457812,0.9312465504
synthetic_20250706,synthetic,2025-07-06,adapted,2872,0.8975588083,5.341374527,0.3640147575,0.1325067437,0.002357822363,0.9976421776,2962.412669,2864.110157,0.9283649857,0.8975588083,0.8635584237,0.9315591929
synthetic_20250706,synthetic,2025-07-06,adapted,2873,0.897870852,5.340816391,1.248724585,1.559313088,0.004268526049,0.995731474,2963.971982,2865.105889,0.9288536454,0.897870852,0.8638704674,0.9318712366
synthetic_20250706,synthetic,2025-07-06,adapted,2874,0.8981834463,5.338671863,1.237795562,1.532137853,0.002511577428,0.9974884226,2965.50412,2866.103377,0.9293337888,0.8981834463,0.8641830617,0.9321838309
synthetic_20250706,synthetic,2025-07-06,adapted,2875,0.8984964534,5.335680277,0.4748920287,0.2255224389,0.001194476366,0.9988055236,2965.729643,2867.102183,0.9294044634,0.8984964534,0.8644960688,0.932496838
synthetic_20250706,synthetic,2025-07-06,adapted,2876,0.8988089468,5.33505575,0.1396365643,0.01949837008,0.00283336339,0.9971666366,2965.749141,2868.099349,0.9294105738,0.8988089468,0.8648085622,0.9328093314
synthetic_20250706,synthetic,2025-07-06,adapted,2877,0.8991205423,5.334063145,0.9143445925,0.8360260339,0.005698829194,0.9943011708,2966.585167,2869.09365,0.9296725688,0.8991205423,0.8651201577,0.9331209269
synthetic_20250706,synthetic,2025-07-06,adapted,2878,0.8994322461,5.332521782,-0.1055502232,0.01114084962,0.005353167666,0.9946468323,2966.596308,2870.088297,0.9296760601,0.8994322461,0.8654318615,0.9334326307
synthetic_20250706,synthetic,2025-07-06,adapted,2879,0.8997440928,5.322530015,-0.5672296017,0.3217494211,0.004897051236,0.9951029488,2966.918057,2871.0834,0.9297768904,0.8997440928,0.8657437082,0.9337444774
synthetic_20250706,synthetic,2025-07-06,adapted,2880,0.9000567603,5.320509231,1.107122619,1.225720493,0.002278238105,0.9977217619,2968.143778,2872.081122,0.9301610084,0.9000567603,0.8660563757,0.9340571449
synthetic_20250706,synthetic,2025-07-06,adapted,2881,0.9003684414,5.320182321,0.5859087281,0.3432890377,0.005425638432,0.9945743616,2968.487067,2873.075696,0.9302685888,0.9003684414,0.8663680568,0.934368826
synthetic_20250706,synthetic,2025-07-06,adapted,2882,0.900680916,5.320079104,-1.170257782,1.369503277,0.002893305501,0.9971066945,2969.85657,2874.072803,0.9306977656,0.900680916,0.8666805314,0.9346813006
synthetic_20250706,synthetic,2025-07-06,adapted,2883,0.900993021,5.31850226,1.113337237,1.239519803,0.004073038848,0.9959269612,2971.09609,2875.06873,0.9310862081,0.900993021,0.8669926364,0.9349934056
synthetic_20250706,synthetic,2025-07-06,adapted,2884,0.9013045469,5.316698765,-1.564147495,2.446557387,0.005920786693,0.9940792133,2973.542647,2876.062809,0.9318529136,0.9013045469,0.8673041623,0.9353049315
synthetic_20250706,synthetic,2025-07-06,adapted,2885,0.9016171205,5.3144846,-0.009639371484,9.291748261e-05,0.002577740293,0.9974222597,2973.54274,2877.060232,0.9318529427,0.9016171205,0.8676167359,0.9356175051
synthetic_20250706,synthetic,2025-07-06,adapted,2886,0.9019302711,5.314179531,1.623324506,2.635182451,0.0007363809045,0.9992636191,2976.177923,2878.059495,0.9326787599,0.9019302711,0.8679298865,0.9359306557
synthetic_20250706,synthetic,2025-07-06,adapted,2887,0.9022431018,5.313878632,-1.325945434,1.758131293,0.001757389919,0.9982426101,2977.936054,2879.057738,0.9332297255,0.9022431018,0.8682427172,0.9362434864
synthetic_20250706,synthetic,2025-07-06,adapted,2888,0.9025559657,5.312216143,-0.07078035264,0.00500985832,0.001651119312,0.9983488807,2977.941064,2880.056087,0.9332312955,0.9025559657,0.8685555811,0.9365563503
synthetic_20250706,synthetic,2025-07-06,adapted,2889,0.9028678814,5.310812684,0.6689807837,0.447535289,0.004676958836,0.9953230412,2978.388599,2881.05141,0.9333715447,0.9028678814,0.8688674968,0.936868266
synthetic_20250706,synthetic,2025-07-06,adapted,2890,0.9031787661,5.307378967,-0.08356734066,0.006983500425,0.007967128815,0.9920328712,2978.395583,2882.043443,0.9333737332,0.9031787661,0.8691783815,0.9371791507
synthetic_20250706,synthetic,2025-07-06,adapted,2891,0.9034919845,5.306154539,0.4004505492,0.1603606424,0.000519993129,0.9994800069,2978.555943,2883.042923,0.9334239872,0.9034919845,0.8694915999,0.9374923691
synthetic_20250706,synthetic,2025-07-06,adapted,2892,0.9038047049,5.304159056,-0.06202485417,0.003847082534,0.002109185193,0.9978908148,2978.55979,2884.040813,0.9334251928,0.9038047049,0.8698043203,0.9378050895
synthetic_20250706,synthetic,2025-07-06,adapted,2893,0.9041176457,5.303649536,0.8479155676,0.7189608097,0.001405805786,0.9985941942,2979.278751,2885.039408,0.9336505018,0.9041176457,0.8701172611,0.9381180303
synthetic_20250706,synthetic,2025-07-06,adapted,2894,0.904430135,5.303110904,0.4893897909,0.2395023674,0.002846902362,0.9971530976,2979.518254,2886.036561,0.9337255574,0.904430135,0.8704297504,0.9384305196
synthetic_20250706,synthetic,2025-07-06,adapted,2895,0.9047424792,5.297396461,-1.032979344,1.067046324,0.003309399467,0.9966906005,2980.5853,2887.033251,0.9340599498,0.9047424792,0.8707420946,0.9387428638
synthetic_20250706,synthetic,2025-07-06,adapted,2896,0.9050545924,5.293915469,-0.2084948144,0.04347008762,0.004046754902,0.9959532451,2980.62877,2888.029204,0.9340735725,0.9050545924,0.8710542078,0.939054977
synthetic_20250706,synthetic,2025-07-06,adapted,2897,0.9053666213,5.293741813,-0.161216296,0.0259906941,0.004315859953,0.99568414,2980.654761,2889.024889,0.9340817175,0.9053666213,0.8713662367,0.9393670059
synthetic_20250706,synthetic,2025-07-06,adapted,2898,0.9056798432,5.292063081,0.8389208606,0.7037882104,0.0005090624559,0.9994909375,2981.358549,2890.02438,0.9343022717,0.9056798432,0.8716794586,0.9396802278
synthetic_20250706,synthetic,2025-07-06,adapted,2899,0.9059919049,5.288542751,-0.02090227965,0.0004369052945,0.004211096378,0.9957889036,2981.358986,2891.020168,0.9343024086,0.9059919049,0.8719915203,0.9399922895
synthetic_20250706,synthetic,2025-07-06,adapted,2900,0.9063050253,5.287554753,0.351207836,0.123346944,0.0008326163292,0.9991673837,2981.482333,2892.019336,0.9343410632,0.9063050253,0.8723046407,0.9403054099
synthetic_20250706,synthetic,2025-07-06,adapted,2901,0.9066182075,5.286870641,-1.299262048,1.68808187,0.0006357342787,0.9993642657,2983.170415,2893.0187,0.9348700766,0.9066182075,0.8726178229,0.9406185921
synthetic_20250706,synthetic,2025-07-06,adapted,2902,0.9069313961,5.286244054,-1.454611124,2.115893521,0.0006151635861,0.9993848364,2985.286308,2894.018085,0.9355331583,0.9069313961,0.8729310115,0.9409317807
synthetic_20250706,synthetic,2025-07-06,adapted,2903,0.9072432277,5.283901707,-0.3033836162,0.09204161855,0.004945399687,0.9950546003,2985.37835,2895.01314,0.9355620024,0.9072432277,0.8732428431,0.9412436123
synthetic_20250706,synthetic,2025-07-06,adapted,2904,0.9075558382,5.279050751,-0.6393252023,0.4087367143,0.002459913477,0.9975400865,2985.787086,2896.01068,0.9356900929,0.9075558382,0.8735554536,0.9415562228
synthetic_20250706,synthetic,2025-07-06,adapted,2905,0.9078679933,5.278000925,-1.508915829,2.276826978,0.003913016644,0.9960869834,2988.063913,2897.006767,0.9364036081,0.9078679933,0.8738676087,0.9418683779
synthetic_20250706,synthetic,2025-07-06,adapted,2906,0.9081805672,5.27666724,0.2026880385,0.04108244094,0.002576603468,0.9974233965,2988.104996,2898.00419,0.9364164826,0.9081805672,0.8741801826,0.9421809518
synthetic_20250706,synthetic,2025-07-06,adapted,2907,0.9084934383,5.275353371,0.4345011682,0.1887912651,0.001628405972,0.998371594,2988.293787,2899.002562,0.9364756462,0.9084934383,0.8744930537,0.9424938229
synthetic_20250706,synthetic,2025-07-06,adapted,2908,0.9088059026,5.273272865,-0.1310953424,0.0171859888,0.002926457402,0.9970735426,2988.310973,2899.999635,0.936481032,0.9088059026,0.874805518,0.9428062872
synthetic_20250706,synthetic,2025-07-06,adapted,2909,0.9091189221,5.270035389,0.3183335807,0.1013362686,0.001154807437,0.9988451926,2988.412309,2900.99848,0.9365127889,0.9091189221,0.8751185375,0.9431193067
synthetic_20250706,synthetic,2025-07-06,adapted,2910,0.9094318845,5.26975069,-0.03646200827,0.001329478047,0.001336975761,0.9986630242,2988.413639,2901.997143,0.9365132055,0.9094318845,0.8754314999,0.9434322691
synthetic_20250706,synthetic,2025-07-06,adapted,2911,0.9097436579,5.266191,1.502013429,2.25604434,0.005130964228,0.9948690358,2990.669683,2902.992012,0.9372202078,0.9097436579,0.8757432733,0.9437440425
synthetic_20250706,synthetic,2025-07-06,adapted,2912,0.9100552264,5.265875298,-0.4566917851,0.2085673866,0.005784935331,0.9942150647,2990.878251,2903.986227,0.937285569,0.9100552264,0.8760548418,0.944055611
synthetic_20250706,synthetic,2025-07-06,adapted,2913,0.9103680716,5.265577256,-0.3237213805,0.1047955322,0.00171098485,0.9982890151,2990.983046,2904.984517,0.9373184099,0.9103680716,0.876367687,0.9443684562
synthetic_20250706,synthetic,2025-07-06,adapted,2914,0.910681256,5.263491148,-0.3988942769,0.1591166441,0.0006285627575,0.9993714372,2991.142163,2905.983888,0.9373682741,0.910681256,0.8766808714,0.9446816406
synthetic_20250706,synthetic,2025-07-06,adapted,2915,0.910993768,5.261046465,-0.3079906002,0.09485820981,0.002774405463,0.9972255945,2991.237021,2906.981114,0.9373980009,0.910993768,0.8769933834,0.9449941526
synthetic_20250706,synthetic,2025-07-06,adapted,2916,0.9113067287,5.259417388,0.08551893445,0.00731348815,0.001342380741,0.9986576193,2991.244334,2907.979771,0.9374002928,0.9113067287,0.8773063441,0.9453071133
synthetic_20250706,synthetic,2025-07-06,adapted,2917,0.9116164962,5.25180487,-1.094211999,1.197299899,0.01153177911,0.9884682209,2992.441634,2908.968239,0.9377755043,0.9116164962,0.8776161116,0.9456168808
synthetic_20250706,synthetic,2025-07-06,adapted,2918,0.9119289187,5.25115,-0.9517249968,0.9057804695,0.003059959819,0.9969400402,2993.347415,2909.965179,0.9380593591,0.9119289187,0.8779285341,0.9459293033
synthetic_20250706,synthetic,2025-07-06,adapted,2919,0.9122414449,5.250900286,0.4974123646,0.2474190605,0.002728788695,0.9972712113,2993.594834,2910.962451,0.9381368956,0.9122414449,0.8782410603,0.9462418295
synthetic_20250706,synthetic,2025-07-06,adapted,2920,0.9125539673,5.250101015,0.03209105323,0.001029835697,0.002740936807,0.9972590632,2993.595864,2911.95971,0.9381372183,0.9125539673,0.8785535827,0.9465543519
synthetic_20250706,synthetic,2025-07-06,adapted,2921,0.9128666354,5.248294406,-1.109138385,1.230187957,0.002276147226,0.9977238528,2994.826052,2912.957434,0.9385227363,0.9128666354,0.8788662508,0.94686702
synthetic_20250706,synthetic,2025-07-06,adapted,2922,0.913179636,5.247726461,-0.402239406,0.1617965398,0.00121511356,0.9987848864,2994.987848,2913.956218,0.9385734404,0.913179636,0.8791792514,0.9471800206
synthetic_20250706,synthetic,2025-07-06,adapted,2923,0.9134908709,5.247302113,-0.7430671551,0.5521487969,0.006849363508,0.9931506365,2995.539997,2914.949369,0.9387464735,0.9134908709,0.8794904863,0.9474912555
synthetic_20250706,synthetic,2025-07-06,adapted,2924,0.913803076,5.246041669,-0.6601874484,0.435847467,0.00375367877,0.9962463212,2995.975844,2915.945615,0.93888306,0.913803076,0.8798026914,0.9478034606
synthetic_20250706,synthetic,2025-07-06,adapted,2925,0.9141154784,5.244623449,0.3812543577,0.1453548853,0.003123832338,0.9968761677,2996.121199,2916.942492,0.9389286115,0.9141154784,0.8801150938,0.948115863
synthetic_20250706,synthetic,2025-07-06,adapted,2926,0.9144263217,5.244570102,-0.4007102239,0.1605686835,0.00809890103,0.991901099,2996.281768,2917.934393,0.9389789308,0.9144263217,0.8804259371,0.9484267063
synthetic_20250706,synthetic,2025-07-06,adapted,2927,0.9147394252,5.243438108,1.540320757,2.372588033,0.000886705676,0.9991132943,2998.654356,2918.933506,0.9397224557,0.9147394252,0.8807390406,0.9487398098
synthetic_20250706,synthetic,2025-07-06,adapted,2928,0.9150525115,5.242458439,-0.5223342548,0.2728330737,0.0009417826293,0.9990582174,2998.927189,2919.932564,0.9398079565,0.9150525115,0.8810521269,0.9490528961
synthetic_20250706,synthetic,2025-07-06,adapted,2929,0.9153638852,5.239453542,0.3649888528,0.1332168627,0.006406497464,0.9935935025,2999.060406,2920.926158,0.9398497042,0.9153638852,0.8813635006,0.9493642698
synthetic_20250706,synthetic,2025-07-06,adapted,2930,0.9156757608,5.237943297,-1.627061263,2.647328352,0.004804816566,0.9951951834,3001.707734,2921.921353,0.9406793276,0.9156757608,0.8816753762,0.9496761454
synthetic_20250706,synthetic,2025-07-06,adapted,2931,0.9159858669,5.235841317,1.336029991,1.784976138,0.01045172596,0.989548274,3003.49271,2922.910901,0.9412387059,0.9159858669,0.8819854823,0.9499862515
synthetic_20250706,synthetic,2025-07-06,adapted,2932,0.9162976543,5.232254589,0.2675462369,0.0715809889,0.005086342532,0.9949136575,3003.564291,2923.905815,0.941261138,0.9162976543,0.8822972697,0.9502980389
synthetic_20250706,synthetic,2025-07-06,adapted,2933,0.9166106649,5.231457014,0.2009430702,0.04037811745,0.001182977156,0.9988170228,3003.60467,2924.904632,0.9412737918,0.9166106649,0.8826102803,0.9506110495
synthetic_20250706,synthetic,2025-07-06,adapted,2934,0.9169211241,5.230100543,-1.332766355,1.776266158,0.009324929321,0.9906750707,3005.380936,2925.895307,0.9418304405,0.9169211241,0.8829207395,0.9509215087
synthetic_20250706,synthetic,2025-07-06,adapted,2935,0.9172330085,5.226149594,-0.803744185,0.646004715,0.004776617986,0.995223382,3006.02694,2926.89053,0.9420328864,0.9172330085,0.8832326239,0.9512333931
synthetic_20250706,synthetic,2025-07-06,adapted,2936,0.9175450426,5.225692032,0.4353510598,0.1895305453,0.00429918748,0.9957008125,3006.216471,2927.886231,0.9420922817,0.9175450426,0.883544658,0.9515454272
synthetic_20250706,synthetic,2025-07-06,adapted,2937,0.9178574718,5.224387902,0.692131338,0.4790457891,0.003038430461,0.9969615695,3006.695517,2928.883193,0.9422424058,0.9178574718,0.8838570872,0.9518578564
synthetic_20250706,synthetic,2025-07-06,adapted,2938,0.9181692516,5.223842508,0.7543940662,0.5691104071,0.005110830368,0.9948891696,3007.264627,2929.878082,0.9424207544,0.9181692516,0.884168867,0.9521696362
synthetic_20250706,synthetic,2025-07-06,adapted,2939,0.9184811692,5.2225372,-2.295211737,5.26799692,0.004671020541,0.9953289795,3012.532624,2930.873411,0.9440716465,0.9184811692,0.8844807846,0.9524815538
synthetic_20250706,synthetic,2025-07-06,adapted,2940,0.9187944071,5.221491064,0.3174154732,0.1007525827,0.000457673186,0.9995423268,3012.633377,2931.872953,0.9441032205,0.9187944071,0.8847940225,0.9527947917
synthetic_20250706,synthetic,2025-07-06,adapted,2941,0.919107496,5.220836305,1.464409841,2.144496182,0.0009332999568,0.9990667,3014.777873,2932.87202,0.9447752657,0.919107496,0.8851071114,0.9531078806
synthetic_20250706,synthetic,2025-07-06,adapted,2942,0.9194201628,5.220498705,0.2367022766,0.05602796777,0.002280408779,0.9977195912,3014.833901,2933.869739,0.9447928238,0.9194201628,0.8854197782,0.9534205474
synthetic_20250706,synthetic,2025-07-06,adapted,2943,0.9197329542,5.217775858,-0.7429865331,0.5520289884,0.001882457052,0.9981175429,3015.38593,2934.867857,0.9449658194,0.9197329542,0.8857325696,0.9537333388
synthetic_20250706,synthetic,2025-07-06,adapted,2944,0.9200446865,5.216778185,-1.322334226,1.748567806,0.005262389359,0.9947376106,3017.134498,2935.862595,0.945513788,0.9200446865,0.8860443019,0.9540450711
synthetic_20250706,synthetic,2025-07-06,adapted,2945,0.9203574307,5.216758296,-0.2804003123,0.07862433512,0.002033331811,0.9979666682,3017.213122,2936.860561,0.9455384275,0.9203574307,0.8863570461,0.9543578153
synthetic_20250706,synthetic,2025-07-06,adapted,2946,0.9206698964,5.215887686,0.892514814,0.7965826933,0.002921666109,0.9970783339,3018.009705,2937.85764,0.9457880616,0.9206698964,0.8866695118,0.954670281
synthetic_20250706,synthetic,2025-07-06,adapted,2947,0.9209819004,5.215376856,-0.5797861645,0.3361519965,0.004395340301,0.9956046597,3018.345857,2938.853244,0.9458934054,0.9209819004,0.8869815158,0.954982285
synthetic_20250706,synthetic,2025-07-06,adapted,2948,0.9212950402,5.210596726,-0.5726923807,0.3279765629,0.000771029375,0.9992289706,3018.673833,2939.852473,0.9459961872,0.9212950402,0.8872946556,0.9552954248
synthetic_20250706,synthetic,2025-07-06,adapted,2949,0.9216079753,5.206996684,-1.220595,1.489852154,0.001423992653,0.9985760073,3020.163685,2940.851049,0.9464630791,0.9216079753,0.8876075907,0.9556083599
synthetic_20250706,synthetic,2025-07-06,adapted,2950,0.9219204741,5.20274395,0.1868630779,0.03491780987,0.002816361673,0.9971836383,3020.198603,2941.848233,0.9464740217,0.9219204741,0.8879200895,0.9559208587
synthetic_20250706,synthetic,2025-07-06,adapted,2951,0.9222331783,5.200447687,0.7735743129,0.5984172176,0.002160825859,0.9978391741,3020.79702,2942.846072,0.9466615545,0.9222331783,0.8882327937,0.9562335629
synthetic_20250706,synthetic,2025-07-06,adapted,2952,0.9225462972,5.195976583,-1.173166953,1.3763207,0.0008377168174,0.9991622832,3022.173341,2943.845234,0.9470928678,0.9225462972,0.8885459126,0.9565466818
synthetic_20250706,synthetic,2025-07-06,adapted,2953,0.9228586455,5.195910532,0.04836232879,0.002338914846,0.003296599712,0.9967034003,3022.17568,2944.841938,0.9470936008,0.9228586455,0.8888582609,0.9568590301
synthetic_20250706,synthetic,2025-07-06,adapted,2954,0.9231718661,5.192829858,0.7695588565,0.5922208336,0.000513036125,0.9994869639,3022.767901,2945.841425,0.9472791918,0.9231718661,0.8891714815,0.9571722507
synthetic_20250706,synthetic,2025-07-06,adapted,2955,0.9234844245,5.191180935,0.1971351821,0.03886228003,0.002626102077,0.9973738979,3022.806763,2946.838799,0.9472913705,0.9234844245,0.8894840399,0.9574848091
synthetic_20250706,synthetic,2025-07-06,adapted,2956,0.9237962831,5.18991492,0.2689763968,0.07234830203,0.004859053827,0.9951409462,3022.879111,2947.83394,0.9473140431,0.9237962831,0.8897958985,0.9577966677
synthetic_20250706,synthetic,2025-07-06,adapted,2957,0.9241074361,5.18736669,1.913515113,3.661540086,0.007110935922,0.9928890641,3026.540652,2948.826829,0.9484615016,0.9241074361,0.8901070515,0.9581078207
synthetic_20250706,synthetic,2025-07-06,adapted,2958,0.9244204339,5.184497544,0.9233830092,0.8526361817,0.00122397236,0.9987760276,3027.393288,2949.825605,0.9487287019,0.9244204339,0.8904200493,0.9584208185
synthetic_20250706,synthetic,2025-07-06,adapted,2959,0.924733462,5.182973008,-0.4801358223,0.2305304078,0.001127453495,0.9988725465,3027.623818,2950.824477,0.9488009458,0.924733462,0.8907330774,0.9587338466
synthetic_20250706,synthetic,2025-07-06,adapted,2960,0.925046654,5.177922303,1.240020759,1.537651483,0.0006041674095,0.9993958326,3029.16147,2951.823873,0.9492828172,0.925046654,0.8910462694,0.9590470386
synthetic_20250706,synthetic,2025-07-06,adapted,2961,0.9253596546,5.177540081,-0.5849118856,0.3421219139,0.001215086552,0.9987849134,3029.503592,2952.822658,0.9493900318,0.9253596546,0.89135927,0.9593600392
synthetic_20250706,synthetic,2025-07-06,adapted,2962,0.9256716166,5.176348857,0.4983872838,0.2483898847,0.004529194323,0.9954708057,3029.751981,2953.818129,0.9494678726,0.9256716166,0.891671232,0.9596720012
synthetic_20250706,synthetic,2025-07-06,adapted,2963,0.9259846012,5.174430345,-0.142810084,0.02039472009,0.001266352281,0.9987336477,3029.772376,2954.816862,0.9494742639,0.9259846012,0.8919842166,0.9599849858
synthetic_20250706,synthetic,2025-07-06,adapted,2964,0.926296931,5.172828098,-0.5792037396,0.3354769719,0.003355500091,0.9966444999,3030.107853,2955.813507,0.9495793961,0.926296931,0.8922965464,0.9602973156
synthetic_20250706,synthetic,2025-07-06,adapted,2965,0.9266098735,5.17281489,0.3012040885,0.09072390291,0.001400563773,0.9985994362,3030.198577,2956.812106,0.9496078273,0.9266098735,0.8926094889,0.9606102581
synthetic_20250706,synthetic,2025-07-06,adapted,2966,0.9269219964,5.168814327,-0.1156891657,0.01338398307,0.004015661054,0.9959843389,3030.211961,2957.808091,0.9496120216,0.9269219964,0.8929216118,0.960922381
synthetic_20250706,synthetic,2025-07-06,adapted,2967,0.9272342795,5.168717949,-1.842612338,3.395220227,0.003504824892,0.9964951751,3033.607181,2958.804586,0.9506760204,0.9272342795,0.8932338949,0.9612346641
synthetic_20250706,synthetic,2025-07-06,adapted,2968,0.9275467194,5.16745033,0.1198837807,0.01437212086,0.003004333481,0.9969956665,3033.621553,2959.801581,0.9506805244,0.9275467194,0.8935463348,0.961547104
synthetic_20250706,synthetic,2025-07-06,adapted,2969,0.9278592003,5.166586139,0.007077271315,5.008776927e-05,0.002873352045,0.997126648,3033.621603,2960.798708,0.9506805401,0.9278592003,0.8938588157,0.9618595849
synthetic_20250706,synthetic,2025-07-06,adapted,2970,0.9281709796,5.165331704,0.4792734167,0.2297030079,0.00511222931,0.9948877707,3033.851306,2961.793596,0.9507525247,0.9281709796,0.894170595,0.9621713642
synthetic_20250706,synthetic,2025-07-06,adapted,2971,0.928483408,5.163506279,0.3710451051,0.13767447,0.003041047135,0.9969589529,3033.988981,2962.790555,0.9507956694,0.928483408,0.8944830234,0.9624837926
synthetic_20250706,synthetic,2025-07-06,adapted,2972,0.9287954476,5.162840959,0.6029160625,0.3635077784,0.00428147415,0.9957185259,3034.352489,2963.786273,0.9509095859,0.9287954476,0.894795063,0.9627958322
synthetic_20250706,synthetic,2025-07-06,adapted,2973,0.929108694,5.156506093,-0.0007752703391,6.010440987e-07,0.0004307571742,0.9995692428,3034.352489,2964.785843,0.9509095861,0.929108694,0.8951083094,0.9631090786
synthetic_20250706,synthetic,2025-07-06,adapted,2974,0.9294214538,5.151582784,0.7950946353,0.6321754791,0.001983480206,0.9980165198,3034.984665,2965.783859,0.9511076981,0.9294214538,0.8954210692,0.9634218384
synthetic_20250706,synthetic,2025-07-06,adapted,2975,0.9297348232,5.150742982,0.1620257752,0.02625235182,3.834073628e-05,0.9999616593,3035.010917,2966.783821,0.9511159251,0.9297348232,0.8957344386,0.9637352078
synthetic_20250706,synthetic,2025-07-06,adapted,2976,0.930046539,5.150647237,0.4089530558,0.1672426019,0.005314748272,0.9946852517,3035.17816,2967.778506,0.9511683359,0.930046539,0.8960461544,0.9640469236
synthetic_20250706,synthetic,2025-07-06,adapted,2977,0.93035847,5.148665626,0.8629625291,0.7447043267,0.004628301724,0.9953716983,3035.922864,2968.773878,0.9514017123,0.93035847,0.8963580854,0.9643588546
synthetic_20250706,synthetic,2025-07-06,adapted,2978,0.9306716051,5.144374319,0.07557393203,0.005711419203,0.0007857990906,0.9992142009,3035.928575,2969.773092,0.9514035022,0.9306716051,0.8966712205,0.9646719897
synthetic_20250706,synthetic,2025-07-06,adapted,2979,0.9309837347,5.140609791,-1.013631839,1.027449505,0.003994541374,0.9960054586,3036.956025,2970.769097,0.9517254857,0.9309837347,0.8969833501,0.9649841193
synthetic_20250706,synthetic,2025-07-06,adapted,2980,0.9312950863,5.135627116,0.3432445954,0.1178168522,0.006477129001,0.993522871,3037.073842,2971.76262,0.9517624073,0.9312950863,0.8972947017,0.9652954709
synthetic_20250706,synthetic,2025-07-06,adapted,2981,0.9316075908,5.131732983,-0.02873887382,0.0008259228683,0.00279788548,0.9972021145,3037.074668,2972.759822,0.9517626662,0.9316075908,0.8976072062,0.9656079754
synthetic_20250706,synthetic,2025-07-06,adapted,2982,0.9319208854,5.130065167,0.3604714211,0.1299396454,0.0002770987787,0.9997229012,3037.204607,2973.759545,0.9518033868,0.9319208854,0.8979205008,0.96592127
synthetic_20250706,synthetic,2025-07-06,adapted,2983,0.9322333032,5.129425228,0.8526138001,0.7269502922,0.003074916443,0.9969250836,3037.931558,2974.75647,0.9520311995,0.9322333032,0.8982329186,0.9662336878
synthetic_20250706,synthetic,2025-07-06,adapted,2984,0.9325457475,5.12484539,-0.2398888505,0.05754666058,0.002989976978,0.997010023,3037.989104,2975.75348,0.9520492336,0.9325457475,0.8985453629,0.9665461321
synthetic_20250706,synthetic,2025-07-06,adapted,2985,0.9328582061,5.123729604,1.073241696,1.151847737,0.002944765799,0.9970552342,3039.140952,2976.750536,0.9524102012,0.9328582061,0.8988578215,0.9668585907
synthetic_20250706,synthetic,2025-07-06,adapted,2986,0.9331708521,5.123215052,-0.4379599118,0.1918088844,0.002346522888,0.9976534771,3039.332761,2977.748189,0.9524703106,0.9331708521,0.8991704675,0.9671712367
synthetic_20250706,synthetic,2025-07-06,adapted,2987,0.9334829362,5.122868914,-0.4868648103,0.2370373435,0.004139785304,0.9958602147,3039.569798,2978.744049,0.9525445936,0.9334829362,0.8994825516,0.9674833208
synthetic_20250706,synthetic,2025-07-06,adapted,2988,0.9337955912,5.11228747,-0.3723846466,0.138670325,0.002317816951,0.997682183,3039.708469,2979.741731,0.9525880503,0.9337955912,0.8997952066,0.9677959758
synthetic_20250706,synthetic,2025-07-06,adapted,2989,0.9341069925,5.109496741,-1.136717832,1.29212743,0.006318461693,0.9936815383,3041.000596,2980.735413,0.952992979,0.9341069925,0.9001066079,0.9681073771
synthetic_20250706,synthetic,2025-07-06,adapted,2990,0.934419435,5.10189895,-0.3863367385,0.1492560755,0.002995822937,0.9970041771,3041.149852,2981.732417,0.9530397531,0.934419435,0.9004190504,0.9684198196
synthetic_20250706,synthetic,2025-07-06,adapted,2991,0.9347317893,5.101146359,-0.3973466092,0.1578843279,0.003277499875,0.9967225001,3041.307736,2982.72914,0.9530892311,0.9347317893,0.9007314047,0.9687321739
synthetic_20250706,synthetic,2025-07-06,adapted,2992,0.9350433194,5.100917178,0.4512102281,0.20359067,0.005907442931,0.9940925571,3041.511327,2983.723232,0.9531530326,0.9350433194,0.9010429348,0.969043704
synthetic_20250706,synthetic,2025-07-06,adapted,2993,0.9353552772,5.09844651,0.7717158031,0.5955452807,0.004542806139,0.9954571939,3042.106872,2984.718689,0.9533396654,0.9353552772,0.9013548926,0.9693556618
synthetic_20250706,synthetic,2025-07-06,adapted,2994,0.9356682251,5.098046994,-0.9521551782,0.9065994834,0.001383165868,0.9986168341,3043.013472,2985.717306,0.9536237768,0.9356682251,0.9016678405,0.9696686097
synthetic_20250706,synthetic,2025-07-06,adapted,2995,0.9359796894,5.095610139,-0.8369865008,0.7005464025,0.006117418675,0.9938825813,3043.714018,2986.711189,0.953843315,0.9359796894,0.9019793048,0.969980074
synthetic_20250706,synthetic,2025-07-06,adapted,2996,0.9362913893,5.095248216,0.7199567347,0.5183376999,0.005365757133,0.9946342429,3044.232356,2987.705823,0.9540057524,0.9362913893,0.9022910047,0.9702917739
synthetic_20250706,synthetic,2025-07-06,adapted,2997,0.9366031631,5.092983416,-0.16626469,0.02764394715,0.005129689856,0.9948703101,3044.26,2988.700693,0.9540144155,0.9366031631,0.9026027785,0.9706035477
synthetic_20250706,synthetic,2025-07-06,adapted,2998,0.9369161093,5.091835292,-0.2640570594,0.06972613064,0.001388730464,0.9986112695,3044.329726,2989.699305,0.9540362664,0.9369161093,0.9029157247,0.9709164939
synthetic_20250706,synthetic,2025-07-06,adapted,2999,0.9372288855,5.089176167,1.440583718,2.075281448,0.001931164312,0.9980688357,3046.405008,2990.697374,0.954686621,0.9372288855,0.9032285009,0.9712292701
synthetic_20250706,synthetic,2025-07-06,adapted,3000,0.9375413504,5.088988937,0.4477823327,0.2005090175,0.002924280016,0.99707572,3046.605517,2991.694449,0.9547494568,0.9375413504,0.9035409658,0.971541735
synthetic_20250706,synthetic,2025-07-06,adapted,3001,0.9378546342,5.086894466,1.287119883,1.656677593,0.0003113993774,0.9996886006,3048.262194,2992.694138,0.9552686287,0.9378546342,0.9038542496,0.9718550188
synthetic_20250706,synthetic,2025-07-06,adapted,3002,0.9381678685,5.080707272,-0.0698606832,0.004880515057,0.0004694545782,0.9995305454,3048.267075,2993.693668,0.9552701582,0.9381678685,0.9041674839,0.9721682531
synthetic_20250706,synthetic,2025-07-06,adapted,3003,0.9384799775,5.08032743,1.436446723,2.063379187,0.004060219509,0.9959397805,3050.330454,2994.689608,0.9559167828,0.9384799775,0.9044795929,0.9724803621
synthetic_20250706,synthetic,2025-07-06,adapted,3004,0.9387924272,5.077350978,0.8479414047,0.7190046258,0.002973042396,0.9970269576,3051.049458,2995.686635,0.9561421054,0.9387924272,0.9047920426,0.9727928118
synthetic_20250706,synthetic,2025-07-06,adapted,3005,0.9391040826,5.070898025,-0.2802722693,0.07855254493,0.005507708014,0.994492292,3051.128011,2996.681127,0.9561667223,0.9391040826,0.905103698,0.9731044672
synthetic_20250706,synthetic,2025-07-06,adapted,3006,0.9394167283,5.069954645,0.4399237326,0.1935328905,0.002347571733,0.9976524283,3051.321544,2997.67878,0.956227372,0.9394167283,0.9054163437,0.9734171129
synthetic_20250706,synthetic,2025-07-06,adapted,3007,0.9397291682,5.069894842,0.5623744749,0.31626505,0.003004052719,0.9969959473,3051.637809,2998.675776,0.9563264835,0.9397291682,0.9057287836,0.9737295528
synthetic_20250706,synthetic,2025-07-06,adapted,3008,0.9400414401,5.069398772,0.3829673358,0.1466639803,0.003540509536,0.9964594905,3051.784473,2999.672235,0.9563724453,0.9400414401,0.9060410555,0.9740418247
synthetic_20250706,synthetic,2025-07-06,adapted,3009,0.9403535918,5.065845605,-0.3908403188,0.1527561548,0.003923845723,0.9960761543,3051.937229,3000.668311,0.9564203162,0.9403535918,0.9063532072,0.9743539764
synthetic_20250706,synthetic,2025-07-06,adapted,3010,0.9406664941,5.064767885,0.4057909851,0.1646663236,0.001528634239,0.9984713658,3052.101895,3001.666783,0.9564719196,0.9406664941,0.9066661095,0.9746668787
synthetic_20250706,synthetic,2025-07-06,adapted,3011,0.9409788598,5.064297839,0.8871225591,0.7869864348,0.003241188799,0.9967588112,3052.888882,3002.663542,0.9567185465,0.9409788598,0.9069784752,0.9749792444
synthetic_20250706,synthetic,2025-07-06,adapted,3012,0.9412915233,5.06164839,-0.5333101154,0.2844196792,0.002290905103,0.9977090949,3053.173302,3003.661251,0.9568076783,0.9412915233,0.9072911387,0.9752919079
synthetic_20250706,synthetic,2025-07-06,adapted,3013,0.9416025588,5.06135422,0.2368006099,0.05607452885,0.007485594722,0.9925144053,3053.229376,3004.653765,0.956825251,0.9416025588,0.9076021742,0.9756029434
synthetic_20250706,synthetic,2025-07-06,adapted,3014,0.9419149044,5.058090553,-0.301093824,0.09065749085,0.003305206218,0.9966947938,3053.320034,3005.65046,0.9568536614,0.9419149044,0.9079145198,0.975915289
synthetic_20250706,synthetic,2025-07-06,adapted,3015,0.9422268166,5.050727906,-1.08024764,1.166934964,0.004688222001,0.995311778,3054.486969,3006.645772,0.9572193571,0.9422268166,0.908226432,0.9762272012
synthetic_20250706,synthetic,2025-07-06,adapted,3016,0.9425387795,5.049986013,-1.279482681,1.637075932,0.004526460861,0.9954735391,3056.124044,3007.641245,0.9577323862,0.9425387795,0.9085383949,0.9765391641
synthetic_20250706,synthetic,2025-07-06,adapted,3017,0.9428508696,5.049524492,-1.243502335,1.546298057,0.004120407,0.995879593,3057.670343,3008.637125,0.9582169673,0.9428508696,0.908850485,0.9768512542
synthetic_20250706,synthetic,2025-07-06,adapted,3018,0.9431627631,5.047766431,0.5103846142,0.2604924544,0.004747831956,0.995252168,3057.930835,3009.632377,0.9582986007,0.9431627631,0.9091623785,0.9771631477
synthetic_20250706,synthetic,2025-07-06,adapted,3019,0.9434747228,5.047519624,-1.170122449,1.369186544,0.004536437843,0.9954635622,3059.300022,3010.627841,0.9587276783,0.9434747228,0.9094743382,0.9774751074
synthetic_20250706,synthetic,2025-07-06,adapted,3020,0.9437869915,5.04513391,-0.3139766086,0.09858131073,0.003550530833,0.9964494692,3059.398603,3011.62429,0.9587585719,0.9437869915,0.9097866069,0.9777873761
synthetic_20250706,synthetic,2025-07-06,adapted,3021,0.944098896,5.03925729,-0.6981187949,0.4873698518,0.004712794791,0.9952872052,3059.885973,3012.619577,0.9589113045,0.944098896,0.9100985114,0.9780992806
synthetic_20250706,synthetic,2025-07-06,adapted,3022,0.9444121114,5.039181858,-1.037001032,1.07537114,0.0005295993586,0.9994704006,3060.961344,3013.619048,0.9592483058,0.9444121114,0.9104117268,0.978412496
synthetic_20250706,synthetic,2025-07-06,adapted,3023,0.944725458,5.033212774,-1.461013865,2.134561513,0.0001112064519,0.9998887935,3063.095905,3014.618936,0.9599172376,0.944725458,0.9107250734,0.9787258426
synthetic_20250706,synthetic,2025-07-06,adapted,3024,0.9450379719,5.026767611,0.9060241804,0.8208798155,0.002768033348,0.9972319667,3063.916785,3015.616168,0.9601744861,0.9450379719,0.9110375873,0.9790383565
synthetic_20250706,synthetic,2025-07-06,adapted,3025,0.9453505341,5.026575944,-0.06738439127,0.004540656187,0.002614199288,0.9973858007,3063.921326,3016.613554,0.9601759091,0.9453505341,0.9113501495,0.9793509187
synthetic_20250706,synthetic,2025-07-06,adapted,3026,0.9456624738,5.025735817,-1.009191541,1.018467567,0.004600344298,0.9953996557,3064.939793,3017.608954,0.9604950778,0.9456624738,0.9116620892,0.9796628584
synthetic_20250706,synthetic,2025-07-06,adapted,3027,0.9459752556,5.025006436,1.154683146,1.333293167,0.001913336576,0.9980866634,3066.273087,3018.607041,0.9609129071,0.9459752556,0.911974871,0.9799756402
synthetic_20250706,synthetic,2025-07-06,adapted,3028,0.9462877001,5.022220122,0.07960914428,0.006337615854,0.00298946177,0.9970105382,3066.279424,3019.604051,0.9609148932,0.9462877001,0.9122873155,0.9802880847
synthetic_20250706,synthetic,2025-07-06,adapted,3029,0.9466001211,5.021452336,0.7992321197,0.6387719812,0.003064683565,0.9969353164,3066.918196,3020.600986,0.9611150724,0.9466001211,0.9125997365,0.9806005057
synthetic_20250706,synthetic,2025-07-06,adapted,3030,0.9469128206,5.019982131,-0.1462251341,0.02138178983,0.002175932183,0.9978240678,3066.939578,3021.59881,0.9611217731,0.9469128206,0.912912436,0.9809132052
synthetic_20250706,synthetic,2025-07-06,adapted,3031,0.9472252522,5.016668273,0.4589541907,0.2106389492,0.003030717896,0.9969692821,3067.150217,3022.59578,0.9611877834,0.9472252522,0.9132248676,0.9812256368
synthetic_20250706,synthetic,2025-07-06,adapted,3032,0.947537374,5.014594654,-0.5534401143,0.3062959601,0.004019255549,0.9959807445,3067.456513,3023.59176,0.9612837709,0.947537374,0.9135369894,0.9815377586
synthetic_20250706,synthetic,2025-07-06,adapted,3033,0.9478499499,5.007108645,-1.101553805,1.213420784,0.002570175021,0.997429825,3068.669934,3024.58919,0.9616640343,0.9478499499,0.9138495653,0.9818503345
synthetic_20250706,synthetic,2025-07-06,adapted,3034,0.9481618822,5.006654284,-1.172270727,1.374218657,0.004624211366,0.9953757886,3070.044152,3025.584566,0.9620946889,0.9481618822,0.9141614976,0.9821622668
synthetic_20250706,synthetic,2025-07-06,adapted,3035,0.9484733447,5.001365191,0.6833997817,0.4670352617,0.006123184487,0.9938768155,3070.511188,3026.578443,0.9622410491,0.9484733447,0.9144729601,0.9824737293
synthetic_20250706,synthetic,2025-07-06,adapted,3036,0.9487853443,4.999077497,-2.311663661,5.343788883,0.004409339972,0.99559066,3075.854976,3027.574034,0.963915693,0.9487853443,0.9147849597,0.9827857289
synthetic_20250706,synthetic,2025-07-06,adapted,3037,0.9490973861,4.997631984,0.1159072625,0.01343449349,0.00427447611,0.9957255239,3075.868411,3028.569759,0.9639199031,0.9490973861,0.9150970015,0.9830977707
synthetic_20250706,synthetic,2025-07-06,adapted,3038,0.9494102001,4.994306157,-0.2088619202,0.0436233017,0.001810485895,0.9981895141,3075.912034,3029.567949,0.9639335739,0.9494102001,0.9154098155,0.9834105847
synthetic_20250706,synthetic,2025-07-06,adapted,3039,0.9497231965,4.991977371,0.8573595029,0.7350653172,0.001228419681,0.9987715803,3076.6471,3030.56672,0.9641639297,0.9497231965,0.9157228119,0.9837235811
synthetic_20250706,synthetic,2025-07-06,adapted,3040,0.9500359914,4.991567722,0.9017276353,0.8131127283,0.001871502861,0.9981284971,3077.460212,3031.564849,0.964418744,0.9500359914,0.9160356068,0.984036376
synthetic_20250706,synthetic,2025-07-06,adapted,3041,0.9503489441,4.989466164,0.7312400178,0.5347119636,0.001367994636,0.9986320054,3077.994924,3032.563481,0.9645863128,0.9503489441,0.9163485595,0.9843493287
synthetic_20250706,synthetic,2025-07-06,adapted,3042,0.9506618163,4.989240567,0.619702196,0.3840308117,0.001624932332,0.9983750677,3078.378955,3033.561856,0.9647066609,0.9506618163,0.9166614317,0.9846622009
synthetic_20250706,synthetic,2025-07-06,adapted,3043,0.9509728332,4.987865977,0.3298758068,0.1088180479,0.007545103322,0.9924548967,3078.487773,3034.554311,0.9647407625,0.9509728332,0.9169724486,0.9849732178
synthetic_20250706,synthetic,2025-07-06,adapted,3044,0.9512848796,4.985249338,-0.1186712138,0.01408285698,0.004259875938,0.9957401241,3078.501856,3035.550051,0.9647451758,0.9512848796,0.917284495,0.9852852642
synthetic_20250706,synthetic,2025-07-06,adapted,3045,0.9515961552,4.983067736,0.4713171516,0.2221398574,0.006719512139,0.9932804879,3078.723996,3036.543331,0.9648147903,0.9515961552,0.9175957706,0.9855965398
synthetic_20250706,synthetic,2025-07-06,adapted,3046,0.9519080867,4.981835362,-0.3654826732,0.1335775844,0.004626607041,0.995373393,3078.857573,3037.538705,0.964856651,0.9519080867,0.9179077021,0.9859084713
synthetic_20250706,synthetic,2025-07-06,adapted,3047,0.9522210995,4.976467601,-0.3096413363,0.09587775717,0.001176242008,0.998823758,3078.953451,3038.537528,0.9648866973,0.9522210995,0.9182207149,0.9862214841
synthetic_20250706,synthetic,2025-07-06,adapted,3048,0.9525320234,4.975848642,0.3497538587,0.1223277617,0.007841864977,0.992158135,3079.075779,3039.529687,0.9649250326,0.9525320234,0.9185316388,0.986532408
synthetic_20250706,synthetic,2025-07-06,adapted,3049,0.9528450185,4.97401925,1.841919659,3.39266803,0.001232375899,0.9987676241,3082.468447,3040.528454,0.9659882316,0.9528450185,0.9188446339,0.9868454031
synthetic_20250706,synthetic,2025-07-06,adapted,3050,0.9531573507,4.973671741,0.2852882655,0.08138939441,0.003348084754,0.9966519152,3082.549836,3041.525106,0.9660137375,0.9531573507,0.9191569661,0.9871577353
synthetic_20250706,synthetic,2025-07-06,adapted,3051,0.953469516,4.969841245,-0.01892821805,0.0003582774384,0.003880628736,0.9961193713,3082.550195,3042.521225,0.9660138498,0.953469516,0.9194691314,0.9874699006
synthetic_20250706,synthetic,2025-07-06,adapted,3052,0.9537819388,4.96847865,-1.20451949,1.450867202,0.003058632044,0.996941368,3084.001062,3043.518167,0.9664685245,0.9537819388,0.9197815542,0.9877823234
synthetic_20250706,synthetic,2025-07-06,adapted,3053,0.9540948897,4.960219401,-0.4381248446,0.1919533794,0.001373716569,0.9986262834,3084.193015,3044.516793,0.9665286792,0.9540948897,0.9200945051,0.9880952743
synthetic_20250706,synthetic,2025-07-06,adapted,3054,0.9544063686,4.959318476,-0.3729857577,0.1391183755,0.006070911369,0.9939290886,3084.332134,3045.510722,0.9665722763,0.9544063686,0.920405984,0.9884067532
synthetic_20250706,synthetic,2025-07-06,adapted,3055,0.9547188335,4.956907933,-1.034583755,1.070363545,0.002924405352,0.9970755946,3085.402497,3046.507798,0.9669077083,0.9547188335,0.9207184489,0.9887192181
synthetic_20250706,synthetic,2025-07-06,adapted,3056,0.9550305733,4.956223992,-0.7272629911,0.5289114582,0.005238414916,0.9947615851,3085.931409,3047.502559,0.9670734593,0.9550305733,0.9210301887,0.9890309579
synthetic_20250706,synthetic,2025-07-06,adapted,3057,0.955342849,4.953787544,-1.013088503,1.026348316,0.003528346871,0.9964716531,3086.957757,3048.499031,0.9673950977,0.955342849,0.9213424644,0.9893432336
synthetic_20250706,synthetic,2025-07-06,adapted,3058,0.955655109,4.952477802,-0.8781859151,0.7712105015,0.003578356988,0.996421643,3087.728967,3049.495453,0.9676367807,0.955655109,0.9216547243,0.9896554936
synthetic_20250706,synthetic,2025-07-06,adapted,3059,0.9559674031,4.950890967,0.5217332888,0.2722056246,0.003469215885,0.9965307841,3088.001173,3050.491983,0.9677220849,0.9559674031,0.9219670185,0.9899677877
synthetic_20250706,synthetic,2025-07-06,adapted,3060,0.9562802422,4.950536618,0.5372704359,0.2886595213,0.001730557346,0.9982694427,3088.289833,3051.490253,0.9678125454,0.9562802422,0.9222798576,0.9902806268
synthetic_20250706,synthetic,2025-07-06,adapted,3061,0.9565926318,4.949553074,-0.5702581285,0.3251943331,0.003164763571,0.9968352364,3088.615027,3052.487088,0.9679144553,0.9565926318,0.9225922472,0.9905930164
synthetic_20250706,synthetic,2025-07-06,adapted,3062,0.9569050002,4.949387414,1.154429733,1.332708009,0.003232622368,0.9967673776,3089.947735,3053.483856,0.9683321012,0.9569050002,0.9229046156,0.9909053848
synthetic_20250706,synthetic,2025-07-06,adapted,3063,0.95721602,4.947951217,0.6703471698,0.4493653281,0.007535801048,0.992464199,3090.3971,3054.47632,0.9684729239,0.95721602,0.9232156354,0.9912164046
synthetic_20250706,synthetic,2025-07-06,adapted,3064,0.9575284127,4.947338729,-1.048167462,1.098655028,0.003154665227,0.9968453348,3091.495755,3055.473165,0.9688172219,0.9575284127,0.9235280281,0.9915287973
synthetic_20250706,synthetic,2025-07-06,adapted,3065,0.9578411501,4.947296888,-2.476646587,6.133778317,0.002054961949,0.9979450381,3097.629534,3056.47111,0.9707394339,0.9578411501,0.9238407655,0.9918415347
synthetic_20250706,synthetic,2025-07-06,adapted,3066,0.9581541549,4.941806622,1.721608223,2.963934874,0.001201688136,0.9987983119,3100.593468,3057.469908,0.9716682759,0.9581541549,0.9241537703,0.9921545395
synthetic_20250706,synthetic,2025-07-06,adapted,3067,0.9584665118,4.940875339,-0.5228487915,0.2733708587,0.003269381363,0.9967306186,3100.866839,3058.466639,0.9717539452,0.9584665118,0.9244661272,0.9924668964
synthetic_20250706,synthetic,2025-07-06,adapted,3068,0.9587797885,4.940844542,-1.05882036,1.121100556,0.0003338153707,0.9996661846,3101.98794,3059.466305,0.9721052773,0.9587797885,0.9247794039,0.9927801731
synthetic_20250706,synthetic,2025-07-06,adapted,3069,0.959092205,4.940709771,0.2370398698,0.05618789989,0.003079068188,0.9969209318,3102.044128,3060.463226,0.9721228855,0.959092205,0.9250918204,0.9930925896
synthetic_20250706,synthetic,2025-07-06,adapted,3070,0.9594051152,4.939904386,-1.498735355,2.246207664,0.001503665293,0.9984963347,3104.290335,3061.461722,0.9728268052,0.9594051152,0.9254047306,0.9934054998
synthetic_20250706,synthetic,2025-07-06,adapted,3071,0.9597178773,4.939616878,-1.523339306,2.32056264,0.001975981301,0.9980240187,3106.610898,3062.459746,0.9735540263,0.9597178773,0.9257174927,0.9937182619
synthetic_20250706,synthetic,2025-07-06,adapted,3072,0.9600309982,4.936164346,0.4802589816,0.2306486894,0.0008312102377,0.9991687898,3106.841547,3063.458915,0.9736263073,0.9600309982,0.9260306136,0.9940313828
synthetic_20250706,synthetic,2025-07-06,adapted,3073,0.9603430018,4.93404386,-0.5748475787,0.3304497387,0.004396630826,0.9956033692,3107.171996,3064.454519,0.9737298641,0.9603430018,0.9263426172,0.9943433864
synthetic_20250706,synthetic,2025-07-06,adapted,3074,0.9606555633,4.932318392,-0.5957657675,0.3549368498,0.002616269534,0.9973837305,3107.526933,3065.451902,0.9738410947,0.9606555633,0.9266551787,0.9946559479
synthetic_20250706,synthetic,2025-07-06,adapted,3075,0.9609671256,4.929165829,0.7025659337,0.4935988912,0.005804532065,0.9941954679,3108.020532,3066.446098,0.9739957794,0.9609671256,0.926966741,0.9949675102
synthetic_20250706,synthetic,2025-07-06,adapted,3076,0.9612803598,4.923426254,-0.5136282732,0.263814003,0.0004698501244,0.9995301499,3108.284346,3067.445628,0.9740784538,0.9612803598,0.9272799752,0.9952807444
synthetic_20250706,synthetic,2025-07-06,adapted,3077,0.9615912253,4.920081937,-0.7194759293,0.5176456129,0.008027892392,0.9919721076,3108.801992,3068.4376,0.9742406743,0.9615912253,0.9275908407,0.9955916099
synthetic_20250706,synthetic,2025-07-06,adapted,3078,0.9619022466,4.915618744,0.2021782068,0.04087602729,0.007531069236,0.9924689308,3108.842868,3069.430069,0.9742534841,0.9619022466,0.927901862,0.9959026312
synthetic_20250706,synthetic,2025-07-06,adapted,3079,0.9622142536,4.913638779,-0.1546028627,0.02390204517,0.004385781543,0.9956142185,3108.86677,3070.425683,0.9742609746,0.9622142536,0.928213869,0.9962146382
synthetic_20250706,synthetic,2025-07-06,adapted,3080,0.9625262591,4.912193376,-0.1355173044,0.01836493978,0.004390554853,0.9956094451,3108.885135,3071.421293,0.9742667298,0.9625262591,0.9285258745,0.9965266437
synthetic_20250706,synthetic,2025-07-06,adapted,3081,0.9628373443,4.910627898,0.4655647095,0.2167504988,0.007326963967,0.992673036,3109.101885,3072.413966,0.9743346554,0.9628373443,0.9288369597,0.9968377289
synthetic_20250706,synthetic,2025-07-06,adapted,3082,0.9631491686,4.90994711,-0.2087382189,0.04357164402,0.004968666411,0.9950313336,3109.145457,3073.408997,0.9743483099,0.9631491686,0.929148784,0.9971495532
synthetic_20250706,synthetic,2025-07-06,adapted,3083,0.9634622103,4.90757599,0.709130361,0.5028658688,0.001083873268,0.9989161267,3109.648323,3074.407913,0.9745058987,0.9634622103,0.9294618257,0.9974625949
synthetic_20250706,synthetic,2025-07-06,adapted,3084,0.9637735217,4.90653287,-0.1874420256,0.03513451294,0.0066053264,0.9933946736,3109.683457,3075.401308,0.9745169092,0.9637735217,0.9297731371,0.9977739063
synthetic_20250706,synthetic,2025-07-06,adapted,3085,0.9640866235,4.903913212,0.4665925851,0.2177086405,0.000892281519,0.9991077185,3109.901166,3076.400416,0.9745851351,0.9640866235,0.9300862389,0.9980870081
synthetic_20250706,synthetic,2025-07-06,adapted,3086,0.9643988603,4.900744707,-0.1066386619,0.0113718042,0.003652363125,0.9963476369,3109.912538,3077.396763,0.9745886988,0.9643988603,0.9303984757,0.9983992449
synthetic_20250706,synthetic,2025-07-06,adapted,3087,0.9647107856,4.892464661,0.5904823467,0.3486694018,0.004646316201,0.9953536838,3110.261207,3078.392117,0.9746979653,0.9647107856,0.930710401,0.9987111702
synthetic_20250706,synthetic,2025-07-06,adapted,3088,0.9650238115,4.891298493,-0.9499171065,0.9023425091,0.001134538121,0.9988654619,3111.16355,3079.390982,0.9749807426,0.9650238115,0.9310234269,0.9990241961
synthetic_20250706,synthetic,2025-07-06,adapted,3089,0.9653360579,4.889715021,2.251356083,5.068604212,0.003621574962,0.996378425,3116.232154,3080.387361,0.9765691488,0.9653360579,0.9313356733,0.9993364425
synthetic_20250706,synthetic,2025-07-06,adapted,3090,0.9656487614,4.884270555,1.36517212,1.863694917,0.002163299962,0.9978367,3118.095849,3081.385197,0.9771531961,0.9656487614,0.9316483768,0.999649146
synthetic_20250706,synthetic,2025-07-06,adapted,3091,0.9659617927,4.882535956,-0.09931390724,0.009863252172,0.001116922652,0.9988830773,3118.105712,3082.384081,0.9771562871,0.9659617927,0.9319614081,0.9999621773
synthetic_20250706,synthetic,2025-07-06,adapted,3092,0.9662741569,4.876386977,1.462638637,2.139311782,0.003245993444,0.9967540066,3120.245024,3083.380835,0.9778267076,0.9662741569,0.9322737723,1.000274541
synthetic_20250706,synthetic,2025-07-06,adapted,3093,0.9665860724,4.872877182,0.8684219006,0.7541565974,0.004677518584,0.9953224814,3120.99918,3084.376157,0.9780630462,0.9665860724,0.9325856878,1.000586457
synthetic_20250706,synthetic,2025-07-06,adapted,3094,0.9668983238,4.871394471,0.362003086,0.1310462343,0.003605846998,0.996394153,3121.130227,3085.372551,0.9781041137,0.9668983238,0.9328979392,1.000898708
synthetic_20250706,synthetic,2025-07-06,adapted,3095,0.9672105186,4.870671231,-0.1859115397,0.0345631006,0.003786374717,0.9962136253,3121.16479,3086.368765,0.9781149451,0.9672105186,0.933210134,1.001210903
synthetic_20250706,synthetic,2025-07-06,adapted,3096,0.9675224786,4.869094441,-0.6806021736,0.4632193187,0.00453568369,0.9954643163,3121.628009,3087.364229,0.9782601094,0.9675224786,0.933522094,1.001522863
synthetic_20250706,synthetic,2025-07-06,adapted,3097,0.967835518,4.868327089,0.7640460736,0.5837664025,0.001091209571,0.9989087904,3122.211776,3088.363138,0.9784430509,0.967835518,0.9338351334,1.001835903
synthetic_20250706,synthetic,2025-07-06,adapted,3098,0.9681473667,4.867159871,-0.1681585809,0.02827730834,0.004890667916,0.9951093321,3122.240053,3089.358247,0.9784519125,0.9681473667,0.9341469821,1.002147751
synthetic_20250706,synthetic,2025-07-06,adapted,3099,0.9684596757,4.863560488,-1.004839108,1.009701633,0.003422173269,0.9965778267,3123.249754,3090.354825,0.9787683342,0.9684596757,0.9344592911,1.00246006
synthetic_20250706,synthetic,2025-07-06,adapted,3100,0.9687720647,4.841819633,-0.0726834141,0.005282878685,0.003166490575,0.9968335094,3123.255037,3091.351659,0.9787699898,0.9687720647,0.9347716801,1.002772449
synthetic_20250706,synthetic,2025-07-06,adapted,3101,0.9690836964,4.840525426,0.3409446987,0.1162432875,0.005583265863,0.9944167341,3123.371281,3092.346075,0.9788064182,0.9690836964,0.9350833118,1.003084081
synthetic_20250706,synthetic,2025-07-06,adapted,3102,0.9693969055,4.839964499,0.2509103181,0.06295598771,0.0005498220638,0.9994501779,3123.434237,3093.345526,0.9788261475,0.9693969055,0.9353965209,1.00339729
synthetic_20250706,synthetic,2025-07-06,adapted,3103,0.9697097733,4.839690348,1.04169837,1.085135493,0.001638950806,0.9983610492,3124.519372,3094.343887,0.9791662087,0.9697097733,0.9357093887,1.003710158
synthetic_20250706,synthetic,2025-07-06,adapted,3104,0.9700224639,4.83792693,-0.7478613399,0.5592965838,0.002204327612,0.9977956724,3125.078669,3095.341682,0.9793414819,0.9700224639,0.9360220793,1.004022848
synthetic_20250706,synthetic,2025-07-06,adapted,3105,0.9703350615,4.837269537,-0.5482042532,0.3005279032,0.002501123108,0.9974988769,3125.379197,3096.339181,0.9794356617,0.9703350615,0.9363346769,1.004335446
synthetic_20250706,synthetic,2025-07-06,adapted,3106,0.9706470181,4.834999302,-0.8665413924,0.7508939848,0.004546352145,0.9954536479,3126.130091,3097.334635,0.9796709779,0.9706470181,0.9366466335,1.004647403
synthetic_20250706,synthetic,2025-07-06,adapted,3107,0.9709592535,4.832091323,-0.5687708234,0.3235002495,0.003656809973,0.99634319,3126.453591,3098.330978,0.9797723569,0.9709592535,0.9369588689,1.004959638
synthetic_20250706,synthetic,2025-07-06,adapted,3108,0.9712710115,4.822125012,-1.32152639,1.746431999,0.005180188179,0.9948198118,3128.200023,3099.325798,0.9803196562,0.9712710115,0.9372706269,1.005271396
synthetic_20250706,synthetic,2025-07-06,adapted,3109,0.9715840713,4.821092764,-0.9367497255,0.8775000482,0.001026212435,0.9989737876,3129.077523,3100.324772,0.9805946483,0.9715840713,0.9375836867,1.005584456
synthetic_20250706,synthetic,2025-07-06,adapted,3110,0.9718960702,4.820472095,-0.4765729102,0.2271217388,0.004411685035,0.995588315,3129.304645,3101.32036,0.9806658241,0.9718960702,0.9378956856,1.005896455
synthetic_20250706,synthetic,2025-07-06,adapted,3111,0.9722092571,4.816690654,-0.130712196,0.01708567818,0.000620426577,0.9993795734,3129.32173,3102.319739,0.9806711784,0.9722092571,0.9382088725,1.006209642
synthetic_20250706,synthetic,2025-07-06,adapted,3112,0.972521341,4.813310563,0.2389792595,0.05711108649,0.004140173017,0.995859827,3129.378841,3103.315599,0.980689076,0.972521341,0.9385209564,1.006521726
synthetic_20250706,synthetic,2025-07-06,adapted,3113,0.9728334583,4.811448988,-0.7887189437,0.6220775721,0.004033978462,0.9959660215,3130.000919,3104.311565,0.9808840235,0.9728334583,0.9388330737,1.006833843
synthetic_20250706,synthetic,2025-07-06,adapted,3114,0.9731445013,4.809375269,-0.6924507246,0.479488006,0.007461523242,0.9925384768,3130.480407,3105.304104,0.9810342861,0.9731445013,0.9391441167,1.007144886
synthetic_20250706,synthetic,2025-07-06,adapted,3115,0.9734571009,4.808466519,1.106329597,1.223965178,0.002494932961,0.997505067,3131.704372,3106.301609,0.981417854,0.9734571009,0.9394567163,1.007457485
synthetic_20250706,synthetic,2025-07-06,adapted,3116,0.9737693687,4.804580675,1.4529608,2.111095087,0.003553206984,0.996446793,3133.815467,3107.298056,0.9820794319,0.9737693687,0.9397689841,1.007769753
synthetic_20250706,synthetic,2025-07-06,adapted,3117,0.9740820225,4.801240432,0.3963650763,0.1571052737,0.002321898383,0.9976781016,3133.972572,3108.295734,0.9821286658,0.9740820225,0.9400816379,1.008082407
synthetic_20250706,synthetic,2025-07-06,adapted,3118,0.9743933441,4.790063525,-0.19351026,0.03744622073,0.006572683497,0.9934273165,3134.010019,3109.289161,0.9821404007,0.9743933441,0.9403929595,1.008393729
synthetic_20250706,synthetic,2025-07-06,adapted,3119,0.9747045821,4.789218328,-0.2879937672,0.08294040993,0.006839575918,0.9931604241,3134.092959,3110.282321,0.9821663927,0.9747045821,0.9407041975,1.008704967
synthetic_20250706,synthetic,2025-07-06,adapted,3120,0.9750162519,4.788637823,1.439065077,2.070908297,0.005461666741,0.9945383333,3136.163867,3111.27686,0.9828153768,0.9750162519,0.9410158673,1.009016636
synthetic_20250706,synthetic,2025-07-06,adapted,3121,0.9753277796,4.787507917,-0.685856159,0.4703986708,0.005915100135,0.9940848999,3136.634266,3112.270945,0.982962791,0.9753277796,0.941327395,1.009328164
synthetic_20250706,synthetic,2025-07-06,adapted,3122,0.9756402152,4.785497706,0.01901626074,0.0003616181725,0.003018086936,0.9969819131,3136.634628,3113.267927,0.9829629043,0.9756402152,0.9416398306,1.0096406
synthetic_20250706,synthetic,2025-07-06,adapted,3123,0.9759526668,4.783325601,-1.405874368,1.976482738,0.002966955814,0.9970330442,3138.61111,3114.26496,0.9835822972,0.9759526668,0.9419522822,1.009953051
synthetic_20250706,synthetic,2025-07-06,adapted,3124,0.9762643197,4.775078404,0.6796379676,0.461907767,0.005515340799,0.9944846592,3139.073018,3115.259444,0.9837270505,0.9762643197,0.9422639351,1.010264704
synthetic_20250706,synthetic,2025-07-06,adapted,3125,0.9765772362,4.766665868,-0.6964811704,0.4850860207,0.001483551792,0.9985164482,3139.558104,3116.257961,0.9838790674,0.9765772362,0.9425768516,1.010577621
synthetic_20250706,synthetic,2025-07-06,adapted,3126,0.9768897038,4.760543294,-0.6417792601,0.4118806187,0.002915920283,0.9970840797,3139.969985,3117.255045,0.9840081432,0.9768897038,0.9428893192,1.010890088
synthetic_20250706,synthetic,2025-07-06,adapted,3127,0.9772019585,4.759853783,-1.102649735,1.215836439,0.003595419917,0.9964045801,3141.185821,3118.251449,0.9843891637,0.9772019585,0.9432015739,1.011202343
synthetic_20250706,synthetic,2025-07-06,adapted,3128,0.9775141671,4.756142975,-0.2376089387,0.05645800777,0.00374232661,0.9962576734,3141.242279,3119.247707,0.9844068566,0.9775141671,0.9435137825,1.011514552
synthetic_20250706,synthetic,2025-07-06,adapted,3129,0.977826062,4.754236092,-0.4748708267,0.225502302,0.004743089949,0.9952569101,3141.467782,3120.242964,0.9844775248,0.977826062,0.9438256774,1.011826447
synthetic_20250706,synthetic,2025-07-06,adapted,3130,0.9781383681,4.752891765,-0.9611768632,0.9238609624,0.003431325975,0.996568674,3142.391643,3121.239533,0.9847670456,0.9781383681,0.9441379835,1.012138753
synthetic_20250706,synthetic,2025-07-06,adapted,3131,0.9784507636,4.749759875,1.661580666,2.76085031,0.003146162869,0.9968538371,3145.152493,3122.236387,0.9856322447,0.9784507636,0.944450379,1.012451148
synthetic_20250706,synthetic,2025-07-06,adapted,3132,0.9787633458,4.743720675,-0.1839848515,0.03385042556,0.002549969481,0.9974500305,3145.186343,3123.233837,0.9856428528,0.9787633458,0.9447629612,1.01276373
synthetic_20250706,synthetic,2025-07-06,adapted,3133,0.9790766247,4.741503627,1.514890023,2.294891783,0.0003270737591,0.9996729262,3147.481235,3124.233509,0.9863620292,0.9790766247,0.9450762401,1.013077009
synthetic_20250706,synthetic,2025-07-06,adapted,3134,0.9793893221,4.739715133,-0.3653075605,0.1334496137,0.002182643103,0.9978173569,3147.614685,3125.231327,0.9864038498,0.9793893221,0.9453889375,1.013389707
synthetic_20250706,synthetic,2025-07-06,adapted,3135,0.9797018781,4.735356203,-0.4472271553,0.2000121285,0.002633813927,0.9973661861,3147.814697,3126.228693,0.9864665299,0.9797018781,0.9457014935,1.013702263
synthetic_20250706,synthetic,2025-07-06,adapted,3136,0.9800137846,4.73442193,0.4519757379,0.2042820676,0.004706311823,0.9952936882,3148.018979,3127.223987,0.9865305481,0.9800137846,0.9460134,1.014014169
synthetic_20250706,synthetic,2025-07-06,adapted,3137,0.9803253729,4.732863172,0.6672227638,0.4451862165,0.005721695228,0.9942783048,3148.464165,3128.218265,0.9866700611,0.9803253729,0.9463249883,1.014325758
synthetic_20250706,synthetic,2025-07-06,adapted,3138,0.9806374747,4.731125246,-0.8594981636,0.7387370933,0.004083196263,0.9959168037,3149.202902,3129.214182,0.9869015676,0.9806374747,0.9466370901,1.014637859
synthetic_20250706,synthetic,2025-07-06,adapted,3139,0.9809498332,4.719861503,-0.8867457505,0.7863180261,0.003264177381,0.9967358226,3149.98922,3130.210918,0.987147985,0.9809498332,0.9469494486,1.014950218
synthetic_20250706,synthetic,2025-07-06,adapted,3140,0.9812621621,4.718655505,-0.3836124062,0.1471584782,0.00335846206,0.9966415379,3150.136379,3131.207559,0.9871941018,0.9812621621,0.9472617775,1.015262547
synthetic_20250706,synthetic,2025-07-06,adapted,3141,0.9815734923,4.711156098,0.3974459884,0.1579633137,0.006545371344,0.9934546287,3150.294342,3132.201014,0.9872436045,0.9815734923,0.9475731077,1.015573877
synthetic_20250706,synthetic,2025-07-06,adapted,3142,0.9818858548,4.709899835,-0.04064749035,0.001652218472,0.00325114626,0.9967488537,3150.295994,3133.197763,0.9872441223,0.9818858548,0.9478854702,1.015886239
synthetic_20250706,synthetic,2025-07-06,adapted,3143,0.9821982582,4.706706517,-0.3013788222,0.09082919449,0.003120799031,0.996879201,3150.386823,3134.194642,0.9872725865,0.9821982582,0.9481978736,1.016198643
synthetic_20250706,synthetic,2025-07-06,adapted,3144,0.9825105067,4.706098689,0.7774037543,0.6043565972,0.003615086298,0.9963849137,3150.99118,3135.191027,0.9874619806,0.9825105067,0.9485101221,1.016510891
synthetic_20250706,synthetic,2025-07-06,adapted,3145,0.9828235942,4.705747516,0.733273251,0.5376896607,0.000937524155,0.9990624758,3151.52887,3136.190089,0.9876304825,0.9828235942,0.9488232096,1.016823979
synthetic_20250706,synthetic,2025-07-06,adapted,3146,0.9831362779,4.694299302,-1.461590419,2.136246553,0.002226559613,0.9977734404,3153.665116,3137.187863,0.9882999424,0.9831362779,0.9491358933,1.017136662
synthetic_20250706,synthetic,2025-07-06,adapted,3147,0.9834484349,4.67279277,-0.3373220192,0.1137861446,0.003907030967,0.996092969,3153.778902,3138.183956,0.9883356009,0.9834484349,0.9494480503,1.017448819
synthetic_20250706,synthetic,2025-07-06,adapted,3148,0.9837614341,4.672304702,0.4240469643,0.179815828,0.001219475412,0.9987805246,3153.958718,3139.182736,0.9883919518,0.9837614341,0.9497610495,1.017761819
synthetic_20250706,synthetic,2025-07-06,adapted,3149,0.9840736196,4.671795947,1.836167038,3.371509393,0.003816101911,0.9961838981,3157.330228,3140.17892,0.9894485201,0.9840736196,0.950073235,1.018074004
synthetic_20250706,synthetic,2025-07-06,adapted,3150,0.9843856313,4.67151074,0.5091547531,0.2592385626,0.004370684925,0.9956293151,3157.589466,3141.174549,0.9895297606,0.9843856313,0.9503852467,1.018386016
synthetic_20250706,synthetic,2025-07-06,adapted,3151,0.9846969936,4.669967979,0.694620234,0.4824972695,0.006442938464,0.9935570615,3158.071963,3142.168106,0.9896809663,0.9846969936,0.950696609,1.018697378
synthetic_20250706,synthetic,2025-07-06,adapted,3152,0.9850095049,4.665532274,0.7874555308,0.620086213,0.002776222579,0.9972237774,3158.69205,3143.16533,0.9898752898,0.9850095049,0.9510091203,1.01900989
synthetic_20250706,synthetic,2025-07-06,adapted,3153,0.9853219,4.657854986,1.286382806,1.654780725,0.003147399943,0.9968526001,3160.34683,3144.162183,0.9903938672,0.9853219,0.9513215154,1.019322285
synthetic_20250706,synthetic,2025-07-06,adapted,3154,0.9856336476,4.652727293,0.1726696935,0.02981482306,0.005213403382,0.9947865966,3160.376645,3145.156969,0.9904032107,0.9856336476,0.951633263,1.019634032
synthetic_20250706,synthetic,2025-07-06,adapted,3155,0.9859468039,4.652038577,-0.5119290071,0.2620713083,0.0007182145949,0.9992817854,3160.638717,3146.156251,0.9904853389,0.9859468039,0.9519464193,1.019947188
synthetic_20250706,synthetic,2025-07-06,adapted,3156,0.986259038,4.649131215,-1.284622955,1.650256136,0.00366111137,0.9963388886,3162.288973,3147.15259,0.9910024985,0.986259038,0.9522586533,1.020259423
synthetic_20250706,synthetic,2025-07-06,adapted,3157,0.9865713635,4.642630385,-0.8446376315,0.7134127285,0.003369211975,0.996630788,3163.002385,3148.149221,0.9912260687,0.9865713635,0.9525709789,1.020571748
synthetic_20250706,synthetic,2025-07-06,adapted,3158,0.9868828619,4.63889031,-0.9688352708,0.938641782,0.006008490718,0.9939915093,3163.941027,3149.143212,0.9915202216,0.9868828619,0.9528824773,1.020883247
synthetic_20250706,synthetic,2025-07-06,adapted,3159,0.9871949664,4.637511356,-2.022420513,4.090184733,0.004074455041,0.995925545,3168.031212,3150.139138,0.9928020094,0.9871949664,0.9531945818,1.021195351
synthetic_20250706,synthetic,2025-07-06,adapted,3160,0.9875060445,4.635958696,0.7502459856,0.5628690389,0.007349915132,0.9926500849,3168.594081,3151.131788,0.992978402,0.9875060445,0.9535056599,1.021506429
synthetic_20250706,synthetic,2025-07-06,adapted,3161,0.987818331,4.626768861,0.2040059352,0.0416184216,0.003493741736,0.9965062583,3168.635699,3152.128294,0.9929914445,0.987818331,0.9538179464,1.021818716
synthetic_20250706,synthetic,2025-07-06,adapted,3162,0.9881316024,4.62094392,-2.073565322,4.299673144,0.0003510732027,0.9996489268,3172.935372,3153.127943,0.994338882,0.9881316024,0.9541312178,1.022131987
synthetic_20250706,synthetic,2025-07-06,adapted,3163,0.9884440245,4.613047651,-1.895637735,3.593442423,0.003060879685,0.9969391203,3176.528815,3154.124882,0.995465,0.9884440245,0.9544436399,1.022444409
synthetic_20250706,synthetic,2025-07-06,adapted,3164,0.9887564451,4.602368959,1.028074812,1.05693782,0.003065968309,0.9969340317,3177.585753,3155.121816,0.9957962246,0.9887564451,0.9547560605,1.02275683
synthetic_20250706,synthetic,2025-07-06,adapted,3165,0.9890687048,4.582938178,-0.2890283323,0.08353737687,0.003579340921,0.9964206591,3177.66929,3156.118237,0.9958224037,0.9890687048,0.9550683202,1.023069089
synthetic_20250706,synthetic,2025-07-06,adapted,3166,0.9893814658,4.582416137,-0.7794320059,0.6075142519,0.001979732148,0.9980202679,3178.276804,3157.116257,0.9960127873,0.9893814658,0.9553810812,1.02338185
synthetic_20250706,synthetic,2025-07-06,adapted,3167,0.989694242,4.58146747,0.9636660222,0.9286522024,0.001931143613,0.9980688564,3179.205457,3158.114326,0.9963038096,0.989694242,0.9556938574,1.023694627
synthetic_20250706,synthetic,2025-07-06,adapted,3168,0.9900064095,4.580560292,-1.148468626,1.318980185,0.00387347944,0.9961265206,3180.524437,3159.110453,0.9967171535,0.9900064095,0.9560060249,1.024006794
synthetic_20250706,synthetic,2025-07-06,adapted,3169,0.9903189612,4.575417755,0.4952190838,0.245241941,0.002647560133,0.9973524399,3180.769679,3160.107805,0.9967940077,0.9903189612,0.9563185766,1.024319346
synthetic_20250706,synthetic,2025-07-06,adapted,3170,0.9906318401,4.57285577,-0.5165819538,0.266856915,0.001603357098,0.9983966429,3181.036536,3161.106202,0.9968776357,0.9906318401,0.9566314555,1.024632225
synthetic_20250706,synthetic,2025-07-06,adapted,3171,0.9909442204,4.572280305,0.2244460745,0.05037604037,0.003194547216,0.9968054528,3181.086912,3162.103007,0.9968934226,0.9909442204,0.9569438358,1.024944605
synthetic_20250706,synthetic,2025-07-06,adapted,3172,0.9912566678,4.570315259,1.180555318,1.393710858,0.002980352167,0.9970196478,3182.480623,3163.100027,0.9973301857,0.9912566678,0.9572562832,1.025257052
synthetic_20250706,synthetic,2025-07-06,adapted,3173,0.9915681085,4.556134939,0.544675963,0.2966719047,0.006192687858,0.9938073121,3182.777294,3164.093834,0.9974231571,0.9915681085,0.9575677239,1.025568493
synthetic_20250706,synthetic,2025-07-06,adapted,3174,0.9918806791,4.552768021,1.417995863,2.010712267,0.002587252365,0.9974127476,3184.788007,3165.091247,0.9980532769,0.9918806791,0.9578802945,1.025881064
synthetic_20250706,synthetic,2025-07-06,adapted,3175,0.992193009,4.551808152,-0.7743854524,0.5996728288,0.003355084957,0.996644915,3185.38768,3166.087892,0.9982412032,0.992193009,0.9581926244,1.026193394
synthetic_20250706,synthetic,2025-07-06,adapted,3176,0.9925048884,4.55150935,3.614012819,13.06108866,0.004792930377,0.9952070696,3198.448768,3167.083099,1.002334305,0.9925048884,0.9585045038,1.026505273
synthetic_20250706,synthetic,2025-07-06,adapted,3177,0.9928170502,4.548835307,1.074230718,1.153971636,0.003891681234,0.9961083188,3199.60274,3168.079207,1.002695939,0.9928170502,0.9588166656,1.026817435
synthetic_20250706,synthetic,2025-07-06,adapted,3178,0.9931290573,4.545993327,-1.405796202,1.976262962,0.004385397372,0.9956146026,3201.579003,3169.074822,1.003315263,0.9931290573,0.9591286727,1.027129442
synthetic_20250706,synthetic,2025-07-06,adapted,3179,0.993441971,4.536034199,0.5604226926,0.3140735944,0.00149235131,0.9985076487,3201.893076,3170.073329,1.003413687,0.993441971,0.9594415864,1.027442356
synthetic_20250706,synthetic,2025-07-06,adapted,3180,0.993754211,4.533381206,-0.7908511586,0.6254455551,0.003642063084,0.9963579369,3202.518522,3171.069687,1.00360969,0.993754211,0.9597538264,1.027754596
synthetic_20250706,synthetic,2025-07-06,adapted,3181,0.994066597,4.523297098,0.8481082675,0.7192876334,0.003176403372,0.9968235966,3203.23781,3172.066511,1.003835102,0.994066597,0.9600662124,1.028066982
synthetic_20250706,synthetic,2025-07-06,adapted,3182,0.994378939,4.515107649,1.223608419,1.497217564,0.003316635734,0.9966833643,3204.735027,3173.063194,1.004304302,0.994378939,0.9603785544,1.028379324
synthetic_20250706,synthetic,2025-07-06,adapted,3183,0.9946908964,4.511814239,0.03854839722,0.001485978929,0.004544106728,0.9954558933,3204.736513,3174.05865,1.004304767,0.9946908964,0.9606905118,1.028691281
synthetic_20250706,synthetic,2025-07-06,adapted,3184,0.9950033161,4.508773121,-0.06324238343,0.003999599061,0.003068592531,0.9969314075,3204.740513,3175.055582,1.004306021,0.9950033161,0.9610029315,1.029003701
synthetic_20250706,synthetic,2025-07-06,adapted,3185,0.9953155979,4.497683807,-1.804523117,3.256303679,0.003508821026,0.996491179,3207.996816,3176.052073,1.005326486,0.9953155979,0.9613152133,1.029315982
synthetic_20250706,synthetic,2025-07-06,adapted,3186,0.995627862,4.495937216,-0.07442170888,0.005538590752,0.003565265474,0.9964347345,3208.002355,3177.048508,1.005328222,0.995627862,0.9616274774,1.029628247
synthetic_20250706,synthetic,2025-07-06,adapted,3187,0.9959402033,4.487146485,0.7302503225,0.5332655335,0.003318938689,0.9966810613,3208.53562,3178.045189,1.005495337,0.9959402033,0.9619398187,1.029940588
synthetic_20250706,synthetic,2025-07-06,adapted,3188,0.996252713,4.470999507,0.3690368163,0.1361881718,0.002781535562,0.9972184644,3208.671809,3179.042407,1.005538016,0.996252713,0.9622523284,1.030253098
synthetic_20250706,synthetic,2025-07-06,adapted,3189,0.9965650717,4.437695749,-0.2967434637,0.08805668323,0.00326345781,0.9967365422,3208.759865,3180.039144,1.005565611,0.9965650717,0.9625646871,1.030565456
synthetic_20250706,synthetic,2025-07-06,adapted,3190,0.9968770534,4.430885464,-1.693533048,2.868054186,0.004466326285,0.9955336737,3211.62792,3181.034677,1.006464406,0.9968770534,0.9628766688,1.030877438
synthetic_20250706,synthetic,2025-07-06,adapted,3191,0.997189309,4.422852022,0.3665271958,0.1343421853,0.003592353385,0.9964076466,3211.762262,3182.031085,1.006506506,0.997189309,0.9631889244,1.031189694
synthetic_20250706,synthetic,2025-07-06,adapted,3192,0.9975015233,4.391402236,-0.788633566,0.6219429014,0.003724269621,0.9962757304,3212.384205,3183.027361,1.006701412,0.9975015233,0.9635011387,1.031501908
synthetic_20250706,synthetic,2025-07-06,adapted,3193,0.9978138848,4.34811594,0.1758247219,0.03091433282,0.00325433764,0.9967456624,3212.415119,3184.024106,1.0067111,0.9978138848,0.9638135002,1.031814269
synthetic_20250706,synthetic,2025-07-06,adapted,3194,0.9981263407,4.329690511,1.232995167,1.520277082,0.002953062164,0.9970469378,3213.935396,3185.021153,1.007187526,0.9981263407,0.9641259561,1.032126725
synthetic_20250706,synthetic,2025-07-06,adapted,3195,0.9984385983,4.31833212,2.477503785,6.138025004,0.003586228862,0.9964137711,3220.073421,3186.017567,1.009111069,0.9984385983,0.9644382137,1.032438983
synthetic_20250706,synthetic,2025-07-06,adapted,3196,0.9987509372,4.301265996,0.8177867302,0.6687751361,0.003326418594,0.9966735814,3220.742196,3187.014241,1.009320651,0.9987509372,0.9647505526,1.032751322
synthetic_20250706,synthetic,2025-07-06,adapted,3197,0.999063295,4.258408178,-0.1300063759,0.01690165778,0.003266307071,0.9967336929,3220.759098,3188.010974,1.009325947,0.999063295,0.9650629104,1.03306368
synthetic_20250706,synthetic,2025-07-06,adapted,3198,0.9993755299,4.216365419,0.85195076,0.7258200974,0.003658344026,0.996341656,3221.484918,3189.007316,1.009553406,0.9993755299,0.9653751453,1.033375915
synthetic_20250706,synthetic,2025-07-06,adapted,3199,0.9996877949,4.174626885,-1.057904242,1.119161385,0.003562518407,0.9964374816,3222.604079,3190.003753,1.00990413,0.9996877949,0.9656874103,1.033688179
synthetic_20250706,synthetic,2025-07-06,adapted,3200,1,4.14847457,-0.1396880891,0.01951276224,0.003753478942,0.9962465211,3222.623592,3191,1.009910245,1,0.9659996154,1.034000385
