dataset_id,data_kind,date,method,index,frac_index,eigenvalue,whitened_score,squared_score,leverage,expected_increment,cumulative_squared_score,expected,scaled_cumulative,scaled_expected,scaled_band_lower,scaled_band_upper
synthetic_20250706,synthetic,2025-07-06,union,1,0.0002569726564,31.52270352,-0.6106729089,0.3729214017,0.1800002533,0.8199997467,0.3729214017,0.8199997467,0.0001168666254,0.0002569726564,-0.03374341194,0.03425735726
synthetic_20250706,synthetic,2025-07-06,union,2,0.0005171964536,30.7186019,-1.442811375,2.081704664,0.1696258632,0.8303741368,2.454626066,1.650373884,0.0007692341166,0.0005171964536,-0.03348318815,0.03451758105
synthetic_20250706,synthetic,2025-07-06,union,3,0.0007494058809,29.97909688,-1.217234513,1.48165986,0.2590197177,0.7409802823,3.936285926,2.391354166,0.001233558736,0.0007494058809,-0.03325097872,0.03474979048
synthetic_20250706,synthetic,2025-07-06,union,4,0.001021922447,29.83189835,-3.829068255,14.6617637,0.1303996374,0.8696003626,18.59804962,3.260954528,0.005828282552,0.001021922447,-0.03297846215,0.03502230705
synthetic_20250706,synthetic,2025-07-06,union,5,0.001301720058,29.64555262,-3.289873507,10.82326769,0.1071658246,0.8928341754,29.42131732,4.153788704,0.009220093174,0.001301720058,-0.03269866454,0.03530210466
synthetic_20250706,synthetic,2025-07-06,union,6,0.001593871353,29.34619469,0.8108744216,0.6575173276,0.06774521721,0.9322547828,30.07883464,5.086043487,0.009426146864,0.001593871353,-0.03240651325,0.03559425595
synthetic_20250706,synthetic,2025-07-06,union,7,0.001899647527,29.22330844,-1.992080326,3.968384026,0.02426822872,0.9757317713,34.04721867,6.061775258,0.01066976455,0.001899647527,-0.03210073707,0.03590003213
synthetic_20250706,synthetic,2025-07-06,union,8,0.002199441512,29.11200338,-2.195890097,4.821933318,0.04335739211,0.9566426079,38.86915199,7.018417866,0.01218086869,0.002199441512,-0.03180094309,0.03619982611
synthetic_20250706,synthetic,2025-07-06,union,9,0.002498597609,28.77301714,-2.90344726,8.430005992,0.04539289527,0.9546071047,47.29915798,7.973024971,0.01482267564,0.002498597609,-0.03150178699,0.03649898221
synthetic_20250706,synthetic,2025-07-06,union,10,0.002738548302,28.4906038,-0.535709157,0.2869843009,0.2343173379,0.7656826621,47.58614228,8.738707633,0.01491261118,0.002738548302,-0.0312618363,0.0367389329
synthetic_20250706,synthetic,2025-07-06,union,11,0.003041662468,28.39379388,3.615326196,13.07058351,0.03276269806,0.9672373019,60.65672579,9.705944935,0.01900868875,0.003041662468,-0.03095872213,0.03704204707
synthetic_20250706,synthetic,2025-07-06,union,12,0.003352227484,28.37270463,0.08175184355,0.006683363925,0.008987033197,0.9910129668,60.66340915,10.6969579,0.01901078319,0.003352227484,-0.03064815712,0.03735261208
synthetic_20250706,synthetic,2025-07-06,union,13,0.003649730648,28.02565492,-3.964603864,15.7180838,0.05066740394,0.9493325961,76.38149295,11.6462905,0.02393653806,0.003649730648,-0.03035065395,0.03765011525
synthetic_20250706,synthetic,2025-07-06,union,14,0.003962122326,27.85382422,1.826253157,3.335200594,0.003158155924,0.9968418441,79.71669355,12.64313234,0.02498172784,0.003962122326,-0.03003826227,0.03796250693
synthetic_20250706,synthetic,2025-07-06,union,15,0.004266080717,27.76796062,1.201735741,1.444168792,0.030068772,0.969931228,81.16086234,13.61306357,0.02543430346,0.004266080717,-0.02973430388,0.03826646532
synthetic_20250706,synthetic,2025-07-06,union,16,0.004578848563,27.63474684,0.8796898811,0.773854287,0.001957803948,0.9980421961,81.93471662,14.61110577,0.02567681499,0.004578848563,-0.02942153604,0.03857923316
synthetic_20250706,synthetic,2025-07-06,union,17,0.004891457334,27.58876585,0.3565274734,0.1271118393,0.002465413625,0.9975345864,82.06182846,15.60864035,0.02571664947,0.004891457334,-0.02910892727,0.03889184193
synthetic_20250706,synthetic,2025-07-06,union,18,0.005204028411,27.28525596,4.226670827,17.86474628,0.002585692391,0.9974143076,99.92657474,16.60605466,0.03131512841,0.005204028411,-0.02879635619,0.03920441301
synthetic_20250706,synthetic,2025-07-06,union,19,0.00551571855,26.96827781,-0.5706167871,0.3256035177,0.005396765982,0.994603234,100.2521783,17.60065789,0.03141716649,0.00551571855,-0.02848466605,0.03951610315
synthetic_20250706,synthetic,2025-07-06,union,20,0.005827091286,26.90587729,-3.01646445,9.099057775,0.006409601128,0.9935903989,109.351236,18.59424829,0.03426864182,0.005827091286,-0.02817329331,0.03982747589
synthetic_20250706,synthetic,2025-07-06,union,21,0.006136304011,26.71506541,-1.508813198,2.276517266,0.01330219235,0.9866978077,111.6277533,19.5809461,0.03498205995,0.006136304011,-0.02786408059,0.04013668861
synthetic_20250706,synthetic,2025-07-06,union,22,0.006447083444,26.67444147,-2.524743627,6.37433038,0.008302830601,0.9916971694,118.0020837,20.57264327,0.03697965643,0.006447083444,-0.02755330116,0.04044746804
synthetic_20250706,synthetic,2025-07-06,union,23,0.006760088678,26.6064135,1.195465141,1.429136904,0.001200298599,0.9987997014,119.4312206,21.57144297,0.03742752134,0.006760088678,-0.02724029592,0.04076047328
synthetic_20250706,synthetic,2025-07-06,union,24,0.007067577292,26.39227252,-0.3838651489,0.1473524526,0.01880383209,0.9811961679,119.578573,22.55263914,0.03747369885,0.007067577292,-0.02693280731,0.04106796189
synthetic_20250706,synthetic,2025-07-06,union,25,0.007379685476,26.26879087,1.257702477,1.58181552,0.004062784317,0.9959372157,121.1603886,23.54857635,0.03796941039,0.007379685476,-0.02662069912,0.04138007008
synthetic_20250706,synthetic,2025-07-06,union,26,0.007691768398,26.11579665,-1.625005376,2.640642473,0.004143397629,0.9958566024,123.801031,24.54443296,0.03879693859,0.007691768398,-0.0263086162,0.041692153
synthetic_20250706,synthetic,2025-07-06,union,27,0.007997452951,25.87113534,1.212062756,1.469096123,0.02456058988,0.9754394101,125.2701272,25.51987237,0.03925732596,0.007997452951,-0.02600293165,0.04199783755
synthetic_20250706,synthetic,2025-07-06,union,28,0.008309729768,25.81389237,1.308167193,1.711301404,0.003524676434,0.9964753236,126.9814286,26.51634769,0.03979361597,0.008309729768,-0.02569065483,0.04231011437
synthetic_20250706,synthetic,2025-07-06,union,29,0.008617987386,25.78639107,-0.5870442207,0.344620917,0.01634994051,0.9836500595,127.3260495,27.49999775,0.03990161375,0.008617987386,-0.02538239721,0.04261837199
synthetic_20250706,synthetic,2025-07-06,union,30,0.008931211789,25.4667042,0.9295301347,0.8640262712,0.000500930265,0.9994990697,128.1900757,28.49949682,0.0401723835,0.008931211789,-0.02506917281,0.04293159639
synthetic_20250706,synthetic,2025-07-06,union,31,0.009243892309,25.34812176,2.100064795,4.410272144,0.002236461383,0.9977635386,132.6003479,29.49726036,0.04155448069,0.009243892309,-0.02475649229,0.04324427691
synthetic_20250706,synthetic,2025-07-06,union,32,0.009551052869,25.329623,0.01428414195,0.0002040367114,0.01985065386,0.9801493461,132.6005519,30.4774097,0.04155454463,0.009551052869,-0.02444933173,0.04355143747
synthetic_20250706,synthetic,2025-07-06,union,33,0.009856837044,25.16754581,2.096160678,4.39388959,0.02424269666,0.9757573033,136.9944415,31.45316701,0.04293150784,0.009856837044,-0.02414354756,0.04385722164
synthetic_20250706,synthetic,2025-07-06,union,34,0.01016889303,24.9864959,1.128272883,1.272999698,0.004229359013,0.995770641,138.2674412,32.44893765,0.04333044225,0.01016889303,-0.02383149157,0.04416927763
synthetic_20250706,synthetic,2025-07-06,union,35,0.01047844451,24.93779235,0.6553781082,0.4295204647,0.01222120892,0.9877787911,138.6969617,33.43671644,0.04346504597,0.01047844451,-0.02352194009,0.04447882911
synthetic_20250706,synthetic,2025-07-06,union,36,0.01079155576,24.83131889,2.400157865,5.760757778,0.00086202357,0.9991379764,144.4577195,34.43585442,0.04527036022,0.01079155576,-0.02320882884,0.04479194036
synthetic_20250706,synthetic,2025-07-06,union,37,0.01110387767,24.66412232,-0.3871104711,0.1498545168,0.003380771061,0.9966192289,144.607574,35.43247365,0.04531732183,0.01110387767,-0.02289650693,0.04510426227
synthetic_20250706,synthetic,2025-07-06,union,38,0.01141304082,24.55552337,-0.863828822,0.7462002337,0.01346038565,0.9865396143,145.3537742,36.41901326,0.0455511671,0.01141304082,-0.02258734378,0.04541342542
synthetic_20250706,synthetic,2025-07-06,union,39,0.01172434349,24.39876658,-0.5566743236,0.3098863026,0.006633186426,0.9933668136,145.6636605,37.41238007,0.0456482797,0.01172434349,-0.02227604111,0.04572472809
synthetic_20250706,synthetic,2025-07-06,union,40,0.01203571189,24.3436148,-2.151488924,4.628904588,0.00642343073,0.9935765693,150.2925651,38.40595664,0.04709889223,0.01203571189,-0.02196467271,0.04603609649
synthetic_20250706,synthetic,2025-07-06,union,41,0.01234865083,24.16864833,-1.372389884,1.883453994,0.001411844026,0.998588156,152.1760191,39.4045448,0.04768913165,0.01234865083,-0.02165173377,0.04634903543
synthetic_20250706,synthetic,2025-07-06,union,42,0.01266120525,24.14196527,-0.3117137286,0.0971654486,0.002638837148,0.9973611629,152.2731845,40.40190596,0.04771958149,0.01266120525,-0.02133917935,0.04666158985
synthetic_20250706,synthetic,2025-07-06,union,43,0.01297433984,24.04693608,2.991956903,8.951806112,0.0007875333932,0.9992124666,161.2249907,41.40111843,0.05052491089,0.01297433984,-0.02102604476,0.04697472444
synthetic_20250706,synthetic,2025-07-06,union,44,0.013286973,23.89536875,0.03972386561,0.001577985499,0.002387597862,0.9976124021,161.2265686,42.39873083,0.0505254054,0.013286973,-0.0207134116,0.0472873576
synthetic_20250706,synthetic,2025-07-06,union,45,0.01359907368,23.85512956,1.133932788,1.285803567,0.004086723464,0.9959132765,162.5123722,43.39464411,0.0509283523,0.01359907368,-0.02040131092,0.04759945828
synthetic_20250706,synthetic,2025-07-06,union,46,0.01391020115,23.66530599,-0.1042704273,0.010872322,0.007192224172,0.9928077758,162.5232445,44.38745188,0.05093175949,0.01391020115,-0.02009018345,0.04791058575
synthetic_20250706,synthetic,2025-07-06,union,47,0.01422098117,23.56472884,-2.402897843,5.773918044,0.008300977853,0.9916990221,168.2971626,45.3791509,0.05274119792,0.01422098117,-0.01977940343,0.04822136577
synthetic_20250706,synthetic,2025-07-06,union,48,0.01453205912,23.47125456,-1.050597276,1.103754636,0.007350239098,0.9926497609,169.4009172,46.37180067,0.05308709408,0.01453205912,-0.01946832548,0.04853244372
synthetic_20250706,synthetic,2025-07-06,union,49,0.01484413967,23.43075653,-0.1067276019,0.01139078101,0.004150965059,0.9958490349,169.412308,47.3676497,0.05309066374,0.01484413967,-0.01915624493,0.04884452427
synthetic_20250706,synthetic,2025-07-06,union,50,0.01515539132,23.22238194,-1.590855929,2.530822587,0.006795989364,0.9932040106,171.9431306,48.36085371,0.05388377643,0.01515539132,-0.01884499328,0.04915577592
synthetic_20250706,synthetic,2025-07-06,union,51,0.01546839575,23.12354555,1.997292617,3.9891778,0.001202885793,0.9987971142,175.9323084,49.35965083,0.05513391049,0.01546839575,-0.01853198885,0.04946878035
synthetic_20250706,synthetic,2025-07-06,union,52,0.0157795049,23.08672529,1.604646359,2.574889938,0.007250696818,0.9927493032,178.5071983,50.35240013,0.05594083307,0.0157795049,-0.0182208797,0.0497798895
synthetic_20250706,synthetic,2025-07-06,union,53,0.01608802891,23.03156978,0.1860161169,0.03460199574,0.01549987081,0.9845001292,178.5418003,51.33690026,0.05595167669,0.01608802891,-0.01791235569,0.05008841351
synthetic_20250706,synthetic,2025-07-06,union,54,0.01640031989,22.86885226,-2.290619736,5.246938776,0.003479493289,0.9965205067,183.7887391,52.33342076,0.05759596963,0.01640031989,-0.01760006471,0.05040070449
synthetic_20250706,synthetic,2025-07-06,union,55,0.01671247612,22.71721218,0.2466198641,0.06082135738,0.003909455411,0.9960905446,183.8495604,53.32951131,0.05761502991,0.01671247612,-0.01728790848,0.05071286072
synthetic_20250706,synthetic,2025-07-06,union,56,0.0170244851,22.63407221,0.6100805803,0.3721983145,0.004379357269,0.9956206427,184.2217588,54.32513195,0.05773166993,0.0170244851,-0.0169758995,0.0510248697
synthetic_20250706,synthetic,2025-07-06,union,57,0.01733559789,22.57329412,0.7361902699,0.5419761135,0.007239074081,0.9927609259,184.7637349,55.31789288,0.05790151516,0.01733559789,-0.01666478671,0.05133598249
synthetic_20250706,synthetic,2025-07-06,union,58,0.01764810676,22.52403297,-0.2284689848,0.05219807702,0.002784196613,0.9972158034,184.8159329,56.31510868,0.05791787306,0.01764810676,-0.01635227784,0.05164849136
synthetic_20250706,synthetic,2025-07-06,union,59,0.01795944777,22.39187941,-0.6966538924,0.4853266458,0.006510845765,0.9934891542,185.3012596,57.30859784,0.0580699654,0.01795944777,-0.01604093683,0.05195983237
synthetic_20250706,synthetic,2025-07-06,union,60,0.01827176715,22.3430788,-1.918065171,3.678974001,0.003388847765,0.9966111522,188.9802336,58.30520899,0.05922288737,0.01827176715,-0.01572861745,0.05227215175
synthetic_20250706,synthetic,2025-07-06,union,61,0.01858261373,22.26935988,3.553132625,12.62475145,0.008088586468,0.9919114135,201.604985,59.2971204,0.06317924947,0.01858261373,-0.01541777087,0.05258299833
synthetic_20250706,synthetic,2025-07-06,union,62,0.0188957947,22.20414434,-1.39990041,1.959721159,0.0006394992468,0.9993605008,203.5647062,60.2964809,0.0637933896,0.0188957947,-0.0151045899,0.0528961793
synthetic_20250706,synthetic,2025-07-06,union,63,0.01920761645,22.1477156,1.97377403,3.895783921,0.004976804776,0.9950231952,207.4604901,61.2915041,0.06501425576,0.01920761645,-0.01479276815,0.05320800105
synthetic_20250706,synthetic,2025-07-06,union,64,0.01951968424,22.05151102,0.4641177407,0.2154052772,0.004191684029,0.995808316,207.6758954,62.28731241,0.06508175976,0.01951968424,-0.01448070036,0.05352006884
synthetic_20250706,synthetic,2025-07-06,union,65,0.01983188489,21.98294052,-0.6809844796,0.4637398615,0.003767720629,0.9962322794,208.1396353,63.28354469,0.0652270872,0.01983188489,-0.01416849971,0.05383226949
synthetic_20250706,synthetic,2025-07-06,union,66,0.02014439836,21.82148137,2.072178914,4.293925452,0.002769520679,0.9972304793,212.4335607,64.28077517,0.06657272351,0.02014439836,-0.01385598624,0.05414478296
synthetic_20250706,synthetic,2025-07-06,union,67,0.02045735663,21.76000665,-0.9801013731,0.9605987016,0.001350171709,0.9986498283,213.3941594,65.279425,0.06687375726,0.02045735663,-0.01354302797,0.05445774123
synthetic_20250706,synthetic,2025-07-06,union,68,0.02076808757,21.68590039,1.294226574,1.675022424,0.008457556165,0.9915424438,215.0691818,66.27096744,0.06739867811,0.02076808757,-0.01323229703,0.05476847217
synthetic_20250706,synthetic,2025-07-06,union,69,0.02108017693,21.53817893,2.475357709,6.127395787,0.004122867444,0.9958771326,221.1965776,67.26684458,0.06931888989,0.02108017693,-0.01292020767,0.05508056153
synthetic_20250706,synthetic,2025-07-06,union,70,0.0213901209,21.48601138,-0.3215202556,0.1033752748,0.01096879077,0.9890312092,221.2999529,68.25587579,0.06935128577,0.0213901209,-0.0126102637,0.0553905055
synthetic_20250706,synthetic,2025-07-06,union,71,0.02170318576,21.44815282,-1.515261049,2.296016046,0.001010017465,0.9989899825,223.595969,69.25486577,0.07007081446,0.02170318576,-0.01229719884,0.05570357036
synthetic_20250706,synthetic,2025-07-06,union,72,0.0220148038,21.36992963,0.6368539288,0.4055829266,0.005626832919,0.9943731671,224.0015519,70.24923894,0.0701979166,0.0220148038,-0.0119855808,0.0560151884
synthetic_20250706,synthetic,2025-07-06,union,73,0.02232750541,21.32426141,1.310612576,1.717705324,0.002169184373,0.9978308156,225.7192572,71.24706975,0.07073621348,0.02232750541,-0.01167287919,0.05632789001
synthetic_20250706,synthetic,2025-07-06,union,74,0.02263850362,21.2580892,-1.214306598,1.474540514,0.007604687227,0.9923953128,227.1937977,72.23946506,0.07119830702,0.02263850362,-0.01136188098,0.05663888822
synthetic_20250706,synthetic,2025-07-06,union,75,0.0229510423,21.2271972,0.6224261114,0.3874142641,0.002689093608,0.9973109064,227.581212,73.23677597,0.07131971544,0.0229510423,-0.0110493423,0.0569514269
synthetic_20250706,synthetic,2025-07-06,union,76,0.02325902186,21.14227857,-0.42200327,0.1780867599,0.01723721129,0.9827627887,227.7592987,74.21953876,0.07137552452,0.02325902186,-0.01074136274,0.05725940646
synthetic_20250706,synthetic,2025-07-06,union,77,0.02356897722,21.02784942,-1.639828128,2.68903629,0.01093245783,0.9890675422,230.448335,75.2086063,0.07221821844,0.02356897722,-0.01043140738,0.05756936182
synthetic_20250706,synthetic,2025-07-06,union,78,0.02388182557,20.95890062,-1.434920108,2.058995716,0.001700909812,0.9982990902,232.5073307,76.20690539,0.07286346937,0.02388182557,-0.01011855903,0.05788221017
synthetic_20250706,synthetic,2025-07-06,union,79,0.02419405232,20.85327015,1.854666501,3.439787828,0.003684448773,0.9963155512,235.9471186,77.20322094,0.07394143484,0.02419405232,-0.009806332284,0.05819443692
synthetic_20250706,synthetic,2025-07-06,union,80,0.02450420886,20.79974158,2.25037377,5.064182104,0.01029045855,0.9897095415,241.0113007,78.19293048,0.07552845524,0.02450420886,-0.009496175737,0.05850459346
synthetic_20250706,synthetic,2025-07-06,union,81,0.02481640642,20.72227155,0.9319348268,0.8685025215,0.00377758612,0.9962224139,241.8798032,79.1891529,0.07580062777,0.02481640642,-0.009183978177,0.05881679102
synthetic_20250706,synthetic,2025-07-06,union,82,0.02512972168,20.67666563,-1.403160298,1.968858822,0.0002110169351,0.9997889831,243.848662,80.18894188,0.07641763147,0.02512972168,-0.00887066292,0.05913010628
synthetic_20250706,synthetic,2025-07-06,union,83,0.02544260798,20.66285163,-0.5654546488,0.3197389598,0.001579805573,0.9984201944,244.168401,81.18736208,0.07651783171,0.02544260798,-0.008557776617,0.05944299258
synthetic_20250706,synthetic,2025-07-06,union,84,0.02575552,20.48122414,0.1212063376,0.01469097628,0.001497761052,0.9985022389,244.183092,82.18586431,0.07652243559,0.02575552,-0.008244864602,0.0597559046
synthetic_20250706,synthetic,2025-07-06,union,85,0.02606836969,20.43105603,0.6091799396,0.3711001988,0.001696640822,0.9983033592,244.5541922,83.18416767,0.07663873148,0.02606836969,-0.007932014913,0.06006875429
synthetic_20250706,synthetic,2025-07-06,union,86,0.02637803606,20.38157344,0.422594261,0.1785859094,0.01185460836,0.9881453916,244.7327781,84.17231306,0.07669469698,0.02637803606,-0.007622348541,0.06037842066
synthetic_20250706,synthetic,2025-07-06,union,87,0.02669120885,20.36350895,1.56395123,2.445943449,0.0006656309197,0.9993343691,247.1787215,85.17164743,0.07746121013,0.02669120885,-0.007309175752,0.06069159345
synthetic_20250706,synthetic,2025-07-06,union,88,0.02698906383,20.30183779,0.3823374269,0.146181908,0.04954475779,0.9504552422,247.3249034,86.12210268,0.07750702082,0.02698906383,-0.007011320772,0.06098944843
synthetic_20250706,synthetic,2025-07-06,union,89,0.02729935722,20.26872933,1.652516843,2.730811918,0.009853793741,0.9901462063,250.0557153,87.11224888,0.07836280644,0.02729935722,-0.006701027382,0.06129974182
synthetic_20250706,synthetic,2025-07-06,union,90,0.02760764741,20.21352434,0.1267047398,0.01605409108,0.01624599563,0.9837540044,250.0717694,88.09600289,0.07836783749,0.02760764741,-0.00639273719,0.06160803201
synthetic_20250706,synthetic,2025-07-06,union,91,0.02792045486,20.12667487,-1.576288152,2.484684338,0.001831416354,0.9981685836,252.5564538,89.09417147,0.07914649131,0.02792045486,-0.006079929736,0.06192083946
synthetic_20250706,synthetic,2025-07-06,union,92,0.02822924354,20.10060575,0.7875993335,0.6203127101,0.01465534986,0.9853446501,253.1767665,90.07951612,0.07934088577,0.02822924354,-0.005771141065,0.06222962814
synthetic_20250706,synthetic,2025-07-06,union,93,0.02852770877,20.01293111,1.860774101,3.462480257,0.04759743618,0.9524025638,256.6392467,91.03191868,0.08042596263,0.02852770877,-0.00547267583,0.06252809337
synthetic_20250706,synthetic,2025-07-06,union,94,0.02883523983,19.9505312,-2.826881008,7.991256232,0.01866837219,0.9813316278,264.630503,92.01325031,0.08293027357,0.02883523983,-0.005165144766,0.06283562443
synthetic_20250706,synthetic,2025-07-06,union,95,0.02913950563,19.93706151,-0.1453002698,0.0211121684,0.02908783924,0.9709121608,264.6516151,92.98416247,0.08293688973,0.02913950563,-0.004860878968,0.06313989023
synthetic_20250706,synthetic,2025-07-06,union,96,0.02945265244,19.86714167,-1.53740187,2.363604511,0.0007485493573,0.9992514506,267.0152196,93.98341392,0.08367759939,0.02945265244,-0.004547732164,0.06345303704
synthetic_20250706,synthetic,2025-07-06,union,97,0.02975945358,19.77951388,-0.3045043513,0.09272289994,0.02099753517,0.9790024648,267.1079425,94.96241639,0.08370665702,0.02975945358,-0.004240931016,0.06375983818
synthetic_20250706,synthetic,2025-07-06,union,98,0.03006224872,19.75631511,-0.5931139057,0.3517841052,0.0337807163,0.9662192837,267.4597267,95.92863567,0.08381689961,0.03006224872,-0.003938135878,0.06406263332
synthetic_20250706,synthetic,2025-07-06,union,99,0.03037339823,19.72412314,2.480169173,6.151239129,0.007121909468,0.9928780905,273.6109658,96.92151376,0.08574458345,0.03037339823,-0.003626986367,0.06437378283
synthetic_20250706,synthetic,2025-07-06,union,100,0.03067330011,19.60713907,-2.014199048,4.056997807,0.04301309577,0.9569869042,277.6679636,97.87850067,0.08701597104,0.03067330011,-0.003327084485,0.06467368472
synthetic_20250706,synthetic,2025-07-06,union,101,0.03098297848,19.58216538,1.115847237,1.245115056,0.01181633131,0.9881836687,278.9130786,98.86668434,0.08740616692,0.03098297848,-0.003017406118,0.06498336308
synthetic_20250706,synthetic,2025-07-06,union,102,0.03129566946,19.53043457,-1.568304592,2.459579293,0.002203092692,0.9977969073,281.3726579,99.86448124,0.08817695329,0.03129566946,-0.002704715142,0.06529605406
synthetic_20250706,synthetic,2025-07-06,union,103,0.03160457464,19.50721279,0.6818549902,0.4649262277,0.01428355629,0.9857164437,281.8375842,100.8501977,0.08832265251,0.03160457464,-0.002395809957,0.06560495924
synthetic_20250706,synthetic,2025-07-06,union,104,0.03189823427,19.43202738,-1.456165458,2.120417842,0.06293212191,0.9370678781,283.958002,101.7872656,0.08898715199,0.03189823427,-0.002102150327,0.06589861887
synthetic_20250706,synthetic,2025-07-06,union,105,0.03220669169,19.41213454,0.3537011667,0.1251045153,0.01571237564,0.9842876244,284.0831065,102.7715532,0.08902635742,0.03220669169,-0.001793692908,0.06620707629
synthetic_20250706,synthetic,2025-07-06,union,106,0.03250870162,19.38471833,0.3407876226,0.1161362037,0.03628633454,0.9637136655,284.1992427,103.7352669,0.08906275234,0.03250870162,-0.001491682985,0.06650908622
synthetic_20250706,synthetic,2025-07-06,union,107,0.03282038342,19.36253962,1.557624907,2.426195352,0.005423365784,0.9945766342,286.6254381,104.7298435,0.0898230768,0.03282038342,-0.001180001182,0.06682076802
synthetic_20250706,synthetic,2025-07-06,union,108,0.03313221577,19.30456072,0.4317352306,0.1863953093,0.004942950756,0.9950570492,286.8118334,105.7249005,0.08988148962,0.03313221577,-0.0008681688253,0.06713260038
synthetic_20250706,synthetic,2025-07-06,union,109,0.03344489258,19.24694395,0.7362982407,0.5421350992,0.002248319026,0.997751681,287.3539685,106.7226522,0.09005138467,0.03344489258,-0.0005554920215,0.06744527718
synthetic_20250706,synthetic,2025-07-06,union,110,0.03375209956,19.22696787,-0.3566494371,0.127198821,0.01970253663,0.9802974634,287.4811673,107.7029497,0.09009124641,0.03375209956,-0.0002482850445,0.06775248416
synthetic_20250706,synthetic,2025-07-06,union,111,0.03405372591,19.20214547,3.375253185,11.39233406,0.03751031794,0.9624896821,298.8735014,108.6654394,0.09366139184,0.03405372591,5.334130521e-05,0.06805411051
synthetic_20250706,synthetic,2025-07-06,union,112,0.03435885397,19.14758402,-0.8830053624,0.7796984701,0.02633636189,0.9736636381,299.6531998,109.639103,0.09390573483,0.03435885397,0.0003584693648,0.06835923857
synthetic_20250706,synthetic,2025-07-06,union,113,0.03467083109,19.0665031,-0.1424161933,0.02028237211,0.00448100297,0.995518997,299.6734822,110.634622,0.09391209095,0.03467083109,0.000670446487,0.06867121569
synthetic_20250706,synthetic,2025-07-06,union,114,0.03498392169,19.04120494,0.8463205575,0.7162584861,0.000927885801,0.9990721142,300.3897407,111.6336941,0.09413655302,0.03498392169,0.00098353709,0.06898430629
synthetic_20250706,synthetic,2025-07-06,union,115,0.03529686295,19.01559153,-1.841573453,3.391392783,0.001404437655,0.9985955623,303.7811335,112.6322897,0.09519935239,0.03529686295,0.001296478351,0.06929724755
synthetic_20250706,synthetic,2025-07-06,union,116,0.03560983915,18.9932823,-0.3508237851,0.1230773282,0.001292946047,0.998707054,303.9042108,113.6309967,0.09523792253,0.03560983915,0.00160945455,0.06961022375
synthetic_20250706,synthetic,2025-07-06,union,117,0.03592307078,18.93398867,-0.8039414056,0.6463217836,0.000477857169,0.9995221428,304.5505326,114.6305189,0.09544046775,0.03592307078,0.001922686184,0.06992345538
synthetic_20250706,synthetic,2025-07-06,union,118,0.03623562801,18.91788431,-0.7496818878,0.5620229329,0.002629899684,0.9973701003,305.1125555,115.627889,0.09561659528,0.03623562801,0.002235243408,0.07023601261
synthetic_20250706,synthetic,2025-07-06,union,119,0.03654869626,18.87518489,0.2292324178,0.05254750136,0.0009992083683,0.9990007916,305.165103,116.6268898,0.09563306268,0.03654869626,0.002548311659,0.07054908086
synthetic_20250706,synthetic,2025-07-06,union,120,0.03686105321,18.83481991,0.547098662,0.2993169459,0.00326897637,0.9967310236,305.46442,117.6236208,0.09572686304,0.03686105321,0.002860668608,0.07086143781
synthetic_20250706,synthetic,2025-07-06,union,121,0.03716612066,18.80208611,0.4831284274,0.2334130774,0.02652975328,0.9734702467,305.697833,118.597091,0.09580001036,0.03716612066,0.003165736063,0.07116650526
synthetic_20250706,synthetic,2025-07-06,union,122,0.03747897246,18.75696136,0.6960745482,0.4845197767,0.001689925221,0.9983100748,306.1823528,119.5954011,0.09595184984,0.03747897246,0.003478587857,0.07147935706
synthetic_20250706,synthetic,2025-07-06,union,123,0.03779093194,18.73252645,-2.400209427,5.761005294,0.004537298687,0.9954627013,311.9433581,120.5908638,0.09775724165,0.03779093194,0.003790547337,0.07179131654
synthetic_20250706,synthetic,2025-07-06,union,124,0.03810364857,18.65796147,0.2268559677,0.05146363007,0.002121239756,0.9978787602,311.9948218,121.5887426,0.0977733694,0.03810364857,0.004103263965,0.07210403317
synthetic_20250706,synthetic,2025-07-06,union,125,0.03841526183,18.63619949,1.98271175,3.931145883,0.005642076754,0.9943579232,315.9259676,122.5831005,0.09900531734,0.03841526183,0.004414877228,0.07241564643
synthetic_20250706,synthetic,2025-07-06,union,126,0.03872822866,18.61790494,-0.3405395366,0.115967176,0.001322843417,0.9986771566,316.0419348,123.5817777,0.09904165929,0.03872822866,0.004727844059,0.07272861326
synthetic_20250706,synthetic,2025-07-06,union,127,0.03903990407,18.58292042,-1.067573594,1.139713378,0.00544374822,0.9945562518,317.1816482,124.5763339,0.09939882425,0.03903990407,0.005039519475,0.07304028868
synthetic_20250706,synthetic,2025-07-06,union,128,0.03934295336,18.57649592,-0.9463219343,0.8955252034,0.03296974043,0.9670302596,318.0771734,125.5433642,0.09967946518,0.03934295336,0.005342568757,0.07334333796
synthetic_20250706,synthetic,2025-07-06,union,129,0.03965517225,18.49883983,1.282385036,1.644511381,0.003709512114,0.9962904879,319.7216848,126.5396547,0.1001948244,0.03965517225,0.00565478765,0.07365555685
synthetic_20250706,synthetic,2025-07-06,union,130,0.03996824162,18.46761841,-2.104515843,4.428986934,0.0009956560888,0.9990043439,324.1506717,127.538659,0.1015827865,0.03996824162,0.005967857015,0.07396862622
synthetic_20250706,synthetic,2025-07-06,union,131,0.04028141819,18.45806813,-0.2637532521,0.06956577801,0.000653559423,0.9993464406,324.2202375,128.5380054,0.1016045871,0.04028141819,0.006281033587,0.07428180279
synthetic_20250706,synthetic,2025-07-06,union,132,0.04059409793,18.39329811,1.457096454,2.123130078,0.002238928171,0.9977610718,326.3433676,129.5357665,0.1022699366,0.04059409793,0.006593713334,0.07459448253
synthetic_20250706,synthetic,2025-07-06,union,133,0.04090184193,18.38886213,0.7694794826,0.5920986741,0.01798890799,0.982011092,326.9354662,130.5177776,0.1024554893,0.04090184193,0.00690145733,0.07490222653
synthetic_20250706,synthetic,2025-07-06,union,134,0.04121443761,18.38010934,-1.72001387,2.958447714,0.002507190224,0.9974928098,329.8939139,131.5152704,0.1033826117,0.04121443761,0.007214053008,0.07521482221
synthetic_20250706,synthetic,2025-07-06,union,135,0.04152512844,18.35055677,0.453501055,0.2056632069,0.008585561114,0.9914144389,330.0995772,132.5066848,0.1034470627,0.04152512844,0.007524743838,0.07552551304
synthetic_20250706,synthetic,2025-07-06,union,136,0.04183396419,18.31619804,-0.6414447613,0.4114513818,0.01450511114,0.9854948889,330.5110285,133.4921797,0.1035760039,0.04183396419,0.007833579592,0.07583434879
synthetic_20250706,synthetic,2025-07-06,union,137,0.04214340994,18.25227945,0.4917802472,0.2418478116,0.01255861373,0.9874413863,330.7528763,134.4796211,0.1036517945,0.04214340994,0.008143025341,0.07614379454
synthetic_20250706,synthetic,2025-07-06,union,138,0.04245209329,18.2299164,-2.25291837,5.075641182,0.01499141978,0.9850085802,335.8285175,135.4646297,0.105242406,0.04245209329,0.008451708694,0.07645247789
synthetic_20250706,synthetic,2025-07-06,union,139,0.04276519409,18.19600898,1.457840016,2.125297512,0.0008953501869,0.9991046498,337.953815,136.4637344,0.1059084347,0.04276519409,0.008764809493,0.07676557869
synthetic_20250706,synthetic,2025-07-06,union,140,0.04307660505,18.16293673,-2.3088199,5.33064933,0.006287634342,0.9937123657,343.2844644,137.4574467,0.1075789609,0.04307660505,0.009076220451,0.07707698965
synthetic_20250706,synthetic,2025-07-06,union,141,0.04338926361,18.12522929,-0.9125413635,0.8327317401,0.002306536578,0.9976934634,344.1171961,138.4551402,0.1078399236,0.04338926361,0.00938887901,0.07738964821
synthetic_20250706,synthetic,2025-07-06,union,142,0.0436951664,18.10869348,-1.243951894,1.547416315,0.02386419986,0.9761358001,345.6646124,139.431276,0.108324855,0.0436951664,0.0096947818,0.077695551
synthetic_20250706,synthetic,2025-07-06,union,143,0.04400839814,18.05765727,-0.775115139,0.6008034787,0.0004775178654,0.9995224821,346.2654159,140.4307985,0.1085131357,0.04400839814,0.01000801354,0.07800878274
synthetic_20250706,synthetic,2025-07-06,union,144,0.04432157372,18.04757404,0.3352249047,0.1123757368,0.0006567318709,0.9993432681,346.3777916,141.4301417,0.1085483521,0.04432157372,0.01032118912,0.07832195832
synthetic_20250706,synthetic,2025-07-06,union,145,0.04463387813,18.0215813,-1.088888305,1.185677742,0.003436611406,0.9965633886,347.5634694,142.4267051,0.1089199215,0.04463387813,0.01063349353,0.07863426273
synthetic_20250706,synthetic,2025-07-06,union,146,0.0449425849,17.99218775,-0.2111511665,0.04458481512,0.01491670116,0.9850832988,347.6080542,143.4117884,0.1089338935,0.0449425849,0.0109422003,0.0789429695
synthetic_20250706,synthetic,2025-07-06,union,147,0.0452553206,17.97044752,2.745783223,7.539325505,0.00206037794,0.9979396221,355.1473797,144.409728,0.1112965778,0.0452553206,0.011254936,0.0792557052
synthetic_20250706,synthetic,2025-07-06,union,148,0.04556825883,17.93077216,0.568264315,0.3229243316,0.001414123519,0.9985858765,355.470304,145.4083139,0.1113977763,0.04556825883,0.01156787423,0.07956864343
synthetic_20250706,synthetic,2025-07-06,union,149,0.0458815639,17.88603157,-2.13561998,4.560872701,0.0002435173085,0.9997564827,360.0311767,146.4080704,0.1128270689,0.0458815639,0.0118811793,0.0798819485
synthetic_20250706,synthetic,2025-07-06,union,150,0.04619193607,17.81316845,1.731500086,2.998092548,0.009602404261,0.9903975957,363.0292693,147.398468,0.1137666153,0.04619193607,0.01219155147,0.08019232067
synthetic_20250706,synthetic,2025-07-06,union,151,0.04650464327,17.80438402,-1.468121221,2.155379918,0.002151324162,0.9978486758,365.1846492,148.3963167,0.1144420712,0.04650464327,0.01250425867,0.08050502787
synthetic_20250706,synthetic,2025-07-06,union,152,0.04681695073,17.7846026,0.189900894,0.03606234954,0.003426881728,0.9965731183,365.2207116,149.3928898,0.1144533725,0.04681695073,0.01281656613,0.08081733533
synthetic_20250706,synthetic,2025-07-06,union,153,0.04712935589,17.77511403,0.6372765081,0.4061213478,0.003115157953,0.996884842,365.6268329,150.3897746,0.1145806433,0.04712935589,0.01312897129,0.08112974049
synthetic_20250706,synthetic,2025-07-06,union,154,0.04744193542,17.74359379,-1.420082055,2.016633043,0.002558694453,0.9974413055,367.6434659,151.3872159,0.1152126186,0.04744193542,0.01344155082,0.08144232002
synthetic_20250706,synthetic,2025-07-06,union,155,0.0477550949,17.71086318,-0.3065846927,0.0939941738,0.0007081119079,0.9992918881,367.7374601,152.3865078,0.1152420746,0.0477550949,0.0137547103,0.0817554795
synthetic_20250706,synthetic,2025-07-06,union,156,0.04806801746,17.67103482,-2.357723919,5.558862077,0.001464105453,0.9985358945,373.2963222,153.3850437,0.1169841185,0.04806801746,0.01406763286,0.08206840206
synthetic_20250706,synthetic,2025-07-06,union,157,0.04838099033,17.64687244,0.7143538282,0.5103013919,0.001303573588,0.9986964264,373.8066236,154.3837401,0.1171440375,0.04838099033,0.01438060573,0.08238137493
synthetic_20250706,synthetic,2025-07-06,union,158,0.04869429761,17.62939398,-0.3791361263,0.1437442022,0.000236470381,0.9997635296,373.9503678,155.3835037,0.1171890842,0.04869429761,0.01469391301,0.08269468221
synthetic_20250706,synthetic,2025-07-06,union,159,0.04900711967,17.57094404,-1.353676687,1.832440572,0.001784815757,0.9982151842,375.7828084,156.3817189,0.117763337,0.04900711967,0.01500673507,0.08300750427
synthetic_20250706,synthetic,2025-07-06,union,160,0.0493191103,17.55545917,-0.7731251145,0.5977224427,0.004437891616,0.9955621084,376.3805308,157.377281,0.1179506521,0.0493191103,0.0153187257,0.0833194949
synthetic_20250706,synthetic,2025-07-06,union,161,0.0496313049,17.5074117,-1.850077754,3.422787696,0.003787041838,0.9962129582,379.8033185,158.3734939,0.11902329,0.0496313049,0.0156309203,0.0836316895
synthetic_20250706,synthetic,2025-07-06,union,162,0.0499446151,17.47733952,1.00709091,1.014232101,0.0002271299259,0.9997728701,380.8175506,159.3732668,0.1193411315,0.0499446151,0.0159442305,0.0839449997
synthetic_20250706,synthetic,2025-07-06,union,163,0.05025624467,17.46948293,-0.5297471779,0.2806320725,0.005590060537,0.9944099395,381.0981827,160.3676767,0.1194290764,0.05025624467,0.01625586007,0.08425662927
synthetic_20250706,synthetic,2025-07-06,union,164,0.05056885109,17.41828021,1.165602642,1.358629519,0.002472901157,0.9975270988,382.4568122,161.3652038,0.1198548456,0.05056885109,0.01656846649,0.08456923569
synthetic_20250706,synthetic,2025-07-06,union,165,0.05088133437,17.39329815,-2.75638758,7.597672489,0.002865849267,0.9971341507,390.0544847,162.362338,0.1222358147,0.05088133437,0.01688094977,0.08488171897
synthetic_20250706,synthetic,2025-07-06,union,166,0.05119441446,17.34201381,0.5471006314,0.2993191008,0.0009614460607,0.9990385539,390.3538038,163.3613765,0.1223296157,0.05119441446,0.01719402986,0.08519479906
synthetic_20250706,synthetic,2025-07-06,union,167,0.05150712387,17.32195623,-0.7574300097,0.5737002196,0.0021442566,0.9978557434,390.927504,164.3592323,0.1225094027,0.05150712387,0.01750673927,0.08550750847
synthetic_20250706,synthetic,2025-07-06,union,168,0.05182040188,17.29275504,2.768866739,7.666623018,0.0003298703579,0.9996701296,398.594127,165.3589024,0.1249119796,0.05182040188,0.01782001728,0.08582078648
synthetic_20250706,synthetic,2025-07-06,union,169,0.05213306356,17.25882531,-1.52037577,2.311542482,0.002296590549,0.9977034095,400.9056695,166.3566058,0.125636374,0.05213306356,0.01813267896,0.08613344816
synthetic_20250706,synthetic,2025-07-06,union,170,0.05244522605,17.23592014,0.07393105673,0.005465801149,0.003889496507,0.9961105035,400.9111353,167.3527163,0.1256380869,0.05244522605,0.01844484145,0.08644561065
synthetic_20250706,synthetic,2025-07-06,union,171,0.05275819756,17.20852745,-1.199704252,1.439290292,0.001307922154,0.9986920778,402.3504256,168.3514084,0.1260891337,0.05275819756,0.01875781296,0.08675858216
synthetic_20250706,synthetic,2025-07-06,union,172,0.05307110907,17.1843288,-0.003526070507,1.243317322e-05,0.001499366521,0.9985006335,402.350438,169.349909,0.1260891376,0.05307110907,0.01907072447,0.08707149367
synthetic_20250706,synthetic,2025-07-06,union,173,0.05338404147,17.16073436,0.460490518,0.2120515172,0.001432701822,0.9985672982,402.5624895,170.3484763,0.1261555906,0.05338404147,0.01938365687,0.08738442607
synthetic_20250706,synthetic,2025-07-06,union,174,0.05369599635,17.15733871,0.1393001638,0.01940453562,0.004551974681,0.9954480253,402.5818941,171.3439244,0.1261616716,0.05369599635,0.01969561175,0.08769638095
synthetic_20250706,synthetic,2025-07-06,union,175,0.05400897902,17.14952087,1.408786525,1.984679473,0.001272313311,0.9987276867,404.5665736,172.342652,0.1267836332,0.05400897902,0.02000859442,0.08800936362
synthetic_20250706,synthetic,2025-07-06,union,176,0.05432193972,17.09803742,2.520211366,6.351465328,0.001342391506,0.9986576085,410.9180389,173.3413097,0.1287740642,0.05432193972,0.02032155512,0.08832232432
synthetic_20250706,synthetic,2025-07-06,union,177,0.05463500286,17.04936666,1.773777741,3.146287476,0.00101553894,0.9989844611,414.0643264,174.3402941,0.1297600521,0.05463500286,0.02063461826,0.08863538746
synthetic_20250706,synthetic,2025-07-06,union,178,0.05494773475,17.01059678,0.9004447887,0.8108008176,0.002072523197,0.9979274768,414.8751272,175.3382216,0.130014142,0.05494773475,0.02094735015,0.08894811935
synthetic_20250706,synthetic,2025-07-06,union,179,0.05526084911,16.97499011,-0.7687968601,0.5910486121,0.000852074023,0.999147926,415.4661758,176.3373695,0.1301993656,0.05526084911,0.02126046451,0.08926123371
synthetic_20250706,synthetic,2025-07-06,union,180,0.05557408479,16.94289851,-1.741664371,3.03339478,0.0004649558703,0.9995350441,418.4995706,177.3369046,0.1311499751,0.05557408479,0.02157370019,0.08957446939
synthetic_20250706,synthetic,2025-07-06,union,181,0.05588704696,16.92785425,-0.1961067905,0.03845787328,0.001337725558,0.9986622744,418.5380284,178.3355668,0.1311620271,0.05588704696,0.02188666236,0.08988743156
synthetic_20250706,synthetic,2025-07-06,union,182,0.0562002076,16.91223979,-2.089415982,4.365659145,0.0007043825853,0.9992956174,422.9036876,179.3348625,0.1325301434,0.0562002076,0.022199823,0.0902005922
synthetic_20250706,synthetic,2025-07-06,union,183,0.05651296434,16.86291633,1.385945932,1.920846128,0.001993262289,0.9980067377,424.8245337,180.3328692,0.1331321008,0.05651296434,0.02251257974,0.09051334894
synthetic_20250706,synthetic,2025-07-06,union,184,0.05682589008,16.85582877,0.2181456472,0.0475875234,0.001453939478,0.9985460605,424.8721212,181.3314153,0.1331470139,0.05682589008,0.02282550548,0.09082627468
synthetic_20250706,synthetic,2025-07-06,union,185,0.05713910471,16.8402446,0.9199562982,0.8463195906,0.0005321193963,0.9994678806,425.7184408,182.3308831,0.1334122347,0.05713910471,0.02313872011,0.09113948931
synthetic_20250706,synthetic,2025-07-06,union,186,0.05745235147,16.81399555,-0.4426804383,0.1959659704,0.0004295995479,0.9995704005,425.9144068,183.3304535,0.1334736468,0.05745235147,0.02345196687,0.09145273607
synthetic_20250706,synthetic,2025-07-06,union,187,0.05776540575,16.80097094,-1.941581287,3.769737892,0.001043782736,0.9989562173,429.6841447,184.3294098,0.1346550124,0.05776540575,0.02376502115,0.09176579035
synthetic_20250706,synthetic,2025-07-06,union,188,0.05807818092,16.78168272,1.225022469,1.50068005,0.001934432669,0.9980655673,431.1848247,185.3274753,0.1351252976,0.05807818092,0.02407779632,0.09207856552
synthetic_20250706,synthetic,2025-07-06,union,189,0.05839134059,16.77272515,1.629619811,2.655660727,0.0007075063102,0.9992924937,433.8404855,186.3267678,0.1359575323,0.05839134059,0.02439095599,0.09239172519
synthetic_20250706,synthetic,2025-07-06,union,190,0.05870367327,16.74540048,-1.579133457,2.493662475,0.003346425355,0.9966535746,436.3341479,187.3234214,0.1367389997,0.05870367327,0.02470328866,0.09270405787
synthetic_20250706,synthetic,2025-07-06,union,191,0.05901676504,16.68125472,-1.183923559,1.401674994,0.0009241326966,0.9990758673,437.7358229,188.3224973,0.1371782585,0.05901676504,0.02501638044,0.09301714964
synthetic_20250706,synthetic,2025-07-06,union,192,0.0593286824,16.6737446,0.5339525076,0.2851052804,0.00467170189,0.9953282981,438.0209282,189.3178256,0.1372676052,0.0593286824,0.0253282978,0.09332906701
synthetic_20250706,synthetic,2025-07-06,union,193,0.05964153679,16.6531367,-2.158068572,4.65725996,0.001681669745,0.9983183303,442.6781882,190.3161439,0.1387271038,0.05964153679,0.02564115219,0.09364192139
synthetic_20250706,synthetic,2025-07-06,union,194,0.05995283725,16.62366807,0.1691821308,0.02862259337,0.006640203937,0.9933597961,442.7068108,191.3095037,0.1387360736,0.05995283725,0.02595245265,0.09395322186
synthetic_20250706,synthetic,2025-07-06,union,195,0.06026577135,16.61579815,-0.07527613496,0.005666496494,0.001427294119,0.9985727059,442.7124773,192.3080764,0.1387378493,0.06026577135,0.02626538675,0.09426615595
synthetic_20250706,synthetic,2025-07-06,union,196,0.06057877818,16.59066178,-0.9540067751,0.910128927,0.001195215723,0.9988047843,443.6226062,193.3068812,0.1390230668,0.06057877818,0.02657839358,0.09457916278
synthetic_20250706,synthetic,2025-07-06,union,197,0.06089169341,16.5701716,2.606390453,6.793271192,0.001487495183,0.9985125048,450.4158774,194.3053937,0.1411519515,0.06089169341,0.02689130881,0.09489207801
synthetic_20250706,synthetic,2025-07-06,union,198,0.06120459886,16.54530188,-1.412811094,1.996035186,0.001518705975,0.998481294,452.4119126,195.303875,0.1417774718,0.06120459886,0.02720421426,0.09520498346
synthetic_20250706,synthetic,2025-07-06,union,199,0.06151741259,16.52103682,-0.855315791,0.7315651023,0.001811379178,0.9981886208,453.1434777,196.3020636,0.1420067307,0.06151741259,0.02751702799,0.0955177972
synthetic_20250706,synthetic,2025-07-06,union,200,0.06183011392,16.49739624,-1.150193712,1.322945576,0.002170077585,0.9978299224,454.4664232,197.2998935,0.1424213172,0.06183011392,0.02782972932,0.09583049852
synthetic_20250706,synthetic,2025-07-06,union,201,0.06214328752,16.46565102,0.8158147259,0.6655536671,0.0006630448905,0.9993369551,455.1319769,198.2992305,0.1426298894,0.06214328752,0.02814290292,0.09614367212
synthetic_20250706,synthetic,2025-07-06,union,202,0.06245612913,16.43454685,-0.09800861488,0.009605688591,0.001722412817,0.9982775872,455.1415826,199.2975081,0.1426328996,0.06245612913,0.02845574453,0.09645651373
synthetic_20250706,synthetic,2025-07-06,union,203,0.06276927457,16.42516334,-1.68229924,2.830130733,0.0007529012371,0.9992470988,457.9717133,200.2967552,0.1435198099,0.06276927457,0.02876888997,0.09676965917
synthetic_20250706,synthetic,2025-07-06,union,204,0.06308222135,16.42238999,-0.6152568061,0.3785409375,0.001386827587,0.9986131724,458.3502543,201.2953683,0.1436384376,0.06308222135,0.02908183675,0.09708260595
synthetic_20250706,synthetic,2025-07-06,union,205,0.06339531721,16.37874274,-0.6234987085,0.3887506395,0.0009111186783,0.9990888813,458.7390049,202.2944572,0.1437602648,0.06339531721,0.02939493261,0.09739570181
synthetic_20250706,synthetic,2025-07-06,union,206,0.06370865699,16.35221834,-0.4236443915,0.1794745705,0.0001327597937,0.9998672402,458.9184795,203.2943244,0.1438165088,0.06370865699,0.02970827239,0.09770904159
synthetic_20250706,synthetic,2025-07-06,union,207,0.06402194626,16.30917273,-0.1042350236,0.01086494014,0.0002939250349,0.999706075,458.9293444,204.2940305,0.1438199136,0.06402194626,0.03002156166,0.09802233086
synthetic_20250706,synthetic,2025-07-06,union,208,0.064335029,16.28194983,-0.4502940797,0.2027647582,0.0009529715495,0.9990470285,459.1321092,205.2930776,0.1438834563,0.064335029,0.0303346444,0.0983354136
synthetic_20250706,synthetic,2025-07-06,union,209,0.06464737337,16.25830028,-0.2817670791,0.07939268687,0.003309127285,0.9966908727,459.2115019,206.2897684,0.1439083365,0.06464737337,0.03064698877,0.09864775797
synthetic_20250706,synthetic,2025-07-06,union,210,0.06496012346,16.24531252,-0.1411527978,0.01992411233,0.002014450476,0.9979855495,459.231426,207.287754,0.1439145804,0.06496012346,0.03095973886,0.09896050806
synthetic_20250706,synthetic,2025-07-06,union,211,0.06527346446,16.2003289,2.88771045,8.338871645,0.0001288770101,0.999871123,467.5702976,208.2876251,0.1465278275,0.06527346446,0.03127307986,0.09927384906
synthetic_20250706,synthetic,2025-07-06,union,212,0.06558625256,16.19358728,-1.037019972,1.075410422,0.001893173152,0.9981068268,468.6457081,209.2857319,0.1468648411,0.06558625256,0.03158586796,0.09958663716
synthetic_20250706,synthetic,2025-07-06,union,213,0.0658983441,16.16268687,-1.608497196,2.587263231,0.004115886128,0.9958841139,471.2329713,210.281616,0.1476756413,0.0658983441,0.0318979595,0.0998987287
synthetic_20250706,synthetic,2025-07-06,union,214,0.06621134286,16.1515911,0.4596130676,0.2112441719,0.001220986621,0.9987790134,471.4442155,211.2803951,0.1477418413,0.06621134286,0.03221095825,0.1002117275
synthetic_20250706,synthetic,2025-07-06,union,215,0.06652451063,16.10310851,-2.108988208,4.44783126,0.0006816388118,0.9993183612,475.8920467,212.2797134,0.1491357088,0.06652451063,0.03252412603,0.1005248952
synthetic_20250706,synthetic,2025-07-06,union,216,0.06683768089,16.08693508,1.678970963,2.818943494,0.0006737021034,0.9993262979,478.7109902,213.2790397,0.1500191132,0.06683768089,0.03283729629,0.1008380655
synthetic_20250706,synthetic,2025-07-06,union,217,0.0671503685,16.06665282,2.045146428,4.182623913,0.00221382254,0.9977861775,482.8936141,214.2768259,0.1513298697,0.0671503685,0.0331499839,0.1011507531
synthetic_20250706,synthetic,2025-07-06,union,218,0.06746314555,16.03934285,0.4969145963,0.246924116,0.001928452069,0.9980715479,483.1405382,215.2748974,0.1514072511,0.06746314555,0.03346276095,0.1014635301
synthetic_20250706,synthetic,2025-07-06,union,219,0.06777635581,16.01531047,1.475030106,2.175713815,0.0005460543552,0.9994539456,485.3162521,216.2743514,0.1520890793,0.06777635581,0.03377597121,0.1017767404
synthetic_20250706,synthetic,2025-07-06,union,220,0.06808965008,15.9969101,-1.140448971,1.300623855,0.0002779847733,0.9997220152,486.6168759,217.2740734,0.1524966706,0.06808965008,0.03408926548,0.1020900347
synthetic_20250706,synthetic,2025-07-06,union,221,0.06840294659,15.9772737,-1.058589064,1.120610807,0.0002708234941,0.9997291765,487.7374867,218.2738026,0.1528478492,0.06840294659,0.03440256199,0.1024033312
synthetic_20250706,synthetic,2025-07-06,union,222,0.06871599551,15.96565937,-2.757988858,7.606502541,0.001060888014,0.998939112,495.3439893,219.2727417,0.1552315855,0.06871599551,0.03471561091,0.1027163801
synthetic_20250706,synthetic,2025-07-06,union,223,0.06902911892,15.96084922,-0.8599578835,0.7395275614,0.0008231999043,0.9991768001,496.0835168,220.2719185,0.1554633396,0.06902911892,0.03502873432,0.1030295035
synthetic_20250706,synthetic,2025-07-06,union,224,0.06934176737,15.88342838,-2.38951607,5.709787049,0.002338802537,0.9976611975,501.7933039,221.2695797,0.1572526806,0.06934176737,0.03534138277,0.103342152
synthetic_20250706,synthetic,2025-07-06,union,225,0.06965512818,15.88154493,0.3575455895,0.1278388486,6.564911219e-05,0.9999343509,501.9211427,222.269514,0.1572927429,0.06965512818,0.03565474358,0.1036555128
synthetic_20250706,synthetic,2025-07-06,union,226,0.06996829337,15.86452811,0.9351388676,0.8744847017,0.0006898874531,0.9993101125,502.7956274,223.2688241,0.1575667902,0.06996829337,0.03596790877,0.103968678
synthetic_20250706,synthetic,2025-07-06,union,227,0.07028025042,15.8317688,0.5893151757,0.3472923763,0.004545047945,0.9954549521,503.1429198,224.2642791,0.1576756251,0.07028025042,0.03627986582,0.104280635
synthetic_20250706,synthetic,2025-07-06,union,228,0.07059271164,15.81225791,2.477115809,6.136102731,0.002936263132,0.9970637369,509.2790225,225.2613428,0.1595985655,0.07059271164,0.03659232704,0.1045930962
synthetic_20250706,synthetic,2025-07-06,union,229,0.07090588861,15.80119293,-1.481177375,2.193886416,0.0006522856831,0.9993477143,511.4729089,226.2606905,0.1602860887,0.07090588861,0.03690550401,0.1049062732
synthetic_20250706,synthetic,2025-07-06,union,230,0.07121780669,15.78257935,0.276957677,0.07670555483,0.00466939555,0.9953306045,511.5496145,227.2560212,0.1603101268,0.07121780669,0.03721742209,0.1052181913
synthetic_20250706,synthetic,2025-07-06,union,231,0.07153081682,15.77538711,-2.994948927,8.969719078,0.001184681754,0.9988153182,520.5193336,228.2548365,0.1631210697,0.07153081682,0.03753043222,0.1055312014
synthetic_20250706,synthetic,2025-07-06,union,232,0.07184264924,15.74516595,-1.927682966,3.715961616,0.004942736625,0.9950572634,524.2352952,229.2498937,0.1642855829,0.07184264924,0.03784226464,0.1058430338
synthetic_20250706,synthetic,2025-07-06,union,233,0.07215530188,15.72515631,-0.09620606819,0.009255607557,0.002325443254,0.9976745567,524.2445508,230.2475683,0.1642884835,0.07215530188,0.03815491728,0.1061556865
synthetic_20250706,synthetic,2025-07-06,union,234,0.07246829428,15.71134206,0.9599219611,0.9214501714,0.001241241408,0.9987587586,525.166001,231.2463271,0.1645772488,0.07246829428,0.03846790968,0.1064686789
synthetic_20250706,synthetic,2025-07-06,union,235,0.07278123565,15.68445074,0.581715129,0.3383924913,0.001404098783,0.9985959012,525.5043935,232.244923,0.1646832947,0.07278123565,0.03878085105,0.1067816202
synthetic_20250706,synthetic,2025-07-06,union,236,0.07309454363,15.66067461,-0.2849837086,0.08121571419,0.0002342218042,0.9997657782,525.5856092,233.2446887,0.1647087462,0.07309454363,0.03909415903,0.1070949282
synthetic_20250706,synthetic,2025-07-06,union,237,0.07340766272,15.64900354,0.7401862707,0.5478757153,0.0008369899968,0.99916301,526.1334849,234.2438517,0.1648804403,0.07340766272,0.03940727812,0.1074080473
synthetic_20250706,synthetic,2025-07-06,union,238,0.07371986796,15.62976249,0.1797193349,0.03229903935,0.003753091632,0.9962469084,526.1657839,235.2400986,0.1648905622,0.07371986796,0.03971948336,0.1077202526
synthetic_20250706,synthetic,2025-07-06,union,239,0.07403315062,15.61608411,-2.602774136,6.774433202,0.0003150305014,0.9996849695,532.9402171,236.2397836,0.1670135434,0.07403315062,0.04003276602,0.1080335352
synthetic_20250706,synthetic,2025-07-06,union,240,0.07434507279,15.59294463,-1.632460947,2.664928742,0.004656354176,0.9953436458,535.6051459,237.2351273,0.1678486825,0.07434507279,0.04034468819,0.1083454574
synthetic_20250706,synthetic,2025-07-06,union,241,0.07465830439,15.56831292,-0.8394202521,0.7046263597,0.000477954448,0.9995220456,536.3097722,238.2346493,0.1680694993,0.07465830439,0.04065791979,0.108658689
synthetic_20250706,synthetic,2025-07-06,union,242,0.07497151409,15.55472106,0.09078767311,0.008242401588,0.0005478449929,0.999452155,536.3180146,239.2341015,0.1680720823,0.07497151409,0.04097112949,0.1089718987
synthetic_20250706,synthetic,2025-07-06,union,243,0.07528477092,15.54744719,1.11036389,1.232907968,0.0003974470334,0.999602553,537.5509226,240.233704,0.1684584527,0.07528477092,0.04128438632,0.1092851555
synthetic_20250706,synthetic,2025-07-06,union,244,0.07559778176,15.53334503,-1.68342945,2.833934712,0.00118243134,0.9988175687,540.3848573,241.2325216,0.1693465551,0.07559778176,0.04159739716,0.1095981664
synthetic_20250706,synthetic,2025-07-06,union,245,0.07591054122,15.52145359,-0.2575448963,0.0663293736,0.001984557339,0.9980154427,540.4511867,242.230537,0.1693673415,0.07591054122,0.04191015662,0.1099109258
synthetic_20250706,synthetic,2025-07-06,union,246,0.07622370382,15.50073624,0.2598117742,0.06750215802,0.0006981403475,0.9993018597,540.5186888,243.2298389,0.1693884954,0.07622370382,0.04222331922,0.1102240884
synthetic_20250706,synthetic,2025-07-06,union,247,0.07653678341,15.48120499,-0.280011348,0.07840635503,0.0009630251508,0.9990369748,540.5970952,244.2288759,0.1694130665,0.07653678341,0.04253639881,0.110537168
synthetic_20250706,synthetic,2025-07-06,union,248,0.07684958883,15.47046447,-2.286305919,5.227194757,0.001837914279,0.9981620857,545.82429,245.2270379,0.171051172,0.07684958883,0.04284920423,0.1108499734
synthetic_20250706,synthetic,2025-07-06,union,249,0.07716268871,15.42681261,1.044297788,1.09055787,0.0008982786897,0.9991017213,546.9148478,246.2261397,0.1713929326,0.07716268871,0.04316230411,0.1111630733
synthetic_20250706,synthetic,2025-07-06,union,250,0.07747570036,15.40663273,0.02392030612,0.0005721810449,0.001179817601,0.9988201824,546.91542,247.2249599,0.1713931119,0.07747570036,0.04347531576,0.111476085
synthetic_20250706,synthetic,2025-07-06,union,251,0.07778836079,15.39606412,1.385741445,1.920279352,0.002300579757,0.9976994202,548.8356994,248.2226593,0.1719948917,0.07778836079,0.04378797619,0.1117887454
synthetic_20250706,synthetic,2025-07-06,union,252,0.07810157899,15.35852703,-1.931872044,3.732129596,0.0005207244356,0.9994792756,552.567829,249.2221385,0.1731644716,0.07810157899,0.04410119439,0.1121019636
synthetic_20250706,synthetic,2025-07-06,union,253,0.07841486564,15.34653879,-1.67761474,2.814391214,0.0003022902738,0.9996977097,555.3822202,250.2218363,0.1740464494,0.07841486564,0.04441448104,0.1124152502
synthetic_20250706,synthetic,2025-07-06,union,254,0.07872808209,15.32705533,1.294182812,1.674909151,0.0005263209637,0.999473679,557.0571293,251.2213099,0.1745713348,0.07872808209,0.04472769749,0.1127284667
synthetic_20250706,synthetic,2025-07-06,union,255,0.0790408974,15.30722101,-1.615557134,2.610024855,0.001806323808,0.9981936762,559.6671542,252.2195036,0.175389268,0.0790408974,0.0450405128,0.113041282
synthetic_20250706,synthetic,2025-07-06,union,256,0.07935400166,15.27290577,0.3891022308,0.151400546,0.0008843175652,0.9991156824,559.8185547,253.2186193,0.1754367141,0.07935400166,0.04535361706,0.1133543863
synthetic_20250706,synthetic,2025-07-06,union,257,0.07966693139,15.26731064,1.132815876,1.283271808,0.00144124049,0.9985587595,561.1018265,254.2171781,0.1758388676,0.07966693139,0.04566654679,0.113667316
synthetic_20250706,synthetic,2025-07-06,union,258,0.07998016579,15.24464092,-2.010869208,4.043594971,0.0004690092351,0.9995309908,565.1454215,255.216709,0.177106055,0.07998016579,0.04597978119,0.1139805504
synthetic_20250706,synthetic,2025-07-06,union,259,0.08029347204,15.21791266,-0.7913417921,0.6262218319,0.0002397814336,0.9997602186,565.7716433,256.2164693,0.1773023013,0.08029347204,0.04629308743,0.1142938566
synthetic_20250706,synthetic,2025-07-06,union,260,0.08060671813,15.21457573,0.1203237748,0.01447781077,0.0004317210695,0.9995682789,565.7861211,257.2160375,0.1773068383,0.08060671813,0.04660633353,0.1146071027
synthetic_20250706,synthetic,2025-07-06,union,261,0.08091826041,15.18972589,1.357707999,1.84337101,0.005868566297,0.9941314337,567.6294922,258.210169,0.1778845165,0.08091826041,0.04691787581,0.114918645
synthetic_20250706,synthetic,2025-07-06,union,262,0.08123140347,15.17222388,-0.4286166168,0.1837122042,0.0007605162463,0.9992394838,567.8132044,259.2094085,0.1779420885,0.08123140347,0.04723101887,0.1152317881
synthetic_20250706,synthetic,2025-07-06,union,263,0.08154466925,15.15220106,-0.1745467462,0.0304665666,0.0003688861612,0.9996311138,567.8436709,260.2090396,0.1779516361,0.08154466925,0.04754428465,0.1155450538
synthetic_20250706,synthetic,2025-07-06,union,264,0.08185756721,15.13562274,1.290992882,1.666662621,0.001542617959,0.998457382,569.5103335,261.207497,0.1784739372,0.08185756721,0.04785718261,0.1158579518
synthetic_20250706,synthetic,2025-07-06,union,265,0.08217084779,15.11662183,0.2766770095,0.07655016758,0.0003216731703,0.9996783268,569.5868837,262.2071753,0.1784979266,0.08217084779,0.04817046319,0.1161712324
synthetic_20250706,synthetic,2025-07-06,union,266,0.08248363257,15.10110682,-2.895114662,8.381688904,0.001903751955,0.998096248,577.9685726,263.2052715,0.1811245919,0.08248363257,0.04848324797,0.1164840172
synthetic_20250706,synthetic,2025-07-06,union,267,0.08279671879,15.08593078,-0.5366202337,0.2879612752,0.000941880374,0.9990581196,578.2565339,264.2043297,0.1812148336,0.08279671879,0.04879633419,0.1167971034
synthetic_20250706,synthetic,2025-07-06,union,268,0.08310970252,15.06277376,-0.9633811553,0.9281032504,0.001268904749,0.9987310953,579.1846371,265.2030607,0.1815056838,0.08310970252,0.04910931792,0.1171100871
synthetic_20250706,synthetic,2025-07-06,union,269,0.08342259248,15.04981258,-0.5460831314,0.2982067864,0.001568126617,0.9984318734,579.4828439,266.2014926,0.1815991363,0.08342259248,0.04942220788,0.1174229771
synthetic_20250706,synthetic,2025-07-06,union,270,0.08373570228,15.03876142,1.045237179,1.09252076,0.0008666522788,0.9991333477,580.5753647,267.200626,0.181941512,0.08373570228,0.04973531768,0.1177360869
synthetic_20250706,synthetic,2025-07-06,union,271,0.0840486887,15.02149504,-0.132937931,0.01767249349,0.001260335144,0.9987396649,580.5930372,268.1993656,0.1819470502,0.0840486887,0.0500483041,0.1180490733
synthetic_20250706,synthetic,2025-07-06,union,272,0.08436201501,15.01319523,-0.2308303743,0.0532826617,0.0001757299452,0.9998242701,580.6463198,269.1991899,0.181963748,0.08436201501,0.05036163041,0.1183623996
synthetic_20250706,synthetic,2025-07-06,union,273,0.08467497515,14.97039869,-1.284280711,1.649376945,0.001344182391,0.9986558176,582.2956968,270.1978457,0.182480632,0.08467497515,0.05067459055,0.1186753598
synthetic_20250706,synthetic,2025-07-06,union,274,0.08498778946,14.95416515,0.5115057324,0.2616381143,0.00180955381,0.9981904462,582.5573349,271.1960362,0.1825626245,0.08498778946,0.05098740486,0.1189881741
synthetic_20250706,synthetic,2025-07-06,union,275,0.0853006255,14.93998353,1.724415548,2.973608982,0.0017401824,0.9982598176,585.5309439,272.194296,0.1834944982,0.0853006255,0.0513002409,0.1193010101
synthetic_20250706,synthetic,2025-07-06,union,276,0.08561395556,14.9349915,-0.7943141242,0.6309349278,0.000163785415,0.9998362146,586.1618788,273.1941322,0.1836922215,0.08561395556,0.05161357096,0.1196143402
synthetic_20250706,synthetic,2025-07-06,union,277,0.08592559349,14.91780939,-2.242596638,5.029239681,0.005563374092,0.9944366259,591.1911185,274.1885688,0.1852682916,0.08592559349,0.05192520889,0.1199259781
synthetic_20250706,synthetic,2025-07-06,union,278,0.08623855197,14.91591928,0.8946936375,0.8004767049,0.001349500695,0.9986504993,591.9915952,275.1872193,0.1855191461,0.08623855197,0.05223816737,0.1202389366
synthetic_20250706,synthetic,2025-07-06,union,279,0.08655176196,14.88731153,-1.873392663,3.509600068,0.0005468952318,0.9994531048,595.5011953,276.1866724,0.1866189894,0.08655176196,0.05255137736,0.1205521466
synthetic_20250706,synthetic,2025-07-06,union,280,0.0868647728,14.86888837,0.5576370247,0.3109590514,0.001182427524,0.9988175725,595.8121543,277.18549,0.1867164382,0.0868647728,0.0528643882,0.1208651574
synthetic_20250706,synthetic,2025-07-06,union,281,0.08717789712,14.84263704,-0.9282061081,0.8615665791,0.0008202959051,0.9991797041,596.6737209,278.1846697,0.1869864371,0.08717789712,0.05317751252,0.1211782817
synthetic_20250706,synthetic,2025-07-06,union,282,0.0874906221,14.83217336,0.1838489778,0.03380044662,0.002094579676,0.9979054203,596.7075213,279.1825751,0.1869970296,0.0874906221,0.0534902375,0.1214910067
synthetic_20250706,synthetic,2025-07-06,union,283,0.08780387913,14.8188365,0.08356983392,0.006983917141,0.0003968365708,0.9996031634,596.7145053,280.1821783,0.1869992182,0.08780387913,0.05380349452,0.1218042637
synthetic_20250706,synthetic,2025-07-06,union,284,0.08811718436,14.79942781,1.505498547,2.266525876,0.0002430060685,0.9997569939,598.9810311,281.1819353,0.1877095052,0.08811718436,0.05411679976,0.122117569
synthetic_20250706,synthetic,2025-07-06,union,285,0.08843042932,14.76409756,-0.1135047671,0.01288333215,0.000435327867,0.9995646721,598.9939145,282.1815,0.1877135426,0.08843042932,0.05443004472,0.1224308139
synthetic_20250706,synthetic,2025-07-06,union,286,0.0887435761,14.76234735,0.7589702662,0.576035865,0.0007486148331,0.9992513852,599.5699503,283.1807513,0.1878940615,0.0887435761,0.0547431915,0.1227439607
synthetic_20250706,synthetic,2025-07-06,union,287,0.08905553718,14.75160257,-0.4749886356,0.225614204,0.004532182266,0.9954678177,599.7955645,284.1762192,0.1879647648,0.08905553718,0.05505515258,0.1230559218
synthetic_20250706,synthetic,2025-07-06,union,288,0.08936857302,14.74932404,-1.432269754,2.051396649,0.001102659142,0.9988973409,601.8469612,285.1751165,0.1886076343,0.08936857302,0.05536818842,0.1233689576
synthetic_20250706,synthetic,2025-07-06,union,289,0.08968160399,14.72941746,1.17644029,1.384011756,0.001118175344,0.9988818247,603.2309729,286.1739983,0.1890413579,0.08968160399,0.05568121939,0.1236819886
synthetic_20250706,synthetic,2025-07-06,union,290,0.08999472169,14.71038745,-1.041477978,1.084676378,0.0008414116578,0.9991585883,604.3156493,287.1731569,0.1893812752,0.08999472169,0.05599433709,0.1239951063
synthetic_20250706,synthetic,2025-07-06,union,291,0.09030777217,14.68984845,-0.3112289942,0.09686348682,0.001055910692,0.9989440893,604.4125128,288.172101,0.1894116305,0.09030777217,0.05630738757,0.1243081568
synthetic_20250706,synthetic,2025-07-06,union,292,0.09062058016,14.68002783,-0.6997150003,0.4896010817,0.001829714138,0.9981702859,604.9021139,289.1702713,0.1895650623,0.09062058016,0.05662019556,0.1246209648
synthetic_20250706,synthetic,2025-07-06,union,293,0.09093383242,14.66068564,1.927373263,3.714767696,0.000412041886,0.9995879581,608.6168816,290.1698592,0.1907292014,0.09093383242,0.05693344782,0.124934217
synthetic_20250706,synthetic,2025-07-06,union,294,0.09124700584,14.64681911,-1.502828465,2.258493396,0.0006635967504,0.9993364032,610.875375,291.1691956,0.1914369712,0.09124700584,0.05724662124,0.1252473904
synthetic_20250706,synthetic,2025-07-06,union,295,0.09156034872,14.63580018,1.003897264,1.007809716,0.0001228698525,0.9998771301,611.8831847,292.1690728,0.1917528,0.09156034872,0.05755996412,0.1255607333
synthetic_20250706,synthetic,2025-07-06,union,296,0.09187364518,14.6129522,1.684165945,2.83641493,0.000271003862,0.9997289961,614.7195996,293.1688018,0.1926416796,0.09187364518,0.05787326058,0.1258740298
synthetic_20250706,synthetic,2025-07-06,union,297,0.09218586587,14.582234,-0.9186864229,0.8439847437,0.003703785896,0.9962962141,615.5635844,294.165098,0.1929061687,0.09218586587,0.05818548127,0.1261862505
synthetic_20250706,synthetic,2025-07-06,union,298,0.09249852724,14.57628885,-1.140295609,1.300274077,0.00229755043,0.9977024496,616.8638584,295.1628004,0.1933136504,0.09249852724,0.05849814264,0.1264989118
synthetic_20250706,synthetic,2025-07-06,union,299,0.09281150742,14.56638399,0.6826819448,0.4660546377,0.001280268738,0.9987197313,617.3299131,296.1615202,0.1934597033,0.09281150742,0.05881112282,0.126811892
synthetic_20250706,synthetic,2025-07-06,union,300,0.09312479027,14.54576982,-0.2577745062,0.06644769605,0.0003144199292,0.9996855801,617.3963608,297.1612057,0.1934805267,0.09312479027,0.05912440567,0.1271251749
synthetic_20250706,synthetic,2025-07-06,union,301,0.09343808519,14.53228064,-0.804351439,0.6469812375,0.0002759014459,0.9997240986,618.043342,298.1609298,0.1936832786,0.09343808519,0.05943770059,0.1274384698
synthetic_20250706,synthetic,2025-07-06,union,302,0.09375101484,14.53011183,-0.2008135719,0.04032609065,0.00144150799,0.998558492,618.0836681,299.1594883,0.193695916,0.09375101484,0.05975063024,0.1277513994
synthetic_20250706,synthetic,2025-07-06,union,303,0.09406414744,14.50878602,1.137857693,1.29472013,0.0007938670856,0.9992061329,619.3783882,300.1586945,0.1941016572,0.09406414744,0.06006376284,0.128064532
synthetic_20250706,synthetic,2025-07-06,union,304,0.09437731669,14.4682852,-0.5900056221,0.3481066341,0.000676915494,0.9993230845,619.7264949,301.1580176,0.1942107474,0.09437731669,0.06037693209,0.1283777013
synthetic_20250706,synthetic,2025-07-06,union,305,0.09469050498,14.44695892,-0.6562160455,0.4306194984,0.0006161694195,0.9993838306,620.1571144,302.1574014,0.1943456955,0.09469050498,0.06069012038,0.1286908896
synthetic_20250706,synthetic,2025-07-06,union,306,0.09500374787,14.43821882,2.839254568,8.061366501,0.0004419380823,0.9995580619,628.2184809,303.1569594,0.1968719777,0.09500374787,0.06100336327,0.1290041325
synthetic_20250706,synthetic,2025-07-06,union,307,0.09531692849,14.4226307,-0.7661981273,0.5870595703,0.0006406459727,0.999359354,628.8055404,304.1563188,0.1970559513,0.09531692849,0.06131654389,0.1293173131
synthetic_20250706,synthetic,2025-07-06,union,308,0.09563010376,14.41135037,0.5260340959,0.27671187,0.0006576925687,0.9993423074,629.0822523,305.1556611,0.1971426676,0.09563010376,0.06162971916,0.1296304884
synthetic_20250706,synthetic,2025-07-06,union,309,0.09594317922,14.38281799,-0.6741221999,0.4544407404,0.000976228657,0.9990237713,629.5366931,306.1546849,0.1972850809,0.09594317922,0.06194279462,0.1299435638
synthetic_20250706,synthetic,2025-07-06,union,310,0.0962558353,14.3766718,1.532820374,2.349538298,0.002314440273,0.9976855597,631.8862314,307.1523704,0.1980213824,0.0962558353,0.0622554507,0.1302562199
synthetic_20250706,synthetic,2025-07-06,union,311,0.0965688994,14.35513405,-0.06745922846,0.004550747505,0.001012470534,0.9989875295,631.8907821,308.151358,0.1980228086,0.0965688994,0.0625685148,0.130569284
synthetic_20250706,synthetic,2025-07-06,union,312,0.09688221301,14.33697604,-2.801766011,7.849892779,0.0002162591498,0.9997837409,639.7406749,309.1511417,0.2004828188,0.09688221301,0.06288182841,0.1308825976
synthetic_20250706,synthetic,2025-07-06,union,313,0.09719503248,14.30792207,-0.7530327475,0.5670583188,0.001793070671,0.9982069293,640.3077332,310.1493486,0.2006605243,0.09719503248,0.06319464788,0.1311954171
synthetic_20250706,synthetic,2025-07-06,union,314,0.09750765883,14.29504017,1.11429205,1.241646773,0.002409309963,0.99759069,641.54938,311.1469393,0.2010496333,0.09750765883,0.06350727423,0.1315080434
synthetic_20250706,synthetic,2025-07-06,union,315,0.09782060896,14.28118463,0.6476934467,0.4195068009,0.001376149027,0.998623851,641.9688868,312.1455632,0.201181099,0.09782060896,0.06382022436,0.1318209936
synthetic_20250706,synthetic,2025-07-06,union,316,0.0981337293,14.26458323,0.7360473904,0.5417657609,0.0008330000288,0.999167,642.5106525,313.1447302,0.2013508783,0.0981337293,0.0641333447,0.1321341139
synthetic_20250706,synthetic,2025-07-06,union,317,0.09844686331,14.25022304,0.5183165344,0.2686520298,0.0007893648365,0.9992106352,642.7793046,314.1439408,0.2014350688,0.09844686331,0.06444647871,0.1324472479
synthetic_20250706,synthetic,2025-07-06,union,318,0.09875998056,14.24728371,-0.7414252624,0.5497114197,0.0008428393044,0.9991571607,643.329016,315.143098,0.2016073381,0.09875998056,0.06475959596,0.1327603652
synthetic_20250706,synthetic,2025-07-06,union,319,0.09907326011,14.22083626,-2.662349806,7.088106492,0.0003249783728,0.9996750216,650.4171225,316.142773,0.2038286188,0.09907326011,0.06507287551,0.1330736447
synthetic_20250706,synthetic,2025-07-06,union,320,0.09938638506,14.19637258,-1.487441144,2.212481156,0.000818284787,0.9991817152,652.6296036,317.1419547,0.2045219692,0.09938638506,0.06538600046,0.1333867697
synthetic_20250706,synthetic,2025-07-06,union,321,0.09969940083,14.18903921,0.7330615503,0.5373792365,0.001166670428,0.9988333296,653.1669829,318.140788,0.2046903738,0.09969940083,0.06569901623,0.1336997854
synthetic_20250706,synthetic,2025-07-06,union,322,0.1000122935,14.16683691,-0.6253939276,0.3911175647,0.001559529209,0.9984404708,653.5581004,319.1392285,0.2048129428,0.1000122935,0.06601190889,0.1340126781
synthetic_20250706,synthetic,2025-07-06,union,323,0.1003252236,14.16238917,0.5964591242,0.3557634868,0.001439940986,0.998560059,653.9138639,320.1377886,0.2049244324,0.1003252236,0.06632483902,0.1343256082
synthetic_20250706,synthetic,2025-07-06,union,324,0.1006383337,14.13484888,-0.4577094938,0.2094979807,0.0008656491256,0.9991343509,654.1233619,321.1369229,0.2049900852,0.1006383337,0.06663794913,0.1346387183
synthetic_20250706,synthetic,2025-07-06,union,325,0.1009516116,14.11939811,-1.131691918,1.280726597,0.0003304599517,0.99966954,655.4040885,322.1365925,0.2053914411,0.1009516116,0.06695122695,0.1349519962
synthetic_20250706,synthetic,2025-07-06,union,326,0.1012649316,14.11107663,-1.483140028,2.199704343,0.0001956793028,0.9998043207,657.6037928,323.1363968,0.2060807875,0.1012649316,0.06726454702,0.1352653162
synthetic_20250706,synthetic,2025-07-06,union,327,0.1015778249,14.07854553,1.791666383,3.210068429,0.001557542306,0.9984424577,660.8138613,324.1348392,0.2070867632,0.1015778249,0.0675774403,0.1355782095
synthetic_20250706,synthetic,2025-07-06,union,328,0.1018909327,14.0637361,-0.603704137,0.364458685,0.0008731067689,0.9991268932,661.17832,325.1339661,0.2072009777,0.1018909327,0.06789054807,0.1358913173
synthetic_20250706,synthetic,2025-07-06,union,329,0.1022040861,14.05565153,1.23675021,1.529551082,0.000727391807,0.9992726082,662.707871,326.1332387,0.2076803106,0.1022040861,0.0682037015,0.1362044707
synthetic_20250706,synthetic,2025-07-06,union,330,0.1025170363,14.04196353,0.07800154556,0.00608424111,0.001375753539,0.9986242465,662.7139553,327.131863,0.2076822173,0.1025170363,0.06851665175,0.1365174209
synthetic_20250706,synthetic,2025-07-06,union,331,0.102830102,14.02545109,0.8985281438,0.8073528252,0.001007387663,0.9989926123,663.5213081,328.1308556,0.2079352266,0.102830102,0.06882971744,0.1368304866
synthetic_20250706,synthetic,2025-07-06,union,332,0.1031433564,14.00698735,-0.7757273365,0.6017529007,0.0004052052297,0.9995947948,664.123061,329.1304504,0.2081238048,0.1031433564,0.06914297184,0.137143741
synthetic_20250706,synthetic,2025-07-06,union,333,0.1034566868,14.00010092,1.32402749,1.753048794,0.0001627954731,0.9998372045,665.8761098,330.1302876,0.2086731776,0.1034566868,0.06945630221,0.1374570714
synthetic_20250706,synthetic,2025-07-06,union,334,0.1037697173,13.98867159,1.137220662,1.293270835,0.001119796684,0.9988802033,667.1693806,331.1291678,0.2090784646,0.1037697173,0.06976933267,0.1377701019
synthetic_20250706,synthetic,2025-07-06,union,335,0.1040825826,13.96790918,-1.38307692,1.912901765,0.001646676198,0.9983533238,669.0822824,332.1275211,0.2096779324,0.1040825826,0.07008219802,0.1380829672
synthetic_20250706,synthetic,2025-07-06,union,336,0.1043955912,13.94932244,2.579282154,6.65269643,0.001189647937,0.9988103521,675.7349788,333.1263315,0.2117627637,0.1043955912,0.07039520659,0.1383959758
synthetic_20250706,synthetic,2025-07-06,union,337,0.104708654,13.93314528,0.4424799312,0.1957884895,0.001016671071,0.9989833289,675.9307673,334.1253148,0.2118241201,0.104708654,0.07070826937,0.1387090386
synthetic_20250706,synthetic,2025-07-06,union,338,0.1050213681,13.91610407,-0.5475798341,0.2998436748,0.002129266785,0.9978707332,676.230611,335.1231855,0.2119180855,0.1050213681,0.07102098348,0.1390217527
synthetic_20250706,synthetic,2025-07-06,union,339,0.1053346709,13.90224251,0.07860586325,0.006178881737,0.000250608791,0.9997493912,676.2367899,336.1229349,0.2119200219,0.1053346709,0.07133428633,0.1393350555
synthetic_20250706,synthetic,2025-07-06,union,340,0.1056477478,13.88965768,0.6138263329,0.3767827669,0.0009718016376,0.9990281984,676.6135726,337.1219631,0.2120380986,0.1056477478,0.07164736317,0.1396481324
synthetic_20250706,synthetic,2025-07-06,union,341,0.1059609529,13.87846271,0.07115432172,0.0050629375,0.0005624022584,0.9994375977,676.6186356,338.1214007,0.2120396852,0.1059609529,0.07196056831,0.1399613375
synthetic_20250706,synthetic,2025-07-06,union,342,0.1062740542,13.86863815,-1.099920249,1.209824553,0.0008939291063,0.9991060709,677.8284601,339.1205068,0.2124188217,0.1062740542,0.07227366955,0.1402744388
synthetic_20250706,synthetic,2025-07-06,union,343,0.1065867405,13.85322492,0.6550360697,0.4290722526,0.002217842286,0.9977821577,678.2575324,340.118289,0.212553285,0.1065867405,0.07258635591,0.1405871251
synthetic_20250706,synthetic,2025-07-06,union,344,0.106899331,13.84451491,0.741002345,0.5490844754,0.002523616126,0.9974763839,678.8066169,341.1157653,0.2127253578,0.106899331,0.07289894644,0.1408997156
synthetic_20250706,synthetic,2025-07-06,union,345,0.1072126238,13.82720649,-0.16561489,0.02742829179,0.0002828133222,0.9997171867,678.8340451,342.1154825,0.2127339534,0.1072126238,0.0732122392,0.1412130084
synthetic_20250706,synthetic,2025-07-06,union,346,0.1075258319,13.80576527,0.9514383676,0.9052349674,0.0005528064938,0.9994471935,679.7392801,343.1149297,0.2130176371,0.1075258319,0.07352544734,0.1415262165
synthetic_20250706,synthetic,2025-07-06,union,347,0.1078386167,13.79155291,-0.7537032912,0.5680686511,0.0019037228,0.9980962772,680.3073488,344.113026,0.2131956593,0.1078386167,0.07383823213,0.1418390013
synthetic_20250706,synthetic,2025-07-06,union,348,0.1081518219,13.77796218,-1.548134116,2.396719242,0.0005622707446,0.9994377293,682.704068,345.1124637,0.2139467465,0.1081518219,0.07415143731,0.1421522065
synthetic_20250706,synthetic,2025-07-06,union,349,0.1084650797,13.75872328,0.5142734276,0.2644771583,0.0003943070912,0.9996056929,682.9685452,346.1120694,0.2140296287,0.1084650797,0.07446469513,0.1424654643
synthetic_20250706,synthetic,2025-07-06,union,350,0.108778098,13.74444797,0.1298227285,0.01685394085,0.001158767576,0.9988412324,682.9853991,347.1109107,0.2140349104,0.108778098,0.07477771338,0.1427784826
synthetic_20250706,synthetic,2025-07-06,union,351,0.1090911628,13.71952689,-0.6708861446,0.450088219,0.001010055317,0.9989899447,683.4354873,348.1099006,0.2141759597,0.1090911628,0.07509077823,0.1430915474
synthetic_20250706,synthetic,2025-07-06,union,352,0.1094042689,13.70821335,0.5293452854,0.2802064312,0.0008786583907,0.9991213416,683.7156938,349.1090219,0.2142637712,0.1094042689,0.07540388426,0.1434046535
synthetic_20250706,synthetic,2025-07-06,union,353,0.1097174348,13.69692052,1.284587078,1.650163961,0.0006876409971,0.999312359,685.3658577,350.1083343,0.2147809018,0.1097174348,0.07571705015,0.1437178194
synthetic_20250706,synthetic,2025-07-06,union,354,0.1100304005,13.68236472,-1.372346215,1.883334133,0.001326378451,0.9986736215,687.2491919,351.1070079,0.2153711037,0.1100304005,0.07603001588,0.1440307851
synthetic_20250706,synthetic,2025-07-06,union,355,0.1103437148,13.67298388,-1.770185474,3.133556614,0.0002139744646,0.9997860255,690.3827485,352.1067939,0.216353102,0.1103437148,0.07634333021,0.1443440994
synthetic_20250706,synthetic,2025-07-06,union,356,0.1106567272,13.64728271,-0.7040665894,0.4957097623,0.00117751385,0.9988224861,690.8784582,353.1056164,0.2165084482,0.1106567272,0.07665634258,0.1446571118
synthetic_20250706,synthetic,2025-07-06,union,357,0.110969288,13.63124206,-0.6635926102,0.4403551523,0.00261842667,0.9973815733,691.3188134,354.102998,0.2166464473,0.110969288,0.0769689034,0.1449696726
synthetic_20250706,synthetic,2025-07-06,union,358,0.1112824539,13.62871696,0.6116225798,0.3740821801,0.0006877290563,0.9993122709,691.6928956,355.1023103,0.2167636777,0.1112824539,0.07728206926,0.1452828385
synthetic_20250706,synthetic,2025-07-06,union,359,0.1115957379,13.61203282,-0.4418492069,0.1952307217,0.0003105278509,0.9996894721,691.8881263,356.1019998,0.2168248594,0.1115957379,0.07759535334,0.1455961225
synthetic_20250706,synthetic,2025-07-06,union,360,0.1119087497,13.60511081,3.223418531,10.39042703,0.001179498634,0.9988205014,702.2785533,357.1008203,0.2200810258,0.1119087497,0.07790836509,0.1459091343
synthetic_20250706,synthetic,2025-07-06,union,361,0.1122219274,13.58764091,-1.170871277,1.370939548,0.0006499768715,0.9993500231,703.6494929,358.1001703,0.2205106527,0.1122219274,0.07822154278,0.146222312
synthetic_20250706,synthetic,2025-07-06,union,362,0.1125350355,13.5761975,-0.2917260303,0.08510407674,0.0008719187907,0.9991280812,703.7345969,359.0992984,0.2205373228,0.1125350355,0.07853465092,0.1465354201
synthetic_20250706,synthetic,2025-07-06,union,363,0.1128483103,13.56224282,0.1518305118,0.02305250432,0.0003401627595,0.9996598372,703.7576494,360.0989582,0.220544547,0.1128483103,0.07884792571,0.1468486949
synthetic_20250706,synthetic,2025-07-06,union,364,0.1131613406,13.54037533,0.1002563287,0.01005133145,0.001120283524,0.9988797165,703.7677008,361.0978379,0.2205476969,0.1131613406,0.07916095602,0.1471617252
synthetic_20250706,synthetic,2025-07-06,union,365,0.1134742174,13.53564528,-0.07395595835,0.005469483775,0.001610192116,0.9983898079,703.7731703,362.0962277,0.2205494109,0.1134742174,0.0794738328,0.147474602
synthetic_20250706,synthetic,2025-07-06,union,366,0.1137870122,13.51870013,0.9484007313,0.8994639471,0.00187176344,0.9981282366,704.6726342,363.094356,0.2208312862,0.1137870122,0.07978662761,0.1477873968
synthetic_20250706,synthetic,2025-07-06,union,367,0.1141002761,13.50781351,0.7549882633,0.5700072777,0.0003749450462,0.999625055,705.2426415,364.093981,0.2210099159,0.1141002761,0.08009989149,0.1481006607
synthetic_20250706,synthetic,2025-07-06,union,368,0.1144134743,13.49881602,1.273665706,1.622224331,0.0005844899733,0.99941551,706.8648658,365.0933965,0.2215182908,0.1144134743,0.08041308971,0.1484138589
synthetic_20250706,synthetic,2025-07-06,union,369,0.1147263481,13.48894643,-0.04695344879,0.002204626353,0.001619790675,0.9983802093,706.8670704,366.0917767,0.2215189816,0.1147263481,0.08072596348,0.1487267327
synthetic_20250706,synthetic,2025-07-06,union,370,0.1150393441,13.46909133,0.3538244485,0.1251917404,0.001229765264,0.9987702347,706.9922622,367.090547,0.2215582144,0.1150393441,0.08103895948,0.1490397287
synthetic_20250706,synthetic,2025-07-06,union,371,0.115352513,13.44328795,0.7253135579,0.5260797573,0.0006779400324,0.99932206,707.5183419,368.089869,0.221723078,0.115352513,0.08135212841,0.1493528976
synthetic_20250706,synthetic,2025-07-06,union,372,0.1156658602,13.42705015,0.8037310939,0.6459836713,0.000109035234,0.9998909648,708.1643256,369.08976,0.2219255173,0.1156658602,0.08166547563,0.1496662448
synthetic_20250706,synthetic,2025-07-06,union,373,0.1159788345,13.4191541,-0.9144853969,0.8362835411,0.00129908599,0.998700914,709.0006091,370.0884609,0.222187593,0.1159788345,0.0819784499,0.1499792191
synthetic_20250706,synthetic,2025-07-06,union,374,0.1162919642,13.39796669,1.417856167,2.010316111,0.0008030039587,0.999196996,711.0109253,371.0876579,0.2228175886,0.1162919642,0.08229157964,0.1502923488
synthetic_20250706,synthetic,2025-07-06,union,375,0.1166046481,13.38080889,-0.3083986014,0.09510969735,0.002225714113,0.9977742859,711.106035,372.0854322,0.2228473942,0.1166046481,0.08260426353,0.1506050327
synthetic_20250706,synthetic,2025-07-06,union,376,0.1169176354,13.3634013,-1.13879437,1.296852617,0.001257565565,0.9987424344,712.4028876,373.0841746,0.2232538037,0.1169176354,0.08291725082,0.15091802
synthetic_20250706,synthetic,2025-07-06,union,377,0.1172305646,13.36205506,0.06944921595,0.004823193596,0.001443131374,0.9985568686,712.4077108,374.0827315,0.2232553152,0.1172305646,0.08323017995,0.1512309492
synthetic_20250706,synthetic,2025-07-06,union,378,0.1175436265,13.32549426,-0.8505957099,0.7235130616,0.001019329764,0.9989806702,713.1312238,375.0817122,0.2234820507,0.1175436265,0.0835432419,0.1515440111
synthetic_20250706,synthetic,2025-07-06,union,379,0.1178568997,13.32083949,1.928826949,3.7203734,0.0003452205228,0.9996547795,716.8515972,376.0813669,0.2246479465,0.1178568997,0.0838565151,0.1518572843
synthetic_20250706,synthetic,2025-07-06,union,380,0.1181700674,13.30711547,0.2471241413,0.06107034123,0.0006818314271,0.9993181686,716.9126676,377.0806851,0.2246670848,0.1181700674,0.08416968281,0.152170452
synthetic_20250706,synthetic,2025-07-06,union,381,0.118482377,13.29827987,0.2279322237,0.0519530986,0.003420162225,0.9965798378,716.9646207,378.0772649,0.2246833659,0.118482377,0.08448199238,0.1524827616
synthetic_20250706,synthetic,2025-07-06,union,382,0.1187954998,13.2814986,0.6394484743,0.4088943513,0.0008249564057,0.9991750436,717.373515,379.07644,0.2248115058,0.1187954998,0.08479511524,0.1527958844
synthetic_20250706,synthetic,2025-07-06,union,383,0.1191079272,13.27811554,-1.758577532,3.092594935,0.003044339439,0.9969556606,720.46611,380.0733956,0.2257806675,0.1191079272,0.08510754259,0.1531083118
synthetic_20250706,synthetic,2025-07-06,union,384,0.1194206525,13.2611506,-0.1695377894,0.02874306203,0.002093568216,0.9979064318,720.494853,381.0713021,0.225789675,0.1194206525,0.08542026788,0.1534210371
synthetic_20250706,synthetic,2025-07-06,union,385,0.1197337955,13.23999768,-2.337480699,5.463816019,0.0007605024526,0.9992394975,725.958669,382.0705416,0.2275019333,0.1197337955,0.08573341094,0.1537341801
synthetic_20250706,synthetic,2025-07-06,union,386,0.1200467115,13.23391038,-0.09257789015,0.008570665744,0.001485043992,0.998514956,725.9672397,383.0690565,0.2275046191,0.1200467115,0.08604632694,0.1540470961
synthetic_20250706,synthetic,2025-07-06,union,387,0.1203595969,13.2261116,0.2279837874,0.05197660734,0.001582696784,0.9984173032,726.0192163,384.0674738,0.2275209076,0.1203595969,0.08635921234,0.1543599815
synthetic_20250706,synthetic,2025-07-06,union,388,0.1206718901,13.2070816,-3.059104381,9.358119614,0.003472416777,0.9965275832,735.3773359,385.0640014,0.2304535681,0.1206718901,0.08667150553,0.1546722747
synthetic_20250706,synthetic,2025-07-06,union,389,0.1209842144,13.19907949,0.916210135,0.8394410115,0.003373408154,0.9966265918,736.2167769,386.060628,0.2307166333,0.1209842144,0.08698382976,0.154984599
synthetic_20250706,synthetic,2025-07-06,union,390,0.1212971097,13.18364426,-0.5168281451,0.2671113316,0.001551022863,0.9984489771,736.4838883,387.059077,0.230800341,0.1212971097,0.08729672508,0.1552974943
synthetic_20250706,synthetic,2025-07-06,union,391,0.1216100795,13.18227646,-1.015129495,1.030487892,0.001313263617,0.9986867364,737.5143762,388.0577637,0.2311232768,0.1216100795,0.08760969491,0.1556104641
synthetic_20250706,synthetic,2025-07-06,union,392,0.1219233337,13.17780642,-0.09724698416,0.009456975929,0.0004059441585,0.9995940558,737.5238331,389.0573578,0.2311262404,0.1219233337,0.08792294908,0.1559237183
synthetic_20250706,synthetic,2025-07-06,union,393,0.1222363609,13.1706408,-0.3838874745,0.147369593,0.001130032417,0.9988699676,737.6712027,390.0562277,0.2311724233,0.1222363609,0.08823597634,0.1562367455
synthetic_20250706,synthetic,2025-07-06,union,394,0.1225491437,13.15215129,0.2625186114,0.06891602136,0.001910285046,0.998089715,737.7401187,391.0543175,0.2311940203,0.1225491437,0.08854875907,0.1565495283
synthetic_20250706,synthetic,2025-07-06,union,395,0.1228621913,13.13397784,0.3631740848,0.1318954159,0.001065072273,0.9989349277,737.8720142,392.0532524,0.2312353539,0.1228621913,0.08886180669,0.1568625759
synthetic_20250706,synthetic,2025-07-06,union,396,0.1231749101,13.1081826,-0.9502757702,0.9030240395,0.002114173516,0.9978858265,738.7750382,393.0511382,0.2315183448,0.1231749101,0.08917452553,0.1571752947
synthetic_20250706,synthetic,2025-07-06,union,397,0.1234881587,13.09648491,0.3967166789,0.1573841234,0.0004236976187,0.9995763024,738.9324223,394.0507145,0.231567666,0.1234881587,0.08948777413,0.1574885433
synthetic_20250706,synthetic,2025-07-06,union,398,0.1238012146,13.09029499,-1.767756986,3.124964762,0.001038682024,0.998961318,742.0573871,395.0496758,0.2325469718,0.1238012146,0.08980083002,0.1578015992
synthetic_20250706,synthetic,2025-07-06,union,399,0.1241136754,13.08398724,-1.284370746,1.649608214,0.002937622565,0.9970623774,743.7069953,396.0467382,0.2330639283,0.1241136754,0.0901132908,0.15811406
synthetic_20250706,synthetic,2025-07-06,union,400,0.1244256192,13.05979188,-0.9764210781,0.9533981218,0.004587458987,0.995412541,744.6603934,397.0421508,0.2333627056,0.1244256192,0.09042523457,0.1584260038
synthetic_20250706,synthetic,2025-07-06,union,401,0.1247388395,13.05234549,0.715265152,0.5116042377,0.0005139109625,0.999486089,745.1719977,398.0416368,0.2335230328,0.1247388395,0.0907384549,0.1587392241
synthetic_20250706,synthetic,2025-07-06,union,402,0.1250506913,13.0482513,-0.309053059,0.09551379326,0.004880777044,0.995119223,745.2675115,399.0367561,0.233552965,0.1250506913,0.09105030674,0.1590510759
synthetic_20250706,synthetic,2025-07-06,union,403,0.1253620737,13.03905969,-1.085210853,1.177682594,0.006378850553,0.9936211494,746.445194,400.0303772,0.2339220288,0.1253620737,0.09136168911,0.1593624583
synthetic_20250706,synthetic,2025-07-06,union,404,0.1256747821,13.0218529,0.28382138,0.08055457575,0.002147465737,0.9978525343,746.5257486,401.0282298,0.2339472732,0.1256747821,0.09167439752,0.1596751667
synthetic_20250706,synthetic,2025-07-06,union,405,0.1259868316,13.01532493,1.987143819,3.948740558,0.004249990539,0.9957500095,750.4744892,402.0239798,0.2351847349,0.1259868316,0.09198644704,0.1599872162
synthetic_20250706,synthetic,2025-07-06,union,406,0.1262996267,13.006465,-0.1036082285,0.010734665,0.001871083855,0.9981289161,750.4852238,403.0221087,0.235188099,0.1262996267,0.09229924206,0.1603000113
synthetic_20250706,synthetic,2025-07-06,union,407,0.1266125312,12.98689863,-1.626128598,2.644294218,0.001521507189,0.9984784928,753.1295181,404.0205872,0.2360167716,0.1266125312,0.09261214663,0.1606129158
synthetic_20250706,synthetic,2025-07-06,union,408,0.1269253677,12.97370364,-0.681824807,0.4648850675,0.001738840358,0.9982611596,753.5944031,405.0188483,0.2361624579,0.1269253677,0.0929249831,0.1609257523
synthetic_20250706,synthetic,2025-07-06,union,409,0.1272384517,12.96084069,-0.1463857088,0.02142877575,0.0009488912668,0.9990511087,753.6158319,406.0178994,0.2361691733,0.1272384517,0.09323806712,0.1612388363
synthetic_20250706,synthetic,2025-07-06,union,410,0.127550928,12.95409786,0.5632540266,0.3172550984,0.002888310324,0.9971116897,753.933087,407.0150111,0.2362685951,0.127550928,0.09355054336,0.1615513126
synthetic_20250706,synthetic,2025-07-06,union,411,0.1278636885,12.93543597,0.4323419304,0.1869195448,0.001981057811,0.9980189422,754.1200066,408.0130301,0.2363271722,0.1278636885,0.09386330392,0.1618640731
synthetic_20250706,synthetic,2025-07-06,union,412,0.1281767038,12.91340144,-0.4981930774,0.2481963423,0.001168247816,0.9988317522,754.3682029,409.0118618,0.2364049523,0.1281767038,0.0941763192,0.1621770884
synthetic_20250706,synthetic,2025-07-06,union,413,0.1284894866,12.91125533,-0.9962644659,0.9925428861,0.00190995724,0.9980900428,755.3607458,410.0099519,0.2367159968,0.1284894866,0.09448910204,0.1624898712
synthetic_20250706,synthetic,2025-07-06,union,414,0.1288024996,12.90022225,-0.7689313105,0.5912553603,0.001175531741,0.9988244683,755.9520011,411.0087763,0.2369012852,0.1288024996,0.09480211503,0.1628028842
synthetic_20250706,synthetic,2025-07-06,union,415,0.1291153064,12.88402386,0.4814962083,0.2318385986,0.001833619995,0.99816638,756.1838397,412.0069427,0.2369739391,0.1291153064,0.0951149218,0.163115691
synthetic_20250706,synthetic,2025-07-06,union,416,0.1294286302,12.86151436,-0.06361249237,0.004046549186,0.0001838496964,0.9998161503,756.1878863,413.0067589,0.2369752072,0.1294286302,0.09542824557,0.1634290148
synthetic_20250706,synthetic,2025-07-06,union,417,0.1297417163,12.85272993,-1.094657198,1.198274381,0.0009422970895,0.9990577029,757.3861607,414.0058166,0.2373507241,0.1297417163,0.09574133165,0.1637421009
synthetic_20250706,synthetic,2025-07-06,union,418,0.1300548753,12.83037013,-0.8592788698,0.738360176,0.0007094120977,0.9992905879,758.1245208,415.0051072,0.2375821125,0.1300548753,0.09605449072,0.1640552599
synthetic_20250706,synthetic,2025-07-06,union,419,0.1303676442,12.82119106,-0.4751234823,0.2257423235,0.001954371524,0.9980456285,758.3502632,416.0031528,0.2376528559,0.1303676442,0.09636725964,0.1643680288
synthetic_20250706,synthetic,2025-07-06,union,420,0.1306805892,12.8031432,0.419841581,0.1762669531,0.001392517218,0.9986074828,758.5265301,417.0017603,0.2377080947,0.1306805892,0.09668020464,0.1646809738
synthetic_20250706,synthetic,2025-07-06,union,421,0.1309935429,12.80246878,0.0008258482877,6.820253942e-07,0.001364837415,0.9986351626,758.5265308,418.0003954,0.2377080949,0.1309935429,0.09699315831,0.1649939275
synthetic_20250706,synthetic,2025-07-06,union,422,0.1313062805,12.78409448,-2.023515554,4.094615197,0.002054204637,0.9979457954,762.621146,418.9983412,0.2389912711,0.1313062805,0.09730589595,0.1653066651
synthetic_20250706,synthetic,2025-07-06,union,423,0.1316183523,12.77710264,-0.5993815764,0.3592582742,0.004178951626,0.9958210484,762.9804043,419.9941623,0.2391038559,0.1316183523,0.09761796773,0.1656187369
synthetic_20250706,synthetic,2025-07-06,union,424,0.1319311117,12.76622322,-0.5405910071,0.2922386369,0.001984817589,0.9980151824,763.2726429,420.9921775,0.2391954381,0.1319311117,0.09793072711,0.1659314963
synthetic_20250706,synthetic,2025-07-06,union,425,0.1322442061,12.75026406,-0.2186825603,0.04782206216,0.0009158122823,0.9990841877,763.320465,421.9912616,0.2392104246,0.1322442061,0.09824382149,0.1662445907
synthetic_20250706,synthetic,2025-07-06,union,426,0.1325573409,12.74241911,0.3627411633,0.1315811515,0.0007868322354,0.9992131678,763.4520461,422.9904748,0.2392516597,0.1325573409,0.0985569563,0.1665577255
synthetic_20250706,synthetic,2025-07-06,union,427,0.1328704559,12.73427769,-0.2009782004,0.04039223702,0.0008500073047,0.9991499927,763.4924384,423.9896248,0.2392643179,0.1328704559,0.09887007131,0.1668708405
synthetic_20250706,synthetic,2025-07-06,union,428,0.1331829231,12.72061395,-0.484070407,0.234324159,0.002917304104,0.9970826959,763.7267625,424.9867075,0.2393377507,0.1331829231,0.09918253846,0.1671833077
synthetic_20250706,synthetic,2025-07-06,union,429,0.1334959488,12.70054464,1.74832726,3.056648209,0.001135029679,0.9988649703,766.7834107,425.9855725,0.2402956474,0.1334959488,0.09949556415,0.1674963334
synthetic_20250706,synthetic,2025-07-06,union,430,0.1338092198,12.69824267,-0.6229484701,0.3880647963,0.0003520357597,0.9996479642,767.1714755,426.9852204,0.2404172596,0.1338092198,0.09980883522,0.1678096044
synthetic_20250706,synthetic,2025-07-06,union,431,0.1341225658,12.68255952,0.9845372653,0.9693136268,0.0001128807834,0.9998871192,768.1407892,427.9851076,0.2407210245,0.1341225658,0.1001221812,0.1681229504
synthetic_20250706,synthetic,2025-07-06,union,432,0.1344354435,12.66745768,-1.411266967,1.991674452,0.001607438671,0.9983925613,770.1324636,428.9835001,0.2413451782,0.1344354435,0.1004350589,0.1684358281
synthetic_20250706,synthetic,2025-07-06,union,433,0.1347421646,12.66122819,0.07498080635,0.005622121322,0.02125301375,0.9787469862,770.1380857,429.9622471,0.2413469401,0.1347421646,0.10074178,0.1687425492
synthetic_20250706,synthetic,2025-07-06,union,434,0.1350553016,12.65532764,-1.369509918,1.875557416,0.0007795998295,0.9992204002,772.0136431,430.9614675,0.2419347048,0.1350553016,0.101054917,0.1690556862
synthetic_20250706,synthetic,2025-07-06,union,435,0.1353683757,12.63382653,1.603913263,2.572537755,0.0009806721471,0.9990193279,774.5861809,431.9604868,0.2427408903,0.1353683757,0.1013679911,0.1693687603
synthetic_20250706,synthetic,2025-07-06,union,436,0.1356807195,12.62834178,0.6429058371,0.4133279154,0.003310789114,0.9966892109,774.9995088,432.957176,0.2428704196,0.1356807195,0.1016803349,0.1696811041
synthetic_20250706,synthetic,2025-07-06,union,437,0.1359940005,12.60991192,1.407500622,1.981058002,0.0003205831701,0.9996794168,776.9805668,433.9568555,0.2434912463,0.1359940005,0.1019936159,0.1699943851
synthetic_20250706,synthetic,2025-07-06,union,438,0.1363066032,12.59371913,-0.2307970633,0.05326728444,0.002484606972,0.997515393,777.0338341,434.9543708,0.2435079392,0.1363066032,0.1023062186,0.1703069878
synthetic_20250706,synthetic,2025-07-06,union,439,0.1366193729,12.58683499,1.375813959,1.892864048,0.001952026608,0.9980479734,778.9266981,435.9524188,0.2441011276,0.1366193729,0.1026189883,0.1706197575
synthetic_20250706,synthetic,2025-07-06,union,440,0.1369323971,12.5761233,0.9564697692,0.9148344195,0.001139670943,0.9988603291,779.8415326,436.9512792,0.2443878197,0.1369323971,0.1029320125,0.1709327817
synthetic_20250706,synthetic,2025-07-06,union,441,0.1372450164,12.56734556,2.12931799,4.533995104,0.002431726263,0.9975682737,784.3755277,437.9488474,0.2458086893,0.1372450164,0.1032446318,0.171245401
synthetic_20250706,synthetic,2025-07-06,union,442,0.1375573112,12.55699514,0.4256672775,0.1811926312,0.003467240139,0.9965327599,784.5567203,438.9453802,0.2458654717,0.1375573112,0.1035569266,0.1715576958
synthetic_20250706,synthetic,2025-07-06,union,443,0.1378688938,12.54551422,1.257308638,1.580825011,0.005740126882,0.9942598731,786.1375453,439.9396401,0.2463608729,0.1378688938,0.1038685092,0.1718692784
synthetic_20250706,synthetic,2025-07-06,union,444,0.1381808214,12.53524274,-0.6430490099,0.4135120291,0.004638919928,0.9953610801,786.5510573,440.9350011,0.2464904598,0.1381808214,0.1041804368,0.172181206
synthetic_20250706,synthetic,2025-07-06,union,445,0.138493921,12.52865187,-0.7653841753,0.5858129357,0.0008991756796,0.9991008243,787.1368703,441.934102,0.2466740427,0.138493921,0.1044935364,0.1724943056
synthetic_20250706,synthetic,2025-07-06,union,446,0.1388068192,12.52261459,0.2501818971,0.06259098162,0.001541922484,0.9984580775,787.1994613,442.93256,0.2466936576,0.1388068192,0.1048064346,0.1728072038
synthetic_20250706,synthetic,2025-07-06,union,447,0.1391179384,12.50645671,0.6090614892,0.3709558977,0.007218535746,0.9927814643,787.5704172,443.9253415,0.2468099082,0.1391179384,0.1051175538,0.173118323
synthetic_20250706,synthetic,2025-07-06,union,448,0.1394311966,12.5005791,-0.9426343376,0.8885594944,0.0003931018066,0.9996068982,788.4589767,444.9249484,0.2470883662,0.1394311966,0.105430812,0.1734315812
synthetic_20250706,synthetic,2025-07-06,union,449,0.1397441523,12.48981192,-0.5388221379,0.2903292963,0.00135850442,0.9986414956,788.7493059,445.9235899,0.24717935,0.1397441523,0.1057437677,0.1737445369
synthetic_20250706,synthetic,2025-07-06,union,450,0.1400517432,12.47414214,-0.5941759077,0.3530450093,0.01847723671,0.9815227633,789.102351,446.9051127,0.2472899878,0.1400517432,0.1060513586,0.1740521278
synthetic_20250706,synthetic,2025-07-06,union,451,0.1403643366,12.46487633,0.2553396833,0.06519835385,0.002514494127,0.9974855059,789.1675493,447.9025982,0.2473104197,0.1403643366,0.106363952,0.1743647212
synthetic_20250706,synthetic,2025-07-06,union,452,0.1406774773,12.44817466,-0.8786730117,0.7720662615,0.00076807935,0.9992319206,789.9396156,448.9018301,0.2475523709,0.1406774773,0.1066770927,0.1746778619
synthetic_20250706,synthetic,2025-07-06,union,453,0.1409892517,12.436584,-1.476925363,2.181308527,0.005128000119,0.9948719999,792.1209241,449.8967021,0.2482359524,0.1409892517,0.1069888671,0.1749896363
synthetic_20250706,synthetic,2025-07-06,union,454,0.1413020609,12.41549522,0.8014044904,0.6422491573,0.001825681119,0.9981743189,792.7631733,450.8948764,0.2484372213,0.1413020609,0.1073016763,0.1753024455
synthetic_20250706,synthetic,2025-07-06,union,455,0.1416106375,12.41443607,0.2581673725,0.06665039223,0.01533216608,0.9846678339,792.8298236,451.8795442,0.2484581083,0.1416106375,0.1076102529,0.1756110221
synthetic_20250706,synthetic,2025-07-06,union,456,0.1419220464,12.40480427,-0.404705433,0.1637864875,0.006294071353,0.9937059286,792.9936101,452.8732502,0.248509436,0.1419220464,0.1079216618,0.175922431
synthetic_20250706,synthetic,2025-07-06,union,457,0.1422338897,12.395442,-0.4132382113,0.1707658193,0.00490825123,0.9950917488,793.164376,453.8683419,0.2485629508,0.1422338897,0.1082335051,0.1762342743
synthetic_20250706,synthetic,2025-07-06,union,458,0.1425444073,12.38957523,1.377608773,1.897805931,0.009138338418,0.9908616616,795.0621819,454.8592036,0.2491576878,0.1425444073,0.1085440227,0.1765447919
synthetic_20250706,synthetic,2025-07-06,union,459,0.1428575831,12.38653775,-0.566563803,0.3209945428,0.0006557805074,0.9993442195,795.3831764,455.8585478,0.2492582816,0.1428575831,0.1088571985,0.1768579677
synthetic_20250706,synthetic,2025-07-06,union,460,0.1431694095,12.36580937,0.5353472892,0.2865967201,0.00496200567,0.9950379943,795.6697731,456.8535858,0.2493480956,0.1431694095,0.1091690249,0.1771697941
synthetic_20250706,synthetic,2025-07-06,union,461,0.1434814386,12.35711846,-0.5577794173,0.3111178783,0.00431518386,0.9956848161,795.980891,457.8492706,0.2494455942,0.1434814386,0.109481054,0.1774818232
synthetic_20250706,synthetic,2025-07-06,union,462,0.1437912715,12.34443008,0.6565782977,0.431095061,0.01132315123,0.9886768488,796.4119861,458.8379475,0.2495806913,0.1437912715,0.1097908869,0.1777916561
synthetic_20250706,synthetic,2025-07-06,union,463,0.1441030806,12.33332652,-0.4033542242,0.1626946302,0.005017409884,0.9949825901,796.5746807,459.83293,0.2496316768,0.1441030806,0.110102696,0.1781034652
synthetic_20250706,synthetic,2025-07-06,union,464,0.1444160472,12.31943985,-0.2962698435,0.08777582014,0.001323352217,0.9986766478,796.6624565,460.8316067,0.2496591841,0.1444160472,0.1104156626,0.1784164318
synthetic_20250706,synthetic,2025-07-06,union,465,0.144729346,12.31233182,-0.7927246707,0.6284124035,0.0002636748452,0.9997363252,797.2908689,461.831343,0.2498561169,0.144729346,0.1107289614,0.1787297306
synthetic_20250706,synthetic,2025-07-06,union,466,0.1450422857,12.30793109,-1.118154497,1.25026948,0.001409469198,0.9985905308,798.5411384,462.8299336,0.2502479281,0.1450422857,0.1110419011,0.1790426703
synthetic_20250706,synthetic,2025-07-06,union,467,0.1453500357,12.29329412,0.08653441284,0.007488204606,0.01796970934,0.9820302907,798.5486266,463.8119638,0.2502502747,0.1453500357,0.1113496511,0.1793504203
synthetic_20250706,synthetic,2025-07-06,union,468,0.1456563663,12.2783702,1.809339829,3.273710617,0.0224988915,0.9775011085,801.8223372,464.789465,0.2512761947,0.1456563663,0.1116559817,0.1796567509
synthetic_20250706,synthetic,2025-07-06,union,469,0.1459688619,12.26509634,1.865978386,3.481875337,0.0028265474,0.9971734526,805.3042126,465.7866384,0.2523673496,0.1459688619,0.1119684773,0.1799692465
synthetic_20250706,synthetic,2025-07-06,union,470,0.1462801667,12.260412,-0.6019490318,0.3623426369,0.006626592045,0.993373408,805.6665552,466.7800118,0.252480901,0.1462801667,0.1122797821,0.1802805513
synthetic_20250706,synthetic,2025-07-06,union,471,0.1465927458,12.253638,0.1952816595,0.03813492655,0.002559808035,0.997440192,805.7046901,467.777452,0.2524928518,0.1465927458,0.1125923612,0.1805931304
synthetic_20250706,synthetic,2025-07-06,union,472,0.1469057558,12.2511509,0.8343563543,0.6961505259,0.001185199699,0.9988148003,806.4008407,468.7762668,0.2527110124,0.1469057558,0.1129053712,0.1809061404
synthetic_20250706,synthetic,2025-07-06,union,473,0.1472188933,12.23913278,-0.04227142999,0.001786873793,0.0007781350017,0.999221865,806.4026275,469.7754887,0.2527115724,0.1472188933,0.1132185087,0.1812192779
synthetic_20250706,synthetic,2025-07-06,union,474,0.1475319917,12.22977082,-0.4973155618,0.247322768,0.0009032611566,0.9990967388,806.6499503,470.7745854,0.2527890788,0.1475319917,0.1135316071,0.1815323763
synthetic_20250706,synthetic,2025-07-06,union,475,0.1478405627,12.21930547,1.711460959,2.929098613,0.0153497602,0.9846502398,809.5790489,471.7592356,0.2537070037,0.1478405627,0.1138401781,0.1818409473
synthetic_20250706,synthetic,2025-07-06,union,476,0.1481487324,12.21009391,0.1203628062,0.01448720511,0.01663050654,0.9833694935,809.5935361,472.7426051,0.2537115438,0.1481487324,0.1141483478,0.182149117
synthetic_20250706,synthetic,2025-07-06,union,477,0.1484587428,12.19937152,1.775082628,3.150918335,0.01075698378,0.9892430162,812.7444545,473.7318482,0.2546989829,0.1484587428,0.1144583582,0.1824591274
synthetic_20250706,synthetic,2025-07-06,union,478,0.1487718157,12.19195442,3.113722139,9.695265558,0.0009842230081,0.999015777,822.43972,474.7308639,0.2577372987,0.1487718157,0.1147714311,0.1827722003
synthetic_20250706,synthetic,2025-07-06,union,479,0.1490847501,12.17537972,-0.2576335331,0.06637503738,0.001426271301,0.9985737287,822.5060951,475.7294377,0.2577580994,0.1490847501,0.1150843655,0.1830851347
synthetic_20250706,synthetic,2025-07-06,union,480,0.1493980892,12.17231794,-0.2119788638,0.04493503869,0.000134993093,0.9998650069,822.5510301,476.7293027,0.2577721812,0.1493980892,0.1153977046,0.1833984738
synthetic_20250706,synthetic,2025-07-06,union,481,0.1497112453,12.16451315,-2.807494964,7.882027972,0.0007190190956,0.9992809809,830.4330581,477.7285837,0.260242262,0.1497112453,0.1157108607,0.1837116299
synthetic_20250706,synthetic,2025-07-06,union,482,0.1500243466,12.1536951,-0.8028564568,0.6445784902,0.0008936271349,0.9991063729,831.0776366,478.72769,0.2604442609,0.1500243466,0.116023962,0.1840247312
synthetic_20250706,synthetic,2025-07-06,union,483,0.1503355404,12.14495753,0.2325740157,0.05409067277,0.006980601964,0.993019398,831.1317272,479.7207094,0.2604612119,0.1503355404,0.1163351558,0.184335925
synthetic_20250706,synthetic,2025-07-06,union,484,0.1506487639,12.13177214,0.7564758775,0.5722557532,0.0005036899067,0.9994963101,831.703983,480.7202057,0.2606405462,0.1506487639,0.1166483793,0.1846491485
synthetic_20250706,synthetic,2025-07-06,union,485,0.1509571331,12.13083211,-0.903988723,0.8171956113,0.01599386947,0.9840061305,832.5211786,481.7042119,0.2608966401,0.1509571331,0.1169567485,0.1849575177
synthetic_20250706,synthetic,2025-07-06,union,486,0.151270428,12.11902131,-0.03300409246,0.001089270119,0.0002760849881,0.999723915,832.5222679,482.7039358,0.2608969815,0.151270428,0.1172700434,0.1852708126
synthetic_20250706,synthetic,2025-07-06,union,487,0.151582093,12.09785258,1.126877974,1.269853967,0.005476962522,0.9945230375,833.7921218,483.6984588,0.2612949301,0.151582093,0.1175817084,0.1855824776
synthetic_20250706,synthetic,2025-07-06,union,488,0.1518953209,12.09117802,-0.6994097977,0.4891740651,0.0004899361604,0.9995100638,834.2812959,484.6979689,0.2614482281,0.1518953209,0.1178949363,0.1858957055
synthetic_20250706,synthetic,2025-07-06,union,489,0.1522083145,12.076388,1.546193052,2.390712954,0.001237273849,0.9987627262,836.6720089,485.6967316,0.262197433,0.1522083145,0.1182079299,0.1862086991
synthetic_20250706,synthetic,2025-07-06,union,490,0.1525205445,12.07021425,2.292573184,5.255891804,0.003673949905,0.9963260501,841.9279007,486.6930577,0.2638445317,0.1525205445,0.1185201599,0.1865209291
synthetic_20250706,synthetic,2025-07-06,union,491,0.1528333684,12.06665573,0.3355024972,0.1125619256,0.001778950795,0.9982210492,842.0404626,487.6912787,0.2638798065,0.1528333684,0.1188329838,0.186833753
synthetic_20250706,synthetic,2025-07-06,union,492,0.1531447309,12.05394827,0.2197602339,0.04829456041,0.006442317222,0.9935576828,842.0887571,488.6848364,0.2638949411,0.1531447309,0.1191443463,0.1871451155
synthetic_20250706,synthetic,2025-07-06,union,493,0.153457263,12.051383,-0.9234342376,0.8527307911,0.002710173119,0.9972898269,842.9414879,489.6821262,0.2641621711,0.153457263,0.1194568784,0.1874576476
synthetic_20250706,synthetic,2025-07-06,union,494,0.1537695392,12.04058833,-1.255581523,1.576484962,0.003526598139,0.9964734019,844.5179729,490.6785996,0.2646562121,0.1537695392,0.1197691546,0.1877699238
synthetic_20250706,synthetic,2025-07-06,union,495,0.1540814178,12.02964829,-0.7811249913,0.610156252,0.004795258739,0.9952047413,845.1281292,491.6738044,0.2648474237,0.1540814178,0.1200810332,0.1880818024
synthetic_20250706,synthetic,2025-07-06,union,496,0.1543912662,12.02407819,-0.04381374041,0.001919643848,0.01127377374,0.9887262263,845.1300488,492.6625306,0.2648480253,0.1543912662,0.1203908816,0.1883916508
synthetic_20250706,synthetic,2025-07-06,union,497,0.15470424,12.01656494,0.3806557672,0.1448988131,0.001300804002,0.998699196,845.2749476,493.6612298,0.2648934339,0.15470424,0.1207038554,0.1887046246
synthetic_20250706,synthetic,2025-07-06,union,498,0.1550141647,12.00783888,-0.2493979523,0.06219933861,0.01103024452,0.9889697555,845.3371469,494.6501995,0.264912926,0.1550141647,0.1210137801,0.1890145493
synthetic_20250706,synthetic,2025-07-06,union,499,0.1553235974,11.99680402,-1.037598098,1.076609812,0.01260018811,0.9873998119,846.4137568,495.6375993,0.2652503155,0.1553235974,0.1213232128,0.189323982
synthetic_20250706,synthetic,2025-07-06,union,500,0.155636657,11.9837427,-1.126317581,1.268591294,0.001026741693,0.9989732583,847.6823481,496.6365726,0.2656478684,0.155636657,0.1216362724,0.1896370416
synthetic_20250706,synthetic,2025-07-06,union,501,0.1559481391,11.97415558,0.08471027822,0.007175831236,0.006060625759,0.9939393742,847.6895239,497.630512,0.2656501172,0.1559481391,0.1219477545,0.1899485237
synthetic_20250706,synthetic,2025-07-06,union,502,0.1562609257,11.96677849,0.1884396376,0.03550949704,0.001897970664,0.9981020293,847.7250334,498.628614,0.2656612452,0.1562609257,0.1222605411,0.1902613103
synthetic_20250706,synthetic,2025-07-06,union,503,0.1565741262,11.95454059,0.466208928,0.2173507646,0.0005772402363,0.9994227598,847.9423841,499.6280368,0.2657293589,0.1565741262,0.1225737416,0.1905745108
synthetic_20250706,synthetic,2025-07-06,union,504,0.1568821461,11.95251704,1.793138816,3.215346814,0.0171085201,0.9828914799,851.157731,500.6109282,0.2667369887,0.1568821461,0.1228817615,0.1908825307
synthetic_20250706,synthetic,2025-07-06,union,505,0.1571947949,11.94250373,-0.2826495351,0.07989075968,0.002337594598,0.9976624054,851.2376217,501.6085907,0.266762025,0.1571947949,0.1231944103,0.1911951795
synthetic_20250706,synthetic,2025-07-06,union,506,0.1575050354,11.9369979,0.5259818833,0.2766569416,0.01002262916,0.9899773708,851.5142787,502.598568,0.2668487241,0.1575050354,0.1235046508,0.19150542
synthetic_20250706,synthetic,2025-07-06,union,507,0.157815042,11.93093192,-0.4890713741,0.239190809,0.01076900147,0.9892309985,851.7534695,503.587799,0.2669236821,0.157815042,0.1238146574,0.1918154266
synthetic_20250706,synthetic,2025-07-06,union,508,0.1581250654,11.91884848,-1.937361613,3.75337002,0.01071532196,0.989284678,855.5068395,504.5770837,0.2680999184,0.1581250654,0.1241246808,0.19212545
synthetic_20250706,synthetic,2025-07-06,union,509,0.1584370953,11.91134019,-2.343941815,5.494063233,0.004312551403,0.9956874486,861.0009027,505.5727712,0.2698216555,0.1584370953,0.1244367107,0.1924374799
synthetic_20250706,synthetic,2025-07-06,union,510,0.1587466219,11.90701875,-0.2763616427,0.07637575757,0.01230062978,0.9876993702,861.0772785,506.5604705,0.2698455902,0.1587466219,0.1247462373,0.1927470065
synthetic_20250706,synthetic,2025-07-06,union,511,0.1590532806,11.89611206,-0.655540557,0.4297334219,0.02145214157,0.9785478584,861.5070119,507.5390184,0.2699802607,0.1590532806,0.125052896,0.1930536652
synthetic_20250706,synthetic,2025-07-06,union,512,0.1593666007,11.89516089,-0.7843580715,0.6152175843,0.0001956978243,0.9998043022,862.1222295,508.5388227,0.2701730584,0.1593666007,0.1253662161,0.1933669853
synthetic_20250706,synthetic,2025-07-06,union,513,0.159679856,11.88342504,-0.8909610834,0.7938116521,0.0004021894628,0.9995978105,862.9160411,509.5384205,0.2704218242,0.159679856,0.1256794714,0.1936802406
synthetic_20250706,synthetic,2025-07-06,union,514,0.159993111,11.87992676,-0.7903110799,0.624591603,0.000403285248,0.9995967148,863.5406327,510.5380172,0.2706175596,0.159993111,0.1259927264,0.1939934956
synthetic_20250706,synthetic,2025-07-06,union,515,0.1603061709,11.87631785,-0.5902996265,0.348453649,0.001025904872,0.9989740951,863.8890864,511.5369913,0.2707267585,0.1603061709,0.1263057863,0.1943065555
synthetic_20250706,synthetic,2025-07-06,union,516,0.1606150734,11.87533333,-0.03790155263,0.001436527692,0.01429195316,0.9857080468,863.8905229,512.5226993,0.2707272087,0.1606150734,0.1266146888,0.194615458
synthetic_20250706,synthetic,2025-07-06,union,517,0.1609186662,11.86099328,0.8813885459,0.7768457689,0.03123562699,0.968764373,864.6673687,513.4914637,0.2709706577,0.1609186662,0.1269182816,0.1949190508
synthetic_20250706,synthetic,2025-07-06,union,518,0.1612313834,11.85229489,1.534269585,2.353983158,0.002119270515,0.9978807295,867.0213518,514.4893445,0.2717083522,0.1612313834,0.1272309988,0.195231768
synthetic_20250706,synthetic,2025-07-06,union,519,0.1615437553,11.84294247,-0.2433137989,0.05920160475,0.003221197979,0.996778802,867.0805535,515.4861233,0.2717269049,0.1615437553,0.1275433707,0.1955441399
synthetic_20250706,synthetic,2025-07-06,union,520,0.1618552032,11.81889719,-0.6126875856,0.3753860775,0.006169781643,0.9938302184,867.4559395,516.4799535,0.2718445439,0.1618552032,0.1278548186,0.1958555878
synthetic_20250706,synthetic,2025-07-06,union,521,0.1621675277,11.81596057,-0.2478506741,0.06142995663,0.003372602755,0.9966273972,867.5173695,517.4765809,0.2718637949,0.1621675277,0.1281671431,0.1961679123
synthetic_20250706,synthetic,2025-07-06,union,522,0.1624796038,11.81341049,-1.150604401,1.323890487,0.00416519843,0.9958348016,868.84126,518.4724157,0.2722786775,0.1624796038,0.1284792192,0.1964799884
synthetic_20250706,synthetic,2025-07-06,union,523,0.1627920399,11.79807111,-0.08674902483,0.007525393308,0.003016416353,0.9969835836,868.8487854,519.4693993,0.2722810358,0.1627920399,0.1287916553,0.1967924245
synthetic_20250706,synthetic,2025-07-06,union,524,0.1631053243,11.7966456,0.1236306853,0.01528454636,0.0003093021744,0.9996906978,868.8640699,520.46909,0.2722858257,0.1631053243,0.1291049397,0.1971057089
synthetic_20250706,synthetic,2025-07-06,union,525,0.1634168014,11.79297364,0.9138379709,0.8350998371,0.006076557594,0.9939234424,869.6991697,521.4630134,0.2725475305,0.1634168014,0.1294164168,0.197417186
synthetic_20250706,synthetic,2025-07-06,union,526,0.1637289597,11.78216299,0.8122188752,0.6596995013,0.003903018568,0.9960969814,870.3588692,522.4591104,0.272754268,0.1637289597,0.1297285751,0.1977293443
synthetic_20250706,synthetic,2025-07-06,union,527,0.1640419752,11.77156746,-0.3020033011,0.09120599385,0.001167647745,0.9988323523,870.4500752,523.4579427,0.2727828503,0.1640419752,0.1300415906,0.1980423598
synthetic_20250706,synthetic,2025-07-06,union,528,0.1643541507,11.76823732,1.22813068,1.508304967,0.003847835404,0.9961521646,871.9583802,524.4540949,0.273255525,0.1643541507,0.1303537661,0.1983545353
synthetic_20250706,synthetic,2025-07-06,union,529,0.1646658992,11.76480816,-0.615276145,0.3785647346,0.005210539117,0.9947894609,872.3369449,525.4488844,0.2733741601,0.1646658992,0.1306655146,0.1986662838
synthetic_20250706,synthetic,2025-07-06,union,530,0.1649780685,11.7557812,1.042512333,1.086831965,0.003867897202,0.9961321028,873.4237769,526.4450165,0.273714753,0.1649780685,0.1309776839,0.1989784531
synthetic_20250706,synthetic,2025-07-06,union,531,0.1652900283,11.74647172,1.000047779,1.000095561,0.004536274587,0.9954637254,874.4238725,527.4404802,0.2740281644,0.1652900283,0.1312896437,0.1992904129
synthetic_20250706,synthetic,2025-07-06,union,532,0.1655984933,11.74573294,0.9702563612,0.9413974065,0.01568800316,0.9843119968,875.3652699,528.4247922,0.2743231808,0.1655984933,0.1315981087,0.1995988779
synthetic_20250706,synthetic,2025-07-06,union,533,0.1659114018,11.74022531,-0.430505897,0.1853353274,0.001508937707,0.9984910623,875.5506052,529.4232832,0.2743812614,0.1659114018,0.1319110172,0.1999117864
synthetic_20250706,synthetic,2025-07-06,union,534,0.1662180584,11.73285052,1.300244105,1.690634732,0.02145889082,0.9785411092,877.2412399,530.4018243,0.2749110749,0.1662180584,0.1322176738,0.200218443
synthetic_20250706,synthetic,2025-07-06,union,535,0.1665312066,11.72618409,-0.5543359098,0.3072883009,0.0007439393971,0.9992560606,877.5485282,531.4010804,0.2750073733,0.1665312066,0.132530822,0.2005315912
synthetic_20250706,synthetic,2025-07-06,union,536,0.1668441081,11.70944697,-0.6975192649,0.4865331249,0.001531470827,0.9984685292,878.0350614,532.3995489,0.2751598437,0.1668441081,0.1328437235,0.2008444927
synthetic_20250706,synthetic,2025-07-06,union,537,0.1671566387,11.7006402,0.4307319393,0.1855300035,0.002714890316,0.9972851097,878.2205914,533.396834,0.2752179854,0.1671566387,0.1331562541,0.2011570233
synthetic_20250706,synthetic,2025-07-06,union,538,0.1674695775,11.69368499,0.1530979415,0.02343897969,0.001412110347,0.9985878897,878.2440303,534.3954219,0.2752253307,0.1674695775,0.1334691929,0.2014699621
synthetic_20250706,synthetic,2025-07-06,union,539,0.167782824,11.68242558,0.5859362326,0.3433212687,0.0004304479307,0.9995695521,878.5873516,535.3949915,0.2753329212,0.167782824,0.1337824394,0.2017832086
synthetic_20250706,synthetic,2025-07-06,union,540,0.168095411,11.67535609,1.826110671,3.334680182,0.002534927556,0.9974650724,881.9220318,536.3924566,0.2763779479,0.168095411,0.1340950264,0.2020957956
synthetic_20250706,synthetic,2025-07-06,union,541,0.1684085345,11.67107013,-0.01242133677,0.000154289607,0.0008229328254,0.9991770672,881.9221861,537.3916336,0.2763779963,0.1684085345,0.1344081499,0.2024089191
synthetic_20250706,synthetic,2025-07-06,union,542,0.1687214931,11.66096142,-0.2166093787,0.04691962296,0.001349024575,0.9986509754,881.9691057,538.3902846,0.2763927,0.1687214931,0.1347211085,0.2027218777
synthetic_20250706,synthetic,2025-07-06,union,543,0.169034588,11.65089709,-0.8104712084,0.6568635796,0.0009141786047,0.9990858214,882.6259693,539.3893704,0.2765985488,0.169034588,0.1350342034,0.2030349726
synthetic_20250706,synthetic,2025-07-06,union,544,0.1693476536,11.64583429,-0.1130073917,0.01277067058,0.001007747323,0.9989922527,882.63874,540.3883627,0.2766025509,0.1693476536,0.135347269,0.2033480382
synthetic_20250706,synthetic,2025-07-06,union,545,0.1696606521,11.6363266,0.5450750154,0.2971067724,0.00122169188,0.9987783081,882.9358467,541.387141,0.2766956586,0.1696606521,0.1356602675,0.2036610367
synthetic_20250706,synthetic,2025-07-06,union,546,0.1699731516,11.62135441,-1.157618751,1.340081172,0.002814162543,0.9971858375,884.2759279,542.3843268,0.2771156151,0.1699731516,0.135972767,0.2039735362
synthetic_20250706,synthetic,2025-07-06,union,547,0.1702856251,11.6161218,0.2064080094,0.04260426634,0.002897183608,0.9971028164,884.3185322,543.3814296,0.2771289665,0.1702856251,0.1362852405,0.2042860097
synthetic_20250706,synthetic,2025-07-06,union,548,0.1705988525,11.61311674,0.283365215,0.08029584505,0.000491441928,0.9995085581,884.398828,544.3809382,0.2771541297,0.1705988525,0.1365984679,0.2045992371
synthetic_20250706,synthetic,2025-07-06,union,549,0.1709121165,11.60670478,0.7608118908,0.5788347332,0.0003745932598,0.9996254067,884.9776627,545.3805636,0.2773355258,0.1709121165,0.1369117319,0.2049125011
synthetic_20250706,synthetic,2025-07-06,union,550,0.1712252664,11.60170655,0.4957541986,0.2457722254,0.000738531097,0.9992614689,885.223435,546.3798251,0.2774125462,0.1712252664,0.1372248818,0.205225651
synthetic_20250706,synthetic,2025-07-06,union,551,0.1715386049,11.59032611,-0.6412609651,0.4112156254,0.0001367473494,0.9998632527,885.6346506,547.3796883,0.2775414135,0.1715386049,0.1375382203,0.2055389895
synthetic_20250706,synthetic,2025-07-06,union,552,0.1718516846,11.56779001,-0.1002063027,0.01004130309,0.000962831822,0.9990371682,885.6446919,548.3787255,0.2775445603,0.1718516846,0.1378513,0.2058520692
synthetic_20250706,synthetic,2025-07-06,union,553,0.1721648309,11.55575868,-0.06430543033,0.00413518837,0.0007500098262,0.9992499902,885.6488271,549.3779755,0.2775458562,0.1721648309,0.1381644463,0.2061652155
synthetic_20250706,synthetic,2025-07-06,union,554,0.1724774902,11.55285272,1.647880735,2.715510917,0.002304284363,0.9976957156,888.364338,550.3756712,0.2783968468,0.1724774902,0.1384771056,0.2064778748
synthetic_20250706,synthetic,2025-07-06,union,555,0.1727901784,11.55035568,-0.6629733913,0.4395337176,0.002211904928,0.9977880951,888.8038717,551.3734593,0.2785345884,0.1727901784,0.1387897938,0.206790563
synthetic_20250706,synthetic,2025-07-06,union,556,0.1731019061,11.54309251,0.6939877817,0.4816190411,0.005276788172,0.9947232118,889.2854908,552.3681825,0.2786855189,0.1731019061,0.1391015215,0.2071022907
synthetic_20250706,synthetic,2025-07-06,union,557,0.1734146501,11.53477684,-0.04203340011,0.001766806725,0.002034171861,0.9979658281,889.2872576,553.3661483,0.2786860726,0.1734146501,0.1394142655,0.2074150347
synthetic_20250706,synthetic,2025-07-06,union,558,0.1737218876,11.52701478,1.148872505,1.319908032,0.01960496603,0.980395034,890.6071656,554.3465434,0.2790997072,0.1737218876,0.139721503,0.2077222722
synthetic_20250706,synthetic,2025-07-06,union,559,0.1740349262,11.51850208,1.138730971,1.296708224,0.001093918066,0.9989060819,891.9038738,555.3454495,0.2795060714,0.1740349262,0.1400345416,0.2080353108
synthetic_20250706,synthetic,2025-07-06,union,560,0.1743478773,11.5045542,-0.3892529477,0.1515178573,0.001372850707,0.9986271493,892.0553917,556.3440766,0.2795535543,0.1743478773,0.1403474927,0.2083482619
synthetic_20250706,synthetic,2025-07-06,union,561,0.1746611166,11.4993972,0.8967343974,0.8041325796,0.0004534994159,0.9995465006,892.8595243,557.3436231,0.2798055545,0.1746611166,0.140660732,0.2086615012
synthetic_20250706,synthetic,2025-07-06,union,562,0.1749743714,11.49459537,-0.8720384687,0.760451091,0.0004039961948,0.9995960038,893.6199754,558.3432191,0.2800438657,0.1749743714,0.1409739868,0.208974756
synthetic_20250706,synthetic,2025-07-06,union,563,0.1752876887,11.48386633,-0.07960544595,0.006337027025,0.0002045050019,0.999795495,893.6263124,559.3430146,0.2800458516,0.1752876887,0.1412873041,0.2092880733
synthetic_20250706,synthetic,2025-07-06,union,564,0.1756007836,11.48010511,0.005437224794,2.956341346e-05,0.0009139925412,0.9990860075,893.6263419,560.3421006,0.2800458608,0.1756007836,0.141600399,0.2096011682
synthetic_20250706,synthetic,2025-07-06,union,565,0.1759140498,11.4761633,-0.8564266145,0.733466546,0.0003678197952,0.9996321802,894.3598085,561.3417328,0.2802757156,0.1759140498,0.1419136652,0.2099144344
synthetic_20250706,synthetic,2025-07-06,union,566,0.1762249138,11.47038407,-0.2509072938,0.06295447008,0.008033007303,0.9919669927,894.422763,562.3336998,0.2802954444,0.1762249138,0.1422245292,0.2102252984
synthetic_20250706,synthetic,2025-07-06,union,567,0.1765378333,11.46088857,0.5672148567,0.3217326936,0.00147357558,0.9985264244,894.7444957,563.3322262,0.2803962694,0.1765378333,0.1425374487,0.2105382179
synthetic_20250706,synthetic,2025-07-06,union,568,0.1768491276,11.45274828,1.75266861,3.071847258,0.006659972809,0.9933400272,897.8163429,564.3255662,0.2813589291,0.1768491276,0.142848743,0.2108495122
synthetic_20250706,synthetic,2025-07-06,union,569,0.1771607771,11.4467127,-0.2979486751,0.08877341297,0.005526444975,0.994473555,897.9051163,565.3200398,0.2813867491,0.1771607771,0.1431603925,0.2111611617
synthetic_20250706,synthetic,2025-07-06,union,570,0.1774736584,11.43645087,1.190217673,1.416618109,0.001595852692,0.9984041473,899.3217344,566.3184439,0.2818306908,0.1774736584,0.1434732738,0.211474043
synthetic_20250706,synthetic,2025-07-06,union,571,0.1777863879,11.43225698,0.126808025,0.0160802752,0.00208019626,0.9979198037,899.3378147,567.3163637,0.2818357301,0.1777863879,0.1437860033,0.2117867725
synthetic_20250706,synthetic,2025-07-06,union,572,0.1780991218,11.42530363,-0.6735537742,0.4536746867,0.002066210954,0.997933789,899.7914894,568.3142975,0.2819779033,0.1780991218,0.1440987372,0.2120995064
synthetic_20250706,synthetic,2025-07-06,union,573,0.1784122165,11.42194062,1.577983196,2.490030968,0.0009145457738,0.9990854542,902.2815204,569.313383,0.2827582326,0.1784122165,0.1444118319,0.2124126011
synthetic_20250706,synthetic,2025-07-06,union,574,0.1787252439,11.41297543,-1.187414178,1.409952431,0.001129646538,0.9988703535,903.6914728,570.3122533,0.2832000855,0.1787252439,0.1447248593,0.2127256285
synthetic_20250706,synthetic,2025-07-06,union,575,0.1790383999,11.4042554,2.085250453,4.348269451,0.0007193029939,0.999280697,908.0397422,571.311534,0.2845627522,0.1790383999,0.1450380153,0.2130387845
synthetic_20250706,synthetic,2025-07-06,union,576,0.1793511789,11.39639814,-1.140456975,1.300642113,0.001922097575,0.9980779024,909.3403844,572.3096119,0.2849703492,0.1793511789,0.1453507943,0.2133515635
synthetic_20250706,synthetic,2025-07-06,union,577,0.1796644718,11.3886299,-0.1638019573,0.02683108123,0.0002823541334,0.9997176459,909.3672154,573.3093296,0.2849787576,0.1796644718,0.1456640872,0.2136648564
synthetic_20250706,synthetic,2025-07-06,union,578,0.1799772288,11.38097279,0.04149268084,0.001721642563,0.001992633916,0.9980073661,909.3689371,574.3073369,0.2849792971,0.1799772288,0.1459768442,0.2139776134
synthetic_20250706,synthetic,2025-07-06,union,579,0.1802902143,11.37794101,-0.8719984255,0.7603812541,0.001263059888,0.9987369401,910.1293183,575.3060739,0.2852175864,0.1802902143,0.1462898297,0.2142905989
synthetic_20250706,synthetic,2025-07-06,union,580,0.1806034423,11.36519543,-0.2237036766,0.0500433349,0.0004895084506,0.9995104915,910.1793617,576.3055844,0.2852332691,0.1806034423,0.1466030577,0.2146038269
synthetic_20250706,synthetic,2025-07-06,union,581,0.1809155072,11.36297852,-1.653071744,2.732646192,0.004200975349,0.9957990247,912.9120079,577.3013834,0.2860896295,0.1809155072,0.1469151226,0.2149158918
synthetic_20250706,synthetic,2025-07-06,union,582,0.1812285506,11.35790931,-0.4860724079,0.2362663857,0.001078448848,0.9989215512,913.1482743,578.300305,0.286163671,0.1812285506,0.147228166,0.2152289352
synthetic_20250706,synthetic,2025-07-06,union,583,0.181540438,11.34581086,-1.345109844,1.809320493,0.00476735457,0.9952326454,914.9575947,579.2955376,0.2867306784,0.181540438,0.1475400534,0.2155408226
synthetic_20250706,synthetic,2025-07-06,union,584,0.1818524686,11.33998046,0.1424524932,0.02029271283,0.00431019024,0.9956898098,914.9778875,580.2912274,0.2867370377,0.1818524686,0.147852084,0.2158528532
synthetic_20250706,synthetic,2025-07-06,union,585,0.1821647566,11.33351061,1.365388288,1.864285177,0.003488945591,0.9965110544,916.8421726,581.2877385,0.28732127,0.1821647566,0.148164372,0.2161651412
synthetic_20250706,synthetic,2025-07-06,union,586,0.1824779957,11.32949009,-0.4057508697,0.1646337683,0.0004540421435,0.9995459579,917.0068064,582.2872844,0.2873728632,0.1824779957,0.1484776111,0.2164783803
synthetic_20250706,synthetic,2025-07-06,union,587,0.1827911855,11.32179726,-0.09256914688,0.008569046953,0.0006114159237,0.9993885841,917.0153754,583.286673,0.2873755486,0.1827911855,0.1487908009,0.2167915701
synthetic_20250706,synthetic,2025-07-06,union,588,0.183103869,11.31442749,-1.772805951,3.142840941,0.002226909226,0.9977730908,920.1582164,584.2844461,0.2883604564,0.183103869,0.1491034844,0.2171042536
synthetic_20250706,synthetic,2025-07-06,union,589,0.1834170149,11.30852391,0.0953732686,0.009096060363,0.000751499839,0.9992485002,920.1673125,585.2836946,0.2883633069,0.1834170149,0.1494166303,0.2174173995
synthetic_20250706,synthetic,2025-07-06,union,590,0.1837301111,11.29899534,1.142794338,1.305978898,0.0009099401646,0.9990900598,921.4732913,586.2827847,0.2887725764,0.1837301111,0.1497297265,0.2177304957
synthetic_20250706,synthetic,2025-07-06,union,591,0.1840419314,11.29227126,0.7170026679,0.5140928258,0.004981633488,0.9950183665,921.9873842,587.277803,0.2889336835,0.1840419314,0.1500415468,0.218042316
synthetic_20250706,synthetic,2025-07-06,union,592,0.1843552346,11.29019638,-0.3930562696,0.1544932311,0.0002494138104,0.9997505862,922.1418774,588.2775536,0.2889820988,0.1843552346,0.15035485,0.2183556192
synthetic_20250706,synthetic,2025-07-06,union,593,0.1846682964,11.28195443,0.9225714069,0.8511380008,0.001019853703,0.9989801463,922.9930154,589.2765338,0.2892488296,0.1846682964,0.1506679118,0.218668681
synthetic_20250706,synthetic,2025-07-06,union,594,0.1849803373,11.27784673,-0.6870364474,0.47201908,0.004277417347,0.9957225827,923.4650345,590.2722563,0.2893967516,0.1849803373,0.1509799527,0.2189807219
synthetic_20250706,synthetic,2025-07-06,union,595,0.1852936949,11.27450642,0.7909730911,0.6256384308,7.596307696e-05,0.9999240369,924.0906729,591.2721804,0.2895928151,0.1852936949,0.1512933103,0.2192940795
synthetic_20250706,synthetic,2025-07-06,union,596,0.1856067458,11.26531242,0.3677265345,0.1352228042,0.001054431744,0.9989455683,924.2258957,592.2711259,0.2896351914,0.1856067458,0.1516063612,0.2196071304
synthetic_20250706,synthetic,2025-07-06,union,597,0.1859199668,11.2526295,1.163932701,1.354739331,0.0005117602105,0.9994882398,925.5806351,593.2706142,0.2900597415,0.1859199668,0.1519195822,0.2199203514
synthetic_20250706,synthetic,2025-07-06,union,598,0.1862328264,11.25208441,-1.799669055,3.238808707,0.001665281365,0.9983347186,928.8194438,594.2689489,0.2910747238,0.1862328264,0.1522324418,0.220233211
synthetic_20250706,synthetic,2025-07-06,union,599,0.1865455209,11.24573067,1.07180723,1.148770738,0.00219168831,0.9978083117,929.9682145,595.2667572,0.2914347272,0.1865455209,0.1525451363,0.2205459055
synthetic_20250706,synthetic,2025-07-06,union,600,0.1868588254,11.23904279,0.7350761463,0.5403369408,0.0002452933655,0.9997547066,930.5085514,596.2665119,0.2916040587,0.1868588254,0.1528584408,0.22085921
synthetic_20250706,synthetic,2025-07-06,union,601,0.1871717228,11.23339834,-0.3315998477,0.109958459,0.001544348296,0.9984556517,930.6185099,597.2649676,0.2916385177,0.1871717228,0.1531713382,0.2211721074
synthetic_20250706,synthetic,2025-07-06,union,602,0.1874843572,11.22694287,-0.08318207966,0.006919258376,0.002383629613,0.9976163704,930.6254292,598.2625839,0.291640686,0.1874843572,0.1534839726,0.2214847418
synthetic_20250706,synthetic,2025-07-06,union,603,0.1877976373,11.22164712,-0.1199371872,0.01438492888,0.0003234689584,0.999676531,930.6398141,599.2622605,0.291645194,0.1877976373,0.1537972527,0.2217980219
synthetic_20250706,synthetic,2025-07-06,union,604,0.1881109315,11.21187296,-0.4866955765,0.2368725842,0.0002779908254,0.9997220092,930.8766867,600.2619825,0.2917194255,0.1881109315,0.1541105469,0.2221113161
synthetic_20250706,synthetic,2025-07-06,union,605,0.1884233023,11.20574501,0.7132257842,0.5086910193,0.003224768013,0.996775232,931.3853777,601.2587577,0.2918788398,0.1884233023,0.1544229177,0.2224236869
synthetic_20250706,synthetic,2025-07-06,union,606,0.1887325083,11.1969466,0.6737485937,0.4539371675,0.01332388982,0.9866761102,931.8393149,602.2454338,0.2920210952,0.1887325083,0.1547321236,0.2227328929
synthetic_20250706,synthetic,2025-07-06,union,607,0.189045711,11.19027143,1.891118891,3.576330659,0.0005699308041,0.9994300692,935.4156455,603.2448639,0.2931418507,0.189045711,0.1550453264,0.2230460956
synthetic_20250706,synthetic,2025-07-06,union,608,0.1893588027,11.18949853,-0.2291957372,0.05253068595,0.0009244342548,0.9990755657,935.4681762,604.2439395,0.2931583128,0.1893588027,0.1553584181,0.2233591873
synthetic_20250706,synthetic,2025-07-06,union,609,0.1896719608,11.18236447,0.03286957579,0.001080409013,0.0007125116265,0.9992874884,935.4692566,605.2432269,0.2931586514,0.1896719608,0.1556715762,0.2236723454
synthetic_20250706,synthetic,2025-07-06,union,610,0.1899852787,11.17573053,-1.368042773,1.87154103,0.0002027648647,0.9997972351,937.3407976,606.2430242,0.2937451575,0.1899852787,0.1559848941,0.2239856633
synthetic_20250706,synthetic,2025-07-06,union,611,0.1902977049,11.16859736,0.3125119349,0.09766370946,0.003047873448,0.9969521266,937.4384613,607.2399763,0.2937757635,0.1902977049,0.1562973203,0.2242980895
synthetic_20250706,synthetic,2025-07-06,union,612,0.1906108087,11.15956386,-0.1697190213,0.02880454621,0.0008856160123,0.999114384,937.4672659,608.2390907,0.2937847903,0.1906108087,0.1566104241,0.2246111933
synthetic_20250706,synthetic,2025-07-06,union,613,0.1909235839,11.15746593,-0.2427753105,0.05893985137,0.001934350128,0.9980656499,937.5262057,609.2371563,0.293803261,0.1909235839,0.1569231993,0.2249239685
synthetic_20250706,synthetic,2025-07-06,union,614,0.1912368693,11.1459569,-0.3230880493,0.1043858876,0.000306509883,0.9996934901,937.6305916,610.2368498,0.2938359736,0.1912368693,0.1572364847,0.2252372539
synthetic_20250706,synthetic,2025-07-06,union,615,0.1915501079,11.13903537,1.132521035,1.282603895,0.0004555863203,0.9995444137,938.9131955,611.2363942,0.2942379177,0.1915501079,0.1575497233,0.2255504925
synthetic_20250706,synthetic,2025-07-06,union,616,0.1918627659,11.13500794,-1.272261103,1.618648315,0.002308218034,0.997691782,940.5318438,612.234086,0.294745172,0.1918627659,0.1578623813,0.2258631505
synthetic_20250706,synthetic,2025-07-06,union,617,0.1921755895,11.12681498,-1.865040958,3.478377776,0.001779808056,0.9982201919,944.0102216,613.2323062,0.2958352308,0.1921755895,0.1581752049,0.2261759741
synthetic_20250706,synthetic,2025-07-06,union,618,0.1924881359,11.12385775,-0.5057196453,0.2557523597,0.002664423632,0.9973355764,944.265974,614.2296418,0.2959153789,0.1924881359,0.1584877513,0.2264885205
synthetic_20250706,synthetic,2025-07-06,union,619,0.1927985015,11.11271586,-0.4638685349,0.2151740176,0.009623361651,0.9903766383,944.481148,615.2200184,0.2959828104,0.1927985015,0.1587981169,0.2267988861
synthetic_20250706,synthetic,2025-07-06,union,620,0.1931101924,11.10588193,0.3127207455,0.09779426468,0.005394392149,0.9946056079,944.5789423,616.214624,0.2960134573,0.1931101924,0.1591098078,0.227110577
synthetic_20250706,synthetic,2025-07-06,union,621,0.193422955,11.10409151,-1.313506783,1.72530007,0.001974792347,0.9980252077,946.3042423,617.2126493,0.2965541342,0.193422955,0.1594225704,0.2274233396
synthetic_20250706,synthetic,2025-07-06,union,622,0.1937359567,11.09654833,1.661918148,2.761971931,0.001211464063,0.9987885359,949.0662143,618.2114378,0.2974196848,0.1937359567,0.1597355721,0.2277363413
synthetic_20250706,synthetic,2025-07-06,union,623,0.1940491889,11.08743524,-0.2558705937,0.06546976072,0.0004759213521,0.9995240786,949.131684,619.2109619,0.2974402018,0.1940491889,0.1600488043,0.2280495735
synthetic_20250706,synthetic,2025-07-06,union,624,0.1943624531,11.08379863,-1.14295671,1.306350041,0.0003741437044,0.9996258563,950.4380341,620.2105877,0.2978495876,0.1943624531,0.1603620685,0.2283628377
synthetic_20250706,synthetic,2025-07-06,union,625,0.1946747944,11.07937175,-1.379383068,1.902697649,0.003318777743,0.9966812223,952.3407317,621.2072689,0.2984458576,0.1946747944,0.1606744098,0.228675179
synthetic_20250706,synthetic,2025-07-06,union,626,0.1949880687,11.07282098,-0.3847020699,0.1479956826,0.0003417998393,0.9996582002,952.4887274,622.2069271,0.2984922367,0.1949880687,0.1609876841,0.2289884533
synthetic_20250706,synthetic,2025-07-06,union,627,0.1953013798,11.06478484,0.01729256014,0.0002990326363,0.0002242872241,0.9997757128,952.4890264,623.2067029,0.2984923304,0.1953013798,0.1613009952,0.2293017644
synthetic_20250706,synthetic,2025-07-06,union,628,0.1956142923,11.05462269,0.08156596199,0.006653006155,0.001496230586,0.9985037694,952.4956794,624.2052066,0.2984944154,0.1956142923,0.1616139077,0.2296146769
synthetic_20250706,synthetic,2025-07-06,union,629,0.1959273306,11.05104647,-0.1887639102,0.03563181381,0.001094647141,0.9989053529,952.5313112,625.204112,0.2985055817,0.1959273306,0.161926946,0.2299277152
synthetic_20250706,synthetic,2025-07-06,union,630,0.1962403261,11.04468905,-0.6014355677,0.3617247421,0.001231242182,0.9987687578,952.893036,626.2028807,0.2986189395,0.1962403261,0.1622399415,0.2302407107
synthetic_20250706,synthetic,2025-07-06,union,631,0.1965533226,11.03679418,-0.4533352586,0.2055128567,0.001228314615,0.9987716854,953.0985488,627.2016524,0.2986833434,0.1965533226,0.162552938,0.2305537072
synthetic_20250706,synthetic,2025-07-06,union,632,0.196866563,11.03115266,1.592211138,2.535136308,0.0004497577717,0.9995502422,955.6336852,628.2012027,0.2994778079,0.196866563,0.1628661784,0.2308669476
synthetic_20250706,synthetic,2025-07-06,union,633,0.1971798116,11.02162288,0.05311557685,0.002821264504,0.0004237441177,0.9995762559,955.6365064,629.2007789,0.2994786921,0.1971798116,0.163179427,0.2311801962
synthetic_20250706,synthetic,2025-07-06,union,634,0.1974929822,11.02082216,-0.6987481902,0.4882490333,0.0006726545537,0.9993273454,956.1247555,630.2001063,0.2996317002,0.1974929822,0.1634925976,0.2314933668
synthetic_20250706,synthetic,2025-07-06,union,635,0.1978061291,11.01837238,1.429199894,2.042612336,0.0007482455966,0.9992517544,958.1673678,631.199358,0.3002718169,0.1978061291,0.1638057445,0.2318065137
synthetic_20250706,synthetic,2025-07-06,union,636,0.1981192673,11.0113584,0.5285491229,0.2793641753,0.0007761903241,0.9992238097,958.446732,632.1985818,0.3003593645,0.1981192673,0.1641188827,0.2321196519
synthetic_20250706,synthetic,2025-07-06,union,637,0.1984321008,11.00755463,1.70581509,2.909805123,0.001748287639,0.9982517124,961.3565371,633.1968335,0.3012712432,0.1984321008,0.1644317162,0.2324324854
synthetic_20250706,synthetic,2025-07-06,union,638,0.1987433611,11.00071653,1.202464323,1.445920449,0.006768314519,0.9932316855,962.8024575,634.1900652,0.3017243678,0.1987433611,0.1647429765,0.2327437457
synthetic_20250706,synthetic,2025-07-06,union,639,0.1990566025,10.9958845,-0.2768637387,0.0766535298,0.0004466809006,0.9995533191,962.8791111,635.1896185,0.3017483896,0.1990566025,0.1650562179,0.2330569871
synthetic_20250706,synthetic,2025-07-06,union,640,0.1993698345,10.98914843,0.01544161712,0.0002384435392,0.0004766074158,0.9995233926,962.8793495,636.1891419,0.3017484643,0.1993698345,0.1653694499,0.2333702191
synthetic_20250706,synthetic,2025-07-06,union,641,0.1996830675,10.9817652,-1.136111511,1.290749366,0.000473518614,0.9995264814,964.1700989,637.1886684,0.3021529611,0.1996830675,0.1656826829,0.2336834521
synthetic_20250706,synthetic,2025-07-06,union,642,0.1999963908,10.97337418,1.632932215,2.666467618,0.0001854964416,0.9998145036,966.8365665,638.1884829,0.3029885824,0.1999963908,0.1659960062,0.2339967754
synthetic_20250706,synthetic,2025-07-06,union,643,0.2003088994,10.96916989,0.8985698758,0.8074278217,0.002785056184,0.9972149438,967.6439943,639.1856979,0.3032416153,0.2003088994,0.1663085148,0.234309284
synthetic_20250706,synthetic,2025-07-06,union,644,0.2006221441,10.95908793,-0.07539834829,0.005684910925,0.0004361463408,0.9995638537,967.6496792,640.1852617,0.3032433968,0.2006221441,0.1666217595,0.2346225287
synthetic_20250706,synthetic,2025-07-06,union,645,0.2009351724,10.95284259,1.663206387,2.766255486,0.001126455851,0.9988735441,970.4159347,641.1841353,0.3041102898,0.2009351724,0.1669347878,0.234935557
synthetic_20250706,synthetic,2025-07-06,union,646,0.2012483469,10.9417751,0.5333080529,0.2844174793,0.0006603456096,0.9993396544,970.7003522,642.1834749,0.3041994209,0.2012483469,0.1672479623,0.2352487315
synthetic_20250706,synthetic,2025-07-06,union,647,0.2015612855,10.93243239,1.526186206,2.329244335,0.001412905967,0.998587094,973.0295965,643.182062,0.3049293627,0.2015612855,0.1675609009,0.2355616701
synthetic_20250706,synthetic,2025-07-06,union,648,0.2018742118,10.92791687,-0.07453436017,0.005555370846,0.00145231827,0.9985476817,973.0351519,644.1806097,0.3049311037,0.2018742118,0.1678738272,0.2358745964
synthetic_20250706,synthetic,2025-07-06,union,649,0.2021856259,10.92141742,-0.56207808,0.315931768,0.006277534128,0.9937224659,973.3510837,645.1743322,0.3050301108,0.2021856259,0.1681852413,0.2361860105
synthetic_20250706,synthetic,2025-07-06,union,650,0.2024988853,10.92000252,-2.056357361,4.228605597,0.0003891735738,0.9996108264,977.5796893,646.173943,0.3063552771,0.2024988853,0.1684985007,0.2364992699
synthetic_20250706,synthetic,2025-07-06,union,651,0.202812105,10.9135775,-0.8538692728,0.729092735,0.0005158981487,0.9994841019,978.308782,647.1734271,0.3065837612,0.202812105,0.1688117204,0.2368124896
synthetic_20250706,synthetic,2025-07-06,union,652,0.2031250681,10.90226294,0.8530940542,0.7277694653,0.001334791452,0.9986652085,979.0365515,648.1720923,0.3068118306,0.2031250681,0.1691246835,0.2371254527
synthetic_20250706,synthetic,2025-07-06,union,653,0.2034382707,10.89658292,-0.7884862277,0.6217105312,0.0005704362936,0.9994295637,979.658262,649.1715219,0.3070066631,0.2034382707,0.1694378861,0.2374386553
synthetic_20250706,synthetic,2025-07-06,union,654,0.203751558,10.89080864,2.398315213,5.751915863,0.0003004237356,0.9996995763,985.4101779,650.1712214,0.3088092065,0.203751558,0.1697511734,0.2377519426
synthetic_20250706,synthetic,2025-07-06,union,655,0.2040646949,10.88576412,0.4142001359,0.1715617526,0.0007801470956,0.9992198529,985.5817396,651.1704413,0.3088629707,0.2040646949,0.1700643103,0.2380650795
synthetic_20250706,synthetic,2025-07-06,union,656,0.2043770701,10.87738909,0.2084738625,0.04346135134,0.003210570803,0.9967894292,985.625201,652.1672307,0.3088765907,0.2043770701,0.1703766855,0.2383774547
synthetic_20250706,synthetic,2025-07-06,union,657,0.2046895391,10.87085935,1.439708078,2.072759351,0.002911348686,0.9970886513,987.6979603,653.1643194,0.3095261549,0.2046895391,0.1706891545,0.2386899237
synthetic_20250706,synthetic,2025-07-06,union,658,0.2050027413,10.8694311,-1.10445769,1.219826789,0.000571727088,0.9994282729,988.9177871,654.1637476,0.3099084259,0.2050027413,0.1710023567,0.239003126
synthetic_20250706,synthetic,2025-07-06,union,659,0.2053160363,10.86181498,0.8966082197,0.8039062997,0.0002758611583,0.9997241388,989.7216934,655.1634718,0.3101603552,0.2053160363,0.1713156517,0.2393164209
synthetic_20250706,synthetic,2025-07-06,union,660,0.2056293202,10.85161649,0.998893569,0.9977883623,0.0003109918292,0.9996890082,990.7194818,656.1631608,0.3104730435,0.2056293202,0.1716289356,0.2396297048
synthetic_20250706,synthetic,2025-07-06,union,661,0.2059421085,10.8484682,1.120278977,1.255024985,0.001892629488,0.9981073705,991.9745067,657.1612682,0.310866345,0.2059421085,0.1719417239,0.2399424931
synthetic_20250706,synthetic,2025-07-06,union,662,0.2062553999,10.8362539,-1.984394027,3.937819656,0.0002870745821,0.9997129254,995.9123264,658.1609811,0.3121003843,0.2062553999,0.1722550153,0.2402557845
synthetic_20250706,synthetic,2025-07-06,union,663,0.2065686841,10.8324483,0.8045606622,0.6473178591,0.0003101093911,0.9996898906,996.5596443,659.160671,0.3123032417,0.2065686841,0.1725682995,0.2405690687
synthetic_20250706,synthetic,2025-07-06,union,664,0.2068818679,10.82375055,1.388448924,1.927790414,0.0006303568077,0.9993696432,998.4874347,660.1600406,0.3129073753,0.2068818679,0.1728814833,0.2408822525
synthetic_20250706,synthetic,2025-07-06,union,665,0.207195203,10.81858258,-0.6507368778,0.4234584841,0.0001478477625,0.9998521522,998.9108932,661.1598928,0.3130400793,0.207195203,0.1731948184,0.2411955876
synthetic_20250706,synthetic,2025-07-06,union,666,0.207508483,10.81387458,-0.3606493285,0.1300679382,0.0003233855401,0.9996766145,999.0409611,662.1595694,0.3130808402,0.207508483,0.1735080984,0.2415088676
synthetic_20250706,synthetic,2025-07-06,union,667,0.2078214497,10.80777068,0.7226939954,0.522286611,0.001323477337,0.9986765227,999.5632477,663.1582459,0.3132445151,0.2078214497,0.1738210651,0.2418218343
synthetic_20250706,synthetic,2025-07-06,union,668,0.208134567,10.80568296,-1.009580129,1.019252037,0.0008425874388,0.9991574126,1000.5825,664.1574033,0.3135639297,0.208134567,0.1741341824,0.2421349516
synthetic_20250706,synthetic,2025-07-06,union,669,0.2084475391,10.79547458,0.4895603554,0.2396693416,0.001306041177,0.9986939588,1000.822169,665.1560973,0.3136390376,0.2084475391,0.1744471545,0.2424479237
synthetic_20250706,synthetic,2025-07-06,union,670,0.2087607302,10.79165325,0.463109505,0.2144704136,0.0006072692619,0.9993927307,1001.03664,666.15549,0.3137062487,0.2087607302,0.1747603456,0.2427611148
synthetic_20250706,synthetic,2025-07-06,union,671,0.2090740156,10.78549148,0.2803298966,0.07858485093,0.0003062890851,0.9996937109,1001.115224,667.1551837,0.3137308757,0.2090740156,0.175073631,0.2430744002
synthetic_20250706,synthetic,2025-07-06,union,672,0.2093870707,10.7825767,1.457017605,2.1229003,0.001041024189,0.9989589758,1003.238125,668.1541427,0.3143961531,0.2093870707,0.1753866861,0.2433874553
synthetic_20250706,synthetic,2025-07-06,union,673,0.2096997687,10.77961504,-0.7376921258,0.5441896724,0.00218064728,0.9978193527,1003.782314,669.1519621,0.314566692,0.2096997687,0.1756993841,0.2437001533
synthetic_20250706,synthetic,2025-07-06,union,674,0.2100130496,10.76794384,0.7416141567,0.5499915574,0.0003207507893,0.9996792492,1004.332306,670.1516413,0.3147390492,0.2100130496,0.176012665,0.2440134342
synthetic_20250706,synthetic,2025-07-06,union,675,0.2103259199,10.76374573,0.2304345281,0.05310007174,0.00163080445,0.9983691956,1004.385406,671.1500105,0.3147556897,0.2103259199,0.1763255353,0.2443263045
synthetic_20250706,synthetic,2025-07-06,union,676,0.2106391369,10.75818354,-1.257366428,1.580970334,0.0005245916537,0.9994754083,1005.966376,672.1494859,0.3152511364,0.2106391369,0.1766387523,0.2446395215
synthetic_20250706,synthetic,2025-07-06,union,677,0.2109523808,10.75629834,-0.9424482803,0.888208761,0.0004387217709,0.9995612782,1006.854585,673.1490472,0.3155294845,0.2109523808,0.1769519962,0.2449527654
synthetic_20250706,synthetic,2025-07-06,union,678,0.2112654899,10.7471583,-0.1398561617,0.01955974596,0.0008689413945,0.9991310586,1006.874145,674.1481782,0.3155356142,0.2112654899,0.1772651053,0.2452658745
synthetic_20250706,synthetic,2025-07-06,union,679,0.2115788123,10.74154515,-0.6873801229,0.4724914333,0.0001882009059,0.9998117991,1007.346636,675.14799,0.3156836842,0.2115788123,0.1775784277,0.2455791969
synthetic_20250706,synthetic,2025-07-06,union,680,0.2118913541,10.7358896,2.470951568,6.105601651,0.002679257328,0.9973207427,1013.452238,676.1453108,0.3175970661,0.2118913541,0.1778909695,0.2458917387
synthetic_20250706,synthetic,2025-07-06,union,681,0.2122039785,10.72217923,1.439257297,2.071461567,0.002415358902,0.9975846411,1015.523699,677.1428954,0.3182462236,0.2122039785,0.1782035939,0.2462043631
synthetic_20250706,synthetic,2025-07-06,union,682,0.2125172543,10.70957165,-0.4777077567,0.2282047008,0.0003370674742,0.9996629325,1015.751904,678.1425584,0.3183177387,0.2125172543,0.1785168697,0.2465176389
synthetic_20250706,synthetic,2025-07-06,union,683,0.2128305067,10.70300895,-0.2346897362,0.05507927228,0.0004115449811,0.999588455,1015.806983,679.1421468,0.3183349995,0.2128305067,0.1788301221,0.2468308913
synthetic_20250706,synthetic,2025-07-06,union,684,0.2131438051,10.69507938,0.6361775202,0.4047218372,0.0002648508141,0.9997351492,1016.211705,680.141882,0.3184618318,0.2131438051,0.1791434205,0.2471441897
synthetic_20250706,synthetic,2025-07-06,union,685,0.2134570663,10.68693448,-0.1988960851,0.03955965267,0.000383316014,0.999616684,1016.251265,681.1414986,0.3184742291,0.2134570663,0.1794566817,0.2474574509
synthetic_20250706,synthetic,2025-07-06,union,686,0.2137703587,10.67787549,0.1153383889,0.01330294395,0.0002841731559,0.9997158268,1016.264568,682.1412145,0.3184783979,0.2137703587,0.1797699741,0.2477707433
synthetic_20250706,synthetic,2025-07-06,union,687,0.2140833737,10.67500862,-0.02664614043,0.0007100167998,0.001169090447,0.9988309096,1016.265278,683.1400454,0.3184786205,0.2140833737,0.1800829891,0.2480837583
synthetic_20250706,synthetic,2025-07-06,union,688,0.2143963456,10.6693809,-0.7852050212,0.6165469253,0.001306700298,0.9986932997,1016.881825,684.1387387,0.3186718348,0.2143963456,0.180395961,0.2483967302
synthetic_20250706,synthetic,2025-07-06,union,689,0.2147094527,10.66887237,-0.2989694736,0.08938274614,0.0008750957528,0.9991249042,1016.971208,685.1378636,0.3186998457,0.2147094527,0.1807090681,0.2487098373
synthetic_20250706,synthetic,2025-07-06,union,690,0.2150221246,10.65749719,-0.3271065738,0.1069987106,0.002263996606,0.9977360034,1017.078206,686.1355996,0.3187333771,0.2150221246,0.18102174,0.2490225092
synthetic_20250706,synthetic,2025-07-06,union,691,0.2153352143,10.65107884,0.6489243416,0.4211028012,0.00093060904,0.999069391,1017.499309,687.134669,0.3188653429,0.2153352143,0.1813348297,0.2493355989
synthetic_20250706,synthetic,2025-07-06,union,692,0.2156483103,10.64422689,1.07069449,1.146386692,0.0009109691296,0.9990890309,1018.645696,688.133758,0.3192245991,0.2156483103,0.1816479257,0.2496486949
synthetic_20250706,synthetic,2025-07-06,union,693,0.2159615212,10.63664301,-0.07475540475,0.005588370539,0.0005440029085,0.9994559971,1018.651284,689.133214,0.3192263504,0.2159615212,0.1819611366,0.2499619058
synthetic_20250706,synthetic,2025-07-06,union,694,0.216274842,10.63472075,1.196536117,1.43169868,0.0001932063526,0.9998067936,1020.082983,690.1330208,0.3196750181,0.216274842,0.1822744574,0.2502752266
synthetic_20250706,synthetic,2025-07-06,union,695,0.2165881206,10.62336466,-0.5886006743,0.3464507538,0.0003280555132,0.9996719445,1020.429434,691.1326927,0.3197835893,0.2165881206,0.182587736,0.2505885052
synthetic_20250706,synthetic,2025-07-06,union,696,0.2169012656,10.61917499,0.07252533288,0.005259923909,0.0007542955162,0.9992457045,1020.434693,692.1319385,0.3197852377,0.2169012656,0.182900881,0.2509016502
synthetic_20250706,synthetic,2025-07-06,union,697,0.2172145128,10.61282737,-1.015237744,1.030707677,0.0004281871794,0.9995718128,1021.465401,693.1315103,0.3201082423,0.2172145128,0.1832141282,0.2512148974
synthetic_20250706,synthetic,2025-07-06,union,698,0.2175278355,10.60734716,0.4420903936,0.1954439161,0.0001872011117,0.9998127989,1021.660845,694.1313231,0.3201694908,0.2175278355,0.1835274509,0.2515282201
synthetic_20250706,synthetic,2025-07-06,union,699,0.21784109,10.60290298,-1.125800077,1.267425814,0.0004047993333,0.9995952007,1022.928271,695.1309183,0.3205666784,0.21784109,0.1838407054,0.2518414746
synthetic_20250706,synthetic,2025-07-06,union,700,0.2181540781,10.59865311,0.2092481736,0.04378479815,0.001254891265,0.9987451087,1022.972056,696.1296634,0.3205803998,0.2181540781,0.1841536935,0.2521544627
synthetic_20250706,synthetic,2025-07-06,union,701,0.2184665947,10.59310004,-0.5004148659,0.2504150381,0.002759670579,0.9972403294,1023.222471,697.1269037,0.3206588752,0.2184665947,0.1844662101,0.2524669793
synthetic_20250706,synthetic,2025-07-06,union,702,0.218779917,10.59082833,0.6072329375,0.3687318404,0.000188428309,0.9998115717,1023.591203,698.1267153,0.3207744289,0.218779917,0.1847795324,0.2527803016
synthetic_20250706,synthetic,2025-07-06,union,703,0.2190930368,10.58804606,-0.2869525936,0.082341791,0.0008348859987,0.999165114,1023.673544,699.1258804,0.3208002333,0.2190930368,0.1850926522,0.2530934214
synthetic_20250706,synthetic,2025-07-06,union,704,0.2194063456,10.5856834,0.1800723451,0.03242604948,0.000231424419,0.9997685756,1023.70597,700.125649,0.320810395,0.2194063456,0.185405961,0.2534067302
synthetic_20250706,synthetic,2025-07-06,union,705,0.2197196342,10.57980536,-1.35756559,1.84298433,0.0002962748087,0.9997037252,1025.548955,701.1253527,0.321387952,0.2197196342,0.1857192496,0.2537200188
synthetic_20250706,synthetic,2025-07-06,union,706,0.2200326602,10.57111512,-0.1619295042,0.02622116434,0.001134117036,0.998865883,1025.575176,702.1242186,0.3213961692,0.2200326602,0.1860322756,0.2540330448
synthetic_20250706,synthetic,2025-07-06,union,707,0.2203457227,10.5689101,0.3178119395,0.1010044289,0.001017428477,0.9989825715,1025.67618,703.1232011,0.3214278221,0.2203457227,0.1863453381,0.2543461073
synthetic_20250706,synthetic,2025-07-06,union,708,0.2206589422,10.56696524,0.08378492854,0.007019914251,0.0005165156277,0.9994834844,1025.6832,704.1226846,0.321430022,0.2206589422,0.1866585576,0.2546593268
synthetic_20250706,synthetic,2025-07-06,union,709,0.2209719727,10.55708983,-1.327197505,1.761453218,0.001119700522,0.9988802995,1027.444653,705.1215649,0.3219820287,0.2209719727,0.1869715881,0.2549723573
synthetic_20250706,synthetic,2025-07-06,union,710,0.2212849358,10.5534597,-0.2657919279,0.07064534891,0.001334920171,0.9986650798,1027.515299,706.12023,0.3220041676,0.2212849358,0.1872845512,0.2552853204
synthetic_20250706,synthetic,2025-07-06,union,711,0.2215981148,10.54900816,1.793119161,3.215276326,0.0006456504308,0.9993543496,1030.730575,707.1195844,0.3230117753,0.2215981148,0.1875977302,0.2555984994
synthetic_20250706,synthetic,2025-07-06,union,712,0.2219113909,10.53777,-0.8679343766,0.7533100821,0.0003359550279,0.999664045,1031.483885,708.1192484,0.3232478487,0.2219113909,0.1879110063,0.2559117755
synthetic_20250706,synthetic,2025-07-06,union,713,0.222224733,10.53579446,1.406273698,1.977605713,0.0001253815122,0.9998746185,1033.461491,709.119123,0.3238675935,0.222224733,0.1882243484,0.2562251176
synthetic_20250706,synthetic,2025-07-06,union,714,0.2225379771,10.53116466,-0.1766988883,0.03122249711,0.0004380610635,0.9995619389,1033.492713,710.118685,0.3238773781,0.2225379771,0.1885375925,0.2565383617
synthetic_20250706,synthetic,2025-07-06,union,715,0.2228512846,10.52746105,1.69497982,2.872956592,0.0002356446735,0.9997643553,1036.36567,711.1184493,0.3247777092,0.2228512846,0.1888509,0.2568516692
synthetic_20250706,synthetic,2025-07-06,union,716,0.2231644081,10.52082018,-0.3110420663,0.096747167,0.000823019814,0.9991769802,1036.462417,712.1176263,0.3248080279,0.2231644081,0.1891640235,0.2571647927
synthetic_20250706,synthetic,2025-07-06,union,717,0.2234775434,10.51259621,-0.8945816588,0.8002763443,0.000785445657,0.9992145543,1037.262694,713.1168409,0.3250588197,0.2234775434,0.1894771588,0.257477928
synthetic_20250706,synthetic,2025-07-06,union,718,0.2237905707,10.50591564,1.281546618,1.642361734,0.001129788424,0.9988702116,1038.905055,714.1157111,0.3255735053,0.2237905707,0.1897901861,0.2577909553
synthetic_20250706,synthetic,2025-07-06,union,719,0.2241037928,10.50116116,-0.7513792765,0.5645708172,0.0005083512896,0.9994916487,1039.469626,715.1152027,0.3257504312,0.2241037928,0.1901034082,0.2581041774
synthetic_20250706,synthetic,2025-07-06,union,720,0.2244169736,10.49479545,-0.2837195222,0.08049676727,0.0006400309031,0.9993599691,1039.550123,716.1145627,0.3257756574,0.2244169736,0.190416589,0.2584173582
synthetic_20250706,synthetic,2025-07-06,union,721,0.2247300229,10.49235678,-1.440024025,2.073669194,0.001059645719,0.9989403543,1041.623792,717.113503,0.3264255067,0.2247300229,0.1907296383,0.2587304075
synthetic_20250706,synthetic,2025-07-06,union,722,0.22504314,10.48635464,-1.238893638,1.534857446,0.0008432544071,0.9991567456,1043.158649,718.1126598,0.3269065025,0.22504314,0.1910427554,0.2590435246
synthetic_20250706,synthetic,2025-07-06,union,723,0.2253561979,10.47933727,-1.66986178,2.788438365,0.00103230982,0.9989676902,1045.947088,719.1116275,0.3277803472,0.2253561979,0.1913558133,0.2593565825
synthetic_20250706,synthetic,2025-07-06,union,724,0.2256691132,10.47403587,-0.254348578,0.06469319912,0.001487283612,0.9985127164,1046.011781,720.1101402,0.3278006208,0.2256691132,0.1916687286,0.2596694978
synthetic_20250706,synthetic,2025-07-06,union,725,0.2259824225,10.4683784,-0.3424749885,0.1172891178,0.0002300681921,0.9997699318,1046.12907,721.1099101,0.327837377,0.2259824225,0.1919820379,0.2599828071
synthetic_20250706,synthetic,2025-07-06,union,726,0.2262952753,10.46477235,0.6817007971,0.4647159767,0.001686533516,0.9983134665,1046.593786,722.1082236,0.3279830104,0.2262952753,0.1922948907,0.2602956599
synthetic_20250706,synthetic,2025-07-06,union,727,0.2266085139,10.46121023,-0.9295957779,0.8641483102,0.000455712018,0.999544288,1047.457934,723.1077679,0.3282538184,0.2266085139,0.1926081293,0.2606088985
synthetic_20250706,synthetic,2025-07-06,union,728,0.226921826,10.45324345,0.05220377795,0.002725234432,0.0002211667043,0.9997788333,1047.46066,724.1075467,0.3282546724,0.226921826,0.1929214414,0.2609222106
synthetic_20250706,synthetic,2025-07-06,union,729,0.227234963,10.44418053,1.389041368,1.929435921,0.000779838045,0.999220162,1049.390096,725.1067669,0.3288593217,0.227234963,0.1932345784,0.2612353476
synthetic_20250706,synthetic,2025-07-06,union,730,0.2275482101,10.43872953,0.8613392548,0.7419053118,0.0004284051083,0.9995715949,1050.132001,726.1063385,0.329091821,0.2275482101,0.1935478255,0.2615485947
synthetic_20250706,synthetic,2025-07-06,union,731,0.2278614994,10.43663897,0.5570888248,0.3103479587,0.0002940031318,0.9997059969,1050.442349,727.1060445,0.3291890783,0.2278614994,0.1938611148,0.261861884
synthetic_20250706,synthetic,2025-07-06,union,732,0.2281744076,10.42508621,0.6210140802,0.3856584878,0.001509803876,0.9984901961,1050.828007,728.1045347,0.3293099365,0.2281744076,0.194174023,0.2621747922
synthetic_20250706,synthetic,2025-07-06,union,733,0.2284876411,10.41439836,0.5741889629,0.3296929651,0.0004718357694,0.9995281642,1051.1577,729.1040628,0.3294132561,0.2284876411,0.1944872565,0.2624880257
synthetic_20250706,synthetic,2025-07-06,union,734,0.228801001,10.41285379,-0.05352244922,0.002864652571,6.861402291e-05,0.999931386,1051.160565,730.1039942,0.3294141539,0.228801001,0.1948006164,0.2628013856
synthetic_20250706,synthetic,2025-07-06,union,735,0.2291142318,10.40556977,-0.8008134643,0.6413022046,0.0004804025204,0.9995195975,1051.801867,731.1035138,0.329615126,0.2291142318,0.1951138472,0.2631146164
synthetic_20250706,synthetic,2025-07-06,union,736,0.2294272912,10.3997974,0.02667956086,0.0007117989679,0.001027716705,0.9989722833,1051.802579,732.1024861,0.3296153491,0.2294272912,0.1954269066,0.2634276758
synthetic_20250706,synthetic,2025-07-06,union,737,0.2297403259,10.39039848,-0.3332924068,0.1110838284,0.001106153197,0.9988938468,1051.913663,733.1013799,0.3296501607,0.2297403259,0.1957399413,0.2637407105
synthetic_20250706,synthetic,2025-07-06,union,738,0.2300536477,10.3852236,-1.151884282,1.326837398,0.0001902340543,0.9998097659,1053.2405,734.1011897,0.3300659668,0.2300536477,0.1960532631,0.2640540323
synthetic_20250706,synthetic,2025-07-06,union,739,0.2303668832,10.37844745,-0.4670799911,0.2181637181,0.0004655452017,0.9995344548,1053.458664,735.1007242,0.3301343353,0.2303668832,0.1963664986,0.2643672678
synthetic_20250706,synthetic,2025-07-06,union,740,0.230680165,10.37355548,2.265557152,5.132749211,0.0003175762102,0.9996824238,1058.591413,736.1004066,0.3317428434,0.230680165,0.1966797804,0.2646805496
synthetic_20250706,synthetic,2025-07-06,union,741,0.2309935109,10.3696299,-0.3849712201,0.1482028403,0.0001131684509,0.9998868315,1058.739616,737.1002934,0.3317892874,0.2309935109,0.1969931263,0.2649938955
synthetic_20250706,synthetic,2025-07-06,union,742,0.2313068552,10.36443003,-0.687857612,0.4731480943,0.0001185075917,0.9998814924,1059.212764,738.1001749,0.3319375632,0.2313068552,0.1973064706,0.2653072398
synthetic_20250706,synthetic,2025-07-06,union,743,0.2316201714,10.35776364,0.04263813377,0.001818010452,0.0002078556429,0.9997921444,1059.214582,739.099967,0.3319381329,0.2316201714,0.1976197868,0.265620556
synthetic_20250706,synthetic,2025-07-06,union,744,0.2319332596,10.35629576,0.5261501295,0.2768339588,0.0009358043506,0.9990641956,1059.491416,740.0990312,0.3320248875,0.2319332596,0.197932875,0.2659336442
synthetic_20250706,synthetic,2025-07-06,union,745,0.2322465508,10.35038534,-0.2879463683,0.08291311101,0.0002877943147,0.9997122057,1059.574329,741.0987434,0.3320508709,0.2322465508,0.1982461662,0.2662469354
synthetic_20250706,synthetic,2025-07-06,union,746,0.2325597305,10.34855409,-1.610015053,2.592148472,0.0006432768832,0.9993567231,1062.166478,742.0981002,0.332863202,0.2325597305,0.1985593459,0.2665601151
synthetic_20250706,synthetic,2025-07-06,union,747,0.2328730367,10.33849984,1.094671056,1.198304721,0.000240182944,0.9997598171,1063.364782,743.09786,0.3332387284,0.2328730367,0.1988726521,0.2668734213
synthetic_20250706,synthetic,2025-07-06,union,748,0.2331863128,10.33186483,1.699703559,2.888992187,0.0003358943893,0.9996641056,1066.253775,744.0975241,0.3341440848,0.2331863128,0.1991859282,0.2671866974
synthetic_20250706,synthetic,2025-07-06,union,749,0.2334993494,10.32954959,0.4163022226,0.1733075405,0.001100302658,0.9988996973,1066.427082,745.0964238,0.3341983961,0.2334993494,0.1994989648,0.267499734
synthetic_20250706,synthetic,2025-07-06,union,750,0.2338126124,10.3217599,-0.6475774536,0.4193565584,0.0003777410598,0.9996222589,1066.846439,746.096046,0.3343298147,0.2338126124,0.1998122278,0.267812997
synthetic_20250706,synthetic,2025-07-06,union,751,0.2341257096,10.31984565,1.434634059,2.058174884,0.0009067497275,0.9990932503,1068.904614,747.0951393,0.3349748084,0.2341257096,0.200125325,0.2681260942
synthetic_20250706,synthetic,2025-07-06,union,752,0.2344388908,10.3182444,1.010422484,1.020953596,0.0006387430353,0.999361257,1069.925567,748.0945006,0.3352947562,0.2344388908,0.2004385062,0.2684392754
synthetic_20250706,synthetic,2025-07-06,union,753,0.2347520166,10.30724144,-1.926206016,3.710269616,0.0008156176615,0.9991843823,1073.635837,749.0936849,0.3364574857,0.2347520166,0.200751632,0.2687524012
synthetic_20250706,synthetic,2025-07-06,union,754,0.235064451,10.30135846,-0.2693164848,0.07253136898,0.003021667507,0.9969783325,1073.708368,750.0906633,0.3364802156,0.235064451,0.2010640664,0.2690648356
synthetic_20250706,synthetic,2025-07-06,union,755,0.2353775765,10.2955349,1.442446804,2.080652782,0.0008165775883,0.9991834224,1075.789021,751.0898467,0.3371322535,0.2353775765,0.2013771919,0.2693779611
synthetic_20250706,synthetic,2025-07-06,union,756,0.235690898,10.28925813,1.889551707,3.570405654,0.0001912433763,0.9998087566,1079.359427,752.0896555,0.3382511522,0.235690898,0.2016905134,0.2696912826
synthetic_20250706,synthetic,2025-07-06,union,757,0.2360041371,10.27628146,0.3044394242,0.092683363,0.0004538094441,0.9995461906,1079.45211,753.0892016,0.3382801974,0.2360041371,0.2020037525,0.2700045217
synthetic_20250706,synthetic,2025-07-06,union,758,0.2363170099,10.27291409,-0.4354024042,0.1895752536,0.001622934828,0.9983770652,1079.641685,754.0875787,0.3383396068,0.2363170099,0.2023166253,0.2703173945
synthetic_20250706,synthetic,2025-07-06,union,759,0.2366302684,10.27020942,-0.5964452695,0.3557469595,0.0003922385768,0.9996077614,1079.997432,755.0871865,0.3384510912,0.2366302684,0.2026298838,0.270630653
synthetic_20250706,synthetic,2025-07-06,union,760,0.2369434547,10.26663193,-1.524951208,2.325476187,0.0006224717356,0.9993775283,1082.322908,756.086564,0.3391798522,0.2369434547,0.2029430701,0.2709438393
synthetic_20250706,synthetic,2025-07-06,union,761,0.2372556093,10.25024832,-0.3936829655,0.1549862773,0.003914684642,0.9960853154,1082.477895,757.0826493,0.339228422,0.2372556093,0.2032552247,0.2712559939
synthetic_20250706,synthetic,2025-07-06,union,762,0.2375687701,10.24624331,1.079033899,1.164314156,0.000704011273,0.9992959887,1083.642209,758.0819453,0.3395932964,0.2375687701,0.2035683855,0.2715691547
synthetic_20250706,synthetic,2025-07-06,union,763,0.2378820166,10.24307063,2.014805827,4.059442521,0.0004303851793,0.9995696148,1087.701651,759.0815149,0.3408654501,0.2378820166,0.203881632,0.2718824012
synthetic_20250706,synthetic,2025-07-06,union,764,0.2381950879,10.24214941,-0.7038081371,0.4953458938,0.0009893890459,0.999010611,1088.196997,760.0805255,0.3410206823,0.2381950879,0.2041947033,0.2721954725
synthetic_20250706,synthetic,2025-07-06,union,765,0.2385081243,10.23629347,-0.5965777813,0.3559050492,0.001100764679,0.9988992353,1088.552902,761.0794248,0.3411322163,0.2385081243,0.2045077397,0.2725085089
synthetic_20250706,synthetic,2025-07-06,union,766,0.2388214571,10.22992541,-0.1211067504,0.01466684499,0.0001551304666,0.9998448695,1088.567569,762.0792696,0.3411368126,0.2388214571,0.2048210725,0.2728218417
synthetic_20250706,synthetic,2025-07-06,union,767,0.2391342726,10.22759923,-1.073942821,1.153353183,0.001805767034,0.998194233,1089.720922,763.0774639,0.341498252,0.2391342726,0.205133888,0.2731346572
synthetic_20250706,synthetic,2025-07-06,union,768,0.2394474526,10.22526356,0.327472136,0.1072379999,0.0006425558721,0.9993574441,1089.82816,764.0768213,0.3415318584,0.2394474526,0.205447068,0.2734478372
synthetic_20250706,synthetic,2025-07-06,union,769,0.2397607637,10.21849021,-0.6817474046,0.4647795237,0.0002243916284,0.9997756084,1090.29294,765.0765969,0.3416775117,0.2397607637,0.2057603791,0.2737611483
synthetic_20250706,synthetic,2025-07-06,union,770,0.2400740992,10.21328313,-1.795545518,3.223983705,0.0001463100166,0.99985369,1093.516923,766.0764506,0.3426878482,0.2400740992,0.2060737146,0.2740744838
synthetic_20250706,synthetic,2025-07-06,union,771,0.2403871858,10.20572764,-1.362688037,1.856918687,0.0009408022087,0.9990591978,1095.373842,767.0755098,0.3432697719,0.2403871858,0.2063868012,0.2743875704
synthetic_20250706,synthetic,2025-07-06,union,772,0.2407003595,10.20428669,0.405839729,0.1647058857,0.0006625277475,0.9993374723,1095.538548,768.0748473,0.3433213877,0.2407003595,0.2066999749,0.2747007441
synthetic_20250706,synthetic,2025-07-06,union,773,0.2410135132,10.20052625,0.513434938,0.2636154356,0.0007266342636,0.9992733657,1095.802163,769.0741206,0.3434039998,0.2410135132,0.2070131286,0.2750138978
synthetic_20250706,synthetic,2025-07-06,union,774,0.2413268148,10.1972398,0.9170634809,0.841005428,0.0002545188521,0.9997454811,1096.643169,770.0738661,0.3436675553,0.2413268148,0.2073264302,0.2753271994
synthetic_20250706,synthetic,2025-07-06,union,775,0.2416398964,10.19571935,-0.05573687331,0.003106599046,0.0009567820337,0.999043218,1096.646275,771.0729093,0.3436685288,0.2416398964,0.2076395118,0.275640281
synthetic_20250706,synthetic,2025-07-06,union,776,0.2419532412,10.18580335,1.630340225,2.65800925,0.0001166565468,0.9998833435,1099.304285,772.0727927,0.3445014994,0.2419532412,0.2079528566,0.2759536258
synthetic_20250706,synthetic,2025-07-06,union,777,0.2422665144,10.18129005,-0.02563632084,0.0006572209463,0.0003452716614,0.9996547283,1099.304942,773.0724474,0.3445017054,0.2422665144,0.2082661298,0.276266899
synthetic_20250706,synthetic,2025-07-06,union,778,0.2425790933,10.17252096,-1.050681008,1.103930581,0.002560798004,0.997439202,1100.408873,774.0698866,0.3448476567,0.2425790933,0.2085787087,0.2765794779
synthetic_20250706,synthetic,2025-07-06,union,779,0.2428920297,10.16639453,0.9075151768,0.8235837961,0.001419886136,0.9985801139,1101.232456,775.0684667,0.3451057525,0.2428920297,0.2088916451,0.2768924143
synthetic_20250706,synthetic,2025-07-06,union,780,0.24320523,10.15723017,-0.2769264955,0.07668828391,0.0005776610457,0.999422339,1101.309145,776.0678891,0.3451297852,0.24320523,0.2092048454,0.2772056146
synthetic_20250706,synthetic,2025-07-06,union,781,0.2435183456,10.15397877,1.273550891,1.621931872,0.0008484165472,0.9991515835,1102.931076,777.0670407,0.3456380685,0.2435183456,0.209517961,0.2775187302
synthetic_20250706,synthetic,2025-07-06,union,782,0.2438316269,10.14635283,0.3531898801,0.1247430914,0.0003192900843,0.9996807099,1103.05582,778.0667214,0.3456771606,0.2438316269,0.2098312423,0.2778320115
synthetic_20250706,synthetic,2025-07-06,union,783,0.2441449292,10.14130142,0.5275537128,0.2783129199,0.0002521430714,0.9997478569,1103.334133,779.0664692,0.3457643787,0.2441449292,0.2101445446,0.2781453138
synthetic_20250706,synthetic,2025-07-06,union,784,0.2444581705,10.14058837,-0.8646327932,0.747589867,0.0004471659102,0.9995528341,1104.081722,780.0660221,0.3459986595,0.2444581705,0.2104577859,0.2784585551
synthetic_20250706,synthetic,2025-07-06,union,785,0.2447712306,10.13631875,-0.2657600694,0.07062841447,0.001025075177,0.9989749248,1104.152351,781.064997,0.3460207931,0.2447712306,0.210770846,0.2787716152
synthetic_20250706,synthetic,2025-07-06,union,786,0.2450844082,10.12422276,-0.8591164655,0.7380811012,0.0006502898515,0.9993497101,1104.890432,782.0643467,0.346252094,0.2450844082,0.2110840236,0.2790847928
synthetic_20250706,synthetic,2025-07-06,union,787,0.2453976018,10.12276064,-0.9825994997,0.9655017768,0.0005993999617,0.9994006,1105.855934,783.0637473,0.3465546643,0.2453976018,0.2113972172,0.2793979864
synthetic_20250706,synthetic,2025-07-06,union,788,0.245710967,10.11422436,-1.752025648,3.06959387,5.160452066e-05,0.9999483955,1108.925528,784.0636957,0.3475166178,0.245710967,0.2117105824,0.2797113516
synthetic_20250706,synthetic,2025-07-06,union,789,0.2460242463,10.11138713,0.7277693141,0.5296481745,0.0003257323997,0.9996742676,1109.455176,785.06337,0.3476825997,0.2460242463,0.2120238617,0.2800246309
synthetic_20250706,synthetic,2025-07-06,union,790,0.2463372946,10.10476766,-0.8966429025,0.8039684946,0.001062882461,0.9989371175,1110.259144,786.0623071,0.3479345485,0.2463372946,0.21233691,0.2803376792
synthetic_20250706,synthetic,2025-07-06,union,791,0.2466502658,10.0923253,-0.2593308051,0.06725246646,0.001308786716,0.9986912133,1110.326397,787.0609983,0.3479556242,0.2466502658,0.2126498812,0.2806506504
synthetic_20250706,synthetic,2025-07-06,union,792,0.2469634829,10.08861895,-0.6004276352,0.3605133452,0.0005242822643,0.9994757177,1110.68691,788.060474,0.3480686023,0.2469634829,0.2129630983,0.2809638675
synthetic_20250706,synthetic,2025-07-06,union,793,0.2472765359,10.08509622,1.407837747,1.982007122,0.001047787408,0.9989522126,1112.668917,789.0594262,0.3486897265,0.2472765359,0.2132761513,0.2812769205
synthetic_20250706,synthetic,2025-07-06,union,794,0.2475892288,10.07955638,1.215920769,1.478463318,0.002197055221,0.9978029448,1114.14738,790.0572292,0.3491530493,0.2475892288,0.2135888442,0.2815896134
synthetic_20250706,synthetic,2025-07-06,union,795,0.2479024333,10.07484814,-0.9244767707,0.8546572995,0.0005644633584,0.9994355366,1115.002038,791.0566647,0.349420883,0.2479024333,0.2139020487,0.2819028179
synthetic_20250706,synthetic,2025-07-06,union,796,0.2482157529,10.0674757,-0.1817792937,0.03304371162,0.0001972815547,0.9998027184,1115.035081,792.0564674,0.3494312383,0.2482157529,0.2142153683,0.2822161375
synthetic_20250706,synthetic,2025-07-06,union,797,0.2485286729,10.06446603,-0.5283165597,0.2791183873,0.001472114475,0.9985278855,1115.3142,793.0549953,0.3495187088,0.2485286729,0.2145282883,0.2825290575
synthetic_20250706,synthetic,2025-07-06,union,798,0.2488417363,10.06228679,0.9973660636,0.9947390648,0.001014670363,0.9989853296,1116.308939,794.0539806,0.3498304415,0.2488417363,0.2148413517,0.2828421209
synthetic_20250706,synthetic,2025-07-06,union,799,0.2491550029,10.04764231,0.866854818,0.7514372755,0.0003663434244,0.9996336566,1117.060376,795.0536143,0.350065928,0.2491550029,0.2151546183,0.2831553875
synthetic_20250706,synthetic,2025-07-06,union,800,0.2494680692,10.0433616,0.1262410671,0.01593680703,0.001005560537,0.9989944395,1117.076313,796.0526087,0.3500709223,0.2494680692,0.2154676846,0.2834684538
synthetic_20250706,synthetic,2025-07-06,union,801,0.2497812029,10.03700826,1.649096028,2.719517708,0.0007903751329,0.9992096249,1119.795831,797.0518183,0.3509231685,0.2497812029,0.2157808183,0.2837815875
synthetic_20250706,synthetic,2025-07-06,union,802,0.2500943665,10.03102514,-0.511971361,0.2621146745,0.0006948903989,0.9993051096,1120.057945,798.0511235,0.3510053104,0.2500943665,0.2160939819,0.2840947511
synthetic_20250706,synthetic,2025-07-06,union,803,0.250407497,10.02410873,1.37459368,1.889507786,0.0008005626328,0.9991994374,1121.947453,799.0503229,0.3515974469,0.250407497,0.2164071124,0.2844078816
synthetic_20250706,synthetic,2025-07-06,union,804,0.2507205571,10.01934542,1.311700077,1.720557091,0.001025180499,0.9989748195,1123.66801,800.0492977,0.3521366375,0.2507205571,0.2167201725,0.2847209417
synthetic_20250706,synthetic,2025-07-06,union,805,0.2510333784,10.01332331,-1.414463973,2.000708332,0.001787266624,0.9982127334,1125.668719,801.0475104,0.3527636222,0.2510333784,0.2170329938,0.285033763
synthetic_20250706,synthetic,2025-07-06,union,806,0.2513466836,10.00940778,-0.6050446307,0.3660790051,0.0002431058027,0.9997568942,1126.034798,802.0472673,0.3528783446,0.2513466836,0.217346299,0.2853470682
synthetic_20250706,synthetic,2025-07-06,union,807,0.2516598332,10.00763668,1.015314969,1.030864486,0.000739456324,0.9992605437,1127.065662,803.0465279,0.3532013983,0.2516598332,0.2176594486,0.2856602178
synthetic_20250706,synthetic,2025-07-06,union,808,0.2519731595,10.00393671,1.0051481,1.010322703,0.0001760332835,0.9998239667,1128.075985,804.0463519,0.3535180147,0.2519731595,0.2179727749,0.2859735441
synthetic_20250706,synthetic,2025-07-06,union,809,0.2522862752,9.999282058,-0.1259586058,0.01586557037,0.0008477720107,0.999152228,1128.09185,805.0455041,0.3535229866,0.2522862752,0.2182858906,0.2862866598
synthetic_20250706,synthetic,2025-07-06,union,810,0.2525993232,9.988488205,-0.513441085,0.2636217477,0.001063809551,0.9989361904,1128.355472,806.0444403,0.3536056008,0.2525993232,0.2185989386,0.2865997078
synthetic_20250706,synthetic,2025-07-06,union,811,0.2529125176,9.985736404,-0.4492889382,0.20186055,0.0005966071449,0.9994033929,1128.557333,807.0438437,0.3536688601,0.2529125176,0.218912133,0.2869129022
synthetic_20250706,synthetic,2025-07-06,union,812,0.253225796,9.982905205,-0.2062047901,0.04252041546,0.0003287713349,0.9996712287,1128.599853,808.0435149,0.3536821852,0.253225796,0.2192254114,0.2872261806
synthetic_20250706,synthetic,2025-07-06,union,813,0.2535386708,9.978014571,-0.7376316079,0.5441003889,0.00161629477,0.9983837052,1129.143953,809.0418986,0.3538526962,0.2535386708,0.2195382862,0.2875390554
synthetic_20250706,synthetic,2025-07-06,union,814,0.2538518796,9.972640807,-0.8320852761,0.6923659067,0.000550666125,0.9994493339,1129.836319,810.0413479,0.3540696707,0.2538518796,0.219851495,0.2878522642
synthetic_20250706,synthetic,2025-07-06,union,815,0.2541650747,9.96823207,-0.2233678381,0.04989319112,0.0005946905927,0.9994053094,1129.886213,811.0407532,0.3540853063,0.2541650747,0.2201646901,0.2881654593
synthetic_20250706,synthetic,2025-07-06,union,816,0.254478224,9.961123643,-0.02094631764,0.0004387482227,0.0007404012109,0.9992595988,1129.886651,812.0400128,0.3540854438,0.254478224,0.2204778394,0.2884786086
synthetic_20250706,synthetic,2025-07-06,union,817,0.2547913738,9.952225451,-0.6321151548,0.3995695689,0.0007390809438,0.9992609191,1130.286221,813.0392738,0.3542106615,0.2547913738,0.2207909892,0.2887917584
synthetic_20250706,synthetic,2025-07-06,union,818,0.2551046459,9.947384741,-0.4353730702,0.1895497102,0.0003486955868,0.9996513044,1130.475771,814.0389251,0.3542700629,0.2551046459,0.2211042613,0.2891050305
synthetic_20250706,synthetic,2025-07-06,union,819,0.255417768,9.941403101,0.9880181519,0.9761798686,0.0008273308827,0.9991726691,1131.45195,815.0380977,0.3545759795,0.255417768,0.2214173834,0.2894181526
synthetic_20250706,synthetic,2025-07-06,union,820,0.2557311277,9.939996155,-2.583165079,6.672741823,6.91394136e-05,0.9999308606,1138.124692,816.0380286,0.3566670925,0.2557311277,0.2217307431,0.2897315123
synthetic_20250706,synthetic,2025-07-06,union,821,0.2560444548,9.932809848,-0.519090484,0.2694549305,0.0001731988629,0.9998268011,1138.394147,817.0378554,0.3567515347,0.2560444548,0.2220440702,0.2900448394
synthetic_20250706,synthetic,2025-07-06,union,822,0.256357443,9.929616422,0.2821525207,0.07961004496,0.001254821673,0.9987451783,1138.473757,818.0366006,0.356776483,0.256357443,0.2223570584,0.2903578276
synthetic_20250706,synthetic,2025-07-06,union,823,0.2566705905,9.928028662,-1.492619223,2.227912145,0.0007461426007,0.9992538574,1140.701669,819.0358544,0.3574746692,0.2566705905,0.2226702059,0.2906709751
synthetic_20250706,synthetic,2025-07-06,union,824,0.2569838972,9.92169283,-2.173121005,4.722454903,0.0002386195534,0.9997613804,1145.424124,820.0356158,0.3589545987,0.2569838972,0.2229835126,0.2909842818
synthetic_20250706,synthetic,2025-07-06,union,825,0.2572971305,9.915858676,-1.256318998,1.578337424,0.0004725144623,0.9995274855,1147.002462,821.0351433,0.3594492202,0.2572971305,0.2232967459,0.2912975151
synthetic_20250706,synthetic,2025-07-06,union,826,0.2576103601,9.912555573,0.6257708502,0.391589157,0.0004842536779,0.9995157463,1147.394051,822.034659,0.359571937,0.2576103601,0.2236099755,0.2916107447
synthetic_20250706,synthetic,2025-07-06,union,827,0.2579235026,9.89916142,0.6383670068,0.4075124354,0.0007621480012,0.999237852,1147.801563,823.0338969,0.3596996438,0.2579235026,0.223923118,0.2919238872
synthetic_20250706,synthetic,2025-07-06,union,828,0.2582365933,9.896652295,0.4933160044,0.2433606802,0.0009276412609,0.9990723587,1148.044924,824.0329693,0.3597759085,0.2582365933,0.2242362087,0.2922369779
synthetic_20250706,synthetic,2025-07-06,union,829,0.2585499231,9.889342359,0.9611368301,0.9237840063,0.0001644977242,0.9998355023,1148.968708,825.0328048,0.3600654052,0.2585499231,0.2245495385,0.2925503077
synthetic_20250706,synthetic,2025-07-06,union,830,0.2588630996,9.881346079,0.8723706311,0.761030518,0.0006539652366,0.9993460348,1149.729739,826.0321508,0.360303898,0.2588630996,0.224862715,0.2928634842
synthetic_20250706,synthetic,2025-07-06,union,831,0.2591762584,9.878590864,0.5045588818,0.2545796652,0.0007103883153,0.9992896117,1149.984318,827.0314404,0.3603836785,0.2591762584,0.2251758738,0.293176643
synthetic_20250706,synthetic,2025-07-06,union,832,0.2594895005,9.8718394,-1.225064144,1.500782157,0.0004442370348,0.999555763,1151.4851,828.0309962,0.3608539957,0.2594895005,0.2254891159,0.2934898851
synthetic_20250706,synthetic,2025-07-06,union,833,0.2598027549,9.870884951,-0.07490456938,0.005610694514,0.0004053980042,0.999594602,1151.490711,829.0305908,0.360855754,0.2598027549,0.2258023703,0.2938031395
synthetic_20250706,synthetic,2025-07-06,union,834,0.2601159238,9.867913677,1.098253174,1.206160035,0.0006778493284,0.9993221507,1152.696871,830.0299129,0.3612337421,0.2601159238,0.2261155392,0.2941163084
synthetic_20250706,synthetic,2025-07-06,union,835,0.2604292085,9.864049765,0.01170784432,0.0001370736187,0.0003087373635,0.9996912626,1152.697008,831.0296042,0.3612337851,0.2604292085,0.2264288239,0.2944295931
synthetic_20250706,synthetic,2025-07-06,union,836,0.260742482,9.859618283,1.394928222,1.945824744,0.0003442497687,0.9996557502,1154.642833,832.0292599,0.3618435703,0.260742482,0.2267420974,0.2947428666
synthetic_20250706,synthetic,2025-07-06,union,837,0.2610557735,9.851899646,-1.316972871,1.734417542,0.0002867308718,0.9997132691,1156.37725,833.0289732,0.3623871045,0.2610557735,0.2270553889,0.2950561581
synthetic_20250706,synthetic,2025-07-06,union,838,0.2613688158,9.84826904,1.271613128,1.616999946,0.001082136078,0.9989178639,1157.99425,834.0278911,0.3628938422,0.2613688158,0.2273684312,0.2953692004
synthetic_20250706,synthetic,2025-07-06,union,839,0.2616819131,9.841427138,-0.4758342506,0.226418234,0.0009062473767,0.9990937526,1158.220669,835.0269848,0.3629647974,0.2616819131,0.2276815285,0.2956822977
synthetic_20250706,synthetic,2025-07-06,union,840,0.2619951819,9.837113501,-0.3169503928,0.1004575515,0.0003593691568,0.9996406308,1158.321126,836.0266254,0.362996279,0.2619951819,0.2279947973,0.2959955665
synthetic_20250706,synthetic,2025-07-06,union,841,0.2623085079,9.833153689,0.1586187292,0.02515990127,0.0001766802498,0.9998233198,1158.346286,837.0264488,0.3630041636,0.2623085079,0.2283081233,0.2963088925
synthetic_20250706,synthetic,2025-07-06,union,842,0.2626218368,9.828418184,-0.2645416611,0.06998229047,0.000167617809,0.9998323822,1158.416268,838.0262811,0.3630260948,0.2626218368,0.2286214522,0.2966222214
synthetic_20250706,synthetic,2025-07-06,union,843,0.2629349183,9.823193123,1.385641863,1.920003372,0.0009567697976,0.9990432302,1160.336272,839.0253244,0.3636277881,0.2629349183,0.2289345337,0.2969353029
synthetic_20250706,synthetic,2025-07-06,union,844,0.2632481479,9.818906335,1.080140413,1.166703311,0.0004843271098,0.9995156729,1161.502975,840.0248401,0.3639934112,0.2632481479,0.2292477633,0.2972485325
synthetic_20250706,synthetic,2025-07-06,union,845,0.2635613887,9.799449928,0.487827207,0.2379753839,0.0004486189651,0.999551381,1161.74095,841.0243914,0.3640679882,0.2635613887,0.2295610041,0.2975617733
synthetic_20250706,synthetic,2025-07-06,union,846,0.2638746835,9.795904579,-0.5355279572,0.2867901929,0.0002764731274,0.9997235269,1162.027741,842.024115,0.3641578629,0.2638746835,0.2298742989,0.2978750681
synthetic_20250706,synthetic,2025-07-06,union,847,0.2641877611,9.793391868,-1.189403784,1.414681361,0.000969211061,0.9990307889,1163.442422,843.0231457,0.3646011977,0.2641877611,0.2301873765,0.2981881457
synthetic_20250706,synthetic,2025-07-06,union,848,0.2645008889,9.788560877,-0.8965662476,0.8038310363,0.0008092231591,0.9991907768,1164.246253,844.0223365,0.3648531034,0.2645008889,0.2305005043,0.2985012735
synthetic_20250706,synthetic,2025-07-06,union,849,0.26481419,9.781385014,-0.5187579999,0.2691098624,0.0002561508507,0.9997438491,1164.515363,845.0220804,0.3649374374,0.26481419,0.2308138054,0.2988145746
synthetic_20250706,synthetic,2025-07-06,union,850,0.2651272395,9.773984867,-0.6019781111,0.3623776462,0.00105922788,0.9989407721,1164.877741,846.0210211,0.3650509998,0.2651272395,0.2311268549,0.2991276241
synthetic_20250706,synthetic,2025-07-06,union,851,0.2654403658,9.770440513,-0.7896273632,0.6235113727,0.0008138618413,0.9991861382,1165.501252,847.0202073,0.3652463967,0.2654403658,0.2314399812,0.2994407504
synthetic_20250706,synthetic,2025-07-06,union,852,0.2657535754,9.765813161,1.138584005,1.296373537,0.0005480335526,0.9994519664,1166.797625,848.0196593,0.365652656,0.2657535754,0.2317531908,0.29975396
synthetic_20250706,synthetic,2025-07-06,union,853,0.2660666998,9.760956821,-2.33522343,5.453268469,0.0008203229341,0.9991796771,1172.250894,849.0188389,0.3673616089,0.2660666998,0.2320663152,0.3000670844
synthetic_20250706,synthetic,2025-07-06,union,854,0.2663798699,9.757659973,-0.06410072079,0.004108902406,0.0006741388438,0.9993258612,1172.255003,850.0181648,0.3673628965,0.2663798699,0.2323794853,0.3003802545
synthetic_20250706,synthetic,2025-07-06,union,855,0.2666929793,9.749603262,-0.5512404428,0.3038660258,0.00086799598,0.999132004,1172.558869,851.0172968,0.3674581225,0.2666929793,0.2326925947,0.3006933639
synthetic_20250706,synthetic,2025-07-06,union,856,0.2670060835,9.74917544,-0.6996981974,0.4895775675,0.0008842962908,0.9991157037,1173.048446,852.0164125,0.367611547,0.2670060835,0.2330056989,0.3010064681
synthetic_20250706,synthetic,2025-07-06,union,857,0.2673193664,9.738927019,0.3885687259,0.1509856548,0.0003143312221,0.9996856688,1173.199432,853.0160982,0.3676588631,0.2673193664,0.2333189818,0.301319751
synthetic_20250706,synthetic,2025-07-06,union,858,0.267632632,9.737002613,0.8349799696,0.6971915496,0.0003693564908,0.9996306435,1173.896624,854.0157288,0.3678773499,0.267632632,0.2336322474,0.3016330166
synthetic_20250706,synthetic,2025-07-06,union,859,0.2679459474,9.730411227,-1.045845526,1.093792863,0.0002107566984,0.9997892433,1174.990416,855.0155181,0.3682201242,0.2679459474,0.2339455628,0.301946332
synthetic_20250706,synthetic,2025-07-06,union,860,0.2682591445,9.728093715,-0.7009075957,0.4912714577,0.0005879743714,0.9994120256,1175.481688,856.0149301,0.3683740796,0.2682591445,0.2342587599,0.3022595291
synthetic_20250706,synthetic,2025-07-06,union,861,0.2685724773,9.720461663,0.06878967137,0.004732018887,0.0001549116316,0.9998450884,1175.48642,857.0147752,0.3683755625,0.2685724773,0.2345720927,0.3025728619
synthetic_20250706,synthetic,2025-07-06,union,862,0.268885799,9.714158558,1.604533587,2.574528031,0.0001907048802,0.9998092951,1178.060948,858.0145845,0.3691823717,0.268885799,0.2348854144,0.3028861836
synthetic_20250706,synthetic,2025-07-06,union,863,0.269199082,9.711733518,-1.707115264,2.914242525,0.000313851515,0.9996861485,1180.97519,859.0142706,0.370095641,0.269199082,0.2351986974,0.3031994666
synthetic_20250706,synthetic,2025-07-06,union,864,0.2695124002,9.70323751,-0.9060312689,0.8208926603,0.0002014243901,0.9997985756,1181.796083,860.0140692,0.3703528935,0.2695124002,0.2355120156,0.3035127848
synthetic_20250706,synthetic,2025-07-06,union,865,0.2698256152,9.699288967,-0.202533365,0.04101976394,0.0005311611351,0.9994688389,1181.837103,861.013538,0.3703657483,0.2698256152,0.2358252306,0.3038259998
synthetic_20250706,synthetic,2025-07-06,union,866,0.2701388209,9.695692256,1.463321128,2.141308724,0.0005606613235,0.9994393387,1183.978412,862.0129774,0.3710367946,0.2701388209,0.2361384363,0.3041392055
synthetic_20250706,synthetic,2025-07-06,union,867,0.2704521725,9.690249539,0.5568552216,0.3100877378,9.489291016e-05,0.9999051071,1184.288499,863.0128825,0.3711339703,0.2704521725,0.2364517879,0.3044525571
synthetic_20250706,synthetic,2025-07-06,union,868,0.2707649752,9.684285217,0.7372470367,0.5435331931,0.001846658436,0.9981533416,1184.832033,864.0110358,0.3713043035,0.2707649752,0.2367645906,0.3047653598
synthetic_20250706,synthetic,2025-07-06,union,869,0.2710783154,9.678652657,-1.273072071,1.620712497,0.0001314128476,0.9998685872,1186.452745,865.0109044,0.3718122047,0.2710783154,0.2370779308,0.3050787
synthetic_20250706,synthetic,2025-07-06,union,870,0.2713915701,9.673848365,0.3671585086,0.1348053704,0.0004041401275,0.9995958599,1186.58755,866.0105003,0.3718544502,0.2713915701,0.2373911855,0.3053919547
synthetic_20250706,synthetic,2025-07-06,union,871,0.2717045001,9.667512392,1.604802244,2.575390241,0.001440586181,0.9985594138,1189.162941,867.0090597,0.3726615295,0.2717045001,0.2377041155,0.3057048847
synthetic_20250706,synthetic,2025-07-06,union,872,0.2720176384,9.661185706,-0.5896018389,0.3476303284,0.0007754620073,0.999224538,1189.510571,868.0082842,0.3727704704,0.2720176384,0.2380172538,0.306018023
synthetic_20250706,synthetic,2025-07-06,union,873,0.2723306181,9.6533135,0.7679691053,0.5897765468,0.001281869754,0.9987181302,1190.100348,869.0070023,0.3729552954,0.2723306181,0.2383302335,0.3063310027
synthetic_20250706,synthetic,2025-07-06,union,874,0.2726436654,9.649702333,-1.520061148,2.310585894,0.001066088141,0.9989339119,1192.410933,870.0059363,0.37367939,0.2726436654,0.2386432808,0.30664405
synthetic_20250706,synthetic,2025-07-06,union,875,0.2729568739,9.648618846,-1.978778887,3.915565883,0.0005515120238,0.999448488,1196.326499,871.0053847,0.3749064554,0.2729568739,0.2389564893,0.3069572585
synthetic_20250706,synthetic,2025-07-06,union,876,0.273270059,9.643684911,-0.489712301,0.2398181377,0.0006263505196,0.9993736495,1196.566317,872.0047584,0.37498161,0.273270059,0.2392696744,0.3072704436
synthetic_20250706,synthetic,2025-07-06,union,877,0.2735833446,9.637377169,0.4865371679,0.2367184158,0.0003058055125,0.9996941945,1196.803036,873.0044526,0.3750557931,0.2735833446,0.23958296,0.3075837292
synthetic_20250706,synthetic,2025-07-06,union,878,0.2738963038,9.63071063,0.3817372419,0.1457233218,0.001347125378,0.9986528746,1196.948759,874.0031055,0.3751014601,0.2738963038,0.2398959192,0.3078966884
synthetic_20250706,synthetic,2025-07-06,union,879,0.2742089401,9.629148466,0.4648641128,0.2160986433,0.002377707253,0.9976222927,1197.164858,875.0007278,0.3751691814,0.2742089401,0.2402085555,0.3082093247
synthetic_20250706,synthetic,2025-07-06,union,880,0.2745222072,9.623416787,0.01591690999,0.0002533480236,0.0003644354175,0.9996355646,1197.165111,876.0003633,0.3751692608,0.2745222072,0.2405218226,0.3085225918
synthetic_20250706,synthetic,2025-07-06,union,881,0.2748353016,9.614818744,2.476923591,6.135150476,0.0009159483774,0.9990840516,1203.300262,876.9994474,0.3770919027,0.2748353016,0.240834917,0.3088356862
synthetic_20250706,synthetic,2025-07-06,union,882,0.2751484678,9.614702109,-0.5017084499,0.2517113687,0.0006865915309,0.9993134085,1203.551973,877.9987608,0.3771707844,0.2751484678,0.2411480832,0.3091488524
synthetic_20250706,synthetic,2025-07-06,union,883,0.2754616925,9.608569869,-0.843610664,0.7116789524,0.000499997113,0.9995000029,1204.263652,878.9982608,0.3773938113,0.2754616925,0.2414613079,0.3094620771
synthetic_20250706,synthetic,2025-07-06,union,884,0.2757748471,9.604346173,-0.4250426226,0.180661231,0.0007238054476,0.9992761946,1204.444313,879.997537,0.3774504272,0.2757748471,0.2417744625,0.3097752317
synthetic_20250706,synthetic,2025-07-06,union,885,0.2760880911,9.59770827,-0.3388574395,0.1148243643,0.0004383183654,0.9995616816,1204.559138,880.9970987,0.377486411,0.2760880911,0.2420877065,0.3100884757
synthetic_20250706,synthetic,2025-07-06,union,886,0.2764013409,9.593351091,-1.254040048,1.572616443,0.0004198917981,0.9995801082,1206.131754,881.9966788,0.3779792397,0.2764013409,0.2424009563,0.3104017255
synthetic_20250706,synthetic,2025-07-06,union,887,0.2767145992,9.584586202,0.08776777062,0.00770318156,0.0003926039999,0.999607396,1206.139457,882.9962862,0.3779816538,0.2767145992,0.2427142146,0.3107149838
synthetic_20250706,synthetic,2025-07-06,union,888,0.2770276633,9.580756404,-1.623193998,2.634758756,0.001012676398,0.9989873236,1208.774216,883.9952735,0.3788073381,0.2770276633,0.2430272787,0.3110280479
synthetic_20250706,synthetic,2025-07-06,union,889,0.2773409386,9.578100135,-1.737365737,3.018439702,0.0003385080554,0.9996614919,1211.792656,884.994935,0.3797532609,0.2773409386,0.243340554,0.3113413232
synthetic_20250706,synthetic,2025-07-06,union,890,0.2776537026,9.575394113,0.0555180709,0.003082256197,0.001969846738,0.9980301533,1211.795738,885.9929651,0.3797542269,0.2776537026,0.243653318,0.3116540872
synthetic_20250706,synthetic,2025-07-06,union,891,0.2779667847,9.572738806,1.156134554,1.336647106,0.0009552171903,0.9990447828,1213.132385,886.9920099,0.3801731072,0.2779667847,0.2439664001,0.3119671693
synthetic_20250706,synthetic,2025-07-06,union,892,0.2782799303,9.568648644,1.16903108,1.366633665,0.0007523077872,0.9992476922,1214.499019,887.9912576,0.3806013847,0.2782799303,0.2442795457,0.3122803149
synthetic_20250706,synthetic,2025-07-06,union,893,0.278593168,9.567202696,-0.8469452241,0.7173162126,0.0004585791481,0.9995414209,1215.216335,888.990799,0.3808261783,0.278593168,0.2445927834,0.3125935526
synthetic_20250706,synthetic,2025-07-06,union,894,0.2789064621,9.557841411,-0.2042727143,0.04172734181,0.000278336058,0.9997216639,1215.258062,889.9905207,0.3808392549,0.2789064621,0.2449060775,0.3129068467
synthetic_20250706,synthetic,2025-07-06,union,895,0.2792196134,9.55508777,-0.776371296,0.6027523893,0.0007343416113,0.9992656584,1215.860815,890.9897863,0.3810281462,0.2792196134,0.2452192288,0.313219998
synthetic_20250706,synthetic,2025-07-06,union,896,0.2795327964,9.550029062,1.126292508,1.268534814,0.0006330750584,0.9993669249,1217.129349,891.9891533,0.3814256814,0.2795327964,0.2455324118,0.313533181
synthetic_20250706,synthetic,2025-07-06,union,897,0.2798460249,9.546378669,-0.6223045563,0.3872629608,0.000487761643,0.9995122384,1217.516612,892.9886655,0.3815470424,0.2798460249,0.2458456403,0.3138464095
synthetic_20250706,synthetic,2025-07-06,union,898,0.280159005,9.541186499,0.4654511189,0.216644744,0.001280579016,0.998719421,1217.733257,893.9873849,0.3816149349,0.280159005,0.2461586204,0.3141593896
synthetic_20250706,synthetic,2025-07-06,union,899,0.2804715409,9.536103992,-0.09018672687,0.008133645704,0.002697925415,0.9973020746,1217.741391,894.984687,0.3816174838,0.2804715409,0.2464711563,0.3144719255
synthetic_20250706,synthetic,2025-07-06,union,900,0.2807844019,9.527429076,-0.2270843839,0.05156731742,0.001660406224,0.9983395938,1217.792958,895.9830266,0.381633644,0.2807844019,0.2467840173,0.3147847865
synthetic_20250706,synthetic,2025-07-06,union,901,0.281097666,9.524216279,-0.5765903665,0.3324564507,0.0003743510414,0.999625649,1218.125415,896.9826522,0.3817378297,0.281097666,0.2470972814,0.3150980506
synthetic_20250706,synthetic,2025-07-06,union,902,0.2814109583,9.517878959,0.06799602867,0.004623459915,0.0002844270796,0.9997155729,1218.130038,897.9823678,0.3817392786,0.2814109583,0.2474105737,0.3154113429
synthetic_20250706,synthetic,2025-07-06,union,903,0.2817241139,9.513990141,0.5845605169,0.3417109979,0.0007203433451,0.9992796567,1218.471749,898.9816475,0.3818463645,0.2817241139,0.2477237293,0.3157244985
synthetic_20250706,synthetic,2025-07-06,union,904,0.2820374098,9.510053619,1.349360108,1.820772702,0.0002727126744,0.9997272873,1220.292522,899.9813748,0.3824169607,0.2820374098,0.2480370252,0.3160377944
synthetic_20250706,synthetic,2025-07-06,union,905,0.28235043,9.505076197,0.05974038565,0.003568913678,0.001152550216,0.9988474498,1220.296091,900.9802222,0.3824180792,0.28235043,0.2483500454,0.3163508146
synthetic_20250706,synthetic,2025-07-06,union,906,0.2826633806,9.500567787,-0.8884251926,0.7892993228,0.001374723801,0.9986252762,1221.08539,901.9788475,0.3826654309,0.2826633806,0.248662996,0.3166637652
synthetic_20250706,synthetic,2025-07-06,union,907,0.2829766865,9.492865614,0.2863979564,0.08202378941,0.0002408396013,0.9997591604,1221.167414,902.9786067,0.3826911356,0.2829766865,0.2489763019,0.3169770711
synthetic_20250706,synthetic,2025-07-06,union,908,0.2832896461,9.489141344,-1.451036176,2.105505984,0.001346008219,0.9986539918,1223.27292,903.9772606,0.383350962,0.2832896461,0.2492892615,0.3172900307
synthetic_20250706,synthetic,2025-07-06,union,909,0.283602597,9.48824935,1.306766952,1.707639866,0.001373727519,0.9986262725,1224.98056,904.9758869,0.3838861045,0.283602597,0.2496022124,0.3176029816
synthetic_20250706,synthetic,2025-07-06,union,910,0.283915804,9.479295093,0.8346574221,0.6966530122,0.0005563320236,0.999443668,1225.677213,905.9753306,0.3841044226,0.283915804,0.2499154194,0.3179161886
synthetic_20250706,synthetic,2025-07-06,union,911,0.2842289947,9.476575647,1.137329731,1.293518916,0.0006086181369,0.9993913819,1226.970732,906.974722,0.3845097874,0.2842289947,0.2502286101,0.3182293793
synthetic_20250706,synthetic,2025-07-06,union,912,0.2845414686,9.473209492,1.06572387,1.135767368,0.00289552715,0.9971044729,1228.106499,907.9718264,0.3848657157,0.2845414686,0.250541084,0.3185418532
synthetic_20250706,synthetic,2025-07-06,union,913,0.2848547465,9.465797923,0.1660385187,0.02756878969,0.000330427646,0.9996695724,1228.134068,908.971496,0.3848743553,0.2848547465,0.2508543619,0.3188551311
synthetic_20250706,synthetic,2025-07-06,union,914,0.2851679766,9.460987093,-1.233060052,1.520437091,0.000482556344,0.9995174437,1229.654505,909.9710135,0.385350832,0.2851679766,0.251167592,0.3191683612
synthetic_20250706,synthetic,2025-07-06,union,915,0.2854813027,9.460496008,0.171802797,0.02951620107,0.000176389398,0.9998236106,1229.684021,910.9708371,0.3853600818,0.2854813027,0.2514809181,0.3194816873
synthetic_20250706,synthetic,2025-07-06,union,916,0.2857943344,9.455326236,-0.2390122909,0.05712687522,0.001116063203,0.9988839368,1229.741148,911.969721,0.3853779843,0.2857943344,0.2517939498,0.319794719
synthetic_20250706,synthetic,2025-07-06,union,917,0.2861075283,9.453449765,0.7909647919,0.6256253021,0.0005981989783,0.999401801,1230.366773,912.9691228,0.3855740436,0.2861075283,0.2521071437,0.3201079129
synthetic_20250706,synthetic,2025-07-06,union,918,0.2864206766,9.45313239,-0.4245650274,0.1802554625,0.0007437703624,0.9992562296,1230.547029,913.968379,0.3856305323,0.2864206766,0.252420292,0.3204210612
synthetic_20250706,synthetic,2025-07-06,union,919,0.2867339806,9.448748872,0.1535211517,0.02356874403,0.0002467923685,0.9997532076,1230.570597,914.9681322,0.3856379183,0.2867339806,0.252733596,0.3207343652
synthetic_20250706,synthetic,2025-07-06,union,920,0.2870471972,9.443829988,1.387906591,1.926284705,0.0005260373435,0.9994739627,1232.496882,915.9676062,0.3862415801,0.2870471972,0.2530468126,0.3210475818
synthetic_20250706,synthetic,2025-07-06,union,921,0.2873605497,9.4403008,0.6755411948,0.4563559058,9.200572345e-05,0.9999079943,1232.953238,916.9675142,0.3863845935,0.2873605497,0.2533601651,0.3213609343
synthetic_20250706,synthetic,2025-07-06,union,922,0.2876734746,9.436509176,0.7234658778,0.5234028764,0.001456693722,0.9985433063,1233.476641,917.9660575,0.3865486183,0.2876734746,0.25367309,0.3216738592
synthetic_20250706,synthetic,2025-07-06,union,923,0.2879863974,9.431115087,-0.1787185181,0.03194030872,0.001463475873,0.9985365241,1233.508581,918.964594,0.3865586278,0.2879863974,0.2539860128,0.321986782
synthetic_20250706,synthetic,2025-07-06,union,924,0.2882990972,9.427854417,0.9521850556,0.9066563801,0.002174836477,0.9978251635,1234.415238,919.9624192,0.386842757,0.2882990972,0.2542987126,0.3222994818
synthetic_20250706,synthetic,2025-07-06,union,925,0.2886123304,9.419097334,0.9052667972,0.8195079741,0.0004727947398,0.9995272053,1235.234746,920.9619464,0.3870995755,0.2886123304,0.2546119458,0.322612715
synthetic_20250706,synthetic,2025-07-06,union,926,0.2889255877,9.412013146,-0.3681154295,0.1355089695,0.0003961944434,0.9996038056,1235.370254,921.9615502,0.3871420415,0.2889255877,0.2549252031,0.3229259723
synthetic_20250706,synthetic,2025-07-06,union,927,0.2892388949,9.409822684,-0.3497240687,0.1223069242,0.0002364848967,0.9997635151,1235.492561,922.9613137,0.3871803702,0.2892388949,0.2552385103,0.3232392795
synthetic_20250706,synthetic,2025-07-06,union,928,0.2895517554,9.40474517,0.0698545868,0.004879663296,0.001662270455,0.9983377295,1235.497441,923.9596514,0.3871818994,0.2895517554,0.2555513708,0.32355214
synthetic_20250706,synthetic,2025-07-06,union,929,0.2898650647,9.401116152,1.057117821,1.117498087,0.0002300367054,0.9997699633,1236.614939,924.9594214,0.3875321025,0.2898650647,0.2558646801,0.3238654493
synthetic_20250706,synthetic,2025-07-06,union,930,0.290178366,9.394376094,0.6812620903,0.4641180357,0.0002555750472,0.999744425,1237.079057,925.9591658,0.3876775485,0.290178366,0.2561779814,0.3241787506
synthetic_20250706,synthetic,2025-07-06,union,931,0.2904916379,9.388444232,0.6607883329,0.4366412208,0.000349158655,0.9996508413,1237.515698,926.9588167,0.3878143837,0.2904916379,0.2564912533,0.3244920225
synthetic_20250706,synthetic,2025-07-06,union,932,0.290804792,9.38541669,0.5072380231,0.257290412,0.0007255067734,0.9992744932,1237.772989,927.9580912,0.3878950137,0.290804792,0.2568044074,0.3248051766
synthetic_20250706,synthetic,2025-07-06,union,933,0.2911178879,9.378757041,0.392961879,0.1544190383,0.0009108666701,0.9990891333,1237.927408,928.9571803,0.3879434058,0.2911178879,0.2571175033,0.3251182725
synthetic_20250706,synthetic,2025-07-06,union,934,0.2914311645,9.375576538,2.146123389,4.6058456,0.0003343894649,0.9996656105,1242.533253,929.9568459,0.3893867921,0.2914311645,0.2574307799,0.3254315491
synthetic_20250706,synthetic,2025-07-06,union,935,0.2917444684,9.371548668,2.210980474,4.888434656,0.0002472587818,0.9997527412,1247.421688,930.9565987,0.3909187365,0.2917444684,0.2577440838,0.325744853
synthetic_20250706,synthetic,2025-07-06,union,936,0.2920575762,9.366945863,-1.095551396,1.200232861,0.0008729425641,0.9991270574,1248.621921,931.9557257,0.3912948671,0.2920575762,0.2580571916,0.3260579608
synthetic_20250706,synthetic,2025-07-06,union,937,0.2923709117,9.362635191,0.03831571425,0.001468093959,0.0001465539517,0.999853446,1248.623389,932.9555792,0.3912953272,0.2923709117,0.2583705271,0.3263712963
synthetic_20250706,synthetic,2025-07-06,union,938,0.2926841938,9.361724409,-0.3294612276,0.1085447005,0.0003167036485,0.9996832964,1248.731934,933.9552625,0.3913293431,0.2926841938,0.2586838092,0.3266845784
synthetic_20250706,synthetic,2025-07-06,union,939,0.2929970503,9.350964169,-0.02311787126,0.0005344359718,0.001674895777,0.9983251042,1248.732468,934.9535876,0.3913295106,0.2929970503,0.2589966657,0.3269974349
synthetic_20250706,synthetic,2025-07-06,union,940,0.2933101791,9.34298235,-0.6701964931,0.4491633394,0.0008060971646,0.9991939028,1249.181632,935.9527815,0.39147027,0.2933101791,0.2593097945,0.3273105637
synthetic_20250706,synthetic,2025-07-06,union,941,0.293623429,9.337731539,-1.247904912,1.557266669,0.0004195404885,0.9995804595,1250.738898,936.9523619,0.3919582884,0.293623429,0.2596230444,0.3276238136
synthetic_20250706,synthetic,2025-07-06,union,942,0.2939365724,9.329813028,-0.3098839781,0.09602807987,0.0007593335673,0.9992406664,1250.834926,937.9516026,0.3919883818,0.2939365724,0.2599361878,0.327936957
synthetic_20250706,synthetic,2025-07-06,union,943,0.2942497617,9.327843392,-0.458038061,0.2097988654,0.0006128683542,0.9993871316,1251.044725,938.9509897,0.3920541289,0.2942497617,0.2602493771,0.3282501463
synthetic_20250706,synthetic,2025-07-06,union,944,0.2945630216,9.324968969,-0.4421386917,0.1954866227,0.000387794126,0.9996122059,1251.240212,939.9506019,0.3921153907,0.2945630216,0.260562637,0.3285634062
synthetic_20250706,synthetic,2025-07-06,union,945,0.2948763324,9.317939403,-0.4204492988,0.1767776129,0.0002252223364,0.9997747777,1251.416989,940.9503767,0.3921707895,0.2948763324,0.2608759478,0.328876717
synthetic_20250706,synthetic,2025-07-06,union,946,0.2951895666,9.311268135,-1.067209395,1.138935893,0.0004698216869,0.9995301783,1252.555925,941.9499069,0.3925277108,0.2951895666,0.261189182,0.3291899512
synthetic_20250706,synthetic,2025-07-06,union,947,0.2955028621,9.309128244,0.8105629792,0.6570123432,0.0002738523204,0.9997261477,1253.212938,942.949633,0.3927336063,0.2955028621,0.2615024775,0.3295032467
synthetic_20250706,synthetic,2025-07-06,union,948,0.2958155669,9.307796974,1.035388273,1.072028875,0.002158966718,0.9978410333,1254.284967,943.9474741,0.3930695602,0.2958155669,0.2618151823,0.3298159515
synthetic_20250706,synthetic,2025-07-06,union,949,0.2961288597,9.298439105,-0.9031680294,0.8157124893,0.0002826484178,0.9997173516,1255.100679,944.9471914,0.3933251893,0.2961288597,0.2621284751,0.3301292443
synthetic_20250706,synthetic,2025-07-06,union,950,0.2964417671,9.291533613,0.827606748,0.6849329293,0.001512711362,0.9984872886,1255.785612,945.9456787,0.3935398345,0.2964417671,0.2624413825,0.3304421517
synthetic_20250706,synthetic,2025-07-06,union,951,0.2967547125,9.29082828,0.1727095356,0.0298285837,0.001391005123,0.9986089949,1255.815441,946.9442877,0.3935491822,0.2967547125,0.2627543279,0.3307550971
synthetic_20250706,synthetic,2025-07-06,union,952,0.2970678871,9.285969149,1.046991579,1.096191366,0.0006600849717,0.999339915,1256.911632,947.9436276,0.3938927082,0.2970678871,0.2630675025,0.3310682717
synthetic_20250706,synthetic,2025-07-06,union,953,0.2973811445,9.282955457,-1.097591913,1.204708009,0.0003954941816,0.9996045058,1258.11634,948.9432321,0.3942702413,0.2973811445,0.2633807599,0.3313815291
synthetic_20250706,synthetic,2025-07-06,union,954,0.2976943097,9.280018235,0.6719788771,0.4515556113,0.0006899238027,0.9993100762,1258.567896,949.9425422,0.3944117504,0.2976943097,0.2636939251,0.3316946943
synthetic_20250706,synthetic,2025-07-06,union,955,0.2980076195,9.277916789,-0.6436281711,0.4142572227,0.0002285208759,0.9997714791,1258.982153,950.9423137,0.3945415709,0.2980076195,0.2640072349,0.3320080041
synthetic_20250706,synthetic,2025-07-06,union,956,0.2983208989,9.272373414,-0.9546021835,0.9112653288,0.0003253684741,0.9996746315,1259.893418,951.9419883,0.3948271445,0.2983208989,0.2643205143,0.3323212835
synthetic_20250706,synthetic,2025-07-06,union,957,0.2986339662,9.265438738,-0.4165630917,0.1735248093,0.001002130662,0.9989978693,1260.066943,952.9409862,0.3948815239,0.2986339662,0.2646335816,0.3326343508
synthetic_20250706,synthetic,2025-07-06,union,958,0.2989467271,9.258005064,0.7121978162,0.5072257294,0.001980061466,0.9980199385,1260.574169,953.9390061,0.395040479,0.2989467271,0.2649463425,0.3329471117
synthetic_20250706,synthetic,2025-07-06,union,959,0.2992600289,9.255966725,1.044663695,1.091322235,0.0002539352881,0.9997460647,1261.665491,954.9387522,0.3953824791,0.2992600289,0.2652596443,0.3332604135
synthetic_20250706,synthetic,2025-07-06,union,960,0.2995732325,9.252336067,-0.8920858923,0.7958172393,0.000567415724,0.9994325843,1262.461308,955.9381848,0.3956318734,0.2995732325,0.2655728479,0.3335736171
synthetic_20250706,synthetic,2025-07-06,union,961,0.2998854515,9.24203639,0.5042522089,0.2542702902,0.003709025161,0.9962909748,1262.715578,956.9344757,0.395711557,0.2998854515,0.2658850669,0.3338858361
synthetic_20250706,synthetic,2025-07-06,union,962,0.3001986004,9.238346387,-0.3693129927,0.1363920866,0.0007419290994,0.9992580709,1262.85197,957.9337338,0.3957542997,0.3001986004,0.2661982158,0.334198985
synthetic_20250706,synthetic,2025-07-06,union,963,0.3005117498,9.235288442,0.8454791265,0.7148349533,0.0007401675234,0.9992598325,1263.566805,958.9329936,0.3959783157,0.3005117498,0.2665113652,0.3345121344
synthetic_20250706,synthetic,2025-07-06,union,964,0.3008247336,9.231409771,-1.670460558,2.790438474,0.001268641467,0.9987313585,1266.357244,959.931725,0.3968527872,0.3008247336,0.266824349,0.3348251182
synthetic_20250706,synthetic,2025-07-06,union,965,0.3011380288,9.226326796,-1.098250402,1.206153946,0.0002751457251,0.9997248543,1267.563398,960.9314499,0.3972307734,0.3011380288,0.2671376442,0.3351384134
synthetic_20250706,synthetic,2025-07-06,union,966,0.3014510711,9.225462208,0.01345073933,0.0001809223885,0.001082007484,0.9989179925,1267.563579,961.9303678,0.3972308301,0.3014510711,0.2674506865,0.3354514557
synthetic_20250706,synthetic,2025-07-06,union,967,0.3017643694,9.222267102,0.1624951135,0.0264046619,0.0002651851187,0.9997348149,1267.589983,962.9301027,0.3972391048,0.3017643694,0.2677639848,0.335764754
synthetic_20250706,synthetic,2025-07-06,union,968,0.3020771057,9.216442582,-1.428944344,2.04188194,0.002058297204,0.9979417028,1269.631865,963.9280444,0.3978789926,0.3020771057,0.2680767211,0.3360774903
synthetic_20250706,synthetic,2025-07-06,union,969,0.3023902142,9.213407374,1.595972542,2.547128354,0.0008708654702,0.9991291345,1272.178994,964.9271735,0.3986772152,0.3023902142,0.2683898296,0.3363905988
synthetic_20250706,synthetic,2025-07-06,union,970,0.3027033395,9.206651892,0.9732516672,0.9472188077,0.0008172006442,0.9991827994,1273.126213,965.9263563,0.3989740559,0.3027033395,0.2687029549,0.3367037241
synthetic_20250706,synthetic,2025-07-06,union,971,0.3030166417,9.203586842,1.01660035,1.033476272,0.0002524911559,0.9997475088,1274.159689,966.9261038,0.3992979282,0.3030166417,0.2690162571,0.3370170263
synthetic_20250706,synthetic,2025-07-06,union,972,0.3033296515,9.20203876,-1.632453341,2.66490391,0.001185806139,0.9988141939,1276.824593,967.924918,0.4001330594,0.3033296515,0.2693292669,0.3373300361
synthetic_20250706,synthetic,2025-07-06,union,973,0.303642689,9.199757914,0.507012861,0.2570620412,0.001097393955,0.998902606,1277.081655,968.9238206,0.4002136179,0.303642689,0.2696423044,0.3376430736
synthetic_20250706,synthetic,2025-07-06,union,974,0.3039555905,9.19486792,0.3015314528,0.09092121701,0.001531347055,0.9984686529,1277.172576,969.9222893,0.4002421109,0.3039555905,0.2699552059,0.3379559751
synthetic_20250706,synthetic,2025-07-06,union,975,0.3042688803,9.194423304,-1.069887373,1.14465899,0.000292374771,0.9997076252,1278.317235,970.9219969,0.4006008257,0.3042688803,0.2702684957,0.3382692649
synthetic_20250706,synthetic,2025-07-06,union,976,0.304582171,9.192080102,-0.6600911933,0.4357203835,0.000289172417,0.9997108276,1278.752955,971.9217077,0.4007373724,0.304582171,0.2705817864,0.3385825556
synthetic_20250706,synthetic,2025-07-06,union,977,0.3048953366,9.183951627,0.03083615301,0.0009508683327,0.0006884687101,0.9993115313,1278.753906,972.9210192,0.4007376704,0.3048953366,0.270894952,0.3388957212
synthetic_20250706,synthetic,2025-07-06,union,978,0.3052084758,9.177981137,-0.2835229977,0.08038529022,0.0007728230754,0.9992271769,1278.834291,973.9202464,0.4007628616,0.3052084758,0.2712080912,0.3392088604
synthetic_20250706,synthetic,2025-07-06,union,979,0.305521756,9.174150949,-0.6780330989,0.4597288832,0.0003231609542,0.999676839,1279.29402,974.9199233,0.4009069321,0.305521756,0.2715213714,0.3395221406
synthetic_20250706,synthetic,2025-07-06,union,980,0.3058342204,9.161980976,-1.428493135,2.040592636,0.002926051254,0.9970739487,1281.334613,975.9169972,0.4015464159,0.3058342204,0.2718338358,0.339834605
synthetic_20250706,synthetic,2025-07-06,union,981,0.3061464224,9.161508515,1.146076981,1.313492447,0.003763250101,0.9962367499,1282.648105,976.913234,0.4019580399,0.3061464224,0.2721460378,0.340146807
synthetic_20250706,synthetic,2025-07-06,union,982,0.3064595996,9.157377165,0.5481427681,0.3004604942,0.0006515008834,0.9993484991,1282.948566,977.9125825,0.4020521987,0.3064595996,0.272459215,0.3404599842
synthetic_20250706,synthetic,2025-07-06,union,983,0.3067724612,9.153138397,0.8389387403,0.70381821,0.001658772741,0.9983412273,1283.652384,978.9109237,0.4022727622,0.3067724612,0.2727720766,0.3407728458
synthetic_20250706,synthetic,2025-07-06,union,984,0.3070856866,9.147607413,0.3631018724,0.1318429698,0.0004977863742,0.9995022136,1283.784227,979.9104259,0.4023140793,0.3070856866,0.273085302,0.3410860712
synthetic_20250706,synthetic,2025-07-06,union,985,0.3073988335,9.144835996,1.225874899,1.502769267,0.0007482302397,0.9992517698,1285.286996,980.9096777,0.4027850192,0.3073988335,0.2733984489,0.3413992181
synthetic_20250706,synthetic,2025-07-06,union,986,0.3077119438,9.143076866,0.6636589781,0.4404432392,0.000864927414,0.9991350726,1285.72744,981.9088127,0.402923046,0.3077119438,0.2737115592,0.3417123284
synthetic_20250706,synthetic,2025-07-06,union,987,0.3080251011,9.141130827,-0.2834793776,0.0803605575,0.0007152126,0.9992847874,1285.8078,982.9080975,0.4029482295,0.3080251011,0.2740247165,0.3420254857
synthetic_20250706,synthetic,2025-07-06,union,988,0.3083383834,9.140467811,0.002818900032,7.94619739e-06,0.0003159578095,0.9996840422,1285.807808,983.9077816,0.4029482319,0.3083383834,0.2743379988,0.342338768
synthetic_20250706,synthetic,2025-07-06,union,989,0.3086513193,9.136370744,0.8172552212,0.6679060966,0.001421617837,0.9985783822,1286.475714,984.90636,0.4031575413,0.3086513193,0.2746509347,0.3426517039
synthetic_20250706,synthetic,2025-07-06,union,990,0.3089646313,9.130602978,0.2258007948,0.05098599894,0.0002213221762,0.9997786778,1286.5267,985.9061386,0.4031735193,0.3089646313,0.2749642467,0.3429650159
synthetic_20250706,synthetic,2025-07-06,union,991,0.3092779296,9.126955495,0.1812260944,0.03284289728,0.0002653487537,0.9997346512,1286.559543,986.9058733,0.4031838117,0.3092779296,0.275277545,0.3432783142
synthetic_20250706,synthetic,2025-07-06,union,992,0.3095898632,9.120874751,-0.9765037504,0.9535595746,0.004619696032,0.995380304,1287.513103,987.9012536,0.4034826395,0.3095898632,0.2755894786,0.3435902478
synthetic_20250706,synthetic,2025-07-06,union,993,0.3099029687,9.117413923,-1.057346824,1.117982307,0.0008805207836,0.9991194792,1288.631085,988.9003731,0.4038329944,0.3099029687,0.2759025841,0.3439033533
synthetic_20250706,synthetic,2025-07-06,union,994,0.3102161793,9.11561412,0.5518798506,0.3045713695,0.0005450032026,0.9994549968,1288.935656,989.8998281,0.4039284414,0.3102161793,0.2762157947,0.3442165639
synthetic_20250706,synthetic,2025-07-06,union,995,0.3105292082,9.113075341,-0.9839938386,0.9682438745,0.001124576208,0.9988754238,1289.9039,990.8987035,0.404231871,0.3105292082,0.2765288236,0.3445295928
synthetic_20250706,synthetic,2025-07-06,union,996,0.3108424013,9.110656508,1.447397516,2.09495957,0.0006010436288,0.9993989564,1291.99886,991.8981024,0.4048883923,0.3108424013,0.2768420167,0.3448427859
synthetic_20250706,synthetic,2025-07-06,union,997,0.3111555623,9.106555398,-0.0552510471,0.003052678206,0.0007032576522,0.9992967423,1292.001913,992.8973992,0.404889349,0.3111555623,0.2771551777,0.3451559469
synthetic_20250706,synthetic,2025-07-06,union,998,0.3114687985,9.104729984,-0.2042311683,0.04171037012,0.0004632370562,0.9995367629,1292.043623,993.8969359,0.4049024202,0.3114687985,0.2774684139,0.3454691831
synthetic_20250706,synthetic,2025-07-06,union,999,0.3117818496,9.098600916,-0.1842806434,0.03395935552,0.001053836217,0.9989461638,1292.077582,994.8958821,0.4049130624,0.3117818496,0.277781465,0.3457822342
synthetic_20250706,synthetic,2025-07-06,union,1000,0.3120948208,9.096392519,0.2335672239,0.05455364807,0.001308851069,0.9986911489,1292.132136,995.8945733,0.4049301585,0.3120948208,0.2780944362,0.3460952054
synthetic_20250706,synthetic,2025-07-06,union,1001,0.3124080083,9.088992653,0.02606594891,0.0006794336927,0.0006189219682,0.999381078,1292.132815,996.8939543,0.4049303715,0.3124080083,0.2784076237,0.3464083929
synthetic_20250706,synthetic,2025-07-06,union,1002,0.3127211217,9.082476781,-0.3470931893,0.1204736821,0.0008549770792,0.9991450229,1292.253289,997.8930994,0.4049681257,0.3127211217,0.2787207371,0.3467215063
synthetic_20250706,synthetic,2025-07-06,union,1003,0.3130342351,9.075652839,-0.5099626662,0.2600619209,0.0008551850217,0.999144815,1292.513351,998.8922442,0.4050496242,0.3130342351,0.2790338505,0.3470346197
synthetic_20250706,synthetic,2025-07-06,union,1004,0.3133469356,9.071877467,-0.688529272,0.4740725584,0.002172525733,0.9978274743,1292.987423,999.8900716,0.4051981897,0.3133469356,0.279346551,0.3473473202
synthetic_20250706,synthetic,2025-07-06,union,1005,0.3136602566,9.069738857,-0.6452428218,0.4163382991,0.0001929527677,0.9998070472,1293.403762,1000.889879,0.4053286624,0.3136602566,0.279659872,0.3476606412
synthetic_20250706,synthetic,2025-07-06,union,1006,0.3139730915,9.065614637,1.606430076,2.580617588,0.001743692066,0.9982563079,1295.984379,1001.888135,0.4061373799,0.3139730915,0.2799727069,0.3479734761
synthetic_20250706,synthetic,2025-07-06,union,1007,0.3142863138,9.060779695,-0.005149390085,2.651621824e-05,0.000507690515,0.9994923095,1295.984406,1002.887627,0.4061373882,0.3142863138,0.2802859292,0.3482866984
synthetic_20250706,synthetic,2025-07-06,union,1008,0.3145996099,9.055274532,-0.39399859,0.155234889,0.0002721995691,0.9997278004,1296.139641,1003.887355,0.406186036,0.3145996099,0.2805992253,0.3485999945
synthetic_20250706,synthetic,2025-07-06,union,1009,0.3149127705,9.050776856,-2.155826022,4.647585835,0.0007045677572,0.9992954322,1300.787227,1004.886651,0.4076425029,0.3149127705,0.2809123859,0.3489131551
synthetic_20250706,synthetic,2025-07-06,union,1010,0.3152258088,9.048136505,-0.5933237193,0.3520330359,0.001094814939,0.9989051851,1301.13926,1005.885556,0.4077528235,0.3152258088,0.2812254242,0.3492261934
synthetic_20250706,synthetic,2025-07-06,union,1011,0.3155390801,9.044575885,-0.5458008239,0.2978985394,0.0003510432443,0.9996489568,1301.437158,1006.885205,0.4078461793,0.3155390801,0.2815386955,0.3495394647
synthetic_20250706,synthetic,2025-07-06,union,1012,0.3158518162,9.039405756,2.566452775,6.586679846,0.002059070459,0.9979409295,1308.023838,1007.883146,0.4099103222,0.3158518162,0.2818514316,0.3498522008
synthetic_20250706,synthetic,2025-07-06,union,1013,0.3161646073,9.036176133,0.9115112074,0.8308526811,0.001883766241,0.9981162338,1308.854691,1008.881262,0.4101706959,0.3161646073,0.2821642227,0.3501649919
synthetic_20250706,synthetic,2025-07-06,union,1014,0.3164779214,9.026896056,0.8086400965,0.6538988056,0.0002148214161,0.9997851786,1309.50859,1009.881047,0.4103756156,0.3164779214,0.2824775368,0.350478306
synthetic_20250706,synthetic,2025-07-06,union,1015,0.3167910968,9.022063214,-1.06737001,1.139278738,0.0006571449337,0.9993428551,1310.647868,1010.88039,0.4107326444,0.3167910968,0.2827907122,0.3507914814
synthetic_20250706,synthetic,2025-07-06,union,1016,0.3171040966,9.017946922,-1.764235164,3.112525713,0.001217571688,0.9987824283,1313.760394,1011.879172,0.411708052,0.3171040966,0.283103712,0.3511044812
synthetic_20250706,synthetic,2025-07-06,union,1017,0.3174171866,9.014934293,1.184749573,1.40363155,0.0009299891982,0.9990700108,1315.164026,1012.878242,0.412147924,0.3174171866,0.283416802,0.3514175712
synthetic_20250706,synthetic,2025-07-06,union,1018,0.3177304383,9.012822479,-0.9599001633,0.9214083235,0.0004136769042,0.9995863231,1316.085434,1013.877829,0.4124366762,0.3177304383,0.2837300537,0.3517308229
synthetic_20250706,synthetic,2025-07-06,union,1019,0.3180437787,9.009852226,-0.03802238726,0.001445701933,0.0001308204914,0.9998691795,1316.08688,1014.877698,0.4124371293,0.3180437787,0.2840433941,0.3520441633
synthetic_20250706,synthetic,2025-07-06,union,1020,0.3183566878,9.004319516,-0.3467209683,0.1202154299,0.001507056824,0.9984929432,1316.207095,1015.876191,0.4124748026,0.3183566878,0.2843563032,0.3523570724
synthetic_20250706,synthetic,2025-07-06,union,1021,0.3186695013,8.997884018,-0.8622426524,0.7434623916,0.001812256366,0.9981877436,1316.950557,1016.874379,0.4127077898,0.3186695013,0.2846691167,0.3526698859
synthetic_20250706,synthetic,2025-07-06,union,1022,0.3189828243,8.994468498,-0.1138923302,0.01297146288,0.0001860614488,0.9998139386,1316.963529,1017.874192,0.4127118548,0.3189828243,0.2849824397,0.3529832089
synthetic_20250706,synthetic,2025-07-06,union,1023,0.3192955043,8.991052314,1.416966919,2.007795248,0.002238179612,0.9977618204,1318.971324,1018.871954,0.4133410605,0.3192955043,0.2852951197,0.3532958889
synthetic_20250706,synthetic,2025-07-06,union,1024,0.3196086342,8.984506171,0.6745575345,0.4550278674,0.0008026120714,0.9991973879,1319.426352,1019.871152,0.4134836578,0.3196086342,0.2856082496,0.3536090188
synthetic_20250706,synthetic,2025-07-06,union,1025,0.3199219851,8.981985607,-0.9316270822,0.8679290203,9.734829264e-05,0.9999026517,1320.294281,1020.871054,0.4137556506,0.3199219851,0.2859216005,0.3539223697
synthetic_20250706,synthetic,2025-07-06,union,1026,0.3202351455,8.976849084,0.2287453512,0.05232443569,0.0007051426472,0.9992948574,1320.346605,1021.870349,0.4137720481,0.3202351455,0.2862347609,0.3542355301
synthetic_20250706,synthetic,2025-07-06,union,1027,0.3205483124,8.973863238,-1.53294574,2.349922642,0.0006843525293,0.9993156475,1322.696528,1022.869665,0.4145084701,0.3205483124,0.2865479278,0.354548697
synthetic_20250706,synthetic,2025-07-06,union,1028,0.3208615665,8.967603897,0.4920341405,0.2420975954,0.0004060514137,0.9995939486,1322.938626,1023.869259,0.414584339,0.3208615665,0.2868611819,0.3548619511
synthetic_20250706,synthetic,2025-07-06,union,1029,0.3211747393,8.966456587,0.970815705,0.942483133,0.0006655892897,0.9993344107,1323.881109,1024.868593,0.4148796956,0.3211747393,0.2871743547,0.3551751239
synthetic_20250706,synthetic,2025-07-06,union,1030,0.3214880691,8.955774676,-1.122390894,1.259761318,0.0001645222428,0.9998354778,1325.14087,1025.868429,0.4152744814,0.3214880691,0.2874876845,0.3554884537
synthetic_20250706,synthetic,2025-07-06,union,1031,0.3218010535,8.952783757,0.8866736026,0.7861900775,0.001266902784,0.9987330972,1325.92706,1026.867162,0.4155208587,0.3218010535,0.2878006689,0.3558014381
synthetic_20250706,synthetic,2025-07-06,union,1032,0.3221138068,8.948399857,-0.0820406122,0.006730662051,0.002004196509,0.9979958035,1325.933791,1027.865158,0.415522968,0.3221138068,0.2881134222,0.3561141914
synthetic_20250706,synthetic,2025-07-06,union,1033,0.3224262188,8.946189663,-0.03751148252,0.001407111321,0.003093222083,0.9969067779,1325.935198,1028.862064,0.4155234089,0.3224262188,0.2884258342,0.3564266034
synthetic_20250706,synthetic,2025-07-06,union,1034,0.3227392732,8.942843955,1.272163852,1.618400866,0.001043672438,0.9989563276,1327.553599,1029.861021,0.4160305856,0.3227392732,0.2887388886,0.3567396578
synthetic_20250706,synthetic,2025-07-06,union,1035,0.3230524732,8.936226483,-0.02532282154,0.000641245291,0.000578813255,0.9994211867,1327.55424,1030.860442,0.4160307866,0.3230524732,0.2890520886,0.3570528578
synthetic_20250706,synthetic,2025-07-06,union,1036,0.3233656689,8.932346973,-0.3700740076,0.1369547711,0.0005925094789,0.9994074905,1327.691195,1031.859849,0.4160737057,0.3233656689,0.2893652843,0.3573660535
synthetic_20250706,synthetic,2025-07-06,union,1037,0.323678692,8.927213693,0.1510917251,0.02282870939,0.001143168465,0.9988568315,1327.714024,1032.858706,0.4160808598,0.323678692,0.2896783074,0.3576790766
synthetic_20250706,synthetic,2025-07-06,union,1038,0.3239918569,8.925890393,0.9122517724,0.8322032963,0.0006907151461,0.9993092849,1328.546227,1033.858015,0.4163416568,0.3239918569,0.2899914723,0.3579922415
synthetic_20250706,synthetic,2025-07-06,union,1039,0.3243046439,8.921541959,-1.143249813,1.307020136,0.001896908811,0.9981030912,1329.853247,1034.856119,0.4167512526,0.3243046439,0.2903042593,0.3583050285
synthetic_20250706,synthetic,2025-07-06,union,1040,0.3246177145,8.920881819,1.092940767,1.19451952,0.0009915497074,0.9990084503,1331.047766,1035.855127,0.4171255928,0.3246177145,0.2906173299,0.3586180991
synthetic_20250706,synthetic,2025-07-06,union,1041,0.3249296838,8.918175751,-1.058373684,1.120154855,0.004505966243,0.9954940338,1332.167921,1036.850621,0.4174766284,0.3249296838,0.2909292992,0.3589300684
synthetic_20250706,synthetic,2025-07-06,union,1042,0.3252427607,8.913080691,-0.4087023544,0.1670376145,0.0009715201683,0.9990284798,1332.334959,1037.84965,0.4175289749,0.3252427607,0.2912423761,0.3592431453
synthetic_20250706,synthetic,2025-07-06,union,1043,0.3255556707,8.907115303,-1.949279288,3.799689741,0.001504323268,0.9984956767,1336.134649,1038.848145,0.4187197269,0.3255556707,0.2915552861,0.3595560553
synthetic_20250706,synthetic,2025-07-06,union,1044,0.3258671427,8.898725778,0.8041170238,0.646604188,0.006092845377,0.9939071546,1336.781253,1039.842052,0.4189223607,0.3258671427,0.2918667581,0.3598675273
synthetic_20250706,synthetic,2025-07-06,union,1045,0.3261803119,8.897724196,-1.606783366,2.581752786,0.0006769620868,0.9993230379,1339.363006,1040.841375,0.4197314339,0.3261803119,0.2921799273,0.3601806965
synthetic_20250706,synthetic,2025-07-06,union,1046,0.3264929117,8.891287628,-1.140767224,1.301349859,0.002494017377,0.9975059826,1340.664356,1041.838881,0.4201392527,0.3264929117,0.2924925271,0.3604932963
synthetic_20250706,synthetic,2025-07-06,union,1047,0.3268043935,8.885347159,-0.6675329088,0.4456001843,0.006061607859,0.9939383921,1341.109956,1042.83282,0.4202788956,0.3268043935,0.2928040089,0.3608047781
synthetic_20250706,synthetic,2025-07-06,union,1048,0.3271176184,8.882180123,-0.1928429104,0.03718838808,0.0004995191029,0.9995004809,1341.147144,1043.83232,0.4202905497,0.3271176184,0.2931172338,0.361118003
synthetic_20250706,synthetic,2025-07-06,union,1049,0.3274306239,8.880333963,-1.038887148,1.079286506,0.001199363207,0.9988006368,1342.226431,1044.831121,0.420628778,0.3274306239,0.2934302393,0.3614310085
synthetic_20250706,synthetic,2025-07-06,union,1050,0.3277439124,8.877785042,0.7114981795,0.5062296595,0.0002965295805,0.9997034704,1342.73266,1045.830824,0.420787421,0.3277439124,0.2937435278,0.361744297
synthetic_20250706,synthetic,2025-07-06,union,1051,0.3280571471,8.874206925,-1.51410784,2.292522551,0.0004680250556,0.9995319749,1345.025183,1046.830356,0.4215058548,0.3280571471,0.2940567625,0.3620575317
synthetic_20250706,synthetic,2025-07-06,union,1052,0.3283703242,8.869610658,-1.292718427,1.671120931,0.0006516512059,0.9993483488,1346.696304,1047.829705,0.422029553,0.3283703242,0.2943699396,0.3623707088
synthetic_20250706,synthetic,2025-07-06,union,1053,0.3286836176,8.862184012,-0.5726081923,0.3278801419,0.0002808948365,0.9997191052,1347.024184,1048.829424,0.4221323046,0.3286836176,0.294683233,0.3626840022
synthetic_20250706,synthetic,2025-07-06,union,1054,0.3289968703,8.855159858,0.6372663583,0.4061084114,0.0004105700744,0.9995894299,1347.430292,1049.829013,0.4222595714,0.3289968703,0.2949964857,0.3629972549
synthetic_20250706,synthetic,2025-07-06,union,1055,0.3293101434,8.852985378,1.595941036,2.547027791,0.0003456578901,0.9996543421,1349.97732,1050.828668,0.4230577625,0.3293101434,0.2953097588,0.363310528
synthetic_20250706,synthetic,2025-07-06,union,1056,0.3296233092,8.846463501,-0.04767303762,0.002272718516,0.0006879650792,0.9993120349,1349.979593,1051.82798,0.4230584747,0.3296233092,0.2956229246,0.3636236938
synthetic_20250706,synthetic,2025-07-06,union,1057,0.3299355946,8.843754825,0.1822303618,0.03320790477,0.003497292314,0.9965027077,1350.012801,1052.824482,0.4230688814,0.3299355946,0.29593521,0.3639359792
synthetic_20250706,synthetic,2025-07-06,union,1058,0.3302483629,8.839546921,-0.1415756051,0.02004365195,0.001956365151,0.9980436348,1350.032844,1053.822526,0.4230751628,0.3302483629,0.2962479783,0.3642487475
synthetic_20250706,synthetic,2025-07-06,union,1059,0.3305614734,8.835868228,-0.4655178319,0.2167068518,0.0008643669715,0.999135633,1350.249551,1054.821662,0.4231430746,0.3305614734,0.2965610888,0.364561858
synthetic_20250706,synthetic,2025-07-06,union,1060,0.3308739777,8.835617561,0.9317152056,0.8680932244,0.002798664248,0.9972013358,1351.117644,1055.818863,0.4234151189,0.3308739777,0.2968735931,0.3648743623
synthetic_20250706,synthetic,2025-07-06,union,1061,0.3311872405,8.831539645,-0.6676512729,0.4457582222,0.0003785678809,0.9996214321,1351.563403,1056.818484,0.4235548112,0.3311872405,0.2971868559,0.3651876251
synthetic_20250706,synthetic,2025-07-06,union,1062,0.3315004832,8.827507406,-0.7379779352,0.5446114328,0.0004423833572,0.9995576166,1352.108014,1057.818042,0.4237254823,0.3315004832,0.2975000986,0.3655008678
synthetic_20250706,synthetic,2025-07-06,union,1063,0.3318137188,8.824487223,1.07368404,1.152797417,0.0004652734171,0.9995347266,1353.260812,1058.817577,0.4240867476,0.3318137188,0.2978133342,0.3658141034
synthetic_20250706,synthetic,2025-07-06,union,1064,0.3321267427,8.822194249,-0.5478123662,0.3000983885,0.001140861127,0.9988591389,1353.56091,1059.816436,0.4241807928,0.3321267427,0.2981263581,0.3661271273
synthetic_20250706,synthetic,2025-07-06,union,1065,0.3324399478,8.819906889,-0.3676318697,0.1351531916,0.0005624917505,0.9994375082,1353.696063,1060.815873,0.4242231473,0.3324399478,0.2984395632,0.3664403324
synthetic_20250706,synthetic,2025-07-06,union,1066,0.3327532855,8.818686384,0.9055182292,0.8199632635,0.0001392812488,0.9998607188,1354.516026,1061.815734,0.4244801085,0.3327532855,0.2987529009,0.3667536701
synthetic_20250706,synthetic,2025-07-06,union,1067,0.3330660522,8.810679917,-1.796599416,3.22776946,0.001961476828,0.9980385232,1357.743796,1062.813773,0.4254916314,0.3330660522,0.2990656676,0.3670664368
synthetic_20250706,synthetic,2025-07-06,union,1068,0.3333793436,8.808666387,-1.585565683,2.514018536,0.0002870835178,0.9997129165,1360.257814,1063.813485,0.426279478,0.3333793436,0.299378959,0.3673797282
synthetic_20250706,synthetic,2025-07-06,union,1069,0.3336926538,8.805879749,0.3211221035,0.1031194053,0.0002272380713,0.9997727619,1360.360934,1064.813258,0.4263117937,0.3336926538,0.2996922692,0.3676930384
synthetic_20250706,synthetic,2025-07-06,union,1070,0.3340058843,8.799360489,-0.2007568042,0.04030329444,0.0004815547048,0.9995184453,1360.401237,1065.812777,0.426324424,0.3340058843,0.3000054997,0.3680062689
synthetic_20250706,synthetic,2025-07-06,union,1071,0.3343189451,8.796110737,0.5129680205,0.2631361901,0.001022810039,0.99897719,1360.664373,1066.811754,0.426406886,0.3343189451,0.3003185605,0.3683193297
synthetic_20250706,synthetic,2025-07-06,union,1072,0.3346319211,8.794284863,-1.168756099,1.365990819,0.001293734221,0.9987062658,1362.030364,1067.81046,0.4268349621,0.3346319211,0.3006315365,0.3686323057
synthetic_20250706,synthetic,2025-07-06,union,1073,0.3349451909,8.791300013,-0.6039227687,0.3647227106,0.0003558363279,0.9996441637,1362.395087,1068.810104,0.4269492594,0.3349451909,0.3009448063,0.3689455755
synthetic_20250706,synthetic,2025-07-06,union,1074,0.3352575983,8.78692611,0.8574286471,0.7351838848,0.003107961871,0.9968920381,1363.130271,1069.806996,0.4271796523,0.3352575983,0.3012572137,0.3692579829
synthetic_20250706,synthetic,2025-07-06,union,1075,0.3355707161,8.784538632,-1.788272545,3.197918694,0.0008411764881,0.9991588235,1366.328189,1070.806155,0.4281818205,0.3355707161,0.3015703315,0.3695711007
synthetic_20250706,synthetic,2025-07-06,union,1076,0.3358840334,8.778904279,0.6161047299,0.3795850382,0.0002045664496,0.9997954336,1366.707774,1071.805951,0.4283007754,0.3358840334,0.3018836488,0.369884418
synthetic_20250706,synthetic,2025-07-06,union,1077,0.3361971349,8.774948123,1.18110689,1.395013487,0.0008931638129,0.9991068362,1368.102788,1072.805057,0.4287379467,0.3361971349,0.3021967503,0.3701975195
synthetic_20250706,synthetic,2025-07-06,union,1078,0.3365101983,8.769752995,-0.5307088915,0.2816519275,0.001014673771,0.9989853262,1368.38444,1073.804043,0.4288262112,0.3365101983,0.3025098137,0.3705105829
synthetic_20250706,synthetic,2025-07-06,union,1079,0.3368228685,8.769525433,-1.318131658,1.737471068,0.002269221454,0.9977307785,1370.121911,1074.801774,0.4293707022,0.3368228685,0.3028224839,0.3708232531
synthetic_20250706,synthetic,2025-07-06,union,1080,0.3371360431,8.762438072,1.076665664,1.159208951,0.0006601002226,0.9993398998,1371.28112,1075.801113,0.4297339768,0.3371360431,0.3031356585,0.3711364277
synthetic_20250706,synthetic,2025-07-06,union,1081,0.3374485867,8.759969399,-1.00777334,1.015607106,0.00267332543,0.9973266746,1372.296727,1076.79844,0.4300522491,0.3374485867,0.3034482021,0.3714489713
synthetic_20250706,synthetic,2025-07-06,union,1082,0.3377616757,8.75775057,0.511780191,0.2619189639,0.0009330119247,0.9990669881,1372.558646,1077.797507,0.4301343296,0.3377616757,0.3037612911,0.3717620603
synthetic_20250706,synthetic,2025-07-06,union,1083,0.3380746542,8.75674776,-1.216293731,1.479370439,0.001285546699,0.9987144533,1374.038016,1078.796222,0.4305979368,0.3380746542,0.3040742696,0.3720750388
synthetic_20250706,synthetic,2025-07-06,union,1084,0.3383879637,8.751159383,0.6117823995,0.3742777043,0.0002294089776,0.999770591,1374.412294,1079.795992,0.4307152285,0.3383879637,0.3043875791,0.3723883483
synthetic_20250706,synthetic,2025-07-06,union,1085,0.3387012342,8.748650565,-0.6390149684,0.4083401299,0.0003538734209,0.9996461266,1374.820634,1080.795638,0.4308431947,0.3387012342,0.3047008496,0.3727016188
synthetic_20250706,synthetic,2025-07-06,union,1086,0.3390144646,8.745243627,1.663760057,2.768097528,0.0004818248139,0.9995181752,1377.588732,1081.795156,0.4317106649,0.3390144646,0.30501408,0.3730148492
synthetic_20250706,synthetic,2025-07-06,union,1087,0.3393267088,8.741933848,-1.395020219,1.946081411,0.003628739232,0.9963712608,1379.534813,1082.791528,0.4323205306,0.3393267088,0.3053263242,0.3733270934
synthetic_20250706,synthetic,2025-07-06,union,1088,0.3396388841,8.739663913,0.9308274798,0.8664397971,0.003848619897,0.9961513801,1380.401253,1083.787679,0.4325920567,0.3396388841,0.3056384995,0.3736392687
synthetic_20250706,synthetic,2025-07-06,union,1089,0.3399522388,8.729906627,0.4246809167,0.180353881,8.496932936e-05,0.9999150307,1380.581607,1084.787594,0.4326485762,0.3399522388,0.3059518542,0.3739526234
synthetic_20250706,synthetic,2025-07-06,union,1090,0.340265521,8.724989576,-1.178170265,1.388085174,0.0003167331348,0.9996832669,1381.969692,1085.787277,0.4330835763,0.340265521,0.3062651364,0.3742659056
synthetic_20250706,synthetic,2025-07-06,union,1091,0.3405787958,8.722975054,1.002459174,1.004924395,0.000340065895,0.9996599341,1382.974616,1086.786937,0.4333985009,0.3405787958,0.3065784112,0.3745791804
synthetic_20250706,synthetic,2025-07-06,union,1092,0.3408914963,8.713163405,-0.7733700928,0.5981013004,0.002172667209,0.9978273328,1383.572718,1087.784765,0.4335859347,0.3408914963,0.3068911117,0.3748918809
synthetic_20250706,synthetic,2025-07-06,union,1093,0.3412046187,8.710789954,-0.8706437381,0.7580205187,0.0008264871724,0.9991735128,1384.330738,1088.783938,0.4338234842,0.3412046187,0.3072042341,0.3752050033
synthetic_20250706,synthetic,2025-07-06,union,1094,0.341517108,8.706331987,-0.8062038294,0.6499646145,0.002846518421,0.9971534816,1384.980703,1089.781092,0.434027171,0.341517108,0.3075167234,0.3755174926
synthetic_20250706,synthetic,2025-07-06,union,1095,0.341830374,8.701539365,-0.7216639962,0.5207989235,0.0003683214961,0.9996316785,1385.501502,1090.780723,0.4341903797,0.341830374,0.3078299894,0.3758307586
synthetic_20250706,synthetic,2025-07-06,union,1096,0.3421431422,8.70007634,-0.5435109972,0.2954042041,0.001956414226,0.9980435858,1385.796906,1091.778767,0.4342829539,0.3421431422,0.3081427576,0.3761435268
synthetic_20250706,synthetic,2025-07-06,union,1097,0.3424543903,8.695070442,-0.8244100013,0.6796518502,0.006807369613,0.9931926304,1386.476558,1092.77196,0.4344959441,0.3424543903,0.3084540057,0.3764547749
synthetic_20250706,synthetic,2025-07-06,union,1098,0.3427676038,8.69237985,-0.540789461,0.2924532412,0.000535726412,0.9994642736,1386.769011,1093.771424,0.4345875935,0.3427676038,0.3087672192,0.3767679884
synthetic_20250706,synthetic,2025-07-06,union,1099,0.343080829,8.68847795,0.7486197031,0.5604314598,0.0004985401762,0.9995014598,1387.329442,1094.770925,0.4347632223,0.343080829,0.3090804444,0.3770812136
synthetic_20250706,synthetic,2025-07-06,union,1100,0.3433940911,8.685947974,1.557910263,2.427084387,0.00038056365,0.9996194363,1389.756527,1095.770545,0.4355238254,0.3433940911,0.3093937065,0.3773944757
synthetic_20250706,synthetic,2025-07-06,union,1101,0.3437071305,8.684048062,0.5764981061,0.3323500663,0.001091151334,0.9989088487,1390.088877,1096.769454,0.4356279777,0.3437071305,0.3097067459,0.3777075151
synthetic_20250706,synthetic,2025-07-06,union,1102,0.3440198313,8.679935611,0.1839224275,0.03382745934,0.002171737035,0.997828263,1390.122704,1097.767282,0.4356385786,0.3440198313,0.3100194467,0.3780202159
synthetic_20250706,synthetic,2025-07-06,union,1103,0.3443321242,8.676353507,1.292804891,1.671344486,0.003473623904,0.9965263761,1391.794049,1098.763808,0.4361623469,0.3443321242,0.3103317396,0.3783325088
synthetic_20250706,synthetic,2025-07-06,union,1104,0.3446447387,8.670630148,-1.527667422,2.333767752,0.002447107545,0.9975528925,1394.127817,1099.761361,0.4368937062,0.3446447387,0.3106443541,0.3786451233
synthetic_20250706,synthetic,2025-07-06,union,1105,0.3449578464,8.667361203,-0.4933926157,0.2434362732,0.0008733439666,0.999126656,1394.371253,1100.760488,0.4369699946,0.3449578464,0.3109574618,0.378958231
synthetic_20250706,synthetic,2025-07-06,union,1106,0.3452701907,8.663714579,0.6836332894,0.4673544744,0.003309334031,0.996690666,1394.838607,1101.757178,0.4371164548,0.3452701907,0.3112698061,0.3792705753
synthetic_20250706,synthetic,2025-07-06,union,1107,0.3455824642,8.659431728,1.061297459,1.126352297,0.003535225838,0.9964647742,1395.96496,1102.753643,0.4374694327,0.3455824642,0.3115820796,0.3795828488
synthetic_20250706,synthetic,2025-07-06,union,1108,0.3458957014,8.655948887,0.5905851822,0.3487908575,0.0004599138721,0.9995400861,1396.313751,1103.753183,0.4375787372,0.3458957014,0.3118953168,0.379896086
synthetic_20250706,synthetic,2025-07-06,union,1109,0.3462087604,8.653533079,0.6595337024,0.4349847046,0.001028900594,0.9989710994,1396.748735,1104.752154,0.4377150533,0.3462087604,0.3122083758,0.380209145
synthetic_20250706,synthetic,2025-07-06,union,1110,0.3465217983,8.652837918,0.5454897939,0.2975591152,0.001096125742,0.9989038743,1397.046294,1105.751058,0.4378083028,0.3465217983,0.3125214137,0.3805221829
synthetic_20250706,synthetic,2025-07-06,union,1111,0.346835073,8.647994648,-0.3641100223,0.1325761083,0.0003401771393,0.9996598229,1397.17887,1106.750718,0.4378498497,0.346835073,0.3128346884,0.3808354576
synthetic_20250706,synthetic,2025-07-06,union,1112,0.3471481383,8.646905317,1.004646166,1.009313919,0.001008728579,0.9989912714,1398.188184,1107.749709,0.4381661499,0.3471481383,0.3131477537,0.3811485229
synthetic_20250706,synthetic,2025-07-06,union,1113,0.3474612374,8.644512576,1.368542874,1.872909598,0.000900923826,0.9990990762,1400.061094,1108.748808,0.4387530849,0.3474612374,0.3134608528,0.381461622
synthetic_20250706,synthetic,2025-07-06,union,1114,0.347774449,8.636100736,-0.4114056353,0.1692545967,0.0005415327754,0.9994584672,1400.230349,1109.748267,0.4388061262,0.347774449,0.3137740644,0.3817748336
synthetic_20250706,synthetic,2025-07-06,union,1115,0.3480859779,8.633842757,0.9122361282,0.8321747535,0.005911462384,0.9940885376,1401.062523,1110.742355,0.4390669142,0.3480859779,0.3140855933,0.3820863625
synthetic_20250706,synthetic,2025-07-06,union,1116,0.3483992702,8.625908368,0.3647042002,0.1330091537,0.0002842860351,0.999715714,1401.195532,1111.742071,0.4391085968,0.3483992702,0.3143988856,0.3823996548
synthetic_20250706,synthetic,2025-07-06,union,1117,0.3487125515,8.625621412,0.3953957815,0.156337824,0.000319234512,0.9996807655,1401.35187,1112.741752,0.4391575902,0.3487125515,0.3147121669,0.3827129361
synthetic_20250706,synthetic,2025-07-06,union,1118,0.3490246208,8.62366615,-0.1720837297,0.02961281002,0.004186822038,0.995813178,1401.381483,1113.737565,0.4391668703,0.3490246208,0.3150242362,0.3830250054
synthetic_20250706,synthetic,2025-07-06,union,1119,0.3493373254,8.619331698,-1.152182237,1.327523906,0.00215976907,0.9978402309,1402.709007,1114.735405,0.4395828916,0.3493373254,0.3153369408,0.38333771
synthetic_20250706,synthetic,2025-07-06,union,1120,0.3496491346,8.618083537,-1.717196285,2.948763082,0.005016674913,0.9949833251,1405.65777,1115.730389,0.440506979,0.3496491346,0.31564875,0.3836495192
synthetic_20250706,synthetic,2025-07-06,union,1121,0.3499623311,8.614721471,-0.2026120427,0.04105163986,0.0005901511765,0.9994098488,1405.698822,1116.729798,0.4405198438,0.3499623311,0.3159619465,0.3839627157
synthetic_20250706,synthetic,2025-07-06,union,1122,0.3502754051,8.611156042,-0.4325238515,0.1870768821,0.0009807344509,0.9990192655,1405.885899,1117.728818,0.4405784703,0.3502754051,0.3162750205,0.3842757897
synthetic_20250706,synthetic,2025-07-06,union,1123,0.3505882746,8.610514822,-1.236440013,1.528783907,0.001633479797,0.9983665202,1407.414683,1118.727184,0.4410575627,0.3505882746,0.31658789,0.3845886592
synthetic_20250706,synthetic,2025-07-06,union,1124,0.350897179,8.608952283,1.492818581,2.228507317,0.01428622441,0.9857137756,1409.64319,1119.712898,0.4417559354,0.350897179,0.3168967944,0.3848975636
synthetic_20250706,synthetic,2025-07-06,union,1125,0.351208642,8.605667114,1.877916842,3.526571667,0.006121542473,0.9938784575,1413.169761,1120.706776,0.4428610973,0.351208642,0.3172082574,0.3852090266
synthetic_20250706,synthetic,2025-07-06,union,1126,0.3515217629,8.602954787,-0.8231252813,0.6775352288,0.0008310550245,0.999168945,1413.847297,1121.705945,0.4430734242,0.3515217629,0.3175213783,0.3855221475
synthetic_20250706,synthetic,2025-07-06,union,1127,0.3518350295,8.599853433,-1.424355973,2.028789939,0.0003662511174,0.9996337489,1415.876087,1122.705579,0.4437092092,0.3518350295,0.3178346449,0.3858354141
synthetic_20250706,synthetic,2025-07-06,union,1128,0.3521456107,8.594635811,0.3128084202,0.09784910773,0.008935325339,0.9910646747,1415.973936,1123.696644,0.4437398733,0.3521456107,0.3181452261,0.3861459953
synthetic_20250706,synthetic,2025-07-06,union,1129,0.3524588796,8.590516379,2.009035688,4.036224396,0.0003590640382,0.999640936,1420.01016,1124.696285,0.4450047509,0.3524588796,0.318458495,0.3864592642
synthetic_20250706,synthetic,2025-07-06,union,1130,0.3527719622,8.588388699,1.926788954,3.712515673,0.0009533860196,0.999046614,1423.722676,1125.695331,0.4461681842,0.3527719622,0.3187715776,0.3867723468
synthetic_20250706,synthetic,2025-07-06,union,1131,0.3530847169,8.58506944,0.1594546309,0.02542577931,0.001999676335,0.9980003237,1423.748102,1126.693332,0.4461761522,0.3530847169,0.3190843323,0.3870851015
synthetic_20250706,synthetic,2025-07-06,union,1132,0.3533978707,8.58145183,1.293017539,1.671894355,0.0007264820053,0.999273518,1425.419996,1127.692605,0.4467000928,0.3533978707,0.3193974861,0.3873982553
synthetic_20250706,synthetic,2025-07-06,union,1133,0.3537085979,8.578528614,1.360390696,1.850662847,0.008469331674,0.9915306683,1427.270659,1128.684136,0.447280056,0.3537085979,0.3197082133,0.3877089825
synthetic_20250706,synthetic,2025-07-06,union,1134,0.3540216253,8.577023725,-1.560679265,2.435719768,0.00112944555,0.9988705544,1429.706379,1129.683006,0.4480433653,0.3540216253,0.3200212407,0.3880220099
synthetic_20250706,synthetic,2025-07-06,union,1135,0.3543349552,8.569125564,0.8398838471,0.7054048766,0.0001644701973,0.9998355298,1430.411783,1130.682842,0.448264426,0.3543349552,0.3203345706,0.3883353398
synthetic_20250706,synthetic,2025-07-06,union,1136,0.3546481012,8.565302212,0.1988561699,0.03954377632,0.0007509538041,0.9992490462,1430.451327,1131.682091,0.4482768183,0.3546481012,0.3206477166,0.3886484858
synthetic_20250706,synthetic,2025-07-06,union,1137,0.3549612124,8.562283058,0.1886538985,0.03559029343,0.0008623582219,0.9991376418,1430.486918,1132.681229,0.4482879716,0.3549612124,0.3209608278,0.388961597
synthetic_20250706,synthetic,2025-07-06,union,1138,0.3552739572,8.554902893,-0.6165438111,0.380126271,0.002031381696,0.9979686183,1430.867044,1133.679197,0.4484070961,0.3552739572,0.3212735726,0.3892743418
synthetic_20250706,synthetic,2025-07-06,union,1139,0.3555870654,8.552721701,0.3639528886,0.1324617051,0.0008717238846,0.9991282761,1430.999506,1134.678326,0.4484486072,0.3555870654,0.3215866808,0.38958745
synthetic_20250706,synthetic,2025-07-06,union,1140,0.3558993488,8.551087346,-0.8601941727,0.7399340148,0.003503490319,0.9964965097,1431.73944,1135.674822,0.4486804887,0.3558993488,0.3218989642,0.3898997334
synthetic_20250706,synthetic,2025-07-06,union,1141,0.3562126072,8.547375151,-0.2696735248,0.07272380996,0.0003924115894,0.9996075884,1431.812163,1136.67443,0.448703279,0.3562126072,0.3222122226,0.3902129918
synthetic_20250706,synthetic,2025-07-06,union,1142,0.3565248112,8.545505845,0.5532076012,0.3060386501,0.003757024773,0.9962429752,1432.118202,1137.670673,0.4487991858,0.3565248112,0.3225244266,0.3905251958
synthetic_20250706,synthetic,2025-07-06,union,1143,0.3568367596,8.541251616,0.2694964542,0.07262833882,0.004572696538,0.9954273035,1432.19083,1138.6661,0.4488219462,0.3568367596,0.322836375,0.3908371442
synthetic_20250706,synthetic,2025-07-06,union,1144,0.3571496573,8.538109442,0.2092305169,0.0437774092,0.001543624533,0.9984563755,1432.234608,1139.664556,0.4488356652,0.3571496573,0.3231492727,0.3911500419
synthetic_20250706,synthetic,2025-07-06,union,1145,0.3574622575,8.535699944,-1.163193473,1.353019056,0.002492773226,0.9975072268,1433.587627,1140.662064,0.4492596762,0.3574622575,0.3234618729,0.3914626421
synthetic_20250706,synthetic,2025-07-06,union,1146,0.3577755712,8.531084553,0.7608148948,0.5788393041,0.0002159844157,0.9997840156,1434.166466,1141.661848,0.4494410737,0.3577755712,0.3237751866,0.3917759558
synthetic_20250706,synthetic,2025-07-06,union,1147,0.3580885852,8.526776504,-0.5925424469,0.3511065513,0.001172347996,0.998827652,1434.517573,1142.660675,0.4495511039,0.3580885852,0.3240882006,0.3920889698
synthetic_20250706,synthetic,2025-07-06,union,1148,0.3584017789,8.523814615,1.180814255,1.394322304,0.0005988439824,0.999401156,1435.911895,1143.660076,0.4499880586,0.3584017789,0.3244013943,0.3924021635
synthetic_20250706,synthetic,2025-07-06,union,1149,0.35871176,8.521135633,-1.12225996,1.259467418,0.01085033212,0.9891496679,1437.171362,1144.649226,0.4503827522,0.35871176,0.3247113754,0.3927121446
synthetic_20250706,synthetic,2025-07-06,union,1150,0.359024998,8.51961864,-0.2132591648,0.04547947137,0.0004573348312,0.9995426652,1437.216842,1145.648769,0.4503970046,0.359024998,0.3250246134,0.3930253826
synthetic_20250706,synthetic,2025-07-06,union,1151,0.3593373771,8.518434193,-0.5170458821,0.2673364442,0.003198533658,0.9968014663,1437.484178,1146.64557,0.4504807829,0.3593373771,0.3253369925,0.3933377617
synthetic_20250706,synthetic,2025-07-06,union,1152,0.3596496778,8.517408218,0.2359398371,0.05566760674,0.003448418134,0.9965515819,1437.539846,1147.642122,0.4504982281,0.3596496778,0.3256492932,0.3936500624
synthetic_20250706,synthetic,2025-07-06,union,1153,0.3599544842,8.513311167,-2.245045643,5.040229941,0.02736260704,0.972637393,1442.580076,1148.614759,0.4520777423,0.3599544842,0.3259540996,0.3939548688
synthetic_20250706,synthetic,2025-07-06,union,1154,0.3602672571,8.509900564,0.2224103861,0.04946637985,0.001941768755,0.9980582312,1442.629542,1149.612817,0.4520932442,0.3602672571,0.3262668725,0.3942676417
synthetic_20250706,synthetic,2025-07-06,union,1155,0.360579069,8.507896104,0.4635979878,0.2149230943,0.005008063977,0.994991936,1442.844465,1150.607809,0.4521605971,0.360579069,0.3265786844,0.3945794536
synthetic_20250706,synthetic,2025-07-06,union,1156,0.3608919978,8.503776677,-0.1212964906,0.01471283863,0.001444372065,0.9985556279,1442.859178,1151.606365,0.4521652078,0.3608919978,0.3268916132,0.3948923824
synthetic_20250706,synthetic,2025-07-06,union,1157,0.3612053106,8.502263406,1.178451421,1.388747752,0.0002189315958,0.9997810684,1444.247926,1152.606146,0.4526004155,0.3612053106,0.327204926,0.3952056952
synthetic_20250706,synthetic,2025-07-06,union,1158,0.3615184023,8.501218627,0.2212064579,0.04893229703,0.0009241686536,0.9990758313,1444.296858,1153.605222,0.45261575,0.3615184023,0.3275180177,0.3955187869
synthetic_20250706,synthetic,2025-07-06,union,1159,0.3618312467,8.493764533,0.319133158,0.1018459725,0.001713718317,0.9982862817,1444.398704,1154.603508,0.4526476666,0.3618312467,0.3278308621,0.3958316313
synthetic_20250706,synthetic,2025-07-06,union,1160,0.3621444439,8.493242338,-0.9084654125,0.8253094057,0.0005876604728,0.9994123395,1445.224014,1155.60292,0.4529063032,0.3621444439,0.3281440593,0.3961448285
synthetic_20250706,synthetic,2025-07-06,union,1161,0.3624568363,8.485116813,0.01445553802,0.0002089625796,0.003155764069,0.9968442359,1445.224223,1156.599765,0.4529063687,0.3624568363,0.3284564517,0.3964572209
synthetic_20250706,synthetic,2025-07-06,union,1162,0.3627681268,8.483705375,-0.03071183484,0.0009432167992,0.006672019804,0.9933279802,1445.225166,1157.593093,0.4529066643,0.3627681268,0.3287677422,0.3967685114
synthetic_20250706,synthetic,2025-07-06,union,1163,0.3630814226,8.479794997,0.345596727,0.1194370977,0.000273216127,0.9997267839,1445.344603,1158.592819,0.4529440937,0.3630814226,0.329081038,0.3970818072
synthetic_20250706,synthetic,2025-07-06,union,1164,0.3633882514,8.476497732,0.3790449736,0.143675092,0.02090938574,0.9790906143,1445.488278,1159.57191,0.4529891188,0.3633882514,0.3293878668,0.397388636
synthetic_20250706,synthetic,2025-07-06,union,1165,0.3637010951,8.47189707,0.4356303404,0.1897737935,0.001715670875,0.9982843291,1445.678052,1160.570194,0.4530485903,0.3637010951,0.3297007105,0.3977014797
synthetic_20250706,synthetic,2025-07-06,union,1166,0.3640138834,8.467876013,0.7527420214,0.5666205508,0.001892367975,0.998107632,1446.244672,1161.568302,0.4532261587,0.3640138834,0.3300134988,0.398014268
synthetic_20250706,synthetic,2025-07-06,union,1167,0.3643267328,8.464953229,1.777863251,3.160797739,0.001697804014,0.998302196,1449.40547,1162.566604,0.4542166938,0.3643267328,0.3303263482,0.3983271174
synthetic_20250706,synthetic,2025-07-06,union,1168,0.3646399416,8.460246272,-0.6464604635,0.4179111308,0.0005507103846,0.9994492896,1449.823381,1163.566054,0.4543476594,0.3646399416,0.330639557,0.3986403262
synthetic_20250706,synthetic,2025-07-06,union,1169,0.3649516457,8.455158474,-0.972903005,0.9465402572,0.00535215306,0.9946478469,1450.769921,1164.560701,0.4546442875,0.3649516457,0.3309512611,0.3989520303
synthetic_20250706,synthetic,2025-07-06,union,1170,0.3652649072,8.453292238,1.546503047,2.391671676,0.0003824936301,0.9996175064,1453.161593,1165.560319,0.4553937929,0.3652649072,0.3312645226,0.3992652918
synthetic_20250706,synthetic,2025-07-06,union,1171,0.365578019,8.448691438,1.700916225,2.893116006,0.000860180123,0.9991398199,1456.054709,1166.559459,0.4563004416,0.365578019,0.3315776344,0.3995784036
synthetic_20250706,synthetic,2025-07-06,union,1172,0.365891286,8.446518388,0.5606826326,0.3143650145,0.0003650429116,0.9996349571,1456.369074,1167.559094,0.4563989577,0.365891286,0.3318909014,0.3998916706
synthetic_20250706,synthetic,2025-07-06,union,1173,0.3662043676,8.441612991,0.7985609621,0.6376996101,0.0009565164031,0.9990434836,1457.006774,1168.558137,0.4565988009,0.3662043676,0.332203983,0.4002047522
synthetic_20250706,synthetic,2025-07-06,union,1174,0.3665126095,8.440625637,1.800789633,3.242843304,0.01640026464,0.9835997354,1460.249617,1169.541737,0.4576150476,0.3665126095,0.3325122249,0.4005129941
synthetic_20250706,synthetic,2025-07-06,union,1175,0.3668253641,8.438843776,1.295321672,1.677858234,0.00200016021,0.9979998398,1461.927475,1170.539737,0.4581408572,0.3668253641,0.3328249795,0.4008257487
synthetic_20250706,synthetic,2025-07-06,union,1176,0.3671379783,8.435895041,1.27105901,1.615591006,0.002447916314,0.9975520837,1463.543066,1171.537289,0.4586471533,0.3671379783,0.3331375937,0.4011383629
synthetic_20250706,synthetic,2025-07-06,union,1177,0.3674507245,8.434946089,0.8002854068,0.6404567324,0.002026806615,0.9979731934,1464.183523,1172.535262,0.4588478605,0.3674507245,0.3334503399,0.4014511091
synthetic_20250706,synthetic,2025-07-06,union,1178,0.367763775,8.431870944,0.3211530475,0.1031392799,0.001055920612,0.9989440794,1464.286662,1173.534206,0.4588801825,0.367763775,0.3337633904,0.4017641596
synthetic_20250706,synthetic,2025-07-06,union,1179,0.3680769394,8.430837825,-1.454609875,2.115889889,0.0006923748976,0.9993076251,1466.402552,1174.533514,0.459543263,0.3680769394,0.3340765548,0.402077324
synthetic_20250706,synthetic,2025-07-06,union,1180,0.3683900594,8.422697744,-0.2581188885,0.06662536063,0.0008342006679,0.9991657993,1466.469178,1175.53268,0.4595641421,0.3683900594,0.3343896748,0.402390444
synthetic_20250706,synthetic,2025-07-06,union,1181,0.3687033694,8.420828125,0.381813542,0.1457815809,0.0002277140736,0.9997722859,1466.614959,1176.532452,0.4596098274,0.3687033694,0.3347029848,0.402703754
synthetic_20250706,synthetic,2025-07-06,union,1182,0.3690165817,8.418165513,-0.587478773,0.3451313087,0.0005396991062,0.9994603009,1466.96009,1177.531912,0.4597179851,0.3690165817,0.3350161971,0.4030169663
synthetic_20250706,synthetic,2025-07-06,union,1183,0.3693298253,8.415985248,1.610337736,2.593187623,0.0004396582025,0.9995603418,1469.553278,1178.531472,0.4605306418,0.3693298253,0.3353294407,0.4033302099
synthetic_20250706,synthetic,2025-07-06,union,1184,0.3696424841,8.414588418,-1.208308509,1.460009453,0.002305817055,0.9976941829,1471.013287,1179.529167,0.4609881816,0.3696424841,0.3356420995,0.4036428687
synthetic_20250706,synthetic,2025-07-06,union,1185,0.3699550453,8.412659904,-0.2240152938,0.05018285186,0.002617102689,0.9973828973,1471.06347,1180.52655,0.461003908,0.3699550453,0.3359546607,0.4039554299
synthetic_20250706,synthetic,2025-07-06,union,1186,0.3702681327,8.407029005,-1.184041107,1.401953342,0.0009381752425,0.9990618248,1472.465424,1181.525611,0.4614432541,0.3702681327,0.3362677481,0.4042685173
synthetic_20250706,synthetic,2025-07-06,union,1187,0.3705811883,8.403436847,1.143082109,1.306636709,0.001039511633,0.9989604884,1473.77206,1182.524572,0.4618527297,0.3705811883,0.3365808037,0.4045815729
synthetic_20250706,synthetic,2025-07-06,union,1188,0.3708943088,8.40090957,-1.489795663,2.219491116,0.0008325212531,0.9991674787,1475.991552,1183.523739,0.4625482769,0.3708943088,0.3368939242,0.4048946934
synthetic_20250706,synthetic,2025-07-06,union,1189,0.3712073884,8.399709957,-0.533531634,0.2846560044,0.0009630666743,0.9990369333,1476.276208,1184.522776,0.4626374828,0.3712073884,0.3372070038,0.405207773
synthetic_20250706,synthetic,2025-07-06,union,1190,0.3715205499,8.398763139,-0.03928987978,0.001543694653,0.0007013725038,0.9992986275,1476.277751,1185.522075,0.4626379665,0.3715205499,0.3375201653,0.4055209345
synthetic_20250706,synthetic,2025-07-06,union,1191,0.3718327656,8.391706055,-1.064240198,1.132607198,0.003719869121,0.9962801309,1477.410358,1186.518355,0.4629929045,0.3718327656,0.337832381,0.4058331502
synthetic_20250706,synthetic,2025-07-06,union,1192,0.3721460287,8.390650518,0.886847672,0.7864987934,0.0003772919734,0.999622708,1478.196857,1187.517978,0.4632393786,0.3721460287,0.3381456441,0.4061464133
synthetic_20250706,synthetic,2025-07-06,union,1193,0.3724587066,8.387811216,-1.30083124,1.692161914,0.002245078884,0.9977549211,1479.889019,1188.515733,0.4637696707,0.3724587066,0.338458322,0.4064590912
synthetic_20250706,synthetic,2025-07-06,union,1194,0.3727719887,8.386321365,-0.6883055009,0.4737644626,0.0003166360208,0.999683364,1480.362784,1189.515416,0.4639181396,0.3727719887,0.3387716041,0.4067723733
synthetic_20250706,synthetic,2025-07-06,union,1195,0.3730846351,8.380208847,-1.071919263,1.149010907,0.002345555063,0.9976544449,1481.511794,1190.51307,0.4642782183,0.3730846351,0.3390842505,0.4070850197
synthetic_20250706,synthetic,2025-07-06,union,1196,0.373397083,8.378132452,-1.096766214,1.202896128,0.00297854589,0.9970214541,1482.714691,1191.510092,0.4646551835,0.373397083,0.3393966984,0.4073974676
synthetic_20250706,synthetic,2025-07-06,union,1197,0.3737102301,8.372967311,-2.268646528,5.146757067,0.0007476097599,0.9992523902,1487.861448,1192.509344,0.4662680814,0.3737102301,0.3397098455,0.4077106147
synthetic_20250706,synthetic,2025-07-06,union,1198,0.3740209348,8.368182879,-0.3769472204,0.142089207,0.008541196128,0.9914588039,1488.003537,1193.500803,0.4663126095,0.3740209348,0.3400205502,0.4080213194
synthetic_20250706,synthetic,2025-07-06,union,1199,0.3743341902,8.367163399,0.4873534721,0.2375134067,0.0004020998614,0.9995979001,1488.24105,1194.500401,0.4663870418,0.3743341902,0.3403338056,0.4083345748
synthetic_20250706,synthetic,2025-07-06,union,1200,0.3746465844,8.364625164,0.2034404216,0.04138800514,0.003150292609,0.9968497074,1488.282438,1195.497251,0.466400012,0.3746465844,0.3406461998,0.408646969
synthetic_20250706,synthetic,2025-07-06,union,1201,0.3749572574,8.360424946,-0.7848018271,0.6159139079,0.008642322233,0.9913576778,1488.898352,1196.488608,0.466593028,0.3749572574,0.3409568728,0.408957642
synthetic_20250706,synthetic,2025-07-06,union,1202,0.3752704635,8.357505919,1.056058868,1.115260333,0.0005593817996,0.9994406182,1490.013613,1197.488049,0.4669425298,0.3752704635,0.3412700789,0.4092708481
synthetic_20250706,synthetic,2025-07-06,union,1203,0.3755835311,8.355541664,0.4221007563,0.1781690485,0.001001395782,0.9989986042,1490.191782,1198.487048,0.4669983646,0.3755835311,0.3415831465,0.4095839157
synthetic_20250706,synthetic,2025-07-06,union,1204,0.3758965065,8.353939504,-1.217165106,1.481490895,0.001295480842,0.9987045192,1491.673272,1199.485752,0.4674626363,0.3758965065,0.3418961219,0.4098968911
synthetic_20250706,synthetic,2025-07-06,union,1205,0.3762091671,8.349378791,0.8355074296,0.698072665,0.002299839743,0.9977001603,1492.371345,1200.483452,0.4676813993,0.3762091671,0.3422087825,0.4102095517
synthetic_20250706,synthetic,2025-07-06,union,1206,0.3765213134,8.34728739,-1.641583395,2.694796042,0.003941179256,0.9960588207,1495.066141,1201.479511,0.4685258982,0.3765213134,0.3425209288,0.410521698
synthetic_20250706,synthetic,2025-07-06,union,1207,0.3768345427,8.343826958,0.0442055342,0.001954129254,0.0004853211968,0.9995146788,1495.068095,1202.479026,0.4685265106,0.3768345427,0.3428341581,0.4108349273
synthetic_20250706,synthetic,2025-07-06,union,1208,0.3771463546,8.342841718,0.5576132458,0.3109325318,0.005008273669,0.9949917263,1495.379028,1203.474018,0.4686239511,0.3771463546,0.34314597,0.4111467392
synthetic_20250706,synthetic,2025-07-06,union,1209,0.377459276,8.338902072,1.172812111,1.375488248,0.001467945544,0.9985320545,1496.754516,1204.47255,0.4690550035,0.377459276,0.3434588914,0.4114596606
synthetic_20250706,synthetic,2025-07-06,union,1210,0.3777655723,8.335333917,-0.6072570091,0.3687610751,0.02260834016,0.9773916598,1497.123277,1205.449941,0.4691705663,0.3777655723,0.3437651877,0.4117659569
synthetic_20250706,synthetic,2025-07-06,union,1211,0.3780788026,8.334569667,0.04180163984,0.001747377093,0.0004822624287,0.9995177376,1497.125025,1206.449459,0.4691711139,0.3780788026,0.344078418,0.4120791872
synthetic_20250706,synthetic,2025-07-06,union,1212,0.3783914555,8.331803571,0.4223887444,0.1784122514,0.002324315531,0.9976756845,1497.303437,1207.447135,0.469227025,0.3783914555,0.3443910709,0.4123918401
synthetic_20250706,synthetic,2025-07-06,union,1213,0.3787046373,8.330090456,-0.219821203,0.04832136129,0.000637029695,0.9993629703,1497.351758,1208.446498,0.469242168,0.3787046373,0.3447042527,0.4127050219
synthetic_20250706,synthetic,2025-07-06,union,1214,0.3790171888,8.328844252,1.580887155,2.499204198,0.002648166848,0.9973518332,1499.850962,1209.443849,0.4700253721,0.3790171888,0.3450168042,0.4130175734
synthetic_20250706,synthetic,2025-07-06,union,1215,0.3793300878,8.327506066,-1.346998265,1.814404327,0.001539344495,0.9984606555,1501.665367,1210.44231,0.4705939726,0.3793300878,0.3453297032,0.4133304724
synthetic_20250706,synthetic,2025-07-06,union,1216,0.3796434358,8.325045241,1.536952328,2.362222457,0.0001063255604,0.9998936744,1504.027589,1211.442204,0.4713342492,0.3796434358,0.3456430512,0.4136438204
synthetic_20250706,synthetic,2025-07-06,union,1217,0.3799555465,8.322734914,-0.6323619245,0.3998816036,0.004055014095,0.9959449859,1504.427471,1212.438149,0.4714595646,0.3799555465,0.3459551619,0.4139559311
synthetic_20250706,synthetic,2025-07-06,union,1218,0.3802678884,8.319404623,0.1066051546,0.01136465898,0.003316964071,0.9966830359,1504.438835,1213.434832,0.4714631261,0.3802678884,0.3462675038,0.414268273
synthetic_20250706,synthetic,2025-07-06,union,1219,0.3805786413,8.316742302,-0.1477166736,0.02182021567,0.00838731124,0.9916126888,1504.460656,1214.426444,0.4714699642,0.3805786413,0.3465782567,0.4145790259
synthetic_20250706,synthetic,2025-07-06,union,1220,0.3808899254,8.314445292,-2.572620448,6.61837597,0.006692490635,0.9933075094,1511.079032,1215.419752,0.47354404,0.3808899254,0.3468895408,0.41489031
synthetic_20250706,synthetic,2025-07-06,union,1221,0.3812023489,8.312473474,-1.190817392,1.418046062,0.003056808418,0.9969431916,1512.497078,1216.416695,0.4739884292,0.3812023489,0.3472019643,0.4152027335
synthetic_20250706,synthetic,2025-07-06,union,1222,0.3815153337,8.311348992,-0.3152188892,0.09936294813,0.001265335304,0.9987346647,1512.596441,1217.41543,0.4740195677,0.3815153337,0.3475149491,0.4155157183
synthetic_20250706,synthetic,2025-07-06,union,1223,0.3818285443,8.306244497,0.3053197068,0.09322012339,0.0005448661238,0.9994551339,1512.689661,1218.414885,0.4740487812,0.3818285443,0.3478281597,0.4158289289
synthetic_20250706,synthetic,2025-07-06,union,1224,0.3821401425,8.304020525,0.7064217711,0.4990317187,0.005690417284,0.9943095827,1513.188692,1219.409195,0.4742051684,0.3821401425,0.3481397579,0.4161405271
synthetic_20250706,synthetic,2025-07-06,union,1225,0.3824530827,8.303090669,0.8288678757,0.6870219553,0.00140753203,0.998592468,1513.875714,1220.407787,0.4744204683,0.3824530827,0.3484526981,0.4164534673
synthetic_20250706,synthetic,2025-07-06,union,1226,0.3827642422,8.298886461,-1.03269951,1.066468278,0.007090098864,0.9929099011,1514.942183,1221.400697,0.4747546796,0.3827642422,0.3487638576,0.4167646268
synthetic_20250706,synthetic,2025-07-06,union,1227,0.3830740554,8.29687178,-1.69986602,2.889544485,0.01138609877,0.9886139012,1517.831727,1222.389311,0.4756602091,0.3830740554,0.3490736708,0.41707444
synthetic_20250706,synthetic,2025-07-06,union,1228,0.383387235,8.294862852,-1.964586464,3.859599975,0.00064387603,0.999356124,1521.691327,1223.388667,0.4768697359,0.383387235,0.3493868504,0.4173876196
synthetic_20250706,synthetic,2025-07-06,union,1229,0.3836996489,8.2926229,-0.8590549372,0.737975385,0.003087413252,0.9969125867,1522.429303,1224.38558,0.4771010036,0.3836996489,0.3496992643,0.4177000335
synthetic_20250706,synthetic,2025-07-06,union,1230,0.3840100886,8.289175479,-1.628690511,2.65263278,0.00938685634,0.9906131437,1525.081935,1225.376193,0.4779322893,0.3840100886,0.350009704,0.4180104732
synthetic_20250706,synthetic,2025-07-06,union,1231,0.3843233935,8.284747654,-0.6492028973,0.4214644019,0.0002439966741,0.9997560033,1525.5034,1226.375949,0.4780643684,0.3843233935,0.3503230089,0.4183237781
synthetic_20250706,synthetic,2025-07-06,union,1232,0.3846363293,8.284025119,0.5043757045,0.2543948513,0.001421942589,0.9985780574,1525.757795,1227.374527,0.4781440911,0.3846363293,0.3506359447,0.4186367139
synthetic_20250706,synthetic,2025-07-06,union,1233,0.3849490587,8.282764906,0.9810916934,0.9625409108,0.002080328101,0.9979196719,1526.720335,1228.372446,0.4784457335,0.3849490587,0.3509486741,0.4189494433
synthetic_20250706,synthetic,2025-07-06,union,1234,0.385262071,8.281503833,1.246323616,1.553322555,0.001177790615,0.9988222094,1528.273658,1229.371269,0.4789325158,0.385262071,0.3512616864,0.4192624556
synthetic_20250706,synthetic,2025-07-06,union,1235,0.3855752227,8.277721049,-0.4318498293,0.1864942751,0.000732850441,0.9992671496,1528.460152,1230.370536,0.4789909597,0.3855752227,0.3515748381,0.4195756073
synthetic_20250706,synthetic,2025-07-06,union,1236,0.3858874385,8.275824471,2.411438562,5.815035938,0.003719571066,0.9962804289,1534.275188,1231.366816,0.4808132837,0.3858874385,0.3518870539,0.4198878231
synthetic_20250706,synthetic,2025-07-06,union,1237,0.3862007001,8.274149306,1.383509007,1.914097172,0.0003822323493,0.9996177677,1536.189285,1232.366434,0.4814131261,0.3862007001,0.3522003155,0.4202010847
synthetic_20250706,synthetic,2025-07-06,union,1238,0.3865128249,8.271986124,-1.407533219,1.981149764,0.004009690879,0.9959903091,1538.170435,1233.362424,0.4820339816,0.3865128249,0.3525124403,0.4205132095
synthetic_20250706,synthetic,2025-07-06,union,1239,0.3868261196,8.26655697,-0.1521820642,0.02315938065,0.0002766869282,0.9997233131,1538.193595,1234.362148,0.4820412393,0.3868261196,0.352825735,0.4208265042
synthetic_20250706,synthetic,2025-07-06,union,1240,0.387138133,8.261764658,0.4361960307,0.1902669772,0.004365354618,0.9956346454,1538.383862,1235.357782,0.4821008654,0.387138133,0.3531377484,0.4211385176
synthetic_20250706,synthetic,2025-07-06,union,1241,0.3874512742,8.259458434,-0.2669134497,0.07124278965,0.0007661837459,0.9992338163,1538.455104,1236.357016,0.4821231916,0.3874512742,0.3534508896,0.4214516588
synthetic_20250706,synthetic,2025-07-06,union,1242,0.3877629885,8.254236471,0.4347201615,0.1889816188,0.005319742796,0.9946802572,1538.644086,1237.351696,0.4821824149,0.3877629885,0.3537626039,0.4217633731
synthetic_20250706,synthetic,2025-07-06,union,1243,0.388076111,8.252380157,1.162599549,1.351637712,0.0008261181818,0.9991738818,1539.995724,1238.35087,0.482605993,0.388076111,0.3540757264,0.4220764956
synthetic_20250706,synthetic,2025-07-06,union,1244,0.3883886595,8.249990093,0.6360129068,0.4045124176,0.002657616898,0.9973423831,1540.400236,1239.348213,0.4827327597,0.3883886595,0.3543882749,0.4223890441
synthetic_20250706,synthetic,2025-07-06,union,1245,0.3887013679,8.249100104,0.8219305943,0.6755699019,0.002147475902,0.9978525241,1541.075806,1240.346065,0.4829444707,0.3887013679,0.3547009833,0.4227017525
synthetic_20250706,synthetic,2025-07-06,union,1246,0.3890144817,8.248008692,1.473543129,2.171329353,0.0008539519656,0.999146048,1543.247135,1241.345211,0.4836249249,0.3890144817,0.3550140971,0.4230148663
synthetic_20250706,synthetic,2025-07-06,union,1247,0.3893274101,8.24422311,-0.08686882839,0.007546193346,0.00144569102,0.998554309,1543.254682,1242.343765,0.4836272897,0.3893274101,0.3553270254,0.4233277947
synthetic_20250706,synthetic,2025-07-06,union,1248,0.3896405721,8.239670856,1.017196401,1.034688518,0.0007000104062,0.9992999896,1544.28937,1243.343065,0.4839515418,0.3896405721,0.3556401875,0.4236409567
synthetic_20250706,synthetic,2025-07-06,union,1249,0.3899536286,8.239116672,0.4664749503,0.2175988793,0.001036574815,0.9989634252,1544.506969,1244.342029,0.4840197333,0.3899536286,0.355953244,0.4239540132
synthetic_20250706,synthetic,2025-07-06,union,1250,0.3902668524,8.235067027,-0.03398463832,0.001154955642,0.0005029304914,0.9994970695,1544.508124,1245.341526,0.4840200952,0.3902668524,0.3562664678,0.424267237
synthetic_20250706,synthetic,2025-07-06,union,1251,0.3905800035,8.233627973,1.062558382,1.129030315,0.0007346539054,0.9992653461,1545.637154,1246.340791,0.4843739123,0.3905800035,0.3565796189,0.4245803881
synthetic_20250706,synthetic,2025-07-06,union,1252,0.3908920827,8.229098542,0.435603234,0.1897501775,0.004155300126,0.9958446999,1545.826904,1247.336636,0.4844333765,0.3908920827,0.3568916981,0.4248924673
synthetic_20250706,synthetic,2025-07-06,union,1253,0.391204847,8.223256576,0.2865926696,0.08213535829,0.00196909322,0.9980309068,1545.90904,1248.334667,0.4844591162,0.391204847,0.3572044624,0.4252052316
synthetic_20250706,synthetic,2025-07-06,union,1254,0.3915169345,8.221859235,-0.1537152875,0.02362838961,0.004128968928,0.9958710311,1545.932668,1249.330538,0.4844665209,0.3915169345,0.3575165499,0.4255173191
synthetic_20250706,synthetic,2025-07-06,union,1255,0.3918280946,8.220297112,-0.3762337346,0.141551823,0.007087945081,0.9929120549,1546.07422,1250.32345,0.4845108806,0.3918280946,0.35782771,0.4258284792
synthetic_20250706,synthetic,2025-07-06,union,1256,0.3921410954,8.213577361,-0.7010083968,0.4914127725,0.001214448893,0.9987855511,1546.565633,1251.322236,0.4846648802,0.3921410954,0.3581407108,0.42614148
synthetic_20250706,synthetic,2025-07-06,union,1257,0.3924533879,8.213016266,0.2988722578,0.08932462649,0.003474885679,0.9965251143,1546.654957,1252.318761,0.4846928729,0.3924533879,0.3584530033,0.4264537725
synthetic_20250706,synthetic,2025-07-06,union,1258,0.3927663806,8.209545127,0.2128450636,0.04530302109,0.001240016375,0.9987599836,1546.70026,1253.317521,0.48470707,0.3927663806,0.358765996,0.4267667652
synthetic_20250706,synthetic,2025-07-06,union,1259,0.39307917,8.207159781,0.5813141122,0.3379260971,0.001889088874,0.9981109111,1547.038186,1254.315632,0.4848129697,0.39307917,0.3590787854,0.4270795546
synthetic_20250706,synthetic,2025-07-06,union,1260,0.3933924544,8.204086606,-0.545406594,0.2974683528,0.0003094933884,0.9996905066,1547.335655,1255.315322,0.4849061908,0.3933924544,0.3593920698,0.427392839
synthetic_20250706,synthetic,2025-07-06,union,1261,0.3937057922,8.201812718,1.837402664,3.376048549,0.0001391343838,0.9998608656,1550.711703,1256.315183,0.4859641816,0.3937057922,0.3597054076,0.4277061768
synthetic_20250706,synthetic,2025-07-06,union,1262,0.3940187948,8.199503293,-0.3438567983,0.1182374977,0.001208820612,0.9987911794,1550.829941,1257.313974,0.486001235,0.3940187948,0.3600184102,0.4280191794
synthetic_20250706,synthetic,2025-07-06,union,1263,0.3943321189,8.198593947,-1.251614914,1.566539893,0.0001826476817,0.9998173523,1552.396481,1258.313791,0.4864921594,0.3943321189,0.3603317343,0.4283325035
synthetic_20250706,synthetic,2025-07-06,union,1264,0.3946452755,8.197119507,-0.7925903331,0.6281994361,0.0007174333433,0.9992825667,1553.02468,1259.313074,0.4866890254,0.3946452755,0.3606448909,0.4286456601
synthetic_20250706,synthetic,2025-07-06,union,1265,0.3949581478,8.194223184,1.532111147,2.347364567,0.001624250442,0.9983757496,1555.372045,1260.31145,0.4874246458,0.3949581478,0.3609577632,0.4289585324
synthetic_20250706,synthetic,2025-07-06,union,1266,0.3952713023,8.190785432,0.8682344356,0.7538310352,0.0007241006508,0.9992758993,1556.125876,1261.310726,0.4876608824,0.3952713023,0.3612709177,0.4292716869
synthetic_20250706,synthetic,2025-07-06,union,1267,0.395584385,8.189468574,-0.4991774835,0.24917816,0.0009532709325,0.9990467291,1556.375054,1262.309772,0.4877389702,0.395584385,0.3615840004,0.4295847696
synthetic_20250706,synthetic,2025-07-06,union,1268,0.3958964739,8.187354033,-0.0979418036,0.009592596892,0.004124274468,0.9958757255,1556.384647,1263.305648,0.4877419764,0.3958964739,0.3618960893,0.4298968585
synthetic_20250706,synthetic,2025-07-06,union,1269,0.3962092221,8.184712821,-0.2792843343,0.07799973936,0.002020536481,0.9979794635,1556.462646,1264.303628,0.48776642,0.3962092221,0.3622088375,0.4302096067
synthetic_20250706,synthetic,2025-07-06,union,1270,0.3965225763,8.181976332,-0.1590546835,0.02529839234,8.665193997e-05,0.9999133481,1556.487945,1265.303541,0.4877743481,0.3965225763,0.3625221917,0.4305229609
synthetic_20250706,synthetic,2025-07-06,union,1271,0.3968353629,8.176113558,-1.388240886,1.927212758,0.00189805515,0.9981019449,1558.415157,1266.301643,0.4883783007,0.3968353629,0.3628349783,0.4308357475
synthetic_20250706,synthetic,2025-07-06,union,1272,0.3971483845,8.173363441,-0.3141173756,0.09866972565,0.001147928051,0.9988520719,1558.513827,1267.300495,0.4884092219,0.3971483845,0.3631479999,0.4311487691
synthetic_20250706,synthetic,2025-07-06,union,1273,0.3974610483,8.171769026,0.6516726605,0.4246772564,0.002289947065,0.9977100529,1558.938504,1268.298205,0.4885423079,0.3974610483,0.3634606637,0.4314614329
synthetic_20250706,synthetic,2025-07-06,union,1274,0.3977738849,8.168818154,1.636104853,2.676839089,0.00173834282,0.9982616572,1561.615343,1269.296467,0.4893811794,0.3977738849,0.3637735003,0.4317742695
synthetic_20250706,synthetic,2025-07-06,union,1275,0.3980866394,8.166937199,0.9997757614,0.999551573,0.002000251521,0.9979997485,1562.614895,1270.294466,0.4896944203,0.3980866394,0.3640862548,0.432087024
synthetic_20250706,synthetic,2025-07-06,union,1276,0.3983981381,8.166021247,-0.8883995797,0.7892538132,0.006007803493,0.9939921965,1563.404149,1271.288459,0.4899417577,0.3983981381,0.3643977535,0.4323985227
synthetic_20250706,synthetic,2025-07-06,union,1277,0.3987110144,8.165120271,0.1623754721,0.02636579394,0.001611659826,0.9983883402,1563.430515,1272.286847,0.4899500203,0.3987110144,0.3647106298,0.432711399
synthetic_20250706,synthetic,2025-07-06,union,1278,0.3990234538,8.162649199,-0.5456162742,0.2976971187,0.0030060348,0.9969939652,1563.728212,1273.283841,0.490043313,0.3990234538,0.3650230691,0.4330238384
synthetic_20250706,synthetic,2025-07-06,union,1279,0.3993364566,8.161476757,0.9309551294,0.866677453,0.001207767219,0.9987922328,1564.594889,1274.282633,0.4903149136,0.3993364566,0.365336072,0.4333368412
synthetic_20250706,synthetic,2025-07-06,union,1280,0.3996496207,8.158483728,-0.5357943013,0.2870755333,0.0006935047473,0.9993064953,1564.881965,1275.28194,0.4904048777,0.3996496207,0.3656492361,0.4336500053
synthetic_20250706,synthetic,2025-07-06,union,1281,0.3999629518,8.156073036,-0.8920275518,0.7957131532,0.0001603636942,0.9998396363,1565.677678,1276.281779,0.4906542394,0.3999629518,0.3659625672,0.4339633364
synthetic_20250706,synthetic,2025-07-06,union,1282,0.4002762703,8.153998986,0.3669092559,0.1346224021,0.0002006083716,0.9997993916,1565.8123,1277.281579,0.4906964276,0.4002762703,0.3662758857,0.4342766549
synthetic_20250706,synthetic,2025-07-06,union,1283,0.4005894581,8.148574532,-0.2372406576,0.0562831296,0.0006179646955,0.9993820353,1565.868583,1278.280961,0.4907140656,0.4005894581,0.3665890735,0.4345898427
synthetic_20250706,synthetic,2025-07-06,union,1284,0.4008999736,8.147543436,0.3076789934,0.09466636296,0.009144815603,0.9908551844,1565.96325,1279.271816,0.4907437323,0.4008999736,0.366899589,0.4349003582
synthetic_20250706,synthetic,2025-07-06,union,1285,0.4012130211,8.144622532,0.2440763757,0.05957327718,0.001065667915,0.9989343321,1566.022823,1280.27075,0.4907624015,0.4012130211,0.3672126365,0.4352134057
synthetic_20250706,synthetic,2025-07-06,union,1286,0.4015257424,8.143755353,-0.3284843844,0.1079019908,0.00210634419,0.9978936558,1566.130725,1281.268644,0.490796216,0.4015257424,0.3675253578,0.435526127
synthetic_20250706,synthetic,2025-07-06,union,1287,0.401838903,8.139488637,0.1565719173,0.02451476529,0.0007043638437,0.9992956362,1566.15524,1282.26794,0.4908038984,0.401838903,0.3678385184,0.4358392876
synthetic_20250706,synthetic,2025-07-06,union,1288,0.4021520527,8.136889995,0.3273093692,0.1071314232,0.0007394955209,0.9992605045,1566.262371,1283.2672,0.4908374714,0.4021520527,0.3681516681,0.4361524373
synthetic_20250706,synthetic,2025-07-06,union,1289,0.4024649109,8.135496648,0.1007614864,0.01015287715,0.001669402394,0.9983305976,1566.272524,1284.265531,0.4908406531,0.4024649109,0.3684645263,0.4364652955
synthetic_20250706,synthetic,2025-07-06,union,1290,0.4027778579,8.133923383,0.493098921,0.2431465459,0.001385948506,0.9986140515,1566.515671,1285.264145,0.4909168507,0.4027778579,0.3687774733,0.4367782425
synthetic_20250706,synthetic,2025-07-06,union,1291,0.4030875894,8.131246941,-1.168096382,1.364449158,0.01164687028,0.9883531297,1567.88012,1286.252498,0.4913444437,0.4030875894,0.3690872048,0.437087974
synthetic_20250706,synthetic,2025-07-06,union,1292,0.4034007974,8.129087168,1.312414063,1.722430673,0.0005531579332,0.9994468421,1569.602551,1287.251945,0.4918842214,0.4034007974,0.3694004128,0.437401182
synthetic_20250706,synthetic,2025-07-06,union,1293,0.4037140376,8.126714095,-0.8355118226,0.6980800057,0.0004507352249,0.9995492648,1570.300631,1288.251494,0.4921029867,0.4037140376,0.369713653,0.4377144222
synthetic_20250706,synthetic,2025-07-06,union,1294,0.4040272012,8.12308515,0.513191464,0.2633654787,0.0006949024452,0.9993050976,1570.563996,1289.250799,0.4921855205,0.4040272012,0.3700268166,0.4380275858
synthetic_20250706,synthetic,2025-07-06,union,1295,0.4043405031,8.120684054,-0.321174819,0.1031532644,0.000253628796,0.9997463712,1570.667149,1290.250545,0.4922178468,0.4043405031,0.3703401185,0.4383408877
synthetic_20250706,synthetic,2025-07-06,union,1296,0.4046535612,8.11989457,0.3095248266,0.09580561828,0.001031631189,0.9989683688,1570.762955,1291.249514,0.4922478705,0.4046535612,0.3706531766,0.4386539458
synthetic_20250706,synthetic,2025-07-06,union,1297,0.4049655436,8.11872467,0.8236204193,0.6783505952,0.0044639796,0.9955360204,1571.441306,1292.24505,0.492460453,0.4049655436,0.370965159,0.4389659282
synthetic_20250706,synthetic,2025-07-06,union,1298,0.4052783315,8.11446302,-1.290964965,1.666590542,0.001894055415,0.9981059446,1573.107896,1293.243156,0.4929827314,0.4052783315,0.3712779469,0.4392787161
synthetic_20250706,synthetic,2025-07-06,union,1299,0.4055907065,8.113297084,0.08663034981,0.007504817509,0.003211246619,0.9967887534,1573.115401,1294.239944,0.4929850833,0.4055907065,0.3715903219,0.4395910911
synthetic_20250706,synthetic,2025-07-06,union,1300,0.4059040073,8.110883248,-2.25056409,5.065038723,0.000257322656,0.9997426773,1578.18044,1295.239687,0.4945723722,0.4059040073,0.3719036227,0.4399043919
synthetic_20250706,synthetic,2025-07-06,union,1301,0.4062172539,8.107134172,2.420998017,5.861231398,0.0004299609164,0.9995700391,1584.041671,1296.239257,0.496409173,0.4062172539,0.3722168693,0.4402176385
synthetic_20250706,synthetic,2025-07-06,union,1302,0.4065305386,8.106775963,0.3199777256,0.1023857449,0.000308485407,0.9996915146,1584.144057,1297.238949,0.4964412588,0.4065305386,0.372530154,0.4405309232
synthetic_20250706,synthetic,2025-07-06,union,1303,0.4068431379,8.102507001,0.6749470171,0.4555534759,0.002495791641,0.9975042084,1584.59961,1298.236453,0.4965840207,0.4068431379,0.3728427533,0.4408435225
synthetic_20250706,synthetic,2025-07-06,union,1304,0.4071557544,8.101518325,-0.7951189211,0.6322140987,0.002440601145,0.9975593989,1585.231824,1299.234012,0.4967821449,0.4071557544,0.3731553698,0.441156139
synthetic_20250706,synthetic,2025-07-06,union,1305,0.4074689842,8.098910415,0.5745380909,0.3300940179,0.0004836458924,0.9995163541,1585.561918,1300.233529,0.4968855902,0.4074689842,0.3734685996,0.4414693688
synthetic_20250706,synthetic,2025-07-06,union,1306,0.4077811948,8.097618711,0.6309432731,0.3980894139,0.003736104175,0.9962638958,1585.960008,1301.229793,0.497010344,0.4077811948,0.3737808102,0.4417815794
synthetic_20250706,synthetic,2025-07-06,union,1307,0.4080944957,8.096533287,-0.8961056725,0.8030053763,0.000256633349,0.9997433667,1586.763013,1302.229536,0.4972619909,0.4080944957,0.3740941111,0.4420948803
synthetic_20250706,synthetic,2025-07-06,union,1308,0.4084073062,8.091984484,0.6172895756,0.3810464201,0.001821840838,0.9981781592,1587.14406,1303.227714,0.4973814038,0.4084073062,0.3744069216,0.4424076908
synthetic_20250706,synthetic,2025-07-06,union,1309,0.4087196112,8.090362871,-1.498338597,2.245018552,0.003434591583,0.9965654084,1589.389078,1304.224279,0.4980849508,0.4087196112,0.3747192266,0.4427199958
synthetic_20250706,synthetic,2025-07-06,union,1310,0.4090320812,8.088574346,0.5757105411,0.3314426272,0.002908241546,0.9970917585,1589.720521,1305.221371,0.4981888188,0.4090320812,0.3750316966,0.4430324658
synthetic_20250706,synthetic,2025-07-06,union,1311,0.4093452143,8.085809912,0.7644155614,0.5843311505,0.0007923813875,0.9992076186,1590.304852,1306.220579,0.4983719373,0.4093452143,0.3753448297,0.4433455989
synthetic_20250706,synthetic,2025-07-06,union,1312,0.4096575951,8.083879061,-0.9517384176,0.9058060155,0.003192859972,0.99680714,1591.210658,1307.217386,0.4986558,0.4096575951,0.3756572105,0.4436579797
synthetic_20250706,synthetic,2025-07-06,union,1313,0.4099697002,8.080229257,-0.6455868174,0.4167823388,0.004072581436,0.9959274186,1591.62744,1308.213313,0.4987864118,0.4099697002,0.3759693156,0.4439700848
synthetic_20250706,synthetic,2025-07-06,union,1314,0.410282659,8.079430968,0.3513361629,0.1234370994,0.001348505764,0.9986514942,1591.750877,1309.211965,0.4988250947,0.410282659,0.3762822744,0.4442830436
synthetic_20250706,synthetic,2025-07-06,union,1315,0.4105953057,8.079021318,0.693262933,0.4806134943,0.002344406378,0.9976555936,1592.231491,1310.209621,0.4989757101,0.4105953057,0.3765949211,0.4445956903
synthetic_20250706,synthetic,2025-07-06,union,1316,0.410908557,8.0745791,-0.3341911583,0.1116837303,0.0004151491989,0.9995848508,1592.343175,1311.209205,0.4990107097,0.410908557,0.3769081724,0.4449089416
synthetic_20250706,synthetic,2025-07-06,union,1317,0.4112219062,8.072016302,-1.547345418,2.394277844,0.0001026067139,0.9998973933,1594.737452,1312.209103,0.4997610318,0.4112219062,0.3772215216,0.4452222908
synthetic_20250706,synthetic,2025-07-06,union,1318,0.4115350997,8.070060012,-0.9924741267,0.9850048921,0.0005996206115,0.9994003794,1595.722457,1313.208503,0.500069714,0.4115350997,0.3775347151,0.4455354843
synthetic_20250706,synthetic,2025-07-06,union,1319,0.4118475772,8.068674198,0.1731944758,0.02999632644,0.002884194801,0.9971158052,1595.752454,1314.205619,0.5000791143,0.4118475772,0.3778471926,0.4458479618
synthetic_20250706,synthetic,2025-07-06,union,1320,0.4121604995,8.0665811,-1.420713237,2.018426101,0.001465138519,0.9985348615,1597.77088,1315.204154,0.5007116514,0.4121604995,0.3781601149,0.4461608841
synthetic_20250706,synthetic,2025-07-06,union,1321,0.412473217,8.066434908,-0.5070689281,0.2571188978,0.002118420497,0.9978815795,1598.027999,1316.202035,0.5007922277,0.412473217,0.3784728324,0.4464736016
synthetic_20250706,synthetic,2025-07-06,union,1322,0.4127850571,8.059403453,-0.0112018433,0.0001254812933,0.004918316734,0.9950816833,1598.028124,1317.197117,0.500792267,0.4127850571,0.3787846725,0.4467854417
synthetic_20250706,synthetic,2025-07-06,union,1323,0.4130983152,8.056438281,-1.541551232,2.3763802,0.0003932453353,0.9996067547,1600.404504,1318.196724,0.5015369803,0.4130983152,0.3790979306,0.4470986998
synthetic_20250706,synthetic,2025-07-06,union,1324,0.4134105518,8.054223455,-0.8032929276,0.6452795275,0.00365298263,0.9963470174,1601.049784,1319.193071,0.5017391989,0.4134105518,0.3794101672,0.4474109364
synthetic_20250706,synthetic,2025-07-06,union,1325,0.4137236014,8.053219077,-0.3530045804,0.1246122338,0.001058777379,0.9989412226,1601.174396,1320.192012,0.5017782501,0.4137236014,0.3797232168,0.447723986
synthetic_20250706,synthetic,2025-07-06,union,1326,0.4140366935,8.051672237,-1.870943283,3.500428769,0.0009231963982,0.9990768036,1604.674825,1321.191089,0.5028752193,0.4140366935,0.3800363089,0.4480370781
synthetic_20250706,synthetic,2025-07-06,union,1327,0.4143497157,8.049641636,-0.8935489359,0.7984297008,0.00114602114,0.9988539789,1605.473255,1322.189943,0.5031254323,0.4143497157,0.3803493311,0.4483501003
synthetic_20250706,synthetic,2025-07-06,union,1328,0.4146630761,8.046540231,0.5059384537,0.2559737189,6.696829691e-05,0.9999330317,1605.729228,1323.189876,0.5032056497,0.4146630761,0.3806626915,0.4486634607
synthetic_20250706,synthetic,2025-07-06,union,1329,0.4149763789,8.046105746,-0.5196092786,0.2699938024,0.0002507172497,0.9997492828,1605.999222,1324.189625,0.5032902607,0.4149763789,0.3809759943,0.4489767635
synthetic_20250706,synthetic,2025-07-06,union,1330,0.4152886093,8.039399551,-0.6359409348,0.4044208726,0.003672929806,0.9963270702,1606.403643,1325.185952,0.5034169987,0.4152886093,0.3812882247,0.4492889939
synthetic_20250706,synthetic,2025-07-06,union,1331,0.4156017175,8.038327942,0.5185249353,0.2688681085,0.0008717965457,0.9991282035,1606.672511,1326.18508,0.503501257,0.4156017175,0.3816013329,0.4496021021
synthetic_20250706,synthetic,2025-07-06,union,1332,0.4159149467,8.034414367,-1.710397713,2.925460337,0.0004854286881,0.9995145713,1609.597971,1327.184595,0.5044180418,0.4159149467,0.3819145621,0.4499153313
synthetic_20250706,synthetic,2025-07-06,union,1333,0.4162281892,8.031555681,-2.709694485,7.3424442,0.0004432821831,0.9995567178,1616.940416,1328.184152,0.5067190271,0.4162281892,0.3822278046,0.4502285738
synthetic_20250706,synthetic,2025-07-06,union,1334,0.4165414065,8.03005304,-0.1051773901,0.01106228338,0.0005236276825,0.9994763723,1616.951478,1329.183628,0.5067224938,0.4165414065,0.3825410219,0.4505417911
synthetic_20250706,synthetic,2025-07-06,union,1335,0.4168546342,8.027967089,1.41704984,2.008030249,0.0004902722256,0.9995097278,1618.959508,1330.183138,0.5073517731,0.4168546342,0.3828542496,0.4508550188
synthetic_20250706,synthetic,2025-07-06,union,1336,0.417167771,8.024598879,1.216640009,1.480212911,0.0007804779654,0.999219522,1620.439721,1331.182357,0.5078156443,0.417167771,0.3831673864,0.4511681556
synthetic_20250706,synthetic,2025-07-06,union,1337,0.4174795211,8.022193005,-1.390801218,1.934328028,0.005205598302,0.9947944017,1622.374049,1332.177152,0.5084218267,0.4174795211,0.3834791365,0.4514799057
synthetic_20250706,synthetic,2025-07-06,union,1338,0.4177928419,8.017451149,-1.631988812,2.663387482,0.0001932817895,0.9998067182,1625.037437,1333.176958,0.5092564828,0.4177928419,0.3837924573,0.4517932265
synthetic_20250706,synthetic,2025-07-06,union,1339,0.4181057585,8.011985748,1.009778265,1.019652145,0.001483177116,0.9985168229,1626.057089,1334.175475,0.5095760228,0.4181057585,0.3841053739,0.4521061431
synthetic_20250706,synthetic,2025-07-06,union,1340,0.4184181528,8.008777359,0.5448543596,0.2968662732,0.003149807226,0.9968501928,1626.353955,1335.172325,0.5096690551,0.4184181528,0.3844177682,0.4524185374
synthetic_20250706,synthetic,2025-07-06,union,1341,0.4187314616,8.00736055,1.132037898,1.281509803,0.000231658981,0.999768341,1627.635465,1336.172094,0.5100706564,0.4187314616,0.384731077,0.4527318462
synthetic_20250706,synthetic,2025-07-06,union,1342,0.4190446649,8.006283068,0.7565212096,0.5723243406,0.0005682249534,0.999431775,1628.207789,1337.171526,0.5102500122,0.4190446649,0.3850442803,0.4530450495
synthetic_20250706,synthetic,2025-07-06,union,1343,0.4193578901,8.003987574,0.857265311,0.7349038135,0.0004982781471,0.9995017219,1628.942693,1338.171027,0.5104803174,0.4193578901,0.3853575055,0.4533582747
synthetic_20250706,synthetic,2025-07-06,union,1344,0.4196687045,7.999993666,0.7428478175,0.5518228799,0.008191354982,0.991808645,1629.494516,1339.162836,0.5106532484,0.4196687045,0.3856683199,0.4536690891
synthetic_20250706,synthetic,2025-07-06,union,1345,0.4199817081,7.998013342,-1.411708537,1.992920994,0.001205504301,0.9987944957,1631.487437,1340.16163,0.5112777928,0.4199817081,0.3859813235,0.4539820927
synthetic_20250706,synthetic,2025-07-06,union,1346,0.4202944122,7.997020142,0.4545487759,0.2066145897,0.002160981659,0.9978390183,1631.694051,1341.159469,0.5113425419,0.4202944122,0.3862940276,0.4542947968
synthetic_20250706,synthetic,2025-07-06,union,1347,0.4206075412,7.993053282,0.6274994103,0.3937555099,0.0008054367699,0.9991945632,1632.087807,1342.158664,0.5114659376,0.4206075412,0.3866071566,0.4546079258
synthetic_20250706,synthetic,2025-07-06,union,1348,0.4209201868,7.990469011,-0.3672231293,0.1348528267,0.002348089523,0.9976519105,1632.22266,1343.156316,0.511508198,0.4209201868,0.3869198022,0.4549205714
synthetic_20250706,synthetic,2025-07-06,union,1349,0.4212332039,7.988530149,0.2390540995,0.0571468625,0.001162176189,0.9988378238,1632.279807,1344.155154,0.5115261067,0.4212332039,0.3872328193,0.4552335885
synthetic_20250706,synthetic,2025-07-06,union,1350,0.4215462847,7.986610922,0.248282017,0.06164395998,0.0009591924058,0.9990408076,1632.34145,1345.154195,0.5115454248,0.4215462847,0.3875459001,0.4555466693
synthetic_20250706,synthetic,2025-07-06,union,1351,0.4218593802,7.984669637,0.2794592905,0.07809749507,0.0009123497328,0.9990876503,1632.419548,1346.153282,0.5115698991,0.4218593802,0.3878589956,0.4558597648
synthetic_20250706,synthetic,2025-07-06,union,1352,0.4221723725,7.983568624,-0.5274637393,0.2782179963,0.00124142071,0.9987585793,1632.697766,1347.152041,0.5116570874,0.4221723725,0.3881719879,0.4561727571
synthetic_20250706,synthetic,2025-07-06,union,1353,0.4224850101,7.978114847,0.3961715563,0.156951902,0.002373574885,0.9976264251,1632.854718,1348.149667,0.5117062732,0.4224850101,0.3884846255,0.4564853947
synthetic_20250706,synthetic,2025-07-06,union,1354,0.4227977786,7.976010814,0.6439559112,0.4146792156,0.001955758557,0.9980442414,1633.269397,1349.147711,0.511836226,0.4227977786,0.388797394,0.4567981632
synthetic_20250706,synthetic,2025-07-06,union,1355,0.4231110845,7.972108654,-0.6945390539,0.4823844974,0.0002409804852,0.9997590195,1633.751782,1350.14747,0.5119873963,0.4231110845,0.3891106999,0.4571114691
synthetic_20250706,synthetic,2025-07-06,union,1356,0.4234239315,7.970093506,0.5054576293,0.255487415,0.001705047738,0.9982949523,1634.007269,1351.145765,0.5120674613,0.4234239315,0.3894235469,0.4574243161
synthetic_20250706,synthetic,2025-07-06,union,1357,0.4237369024,7.967658612,-0.3046760913,0.09282752061,0.001309976157,0.9986900238,1634.100097,1352.144455,0.5120965517,0.4237369024,0.3897365178,0.457737287
synthetic_20250706,synthetic,2025-07-06,union,1358,0.4240499338,7.966910978,-0.1558210491,0.02428019933,0.001116575353,0.9988834246,1634.124377,1353.143339,0.5121041607,0.4240499338,0.3900495492,0.4580503184
synthetic_20250706,synthetic,2025-07-06,union,1359,0.4243630281,7.964627197,0.3701564173,0.1370157733,0.0009163752334,0.9990836248,1634.261393,1354.142423,0.5121470989,0.4243630281,0.3903626435,0.4583634127
synthetic_20250706,synthetic,2025-07-06,union,1360,0.4246760089,7.964079945,0.872960106,0.7620593467,0.001278050476,0.9987219495,1635.023452,1355.141144,0.5123859141,0.4246760089,0.3906756243,0.4586763935
synthetic_20250706,synthetic,2025-07-06,union,1361,0.4249883786,7.962564968,-0.3745230405,0.1402675079,0.003228342211,0.9967716578,1635.163719,1356.137916,0.5124298713,0.4249883786,0.390987994,0.4589887632
synthetic_20250706,synthetic,2025-07-06,union,1362,0.4253017094,7.958034017,1.329052675,1.766381014,0.0001614400856,0.9998385599,1636.9301,1357.137755,0.5129834222,0.4253017094,0.3913013248,0.459302094
synthetic_20250706,synthetic,2025-07-06,union,1363,0.4256149047,7.95706247,-1.267225688,1.605860945,0.0005939162195,0.9994060838,1638.535961,1358.137161,0.5134866692,0.4256149047,0.3916145201,0.4596152893
synthetic_20250706,synthetic,2025-07-06,union,1364,0.4259279687,7.955904376,1.164431477,1.355900665,0.001012662482,0.9989873375,1639.891862,1359.136148,0.5139115832,0.4259279687,0.3919275841,0.4599283533
synthetic_20250706,synthetic,2025-07-06,union,1365,0.4262410659,7.953970802,-2.747477502,7.548632624,0.000906879361,0.9990931206,1647.440495,1360.135241,0.5162771841,0.4262410659,0.3922406813,0.4602414505
synthetic_20250706,synthetic,2025-07-06,union,1366,0.4265539497,7.950312524,1.2564318,1.578620867,0.001587718259,0.9984122817,1649.019115,1361.133654,0.5167718945,0.4265539497,0.3925535651,0.4605543343
synthetic_20250706,synthetic,2025-07-06,union,1367,0.4268671336,7.946115263,2.020125182,4.08090575,0.0006301706869,0.9993698293,1653.100021,1362.133023,0.5180507744,0.4268671336,0.392866749,0.4608675182
synthetic_20250706,synthetic,2025-07-06,union,1368,0.4271804381,7.944912771,-0.6416697526,0.4117400714,0.0002452744138,0.9997547256,1653.511761,1363.132778,0.5181798061,0.4271804381,0.3931800535,0.4611808227
synthetic_20250706,synthetic,2025-07-06,union,1369,0.4274928209,7.942558169,-2.204394602,4.859355559,0.003186470713,0.9968135293,1658.371117,1364.129592,0.5197026377,0.4274928209,0.3934924363,0.4614932055
synthetic_20250706,synthetic,2025-07-06,union,1370,0.4278059312,7.941767125,-2.304742061,5.311835967,0.0008652346596,0.9991347653,1663.682953,1365.128726,0.5213672682,0.4278059312,0.3938055466,0.4618063158
synthetic_20250706,synthetic,2025-07-06,union,1371,0.4281192166,7.938109759,-0.144842866,0.02097945583,0.000306184141,0.9996938159,1663.703932,1366.12842,0.5213738428,0.4281192166,0.394118832,0.4621196012
synthetic_20250706,synthetic,2025-07-06,union,1372,0.4284324691,7.938039419,0.4147818651,0.1720439956,0.0004112832456,0.9995887168,1663.875976,1367.128009,0.5214277582,0.4284324691,0.3944320845,0.4624328537
synthetic_20250706,synthetic,2025-07-06,union,1373,0.428745836,7.934451564,0.3913650964,0.1531666387,4.636701322e-05,0.999953633,1664.029143,1368.127963,0.5214757577,0.428745836,0.3947454514,0.4627462206
synthetic_20250706,synthetic,2025-07-06,union,1374,0.4290586223,7.932378149,0.4216343635,0.1777755365,0.001898851137,0.9981011489,1664.206918,1369.126064,0.5215314693,0.4290586223,0.3950582377,0.4630590069
synthetic_20250706,synthetic,2025-07-06,union,1375,0.4293717905,7.931151437,-0.507912664,0.2579752742,0.0006801372092,0.9993198628,1664.464894,1370.125384,0.5216123139,0.4293717905,0.3953714059,0.4633721751
synthetic_20250706,synthetic,2025-07-06,union,1376,0.4296851209,7.927838578,-0.7911792467,0.6259646004,0.0001627381033,0.9998372619,1665.090858,1371.125221,0.5218084796,0.4296851209,0.3956847363,0.4636855055
synthetic_20250706,synthetic,2025-07-06,union,1377,0.4299978646,7.927123703,-0.2866079989,0.08214414501,0.00203476558,0.9979652344,1665.173002,1372.123186,0.521834222,0.4299978646,0.39599748,0.4639982492
synthetic_20250706,synthetic,2025-07-06,union,1378,0.4303111276,7.922973665,0.3288077992,0.1081145688,0.0003779317272,0.9996220683,1665.281117,1373.122808,0.5218681031,0.4303111276,0.396310743,0.4643115122
synthetic_20250706,synthetic,2025-07-06,union,1379,0.4306240714,7.921126356,-1.715479461,2.942869781,0.001396247925,0.9986037521,1668.223987,1374.121412,0.5227903437,0.4306240714,0.3966236868,0.464624456
synthetic_20250706,synthetic,2025-07-06,union,1380,0.4309369344,7.917149081,-0.08046455703,0.006474544939,0.001654113676,0.9983458863,1668.230461,1375.119758,0.5227923727,0.4309369344,0.3969365498,0.464937319
synthetic_20250706,synthetic,2025-07-06,union,1381,0.4312501261,7.913515528,0.6582835011,0.4333371679,0.0006052138711,0.9993947861,1668.663799,1376.119153,0.5229281725,0.4312501261,0.3972497415,0.4652505107
synthetic_20250706,synthetic,2025-07-06,union,1382,0.4315633084,7.90993459,0.2844718049,0.08092420778,0.0006352819097,0.9993647181,1668.744723,1377.118517,0.5229535327,0.4315633084,0.3975629238,0.465563693
synthetic_20250706,synthetic,2025-07-06,union,1383,0.4318762601,7.909195018,-1.177214148,1.385833151,0.001371162914,0.9986288371,1670.130556,1378.117146,0.523387827,0.4318762601,0.3978758755,0.4658766447
synthetic_20250706,synthetic,2025-07-06,union,1384,0.4321893268,7.90854983,-2.736682195,7.489429436,0.001004367165,0.9989956328,1677.619985,1379.116142,0.5257348748,0.4321893268,0.3981889422,0.4661897114
synthetic_20250706,synthetic,2025-07-06,union,1385,0.4324996474,7.90726698,-0.1249236828,0.01560592651,0.009766747661,0.9902332523,1677.635591,1380.106375,0.5257397654,0.4324996474,0.3984992628,0.466500032
synthetic_20250706,synthetic,2025-07-06,union,1386,0.4328126439,7.906140705,0.189072475,0.0357484008,0.001228293461,0.9987717065,1677.67134,1381.105147,0.5257509682,0.4328126439,0.3988122593,0.4668130285
synthetic_20250706,synthetic,2025-07-06,union,1387,0.4331258348,7.904218428,-1.189445552,1.414780721,0.0006079046468,0.9993920954,1679.08612,1382.104539,0.5261943342,0.4331258348,0.3991254502,0.4671262194
synthetic_20250706,synthetic,2025-07-06,union,1388,0.4334389782,7.902441565,0.008914832597,7.947424024e-05,0.0007593387339,0.9992406613,1679.0862,1383.103779,0.5261943591,0.4334389782,0.3994385936,0.4674393628
synthetic_20250706,synthetic,2025-07-06,union,1389,0.4337518879,7.898719764,-0.003053967866,9.326719728e-06,0.001505041278,0.9984949587,1679.086209,1384.102274,0.526194362,0.4337518879,0.3997515033,0.4677522725
synthetic_20250706,synthetic,2025-07-06,union,1390,0.4340652023,7.894573,-0.4858420762,0.236042523,0.000213776742,0.9997862233,1679.322252,1385.102061,0.5262683333,0.4340652023,0.4000648177,0.4680655869
synthetic_20250706,synthetic,2025-07-06,union,1391,0.4343783501,7.892947589,0.001740952491,3.030915577e-06,0.0007453023874,0.9992546976,1679.322255,1386.101315,0.5262683343,0.4343783501,0.4003779655,0.4683787347
synthetic_20250706,synthetic,2025-07-06,union,1392,0.4346915936,7.891729232,-0.3000731698,0.09004390722,0.0004400734569,0.9995599265,1679.412299,1387.100875,0.5262965524,0.4346915936,0.400691209,0.4686919782
synthetic_20250706,synthetic,2025-07-06,union,1393,0.4350048894,7.887367719,-0.4697081185,0.2206257166,0.0002732256013,0.9997267744,1679.632924,1388.100602,0.5263656924,0.4350048894,0.4010045048,0.469005274
synthetic_20250706,synthetic,2025-07-06,union,1394,0.4353181399,7.88469446,0.1947128261,0.03791308465,0.0004174329076,0.9995825671,1679.670837,1389.100185,0.5263775736,0.4353181399,0.4013177553,0.4693185245
synthetic_20250706,synthetic,2025-07-06,union,1395,0.4356311941,7.879591708,1.199019749,1.437648359,0.001044242361,0.9989557576,1681.108486,1390.09914,0.5268281059,0.4356311941,0.4016308095,0.4696315787
synthetic_20250706,synthetic,2025-07-06,union,1396,0.4359444689,7.877489526,1.222733422,1.49507702,0.0003400877112,0.9996599123,1682.603563,1391.0988,0.5272966352,0.4359444689,0.4019440843,0.4699448535
synthetic_20250706,synthetic,2025-07-06,union,1397,0.4362573444,7.875173329,-2.480550146,6.153129024,0.001614364846,0.9983856352,1688.756692,1392.097186,0.5292249113,0.4362573444,0.4022569598,0.470257729
synthetic_20250706,synthetic,2025-07-06,union,1398,0.4365703983,7.874111166,-0.6197415101,0.3840795394,0.001045033662,0.9989549663,1689.140771,1393.096141,0.5293452746,0.4365703983,0.4025700137,0.4705707829
synthetic_20250706,synthetic,2025-07-06,union,1399,0.43688345,7.873670604,0.9594179803,0.9204828609,0.001051913336,0.9989480867,1690.061254,1394.095089,0.5296337368,0.43688345,0.4028830654,0.4708838346
synthetic_20250706,synthetic,2025-07-06,union,1400,0.4371960681,7.870298726,0.204645374,0.04187972911,0.002435615523,0.9975643845,1690.103134,1395.092653,0.5296468612,0.4371960681,0.4031956835,0.4711964527
synthetic_20250706,synthetic,2025-07-06,union,1401,0.4375093874,7.86717549,0.1965154717,0.03861833063,0.0001980199542,0.99980198,1690.141752,1396.092455,0.5296589634,0.4375093874,0.4035090028,0.471509772
synthetic_20250706,synthetic,2025-07-06,union,1402,0.4378226047,7.865795691,0.5109075096,0.2610264833,0.0005238126646,0.9994761873,1690.402779,1397.091931,0.5297407643,0.4378226047,0.4038222201,0.4718229893
synthetic_20250706,synthetic,2025-07-06,union,1403,0.4381357675,7.863990672,0.5897192447,0.3477687875,0.0006973287721,0.9993026712,1690.750548,1398.091234,0.5298497485,0.4381357675,0.4041353829,0.4721361521
synthetic_20250706,synthetic,2025-07-06,union,1404,0.4384490382,7.861751056,1.676907514,2.812018809,0.000353372233,0.9996466278,1693.562566,1399.090881,0.5307309829,0.4384490382,0.4044486536,0.4724494228
synthetic_20250706,synthetic,2025-07-06,union,1405,0.4387617983,7.861390596,-0.2670436696,0.07131232146,0.001982510538,0.9980174895,1693.633879,1400.088898,0.5307533308,0.4387617983,0.4047614137,0.4727621829
synthetic_20250706,synthetic,2025-07-06,union,1406,0.4390747662,7.857272813,0.8996774311,0.8094194801,0.00131928163,0.9986807184,1694.443298,1401.087579,0.5310069878,0.4390747662,0.4050743816,0.4730751508
synthetic_20250706,synthetic,2025-07-06,union,1407,0.4393872482,7.855440804,0.4650620204,0.2162826829,0.002870141211,0.9971298588,1694.659581,1402.084709,0.5310747668,0.4393872482,0.4053868636,0.4733876328
synthetic_20250706,synthetic,2025-07-06,union,1408,0.4397005503,7.853487051,0.4643924931,0.2156603877,0.0002527146993,0.9997472853,1694.875241,1403.084456,0.5311423508,0.4397005503,0.4057001657,0.4737009349
synthetic_20250706,synthetic,2025-07-06,union,1409,0.4400138878,7.849585261,0.1705872319,0.02910000368,0.000140159471,0.9998598405,1694.904341,1404.084316,0.5311514702,0.4400138878,0.4060135032,0.4740142724
synthetic_20250706,synthetic,2025-07-06,union,1410,0.4403270274,7.846163019,-0.8169974073,0.6674847635,0.0007713999457,0.9992286001,1695.571826,1405.083545,0.5313606475,0.4403270274,0.4063266428,0.474327412
synthetic_20250706,synthetic,2025-07-06,union,1411,0.4406398245,7.844376133,-1.535958644,2.359168955,0.001864733063,0.9981352669,1697.930995,1406.08168,0.5320999671,0.4406398245,0.4066394399,0.4746402091
synthetic_20250706,synthetic,2025-07-06,union,1412,0.440952982,7.84138751,-0.6182727436,0.3822611855,0.0007141488066,0.9992858512,1698.313256,1407.080966,0.5322197606,0.440952982,0.4069525974,0.4749533666
synthetic_20250706,synthetic,2025-07-06,union,1413,0.4412662425,7.83991164,0.2919852297,0.08525537435,0.000385957322,0.9996140427,1698.398512,1408.08058,0.5322464781,0.4412662425,0.4072658579,0.4752666271
synthetic_20250706,synthetic,2025-07-06,union,1414,0.4415792828,7.838801894,0.1694748712,0.02872173197,0.001088271878,0.9989117281,1698.427233,1409.079491,0.5322554789,0.4415792828,0.4075788982,0.4755796674
synthetic_20250706,synthetic,2025-07-06,union,1415,0.4418921585,7.83486915,0.9694831279,0.9398975354,0.001613817709,0.9983861823,1699.367131,1410.077878,0.5325500253,0.4418921585,0.4078917739,0.4758925431
synthetic_20250706,synthetic,2025-07-06,union,1416,0.442205437,7.833878347,0.9098415715,0.8278116853,0.0003281554978,0.9996718445,1700.194942,1411.077549,0.5328094461,0.442205437,0.4082050524,0.4762058216
synthetic_20250706,synthetic,2025-07-06,union,1417,0.4425187626,7.831569197,-0.9659735218,0.9331048448,0.0001779176145,0.9998220824,1701.128047,1412.077372,0.5331018638,0.4425187626,0.408518378,0.4765191472
synthetic_20250706,synthetic,2025-07-06,union,1418,0.4428320521,7.829749532,-0.1633777292,0.0266922824,0.0002934117156,0.9997065883,1701.15474,1413.077078,0.5331102287,0.4428320521,0.4088316675,0.4768324367
synthetic_20250706,synthetic,2025-07-06,union,1419,0.4431452248,7.826897115,0.9935642305,0.9871698802,0.0006659601481,0.9993340399,1702.14191,1414.076412,0.5334195893,0.4431452248,0.4091448402,0.4771456094
synthetic_20250706,synthetic,2025-07-06,union,1420,0.4434585014,7.825380151,-0.7913126674,0.6261757376,0.0003341125328,0.9996658875,1702.768085,1415.076078,0.5336158211,0.4434585014,0.4094581168,0.477458886
synthetic_20250706,synthetic,2025-07-06,union,1421,0.4437716133,7.824851224,-1.032248897,1.065537786,0.0008600012283,0.9991399988,1703.833623,1416.075218,0.5339497408,0.4437716133,0.4097712287,0.4777719979
synthetic_20250706,synthetic,2025-07-06,union,1422,0.4440847554,7.822696522,0.2251369055,0.05068662623,0.0007635759154,0.9992364241,1703.88431,1417.074455,0.5339656251,0.4440847554,0.4100843708,0.47808514
synthetic_20250706,synthetic,2025-07-06,union,1423,0.4443976664,7.819994041,0.03746610734,0.0014037092,0.001501002187,0.9984989978,1703.885713,1418.072954,0.533966065,0.4443976664,0.4103972818,0.478398051
synthetic_20250706,synthetic,2025-07-06,union,1424,0.4447103054,7.818097705,-0.682239137,0.46545024,0.002368966305,0.9976310337,1704.351164,1419.070585,0.5341119284,0.4447103054,0.4107099208,0.47871069
synthetic_20250706,synthetic,2025-07-06,union,1425,0.445023635,7.816179728,0.2322310784,0.05393127378,0.0001652309156,0.9998347691,1704.405095,1420.070419,0.5341288295,0.445023635,0.4110232504,0.4790240196
synthetic_20250706,synthetic,2025-07-06,union,1426,0.4453368526,7.814654048,1.009856119,1.019809381,0.0005225544584,0.9994774455,1705.424904,1421.069897,0.5344484188,0.4453368526,0.411336468,0.4793372372
synthetic_20250706,synthetic,2025-07-06,union,1427,0.4456500208,7.811086815,0.6068420029,0.3682572165,0.000680506813,0.9993194932,1705.793161,1422.069216,0.5345638237,0.4456500208,0.4116496362,0.4796504054
synthetic_20250706,synthetic,2025-07-06,union,1428,0.4459630569,7.807161456,-0.09558279366,0.009136070445,0.001101838656,0.9988981613,1705.802298,1423.068114,0.5345666868,0.4459630569,0.4119626723,0.4799634415
synthetic_20250706,synthetic,2025-07-06,union,1429,0.4462761703,7.805633122,-0.661397885,0.4374471622,0.0008551434808,0.9991448565,1706.239745,1424.067259,0.5347037746,0.4462761703,0.4122757857,0.4802765549
synthetic_20250706,synthetic,2025-07-06,union,1430,0.4465886667,7.803785975,-0.6900243041,0.4761335403,0.002823712729,0.9971762873,1706.715878,1425.064436,0.534852986,0.4465886667,0.4125882821,0.4805890513
synthetic_20250706,synthetic,2025-07-06,union,1431,0.4469018127,7.802020987,0.5341715132,0.2853392055,0.0007512409665,0.999248759,1707.001217,1426.063684,0.534942406,0.4469018127,0.4129014281,0.4809021973
synthetic_20250706,synthetic,2025-07-06,union,1432,0.4472147756,7.79824047,0.9181240691,0.8429518062,0.001335419435,0.9986645806,1707.844169,1427.062349,0.5352065714,0.4472147756,0.413214391,0.4812151602
synthetic_20250706,synthetic,2025-07-06,union,1433,0.4475272077,7.79541198,-0.5827695346,0.3396203304,0.003029186994,0.996970813,1708.18379,1428.05932,0.5353130021,0.4475272077,0.4135268231,0.4815275923
synthetic_20250706,synthetic,2025-07-06,union,1434,0.447840425,7.791761223,-0.2341086627,0.05480686595,0.0005236171701,0.9994763828,1708.238596,1429.058796,0.5353301775,0.447840425,0.4138400404,0.4818408096
synthetic_20250706,synthetic,2025-07-06,union,1435,0.4481537171,7.789487734,0.6599173477,0.4354909058,0.0002847627045,0.9997152373,1708.674087,1430.058511,0.5354666523,0.4481537171,0.4141533325,0.4821541017
synthetic_20250706,synthetic,2025-07-06,union,1436,0.44846687,7.787859051,1.903303815,3.622565414,0.000729299462,0.9992707005,1712.296653,1431.057782,0.5366018968,0.44846687,0.4144664854,0.4824672546
synthetic_20250706,synthetic,2025-07-06,union,1437,0.4487800444,7.785381253,-0.4944325251,0.2444635218,0.0006603635958,0.9993396364,1712.541116,1432.057122,0.5366785071,0.4487800444,0.4147796598,0.482780429
synthetic_20250706,synthetic,2025-07-06,union,1438,0.4490932377,7.783083946,0.322561488,0.1040459136,0.0006001083458,0.9993998917,1712.645162,1433.056522,0.5367111132,0.4490932377,0.4150928531,0.4830936223
synthetic_20250706,synthetic,2025-07-06,union,1439,0.4494065057,7.779314135,1.18261153,1.39857003,0.0003620126814,0.9996379873,1714.043732,1434.05616,0.537149399,0.4494065057,0.4154061211,0.4834068903
synthetic_20250706,synthetic,2025-07-06,union,1440,0.4497194009,7.777654204,-0.5958034069,0.3549816996,0.001551180723,0.9984488193,1714.398714,1435.054608,0.5372606437,0.4497194009,0.4157190163,0.4837197855
synthetic_20250706,synthetic,2025-07-06,union,1441,0.4500319139,7.774449572,0.5509540644,0.3035503811,0.002771169252,0.9972288307,1714.702264,1436.051837,0.5373557707,0.4500319139,0.4160315293,0.4840322985
synthetic_20250706,synthetic,2025-07-06,union,1442,0.4503450605,7.773353452,-1.481279163,2.194187958,0.0007492444286,0.9992507556,1716.896452,1437.051088,0.5380433884,0.4503450605,0.4163446759,0.4843454451
synthetic_20250706,synthetic,2025-07-06,union,1443,0.4506583295,7.77228168,2.336691835,5.460128734,0.0003585386841,0.9996414613,1722.356581,1438.050729,0.5397544911,0.4506583295,0.4166579449,0.4846587141
synthetic_20250706,synthetic,2025-07-06,union,1444,0.4509712124,7.769531953,-0.1147737269,0.01317300838,0.001590637768,0.9984093622,1722.369754,1439.049139,0.5397586192,0.4509712124,0.4169708278,0.484971597
synthetic_20250706,synthetic,2025-07-06,union,1445,0.4512842958,7.768675409,1.35811627,1.844479803,0.0009507752925,0.9990492247,1724.214234,1440.048188,0.5403366449,0.4512842958,0.4172839112,0.4852846804
synthetic_20250706,synthetic,2025-07-06,union,1446,0.4515975301,7.76415762,-0.3269888523,0.1069217095,0.0004694773415,0.9995305227,1724.321156,1441.047719,0.5403701522,0.4515975301,0.4175971455,0.4855979147
synthetic_20250706,synthetic,2025-07-06,union,1447,0.4519107973,7.762605082,1.614103697,2.605330744,0.0003644681015,0.9996355319,1726.926486,1442.047354,0.5411866143,0.4519107973,0.4179104127,0.4859111819
synthetic_20250706,synthetic,2025-07-06,union,1448,0.452224023,7.760238759,-0.03340021695,0.001115574492,0.0004966661613,0.9995033338,1726.927602,1443.046857,0.5411869639,0.452224023,0.4182236384,0.4862244076
synthetic_20250706,synthetic,2025-07-06,union,1449,0.4525370721,7.759476235,-0.4712560322,0.2220822478,0.001060448551,0.9989395514,1727.149684,1444.045797,0.5412565604,0.4525370721,0.4185366875,0.4865374567
synthetic_20250706,synthetic,2025-07-06,union,1450,0.4528502549,7.757082919,-1.20749948,1.458054994,0.0006333984695,0.9993666015,1728.607739,1445.045164,0.5417134877,0.4528502549,0.4188498703,0.4868506395
synthetic_20250706,synthetic,2025-07-06,union,1451,0.4531632006,7.754507896,-1.280781074,1.64040016,0.001390502655,0.9986094973,1730.248139,1446.043773,0.5422275585,0.4531632006,0.419162816,0.4871635852
synthetic_20250706,synthetic,2025-07-06,union,1452,0.4534764477,7.753279259,0.2087156849,0.04356223712,0.0004284193266,0.9995715807,1730.291701,1447.043345,0.5422412101,0.4534764477,0.4194760631,0.4874768323
synthetic_20250706,synthetic,2025-07-06,union,1453,0.4537897651,7.751232024,0.4169650498,0.1738598528,0.0002043288023,0.9997956712,1730.465561,1448.04314,0.5422956946,0.4537897651,0.4197893805,0.4877901497
synthetic_20250706,synthetic,2025-07-06,union,1454,0.4541022593,7.750812826,0.5828576488,0.3397230388,0.002830783365,0.9971692166,1730.805284,1449.04031,0.5424021574,0.4541022593,0.4201018747,0.4881026439
synthetic_20250706,synthetic,2025-07-06,union,1455,0.454415443,7.749081104,-1.206115442,1.454714459,0.0006307988758,0.9993692011,1732.259999,1450.039679,0.5428580379,0.454415443,0.4204150584,0.4884158276
synthetic_20250706,synthetic,2025-07-06,union,1456,0.4547286104,7.747922854,0.7626372837,0.5816156265,0.0006829709527,0.999317029,1732.841614,1451.038996,0.5430403054,0.4547286104,0.4207282258,0.488728995
synthetic_20250706,synthetic,2025-07-06,union,1457,0.4550415959,7.747195411,-1.138402034,1.29595919,0.001263232873,0.9987367671,1734.137574,1452.037733,0.5434464349,0.4550415959,0.4210412113,0.4890419805
synthetic_20250706,synthetic,2025-07-06,union,1458,0.4553546225,7.744881709,1.074502381,1.154555367,0.001132195729,0.9988678043,1735.292129,1453.0366,0.543808251,0.4553546225,0.4213542379,0.4893550071
synthetic_20250706,synthetic,2025-07-06,union,1459,0.4556678884,7.74442503,0.423830437,0.1796322393,0.0003682706341,0.9996317294,1735.471761,1454.036232,0.5438645444,0.4556678884,0.4216675038,0.489668273
synthetic_20250706,synthetic,2025-07-06,union,1460,0.4559811163,7.740926699,-2.665532608,7.105064086,0.0004899080871,0.9995100919,1742.576825,1455.035742,0.5460911393,0.4559811163,0.4219807317,0.4899815009
synthetic_20250706,synthetic,2025-07-06,union,1461,0.4562939901,7.736772362,-0.04704783532,0.002213498808,0.001619667399,0.9983803326,1742.579039,1456.034122,0.5460918329,0.4562939901,0.4222936055,0.4902943747
synthetic_20250706,synthetic,2025-07-06,union,1462,0.4566073368,7.735316562,-1.799264935,3.237354305,0.000110868542,0.9998891315,1745.816393,1457.034012,0.5471063595,0.4566073368,0.4226069522,0.4906077214
synthetic_20250706,synthetic,2025-07-06,union,1463,0.4569201125,7.729420181,0.3148364999,0.09912202167,0.00193267579,0.9980673242,1745.915515,1458.032079,0.5471374225,0.4569201125,0.4229197279,0.4909204971
synthetic_20250706,synthetic,2025-07-06,union,1464,0.4572329678,7.727041304,-0.9319407289,0.8685135221,0.001678811437,0.9983211886,1746.784029,1459.0304,0.5474095985,0.4572329678,0.4232325832,0.4912333524
synthetic_20250706,synthetic,2025-07-06,union,1465,0.4575461289,7.725750629,0.5261889192,0.2768747787,0.000702815654,0.9992971843,1747.060903,1460.029697,0.5474963659,0.4575461289,0.4235457443,0.4915465135
synthetic_20250706,synthetic,2025-07-06,union,1466,0.4578594095,7.724153095,-1.797905359,3.232463679,0.0003216142688,0.9996783857,1750.293367,1461.029376,0.5485093598,0.4578594095,0.4238590249,0.4918597941
synthetic_20250706,synthetic,2025-07-06,union,1467,0.4581725515,7.7233809,0.7017354067,0.492432581,0.0007637950366,0.999236205,1750.7858,1462.028612,0.548663679,0.4581725515,0.4241721669,0.4921729361
synthetic_20250706,synthetic,2025-07-06,union,1468,0.4584855594,7.721459059,-0.6002856616,0.3603428756,0.001191768438,0.9988082316,1751.146143,1463.02742,0.5487766038,0.4584855594,0.4244851748,0.492485944
synthetic_20250706,synthetic,2025-07-06,union,1469,0.4587985826,7.719422194,-1.503911849,2.261750849,0.00114290335,0.9988570966,1753.407893,1464.026277,0.5494853944,0.4587985826,0.424798198,0.4927989672
synthetic_20250706,synthetic,2025-07-06,union,1470,0.4591115242,7.718200033,0.2894002008,0.08375247619,0.001403448107,0.9985965519,1753.491646,1465.024874,0.5495116408,0.4591115242,0.4251111396,0.4931119088
synthetic_20250706,synthetic,2025-07-06,union,1471,0.4594247236,7.715170318,0.5245760899,0.2751800741,0.0005807525135,0.9994192475,1753.766826,1466.024293,0.5495978772,0.4594247236,0.425424339,0.4934251082
synthetic_20250706,synthetic,2025-07-06,union,1472,0.4597380427,7.711055953,-1.74229577,3.035594549,0.0001986729363,0.9998013271,1756.802421,1467.024094,0.550549176,0.4597380427,0.4257376581,0.4937384273
synthetic_20250706,synthetic,2025-07-06,union,1473,0.4600514134,7.710480157,0.7024561226,0.4934446041,3.405906353e-05,0.9999659409,1757.295865,1468.02406,0.5507038123,0.4600514134,0.4260510288,0.494051798
synthetic_20250706,synthetic,2025-07-06,union,1474,0.4603646686,7.708958227,0.315229322,0.09936952545,0.0004026170763,0.9995973829,1757.395235,1469.023658,0.5507349529,0.4603646686,0.426364284,0.4943650532
synthetic_20250706,synthetic,2025-07-06,union,1475,0.4606777314,7.707487085,0.6647066443,0.4418349229,0.001016618454,0.9989833815,1757.83707,1470.022641,0.5508734157,0.4606777314,0.4266773468,0.494678116
synthetic_20250706,synthetic,2025-07-06,union,1476,0.4609907964,7.705361729,0.711809806,0.5066732,0.0010097994,0.9989902006,1758.343743,1471.021631,0.5510321977,0.4609907964,0.4269904118,0.494991181
synthetic_20250706,synthetic,2025-07-06,union,1477,0.4613038473,7.703698688,0.0375188075,0.001407660917,0.001054613268,0.9989453867,1758.34515,1472.020577,0.5510326388,0.4613038473,0.4273034627,0.4953042319
synthetic_20250706,synthetic,2025-07-06,union,1478,0.4616170786,7.703075103,0.438087888,0.1919209976,0.0004787124439,0.9995212876,1758.537071,1473.020098,0.5510927833,0.4616170786,0.427616694,0.4956174632
synthetic_20250706,synthetic,2025-07-06,union,1479,0.4619303668,7.699146725,-0.0171967405,0.0002957278837,0.0002975545363,0.9997024455,1758.537367,1474.0198,0.551092876,0.4619303668,0.4279299822,0.4959307514
synthetic_20250706,synthetic,2025-07-06,union,1480,0.4622432331,7.697703366,1.124862196,1.26531496,0.00164350202,0.998356498,1759.802682,1475.018157,0.5514894021,0.4622432331,0.4282428485,0.4962436177
synthetic_20250706,synthetic,2025-07-06,union,1481,0.4625563986,7.693670736,0.1371458606,0.01880898708,0.0006889651193,0.9993110349,1759.821491,1476.017468,0.5514952965,0.4625563986,0.428556014,0.4965567832
synthetic_20250706,synthetic,2025-07-06,union,1482,0.4628689335,7.692712753,0.1858012723,0.03452211277,0.002701179195,0.9972988208,1759.856013,1477.014767,0.5515061151,0.4628689335,0.4288685489,0.4968693181
synthetic_20250706,synthetic,2025-07-06,union,1483,0.4631822362,7.690874611,0.5967129784,0.3560663786,0.0002511490407,0.999748851,1760.21208,1478.014516,0.5516176997,0.4631822362,0.4291818516,0.4971826208
synthetic_20250706,synthetic,2025-07-06,union,1484,0.463495291,7.689181068,-0.6334638332,0.401276428,0.001041843617,0.9989581564,1760.613356,1479.013474,0.5517434522,0.463495291,0.4294949064,0.4974956756
synthetic_20250706,synthetic,2025-07-06,union,1485,0.4638083702,7.687355642,-1.92899596,3.721025413,0.0009644701956,0.9990355298,1764.334381,1480.012509,0.5529095523,0.4638083702,0.4298079856,0.4978087548
synthetic_20250706,synthetic,2025-07-06,union,1486,0.4641215535,7.685806429,0.2677479752,0.07168897821,0.000632047405,0.9993679526,1764.40607,1481.011877,0.5529320183,0.4641215535,0.4301211689,0.4981219381
synthetic_20250706,synthetic,2025-07-06,union,1487,0.4644343676,7.684181889,-1.060552328,1.124771241,0.001810295736,0.9981897043,1765.530842,1482.010067,0.5532845007,0.4644343676,0.430433983,0.4984347522
synthetic_20250706,synthetic,2025-07-06,union,1488,0.4647476461,7.680672054,0.903854357,0.8169526986,0.0003283002813,0.9996716997,1766.347794,1483.009739,0.5535405185,0.4647476461,0.4307472615,0.4987480307
synthetic_20250706,synthetic,2025-07-06,union,1489,0.4650607033,7.676915206,-0.2446746169,0.05986566815,0.00103425548,0.9989657445,1766.40766,1484.008704,0.5535592792,0.4650607033,0.4310603187,0.4990610879
synthetic_20250706,synthetic,2025-07-06,union,1490,0.4653739784,7.676193162,-0.5618965897,0.3157277775,0.0003391359522,0.999660864,1766.723388,1485.008365,0.5536582225,0.4653739784,0.4313735938,0.499374363
synthetic_20250706,synthetic,2025-07-06,union,1491,0.4656857542,7.672280699,-0.01347323439,0.000181528045,0.005123709397,0.9948762906,1766.723569,1486.003242,0.5536582793,0.4656857542,0.4316853696,0.4996861388
synthetic_20250706,synthetic,2025-07-06,union,1492,0.4659989668,7.669036067,0.3491821339,0.1219281626,0.0005383163668,0.9994616836,1766.845498,1487.002703,0.5536964894,0.4659989668,0.4319985822,0.4999993514
synthetic_20250706,synthetic,2025-07-06,union,1493,0.4663120826,7.667177216,0.9761442567,0.9528576099,0.0008475422885,0.9991524577,1767.798355,1488.001856,0.5539950972,0.4663120826,0.432311698,0.5003124672
synthetic_20250706,synthetic,2025-07-06,union,1494,0.4666253856,7.665725783,-0.07683956294,0.005904318432,0.0002500551254,0.9997499449,1767.804259,1489.001606,0.5539969475,0.4666253856,0.432625001,0.5006257702
synthetic_20250706,synthetic,2025-07-06,union,1495,0.4669375862,7.660652007,0.5803340056,0.336787558,0.003767927782,0.9962320722,1768.141047,1489.997838,0.5541024904,0.4669375862,0.4329372016,0.5009379708
synthetic_20250706,synthetic,2025-07-06,union,1496,0.467250148,7.659590226,0.3725740354,0.1388114118,0.00261544674,0.9973845533,1768.279858,1490.995222,0.5541459914,0.467250148,0.4332497634,0.5012505326
synthetic_20250706,synthetic,2025-07-06,union,1497,0.4675631037,7.658053638,0.365867614,0.1338591109,0.001358322153,0.9986416778,1768.413718,1491.993864,0.5541879403,0.4675631037,0.4335627191,0.5015634883
synthetic_20250706,synthetic,2025-07-06,union,1498,0.467876335,7.65574235,-0.02959141606,0.0008756519046,0.0004790647948,0.9995209352,1768.414593,1492.993385,0.5541882147,0.467876335,0.4338759504,0.5018767196
synthetic_20250706,synthetic,2025-07-06,union,1499,0.4681890922,7.652034382,0.271190092,0.07354406603,0.001991640253,0.9980083597,1768.488137,1493.991393,0.5542112621,0.4681890922,0.4341887076,0.5021894768
synthetic_20250706,synthetic,2025-07-06,union,1500,0.4685023029,7.650138235,-0.7116989697,0.5065154235,0.0005444867377,0.9994555133,1768.994653,1494.990849,0.5543699946,0.4685023029,0.4345019183,0.5025026875
synthetic_20250706,synthetic,2025-07-06,union,1501,0.4688154954,7.647738817,-0.9865271683,0.9732358539,0.0006029795771,0.9993970204,1769.967889,1495.990246,0.5546749886,0.4688154954,0.4348151108,0.50281588
synthetic_20250706,synthetic,2025-07-06,union,1502,0.4691282924,7.646797658,2.004337839,4.017370172,0.001864824321,0.9981351757,1773.985259,1496.988381,0.5559339576,0.4691282924,0.4351279078,0.503128677
synthetic_20250706,synthetic,2025-07-06,union,1503,0.4694413371,7.643865699,0.5412882329,0.2929929511,0.001074194791,0.9989258052,1774.278252,1497.987307,0.5560257761,0.4694413371,0.4354409525,0.5034417217
synthetic_20250706,synthetic,2025-07-06,union,1504,0.4697544012,7.642878253,-1.209309307,1.462428999,0.001012473084,0.9989875269,1775.740681,1498.986294,0.5564840742,0.4697544012,0.4357540166,0.5037547858
synthetic_20250706,synthetic,2025-07-06,union,1505,0.4700675061,7.640450515,-0.6747289764,0.4552591915,0.0008821487144,0.9991178513,1776.19594,1499.985412,0.5566267439,0.4700675061,0.4360671215,0.5040678907
synthetic_20250706,synthetic,2025-07-06,union,1506,0.4703806842,7.639348218,-1.101411995,1.213108384,0.0006487639734,0.999351236,1777.409048,1500.984763,0.5570069095,0.4703806842,0.4363802996,0.5043810688
synthetic_20250706,synthetic,2025-07-06,union,1507,0.470693729,7.638254525,-0.3224850649,0.1039966171,0.001074121927,0.9989258781,1777.513045,1501.983689,0.5570395001,0.470693729,0.4366933444,0.5046941136
synthetic_20250706,synthetic,2025-07-06,union,1508,0.4710069632,7.637029007,0.8166173633,0.6668639181,0.0004695309373,0.9995304691,1778.179909,1502.98322,0.5572484828,0.4710069632,0.4370065786,0.5050073478
synthetic_20250706,synthetic,2025-07-06,union,1509,0.4713202096,7.635285897,-1.412493932,1.995139109,0.0004309382981,0.9995690617,1780.175048,1503.982789,0.5578737223,0.4713202096,0.437319825,0.5053205942
synthetic_20250706,synthetic,2025-07-06,union,1510,0.4716330697,7.631484772,0.2644960585,0.06995816498,0.00166321982,0.9983367802,1780.245006,1504.981126,0.5578956459,0.4716330697,0.4376326851,0.5056334543
synthetic_20250706,synthetic,2025-07-06,union,1511,0.4719461463,7.628895967,0.3946420947,0.1557423829,0.0009726060698,0.9990273939,1780.400748,1505.980153,0.5579444527,0.4719461463,0.4379457617,0.5059465309
synthetic_20250706,synthetic,2025-07-06,union,1512,0.4722588208,7.624870871,-0.5872112808,0.3448170883,0.002255779027,0.997744221,1780.745566,1506.977897,0.5580525119,0.4722588208,0.4382584362,0.5062592054
synthetic_20250706,synthetic,2025-07-06,union,1513,0.4725721219,7.62429865,0.8238221119,0.6786828721,0.0002560589672,0.999743941,1781.424248,1507.977641,0.5582651985,0.4725721219,0.4385717373,0.5065725065
synthetic_20250706,synthetic,2025-07-06,union,1514,0.4728852807,7.623204693,0.6030724653,0.3636963985,0.0007102514194,0.9992897486,1781.787945,1508.976931,0.5583791742,0.4728852807,0.4388848961,0.5068856653
synthetic_20250706,synthetic,2025-07-06,union,1515,0.4731983681,7.622151182,-0.4978647997,0.2478693588,0.0009383285918,0.9990616714,1782.035814,1509.975992,0.5584568518,0.4731983681,0.4391979835,0.5071987527
synthetic_20250706,synthetic,2025-07-06,union,1516,0.4735117012,7.621131161,-1.822509726,3.3215417,0.0001538876058,0.9998461124,1785.357356,1510.975839,0.5594977612,0.4735117012,0.4395113166,0.5075120858
synthetic_20250706,synthetic,2025-07-06,union,1517,0.4738249157,7.616836058,0.4301172986,0.1850008905,0.0005325467309,0.9994674533,1785.542357,1511.975306,0.559555737,0.4738249157,0.4398245311,0.5078253003
synthetic_20250706,synthetic,2025-07-06,union,1518,0.4741381767,7.614998055,-0.1836474542,0.03372638744,0.0003841973397,0.9996158027,1785.576083,1512.974922,0.5595663062,0.4741381767,0.4401377921,0.5081385613
synthetic_20250706,synthetic,2025-07-06,union,1519,0.4744511362,7.614330147,-0.7753989982,0.6012436065,0.001346284249,0.9986537158,1786.177327,1513.973576,0.5597547248,0.4744511362,0.4404507516,0.5084515208
synthetic_20250706,synthetic,2025-07-06,union,1520,0.4747643268,7.61247551,-0.5080095834,0.2580737368,0.0006086007558,0.9993913992,1786.4354,1514.972967,0.5598356003,0.4747643268,0.4407639422,0.5087647114
synthetic_20250706,synthetic,2025-07-06,union,1521,0.4750776552,7.609378711,-0.6087556308,0.3705834181,0.0001693417348,0.9998306583,1786.805984,1515.972798,0.5599517342,0.4750776552,0.4410772706,0.5090780398
synthetic_20250706,synthetic,2025-07-06,union,1522,0.4753906825,7.60541607,-1.757434528,3.088576119,0.001129613442,0.9988703866,1789.89456,1516.971668,0.5609196365,0.4753906825,0.4413902979,0.5093910671
synthetic_20250706,synthetic,2025-07-06,union,1523,0.4757035988,7.603583452,-0.004443567228,1.974528971e-05,0.001484313346,0.9985156867,1789.89458,1517.970184,0.5609196427,0.4757035988,0.4417032142,0.5097039834
synthetic_20250706,synthetic,2025-07-06,union,1524,0.476015697,7.602337816,-1.659049779,2.75244617,0.004094691224,0.9959053088,1792.647026,1518.966089,0.5617822081,0.476015697,0.4420153124,0.5100160816
synthetic_20250706,synthetic,2025-07-06,union,1525,0.4763289401,7.601427827,0.8629137927,0.7446202137,0.000441208517,0.9995587915,1793.391646,1519.965648,0.5620155582,0.4763289401,0.4423285555,0.5103293247
synthetic_20250706,synthetic,2025-07-06,union,1526,0.4766422434,7.599589156,-0.4631980181,0.214552404,0.0002492548989,0.9997507451,1793.606199,1520.965399,0.5620827949,0.4766422434,0.4426418588,0.510642628
synthetic_20250706,synthetic,2025-07-06,union,1527,0.4769554214,7.598851873,0.7846407103,0.6156610443,0.0006488276366,0.9993511724,1794.22186,1521.96475,0.5622757316,0.4769554214,0.4429550368,0.510955806
synthetic_20250706,synthetic,2025-07-06,union,1528,0.477268442,7.598246676,-0.6176442738,0.3814844489,0.00115138402,0.998848616,1794.603344,1522.963598,0.5623952817,0.477268442,0.4432680574,0.5112688266
synthetic_20250706,synthetic,2025-07-06,union,1529,0.4775816442,7.594311872,1.377859329,1.898496332,0.000571741319,0.9994282587,1796.50184,1523.963027,0.5629902351,0.4775816442,0.4435812596,0.5115820288
synthetic_20250706,synthetic,2025-07-06,union,1530,0.4778946912,7.591085454,-0.3224570686,0.1039785611,0.001066929502,0.9989330705,1796.605819,1524.96196,0.5630228201,0.4778946912,0.4438943066,0.5118950758
synthetic_20250706,synthetic,2025-07-06,union,1531,0.4782078033,7.590531353,-0.1767666054,0.03124643279,0.0008593715975,0.9991406284,1796.637065,1525.9611,0.5630326121,0.4782078033,0.4442074187,0.5122081879
synthetic_20250706,synthetic,2025-07-06,union,1532,0.4785209524,7.589297874,-1.51647332,2.299691329,0.0007411703371,0.9992588297,1798.936757,1526.960359,0.5637532926,0.4785209524,0.4445205678,0.512521337
synthetic_20250706,synthetic,2025-07-06,union,1533,0.4788337389,7.589150325,0.139062246,0.01933830827,0.001898423621,0.9981015764,1798.956095,1527.958461,0.5637593529,0.4788337389,0.4448333543,0.5128341235
synthetic_20250706,synthetic,2025-07-06,union,1534,0.4791465219,7.585042556,-1.289862791,1.663746021,0.001909235338,0.9980907647,1800.619841,1528.956551,0.5642807399,0.4791465219,0.4451461373,0.5131469065
synthetic_20250706,synthetic,2025-07-06,union,1535,0.4794596072,7.584145959,0.0161027509,0.0002592985865,0.000944854254,0.9990551457,1800.6201,1529.955607,0.5642808212,0.4794596072,0.4454592226,0.5134599918
synthetic_20250706,synthetic,2025-07-06,union,1536,0.4797723734,7.580937787,1.340184815,1.796095338,0.001963220033,0.99803678,1802.416196,1530.953643,0.564843684,0.4797723734,0.4457719888,0.513772758
synthetic_20250706,synthetic,2025-07-06,union,1537,0.4800857094,7.580445178,0.3526764663,0.1243806899,0.0001446505471,0.9998553495,1802.540576,1531.953499,0.5648826626,0.4800857094,0.4460853248,0.514086094
synthetic_20250706,synthetic,2025-07-06,union,1538,0.4803988783,7.579385371,-0.6797440289,0.4620519448,0.0006782241276,0.9993217759,1803.002628,1532.952821,0.5650274611,0.4803988783,0.4463984937,0.5143992629
synthetic_20250706,synthetic,2025-07-06,union,1539,0.480711643,7.57799936,-1.827449489,3.339571637,0.001967645474,0.9980323545,1806.3422,1533.950853,0.5660740207,0.480711643,0.4467112584,0.5147120276
synthetic_20250706,synthetic,2025-07-06,union,1540,0.4810248601,7.576291332,0.5773804243,0.3333681544,0.0005241716313,0.9994758284,1806.675568,1534.950329,0.566178492,0.4810248601,0.4470244755,0.5150252447
synthetic_20250706,synthetic,2025-07-06,union,1541,0.4813380617,7.573552145,1.390707395,1.934067059,0.0005738454375,0.9994261546,1808.609635,1535.949755,0.5667845926,0.4813380617,0.4473376771,0.5153384463
synthetic_20250706,synthetic,2025-07-06,union,1542,0.4816513863,7.572370429,-1.520770956,2.3127443,0.0001812238228,0.9998187762,1810.922379,1536.949574,0.5675093637,0.4816513863,0.4476510017,0.5156517709
synthetic_20250706,synthetic,2025-07-06,union,1543,0.4819646954,7.571411052,0.4485039573,0.2011557997,0.0002307383961,0.9997692616,1811.123535,1537.949343,0.5675724021,0.4819646954,0.4479643108,0.51596508
synthetic_20250706,synthetic,2025-07-06,union,1544,0.4822780247,7.56355399,0.7883701234,0.6215274515,0.0001659869776,0.999834013,1811.745063,1538.949177,0.5677671773,0.4822780247,0.4482776401,0.5162784093
synthetic_20250706,synthetic,2025-07-06,union,1545,0.4825911691,7.559404395,1.869119996,3.49360956,0.0007562323238,0.9992437677,1815.238672,1539.948421,0.5688620095,0.4825911691,0.4485907845,0.5165915537
synthetic_20250706,synthetic,2025-07-06,union,1546,0.4829040426,7.557620808,-1.40083229,1.962331104,0.001620631998,0.998379368,1817.201003,1540.9468,0.5694769675,0.4829040426,0.448903658,0.5169044272
synthetic_20250706,synthetic,2025-07-06,union,1547,0.4832171811,7.556470051,1.308201735,1.711391779,0.0007749901865,0.9992250098,1818.912395,1541.946025,0.5700132858,0.4832171811,0.4492167965,0.5172175657
synthetic_20250706,synthetic,2025-07-06,union,1548,0.483530324,7.552590247,-0.869660234,0.7563089226,0.0007611286781,0.9992388713,1819.668704,1542.945264,0.570250299,0.483530324,0.4495299394,0.5175307086
synthetic_20250706,synthetic,2025-07-06,union,1549,0.4838434744,7.550626034,-1.052091737,1.106897023,0.0007372523524,0.9992627476,1820.775601,1543.944527,0.5705971799,0.4838434744,0.4498430898,0.517843859
synthetic_20250706,synthetic,2025-07-06,union,1550,0.4841566561,7.546406946,-0.3183142184,0.1013239416,0.000637069696,0.9993629303,1820.876925,1544.94389,0.5706289329,0.4841566561,0.4501562715,0.5181570407
synthetic_20250706,synthetic,2025-07-06,union,1551,0.4844699332,7.545103834,1.126880398,1.269859432,0.0003328470714,0.9996671529,1822.146784,1545.943557,0.5710268832,0.4844699332,0.4504695486,0.5184703178
synthetic_20250706,synthetic,2025-07-06,union,1552,0.4847825914,7.541678912,-0.5908220629,0.34907071,0.002307655002,0.997692345,1822.495855,1546.941249,0.5711362755,0.4847825914,0.4507822068,0.518782976
synthetic_20250706,synthetic,2025-07-06,union,1553,0.4850954998,7.537302308,0.7394963505,0.5468548525,0.00150918174,0.9984908183,1823.04271,1547.93974,0.5713076496,0.4850954998,0.4510951152,0.5190958844
synthetic_20250706,synthetic,2025-07-06,union,1554,0.4854087074,7.537099973,-1.790263405,3.20504306,0.0005545749057,0.9994454251,1826.247753,1548.939185,0.5723120505,0.4854087074,0.4514083228,0.519409092
synthetic_20250706,synthetic,2025-07-06,union,1555,0.4857216734,7.533417872,-1.39467063,1.945106165,0.001325578241,0.9986744218,1828.192859,1549.93786,0.5729216105,0.4857216734,0.4517212888,0.519722058
synthetic_20250706,synthetic,2025-07-06,union,1556,0.4860349337,7.531956272,-0.3860824262,0.1490596399,0.0003864763376,0.9996135237,1828.341919,1550.937473,0.5729683231,0.4860349337,0.4520345491,0.5200353183
synthetic_20250706,synthetic,2025-07-06,union,1557,0.4863474722,7.530483313,0.9215873343,0.8493232148,0.002689505597,0.9973104944,1829.191242,1551.934784,0.5732344851,0.4863474722,0.4523470876,0.5203478568
synthetic_20250706,synthetic,2025-07-06,union,1558,0.4866606528,7.527977544,0.5142627469,0.2644661729,0.000640812802,0.9993591872,1829.455708,1552.934143,0.5733173639,0.4866606528,0.4526602682,0.5206610374
synthetic_20250706,synthetic,2025-07-06,union,1559,0.4869735011,7.526409982,-0.6290194235,0.3956654352,0.001701112368,0.9982988876,1829.851374,1553.932442,0.5734413581,0.4869735011,0.4529731165,0.5209738857
synthetic_20250706,synthetic,2025-07-06,union,1560,0.4872867185,7.525090176,0.7584209184,0.5752022894,0.0005230770854,0.9994769229,1830.426576,1554.931919,0.5736216158,0.4872867185,0.4532863339,0.5212871031
synthetic_20250706,synthetic,2025-07-06,union,1561,0.4875998015,7.524056979,1.233642208,1.521873097,0.0009521552111,0.9990478448,1831.948449,1555.930967,0.5740985425,0.4875998015,0.4535994169,0.5216001861
synthetic_20250706,synthetic,2025-07-06,union,1562,0.487913031,7.520418314,1.706618557,2.9125469,0.0004845512855,0.9995154487,1834.860996,1556.930482,0.5750112805,0.487913031,0.4539126464,0.5219134156
synthetic_20250706,synthetic,2025-07-06,union,1563,0.4882262828,7.520331377,0.7226308114,0.5221952896,0.0004135257473,0.9995864743,1835.383191,1557.930069,0.5751749268,0.4882262828,0.4542258982,0.5222266674
synthetic_20250706,synthetic,2025-07-06,union,1564,0.4885391046,7.517258949,1.257220173,1.580602563,0.001785823073,0.9982141769,1836.963794,1558.928283,0.5756702582,0.4885391046,0.45453872,0.5225394892
synthetic_20250706,synthetic,2025-07-06,union,1565,0.4888523348,7.51546276,-0.07171496668,0.005143036446,0.0004823412684,0.9995176587,1836.968937,1559.9278,0.5756718699,0.4888523348,0.4548519502,0.5228527194
synthetic_20250706,synthetic,2025-07-06,union,1566,0.4891653781,7.511911771,-0.1848787901,0.03418016702,0.001078794364,0.9989212056,1837.003117,1560.926722,0.5756825813,0.4891653781,0.4551649935,0.5231657627
synthetic_20250706,synthetic,2025-07-06,union,1567,0.4894783884,7.510504348,-0.1851019941,0.03426274823,0.001184177865,0.9988158221,1837.03738,1561.925537,0.5756933186,0.4894783884,0.4554780038,0.523478773
synthetic_20250706,synthetic,2025-07-06,union,1568,0.4897916054,7.509507962,0.05356478623,0.002869186324,0.0005247195624,0.9994752804,1837.040249,1562.925013,0.5756942178,0.4897916054,0.4557912208,0.52379199
synthetic_20250706,synthetic,2025-07-06,union,1569,0.490104713,7.506339282,-0.6923428637,0.4793386409,0.0008734037807,0.9991265962,1837.519588,1563.924139,0.5758444336,0.490104713,0.4561043284,0.5241050976
synthetic_20250706,synthetic,2025-07-06,union,1570,0.4904177259,7.50456226,0.02771025964,0.0007678584892,0.001175870477,0.9988241295,1837.520355,1564.922963,0.5758446742,0.4904177259,0.4564173413,0.5244181105
synthetic_20250706,synthetic,2025-07-06,union,1571,0.4907309586,7.50263672,-0.6993421177,0.4890793976,0.0004745579815,0.999525442,1838.009435,1565.922489,0.5759979426,0.4907309586,0.456730574,0.5247313432
synthetic_20250706,synthetic,2025-07-06,union,1572,0.4910441582,7.498901189,-0.4981617543,0.2481651334,0.0005801728264,0.9994198272,1838.2576,1566.921909,0.5760757129,0.4910441582,0.4570437736,0.5250445428
synthetic_20250706,synthetic,2025-07-06,union,1573,0.4913573686,7.495246973,-0.3965978815,0.1572898796,0.000545634904,0.9994543651,1838.41489,1567.921363,0.5761250047,0.4913573686,0.457356984,0.5253577532
synthetic_20250706,synthetic,2025-07-06,union,1574,0.4916702432,7.493505667,1.349976555,1.8224367,0.001616972253,0.9983830277,1840.237327,1568.919746,0.5766961224,0.4916702432,0.4576698586,0.5256706278
synthetic_20250706,synthetic,2025-07-06,union,1575,0.4919834117,7.49257367,-0.6905939824,0.4769200485,0.0006794948328,0.9993205052,1840.714247,1569.919067,0.5768455803,0.4919834117,0.4579830271,0.5259837963
synthetic_20250706,synthetic,2025-07-06,union,1576,0.4922966469,7.491257013,1.007099887,1.014250182,0.0004662737227,0.9995337263,1841.728497,1570.9186,0.5771634274,0.4922966469,0.4582962623,0.5262970315
synthetic_20250706,synthetic,2025-07-06,union,1577,0.4926089366,7.488914794,0.2548348468,0.06494079916,0.003483594708,0.9965164053,1841.793438,1571.915117,0.5771837786,0.4926089366,0.458608552,0.5266093212
synthetic_20250706,synthetic,2025-07-06,union,1578,0.4929222385,7.487734462,0.1187846661,0.0141097969,0.0002536095573,0.9997463904,1841.807547,1572.914863,0.5771882004,0.4929222385,0.4589218539,0.5269226231
synthetic_20250706,synthetic,2025-07-06,union,1579,0.4932353963,7.487358461,2.557202821,6.539286268,0.0007134882687,0.9992865117,1848.346834,1573.91415,0.579237491,0.4932353963,0.4592350117,0.5272357809
synthetic_20250706,synthetic,2025-07-06,union,1580,0.4935482067,7.483901495,1.548481637,2.397795381,0.001822128644,0.9981778714,1850.744629,1574.912327,0.5799889154,0.4935482067,0.4595478221,0.5275485913
synthetic_20250706,synthetic,2025-07-06,union,1581,0.4938611048,7.483330279,0.3156882954,0.09965909988,0.00154205227,0.9984579477,1850.844288,1575.910785,0.5800201467,0.4938611048,0.4598607202,0.5278614894
synthetic_20250706,synthetic,2025-07-06,union,1582,0.4941739814,7.481579765,-1.069825175,1.144525905,0.001610629987,0.99838937,1851.988814,1576.909175,0.5803788198,0.4941739814,0.4601735968,0.528174366
synthetic_20250706,synthetic,2025-07-06,union,1583,0.4944864581,7.47842492,1.135688908,1.289789296,0.002887036139,0.9971129639,1853.278603,1577.906288,0.5807830158,0.4944864581,0.4604860735,0.5284868427
synthetic_20250706,synthetic,2025-07-06,union,1584,0.4947996775,7.47630736,-1.943997753,3.779127263,0.0005169951658,0.9994830048,1857.057731,1578.905771,0.5819673239,0.4947996775,0.4607992929,0.5288000621
synthetic_20250706,synthetic,2025-07-06,union,1585,0.4951128174,7.47514006,-0.868986714,0.7551379092,0.000770384284,0.9992296157,1857.812869,1579.905,0.5822039701,0.4951128174,0.4611124328,0.529113202
synthetic_20250706,synthetic,2025-07-06,union,1586,0.4954254297,7.472238,0.7234450511,0.523372742,0.002454124773,0.9975458752,1858.336241,1580.902546,0.5823679854,0.4954254297,0.4614250451,0.5294258143
synthetic_20250706,synthetic,2025-07-06,union,1587,0.4957386846,7.471751785,-0.5810816449,0.3376558781,0.0004036755273,0.9995963245,1858.673897,1581.902143,0.5824738004,0.4957386846,0.4617383,0.5297390692
synthetic_20250706,synthetic,2025-07-06,union,1588,0.4960519174,7.469591566,-1.79389033,3.218042517,0.0004740894098,0.9995259106,1861.89194,1582.901668,0.583482275,0.4960519174,0.4620515328,0.530052302
synthetic_20250706,synthetic,2025-07-06,union,1589,0.4963652587,7.465832458,0.3713919576,0.1379319862,0.0001280408613,0.9998719591,1862.029872,1583.90154,0.5835255004,0.4963652587,0.4623648741,0.5303656433
synthetic_20250706,synthetic,2025-07-06,union,1590,0.496678368,7.461989874,-1.959646241,3.840213389,0.0008683223931,0.9991316776,1865.870085,1584.900672,0.5847289518,0.496678368,0.4626779834,0.5306787526
synthetic_20250706,synthetic,2025-07-06,union,1591,0.4969913399,7.458994897,2.46278998,6.065334484,0.001306496349,0.9986935037,1871.93542,1585.899366,0.5866297147,0.4969913399,0.4629909553,0.5309917245
synthetic_20250706,synthetic,2025-07-06,union,1592,0.4973044591,7.457687833,0.3531366006,0.1247054587,0.0008367949303,0.9991632051,1872.060125,1586.898529,0.586668795,0.4973044591,0.4633040745,0.5313048437
synthetic_20250706,synthetic,2025-07-06,union,1593,0.4976175056,7.455083831,-0.7839916756,0.6146429474,0.001068425472,0.9989315745,1872.674768,1587.89746,0.5868614127,0.4976175056,0.463617121,0.5316178902
synthetic_20250706,synthetic,2025-07-06,union,1594,0.4979307018,7.453427842,0.9714766619,0.9437669045,0.0005911131396,0.9994088869,1873.618535,1588.896869,0.5871571717,0.4979307018,0.4639303172,0.5319310864
synthetic_20250706,synthetic,2025-07-06,union,1595,0.4982440022,7.452642549,-0.1918259595,0.03679719873,0.0002583038893,0.9997416961,1873.655332,1589.896611,0.5871687032,0.4982440022,0.4642436176,0.5322443868
synthetic_20250706,synthetic,2025-07-06,union,1596,0.4985572984,7.451443886,0.9978610965,0.9957267679,0.0002717174562,0.9997282825,1874.651059,1590.896339,0.5874807455,0.4985572984,0.4645569138,0.532557683
synthetic_20250706,synthetic,2025-07-06,union,1597,0.4988705158,7.44947641,1.621685232,2.629862991,0.0005232477587,0.9994767522,1877.280922,1591.895816,0.5883048956,0.4988705158,0.4648701312,0.5328709004
synthetic_20250706,synthetic,2025-07-06,union,1598,0.4991838152,7.446683282,-1.005418072,1.0108655,0.0002616480689,0.9997383519,1878.291787,1592.895554,0.588621682,0.4991838152,0.4651834306,0.5331841998
synthetic_20250706,synthetic,2025-07-06,union,1599,0.4994970116,7.445525479,1.712757813,2.933539325,0.0005904313422,0.9994095687,1881.225327,1593.894964,0.5895409986,0.4994970116,0.465496627,0.5334973962
synthetic_20250706,synthetic,2025-07-06,union,1600,0.499810096,7.443206831,0.4701100481,0.2210034574,0.0009477206715,0.9990522793,1881.44633,1594.894016,0.589610257,0.499810096,0.4658097114,0.5338104806
synthetic_20250706,synthetic,2025-07-06,union,1601,0.5001229866,7.441308236,0.9945268052,0.9890835662,0.001566072563,0.9984339274,1882.435414,1595.89245,0.5899202174,0.5001229866,0.466122602,0.5341233712
synthetic_20250706,synthetic,2025-07-06,union,1602,0.5004361372,7.438511184,0.5047578074,0.2547804441,0.0007363037357,0.9992636963,1882.690194,1596.891714,0.5900000608,0.5004361372,0.4664357526,0.5344365218
synthetic_20250706,synthetic,2025-07-06,union,1603,0.5007493975,7.438026829,-2.3031137,5.304332715,0.0003863643749,0.9996136356,1887.994527,1597.891327,0.59166234,0.5007493975,0.4667490129,0.5347497821
synthetic_20250706,synthetic,2025-07-06,union,1604,0.5010625646,7.436207302,-0.6300185534,0.3969233776,0.0006838463276,0.9993161537,1888.39145,1598.890644,0.5917867284,0.5010625646,0.46706218,0.5350629492
synthetic_20250706,synthetic,2025-07-06,union,1605,0.5013758122,7.435203961,-1.116814369,1.247274335,0.0004269328102,0.9995730672,1889.638725,1599.890217,0.5921776009,0.5013758122,0.4673754276,0.5353761968
synthetic_20250706,synthetic,2025-07-06,union,1606,0.5016880322,7.431955948,0.6973057078,0.4862352501,0.003705887043,0.996294113,1890.12496,1600.886511,0.592329978,0.5016880322,0.4676876476,0.5356884168
synthetic_20250706,synthetic,2025-07-06,union,1607,0.5020012745,7.430985599,0.4479086785,0.2006221842,0.0004440156803,0.9995559843,1890.325582,1601.886067,0.5923928492,0.5020012745,0.4680008899,0.5360016591
synthetic_20250706,synthetic,2025-07-06,union,1608,0.5023143937,7.429241999,0.4234684574,0.1793255344,0.0008366699507,0.99916333,1890.504907,1602.88523,0.5924490465,0.5023143937,0.4683140091,0.5363147783
synthetic_20250706,synthetic,2025-07-06,union,1609,0.5026275417,7.426410522,-0.1787144831,0.03193886646,0.0007446442831,0.9992553557,1890.536846,1603.884485,0.5924590556,0.5026275417,0.4686271571,0.5366279263
synthetic_20250706,synthetic,2025-07-06,union,1610,0.5029407203,7.423906321,-0.6408567354,0.4106973553,0.0006471067817,0.9993528932,1890.947544,1604.883838,0.5925877605,0.5029407203,0.4689403357,0.5369411049
synthetic_20250706,synthetic,2025-07-06,union,1611,0.5032538132,7.422623152,0.7023399708,0.4932814345,0.0009204334448,0.9990795666,1891.440825,1605.882918,0.5927423457,0.5032538132,0.4692534286,0.5372541978
synthetic_20250706,synthetic,2025-07-06,union,1612,0.5035668592,7.421690014,-0.3793151766,0.1438800032,0.001070310196,0.9989296898,1891.584705,1606.881848,0.592787435,0.5035668592,0.4695664746,0.5375672438
synthetic_20250706,synthetic,2025-07-06,union,1613,0.5038799686,7.41918793,1.143470479,1.307524737,0.0008678512387,0.9991321488,1892.89223,1607.88098,0.5931971889,0.5038799686,0.469879584,0.5378803532
synthetic_20250706,synthetic,2025-07-06,union,1614,0.504192868,7.417497826,-0.9726841723,0.9461144991,0.001538159263,0.9984618407,1893.838344,1608.879442,0.5934936836,0.504192868,0.4701924834,0.5381932526
synthetic_20250706,synthetic,2025-07-06,union,1615,0.5045060171,7.412966725,0.008116172597,6.587225762e-05,0.0007410748584,0.9992589251,1893.83841,1609.878701,0.5934937042,0.5045060171,0.4705056325,0.5385064017
synthetic_20250706,synthetic,2025-07-06,union,1616,0.5048192609,7.411247643,-0.3742150307,0.1400368892,0.000439127561,0.9995608724,1893.978447,1610.878261,0.5935375892,0.5048192609,0.4708188763,0.5388196455
synthetic_20250706,synthetic,2025-07-06,union,1617,0.5051320835,7.410476898,-0.3695365096,0.1365572319,0.001783024091,0.9982169759,1894.115004,1611.876478,0.5935803837,0.5051320835,0.4711316989,0.5391324681
synthetic_20250706,synthetic,2025-07-06,union,1618,0.5054453893,7.409455387,-2.010296395,4.041291596,0.0002411832098,0.9997588168,1898.156296,1612.876237,0.5948468493,0.5054453893,0.4714450047,0.5394457739
synthetic_20250706,synthetic,2025-07-06,union,1619,0.5057584714,7.40845774,-0.6015465387,0.3618582382,0.0009550712581,0.9990449287,1898.518154,1613.875282,0.5949602489,0.5057584714,0.4717580868,0.539758856
synthetic_20250706,synthetic,2025-07-06,union,1620,0.5060715262,7.406800026,0.09889533016,0.009780286328,0.001042080605,0.9989579194,1898.527934,1614.87424,0.5949633139,0.5060715262,0.4720711416,0.5400719108
synthetic_20250706,synthetic,2025-07-06,union,1621,0.506384562,7.404073272,-1.994393107,3.977603865,0.001102696673,0.9988973033,1902.505538,1615.873137,0.5962098209,0.506384562,0.4723841774,0.5403849466
synthetic_20250706,synthetic,2025-07-06,union,1622,0.5066977241,7.401826007,-0.8832738231,0.7801726466,0.0006996780206,0.999300322,1903.285711,1616.872438,0.5964543124,0.5066977241,0.4726973395,0.5406981087
synthetic_20250706,synthetic,2025-07-06,union,1623,0.5070108591,7.399117975,0.6379860969,0.4070262598,0.0007862853178,0.9992137147,1903.692737,1617.871651,0.5965818669,0.5070108591,0.4730104745,0.5410112437
synthetic_20250706,synthetic,2025-07-06,union,1624,0.507323867,7.395284019,-0.4305735985,0.1853936237,0.001191825043,0.998808175,1903.878131,1618.87046,0.5966399658,0.507323867,0.4733234824,0.5413242516
synthetic_20250706,synthetic,2025-07-06,union,1625,0.5076367261,7.393556861,1.240181822,1.538050951,0.001666468805,0.9983335312,1905.416182,1619.868793,0.5971219623,0.5076367261,0.4736363415,0.5416371107
synthetic_20250706,synthetic,2025-07-06,union,1626,0.5079499858,7.388306704,-0.4999746716,0.2499746722,0.0003885163463,0.9996114837,1905.666157,1620.868405,0.5972002998,0.5079499858,0.4739496012,0.5419503704
synthetic_20250706,synthetic,2025-07-06,union,1627,0.5082630101,7.388048687,0.6176428282,0.3814826632,0.001139300804,0.9988606992,1906.047639,1621.867265,0.5973198493,0.5082630101,0.4742626255,0.5422633947
synthetic_20250706,synthetic,2025-07-06,union,1628,0.5085761928,7.385520559,-0.1504897706,0.02264717107,0.0006341197488,0.9993658803,1906.070286,1622.866631,0.5973269465,0.5085761928,0.4745758082,0.5425765774
synthetic_20250706,synthetic,2025-07-06,union,1629,0.5088890472,7.383263779,-1.445853449,2.090492195,0.001681636551,0.9983183634,1908.160779,1623.86495,0.5979820679,0.5088890472,0.4748886626,0.5428894318
synthetic_20250706,synthetic,2025-07-06,union,1630,0.5092019232,7.377449963,-0.5172775222,0.267576035,0.001612471342,0.9983875287,1908.428355,1624.863337,0.5980659212,0.5092019232,0.4752015386,0.5432023078
synthetic_20250706,synthetic,2025-07-06,union,1631,0.5095150484,7.374027715,1.084825947,1.176847336,0.0008176559712,0.999182344,1909.605202,1625.862519,0.5984347233,0.5095150484,0.4755146638,0.543515433
synthetic_20250706,synthetic,2025-07-06,union,1632,0.5098282259,7.3739672,-1.385694209,1.920148441,0.0006506081492,0.9993493919,1911.52535,1626.861869,0.599036462,0.5098282259,0.4758278413,0.5438286105
synthetic_20250706,synthetic,2025-07-06,union,1633,0.5101413608,7.370329993,-1.032173492,1.065382117,0.0007866437133,0.9992133563,1912.590732,1627.861082,0.599370333,0.5101413608,0.4761409762,0.5441417454
synthetic_20250706,synthetic,2025-07-06,union,1634,0.5104546138,7.36910807,-1.40086109,1.962411794,0.0004095103475,0.9995904897,1914.553144,1628.860673,0.5999853163,0.5104546138,0.4764542292,0.5444549984
synthetic_20250706,synthetic,2025-07-06,union,1635,0.5107675452,7.365494285,0.3570790864,0.1275054739,0.001435972691,0.9985640273,1914.68065,1629.859237,0.6000252741,0.5107675452,0.4767671606,0.5447679298
synthetic_20250706,synthetic,2025-07-06,union,1636,0.5110807394,7.363510387,1.840663668,3.388042738,0.0005972752924,0.9994027247,1918.068692,1630.858639,0.6010870237,0.5110807394,0.4770803548,0.545081124
synthetic_20250706,synthetic,2025-07-06,union,1637,0.5113939482,7.362572238,1.194826142,1.427609511,0.0005507630665,0.9994492369,1919.496302,1631.858089,0.6015344099,0.5113939482,0.4773935636,0.5453943328
synthetic_20250706,synthetic,2025-07-06,union,1638,0.5117072698,7.361112909,-0.6292672643,0.3959772899,0.0001907766002,0.9998092234,1919.892279,1632.857898,0.6016585018,0.5117072698,0.4777068852,0.5457076544
synthetic_20250706,synthetic,2025-07-06,union,1639,0.5120205731,7.359054685,-0.7454052177,0.5556289386,0.0002490911998,0.9997509088,1920.447908,1633.857649,0.6018326256,0.5120205731,0.4780201885,0.5460209577
synthetic_20250706,synthetic,2025-07-06,union,1640,0.512333924,7.356040462,0.1752636323,0.03071734081,9.727557045e-05,0.9999027244,1920.478626,1634.857552,0.6018422518,0.512333924,0.4783335394,0.5463343086
synthetic_20250706,synthetic,2025-07-06,union,1641,0.5126470011,7.354962764,-0.4157762135,0.1728698597,0.0009710213739,0.9990289786,1920.651495,1635.85658,0.601896426,0.5126470011,0.4786466165,0.5466473857
synthetic_20250706,synthetic,2025-07-06,union,1642,0.5129600974,7.353261526,-0.6214719297,0.3862273593,0.0009095211244,0.9990904789,1921.037723,1636.855671,0.6020174625,0.5129600974,0.4789597128,0.5469604821
synthetic_20250706,synthetic,2025-07-06,union,1643,0.5132732497,7.350941125,-1.087269189,1.182154289,0.0007312293758,0.9992687706,1922.219877,1637.85494,0.6023879276,0.5132732497,0.4792728651,0.5472736343
synthetic_20250706,synthetic,2025-07-06,union,1644,0.5135863822,7.349408659,0.8353859909,0.6978697538,0.0007939819968,0.999206018,1922.917747,1638.854146,0.602606627,0.5135863822,0.4795859976,0.5475867668
synthetic_20250706,synthetic,2025-07-06,union,1645,0.5138994065,7.347791077,1.216179418,1.479092376,0.001139520765,0.9988604792,1924.396839,1639.853006,0.603070147,0.5138994065,0.4798990219,0.5478997911
synthetic_20250706,synthetic,2025-07-06,union,1646,0.5142123159,7.345725569,-0.1015262411,0.01030757763,0.001506280749,0.9984937193,1924.407147,1640.8515,0.6030733772,0.5142123159,0.4802119313,0.5482127005
synthetic_20250706,synthetic,2025-07-06,union,1647,0.5145254825,7.344360139,-0.909137857,0.8265316431,0.0006853201272,0.9993146799,1925.233678,1641.850815,0.6033323969,0.5145254825,0.4805250979,0.5485258671
synthetic_20250706,synthetic,2025-07-06,union,1648,0.514838584,7.342608318,0.4389400807,0.1926683945,0.0008930536959,0.9991069463,1925.426347,1642.849922,0.6033927756,0.514838584,0.4808381994,0.5488389686
synthetic_20250706,synthetic,2025-07-06,union,1649,0.5151512808,7.339841111,0.08798391731,0.007741169705,0.002184498274,0.9978155017,1925.434088,1643.847737,0.6033952015,0.5151512808,0.4811508962,0.5491516654
synthetic_20250706,synthetic,2025-07-06,union,1650,0.5154643911,7.338880044,-0.1796253047,0.0322652501,0.0008651567857,0.9991348432,1925.466353,1644.846872,0.6034053128,0.5154643911,0.4814640065,0.5494647757
synthetic_20250706,synthetic,2025-07-06,union,1651,0.51577751,7.33770455,0.5000762972,0.250076303,0.0008374759333,0.9991625241,1925.71643,1645.846034,0.6034836821,0.51577751,0.4817771254,0.5497778946
synthetic_20250706,synthetic,2025-07-06,union,1652,0.5160906523,7.336227239,1.919536137,3.684618981,0.0007631135028,0.9992368865,1929.401049,1646.845271,0.6046383731,0.5160906523,0.4820902677,0.5500910369
synthetic_20250706,synthetic,2025-07-06,union,1653,0.5164035993,7.334507667,-0.05155904891,0.002658335525,0.001386123057,0.9986138769,1929.403707,1647.843885,0.6046392062,0.5164035993,0.4824032147,0.5504039839
synthetic_20250706,synthetic,2025-07-06,union,1654,0.5167168123,7.332343535,-0.3339846238,0.1115457289,0.0005371402541,0.9994628597,1929.515253,1648.843348,0.6046741625,0.5167168123,0.4827164277,0.5507171969
synthetic_20250706,synthetic,2025-07-06,union,1655,0.5170300171,7.330070817,-0.6114441517,0.3738639506,0.0005636434217,0.9994363566,1929.889117,1649.842784,0.6047913245,0.5170300171,0.4830296325,0.5510304017
synthetic_20250706,synthetic,2025-07-06,union,1656,0.517343191,7.325983058,0.5977777987,0.3573382967,0.0006620617116,0.9993379383,1930.246455,1650.842122,0.6049033077,0.517343191,0.4833428064,0.5513435756
synthetic_20250706,synthetic,2025-07-06,union,1657,0.5176562135,7.324454778,-0.1143743664,0.01308149569,0.001144957924,0.9988550421,1930.259536,1651.840977,0.6049074072,0.5176562135,0.4836558289,0.5516565981
synthetic_20250706,synthetic,2025-07-06,union,1658,0.5179693774,7.32367767,-0.1403682429,0.01970324362,0.0006942441311,0.9993057559,1930.27924,1652.840283,0.6049135818,0.5179693774,0.4839689928,0.551969762
synthetic_20250706,synthetic,2025-07-06,union,1659,0.5182826311,7.322991544,-0.510773208,0.26088927,0.0004073543019,0.9995926457,1930.540129,1653.839876,0.6049953397,0.5182826311,0.4842822465,0.5522830157
synthetic_20250706,synthetic,2025-07-06,union,1660,0.5185958374,7.321619236,0.1234540912,0.01524091264,0.0005588017365,0.9994411983,1930.55537,1654.839317,0.6050001159,0.5185958374,0.4845954528,0.552596222
synthetic_20250706,synthetic,2025-07-06,union,1661,0.5189086401,7.319308721,-1.488108091,2.21446569,0.001846574325,0.9981534257,1932.769835,1655.83747,0.6056940882,0.5189086401,0.4849082555,0.5529090247
synthetic_20250706,synthetic,2025-07-06,union,1662,0.5192218033,7.315380238,0.5637723507,0.3178392634,0.0006961146567,0.9993038853,1933.087675,1656.836774,0.6057936931,0.5192218033,0.4852214187,0.5532221879
synthetic_20250706,synthetic,2025-07-06,union,1663,0.5195350351,7.314542196,1.582591392,2.504595514,0.0004774309801,0.999522569,1935.59227,1657.836297,0.6065785867,0.5195350351,0.4855346505,0.5535354197
synthetic_20250706,synthetic,2025-07-06,union,1664,0.5198482984,7.31180072,-0.48754198,0.2376971823,0.0003767812042,0.9996232188,1935.829967,1658.83592,0.6066530766,0.5198482984,0.4858479138,0.553848683
synthetic_20250706,synthetic,2025-07-06,union,1665,0.5201615391,7.311471605,-0.128694993,0.01656240123,0.0004488797969,0.9995511202,1935.84653,1659.835471,0.6066582669,0.5201615391,0.4861611545,0.5541619237
synthetic_20250706,synthetic,2025-07-06,union,1666,0.520474673,7.307831648,-1.311140197,1.719088615,0.0007896953729,0.9992103046,1937.565618,1660.834682,0.6071969973,0.520474673,0.4864742884,0.5544750576
synthetic_20250706,synthetic,2025-07-06,union,1667,0.5207878092,7.305477855,-1.906081913,3.63314826,0.0007822175725,0.9992177824,1941.198767,1661.833899,0.6083355583,0.5207878092,0.4867874246,0.5547881938
synthetic_20250706,synthetic,2025-07-06,union,1668,0.5211010104,7.303987118,1.650011753,2.722538784,0.0005752597245,0.9994247403,1943.921305,1662.833324,0.6091887513,0.5211010104,0.4871006258,0.555101395
synthetic_20250706,synthetic,2025-07-06,union,1669,0.5214142459,7.303570475,-0.01516058481,0.0002298433317,0.0004653710817,0.9995346289,1943.921535,1663.832859,0.6091888233,0.5214142459,0.4874138613,0.5554146305
synthetic_20250706,synthetic,2025-07-06,union,1670,0.5217273115,7.297675522,-1.467124412,2.152454041,0.001007612843,0.9989923872,1946.073989,1664.831851,0.6098633624,0.5217273115,0.4877269269,0.5557276961
synthetic_20250706,synthetic,2025-07-06,union,1671,0.5220405344,7.294939795,-0.2242171204,0.05027331709,0.0005056846398,0.9994943154,1946.124263,1665.831345,0.6098791171,0.5220405344,0.4880401498,0.556040919
synthetic_20250706,synthetic,2025-07-06,union,1672,0.5223535669,7.292643251,0.09860387544,0.009722724251,0.001113522023,0.998886478,1946.133985,1666.830232,0.609882164,0.5223535669,0.4883531823,0.5563539515
synthetic_20250706,synthetic,2025-07-06,union,1673,0.52266682,7.290926988,0.1154762578,0.01333476611,0.0004093176102,0.9995906824,1946.14732,1667.829823,0.6098863429,0.52266682,0.4886664354,0.5566672046
synthetic_20250706,synthetic,2025-07-06,union,1674,0.5229800049,7.288311612,-0.4578297005,0.2096080346,0.000626904149,0.9993730959,1946.356928,1668.829196,0.6099520301,0.5229800049,0.4889796203,0.5569803895
synthetic_20250706,synthetic,2025-07-06,union,1675,0.5232932545,7.287890348,-0.2452598646,0.06015240119,0.0004205290943,0.9995794709,1946.417081,1669.828775,0.6099708808,0.5232932545,0.4892928699,0.5572936391
synthetic_20250706,synthetic,2025-07-06,union,1676,0.5236061491,7.286203637,-0.7826723659,0.6125760324,0.001553479137,0.9984465209,1947.029657,1670.827222,0.6101628507,0.5236061491,0.4896057645,0.5576065337
synthetic_20250706,synthetic,2025-07-06,union,1677,0.5239186388,7.282621689,0.5368382697,0.2881953279,0.002845119129,0.9971548809,1947.317852,1671.824377,0.6102531658,0.5239186388,0.4899182542,0.5579190234
synthetic_20250706,synthetic,2025-07-06,union,1678,0.5242312787,7.280536356,2.522268205,6.361836896,0.002366078023,0.997633922,1953.679689,1672.82201,0.612246847,0.5242312787,0.4902308941,0.5582316633
synthetic_20250706,synthetic,2025-07-06,union,1679,0.5245443078,7.279123064,0.03405178099,0.001159523789,0.001124342019,0.998875658,1953.680848,1673.820886,0.6122472104,0.5245443078,0.4905439232,0.5585446924
synthetic_20250706,synthetic,2025-07-06,union,1680,0.524857162,7.277060202,-0.2039769044,0.04160657754,0.001682078592,0.9983179214,1953.722455,1674.819204,0.6122602491,0.524857162,0.4908567774,0.5588575466
synthetic_20250706,synthetic,2025-07-06,union,1681,0.5251703764,7.275791464,-1.289242173,1.66214538,0.0005329988373,0.9994670012,1955.3846,1675.818671,0.6127811345,0.5251703764,0.4911699918,0.559170761
synthetic_20250706,synthetic,2025-07-06,union,1682,0.5254835911,7.273132065,-1.846261809,3.408682669,0.0005319531336,0.9994680469,1958.793283,1676.818139,0.6138493522,0.5254835911,0.4914832065,0.5594839757
synthetic_20250706,synthetic,2025-07-06,union,1683,0.5257968567,7.272076672,0.1571242791,0.02468803907,0.00036927119,0.9996307288,1958.817971,1677.81777,0.613857089,0.5257968567,0.4917964721,0.5597972413
synthetic_20250706,synthetic,2025-07-06,union,1684,0.5261100269,7.27074662,-0.5830040494,0.3398937217,0.0006741066051,0.9993258934,1959.157865,1678.817096,0.6139636054,0.5261100269,0.4921096423,0.5601104115
synthetic_20250706,synthetic,2025-07-06,union,1685,0.5264230766,7.268588217,0.6029663681,0.3635684411,0.001058218647,0.9989417814,1959.521433,1679.816037,0.614077541,0.5264230766,0.492422692,0.5604234612
synthetic_20250706,synthetic,2025-07-06,union,1686,0.5267361509,7.266741665,-1.813976059,3.290509144,0.0009800319718,0.999019968,1962.811942,1680.815057,0.6151087253,0.5267361509,0.4927357663,0.5607365355
synthetic_20250706,synthetic,2025-07-06,union,1687,0.5270488419,7.266414995,-0.5473220812,0.2995614606,0.002202960312,0.9977970397,1963.111504,1681.812854,0.6152026023,0.5270488419,0.4930484573,0.5610492265
synthetic_20250706,synthetic,2025-07-06,union,1688,0.5273620767,7.263537494,-0.400316766,0.1602535131,0.0004677334287,0.9995322666,1963.271757,1682.812387,0.6152528227,0.5273620767,0.4933616921,0.5613624613
synthetic_20250706,synthetic,2025-07-06,union,1689,0.5276752017,7.262890991,0.5936877051,0.3524650912,0.000818163514,0.9991818365,1963.624222,1683.811569,0.6153632787,0.5276752017,0.4936748171,0.5616755863
synthetic_20250706,synthetic,2025-07-06,union,1690,0.5279884501,7.262220008,-0.143289725,0.0205319453,0.0004242662768,0.9995757337,1963.644754,1684.811144,0.6153697131,0.5279884501,0.4939880655,0.5619888347
synthetic_20250706,synthetic,2025-07-06,union,1691,0.528300832,7.259048347,-0.07076490962,0.005007672433,0.003189339241,0.9968106608,1963.649762,1685.807955,0.6153712824,0.528300832,0.4943004474,0.5623012166
synthetic_20250706,synthetic,2025-07-06,union,1692,0.5286140246,7.258219114,0.6027199838,0.3632713788,0.0006023470125,0.999397653,1964.013033,1686.807353,0.6154851249,0.5286140246,0.49461364,0.5626144092
synthetic_20250706,synthetic,2025-07-06,union,1693,0.528927197,7.256466336,-1.132727418,1.283071404,0.0006670873304,0.9993329127,1965.296105,1687.806686,0.6158872155,0.528927197,0.4949268124,0.5629275816
synthetic_20250706,synthetic,2025-07-06,union,1694,0.5292404143,7.254073739,-0.5330311309,0.2841221866,0.0005234911631,0.9994765088,1965.580227,1688.806162,0.6159762541,0.5292404143,0.4952400297,0.5632407989
synthetic_20250706,synthetic,2025-07-06,union,1695,0.5295530839,7.253608784,-0.1729617242,0.02991575803,0.002271174817,0.9977288252,1965.610143,1689.803891,0.6159856292,0.5295530839,0.4955526993,0.5635534685
synthetic_20250706,synthetic,2025-07-06,union,1696,0.529866395,7.250647312,0.2609906554,0.06811612221,0.0002242952637,0.9997757047,1965.678259,1690.803667,0.6160069755,0.529866395,0.4958660104,0.5638667796
synthetic_20250706,synthetic,2025-07-06,union,1697,0.5301796119,7.247700555,-0.01628859987,0.0002653184858,0.0005249767853,0.9994750232,1965.678524,1691.803142,0.6160070587,0.5301796119,0.4961792273,0.5641799965
synthetic_20250706,synthetic,2025-07-06,union,1698,0.5304928176,7.244835197,-0.08707332896,0.007581764616,0.0005607482597,0.9994392517,1965.686106,1692.802581,0.6160094346,0.5304928176,0.496492433,0.5644932022
synthetic_20250706,synthetic,2025-07-06,union,1699,0.5308060871,7.242827774,0.2290789782,0.05247717826,0.000356866498,0.9996431335,1965.738583,1693.802224,0.61602588,0.5308060871,0.4968057025,0.5648064717
synthetic_20250706,synthetic,2025-07-06,union,1700,0.531119207,7.240349055,0.3005806854,0.09034874842,0.0008345631948,0.9991654368,1965.828932,1694.801389,0.6160541936,0.531119207,0.4971188224,0.5651195916
synthetic_20250706,synthetic,2025-07-06,union,1701,0.5314321771,7.239378008,0.3309297005,0.1095144666,0.001312378021,0.998687622,1965.938446,1695.800077,0.6160885134,0.5314321771,0.4974317925,0.5654325617
synthetic_20250706,synthetic,2025-07-06,union,1702,0.5317452355,7.239217098,1.201273424,1.443057838,0.001030568184,0.9989694318,1967.381504,1696.799046,0.6165407409,0.5317452355,0.4977448509,0.5657456201
synthetic_20250706,synthetic,2025-07-06,union,1703,0.5320579322,7.237875644,0.4949952235,0.2450202713,0.002184922708,0.9978150773,1967.626524,1697.796862,0.6166175257,0.5320579322,0.4980575476,0.5660583168
synthetic_20250706,synthetic,2025-07-06,union,1704,0.5323710397,7.236581709,-0.8549431942,0.7309278654,0.000873840317,0.9991261597,1968.357452,1698.795988,0.6168465849,0.5323710397,0.4983706551,0.5663714243
synthetic_20250706,synthetic,2025-07-06,union,1705,0.532684093,7.23498836,1.573132333,2.474745336,0.001047023404,0.9989529766,1970.832198,1699.794941,0.617622124,0.532684093,0.4986837084,0.5666844776
synthetic_20250706,synthetic,2025-07-06,union,1706,0.532997332,7.234427615,-0.4121109486,0.169835434,0.000454385879,0.9995456141,1971.002033,1700.794486,0.6176753473,0.532997332,0.4989969474,0.5669977166
synthetic_20250706,synthetic,2025-07-06,union,1707,0.5333105765,7.232338325,-0.1909433958,0.0364593804,0.0004365450657,0.9995634549,1971.038492,1701.79405,0.6176867729,0.5333105765,0.4993101919,0.5673109611
synthetic_20250706,synthetic,2025-07-06,union,1708,0.5336231475,7.231111986,-0.09032907559,0.008159341897,0.002586124964,0.997413875,1971.046652,1702.791464,0.6176893299,0.5336231475,0.4996227629,0.5676235321
synthetic_20250706,synthetic,2025-07-06,union,1709,0.533936248,7.228807079,0.2424988826,0.05880570805,0.0008962731982,0.9991037268,1971.105458,1703.790567,0.6177077585,0.533936248,0.4999358634,0.5679366326
synthetic_20250706,synthetic,2025-07-06,union,1710,0.5342494949,7.228099453,0.4653355556,0.2165371793,0.0004292123838,0.9995707876,1971.321995,1704.790138,0.6177756173,0.5342494949,0.5002491103,0.5682498795
synthetic_20250706,synthetic,2025-07-06,union,1711,0.5345626644,7.226498221,0.358929864,0.1288306473,0.0006761538299,0.9993238462,1971.450825,1705.789462,0.6178159904,0.5345626644,0.5005622798,0.568563049
synthetic_20250706,synthetic,2025-07-06,union,1712,0.534875719,7.225851114,0.1721521623,0.029636367,0.001042586264,0.9989574137,1971.480462,1706.788419,0.6178252779,0.534875719,0.5008753344,0.5688761036
synthetic_20250706,synthetic,2025-07-06,union,1713,0.5351890185,7.225275925,0.3587695216,0.1287155696,0.0002612321862,0.9997387678,1971.609177,1707.788158,0.6178656149,0.5351890185,0.5011886339,0.5691894031
synthetic_20250706,synthetic,2025-07-06,union,1714,0.5355020792,7.218954418,-1.183339482,1.400292329,0.001023566616,0.9989764334,1973.00947,1708.787135,0.6183044405,0.5355020792,0.5015016946,0.5695024638
synthetic_20250706,synthetic,2025-07-06,union,1715,0.5358154008,7.217511437,-0.6116633041,0.3741319976,0.0001906739693,0.999809326,1973.383602,1709.786944,0.6184216865,0.5358154008,0.5018150162,0.5698157854
synthetic_20250706,synthetic,2025-07-06,union,1716,0.5361285301,7.212553912,-0.316705495,0.1003023706,0.0008043015276,0.9991956985,1973.483904,1710.78614,0.6184531194,0.5361285301,0.5021281455,0.5701289147
synthetic_20250706,synthetic,2025-07-06,union,1717,0.5364413678,7.211406353,0.1077361505,0.01160707813,0.001734956302,0.9982650437,1973.495511,1711.784405,0.6184567568,0.5364413678,0.5024409832,0.5704417524
synthetic_20250706,synthetic,2025-07-06,union,1718,0.5367543301,7.209757674,-0.02247335734,0.00050505179,0.001337463554,0.9986625364,1973.496016,1712.783067,0.6184569151,0.5367543301,0.5027539455,0.5707547147
synthetic_20250706,synthetic,2025-07-06,union,1719,0.5370673903,7.208339503,-1.092476071,1.193503966,0.001024611621,0.9989753884,1974.68952,1713.782043,0.618830937,0.5370673903,0.5030670057,0.5710677749
synthetic_20250706,synthetic,2025-07-06,union,1720,0.5373807138,7.206881844,-0.1474430099,0.02173944117,0.0001847515616,0.9998152484,1974.71126,1714.781858,0.6188377498,0.5373807138,0.5033803292,0.5713810984
synthetic_20250706,synthetic,2025-07-06,union,1721,0.5376937849,7.204489119,0.8526614151,0.7270314888,0.0009900889221,0.9990099111,1975.438291,1715.780868,0.6190655879,0.5376937849,0.5036934003,0.5716941695
synthetic_20250706,synthetic,2025-07-06,union,1722,0.5380069695,7.203454259,0.5154024512,0.2656396867,0.0006280076876,0.9993719923,1975.703931,1716.78024,0.6191488344,0.5380069695,0.5040065849,0.5720073541
synthetic_20250706,synthetic,2025-07-06,union,1723,0.5383199946,7.203296899,0.4460507944,0.1989613112,0.001136951944,0.9988630481,1975.902892,1717.779103,0.6192111852,0.5383199946,0.50431961,0.5723203792
synthetic_20250706,synthetic,2025-07-06,union,1724,0.5386333071,7.202412966,-1.001369426,1.002740727,0.0002196861546,0.9997803138,1976.905633,1718.778883,0.6195254255,0.5386333071,0.5046329225,0.5726336917
synthetic_20250706,synthetic,2025-07-06,union,1725,0.5389457823,7.198580418,0.06437619124,0.004144293998,0.002891932089,0.9971080679,1976.909777,1719.775991,0.6195267242,0.5389457823,0.5049453977,0.5729461669
synthetic_20250706,synthetic,2025-07-06,union,1726,0.5392586364,7.19671633,1.764834404,3.114640474,0.001682367708,0.9983176323,1980.024418,1720.774309,0.6205027946,0.5392586364,0.5052582518,0.573259021
synthetic_20250706,synthetic,2025-07-06,union,1727,0.5395715732,7.195310458,0.7641979921,0.5839985711,0.001418651928,0.9985813481,1980.608416,1721.77289,0.6206858089,0.5395715732,0.5055711886,0.5735719578
synthetic_20250706,synthetic,2025-07-06,union,1728,0.5398840147,7.194951975,1.538596998,2.367280723,0.002999217738,0.9970007823,1982.975697,1722.769891,0.6214276706,0.5398840147,0.5058836301,0.5738843993
synthetic_20250706,synthetic,2025-07-06,union,1729,0.5401973189,7.192351323,1.293007059,1.671867256,0.0002464022439,0.9997535978,1984.647564,1723.769645,0.6219516026,0.5401973189,0.5061969343,0.5741977035
synthetic_20250706,synthetic,2025-07-06,union,1730,0.5405106137,7.190180829,-1.819774426,3.31157896,0.0002761315285,0.9997238685,1987.959143,1724.769368,0.6229893899,0.5405106137,0.5065102291,0.5745109983
synthetic_20250706,synthetic,2025-07-06,union,1731,0.5408237265,7.188382012,-0.01446459847,0.0002092246088,0.000857037097,0.9991429629,1987.959352,1725.768511,0.6229894554,0.5408237265,0.5068233419,0.5748241111
synthetic_20250706,synthetic,2025-07-06,union,1732,0.5411365708,7.186554959,-0.4399990952,0.1935992038,0.001713804676,0.9982861953,1988.152951,1726.766798,0.6230501258,0.5411365708,0.5071361862,0.5751369554
synthetic_20250706,synthetic,2025-07-06,union,1733,0.5414496001,7.184096344,0.002492241011,6.211265255e-06,0.001123505789,0.9988764942,1988.152958,1727.765674,0.6230501278,0.5414496001,0.5074492155,0.5754499847
synthetic_20250706,synthetic,2025-07-06,union,1734,0.5417629074,7.182951175,-0.8889989467,0.7903191272,0.0002366870689,0.9997633129,1988.943277,1728.765437,0.6232977991,0.5417629074,0.5077625228,0.575763292
synthetic_20250706,synthetic,2025-07-06,union,1735,0.5420759947,7.18175038,-0.006751350002,4.558072684e-05,0.0009381930385,0.999061807,1988.943322,1729.764499,0.6232978133,0.5420759947,0.5080756101,0.5760763793
synthetic_20250706,synthetic,2025-07-06,union,1736,0.5423891597,7.179200575,-0.395865278,0.1567093183,0.0006904641878,0.9993095358,1989.100032,1730.763809,0.6233469231,0.5423891597,0.5083887751,0.5763895443
synthetic_20250706,synthetic,2025-07-06,union,1737,0.5427024158,7.176092194,0.818414256,0.6698018945,0.0003998975276,0.9996001025,1989.769834,1731.763409,0.6235568266,0.5427024158,0.5087020312,0.5767028004
synthetic_20250706,synthetic,2025-07-06,union,1738,0.5430156243,7.173929664,-0.6229236826,0.3880339144,0.0005517728065,0.9994482272,1990.157867,1732.762857,0.6236784292,0.5430156243,0.5090152397,0.5770160089
synthetic_20250706,synthetic,2025-07-06,union,1739,0.543328868,7.172775239,-0.3629581087,0.1317385887,0.0004393103968,0.9995606896,1990.289606,1733.762418,0.6237197136,0.543328868,0.5093284834,0.5773292526
synthetic_20250706,synthetic,2025-07-06,union,1740,0.5436420217,7.172438981,0.4567817114,0.2086495319,0.0007266185853,0.9992733814,1990.498256,1734.761691,0.6237851005,0.5436420217,0.5096416371,0.5776424063
synthetic_20250706,synthetic,2025-07-06,union,1741,0.5439549556,7.170688651,0.8006065549,0.6409708557,0.001427756707,0.9985722433,1991.139226,1735.760263,0.6239859688,0.5439549556,0.509954571,0.5779553402
synthetic_20250706,synthetic,2025-07-06,union,1742,0.54426818,7.169267714,-0.3470390097,0.1204360742,0.0005010315482,0.9994989685,1991.259663,1736.759762,0.6240237112,0.54426818,0.5102677954,0.5782685646
synthetic_20250706,synthetic,2025-07-06,union,1743,0.5445813703,7.167818349,0.1193051812,0.01423372625,0.0006098261981,0.9993901738,1991.273896,1737.759153,0.6240281718,0.5445813703,0.5105809857,0.5785817549
synthetic_20250706,synthetic,2025-07-06,union,1744,0.5448940264,7.166355737,1.212447869,1.470029835,0.002314241497,0.9976857585,1992.743926,1738.756838,0.6244888518,0.5448940264,0.5108936418,0.578894411
synthetic_20250706,synthetic,2025-07-06,union,1745,0.5452072568,7.163888743,-0.04886595641,0.002387881696,0.0004817576117,0.9995182424,1992.746314,1739.756357,0.6244896001,0.5452072568,0.5112068722,0.5792076414
synthetic_20250706,synthetic,2025-07-06,union,1746,0.5455203998,7.161021687,-0.6573248521,0.4320759612,0.000760781298,0.9992392187,1993.17839,1740.755596,0.6246250047,0.5455203998,0.5115200152,0.5795207844
synthetic_20250706,synthetic,2025-07-06,union,1747,0.5458337322,7.159228859,-1.464750004,2.145492574,0.0001563865676,0.9998436134,1995.323883,1741.755439,0.6252973621,0.5458337322,0.5118333476,0.5798341168
synthetic_20250706,synthetic,2025-07-06,union,1748,0.5461460221,7.158995315,-0.4685357361,0.219525736,0.003482757766,0.9965172422,1995.543408,1742.751957,0.6253661574,0.5461460221,0.5121456375,0.5801464067
synthetic_20250706,synthetic,2025-07-06,union,1749,0.546459307,7.155443735,-1.290695562,1.665895033,0.0003078320717,0.9996921679,1997.209303,1743.751649,0.6258882179,0.546459307,0.5124589224,0.5804596916
synthetic_20250706,synthetic,2025-07-06,union,1750,0.5467726623,7.154004801,-2.079327111,4.323601233,8.328015176e-05,0.9999167198,2001.532905,1744.751565,0.627243154,0.5467726623,0.5127722777,0.5807730469
synthetic_20250706,synthetic,2025-07-06,union,1751,0.5470859194,7.15123987,0.3002023961,0.09012147864,0.0003966456316,0.9996033544,2001.623026,1745.751169,0.6272713964,0.5470859194,0.5130855348,0.581086304
synthetic_20250706,synthetic,2025-07-06,union,1752,0.5473973088,7.148764527,1.611145357,2.595789361,0.006356374336,0.9936436257,2004.218815,1746.744812,0.6280848685,0.5473973088,0.5133969242,0.5813976934
synthetic_20250706,synthetic,2025-07-06,union,1753,0.5477105168,7.147426661,0.2299196417,0.05286304162,0.0005533026777,0.9994466973,2004.271678,1747.744259,0.6281014348,0.5477105168,0.5137101322,0.5817109014
synthetic_20250706,synthetic,2025-07-06,union,1754,0.5480236865,7.146078218,-0.4577952372,0.2095764792,0.0006755401762,0.9993244598,2004.481255,1748.743584,0.6281671122,0.5480236865,0.5140233019,0.5820240711
synthetic_20250706,synthetic,2025-07-06,union,1755,0.5483368371,7.14307699,1.174945422,1.380496744,0.000736318456,0.9992636815,2005.861752,1749.742847,0.6285997341,0.5483368371,0.5143364525,0.5823372217
synthetic_20250706,synthetic,2025-07-06,union,1756,0.5486497354,7.140886348,0.857195432,0.7347840086,0.001541515509,0.9984584845,2006.596536,1750.741306,0.6288300018,0.5486497354,0.5146493508,0.58265012
synthetic_20250706,synthetic,2025-07-06,union,1757,0.5489628426,7.139857468,2.077639387,4.316585422,0.0008749091017,0.9991250909,2010.913121,1751.740431,0.6301827393,0.5489628426,0.514962458,0.5829632272
synthetic_20250706,synthetic,2025-07-06,union,1758,0.5492761822,7.139132598,0.05221102286,0.002725990908,0.0001336116524,0.9998663883,2010.915847,1752.740297,0.6301835936,0.5492761822,0.5152757976,0.5832765668
synthetic_20250706,synthetic,2025-07-06,union,1759,0.5495889409,7.138559624,0.4249210635,0.1805579102,0.001986766183,0.9980132338,2011.096405,1753.73831,0.630240177,0.5495889409,0.5155885563,0.5835893255
synthetic_20250706,synthetic,2025-07-06,union,1760,0.5499018958,7.13466599,1.100448764,1.210987483,0.001360991824,0.9986390082,2012.307392,1754.736949,0.630619678,0.5499018958,0.5159015112,0.5839022804
synthetic_20250706,synthetic,2025-07-06,union,1761,0.5502148691,7.131812989,-0.6478813649,0.419750263,0.001302263432,0.9986977366,2012.727143,1755.735647,0.6307512199,0.5502148691,0.5162144845,0.5842152537
synthetic_20250706,synthetic,2025-07-06,union,1762,0.5505277708,7.12808195,-0.343306619,0.1178594346,0.001530549872,0.9984694501,2012.845002,1756.734117,0.6307881549,0.5505277708,0.5165273862,0.5845281554
synthetic_20250706,synthetic,2025-07-06,union,1763,0.5508410951,7.127498773,-0.8814335725,0.7769251427,0.0001820965821,0.9998179034,2013.621927,1757.733935,0.6310316287,0.5508410951,0.5168407105,0.5848414797
synthetic_20250706,synthetic,2025-07-06,union,1764,0.5511540308,7.125413324,-0.4044898209,0.1636120152,0.001422213202,0.9985777868,2013.785539,1758.732512,0.6310829017,0.5511540308,0.5171536462,0.5851544154
synthetic_20250706,synthetic,2025-07-06,union,1765,0.5514667584,7.12459938,-1.421948352,2.021937116,0.002086285091,0.9979137149,2015.807476,1759.730426,0.6317165391,0.5514667584,0.5174663738,0.585467143
synthetic_20250706,synthetic,2025-07-06,union,1766,0.551779399,7.1205644,-0.5969039417,0.3562943156,0.002363826735,0.9976361733,2016.163771,1760.728062,0.6318281952,0.551779399,0.5177790144,0.5857797836
synthetic_20250706,synthetic,2025-07-06,union,1767,0.5520924919,7.120329465,-1.926042881,3.70964118,0.0009206165032,0.9990793835,2019.873412,1761.727142,0.6329907276,0.5520924919,0.5180921073,0.5860928765
synthetic_20250706,synthetic,2025-07-06,union,1768,0.5524051517,7.118710799,0.2240879437,0.05021540652,0.002302584605,0.9976974154,2019.923627,1762.724839,0.6330064642,0.5524051517,0.5184047671,0.5864055363
synthetic_20250706,synthetic,2025-07-06,union,1769,0.5527184503,7.115923396,-0.03792558415,0.001438349933,0.0002641074131,0.9997358926,2019.925066,1763.724575,0.633006915,0.5527184503,0.5187180657,0.5867188349
synthetic_20250706,synthetic,2025-07-06,union,1770,0.5530313547,7.115011097,0.2698491758,0.07281857768,0.00152212431,0.9984778757,2019.997884,1764.723053,0.633029735,0.5530313547,0.5190309701,0.5870317393
synthetic_20250706,synthetic,2025-07-06,union,1771,0.5533440065,7.113499864,0.09062900211,0.008213616024,0.002328095429,0.9976719046,2020.006098,1765.720725,0.6330323089,0.5533440065,0.5193436219,0.5873443911
synthetic_20250706,synthetic,2025-07-06,union,1772,0.5536560268,7.112703604,0.6008964361,0.3610765269,0.004343287871,0.9956567121,2020.367174,1766.716381,0.6331454636,0.5536560268,0.5196556422,0.5876564114
synthetic_20250706,synthetic,2025-07-06,union,1773,0.5539693459,7.110038398,0.3344068663,0.1118279522,0.0001987566585,0.9998012433,2020.479002,1767.716183,0.6331805084,0.5539693459,0.5199689613,0.5879697305
synthetic_20250706,synthetic,2025-07-06,union,1774,0.554282065,7.109136693,0.06119567145,0.003744910205,0.002113409388,0.9978865906,2020.482747,1768.714069,0.633181682,0.554282065,0.5202816804,0.5882824496
synthetic_20250706,synthetic,2025-07-06,union,1775,0.5545947475,7.107274545,0.8843110317,0.7820060008,0.002230100792,0.9977698992,2021.264753,1769.711839,0.6334267481,0.5545947475,0.5205943629,0.5885951321
synthetic_20250706,synthetic,2025-07-06,union,1776,0.5549079952,7.104340402,0.9106796851,0.8293374889,0.0004264298514,0.9995735701,2022.094091,1770.711413,0.633686647,0.5549079952,0.5209076106,0.5889083798
synthetic_20250706,synthetic,2025-07-06,union,1777,0.5552212293,7.103979583,1.564394322,2.447329595,0.000470122397,0.9995298776,2024.54142,1771.710943,0.6344535946,0.5552212293,0.5212208447,0.5892216139
synthetic_20250706,synthetic,2025-07-06,union,1778,0.5555341318,7.103410445,-0.2778419929,0.077196173,0.001528072905,0.9984719271,2024.618617,1772.709415,0.6344777864,0.5555341318,0.5215337472,0.5895345164
synthetic_20250706,synthetic,2025-07-06,union,1779,0.5558472387,7.102160228,0.1081264308,0.01169132504,0.0008757481629,0.9991242518,2024.630308,1773.708539,0.6344814503,0.5558472387,0.5218468541,0.5898476233
synthetic_20250706,synthetic,2025-07-06,union,1780,0.5561605255,7.100412971,-0.02127562554,0.0004526522422,0.0003019660175,0.999698034,2024.63076,1774.708237,0.6344815921,0.5561605255,0.5221601409,0.5901609101
synthetic_20250706,synthetic,2025-07-06,union,1781,0.5564730881,7.099061116,-0.9510987098,0.9045887558,0.00261260806,0.9973873919,2025.535349,1775.705624,0.6347650734,0.5564730881,0.5224727035,0.5904734727
synthetic_20250706,synthetic,2025-07-06,union,1782,0.556786185,7.098765495,0.5204750976,0.2708943273,0.0009077968567,0.9990922031,2025.806244,1776.704716,0.6348499666,0.556786185,0.5227858004,0.5907865696
synthetic_20250706,synthetic,2025-07-06,union,1783,0.5570992888,7.09704865,0.696461859,0.485059121,0.0008857119579,0.999114288,2026.291303,1777.703831,0.6350019751,0.5570992888,0.5230989042,0.5910996734
synthetic_20250706,synthetic,2025-07-06,union,1784,0.5574123193,7.093673107,0.04984475012,0.002484499114,0.00111982977,0.9988801702,2026.293787,1778.702711,0.6350027537,0.5574123193,0.5234119347,0.5914127039
synthetic_20250706,synthetic,2025-07-06,union,1785,0.5577254699,7.091986863,-0.2218506636,0.04921771694,0.000736325047,0.999263675,2026.343005,1779.701975,0.6350181777,0.5577254699,0.5237250853,0.5917258545
synthetic_20250706,synthetic,2025-07-06,union,1786,0.5580386288,7.089730404,-0.3335291535,0.1112416963,0.0007099750421,0.999290025,2026.454247,1780.701265,0.6350530387,0.5580386288,0.5240382442,0.5920390134
synthetic_20250706,synthetic,2025-07-06,union,1787,0.558351695,7.087528022,-1.244838749,1.549623512,0.001005829888,0.9989941701,2028.00387,1781.700259,0.6355386619,0.558351695,0.5243513104,0.5923520796
synthetic_20250706,synthetic,2025-07-06,union,1788,0.5586648709,7.086584832,-0.694295106,0.4820456942,0.0006557719732,0.999344228,2028.485916,1782.699603,0.635689726,0.5586648709,0.5246644863,0.5926652555
synthetic_20250706,synthetic,2025-07-06,union,1789,0.5589781847,7.08585086,-0.3449307282,0.1189772072,0.0002156608257,0.9997843392,2028.604893,1783.699387,0.6357270113,0.5589781847,0.5249778001,0.5929785693
synthetic_20250706,synthetic,2025-07-06,union,1790,0.5592912186,7.080594692,0.8430511805,0.7107352929,0.001108758924,0.9988912411,2029.315628,1784.698279,0.6359497425,0.5592912186,0.525290834,0.5932916032
synthetic_20250706,synthetic,2025-07-06,union,1791,0.5596043815,7.079568621,1.110354314,1.232886702,0.0006970821995,0.9993029178,2030.548515,1785.697581,0.6363361062,0.5596043815,0.5256039969,0.5936047661
synthetic_20250706,synthetic,2025-07-06,union,1792,0.5599167104,7.078365616,0.5302647152,0.2811806682,0.003358482171,0.9966415178,2030.829696,1786.694223,0.636424223,0.5599167104,0.5259163258,0.593917095
synthetic_20250706,synthetic,2025-07-06,union,1793,0.5602299668,7.076064276,-1.403527727,1.96989008,0.0003989492336,0.9996010508,2032.799586,1787.693824,0.6370415499,0.5602299668,0.5262295822,0.5942303514
synthetic_20250706,synthetic,2025-07-06,union,1794,0.5605431235,7.074822719,-1.654902366,2.738701842,0.0007170636184,0.9992829364,2035.538288,1788.693107,0.6378998081,0.5605431235,0.5265427389,0.5945435081
synthetic_20250706,synthetic,2025-07-06,union,1795,0.5608561922,7.074238315,1.519187912,2.307931912,0.0009976316441,0.9990023684,2037.84622,1789.692109,0.638623071,0.5608561922,0.5268558076,0.5948565768
synthetic_20250706,synthetic,2025-07-06,union,1796,0.5611693873,7.072062898,0.2088554587,0.04362060261,0.0005944283845,0.9994055716,2037.88984,1790.691515,0.6386367409,0.5611693873,0.5271690027,0.5951697719
synthetic_20250706,synthetic,2025-07-06,union,1797,0.5614825828,7.069927162,1.40082801,1.962319113,0.0005930748495,0.9994069252,2039.852159,1791.690922,0.6392516951,0.5614825828,0.5274821982,0.5954829674
synthetic_20250706,synthetic,2025-07-06,union,1798,0.5617958814,7.068749194,-1.431147962,2.048184489,0.0002643562821,0.9997356437,2041.900344,1792.690657,0.639893558,0.5617958814,0.5277954968,0.595796266
synthetic_20250706,synthetic,2025-07-06,union,1799,0.5621089745,7.067295891,-0.6124381866,0.3750805324,0.0009198937818,0.9990801062,2042.275424,1793.689738,0.6400111013,0.5621089745,0.5281085899,0.5961093591
synthetic_20250706,synthetic,2025-07-06,union,1800,0.5624221657,7.062452321,-0.5128866696,0.2630527359,0.0006068008864,0.9993931991,2042.538477,1794.689131,0.6400935371,0.5624221657,0.5284217811,0.5964225503
synthetic_20250706,synthetic,2025-07-06,union,1801,0.5627354692,7.060406267,-1.122825418,1.26073692,0.0002484629998,0.999751537,2043.799214,1795.688882,0.6404886286,0.5627354692,0.5287350846,0.5967358538
synthetic_20250706,synthetic,2025-07-06,union,1802,0.5630482018,7.059751867,0.08716653365,0.007598004589,0.002070499239,0.9979295008,2043.806812,1796.686812,0.6404910097,0.5630482018,0.5290478172,0.5970485864
synthetic_20250706,synthetic,2025-07-06,union,1803,0.5633607318,7.058335645,-0.6600971604,0.4357282612,0.002716560231,0.9972834398,2044.24254,1797.684095,0.6406275588,0.5633607318,0.5293603472,0.5973611164
synthetic_20250706,synthetic,2025-07-06,union,1804,0.5636738158,7.057943843,0.08609314193,0.007412029088,0.0009489260296,0.999051074,2044.249952,1798.683146,0.6406298816,0.5636738158,0.5296734312,0.5976742004
synthetic_20250706,synthetic,2025-07-06,union,1805,0.5639867595,7.052054649,0.410115558,0.1681947709,0.001396807301,0.9986031927,2044.418147,1799.68175,0.6406825907,0.5639867595,0.5299863749,0.5979871441
synthetic_20250706,synthetic,2025-07-06,union,1806,0.5642998615,7.051034501,2.804539474,7.865441663,0.0008913749446,0.9991086251,2052.283589,1800.680858,0.6431474737,0.5642998615,0.5302994769,0.5983002461
synthetic_20250706,synthetic,2025-07-06,union,1807,0.5646131086,7.04953978,0.4917661914,0.241833987,0.0004284973655,0.9995715026,2052.525423,1801.68043,0.64322326,0.5646131086,0.530612724,0.5986134932
synthetic_20250706,synthetic,2025-07-06,union,1808,0.5649262207,7.047680901,-1.434398863,2.0575001,0.0008592662778,0.9991407337,2054.582923,1802.67957,0.6438680422,0.5649262207,0.5309258361,0.5989266053
synthetic_20250706,synthetic,2025-07-06,union,1809,0.5652393616,7.04738246,0.726356534,0.5275938145,0.0007676605499,0.9992323395,2055.110517,1803.678803,0.6440333803,0.5652393616,0.531238977,0.5992397462
synthetic_20250706,synthetic,2025-07-06,union,1810,0.5655526156,7.046498809,-1.245131438,1.550352297,0.0004064243495,0.9995935757,2056.660869,1804.678396,0.6445192318,0.5655526156,0.531552231,0.5995530002
synthetic_20250706,synthetic,2025-07-06,union,1811,0.5658652765,7.045006999,0.6376166041,0.4065549339,0.002299153384,0.9977008466,2057.067424,1805.676097,0.6446466386,0.5658652765,0.5318648919,0.5998656611
synthetic_20250706,synthetic,2025-07-06,union,1812,0.5661785035,7.042748685,-0.4206336248,0.1769326463,0.0004926125167,0.9995073875,2057.244356,1806.675605,0.644702086,0.5661785035,0.5321781189,0.6001788881
synthetic_20250706,synthetic,2025-07-06,union,1813,0.5664917315,7.040778478,0.8767326425,0.7686601264,0.0004893414787,0.9995106585,2058.013017,1807.675115,0.6449429698,0.5664917315,0.5324913469,0.6004921161
synthetic_20250706,synthetic,2025-07-06,union,1814,0.5668050447,7.039837963,0.3430922668,0.1177123035,0.0002176534196,0.9997823466,2058.130729,1808.674898,0.6449798586,0.5668050447,0.5328046601,0.6008054293
synthetic_20250706,synthetic,2025-07-06,union,1815,0.5671182533,7.038960178,0.07349522374,0.005401547912,0.0005512072756,0.9994487927,2058.13613,1809.674346,0.6449815514,0.5671182533,0.5331178687,0.6011186379
synthetic_20250706,synthetic,2025-07-06,union,1816,0.5674313674,7.036084895,0.5884979872,0.3463298809,0.0008529504505,0.9991470495,2058.48246,1810.673493,0.6450900847,0.5674313674,0.5334309828,0.601431752
synthetic_20250706,synthetic,2025-07-06,union,1817,0.5677434428,7.033054783,0.4251914472,0.1807877668,0.004167543097,0.9958324569,2058.663248,1811.669326,0.6451467402,0.5677434428,0.5337430582,0.6017438274
synthetic_20250706,synthetic,2025-07-06,union,1818,0.5680563271,7.031803897,1.314557716,1.72806199,0.001586068671,0.9984139313,2060.39131,1812.66774,0.6456882827,0.5680563271,0.5340559425,0.6020567117
synthetic_20250706,synthetic,2025-07-06,union,1819,0.5683694003,7.03026996,1.525287679,2.326502504,0.0009835191744,0.9990164808,2062.717813,1813.666756,0.6464173653,0.5683694003,0.5343690157,0.6023697849
synthetic_20250706,synthetic,2025-07-06,union,1820,0.5686825247,7.026441166,-0.1732707581,0.03002275563,0.0008198394851,0.9991801605,2062.747835,1814.665936,0.6464267738,0.5686825247,0.5346821401,0.6026829093
synthetic_20250706,synthetic,2025-07-06,union,1821,0.5689956897,7.025443443,-1.216637739,1.480207387,0.0006907202097,0.9993092798,2064.228043,1815.665246,0.6468906433,0.5689956897,0.5349953051,0.6029960743
synthetic_20250706,synthetic,2025-07-06,union,1822,0.5693088692,7.02340354,0.09634955992,0.009283237698,0.000643988832,0.9993560112,2064.237326,1816.664602,0.6468935525,0.5693088692,0.5353084846,0.6033092538
synthetic_20250706,synthetic,2025-07-06,union,1823,0.5696218861,7.021484867,0.8778476476,0.7706164924,0.001163160527,0.9988368395,2065.007942,1817.663439,0.6471350493,0.5696218861,0.5356215015,0.6036222707
synthetic_20250706,synthetic,2025-07-06,union,1824,0.5699350052,7.021079308,-0.7049284783,0.4969241595,0.0008370118806,0.9991629881,2065.504867,1818.662602,0.6472907761,0.5699350052,0.5359346206,0.6039353898
synthetic_20250706,synthetic,2025-07-06,union,1825,0.5702481256,7.018968707,0.08032887381,0.006452727968,0.0008328990818,0.9991671009,2065.511319,1819.661769,0.6472927983,0.5702481256,0.536247741,0.6042485102
synthetic_20250706,synthetic,2025-07-06,union,1826,0.57056087,7.017172694,-2.847341939,8.107356117,0.002032564377,0.9979674356,2073.618675,1820.659736,0.6498334928,0.57056087,0.5365604854,0.6045612546
synthetic_20250706,synthetic,2025-07-06,union,1827,0.5708740472,7.014885607,0.7177261668,0.5151308505,0.0006513660451,0.999348634,2074.133806,1821.659085,0.6499949252,0.5708740472,0.5368736626,0.6048744318
synthetic_20250706,synthetic,2025-07-06,union,1828,0.5711869918,7.012969098,0.4950846562,0.2451088168,0.001393932097,0.9986060679,2074.378915,1822.657691,0.6500717377,0.5711869918,0.5371866072,0.6051873764
synthetic_20250706,synthetic,2025-07-06,union,1829,0.5714991797,7.012702864,-0.3919936159,0.1536589949,0.003808251335,0.9961917487,2074.532574,1823.653883,0.6501198916,0.5714991797,0.5374987951,0.6054995643
synthetic_20250706,synthetic,2025-07-06,union,1830,0.5718124386,7.011081101,0.1851196545,0.03426928649,0.0003909281727,0.9996090718,2074.566843,1824.653492,0.6501306309,0.5718124386,0.537812054,0.6058128232
synthetic_20250706,synthetic,2025-07-06,union,1831,0.5721248363,7.010265597,-0.7875243545,0.620194609,0.003139040151,0.9968609598,2075.187038,1825.650353,0.6503249884,0.5721248363,0.5381244517,0.6061252209
synthetic_20250706,synthetic,2025-07-06,union,1832,0.5724374835,7.008953965,1.105675644,1.22251863,0.002342705936,0.9976572941,2076.409557,1826.64801,0.650708103,0.5724374835,0.5384370989,0.6064378681
synthetic_20250706,synthetic,2025-07-06,union,1833,0.5727508028,7.006931208,0.3909044525,0.152806291,0.0001980005758,0.9998019994,2076.562363,1827.647812,0.6507559896,0.5727508028,0.5387504182,0.6067511874
synthetic_20250706,synthetic,2025-07-06,union,1834,0.57306402,7.006250604,-1.67393759,2.802067056,0.0005239730497,0.999476027,2079.36443,1828.647288,0.6516341053,0.57306402,0.5390636354,0.6070644046
synthetic_20250706,synthetic,2025-07-06,union,1835,0.573376923,7.005714611,-1.008637121,1.017348842,0.001526754994,0.998473245,2080.381779,1829.645761,0.6519529235,0.573376923,0.5393765384,0.6073773076
synthetic_20250706,synthetic,2025-07-06,union,1836,0.5736901797,7.004742314,0.01012517224,0.0001025191129,0.0003976641336,0.9996023359,2080.381881,1830.645363,0.6519529556,0.5736901797,0.5396897951,0.6076905643
synthetic_20250706,synthetic,2025-07-06,union,1837,0.5740029877,7.002817304,0.3949962629,0.1560220477,0.001829805704,0.9981701943,2080.537903,1831.643534,0.65200185,0.5740029877,0.5400026031,0.6080033723
synthetic_20250706,synthetic,2025-07-06,union,1838,0.574316224,7.00236559,-2.18217629,4.761893361,0.0004629006106,0.9995370994,2085.299797,1832.643071,0.6534941387,0.574316224,0.5403158394,0.6083166086
synthetic_20250706,synthetic,2025-07-06,union,1839,0.5746294349,6.999320725,-0.9326487175,0.8698336303,0.0005438482687,0.9994561517,2086.16963,1833.642527,0.6537667284,0.5746294349,0.5406290503,0.6086298195
synthetic_20250706,synthetic,2025-07-06,union,1840,0.5749427365,6.998862557,-1.413972275,1.999317594,0.0002547542584,0.9997452457,2088.168948,1834.642272,0.6543932773,0.5749427365,0.5409423519,0.6089431211
synthetic_20250706,synthetic,2025-07-06,union,1841,0.5752556025,6.996078592,-0.7047945636,0.4967353769,0.001644570769,0.9983554292,2088.665683,1835.640628,0.6545489449,0.5752556025,0.5412552179,0.6092559871
synthetic_20250706,synthetic,2025-07-06,union,1842,0.575568174,6.995009356,-1.130397442,1.277798377,0.002584375329,0.9974156247,2089.943482,1836.638043,0.6549493832,0.575568174,0.5415677894,0.6095685586
synthetic_20250706,synthetic,2025-07-06,union,1843,0.5758814904,6.99399455,0.01396325887,0.0001949725983,0.0002074074414,0.9997925926,2089.943677,1837.637836,0.6549494443,0.5758814904,0.5418811058,0.609881875
synthetic_20250706,synthetic,2025-07-06,union,1844,0.5761938488,6.991764413,-0.5223045144,0.2728020057,0.003264344677,0.9967356553,2090.216479,1838.634571,0.6550349353,0.5761938488,0.5421934642,0.6101942334
synthetic_20250706,synthetic,2025-07-06,union,1845,0.5765070081,6.988261122,-1.510087134,2.280363154,0.0007087517507,0.9992912482,2092.496842,1839.633863,0.6557495587,0.5765070081,0.5425066235,0.6105073927
synthetic_20250706,synthetic,2025-07-06,union,1846,0.5768200422,6.983362701,-2.081185068,4.331331285,0.00110804945,0.9988919506,2096.828173,1840.632755,0.6571069173,0.5768200422,0.5428196576,0.6108204268
synthetic_20250706,synthetic,2025-07-06,union,1847,0.5771331924,6.982711276,0.3778763949,0.1427905698,0.0007378392298,0.9992621608,2096.970964,1841.632017,0.6571516652,0.5771331924,0.5431328078,0.611133577
synthetic_20250706,synthetic,2025-07-06,union,1848,0.5774459464,6.982002619,0.3582260011,0.1283258678,0.002001933765,0.9979980662,2097.09929,1842.630015,0.6571918801,0.5774459464,0.5434455618,0.611446331
synthetic_20250706,synthetic,2025-07-06,union,1849,0.5777590423,6.979283139,-0.9485555238,0.8997575818,0.0009108011215,0.9990891989,2097.999047,1843.629104,0.6574738474,0.5777590423,0.5437586577,0.6117594269
synthetic_20250706,synthetic,2025-07-06,union,1850,0.5780723393,6.97794744,1.169587768,1.367935547,0.0002695079133,0.9997304921,2099.366983,1844.628835,0.657902533,0.5780723393,0.5440719547,0.6120727239
synthetic_20250706,synthetic,2025-07-06,union,1851,0.5783855328,6.977537684,-0.2085893546,0.04350951887,0.0005992628519,0.9994007371,2099.410492,1845.628235,0.657916168,0.5783855328,0.5443851482,0.6123859174
synthetic_20250706,synthetic,2025-07-06,union,1852,0.5786975538,6.974123942,0.8917014985,0.7951315624,0.004341289022,0.995658711,2100.205624,1846.623894,0.6581653475,0.5786975538,0.5446971692,0.6126979384
synthetic_20250706,synthetic,2025-07-06,union,1853,0.5790106247,6.973319233,-0.3300832976,0.1089549833,0.0009904822673,0.9990095177,2100.314579,1847.622904,0.6581994919,0.5790106247,0.5450102401,0.6130110093
synthetic_20250706,synthetic,2025-07-06,union,1854,0.5793234752,6.971503094,1.420137628,2.016790883,0.001694252414,0.9983057476,2102.33137,1848.621209,0.6588315166,0.5793234752,0.5453230906,0.6133238598
synthetic_20250706,synthetic,2025-07-06,union,1855,0.5796360103,6.971233226,0.2273723139,0.05169816915,0.002700384869,0.9972996151,2102.383068,1849.618509,0.6588477179,0.5796360103,0.5456356257,0.6136363949
synthetic_20250706,synthetic,2025-07-06,union,1856,0.579949087,6.970062183,-1.003561666,1.007136017,0.0009722720001,0.999027728,2103.390204,1850.617537,0.6591633356,0.579949087,0.5459487024,0.6139494716
synthetic_20250706,synthetic,2025-07-06,union,1857,0.5802618012,6.967910666,0.1741489234,0.03032784753,0.002129046378,0.9978709536,2103.420532,1851.615408,0.6591728398,0.5802618012,0.5462614166,0.6142621858
synthetic_20250706,synthetic,2025-07-06,union,1858,0.5805750345,6.966497322,0.822617936,0.6767002686,0.000472482939,0.9995275171,2104.097232,1852.614935,0.659384905,0.5805750345,0.5465746499,0.6145754191
synthetic_20250706,synthetic,2025-07-06,union,1859,0.5808875786,6.965573459,-2.804763926,7.866700682,0.002671716667,0.9973282833,2111.963933,1853.612263,0.6618501826,0.5808875786,0.546887194,0.6148879632
synthetic_20250706,synthetic,2025-07-06,union,1860,0.5812008704,6.964613623,-0.08350865093,0.00697369478,0.0002858303022,0.9997141697,2111.970906,1854.611978,0.661852368,0.5812008704,0.5472004858,0.615201255
synthetic_20250706,synthetic,2025-07-06,union,1861,0.5815128276,6.962909801,-0.9586059869,0.918925438,0.004544600727,0.9954553993,2112.889832,1855.607433,0.6621403421,0.5815128276,0.547512443,0.6155132122
synthetic_20250706,synthetic,2025-07-06,union,1862,0.5818260844,6.960889566,0.8779671281,0.770826278,0.0003976483205,0.9996023517,2113.660658,1856.607035,0.6623819047,0.5818260844,0.5478256998,0.615826469
synthetic_20250706,synthetic,2025-07-06,union,1863,0.5821392323,6.95863056,-0.04179402365,0.001746740413,0.0007451268485,0.9992548732,2113.662405,1857.60629,0.6623824521,0.5821392323,0.5481388477,0.6161396169
synthetic_20250706,synthetic,2025-07-06,union,1864,0.5824520297,6.957426174,-0.5890421966,0.3469707093,0.001863261663,0.9981367383,2114.009375,1858.604427,0.6624911863,0.5824520297,0.5484516451,0.6164524143
synthetic_20250706,synthetic,2025-07-06,union,1865,0.5827651601,6.956119838,1.492028032,2.226147647,0.0008009502962,0.9991990497,2116.235523,1859.603626,0.6631888195,0.5827651601,0.5487647755,0.6167655447
synthetic_20250706,synthetic,2025-07-06,union,1866,0.5830783697,6.955836104,-0.05282268407,0.002790235952,0.0005483188885,0.9994516811,2116.238313,1860.603078,0.6631896939,0.5830783697,0.5490779851,0.6170787543
synthetic_20250706,synthetic,2025-07-06,union,1867,0.5833916093,6.954450186,0.3542135498,0.1254672388,0.0004522490531,0.9995477509,2116.363781,1861.602625,0.663229013,0.5833916093,0.5493912247,0.6173919939
synthetic_20250706,synthetic,2025-07-06,union,1868,0.5837047982,6.953811811,0.4749709546,0.2255974077,0.000614403063,0.9993855969,2116.589378,1862.602011,0.6632997111,0.5837047982,0.5497044136,0.6177051828
synthetic_20250706,synthetic,2025-07-06,union,1869,0.5840179979,6.951002367,-1.756868565,3.086587156,0.0005798000304,0.9994202,2119.675965,1863.601431,0.66426699,0.5840179979,0.5500176133,0.6180183825
synthetic_20250706,synthetic,2025-07-06,union,1870,0.5843313357,6.94999167,0.6441962564,0.4149888167,0.0001388796519,0.9998611203,2120.090954,1864.601292,0.6643970398,0.5843313357,0.5503309511,0.6183317203
synthetic_20250706,synthetic,2025-07-06,union,1871,0.5846442713,6.947248723,-1.571965826,2.471076557,0.00142267605,0.9985773239,2122.562031,1865.59987,0.6651714292,0.5846442713,0.5506438867,0.6186446559
synthetic_20250706,synthetic,2025-07-06,union,1872,0.5849572572,6.944491941,-1.474598736,2.174441434,0.001261910005,0.99873809,2124.736472,1866.598608,0.6658528586,0.5849572572,0.5509568726,0.6189576418
synthetic_20250706,synthetic,2025-07-06,union,1873,0.5852702469,6.943612189,-0.002427859627,5.894502369e-06,0.001249828395,0.9987501716,2124.736478,1867.597358,0.6658528605,0.5852702469,0.5512698623,0.6192706315
synthetic_20250706,synthetic,2025-07-06,union,1874,0.5855835623,6.942689184,-0.3791489728,0.1437539436,0.0002105740787,0.9997894259,2124.880232,1868.597147,0.6658979103,0.5855835623,0.5515831777,0.6195839469
synthetic_20250706,synthetic,2025-07-06,union,1875,0.5858956423,6.941069434,-2.065522548,4.266383396,0.004152819765,0.9958471802,2129.146615,1869.592995,0.6672349154,0.5858956423,0.5518952577,0.6198960269
synthetic_20250706,synthetic,2025-07-06,union,1876,0.5862083619,6.940421638,1.044688814,1.091374718,0.00211173587,0.9978882641,2130.23799,1870.590883,0.667576932,0.5862083619,0.5522079773,0.6202087465
synthetic_20250706,synthetic,2025-07-06,union,1877,0.5865213589,6.939238167,0.4355460404,0.1897003533,0.001226492129,0.9987735079,2130.42769,1871.589656,0.6676363805,0.5865213589,0.5525209743,0.6205217435
synthetic_20250706,synthetic,2025-07-06,union,1878,0.5868345235,6.938241144,0.189942277,0.03607806859,0.0006918929407,0.9993081071,2130.463768,1872.588964,0.6676476867,0.5868345235,0.5528341389,0.6208349081
synthetic_20250706,synthetic,2025-07-06,union,1879,0.5871478007,6.935822004,-0.1561120666,0.02437097733,0.000332481432,0.9996675186,2130.488139,1873.588632,0.6676553241,0.5871478007,0.5531474161,0.6211481853
synthetic_20250706,synthetic,2025-07-06,union,1880,0.5874607638,6.933786347,0.9789448106,0.9583329422,0.001334495741,0.9986655043,2131.446472,1874.587297,0.6679556478,0.5874607638,0.5534603792,0.6214611484
synthetic_20250706,synthetic,2025-07-06,union,1881,0.5877733758,6.932097658,-0.09397378287,0.008831071867,0.00245517679,0.9975448232,2131.455303,1875.584842,0.6679584153,0.5877733758,0.5537729912,0.6217737604
synthetic_20250706,synthetic,2025-07-06,union,1882,0.5880865399,6.931324598,-0.1116199523,0.01245901376,0.000693477139,0.9993065229,2131.467762,1876.584149,0.6679623198,0.5880865399,0.5540861553,0.6220869245
synthetic_20250706,synthetic,2025-07-06,union,1883,0.5883992104,6.929458928,-0.1819607355,0.03310970925,0.002268369982,0.99773163,2131.500872,1877.58188,0.6679726957,0.5883992104,0.5543988258,0.622399595
synthetic_20250706,synthetic,2025-07-06,union,1884,0.5887119065,6.928466969,-1.069002587,1.142766532,0.00218661512,0.9978133849,2132.643639,1878.579694,0.6683308175,0.5887119065,0.5547115219,0.6227122911
synthetic_20250706,synthetic,2025-07-06,union,1885,0.5890249059,6.926521235,-0.006606936339,4.365160779e-05,0.001218938362,0.9987810616,2132.643682,1879.578475,0.6683308312,0.5890249059,0.5550245213,0.6230252905
synthetic_20250706,synthetic,2025-07-06,union,1886,0.589338019,6.924945092,-0.7296869193,0.5324430002,0.000856263435,0.9991437366,2133.176125,1880.577619,0.6684976889,0.589338019,0.5553376344,0.6233384036
synthetic_20250706,synthetic,2025-07-06,union,1887,0.5896511701,6.924591674,0.2910303125,0.08469864282,0.0007347347736,0.9992652652,2133.260824,1881.576884,0.6685242319,0.5896511701,0.5556507855,0.6236515547
synthetic_20250706,synthetic,2025-07-06,union,1888,0.5899640213,6.921978163,0.3723223659,0.1386239442,0.001691796085,0.9983082039,2133.399448,1882.575192,0.668567674,0.5899640213,0.5559636367,0.6239644059
synthetic_20250706,synthetic,2025-07-06,union,1889,0.5902771043,6.920408276,-1.947257104,3.791810229,0.000952230171,0.9990477698,2137.191258,1883.57424,0.6697559568,0.5902771043,0.5562767197,0.6242774889
synthetic_20250706,synthetic,2025-07-06,union,1890,0.590590407,6.918555086,0.4184292462,0.1750830341,0.0002509721333,0.9997490279,2137.366341,1884.573989,0.6698108245,0.590590407,0.5565900224,0.6245907916
synthetic_20250706,synthetic,2025-07-06,union,1891,0.5909033396,6.916874002,-0.6002179908,0.3602616365,0.001432255374,0.9985677446,2137.726603,1885.572557,0.6699237238,0.5909033396,0.556902955,0.6249037242
synthetic_20250706,synthetic,2025-07-06,union,1892,0.5912162386,6.914901087,-0.772912781,0.597394167,0.001539091343,0.9984609087,2138.323997,1886.571017,0.670110936,0.5912162386,0.557215854,0.6252166232
synthetic_20250706,synthetic,2025-07-06,union,1893,0.5915294407,6.912431365,-0.3026395464,0.09159069502,0.0005722672068,0.9994277328,2138.415588,1887.570445,0.6701396389,0.5915294407,0.5575290561,0.6255298253
synthetic_20250706,synthetic,2025-07-06,union,1894,0.5918426284,6.910155041,-0.2607015933,0.06796532075,0.0006180823389,0.9993819177,2138.483553,1888.569827,0.6701609379,0.5918426284,0.5578422438,0.625843013
synthetic_20250706,synthetic,2025-07-06,union,1895,0.5921557797,6.909322632,0.4405317731,0.1940682431,0.0007341842417,0.9992658158,2138.677621,1889.569093,0.6702217553,0.5921557797,0.5581553951,0.6261561643
synthetic_20250706,synthetic,2025-07-06,union,1896,0.5924689002,6.906689244,-0.5998578868,0.3598294843,0.0008325608309,0.9991674392,2139.037451,1890.56826,0.6703345192,0.5924689002,0.5584685156,0.6264692848
synthetic_20250706,synthetic,2025-07-06,union,1897,0.5927816087,6.904898628,1.087631533,1.182942352,0.002146922872,0.9978530771,2140.220393,1891.566113,0.6707052313,0.5927816087,0.5587812241,0.6267819933
synthetic_20250706,synthetic,2025-07-06,union,1898,0.5930944144,6.902283859,-0.8858089146,0.7846574331,0.001836997414,0.9981630026,2141.00505,1892.564276,0.6709511283,0.5930944144,0.5590940298,0.627094799
synthetic_20250706,synthetic,2025-07-06,union,1899,0.5934066325,6.899900645,0.722281769,0.5216909539,0.003712293902,0.9962877061,2141.526741,1893.560564,0.6711146165,0.5934066325,0.5594062479,0.6274070171
synthetic_20250706,synthetic,2025-07-06,union,1900,0.5937199481,6.897722207,-0.9026237918,0.8147297095,0.0002096950543,0.9997903049,2142.341471,1894.560354,0.6713699377,0.5937199481,0.5597195635,0.6277203327
synthetic_20250706,synthetic,2025-07-06,union,1901,0.5940332014,6.895927565,0.7557077608,0.5710942197,0.0004086901303,0.9995913099,2142.912565,1895.559946,0.671548908,0.5940332014,0.5600328168,0.628033586
synthetic_20250706,synthetic,2025-07-06,union,1902,0.5943462812,6.895323438,-1.17840002,1.388626607,0.0009623419842,0.999037658,2144.301192,1896.558983,0.6719840777,0.5943462812,0.5603458966,0.6283466658
synthetic_20250706,synthetic,2025-07-06,union,1903,0.5946583388,6.8951626,-0.6792822114,0.4614243228,0.004224490781,0.9957755092,2144.762616,1897.554759,0.6721286795,0.5946583388,0.5606579542,0.6286587234
synthetic_20250706,synthetic,2025-07-06,union,1904,0.5949713191,6.892105067,0.6741986227,0.4545437829,0.001279818945,0.9987201811,2145.21716,1898.553479,0.672271125,0.5949713191,0.5609709345,0.6289717037
synthetic_20250706,synthetic,2025-07-06,union,1905,0.5952846005,6.890381937,0.1760883154,0.03100709483,0.0003189281921,0.9996810718,2145.248167,1899.55316,0.6722808421,0.5952846005,0.5612842159,0.6292849851
synthetic_20250706,synthetic,2025-07-06,union,1906,0.5955978821,6.88655261,0.760389789,0.5781926313,0.0003185248059,0.9996814752,2145.82636,1900.552842,0.6724620369,0.5955978821,0.5615974975,0.6295982667
synthetic_20250706,synthetic,2025-07-06,union,1907,0.5959108558,6.88600207,0.1294954509,0.01676907181,0.001300692897,0.9986993071,2145.843129,1901.551541,0.672467292,0.5959108558,0.5619104712,0.6299112404
synthetic_20250706,synthetic,2025-07-06,union,1908,0.5962240949,6.885388084,-0.1130206672,0.01277367121,0.0004543277594,0.9995456722,2145.855902,1902.551087,0.672471295,0.5962240949,0.5622237103,0.6302244795
synthetic_20250706,synthetic,2025-07-06,union,1909,0.5965369771,6.883446078,-0.8086946966,0.6539871124,0.001592762291,0.9984072377,2146.50989,1903.549494,0.6726762424,0.5965369771,0.5625365925,0.6305373617
synthetic_20250706,synthetic,2025-07-06,union,1910,0.5968501652,6.882515136,-0.3335365732,0.1112466457,0.0006169111583,0.9993830888,2146.621136,1904.548877,0.6727111051,0.5968501652,0.5628497806,0.6308505498
synthetic_20250706,synthetic,2025-07-06,union,1911,0.5971633667,6.880238254,1.226455808,1.50419385,0.00057384157,0.9994261584,2148.12533,1905.548303,0.6731824914,0.5971633667,0.5631629821,0.6311637513
synthetic_20250706,synthetic,2025-07-06,union,1912,0.5974747933,6.879550819,-1.785377571,3.18757307,0.006237631008,0.993762369,2151.312903,1906.542066,0.6741814175,0.5974747933,0.5634744087,0.6314751779
synthetic_20250706,synthetic,2025-07-06,union,1913,0.597787949,6.877010347,1.215015632,1.476262985,0.0007201142604,0.9992798857,2152.789166,1907.541345,0.6746440508,0.597787949,0.5637875644,0.6317883337
synthetic_20250706,synthetic,2025-07-06,union,1914,0.5980986946,6.876519995,-0.3079723098,0.09484694363,0.008410910224,0.9915890898,2152.884013,1908.532935,0.6746737741,0.5980986946,0.56409831,0.6320990792
synthetic_20250706,synthetic,2025-07-06,union,1915,0.5984111979,6.875184444,-1.641626542,2.694937704,0.002802038948,0.9971979611,2155.578951,1909.530132,0.6755183174,0.5984111979,0.5644108133,0.6324115825
synthetic_20250706,synthetic,2025-07-06,union,1916,0.5987238382,6.874978237,1.253772062,1.571944384,0.002364873899,0.9976351261,2157.150895,1910.527768,0.6760109355,0.5987238382,0.5647234536,0.6327242228
synthetic_20250706,synthetic,2025-07-06,union,1917,0.5990347881,6.871628745,-1.615468957,2.609739951,0.007758625842,0.9922413742,2159.760635,1911.520009,0.6768287794,0.5990347881,0.5650344035,0.6330351727
synthetic_20250706,synthetic,2025-07-06,union,1918,0.5993472393,6.869995926,-0.4071206802,0.1657472483,0.002968467002,0.997031533,2159.926382,1912.517041,0.6768807215,0.5993472393,0.5653468547,0.6333476239
synthetic_20250706,synthetic,2025-07-06,union,1919,0.5996598469,6.868681049,-0.2747606006,0.07549338767,0.002468898711,0.9975311013,2160.001876,1913.514572,0.6769043797,0.5996598469,0.5656594623,0.6336602315
synthetic_20250706,synthetic,2025-07-06,union,1920,0.5999726526,6.866400368,0.3224386377,0.1039666751,0.001837043385,0.9981629566,2160.105842,1914.512735,0.676936961,0.5999726526,0.565972268,0.6339730372
synthetic_20250706,synthetic,2025-07-06,union,1921,0.6002858037,6.862987865,-0.5657281645,0.3200483562,0.0007348234651,0.9992651765,2160.425891,1915.512,0.6770372582,0.6002858037,0.5662854191,0.6342861883
synthetic_20250706,synthetic,2025-07-06,union,1922,0.6005989574,6.858377029,1.066344509,1.137090612,0.0007265369474,0.9992734631,2161.562981,1916.511273,0.6773936012,0.6005989574,0.5665985728,0.634599342
synthetic_20250706,synthetic,2025-07-06,union,1923,0.6009120605,6.857609756,-0.4135971363,0.1710625911,0.0008882431605,0.9991117568,2161.734044,1917.510385,0.677447209,0.6009120605,0.5669116759,0.6349124451
synthetic_20250706,synthetic,2025-07-06,union,1924,0.6012253789,6.854248063,-0.2667984608,0.07118141868,0.0002008245667,0.9997991754,2161.805225,1918.510184,0.677469516,0.6012253789,0.5672249943,0.6352257635
synthetic_20250706,synthetic,2025-07-06,union,1925,0.601538523,6.852910874,-0.3306335604,0.1093185513,0.0007573257035,0.9992426743,2161.914544,1919.509427,0.6775037744,0.601538523,0.5675381384,0.6355389076
synthetic_20250706,synthetic,2025-07-06,union,1926,0.6018508237,6.851877023,-0.461571537,0.2130482838,0.003448493976,0.996551506,2162.127592,1920.505978,0.6775705397,0.6018508237,0.5678504391,0.6358512083
synthetic_20250706,synthetic,2025-07-06,union,1927,0.6021631703,6.850733589,-1.633030831,2.666789696,0.003302034664,0.9966979653,2164.794382,1921.502676,0.678406262,0.6021631703,0.5681627857,0.6361635549
synthetic_20250706,synthetic,2025-07-06,union,1928,0.6024759833,6.847777203,-0.6563669756,0.4308176066,0.001813502325,0.9981864977,2165.2252,1922.500863,0.6785412722,0.6024759833,0.5684755987,0.6364763679
synthetic_20250706,synthetic,2025-07-06,union,1929,0.6027890534,6.846999619,-0.3271080872,0.1069997007,0.0009934327925,0.9990065672,2165.332199,1923.499869,0.6785748039,0.6027890534,0.5687886688,0.636789438
synthetic_20250706,synthetic,2025-07-06,union,1930,0.6031015586,6.845972576,-0.03892831624,0.001515413805,0.002795897433,0.9972041026,2165.333715,1924.497073,0.6785752788,0.6031015586,0.569101174,0.6371019432
synthetic_20250706,synthetic,2025-07-06,union,1931,0.6034144987,6.844207495,0.2125300806,0.04516903516,0.001407934093,0.9985920659,2165.378884,1925.495666,0.6785894339,0.6034144987,0.5694141141,0.6374148834
synthetic_20250706,synthetic,2025-07-06,union,1932,0.6037276109,6.841663822,0.3474460072,0.1207187279,0.0008590789066,0.9991409211,2165.499602,1926.494806,0.6786272649,0.6037276109,0.5697272263,0.6377279955
synthetic_20250706,synthetic,2025-07-06,union,1933,0.6040405536,6.839580941,0.8427891956,0.7102936282,0.001399955217,0.9986000448,2166.209896,1927.493406,0.6788498577,0.6040405536,0.570040169,0.6380409382
synthetic_20250706,synthetic,2025-07-06,union,1934,0.6043533084,6.838309109,1.511770833,2.285451052,0.001999430866,0.9980005691,2168.495347,1928.491407,0.6795660756,0.6043533084,0.5703529238,0.638353693
synthetic_20250706,synthetic,2025-07-06,union,1935,0.6046664855,6.835868669,0.1476688833,0.02180609908,0.0006518951101,0.9993481049,2168.517153,1929.490755,0.6795729092,0.6046664855,0.5706661009,0.6386668701
synthetic_20250706,synthetic,2025-07-06,union,1936,0.6049794378,6.833652289,0.5745173838,0.3300702243,0.001369198663,0.9986308013,2168.847223,1930.489386,0.679676347,0.6049794378,0.5709790532,0.6389798224
synthetic_20250706,synthetic,2025-07-06,union,1937,0.6052897151,6.833298798,0.4889840626,0.2391054135,0.009905227239,0.9900947728,2169.086329,1931.479481,0.6797512782,0.6052897151,0.5712893304,0.6392900997
synthetic_20250706,synthetic,2025-07-06,union,1938,0.6056026328,6.832374115,-0.4713841499,0.2222030168,0.001479310504,0.9985206895,2169.308532,1932.478001,0.6798209125,0.6056026328,0.5716022482,0.6396030174
synthetic_20250706,synthetic,2025-07-06,union,1939,0.6059147147,6.831489274,-1.720160481,2.95895208,0.004146831566,0.9958531684,2172.267484,1933.473855,0.680748193,0.6059147147,0.5719143301,0.6399150993
synthetic_20250706,synthetic,2025-07-06,union,1940,0.6062270855,6.831005047,0.1578430674,0.02491443393,0.003224852914,0.9967751471,2172.292398,1934.47063,0.6807560007,0.6062270855,0.5722267009,0.6402274701
synthetic_20250706,synthetic,2025-07-06,union,1941,0.6065402307,6.828680809,0.5267030142,0.2774160652,0.0007535570235,0.999246443,2172.569814,1935.469876,0.6808429378,0.6065402307,0.5725398461,0.6405406153
synthetic_20250706,synthetic,2025-07-06,union,1942,0.6068533944,6.825628947,0.6312573572,0.3984858511,0.0006945596782,0.9993054403,2172.9683,1936.469182,0.6809678158,0.6068533944,0.5728530098,0.640853779
synthetic_20250706,synthetic,2025-07-06,union,1943,0.6071662137,6.824212743,0.01064403364,0.0001132954522,0.001793785031,0.998206215,2172.968414,1937.467388,0.6809678513,0.6071662137,0.5731658291,0.6411665983
synthetic_20250706,synthetic,2025-07-06,union,1944,0.607478811,6.822875373,0.3721763525,0.1385152374,0.002501965475,0.9974980345,2173.106929,1938.464886,0.6810112594,0.607478811,0.5734784264,0.6414791956
synthetic_20250706,synthetic,2025-07-06,union,1945,0.6077919972,6.820994677,-0.7010216353,0.4914313332,0.0006226443686,0.9993773556,2173.59836,1939.464263,0.6811652649,0.6077919972,0.5737916126,0.6417923818
synthetic_20250706,synthetic,2025-07-06,union,1946,0.6081051266,6.820384412,-0.750485566,0.5632285847,0.0008042041429,0.9991957959,2174.161589,1940.463459,0.6813417702,0.6081051266,0.574104742,0.6421055112
synthetic_20250706,synthetic,2025-07-06,union,1947,0.6084184671,6.819815453,-0.5675952838,0.3221644062,0.0001303737073,0.9998696263,2174.483753,1941.463329,0.6814427305,0.6084184671,0.5744180825,0.6424188517
synthetic_20250706,synthetic,2025-07-06,union,1948,0.6087313047,6.817452625,-1.397392952,1.952707062,0.001735202953,0.998264797,2176.43646,1942.461593,0.6820546726,0.6087313047,0.5747309201,0.6427316893
synthetic_20250706,synthetic,2025-07-06,union,1949,0.6090445397,6.816829079,0.8040695484,0.6465278386,0.0004673337915,0.9995326662,2177.082988,1943.461126,0.6822572824,0.6090445397,0.5750441551,0.6430449243
synthetic_20250706,synthetic,2025-07-06,union,1950,0.6093568139,6.815028801,-0.4955071676,0.2455273532,0.003532848057,0.9964671519,2177.328515,1944.457593,0.6823342261,0.6093568139,0.5753564293,0.6433571985
synthetic_20250706,synthetic,2025-07-06,union,1951,0.6096686267,6.813738357,1.173309146,1.376654352,0.00500536195,0.9949946381,2178.70517,1945.452588,0.6827656439,0.6096686267,0.5756682421,0.6436690113
synthetic_20250706,synthetic,2025-07-06,union,1952,0.6099814291,6.812564496,-0.7360791372,0.5418124962,0.001847588137,0.9981524119,2179.246982,1946.45074,0.6829354379,0.6099814291,0.5759810445,0.6439818137
synthetic_20250706,synthetic,2025-07-06,union,1953,0.6102945296,6.810139659,0.6161571728,0.3796496616,0.0008963173141,0.9991036827,2179.626632,1947.449844,0.683054413,0.6102945296,0.576294145,0.6442949142
synthetic_20250706,synthetic,2025-07-06,union,1954,0.6106077392,6.80695305,-1.427223548,2.036967055,0.0005480770726,0.9994519229,2181.663599,1948.449296,0.6836927606,0.6106077392,0.5766073546,0.6446081238
synthetic_20250706,synthetic,2025-07-06,union,1955,0.6109205697,6.806231269,-0.161653795,0.02613194943,0.001758057032,0.998241943,2181.689731,1949.447538,0.6837009498,0.6109205697,0.5769201851,0.6449209543
synthetic_20250706,synthetic,2025-07-06,union,1956,0.6112336478,6.805948453,0.3571590744,0.1275626044,0.0009675660254,0.999032434,2181.817294,1950.44657,0.6837409256,0.6112336478,0.5772332632,0.6452340324
synthetic_20250706,synthetic,2025-07-06,union,1957,0.6115446566,6.803771259,0.01242630572,0.0001544130738,0.00757119649,0.9924288035,2181.817448,1951.438999,0.683740974,0.6115446566,0.577544272,0.6455450412
synthetic_20250706,synthetic,2025-07-06,union,1958,0.6118573825,6.801732433,0.9079503236,0.8243737901,0.002091537887,0.9979084621,2182.641822,1952.436908,0.6839993174,0.6118573825,0.5778569979,0.6458577671
synthetic_20250706,synthetic,2025-07-06,union,1959,0.6121688285,6.800420505,0.7727455353,0.5971356623,0.006175750881,0.9938242491,2183.238957,1953.430732,0.6841864486,0.6121688285,0.5781684439,0.6461692131
synthetic_20250706,synthetic,2025-07-06,union,1960,0.6124820703,6.800326189,-1.209278295,1.462353994,0.0004454083441,0.9995545917,2184.701311,1954.430286,0.6846447231,0.6124820703,0.5784816857,0.6464824549
synthetic_20250706,synthetic,2025-07-06,union,1961,0.6127947827,6.798117176,-0.8704289346,0.7576465301,0.002134919149,0.9978650809,2185.458958,1955.428151,0.6848821554,0.6127947827,0.5787943981,0.6467951673
synthetic_20250706,synthetic,2025-07-06,union,1962,0.6131080048,6.795013789,0.236403626,0.0558866744,0.0005082965296,0.9994917035,2185.514845,1956.427643,0.6848996692,0.6131080048,0.5791076202,0.6471083894
synthetic_20250706,synthetic,2025-07-06,union,1963,0.6134209661,6.794028478,-0.872370838,0.7610308791,0.001340277496,0.9986597225,2186.275875,1957.426303,0.6851381622,0.6134209661,0.5794205815,0.6474213507
synthetic_20250706,synthetic,2025-07-06,union,1964,0.6137336003,6.791637918,1.53395861,2.353029016,0.002384439414,0.9976155606,2188.628904,1958.423918,0.6858755577,0.6137336003,0.5797332157,0.6477339849
synthetic_20250706,synthetic,2025-07-06,union,1965,0.6140466644,6.787830015,-0.691484947,0.478151432,0.001012308157,0.9989876918,2189.107056,1959.422906,0.6860254014,0.6140466644,0.5800462798,0.648047049
synthetic_20250706,synthetic,2025-07-06,union,1966,0.6143593736,6.785698058,-1.215615293,1.477720541,0.002144965732,0.9978550343,2190.584776,1960.420761,0.6864884915,0.6143593736,0.580358989,0.6483597582
synthetic_20250706,synthetic,2025-07-06,union,1967,0.6146720762,6.785508551,-0.6400946567,0.4097211695,0.002165972522,0.9978340275,2190.994498,1961.418595,0.6866168905,0.6146720762,0.5806716916,0.6486724608
synthetic_20250706,synthetic,2025-07-06,union,1968,0.6149845133,6.784855492,-0.01626826066,0.0002646563048,0.003013293819,0.9969867062,2190.994762,1962.415582,0.6866169734,0.6149845133,0.5809841287,0.6489848979
synthetic_20250706,synthetic,2025-07-06,union,1969,0.6152966684,6.780792979,-0.7079015825,0.5011246505,0.003912952045,0.996087048,2191.495887,1963.411669,0.6867740166,0.6152966684,0.5812962838,0.649297053
synthetic_20250706,synthetic,2025-07-06,union,1970,0.615607483,6.780497548,-1.140035281,1.299680441,0.008190824729,0.9918091753,2192.795567,1964.403478,0.6871813122,0.615607483,0.5816070984,0.6496078676
synthetic_20250706,synthetic,2025-07-06,union,1971,0.6159204653,6.775868475,0.1213534973,0.0147266713,0.001273297882,0.9987267021,2192.810294,1965.402205,0.6871859273,0.6159204653,0.5819200807,0.6499208499
synthetic_20250706,synthetic,2025-07-06,union,1972,0.6162329422,6.775430375,-0.1161989697,0.01350220055,0.002886397321,0.9971136027,2192.823796,1966.399318,0.6871901586,0.6162329422,0.5822325576,0.6502333268
synthetic_20250706,synthetic,2025-07-06,union,1973,0.6165461483,6.773493619,0.7310626756,0.5344526357,0.0005592262043,0.9994407738,2193.358249,1967.398759,0.6873576462,0.6165461483,0.5825457637,0.6505465329
synthetic_20250706,synthetic,2025-07-06,union,1974,0.6168587056,6.772537203,-0.7923774171,0.6278619711,0.00262966505,0.9973703349,2193.986111,1968.39613,0.6875544064,0.6168587056,0.582858321,0.6508590902
synthetic_20250706,synthetic,2025-07-06,union,1975,0.6171717652,6.772379087,0.6584530773,0.433560455,0.001026844505,0.9989731555,2194.419671,1969.395103,0.6876902762,0.6171717652,0.5831713806,0.6511721498
synthetic_20250706,synthetic,2025-07-06,union,1976,0.6174846563,6.771495949,-0.687082284,0.472082065,0.001564324034,0.998435676,2194.891753,1970.393538,0.6878382179,0.6174846563,0.5834842717,0.6514850409
synthetic_20250706,synthetic,2025-07-06,union,1977,0.6177966076,6.769907702,0.1477124767,0.02181897577,0.004563394499,0.9954366055,2194.913572,1971.388975,0.6878450556,0.6177966076,0.583796223,0.6517969922
synthetic_20250706,synthetic,2025-07-06,union,1978,0.6181093349,6.769530921,-0.8107864241,0.6573746255,0.002087421381,0.9979125786,2195.570947,1972.386888,0.6880510645,0.6181093349,0.5841089503,0.6521097195
synthetic_20250706,synthetic,2025-07-06,union,1979,0.6184223927,6.768306889,-0.7988744101,0.6382003231,0.001032328946,0.9989676711,2196.209147,1973.385855,0.6882510646,0.6184223927,0.5844220081,0.6524227773
synthetic_20250706,synthetic,2025-07-06,union,1980,0.6187351366,6.767295991,-1.373382356,1.886179095,0.002034414524,0.9979655855,2198.095326,1974.383821,0.6888421581,0.6187351366,0.584734752,0.6527355212
synthetic_20250706,synthetic,2025-07-06,union,1981,0.6190482541,6.763680751,0.7414395957,0.549732674,0.0008419775903,0.9991580224,2198.645059,1975.382979,0.6890144341,0.6190482541,0.5850478695,0.6530486387
synthetic_20250706,synthetic,2025-07-06,union,1982,0.6193612881,6.760860599,-0.9021879663,0.8139431266,0.001108523063,0.9988914769,2199.459002,1976.38187,0.6892695087,0.6193612881,0.5853609035,0.6533616727
synthetic_20250706,synthetic,2025-07-06,union,1983,0.6196745142,6.757048956,-0.3486401238,0.1215499359,0.0004956727886,0.9995043272,2199.580552,1977.381375,0.6893076002,0.6196745142,0.5856741296,0.6536748988
synthetic_20250706,synthetic,2025-07-06,union,1984,0.6199874457,6.756015768,-1.080394293,1.167251829,0.001435551182,0.9985644488,2200.747804,1978.379939,0.6896733952,0.6199874457,0.5859870611,0.6539878303
synthetic_20250706,synthetic,2025-07-06,union,1985,0.6202997937,6.753039177,0.1134680138,0.01287499016,0.003297256841,0.9967027432,2200.760679,1979.376642,0.6896774299,0.6202997937,0.5862994091,0.6543001783
synthetic_20250706,synthetic,2025-07-06,union,1986,0.6206121362,6.752622402,0.2141516948,0.04586094839,0.003315277251,0.9966847227,2200.80654,1980.373327,0.6896918019,0.6206121362,0.5866117516,0.6546125208
synthetic_20250706,synthetic,2025-07-06,union,1987,0.620924264,6.751656361,0.07441633121,0.005537790351,0.004000136889,0.9959998631,2200.812078,1981.369326,0.6896935373,0.620924264,0.5869238794,0.6549246486
synthetic_20250706,synthetic,2025-07-06,union,1988,0.6212372489,6.750585083,0.2522105813,0.06361017734,0.001265232719,0.9987347673,2200.875688,1982.368061,0.6897134716,0.6212372489,0.5872368643,0.6552376335
synthetic_20250706,synthetic,2025-07-06,union,1989,0.6215496277,6.747940399,1.568836335,2.461247447,0.003199177426,0.9968008226,2203.336935,1983.364862,0.6904847807,0.6215496277,0.5875492431,0.6555500123
synthetic_20250706,synthetic,2025-07-06,union,1990,0.621862504,6.746525955,3.1038381,9.633810953,0.001611889829,0.9983881102,2212.970746,1984.36325,0.6935038377,0.621862504,0.5878621194,0.6558628886
synthetic_20250706,synthetic,2025-07-06,union,1991,0.6221756629,6.745910191,2.03556642,4.143530651,0.0007097724788,0.9992902275,2217.114277,1985.36254,0.6948023431,0.6221756629,0.5881752783,0.6561760475
synthetic_20250706,synthetic,2025-07-06,union,1992,0.6224886881,6.74496582,-1.35759807,1.84307252,0.001136630337,0.9988633697,2218.957349,1986.361404,0.6953799277,0.6224886881,0.5884883035,0.6564890727
synthetic_20250706,synthetic,2025-07-06,union,1993,0.622801379,6.743477384,1.420100443,2.016685268,0.002203241071,0.9977967589,2220.974035,1987.3592,0.6960119194,0.622801379,0.5888009944,0.6568017636
synthetic_20250706,synthetic,2025-07-06,union,1994,0.6231146341,6.742575391,0.8747315999,0.7651553719,0.0004032048322,0.9995967952,2221.73919,1988.358797,0.6962517048,0.6231146341,0.5891142495,0.6571150187
synthetic_20250706,synthetic,2025-07-06,union,1995,0.6234276025,6.74176121,0.6518121275,0.4248590495,0.001317773427,0.9986822266,2222.164049,1989.35748,0.6963848477,0.6234276025,0.5894272179,0.6574279871
synthetic_20250706,synthetic,2025-07-06,union,1996,0.6237407642,6.740528845,-0.7563189246,0.5720183157,0.0007011042117,0.9992988958,2222.736067,1990.356778,0.6965641076,0.6237407642,0.5897403796,0.6577411488
synthetic_20250706,synthetic,2025-07-06,union,1997,0.6240540801,6.738584071,0.7904986091,0.624888051,0.0002089473381,0.9997910527,2223.360955,1991.356569,0.6967599359,0.6240540801,0.5900536955,0.6580544647
synthetic_20250706,synthetic,2025-07-06,union,1998,0.6243668555,6.736882944,-0.4362914573,0.1903502357,0.001933502423,0.9980664976,2223.551306,1992.354636,0.6968195881,0.6243668555,0.5903664709,0.6583672401
synthetic_20250706,synthetic,2025-07-06,union,1999,0.624680004,6.734841117,0.6718694315,0.451408533,0.0007433178046,0.9992566822,2224.002714,1993.353893,0.6969610512,0.624680004,0.5906796194,0.6586803886
synthetic_20250706,synthetic,2025-07-06,union,2000,0.6249926533,6.733675639,0.3113879054,0.09696242761,0.002335955552,0.9976640444,2224.099677,1994.351557,0.6969914374,0.6249926533,0.5909922687,0.6589930379
synthetic_20250706,synthetic,2025-07-06,union,2001,0.6253058298,6.733215548,2.391460795,5.719084734,0.0006537507985,0.9993462492,2229.818761,1995.350903,0.6987836921,0.6253058298,0.5913054452,0.6593062144
synthetic_20250706,synthetic,2025-07-06,union,2002,0.6256182052,6.730936635,1.405168827,1.974499431,0.003210191249,0.9967898088,2231.793261,1996.347693,0.6994024634,0.6256182052,0.5916178206,0.6596185898
synthetic_20250706,synthetic,2025-07-06,union,2003,0.6259312478,6.730265519,-0.6257752514,0.3915946652,0.001080926419,0.9989190736,2232.184856,1997.346612,0.6995251819,0.6259312478,0.5919308632,0.6599316324
synthetic_20250706,synthetic,2025-07-06,union,2004,0.6262444165,6.72878903,0.1789682921,0.03202964959,0.0006787146488,0.9993212854,2232.216885,1998.345933,0.6995352194,0.6262444165,0.5922440319,0.6602448011
synthetic_20250706,synthetic,2025-07-06,union,2005,0.6265568722,6.7279151,0.4852298928,0.2354480489,0.002953972545,0.9970460275,2232.452333,1999.342979,0.6996090045,0.6265568722,0.5925564876,0.6605572568
synthetic_20250706,synthetic,2025-07-06,union,2006,0.6268698068,6.724273491,0.5363871224,0.2877111451,0.00142551566,0.9985744843,2232.740044,2000.341554,0.6996991678,0.6268698068,0.5928694222,0.6608701914
synthetic_20250706,synthetic,2025-07-06,union,2007,0.6271830979,6.720857348,0.1998886407,0.0399554687,0.0002883608731,0.9997116391,2232.78,2001.341265,0.6997116891,0.6271830979,0.5931827133,0.6611834825
synthetic_20250706,synthetic,2025-07-06,union,2008,0.6274957731,6.718690853,-0.5609631171,0.3146796187,0.002253255462,0.9977467445,2233.094679,2002.339012,0.6998103038,0.6274957731,0.5934953885,0.6614961577
synthetic_20250706,synthetic,2025-07-06,union,2009,0.6278089049,6.716604388,2.105118799,4.431525159,0.0007965188487,0.9992034812,2237.526205,2003.338215,0.7011990613,0.6278089049,0.5938085203,0.6618092895
synthetic_20250706,synthetic,2025-07-06,union,2010,0.6281217382,6.715795443,0.3635609272,0.1321765478,0.001748839118,0.9982511609,2237.658381,2004.336467,0.701240483,0.6281217382,0.5941213536,0.6621221228
synthetic_20250706,synthetic,2025-07-06,union,2011,0.6284346674,6.714875734,2.173273091,4.723115926,0.001442929679,0.9985570703,2242.381497,2005.335024,0.7027206196,0.6284346674,0.5944342828,0.662435052
synthetic_20250706,synthetic,2025-07-06,union,2012,0.6287476278,6.714708362,-1.331278811,1.772303272,0.001343407388,0.9986565926,2244.1538,2006.33368,0.7032760264,0.6287476278,0.5947472432,0.6627480124
synthetic_20250706,synthetic,2025-07-06,union,2013,0.6290606358,6.714560109,-0.7161049032,0.5128062323,0.001191620917,0.9988083791,2244.666607,2007.332489,0.7034367304,0.6290606358,0.5950602512,0.6630610204
synthetic_20250706,synthetic,2025-07-06,union,2014,0.6293725614,6.711739372,0.4889973045,0.2391183638,0.004645373792,0.9953546262,2244.905725,2008.327843,0.7035116656,0.6293725614,0.5953721768,0.663372946
synthetic_20250706,synthetic,2025-07-06,union,2015,0.6296852536,6.710489391,-0.5187051441,0.2690550265,0.002199210553,0.9978007894,2245.17478,2009.325644,0.7035959824,0.6296852536,0.595684869,0.6636856382
synthetic_20250706,synthetic,2025-07-06,union,2016,0.6299977313,6.70686749,0.06572564119,0.004319859909,0.002883625302,0.9971163747,2245.1791,2010.32276,0.7035973362,0.6299977313,0.5959973467,0.6639981159
synthetic_20250706,synthetic,2025-07-06,union,2017,0.6303100725,6.704744028,0.7232100494,0.5230327756,0.003318998154,0.9966810018,2245.702133,2011.319441,0.7037612449,0.6303100725,0.5963096879,0.6643104571
synthetic_20250706,synthetic,2025-07-06,union,2018,0.6306231414,6.70433406,0.6686507098,0.4470937717,0.0009971194446,0.9990028806,2246.149226,2012.318444,0.7039013558,0.6306231414,0.5966227568,0.664623526
synthetic_20250706,synthetic,2025-07-06,union,2019,0.6309360188,6.700981892,0.2061217268,0.04248616627,0.001608367842,0.9983916322,2246.191713,2013.316836,0.7039146702,0.6309360188,0.5969356342,0.6649364034
synthetic_20250706,synthetic,2025-07-06,union,2020,0.6312482657,6.699415601,1.536981994,2.362313648,0.003619989839,0.9963800102,2248.554026,2014.313216,0.7046549753,0.6312482657,0.5972478811,0.6652486503
synthetic_20250706,synthetic,2025-07-06,union,2021,0.6315608959,6.69854777,-3.503355352,12.27349873,0.002397128804,0.9976028712,2260.827525,2015.310819,0.7085012613,0.6315608959,0.5975605113,0.6655612805
synthetic_20250706,synthetic,2025-07-06,union,2022,0.63187414,6.694444797,-0.02631238996,0.0006923418653,0.0004381460678,0.9995618539,2260.828217,2016.310381,0.7085014783,0.63187414,0.5978737554,0.6658745246
synthetic_20250706,synthetic,2025-07-06,union,2023,0.6321866276,6.692658737,1.011232923,1.022592025,0.002852011255,0.9971479887,2261.850809,2017.307529,0.7088219396,0.6321866276,0.598186243,0.6661870122
synthetic_20250706,synthetic,2025-07-06,union,2024,0.6324988423,6.690728397,-0.8577848957,0.7357949273,0.003722794078,0.9962772059,2262.586604,2018.303806,0.709052524,0.6324988423,0.5984984577,0.6664992269
synthetic_20250706,synthetic,2025-07-06,union,2025,0.6328115018,6.690360186,0.8750754079,0.7657569695,0.002303740078,0.9976962599,2263.352361,2019.301502,0.709292498,0.6328115018,0.5988111172,0.6668118864
synthetic_20250706,synthetic,2025-07-06,union,2026,0.6331245062,6.690022551,1.223331589,1.496540177,0.001203016594,0.9987969834,2264.848901,2020.300299,0.7097614859,0.6331245062,0.5991241216,0.6671248908
synthetic_20250706,synthetic,2025-07-06,union,2027,0.6334372004,6.687530655,0.4903934267,0.240485713,0.002192791613,0.9978072084,2265.089387,2021.298106,0.7098368496,0.6334372004,0.5994368158,0.667437585
synthetic_20250706,synthetic,2025-07-06,union,2028,0.6337496564,6.686469131,0.9190481895,0.8446495746,0.002952809275,0.9970471907,2265.934037,2022.295154,0.7101015471,0.6337496564,0.5997492718,0.667750041
synthetic_20250706,synthetic,2025-07-06,union,2029,0.6340625899,6.683840124,-1.268016404,1.607865602,0.001429192185,0.9985708078,2267.541902,2023.293724,0.7106054222,0.6340625899,0.6000622053,0.6680629745
synthetic_20250706,synthetic,2025-07-06,union,2030,0.6343757043,6.681821146,-0.5436056176,0.2955070675,0.0008518665596,0.9991481334,2267.837409,2024.292873,0.7106980286,0.6343757043,0.6003753197,0.6683760889
synthetic_20250706,synthetic,2025-07-06,union,2031,0.6346880863,6.68018049,0.6568658773,0.4314727807,0.003188972325,0.9968110277,2268.268882,2025.289684,0.7108332442,0.6346880863,0.6006877017,0.6686884709
synthetic_20250706,synthetic,2025-07-06,union,2032,0.635001148,6.677581141,0.2097815513,0.04400829925,0.001020194389,0.9989798056,2268.31289,2026.288663,0.7108470355,0.635001148,0.6010007634,0.6690015326
synthetic_20250706,synthetic,2025-07-06,union,2033,0.6353143977,6.676704588,0.2775114828,0.07701262308,0.0004203357637,0.9995796642,2268.389903,2027.288243,0.7108711699,0.6353143977,0.6013140131,0.6693147823
synthetic_20250706,synthetic,2025-07-06,union,2034,0.6356276178,6.675199216,0.1614303645,0.02605976258,0.0005145923485,0.9994854077,2268.415963,2028.287728,0.7108793365,0.6356276178,0.6016272332,0.6696280024
synthetic_20250706,synthetic,2025-07-06,union,2035,0.6359405581,6.671240757,1.369003595,1.874170844,0.001407572777,0.9985924272,2270.290134,2029.286321,0.7114666668,0.6359405581,0.6019401735,0.6699409427
synthetic_20250706,synthetic,2025-07-06,union,2036,0.6362533505,6.670354252,-0.9555770102,0.9131274225,0.001879232656,0.9981207673,2271.203261,2030.284442,0.7117528239,0.6362533505,0.6022529659,0.6702537351
synthetic_20250706,synthetic,2025-07-06,union,2037,0.6365665482,6.66910902,0.2910725944,0.08472325521,0.0005864526654,0.9994135473,2271.287984,2031.283855,0.7117793746,0.6365665482,0.6025661636,0.6705669328
synthetic_20250706,synthetic,2025-07-06,union,2038,0.6368797799,6.664778864,1.053828849,1.110555243,0.0004773738522,0.9995226261,2272.39854,2032.283378,0.7121274019,0.6368797799,0.6028793953,0.6708801645
synthetic_20250706,synthetic,2025-07-06,union,2039,0.6371925621,6.664034778,-1.370578103,1.878484336,0.001911956499,0.9980880435,2274.277024,2033.281466,0.7127160839,0.6371925621,0.6031921775,0.6711929467
synthetic_20250706,synthetic,2025-07-06,union,2040,0.6375043851,6.663753288,2.570231792,6.606091465,0.004972923768,0.9950270762,2280.883115,2034.276493,0.71478631,0.6375043851,0.6035040005,0.6715047697
synthetic_20250706,synthetic,2025-07-06,union,2041,0.6378162069,6.662426109,1.460643133,2.133478361,0.0049766482,0.9950233518,2283.016594,2035.271516,0.7154549024,0.6378162069,0.6038158223,0.6718165915
synthetic_20250706,synthetic,2025-07-06,union,2042,0.6381289562,6.662051504,0.2005936242,0.04023780206,0.002017118506,0.9979828815,2283.056832,2036.269499,0.7154675122,0.6381289562,0.6041285716,0.6721293408
synthetic_20250706,synthetic,2025-07-06,union,2043,0.6384414989,6.660558855,0.9785058795,0.9574737563,0.002675983403,0.9973240166,2284.014305,2037.266823,0.7157675667,0.6384414989,0.6044411143,0.6724418835
synthetic_20250706,synthetic,2025-07-06,union,2044,0.6387546792,6.657070367,-0.02008044037,0.0004032240853,0.000641720921,0.9993582791,2284.014708,2038.266181,0.715767693,0.6387546792,0.6047542946,0.6727550638
synthetic_20250706,synthetic,2025-07-06,union,2045,0.6390670904,6.654164807,-1.670301716,2.789907822,0.003096089993,0.99690391,2286.804616,2039.263085,0.7166419982,0.6390670904,0.6050667058,0.673067475
synthetic_20250706,synthetic,2025-07-06,union,2046,0.6393789655,6.653388191,-0.146434664,0.02144311082,0.004806484849,0.9951935152,2286.826059,2040.258279,0.7166487181,0.6393789655,0.6053785809,0.6733793501
synthetic_20250706,synthetic,2025-07-06,union,2047,0.6396915188,6.651998789,0.8598927759,0.739415586,0.00264231681,0.9973576832,2287.565475,2041.255637,0.7168804372,0.6396915188,0.6056911342,0.6736919034
synthetic_20250706,synthetic,2025-07-06,union,2048,0.6400025797,6.650159506,-2.283687578,5.215228953,0.00740457878,0.9925954212,2292.780704,2042.248232,0.7185147928,0.6400025797,0.6060021951,0.6740029643
synthetic_20250706,synthetic,2025-07-06,union,2049,0.6403153921,6.649154586,-2.474281829,6.122070568,0.001815757046,0.998184243,2298.902775,2043.246416,0.7204333358,0.6403153921,0.6063150075,0.6743157767
synthetic_20250706,synthetic,2025-07-06,union,2050,0.6406285514,6.645996382,-0.1968907447,0.03876596534,0.000708742448,0.9992912576,2298.94154,2044.245707,0.7204454843,0.6406285514,0.6066281668,0.674628936
synthetic_20250706,synthetic,2025-07-06,union,2051,0.6409413769,6.643915067,0.1367768223,0.01870789912,0.001773772088,0.9982262279,2298.960248,2045.243934,0.720451347,0.6409413769,0.6069409923,0.6749417615
synthetic_20250706,synthetic,2025-07-06,union,2052,0.6412545695,6.642835882,0.6726471441,0.4524541805,0.0006025160418,0.999397484,2299.412703,2046.243331,0.7205931378,0.6412545695,0.6072541849,0.6752549541
synthetic_20250706,synthetic,2025-07-06,union,2053,0.6415676582,6.6411129,-0.3286633723,0.1080196123,0.000933991762,0.9990660082,2299.520722,2047.242397,0.7206269891,0.6415676582,0.6075672736,0.6755680428
synthetic_20250706,synthetic,2025-07-06,union,2054,0.6418808231,6.639043212,1.47178942,2.166164097,0.0006907008597,0.9993092991,2301.686886,2048.241706,0.7213058246,0.6418808231,0.6078804385,0.6758812077
synthetic_20250706,synthetic,2025-07-06,union,2055,0.6421937276,6.635740606,-0.04784904587,0.002289531191,0.00152164181,0.9984783582,2301.689176,2049.240185,0.7213065421,0.6421937276,0.608193343,0.6761941122
synthetic_20250706,synthetic,2025-07-06,union,2056,0.6425060438,6.635233644,-1.590786506,2.530601708,0.003399028986,0.996600971,2304.219778,2050.236786,0.7220995856,0.6425060438,0.6085056592,0.6765064284
synthetic_20250706,synthetic,2025-07-06,union,2057,0.6428188622,6.63370894,-0.5712493024,0.3263257655,0.001796607207,0.9982033928,2304.546103,2051.234989,0.72220185,0.6428188622,0.6088184776,0.6768192468
synthetic_20250706,synthetic,2025-07-06,union,2058,0.6431317229,6.633452874,-0.008472484988,7.178300187e-05,0.001661440848,0.9983385592,2304.546175,2052.233328,0.7222018725,0.6431317229,0.6091313383,0.6771321075
synthetic_20250706,synthetic,2025-07-06,union,2059,0.6434442424,6.631638395,1.202511868,1.446034793,0.002750316984,0.997249683,2305.99221,2053.230577,0.7226550329,0.6434442424,0.6094438578,0.677444627
synthetic_20250706,synthetic,2025-07-06,union,2060,0.6437573166,6.629436622,1.836406749,3.372389748,0.0009803045305,0.9990196955,2309.3646,2054.229597,0.723711877,0.6437573166,0.609756932,0.6777577012
synthetic_20250706,synthetic,2025-07-06,union,2061,0.6440698251,6.628477876,-0.5716251335,0.3267552932,0.002785086789,0.9972149132,2309.691355,2055.226812,0.7238142761,0.6440698251,0.6100694405,0.6780702097
synthetic_20250706,synthetic,2025-07-06,union,2062,0.6443822924,6.627306752,-2.449125319,5.99821483,0.002916910651,0.9970830893,2315.68957,2056.223895,0.7256940049,0.6443822924,0.6103819078,0.678382677
synthetic_20250706,synthetic,2025-07-06,union,2063,0.6446954763,6.625220588,1.067942674,1.140501556,0.0006303701416,0.9993696299,2316.830071,2057.223265,0.7260514169,0.6446954763,0.6106950917,0.6786958609
synthetic_20250706,synthetic,2025-07-06,union,2064,0.6450077679,6.623571506,-0.4010902958,0.1608734254,0.003477265316,0.9965227347,2316.990945,2058.219787,0.7261018316,0.6450077679,0.6110073833,0.6790081525
synthetic_20250706,synthetic,2025-07-06,union,2065,0.6453209797,6.62285284,-1.103898514,1.218591929,0.0005412238227,0.9994587762,2318.209537,2059.219246,0.7264837157,0.6453209797,0.6113205951,0.6793213643
synthetic_20250706,synthetic,2025-07-06,union,2066,0.6456341519,6.619523904,0.9332330312,0.8709238906,0.0006674253224,0.9993325747,2319.080461,2060.218579,0.726756647,0.6456341519,0.6116337673,0.6796345365
synthetic_20250706,synthetic,2025-07-06,union,2067,0.6459453366,6.616153026,1.642978532,2.699378457,0.007009722001,0.992990278,2321.779839,2061.211569,0.7276025819,0.6459453366,0.611944952,0.6799457212
synthetic_20250706,synthetic,2025-07-06,union,2068,0.6462583672,6.615716052,-1.514601017,2.29401624,0.001119258012,0.998880742,2324.073855,2062.21045,0.7283214839,0.6462583672,0.6122579826,0.6802587518
synthetic_20250706,synthetic,2025-07-06,union,2069,0.6465710204,6.614643405,-0.06493382826,0.004216402053,0.002323862146,0.9976761379,2324.078072,2063.208126,0.7283228053,0.6465710204,0.6125706358,0.680571405
synthetic_20250706,synthetic,2025-07-06,union,2070,0.6468843439,6.613830402,-0.6942277006,0.4819521002,0.0001845990336,0.999815401,2324.560024,2064.207941,0.7284738401,0.6468843439,0.6128839593,0.6808847285
synthetic_20250706,synthetic,2025-07-06,union,2071,0.6471976466,6.612276287,-0.4617019462,0.2131686871,0.0002512288325,0.9997487712,2324.773192,2065.20769,0.7285406432,0.6471976466,0.613197262,0.6811980312
synthetic_20250706,synthetic,2025-07-06,union,2072,0.6475104085,6.610568881,0.4284878855,0.1836018681,0.001976497841,0.9980235022,2324.956794,2066.205714,0.7285981806,0.6475104085,0.6135100239,0.6815107931
synthetic_20250706,synthetic,2025-07-06,union,2073,0.6478230563,6.608678402,0.1002063294,0.01004130846,0.002340889945,0.9976591101,2324.966836,2067.203373,0.7286013274,0.6478230563,0.6138226717,0.6818234409
synthetic_20250706,synthetic,2025-07-06,union,2074,0.6481354821,6.608229399,0.1760301692,0.03098662049,0.003049550551,0.9969504494,2324.997822,2068.200323,0.728611038,0.6481354821,0.6141350975,0.6821358667
synthetic_20250706,synthetic,2025-07-06,union,2075,0.6484475924,6.606327228,1.945977959,3.786830219,0.004055745283,0.9959442547,2328.784652,2069.196267,0.7297977601,0.6484475924,0.6144472078,0.682447977
synthetic_20250706,synthetic,2025-07-06,union,2076,0.6487599022,6.603627323,0.1198007285,0.01435221455,0.003419542798,0.9965804572,2328.799005,2070.192848,0.7298022578,0.6487599022,0.6147595176,0.6827602868
synthetic_20250706,synthetic,2025-07-06,union,2077,0.6490726586,6.603173081,-0.06895161003,0.004754324525,0.001994324293,0.9980056757,2328.803759,2071.190854,0.7298037477,0.6490726586,0.615072274,0.6830730432
synthetic_20250706,synthetic,2025-07-06,union,2078,0.6493856063,6.602670008,-0.3854037996,0.1485360888,0.001383957049,0.998616043,2328.952295,2072.18947,0.7298502962,0.6493856063,0.6153852217,0.6833859909
synthetic_20250706,synthetic,2025-07-06,union,2079,0.649698616,6.600197189,-0.8137689595,0.6622199195,0.001185868857,0.9988141311,2329.614515,2073.188284,0.7300578236,0.649698616,0.6156982314,0.6836990006
synthetic_20250706,synthetic,2025-07-06,union,2080,0.6500116514,6.599194615,-0.5074216133,0.2574766937,0.001104154921,0.9988958451,2329.871992,2074.18718,0.730138512,0.6500116514,0.6160112668,0.684012036
synthetic_20250706,synthetic,2025-07-06,union,2081,0.6503242402,6.59693362,0.5698145409,0.324688611,0.002529206156,0.9974707938,2330.19668,2075.18465,0.7302402633,0.6503242402,0.6163238556,0.6843246248
synthetic_20250706,synthetic,2025-07-06,union,2082,0.650637133,6.594607832,-1.262165695,1.593062242,0.001559034352,0.9984409656,2331.789743,2076.183091,0.7307394994,0.650637133,0.6166367484,0.6846375176
synthetic_20250706,synthetic,2025-07-06,union,2083,0.6509495604,6.593870785,0.07526695441,0.005665114427,0.003044328068,0.9969556719,2331.795408,2077.180047,0.7307412747,0.6509495604,0.6169491758,0.684949945
synthetic_20250706,synthetic,2025-07-06,union,2084,0.6512627737,6.591841741,-0.2700880266,0.07294754211,0.0005360612427,0.9994639388,2331.868355,2078.179511,0.7307641351,0.6512627737,0.6172623891,0.6852631583
synthetic_20250706,synthetic,2025-07-06,union,2085,0.6515743162,6.590623587,1.430969071,2.047672483,0.005867886399,0.9941321136,2333.916028,2079.173643,0.7314058376,0.6515743162,0.6175739316,0.6855747008
synthetic_20250706,synthetic,2025-07-06,union,2086,0.6518873865,6.588865448,-0.2633748456,0.06936630931,0.0009928577778,0.9990071422,2333.985394,2080.17265,0.7314275757,0.6518873865,0.6178870019,0.6858877711
synthetic_20250706,synthetic,2025-07-06,union,2087,0.6521984708,6.588057597,-0.2403811823,0.05778311282,0.007329942513,0.9926700575,2334.043177,2081.16532,0.7314456838,0.6521984708,0.6181980862,0.6861988554
synthetic_20250706,synthetic,2025-07-06,union,2088,0.6525102568,6.586549642,0.6683593744,0.4467042533,0.005090835063,0.9949091649,2334.489881,2082.160229,0.7315856726,0.6525102568,0.6185098722,0.6865106414
synthetic_20250706,synthetic,2025-07-06,union,2089,0.6528234555,6.581990121,0.07699901839,0.005928848833,0.0005829008339,0.9994170992,2334.49581,2083.159647,0.7315875306,0.6528234555,0.6188230709,0.6868238401
synthetic_20250706,synthetic,2025-07-06,union,2090,0.6531363359,6.580228161,0.9164583348,0.8398958793,0.001598712493,0.9984012875,2335.335706,2084.158048,0.7318507383,0.6531363359,0.6191359513,0.6871367205
synthetic_20250706,synthetic,2025-07-06,union,2091,0.6534490867,6.578513221,-1.437392626,2.066097561,0.002012180939,0.9979878191,2337.401804,2085.156036,0.7324982149,0.6534490867,0.6194487021,0.6874494713
synthetic_20250706,synthetic,2025-07-06,union,2092,0.6537619531,6.575140756,-1.390322675,1.93299714,0.001643442176,0.9983565578,2339.334801,2086.154392,0.7331039802,0.6537619531,0.6197615685,0.6877623377
synthetic_20250706,synthetic,2025-07-06,union,2093,0.654074733,6.574232024,-0.3869689192,0.1497449444,0.001919385106,0.9980806149,2339.484546,2087.152473,0.7331509075,0.654074733,0.6200743484,0.6880751176
synthetic_20250706,synthetic,2025-07-06,union,2094,0.6543868166,6.569508377,-1.129957953,1.276804976,0.00414097266,0.9958590273,2340.761351,2088.148332,0.7335510344,0.6543868166,0.620386432,0.6883872012
synthetic_20250706,synthetic,2025-07-06,union,2095,0.6546999235,6.567728915,0.7605484465,0.5784339395,0.0008760345472,0.9991239655,2341.339785,2089.147456,0.7337323048,0.6546999235,0.6206995389,0.6887003081
synthetic_20250706,synthetic,2025-07-06,union,2096,0.6550121272,6.565235566,1.439876107,2.073243202,0.003758054512,0.9962419455,2343.413028,2090.143698,0.7343820206,0.6550121272,0.6210117426,0.6890125118
synthetic_20250706,synthetic,2025-07-06,union,2097,0.6553253703,6.561918491,0.2114431096,0.04470818859,0.0004412012463,0.9995587988,2343.457736,2091.143257,0.7343960313,0.6553253703,0.6213249857,0.6893257549
synthetic_20250706,synthetic,2025-07-06,union,2098,0.6556379622,6.558071817,-0.325056577,0.1056617783,0.002519341607,0.9974806584,2343.563398,2092.140737,0.7344291438,0.6556379622,0.6216375776,0.6896383468
synthetic_20250706,synthetic,2025-07-06,union,2099,0.6559510167,6.557627639,0.7403818727,0.5481653175,0.001042981787,0.9989570182,2344.111563,2093.139694,0.7346009286,0.6559510167,0.6219506321,0.6899514013
synthetic_20250706,synthetic,2025-07-06,union,2100,0.6562636592,6.557132735,-0.2744850445,0.07534203964,0.002357892894,0.9976421071,2344.186905,2094.137336,0.7346245394,0.6562636592,0.6222632746,0.6902640438
synthetic_20250706,synthetic,2025-07-06,union,2101,0.6565766255,6.556242441,1.825826774,3.333643409,0.001324268377,0.9986757316,2347.520549,2095.136012,0.7356692412,0.6565766255,0.6225762409,0.6905770101
synthetic_20250706,synthetic,2025-07-06,union,2102,0.6568898408,6.55254718,-0.4326951518,0.1872250944,0.0005301420153,0.999469858,2347.707774,2096.135482,0.735727914,0.6568898408,0.6228894562,0.6908902254
synthetic_20250706,synthetic,2025-07-06,union,2103,0.657202931,6.551025545,-0.4688431032,0.2198138554,0.0009291273252,0.9990708727,2347.927588,2097.134553,0.7357967996,0.657202931,0.6232025464,0.6912033156
synthetic_20250706,synthetic,2025-07-06,union,2104,0.657515387,6.549965346,0.6192055755,0.3834155448,0.002952856262,0.9970471437,2348.311003,2098.1316,0.7359169549,0.657515387,0.6235150024,0.6915157716
synthetic_20250706,synthetic,2025-07-06,union,2105,0.6578285592,6.549062058,-0.7005515574,0.4907724845,0.0006675119949,0.999332488,2348.801776,2099.130932,0.7360707539,0.6578285592,0.6238281746,0.6918289438
synthetic_20250706,synthetic,2025-07-06,union,2106,0.6581410364,6.546039389,-1.626424144,2.645255495,0.002885280792,0.9971147192,2351.447031,2100.128047,0.7368997277,0.6581410364,0.6241406518,0.692141421
synthetic_20250706,synthetic,2025-07-06,union,2107,0.6584535939,6.544449527,-0.4103412295,0.1683799247,0.002628973257,0.9973710267,2351.615411,2101.125418,0.7369524948,0.6584535939,0.6244532093,0.6924539785
synthetic_20250706,synthetic,2025-07-06,union,2108,0.6587662934,6.543753917,1.480977033,2.193292971,0.002175916647,0.9978240834,2353.808704,2102.123242,0.737639832,0.6587662934,0.6247659088,0.692766678
synthetic_20250706,synthetic,2025-07-06,union,2109,0.6590793043,6.543545922,-0.1168682466,0.01365818706,0.001182150023,0.99881785,2353.822362,2103.12206,0.7376441122,0.6590793043,0.6250789197,0.6930796889
synthetic_20250706,synthetic,2025-07-06,union,2110,0.6593914629,6.541678046,0.6529492494,0.4263427223,0.003902208816,0.9960977912,2354.248705,2104.118158,0.7377777201,0.6593914629,0.6253910783,0.6933918475
synthetic_20250706,synthetic,2025-07-06,union,2111,0.6597044553,6.541306806,-0.06077621065,0.003693747781,0.001241234741,0.9987587653,2354.252399,2105.116917,0.7377788777,0.6597044553,0.6257040707,0.6937048399
synthetic_20250706,synthetic,2025-07-06,union,2112,0.6600160056,6.540584099,-0.481473694,0.231816918,0.005842796732,0.9941572033,2354.484216,2106.111074,0.7378515248,0.6600160056,0.626015621,0.6940163902
synthetic_20250706,synthetic,2025-07-06,union,2113,0.6603291206,6.538153584,0.4713890021,0.2222075913,0.0008499731682,0.9991500268,2354.706423,2107.110224,0.7379211605,0.6603291206,0.626328736,0.6943295052
synthetic_20250706,synthetic,2025-07-06,union,2114,0.6606422343,6.537202072,-1.772525581,3.141846936,0.0008543688057,0.9991456312,2357.84827,2108.10937,0.7389057568,0.6606422343,0.6266418497,0.6946426189
synthetic_20250706,synthetic,2025-07-06,union,2115,0.6609554141,6.534881716,1.150743269,1.324210071,0.0006431354134,0.9993568646,2359.17248,2109.108726,0.7393207396,0.6609554141,0.6269550295,0.6949557987
synthetic_20250706,synthetic,2025-07-06,union,2116,0.6612681938,6.533926388,1.606647301,2.581315548,0.001919893402,0.9980801066,2361.753796,2110.106807,0.7401296759,0.6612681938,0.6272678092,0.6952685784
synthetic_20250706,synthetic,2025-07-06,union,2117,0.6615812172,6.533466399,0.1295830476,0.01679176622,0.001142330465,0.9988576695,2361.770587,2111.105664,0.7401349381,0.6615812172,0.6275808326,0.6955816018
synthetic_20250706,synthetic,2025-07-06,union,2118,0.661893632,6.531871599,0.7536553878,0.5679964436,0.003084600456,0.9969153995,2362.338584,2112.10258,0.7403129376,0.661893632,0.6278932474,0.6958940166
synthetic_20250706,synthetic,2025-07-06,union,2119,0.6622064058,6.529983318,-1.458821714,2.128160793,0.001938749279,0.9980612507,2364.466745,2113.100641,0.7409798636,0.6622064058,0.6282060212,0.6962067904
synthetic_20250706,synthetic,2025-07-06,union,2120,0.6625196409,6.528764337,1.20609775,1.454671783,0.0004666679809,0.999533332,2365.921416,2114.100174,0.7414357306,0.6625196409,0.6285192563,0.6965200255
synthetic_20250706,synthetic,2025-07-06,union,2121,0.6628318053,6.528292121,-0.4706374195,0.2214995807,0.003883543022,0.996116457,2366.142916,2115.096291,0.7415051445,0.6628318053,0.6288314207,0.6968321899
synthetic_20250706,synthetic,2025-07-06,union,2122,0.6631447397,6.527318887,-0.6657147108,0.4431760762,0.001426172333,0.9985738277,2366.586092,2116.094864,0.7416440276,0.6631447397,0.6291443551,0.6971451243
synthetic_20250706,synthetic,2025-07-06,union,2123,0.6634574856,6.523499843,-0.7049167383,0.496907608,0.002028032893,0.9979719671,2367.083,2117.092836,0.7417997492,0.6634574856,0.629457101,0.6974578702
synthetic_20250706,synthetic,2025-07-06,union,2124,0.6637701864,6.522082732,0.1045010449,0.01092046839,0.00217152599,0.997828474,2367.09392,2118.090665,0.7418031715,0.6637701864,0.6297698018,0.697770571
synthetic_20250706,synthetic,2025-07-06,union,2125,0.6640833316,6.520371984,2.21097756,4.888421769,0.0007536748978,0.9992463251,2371.982342,2119.089911,0.7433351119,0.6640833316,0.630082947,0.6980837162
synthetic_20250706,synthetic,2025-07-06,union,2126,0.6643957656,6.519571974,-0.7727119611,0.5970837749,0.003023279392,0.9969767206,2372.579426,2120.086888,0.7435222268,0.6643957656,0.630395381,0.6983961502
synthetic_20250706,synthetic,2025-07-06,union,2127,0.6647085417,6.518836524,-0.2299146113,0.05286072851,0.001931289651,0.9980687103,2372.632286,2121.084957,0.7435387924,0.6647085417,0.6307081571,0.6987089263
synthetic_20250706,synthetic,2025-07-06,union,2128,0.6650209252,6.517705472,-0.3834093993,0.1470027674,0.00318435231,0.9968156477,2372.779289,2122.081772,0.7435848603,0.6650209252,0.6310205406,0.6990213098
synthetic_20250706,synthetic,2025-07-06,union,2129,0.66533382,6.515074735,1.134412274,1.286891207,0.001552676662,0.9984473233,2374.06618,2123.08022,0.743988148,0.66533382,0.6313334354,0.6993342046
synthetic_20250706,synthetic,2025-07-06,union,2130,0.6656468592,6.512164448,-0.8547078967,0.7305255887,0.001092063981,0.998907936,2374.796706,2124.079128,0.7442170812,0.6656468592,0.6316464746,0.6996472438
synthetic_20250706,synthetic,2025-07-06,union,2131,0.6659599859,6.511720509,-0.3769608056,0.1420994489,0.0008126441921,0.9991873558,2374.938805,2125.078315,0.7442616125,0.6659599859,0.6319596013,0.6999603705
synthetic_20250706,synthetic,2025-07-06,union,2132,0.6662722488,6.51130767,-0.168596873,0.02842490559,0.003569049151,0.9964309508,2374.96723,2126.074746,0.7442705203,0.6662722488,0.6322718642,0.7002726334
synthetic_20250706,synthetic,2025-07-06,union,2133,0.6665850932,6.511075581,-0.05890260943,0.003469517398,0.001713504085,0.9982864959,2374.9707,2127.073032,0.7442716076,0.6665850932,0.6325847086,0.7005854778
synthetic_20250706,synthetic,2025-07-06,union,2134,0.6668972977,6.506911399,0.1084613477,0.01176386395,0.003755451275,0.9962445487,2374.982464,2128.069277,0.7442752942,0.6668972977,0.6328969131,0.7008976823
synthetic_20250706,synthetic,2025-07-06,union,2135,0.6672101482,6.505103649,-1.39238787,1.938743981,0.001694188816,0.9983058112,2376.921208,2129.067583,0.7448828605,0.6672101482,0.6332097636,0.7012105328
synthetic_20250706,synthetic,2025-07-06,union,2136,0.6675231626,6.5048295,-0.2772682728,0.07687769509,0.001170753764,0.9988292462,2376.998085,2130.066412,0.7449069525,0.6675231626,0.633522778,0.7015235472
synthetic_20250706,synthetic,2025-07-06,union,2137,0.6678361055,6.503056216,1.301470815,1.693826282,0.001399281912,0.9986007181,2378.691912,2131.065013,0.7454377661,0.6678361055,0.6338357209,0.7018364901
synthetic_20250706,synthetic,2025-07-06,union,2138,0.6681486401,6.50168664,-0.4274953072,0.1827522377,0.002702212287,0.9972977877,2378.874664,2132.062311,0.7454950373,0.6681486401,0.6341482555,0.7021490247
synthetic_20250706,synthetic,2025-07-06,union,2139,0.6684616307,6.499837545,0.3347887184,0.112083486,0.001246852057,0.9987531479,2378.986747,2133.061064,0.7455301622,0.6684616307,0.6344612461,0.7024620153
synthetic_20250706,synthetic,2025-07-06,union,2140,0.6687747519,6.496575371,-0.07256686781,0.005265950303,0.0008304885724,0.9991695114,2378.992013,2134.060233,0.7455318124,0.6687747519,0.6347743673,0.7027751365
synthetic_20250706,synthetic,2025-07-06,union,2141,0.6690876752,6.496212806,0.8133905987,0.6616042661,0.001461747834,0.9985382522,2379.653618,2135.058771,0.7457391469,0.6690876752,0.6350872906,0.7030880598
synthetic_20250706,synthetic,2025-07-06,union,2142,0.6694009362,6.49583162,-0.2727244284,0.07437861385,0.0003839128333,0.9996160872,2379.727996,2136.058388,0.7457624557,0.6694009362,0.6354005516,0.7034013208
synthetic_20250706,synthetic,2025-07-06,union,2143,0.669714156,6.495417364,-1.514994366,2.295207929,0.0005158040168,0.999484196,2382.023204,2137.057872,0.7464817312,0.669714156,0.6357137714,0.7037145406
synthetic_20250706,synthetic,2025-07-06,union,2144,0.6700268735,6.49248205,-1.853791772,3.436543932,0.002118422539,0.9978815775,2385.459748,2138.055753,0.7475586801,0.6700268735,0.6360264889,0.7040272581
synthetic_20250706,synthetic,2025-07-06,union,2145,0.6703394587,6.491718585,-0.4722902986,0.2230581261,0.002540546783,0.9974594532,2385.682806,2139.053213,0.7476285823,0.6703394587,0.6363390741,0.7043398433
synthetic_20250706,synthetic,2025-07-06,union,2146,0.6706516797,6.489702087,0.5334060493,0.2845220135,0.003702710064,0.9962972899,2385.967328,2140.04951,0.7477177462,0.6706516797,0.6366512951,0.7046520643
synthetic_20250706,synthetic,2025-07-06,union,2147,0.6709646069,6.48681626,-1.131843305,1.281069267,0.001449554428,0.9985504456,2387.248398,2141.04806,0.7481192095,0.6709646069,0.6369642223,0.7049649915
synthetic_20250706,synthetic,2025-07-06,union,2148,0.6712777564,6.486356454,-0.05405844542,0.002922315521,0.0007398489252,0.9992601511,2387.25132,2142.047321,0.7481201253,0.6712777564,0.6372773718,0.705278141
synthetic_20250706,synthetic,2025-07-06,union,2149,0.6715908561,6.484986539,-1.234552181,1.524119089,0.0008986648331,0.9991013352,2388.775439,2143.046422,0.7485977559,0.6715908561,0.6375904715,0.7055912407
synthetic_20250706,synthetic,2025-07-06,union,2150,0.6719037115,6.482549998,-1.084464773,1.176063844,0.001678564046,0.998321436,2389.951503,2144.044743,0.7489663124,0.6719037115,0.6379033269,0.7059040961
synthetic_20250706,synthetic,2025-07-06,union,2151,0.6722163897,6.481904398,-0.6189068359,0.3830456716,0.002243775887,0.9977562241,2390.334548,2145.0425,0.7490863518,0.6722163897,0.6382160051,0.7062167743
synthetic_20250706,synthetic,2025-07-06,union,2152,0.6725293005,6.481305703,-0.1579229084,0.024939645,0.001501672442,0.9984983276,2390.359488,2146.040998,0.7490941674,0.6725293005,0.6385289159,0.7065296851
synthetic_20250706,synthetic,2025-07-06,union,2153,0.6728414046,6.47856889,1.164272654,1.355530813,0.004075810038,0.99592419,2391.715019,2147.036922,0.7495189655,0.6728414046,0.63884102,0.7068417892
synthetic_20250706,synthetic,2025-07-06,union,2154,0.673153852,6.477153705,-0.5884390751,0.3462605451,0.002980465233,0.9970195348,2392.061279,2148.033942,0.7496274771,0.673153852,0.6391534674,0.7071542366
synthetic_20250706,synthetic,2025-07-06,union,2155,0.6734660175,6.475294572,-0.032605934,0.001063146932,0.003879743134,0.9961202569,2392.062343,2149.030062,0.7496278103,0.6734660175,0.6394656329,0.7074664021
synthetic_20250706,synthetic,2025-07-06,union,2156,0.6737789734,6.473902331,-0.8160936343,0.6660088199,0.001357825743,0.9986421743,2392.728351,2150.028704,0.749836525,0.6737789734,0.6397785888,0.707779358
synthetic_20250706,synthetic,2025-07-06,union,2157,0.6740918139,6.47274665,-0.2398288495,0.05751787707,0.001725868736,0.9982741313,2392.785869,2151.026978,0.7498545501,0.6740918139,0.6400914293,0.7080921985
synthetic_20250706,synthetic,2025-07-06,union,2158,0.6744033589,6.470701315,-0.9594179711,0.9204828433,0.005859996286,0.9941400037,2393.706352,2152.021118,0.7501430123,0.6744033589,0.6404029743,0.7084037435
synthetic_20250706,synthetic,2025-07-06,union,2159,0.6747148012,6.469865521,0.8440015804,0.7123386677,0.006187466174,0.9938125338,2394.418691,2153.014931,0.7503662459,0.6747148012,0.6407144166,0.7087151858
synthetic_20250706,synthetic,2025-07-06,union,2160,0.6750277844,6.467214025,0.859751443,0.7391725437,0.001270814727,0.9987291853,2395.157863,2154.01366,0.7505978889,0.6750277844,0.6410273998,0.709028169
synthetic_20250706,synthetic,2025-07-06,union,2161,0.675341028,6.464998661,0.69759472,0.4866383933,0.0004396673726,0.9995603326,2395.644502,2155.01322,0.7507503923,0.675341028,0.6413406434,0.7093414126
synthetic_20250706,synthetic,2025-07-06,union,2162,0.675653364,6.464314127,-0.3279534137,0.1075534415,0.003335672016,0.996664328,2395.752055,2156.009885,0.7507840975,0.675653364,0.6416529794,0.7096537486
synthetic_20250706,synthetic,2025-07-06,union,2163,0.6759659843,6.461994255,0.237855743,0.05657535448,0.002428798193,0.9975712018,2395.808631,2157.007456,0.7508018272,0.6759659843,0.6419655997,0.7099663689
synthetic_20250706,synthetic,2025-07-06,union,2164,0.6762790513,6.460924833,-1.01973763,1.039864834,0.001003250581,0.9989967494,2396.848495,2158.006453,0.7511277015,0.6762790513,0.6422786667,0.7102794359
synthetic_20250706,synthetic,2025-07-06,union,2165,0.6765922034,6.458700827,-1.129932317,1.27674704,0.0007315701754,0.9992684298,2398.125242,2159.005721,0.7515278102,0.6765922034,0.6425918188,0.710592588
synthetic_20250706,synthetic,2025-07-06,union,2166,0.6769054818,6.455372657,0.6007031946,0.3608443279,0.0003284332177,0.9996715668,2398.486087,2160.005393,0.7516408921,0.6769054818,0.6429050972,0.7109058664
synthetic_20250706,synthetic,2025-07-06,union,2167,0.6772186991,6.454711228,-0.3157412941,0.09969256479,0.0005236718372,0.9994763282,2398.585779,2161.004869,0.7516721339,0.6772186991,0.6432183145,0.7112190837
synthetic_20250706,synthetic,2025-07-06,union,2168,0.6775312328,6.453104723,-0.981364927,0.96307712,0.002705056752,0.9972949432,2399.548856,2162.002164,0.7519739444,0.6775312328,0.6435308482,0.7115316174
synthetic_20250706,synthetic,2025-07-06,union,2169,0.6778444139,6.450756631,0.5209326826,0.2713708598,0.000639071303,0.9993609287,2399.820227,2163.001525,0.7520589869,0.6778444139,0.6438440293,0.7118447985
synthetic_20250706,synthetic,2025-07-06,union,2170,0.678157499,6.450260888,-2.501930607,6.259656764,0.0009455721614,0.9990544278,2406.079884,2164.000579,0.7540206468,0.678157499,0.6441571144,0.7121578836
synthetic_20250706,synthetic,2025-07-06,union,2171,0.6784707426,6.448307837,1.013844235,1.027880134,0.0004396911243,0.9995603089,2407.107764,2165.00014,0.7543427653,0.6784707426,0.644470358,0.7124711272
synthetic_20250706,synthetic,2025-07-06,union,2172,0.6787835506,6.447649737,-0.8939906056,0.7992192028,0.001829548196,0.9981704518,2407.906983,2165.99831,0.7545932258,0.6787835506,0.644783166,0.7127839352
synthetic_20250706,synthetic,2025-07-06,union,2173,0.6790966103,6.445231594,1.258624296,1.58413512,0.001026329167,0.9989736708,2409.491119,2166.997284,0.7550896642,0.6790966103,0.6450962257,0.7130969949
synthetic_20250706,synthetic,2025-07-06,union,2174,0.6794096342,6.443191168,0.5512970766,0.3039284667,0.00114088936,0.9988591106,2409.795047,2167.996143,0.7551849097,0.6794096342,0.6454092496,0.7134100188
synthetic_20250706,synthetic,2025-07-06,union,2175,0.6797226918,6.442595877,-0.7892900821,0.6229788337,0.001033107908,0.9989668921,2410.418026,2168.99511,0.7553801397,0.6797226918,0.6457223072,0.7137230764
synthetic_20250706,synthetic,2025-07-06,union,2176,0.6800357939,6.439733193,-0.7470978202,0.5581551529,0.0008912638988,0.9991087361,2410.976181,2169.994218,0.7555550551,0.6800357939,0.6460354093,0.7140361785
synthetic_20250706,synthetic,2025-07-06,union,2177,0.680348809,6.437683384,-1.006285273,1.01261005,0.001168743855,0.9988312561,2411.988791,2170.99305,0.7558723883,0.680348809,0.6463484244,0.7143491936
synthetic_20250706,synthetic,2025-07-06,union,2178,0.6806615041,6.434446993,-0.6654457961,0.4428181075,0.002190114275,0.9978098857,2412.431609,2171.99086,0.7560111592,0.6806615041,0.6466611195,0.7146618887
synthetic_20250706,synthetic,2025-07-06,union,2179,0.6809730299,6.433489466,-1.900256444,3.610974551,0.005921019756,0.9940789802,2416.042584,2172.984938,0.7571427714,0.6809730299,0.6469726453,0.7149734145
synthetic_20250706,synthetic,2025-07-06,union,2180,0.6812848952,6.431125622,-0.209303578,0.04380798777,0.004837938109,0.9951620619,2416.086392,2173.980101,0.7571565,0.6812848952,0.6472845106,0.7152852798
synthetic_20250706,synthetic,2025-07-06,union,2181,0.6815965855,6.430039365,-0.6784917106,0.4603510013,0.005396075797,0.9946039242,2416.546743,2174.974704,0.7573007655,0.6815965855,0.6475962009,0.7155969701
synthetic_20250706,synthetic,2025-07-06,union,2182,0.6819084766,6.428406288,1.047582773,1.097429667,0.004755735187,0.9952442648,2417.644172,2175.969949,0.7576446795,0.6819084766,0.647908092,0.7159088612
synthetic_20250706,synthetic,2025-07-06,union,2183,0.6822214037,6.426744019,0.5981684845,0.3578055358,0.001449586168,0.9985504138,2418.001978,2176.968499,0.7577568091,0.6822214037,0.6482210191,0.7162217883
synthetic_20250706,synthetic,2025-07-06,union,2184,0.6825345812,6.425332257,-0.2722439298,0.07411675733,0.0006504849877,0.999349515,2418.076095,2177.967849,0.7577800359,0.6825345812,0.6485341966,0.7165349658
synthetic_20250706,synthetic,2025-07-06,union,2185,0.6828477362,6.424294492,-0.9892189493,0.9785541297,0.0007224154362,0.9992775846,2419.054649,2178.967126,0.7580866966,0.6828477362,0.6488473516,0.7168481208
synthetic_20250706,synthetic,2025-07-06,union,2186,0.6831608262,6.421816036,1.293003268,1.671857451,0.0009297984748,0.9990702015,2420.726506,2179.966196,0.7586106256,0.6831608262,0.6491604416,0.7171612108
synthetic_20250706,synthetic,2025-07-06,union,2187,0.6834734664,6.418717743,-0.06356373074,0.004040347865,0.002365196046,0.997634804,2420.730547,2180.963831,0.7586118917,0.6834734664,0.6494730818,0.717473851
synthetic_20250706,synthetic,2025-07-06,union,2188,0.6837865187,6.417373113,-0.9063974477,0.8215563331,0.001050096435,0.9989499036,2421.552103,2181.962781,0.7588693522,0.6837865187,0.6497861341,0.7177869033
synthetic_20250706,synthetic,2025-07-06,union,2189,0.6840993059,6.416680051,-0.2170685278,0.04711874578,0.001896152071,0.9981038479,2421.599222,2182.960885,0.7588841183,0.6840993059,0.6500989213,0.7180996905
synthetic_20250706,synthetic,2025-07-06,union,2190,0.6844124996,6.415126249,0.5109729522,0.2610933578,0.0005988014967,0.9994011985,2421.860315,2183.960286,0.7589659401,0.6844124996,0.650412115,0.7184128842
synthetic_20250706,synthetic,2025-07-06,union,2191,0.684724738,6.414968822,0.3534660596,0.1249382553,0.003647266894,0.9963527331,2421.985253,2184.956639,0.7590050935,0.684724738,0.6507243534,0.7187251226
synthetic_20250706,synthetic,2025-07-06,union,2192,0.6850374075,6.413237976,0.7842929014,0.6151153552,0.002271665073,0.9977283349,2422.600369,2185.954367,0.7591978592,0.6850374075,0.6510370229,0.7190377921
synthetic_20250706,synthetic,2025-07-06,union,2193,0.6853495512,6.411685543,0.7157578294,0.5123092704,0.0039492702,0.9960507298,2423.112678,2186.950418,0.7593584074,0.6853495512,0.6513491666,0.7193499358
synthetic_20250706,synthetic,2025-07-06,union,2194,0.685662349,6.411272591,-0.1902039997,0.03617756151,0.00186228861,0.9981377114,2423.148855,2187.948556,0.7593697447,0.685662349,0.6516619644,0.7196627336
synthetic_20250706,synthetic,2025-07-06,union,2195,0.685975634,6.409523532,-1.473641504,2.171619281,0.0003074666484,0.9996925334,2425.320475,2188.948248,0.7600502898,0.685975634,0.6519752494,0.7199760186
synthetic_20250706,synthetic,2025-07-06,union,2196,0.6862876656,6.408942709,0.5680938175,0.3227305855,0.004307321369,0.9956926786,2425.643205,2189.943941,0.7601514275,0.6862876656,0.652287281,0.7202880502
synthetic_20250706,synthetic,2025-07-06,union,2197,0.6866004971,6.407894368,-0.1438602961,0.02069578478,0.001754800914,0.9982451991,2425.663901,2190.942186,0.7601579132,0.6866004971,0.6526001125,0.7206008817
synthetic_20250706,synthetic,2025-07-06,union,2198,0.6869132652,6.407279911,-1.233109056,1.520557944,0.001956978538,0.9980430215,2427.184459,2191.940229,0.7606344278,0.6869132652,0.6529128806,0.7209136498
synthetic_20250706,synthetic,2025-07-06,union,2199,0.6872260534,6.405662875,-0.3292881655,0.108430696,0.001892623256,0.9981073767,2427.29289,2192.938337,0.7606684079,0.6872260534,0.6532256688,0.721226438
synthetic_20250706,synthetic,2025-07-06,union,2200,0.6875392733,6.400676311,-0.3618984355,0.1309704776,0.0005152873691,0.9994847126,2427.42386,2193.937821,0.7607094516,0.6875392733,0.6535388887,0.7215396579
synthetic_20250706,synthetic,2025-07-06,union,2201,0.6878520989,6.395120118,0.478929484,0.2293734506,0.001773579812,0.9982264202,2427.653234,2194.936048,0.760781333,0.6878520989,0.6538517143,0.7218524835
synthetic_20250706,synthetic,2025-07-06,union,2202,0.6881648314,6.394607424,-0.3066548849,0.09403721842,0.002070746993,0.997929253,2427.747271,2195.933977,0.7608108025,0.6881648314,0.6541644468,0.722165216
synthetic_20250706,synthetic,2025-07-06,union,2203,0.6884779484,6.393121142,-0.3677985,0.1352757366,0.0008435929782,0.999156407,2427.882547,2196.933133,0.7608531954,0.6884779484,0.6544775638,0.722478333
synthetic_20250706,synthetic,2025-07-06,union,2204,0.6887893698,6.391264648,-0.374925871,0.1405694088,0.006254431505,0.9937455685,2428.023116,2197.926879,0.7608972473,0.6887893698,0.6547889852,0.7227897544
synthetic_20250706,synthetic,2025-07-06,union,2205,0.6891021167,6.389281266,0.6224693999,0.3874681538,0.002024612412,0.9979753876,2428.410584,2198.924854,0.7610186726,0.6891021167,0.6551017321,0.7231025013
synthetic_20250706,synthetic,2025-07-06,union,2206,0.6894153553,6.388331956,1.066114128,1.136599335,0.0004555818007,0.9995444182,2429.547184,2199.924399,0.7613748616,0.6894153553,0.6554149707,0.7234157399
synthetic_20250706,synthetic,2025-07-06,union,2207,0.6897273666,6.386259019,-0.2014367295,0.04057675599,0.004371953624,0.9956280464,2429.58776,2200.920027,0.7613875776,0.6897273666,0.655726982,0.7237277512
synthetic_20250706,synthetic,2025-07-06,union,2208,0.6900398031,6.384928425,-0.7167893979,0.5137870409,0.003015184139,0.9969848159,2430.101547,2201.917012,0.7615485889,0.6900398031,0.6560394185,0.7240401877
synthetic_20250706,synthetic,2025-07-06,union,2209,0.6903528824,6.384357327,0.2957137373,0.08744661441,0.0009638883522,0.9990361116,2430.188994,2202.916048,0.7615759931,0.6903528824,0.6563524978,0.724353267
synthetic_20250706,synthetic,2025-07-06,union,2210,0.6906651675,6.382742989,0.8841291663,0.7816843826,0.003498235183,0.9965017648,2430.970678,2203.912549,0.7618209584,0.6906651675,0.6566647829,0.7246655521
synthetic_20250706,synthetic,2025-07-06,union,2211,0.6909780122,6.381997511,1.710075782,2.92435918,0.001712620867,0.9982873791,2433.895037,2204.910837,0.7627373981,0.6909780122,0.6569776276,0.7249783968
synthetic_20250706,synthetic,2025-07-06,union,2212,0.6912910136,6.380107544,0.1806584168,0.03263746357,0.001212273915,0.9987877261,2433.927675,2205.909625,0.7627476261,0.6912910136,0.657290629,0.7252913982
synthetic_20250706,synthetic,2025-07-06,union,2213,0.6916012606,6.378012473,-0.3589257939,0.1288277255,0.01000203349,0.9899979665,2434.056503,2206.899623,0.7627879983,0.6916012606,0.657600876,0.7256016452
synthetic_20250706,synthetic,2025-07-06,union,2214,0.6919143621,6.376484747,0.4699085499,0.2208140453,0.0008930788176,0.9991069212,2434.277317,2207.898729,0.7628571973,0.6919143621,0.6579139775,0.7259147467
synthetic_20250706,synthetic,2025-07-06,union,2215,0.6922274618,6.375324734,-1.294729311,1.676323989,0.0008989500425,0.99910105,2435.953641,2208.89783,0.7633825261,0.6922274618,0.6582270772,0.7262278464
synthetic_20250706,synthetic,2025-07-06,union,2216,0.6925401274,6.373484164,1.327926934,1.763389942,0.002283944077,0.9977160559,2437.717031,2209.895547,0.7639351397,0.6925401274,0.6585397428,0.726540512
synthetic_20250706,synthetic,2025-07-06,union,2217,0.6928532204,6.372258309,0.4724450843,0.2232043576,0.0009203348045,0.9990796652,2437.940235,2210.894626,0.7640050877,0.6928532204,0.6588528358,0.726853605
synthetic_20250706,synthetic,2025-07-06,union,2218,0.6931659221,6.372075824,0.1483231058,0.02199974372,0.002168906247,0.9978310938,2437.962235,2211.892457,0.7640119821,0.6931659221,0.6591655375,0.7271663067
synthetic_20250706,synthetic,2025-07-06,union,2219,0.6934781855,6.368856777,1.842656899,3.395384447,0.003567296275,0.9964327037,2441.357619,2212.88889,0.7650760323,0.6934781855,0.6594778009,0.7274785701
synthetic_20250706,synthetic,2025-07-06,union,2220,0.6937897747,6.367331142,-0.9775070196,0.9555199734,0.005719047525,0.9942809525,2442.313139,2213.883171,0.7653754745,0.6937897747,0.6597893901,0.7277901593
synthetic_20250706,synthetic,2025-07-06,union,2221,0.69410255,6.366462102,1.149501405,1.32135348,0.001933911638,0.9980660884,2443.634493,2214.881237,0.7657895621,0.69410255,0.6601021654,0.7281029346
synthetic_20250706,synthetic,2025-07-06,union,2222,0.6944154778,6.366390629,0.4916974697,0.2417664017,0.00144752666,0.9985524733,2443.876259,2215.87979,0.7658653272,0.6944154778,0.6604150932,0.7284158624
synthetic_20250706,synthetic,2025-07-06,union,2223,0.6947280895,6.362200182,0.9340084082,0.8723717066,0.002455994616,0.9975440054,2444.748631,2216.877334,0.7661387122,0.6947280895,0.6607277049,0.7287284741
synthetic_20250706,synthetic,2025-07-06,union,2224,0.6950399968,6.361839609,0.1925984577,0.03709416592,0.004703746752,0.9952962532,2444.785725,2217.87263,0.7661503369,0.6950399968,0.6610396122,0.7290403814
synthetic_20250706,synthetic,2025-07-06,union,2225,0.6953519922,6.360305225,-1.014131894,1.028463498,0.004422769725,0.9955772303,2445.814188,2218.868207,0.7664726382,0.6953519922,0.6613516076,0.7293523768
synthetic_20250706,synthetic,2025-07-06,union,2226,0.6956651561,6.359718552,1.110872048,1.234036707,0.0006938739311,0.9993061261,2447.048225,2219.867513,0.7668593623,0.6956651561,0.6616647715,0.7296655407
synthetic_20250706,synthetic,2025-07-06,union,2227,0.6959782022,6.359561422,0.5718531484,0.3270160233,0.001069786335,0.9989302137,2447.375241,2220.866443,0.766961843,0.6959782022,0.6619778176,0.7299785868
synthetic_20250706,synthetic,2025-07-06,union,2228,0.6962914649,6.359280847,0.2077895136,0.04317648197,0.00037895769,0.9996210423,2447.418418,2221.866064,0.7669753737,0.6962914649,0.6622910803,0.7302918495
synthetic_20250706,synthetic,2025-07-06,union,2229,0.6966044655,6.354247049,-0.5008342121,0.250834908,0.001214996557,0.9987850034,2447.669253,2222.864849,0.7670539807,0.6966044655,0.6626040809,0.7306048501
synthetic_20250706,synthetic,2025-07-06,union,2230,0.6969171308,6.353347338,0.1726351015,0.02980287828,0.002285012982,0.997714987,2447.699055,2223.862564,0.7670633204,0.6969171308,0.6629167462,0.7309175154
synthetic_20250706,synthetic,2025-07-06,union,2231,0.6972301623,6.351828739,1.330107821,1.769186817,0.001116424102,0.9988835759,2449.468242,2224.861448,0.7676177506,0.6972301623,0.6632297777,0.7312305469
synthetic_20250706,synthetic,2025-07-06,union,2232,0.6975428577,6.348156433,-0.05031702559,0.002531803064,0.002189003025,0.997810997,2449.470774,2225.859259,0.767618544,0.6975428577,0.6635424731,0.7315432423
synthetic_20250706,synthetic,2025-07-06,union,2233,0.6978547675,6.34490711,0.7294707071,0.5321275125,0.004695980399,0.9953040196,2450.002902,2226.854563,0.7677853029,0.6978547675,0.6638543829,0.7318551521
synthetic_20250706,synthetic,2025-07-06,union,2234,0.6981676673,6.343016381,0.01986183746,0.0003944925872,0.001536627621,0.9984633724,2450.003296,2227.853026,0.7677854265,0.6981676673,0.6641672827,0.7321680519
synthetic_20250706,synthetic,2025-07-06,union,2235,0.6984803716,6.341223319,-0.5177848319,0.2681011321,0.002160657867,0.9978393421,2450.271397,2228.850866,0.7678694444,0.6984803716,0.664479987,0.7324807562
synthetic_20250706,synthetic,2025-07-06,union,2236,0.698793286,6.339494484,0.6477223411,0.4195442311,0.00149003631,0.9985099637,2450.690941,2229.849376,0.7680009218,0.698793286,0.6647929014,0.7327936706
synthetic_20250706,synthetic,2025-07-06,union,2237,0.6991062907,6.338240482,-0.0760684172,0.005786404096,0.001201891147,0.9987981089,2450.696728,2230.848174,0.7680027351,0.6991062907,0.6651059061,0.7331066753
synthetic_20250706,synthetic,2025-07-06,union,2238,0.6994194724,6.338043671,1.014589068,1.029390977,0.0006372173194,0.9993627827,2451.726119,2231.847537,0.7683253271,0.6994194724,0.6654190878,0.733419857
synthetic_20250706,synthetic,2025-07-06,union,2239,0.6997320453,6.334731444,1.781723911,3.174540096,0.002580023893,0.9974199761,2454.900659,2232.844957,0.7693201689,0.6997320453,0.6657316607,0.7337324299
synthetic_20250706,synthetic,2025-07-06,union,2240,0.7000444236,6.33296842,1.361340088,1.853246834,0.003200844579,0.9967991554,2456.753906,2233.841756,0.7699009419,0.7000444236,0.666044039,0.7340448082
synthetic_20250706,synthetic,2025-07-06,union,2241,0.7003572581,6.330934545,-1.003028291,1.006065753,0.001745204332,0.9982547957,2457.759971,2234.84001,0.7702162242,0.7003572581,0.6663568735,0.7343576427
synthetic_20250706,synthetic,2025-07-06,union,2242,0.7006699072,6.329200152,0.3006194902,0.09037207791,0.002336486252,0.9976635137,2457.850344,2235.837674,0.7702445451,0.7006699072,0.6666695226,0.7346702918
synthetic_20250706,synthetic,2025-07-06,union,2243,0.7009827413,6.329029319,0.550546465,0.3031014102,0.001746374594,0.9982536254,2458.153445,2236.835928,0.7703395315,0.7009827413,0.6669823567,0.7349831259
synthetic_20250706,synthetic,2025-07-06,union,2244,0.7012954314,6.325258498,-1.306712524,1.70749762,0.002205968672,0.9977940313,2459.860943,2237.833722,0.7708746294,0.7012954314,0.6672950468,0.735295816
synthetic_20250706,synthetic,2025-07-06,union,2245,0.7016084234,6.324914154,0.4567119902,0.208585842,0.001242564742,0.9987574353,2460.069528,2238.832479,0.7709399964,0.7016084234,0.6676080388,0.735608808
synthetic_20250706,synthetic,2025-07-06,union,2246,0.701921237,6.323994461,-0.4538120076,0.2059453383,0.001811797481,0.9981882025,2460.275474,2239.830667,0.7710045358,0.701921237,0.6679208524,0.7359216216
synthetic_20250706,synthetic,2025-07-06,union,2247,0.7022342997,6.322613174,-1.202102269,1.445049865,0.001017065132,0.9989829349,2461.720524,2240.82965,0.7714573875,0.7022342997,0.6682339151,0.7362346843
synthetic_20250706,synthetic,2025-07-06,union,2248,0.7025470418,6.322007752,0.389334248,0.1515811567,0.002039932226,0.9979600678,2461.872105,2241.82761,0.7715048902,0.7025470418,0.6685466572,0.7365474264
synthetic_20250706,synthetic,2025-07-06,union,2249,0.702859894,6.31751458,0.7511768764,0.5642666996,0.001688622875,0.9983113771,2462.436371,2242.825922,0.7716817209,0.702859894,0.6688595094,0.7368602786
synthetic_20250706,synthetic,2025-07-06,union,2250,0.7031730631,6.316483705,-0.7923656433,0.6278433126,0.0006771804689,0.9993228195,2463.064215,2243.825244,0.7718784753,0.7031730631,0.6691726785,0.7371734477
synthetic_20250706,synthetic,2025-07-06,union,2251,0.7034847014,6.312628829,0.4288511333,0.1839132945,0.005562370681,0.9944376293,2463.248128,2244.819682,0.7719361103,0.7034847014,0.6694843168,0.737485086
synthetic_20250706,synthetic,2025-07-06,union,2252,0.7037969439,6.31108793,1.091744894,1.191906913,0.003633955416,0.9963660446,2464.440035,2245.816048,0.7723096318,0.7037969439,0.6697965593,0.7377973285
synthetic_20250706,synthetic,2025-07-06,union,2253,0.7041095567,6.310355286,-0.4549965454,0.2070218564,0.002452653003,0.997547347,2464.647057,2246.813595,0.7723745086,0.7041095567,0.6701091721,0.7381099413
synthetic_20250706,synthetic,2025-07-06,union,2254,0.704421236,6.309260049,1.290772036,1.66609245,0.005431271485,0.9945687285,2466.313149,2247.808164,0.7728966309,0.704421236,0.6704208514,0.7384216206
synthetic_20250706,synthetic,2025-07-06,union,2255,0.704731857,6.308812184,0.2066091173,0.04268732737,0.008808598778,0.9911914012,2466.355837,2248.799356,0.7729100083,0.704731857,0.6707314724,0.7387322416
synthetic_20250706,synthetic,2025-07-06,union,2256,0.7050449484,6.30811782,0.9272013236,0.8597022946,0.0009251119285,0.9990748881,2467.215539,2249.798431,0.773179423,0.7050449484,0.6710445638,0.7390453331
synthetic_20250706,synthetic,2025-07-06,union,2257,0.705357521,6.307246764,0.2429079201,0.05900425764,0.002581090261,0.9974189097,2467.274543,2250.795849,0.7731979139,0.705357521,0.6713571364,0.7393579056
synthetic_20250706,synthetic,2025-07-06,union,2258,0.7056704599,6.305992214,-0.07373485529,0.005436828885,0.00141190654,0.9985880935,2467.27998,2251.794438,0.7731996177,0.7056704599,0.6716700753,0.7396708445
synthetic_20250706,synthetic,2025-07-06,union,2259,0.7059834151,6.304965101,-0.7544269463,0.5691600173,0.00135988694,0.9986401131,2467.84914,2252.793078,0.7733779818,0.7059834151,0.6719830305,0.7399837997
synthetic_20250706,synthetic,2025-07-06,union,2260,0.706296313,6.304196222,0.02659526268,0.0007073079971,0.001542771249,0.9984572288,2467.849847,2253.791535,0.7733782035,0.706296313,0.6722959284,0.7402966976
synthetic_20250706,synthetic,2025-07-06,union,2261,0.7066086169,6.302761425,-0.8951238507,0.8012467082,0.003438192294,0.9965618077,2468.651094,2254.788097,0.7736292993,0.7066086169,0.6726082323,0.7406090015
synthetic_20250706,synthetic,2025-07-06,union,2262,0.7069216829,6.301664696,-0.8406537498,0.706698727,0.001006366857,0.9989936331,2469.357793,2255.78709,0.7738507655,0.7069216829,0.6729212983,0.7409220675
synthetic_20250706,synthetic,2025-07-06,union,2263,0.707234625,6.30033517,0.2985588887,0.08913741003,0.001401856291,0.9985981437,2469.44693,2256.785688,0.7738786995,0.707234625,0.6732342404,0.7412350096
synthetic_20250706,synthetic,2025-07-06,union,2264,0.7075472525,6.299043985,0.8256931834,0.6817692332,0.002405643647,0.9975943564,2470.128699,2257.783283,0.7740923533,0.7075472525,0.6735468679,0.7415476371
synthetic_20250706,synthetic,2025-07-06,union,2265,0.7078599198,6.297687194,-1.791979228,3.211189554,0.00227874143,0.9977212586,2473.339889,2258.781004,0.7750986803,0.7078599198,0.6738595352,0.7418603044
synthetic_20250706,synthetic,2025-07-06,union,2266,0.708171506,6.296752567,0.5707684049,0.325776572,0.005728447145,0.9942715529,2473.665666,2259.775276,0.7752007727,0.708171506,0.6741711214,0.7421718906
synthetic_20250706,synthetic,2025-07-06,union,2267,0.7084840096,6.295694189,-0.6986731776,0.4881442091,0.002800905332,0.9971990947,2474.15381,2260.772475,0.775353748,0.7084840096,0.674483625,0.7424843942
synthetic_20250706,synthetic,2025-07-06,union,2268,0.7087969546,6.295647911,0.3608281209,0.1301969329,0.001392670338,0.9986073297,2474.284007,2261.771082,0.7753945493,0.7087969546,0.67479657,0.7427973392
synthetic_20250706,synthetic,2025-07-06,union,2269,0.7091101328,6.290851084,-0.8148583062,0.6639940592,0.0006481470311,0.999351853,2474.948001,2262.770434,0.7756026326,0.7091101328,0.6751097482,0.7431105174
synthetic_20250706,synthetic,2025-07-06,union,2270,0.7094224509,6.289467998,1.095151355,1.199356491,0.003393091007,0.996606909,2476.147357,2263.767041,0.7759784886,0.7094224509,0.6754220663,0.7434228355
synthetic_20250706,synthetic,2025-07-06,union,2271,0.7097355504,6.287428337,0.8834445091,0.7804742007,0.0008993717163,0.9991006283,2476.927831,2264.766141,0.7762230747,0.7097355504,0.6757351658,0.743735935
synthetic_20250706,synthetic,2025-07-06,union,2272,0.7100483646,6.286492582,0.5670212178,0.3215130614,0.001810083514,0.9981899165,2477.249344,2265.764331,0.7763238309,0.7100483646,0.67604798,0.7440487492
synthetic_20250706,synthetic,2025-07-06,union,2273,0.7103608844,6.284716952,0.3912158819,0.1530498663,0.002749216815,0.9972507832,2477.402394,2266.761582,0.7763717939,0.7103608844,0.6763604998,0.744361269
synthetic_20250706,synthetic,2025-07-06,union,2274,0.7106738472,6.283215648,0.593386008,0.3521069545,0.00133559321,0.9986644068,2477.754501,2267.760247,0.7764821377,0.7106738472,0.6766734626,0.7446742318
synthetic_20250706,synthetic,2025-07-06,union,2275,0.7109861232,6.281191331,0.936599418,0.8772184698,0.00352745566,0.9964725443,2478.63172,2268.756719,0.7767570416,0.7109861232,0.6769857386,0.7449865078
synthetic_20250706,synthetic,2025-07-06,union,2276,0.7112984661,6.280354955,-0.703543591,0.4949735844,0.003313671941,0.9966863281,2479.126693,2269.753405,0.7769121571,0.7112984661,0.6772980815,0.7452988507
synthetic_20250706,synthetic,2025-07-06,union,2277,0.7116103229,6.279599651,0.6213539221,0.3860806966,0.004864992151,0.9951350078,2479.512774,2270.74854,0.7770331476,0.7116103229,0.6776099383,0.7456107075
synthetic_20250706,synthetic,2025-07-06,union,2278,0.7119231232,6.27770326,-0.03009200758,0.0009055289203,0.001854334067,0.9981456659,2479.51368,2271.746686,0.7770334314,0.7119231232,0.6779227386,0.7459235078
synthetic_20250706,synthetic,2025-07-06,union,2279,0.7122362516,6.276604495,-0.9241484259,0.8540503132,0.0008072174742,0.9991927825,2480.36773,2272.745879,0.7773010749,0.7122362516,0.678235867,0.7462366362
synthetic_20250706,synthetic,2025-07-06,union,2280,0.7125491019,6.273454854,0.04994212522,0.002494215871,0.001694757903,0.9983052421,2480.370224,2273.744184,0.7773018565,0.7125491019,0.6785487173,0.7465494865
synthetic_20250706,synthetic,2025-07-06,union,2281,0.7128622332,6.270897124,-0.2376036219,0.05645548116,0.0007978016199,0.9992021984,2480.42668,2274.743386,0.7773195486,0.7128622332,0.6788618486,0.7468626178
synthetic_20250706,synthetic,2025-07-06,union,2282,0.7131753543,6.270511957,-0.07809294241,0.006098507655,0.0008306896642,0.9991693103,2480.432778,2275.742556,0.7773214598,0.7131753543,0.6791749697,0.7471757389
synthetic_20250706,synthetic,2025-07-06,union,2283,0.7134879018,6.269777354,0.2585208713,0.0668330409,0.002660833669,0.9973391663,2480.499611,2276.739895,0.777342404,0.7134879018,0.6794875172,0.7474882864
synthetic_20250706,synthetic,2025-07-06,union,2284,0.7138009141,6.268275575,0.1285681806,0.01652977707,0.001177966234,0.9988220338,2480.516141,2277.738717,0.7773475841,0.7138009141,0.6798005295,0.7478012987
synthetic_20250706,synthetic,2025-07-06,union,2285,0.7141141595,6.266801534,-0.1603468859,0.02571112381,0.0004338292537,0.9995661707,2480.541852,2278.738283,0.7773556415,0.7141141595,0.6801137749,0.7481145441
synthetic_20250706,synthetic,2025-07-06,union,2286,0.7144271646,6.266594968,-0.8678828451,0.7532206328,0.00120059901,0.998799401,2481.295073,2279.737082,0.7775916868,0.7144271646,0.68042678,0.7484275492
synthetic_20250706,synthetic,2025-07-06,union,2287,0.71473953,6.264700376,-0.7320848571,0.5359482379,0.003242083648,0.9967579164,2481.831021,2280.73384,0.777759643,0.71473953,0.6807391454,0.7487399146
synthetic_20250706,synthetic,2025-07-06,union,2288,0.7150520341,6.263816055,-0.7470692923,0.5581125276,0.002799555351,0.9972004446,2482.389133,2281.731041,0.7779345451,0.7150520341,0.6810516495,0.7490524187
synthetic_20250706,synthetic,2025-07-06,union,2289,0.7153642461,6.262598214,-0.2165385761,0.04688895495,0.003731329123,0.9962686709,2482.436022,2282.727309,0.7779492392,0.7153642461,0.6813638615,0.7493646307
synthetic_20250706,synthetic,2025-07-06,union,2290,0.7156770784,6.261909261,-0.07066461355,0.004993487608,0.001752075228,0.9982479248,2482.441016,2283.725557,0.7779508041,0.7156770784,0.6816766938,0.749677463
synthetic_20250706,synthetic,2025-07-06,union,2291,0.7159877767,6.257153554,0.6857124694,0.4702015908,0.008562031804,0.9914379682,2482.911217,2284.716995,0.7780981565,0.7159877767,0.6819873921,0.7499881613
synthetic_20250706,synthetic,2025-07-06,union,2292,0.7163000796,6.256069213,-1.547367338,2.39434568,0.003441395243,0.9965586048,2485.305563,2285.713554,0.7788484999,0.7163000796,0.682299695,0.7503004642
synthetic_20250706,synthetic,2025-07-06,union,2293,0.7166133383,6.252765426,1.140045913,1.299704685,0.0003912834264,0.9996087166,2486.605268,2286.713163,0.7792558031,0.7166133383,0.6826129537,0.7506137229
synthetic_20250706,synthetic,2025-07-06,union,2294,0.7169257478,6.241767343,1.34096169,1.798178253,0.003101528059,0.9968984719,2488.403446,2287.710061,0.7798193187,0.7169257478,0.6829253632,0.7509261324
synthetic_20250706,synthetic,2025-07-06,union,2295,0.717238885,6.23979386,-0.6003772356,0.360452825,0.0007790381015,0.9992209619,2488.763899,2288.709282,0.7799322779,0.717238885,0.6832385004,0.7512392696
synthetic_20250706,synthetic,2025-07-06,union,2296,0.7175513441,6.239277097,1.62634953,2.645012792,0.002942973132,0.9970570269,2491.408912,2289.706339,0.7807611757,0.7175513441,0.6835509595,0.7515517287
synthetic_20250706,synthetic,2025-07-06,union,2297,0.7178645461,6.239051334,-0.1317715859,0.01736375084,0.0005725806914,0.9994274193,2491.426275,2290.705766,0.7807666172,0.7178645461,0.6838641615,0.7518649307
synthetic_20250706,synthetic,2025-07-06,union,2298,0.7181775297,6.237491394,0.5837118139,0.3407194817,0.001269173165,0.9987308268,2491.766995,2291.704497,0.7808733923,0.7181775297,0.6841771451,0.7521779143
synthetic_20250706,synthetic,2025-07-06,union,2299,0.7184898577,6.23508232,0.683234216,0.4668089939,0.003361494243,0.9966385058,2492.233804,2292.701136,0.7810196816,0.7184898577,0.6844894731,0.7524902423
synthetic_20250706,synthetic,2025-07-06,union,2300,0.7188030479,6.234609585,-0.4613155785,0.212812063,0.0006099137337,0.9993900863,2492.446616,2293.700526,0.7810863729,0.7188030479,0.6848026633,0.7528034325
synthetic_20250706,synthetic,2025-07-06,union,2301,0.7191162643,6.231688451,-0.7302452863,0.5332581782,0.0005265682804,0.9994734317,2492.979874,2294.699999,0.7812534861,0.7191162643,0.6851158797,0.7531166489
synthetic_20250706,synthetic,2025-07-06,union,2302,0.7194283422,6.231355837,0.4150475303,0.1722644524,0.004159432974,0.995840567,2493.152139,2295.69584,0.7813074706,0.7194283422,0.6854279576,0.7534287268
synthetic_20250706,synthetic,2025-07-06,union,2303,0.7197412298,6.230407119,0.8356477977,0.6983072418,0.001575627795,0.9984243722,2493.850446,2296.694264,0.7815263071,0.7197412298,0.6857408452,0.7537416144
synthetic_20250706,synthetic,2025-07-06,union,2304,0.7200541025,6.229076986,-0.7726047127,0.596918042,0.001623308317,0.9983766917,2494.447364,2297.692641,0.7817133701,0.7200541025,0.6860537179,0.7540544871
synthetic_20250706,synthetic,2025-07-06,union,2305,0.7203664552,6.22826451,1.121260865,1.257225927,0.00328243503,0.996717565,2495.70459,2298.689359,0.7821073613,0.7203664552,0.6863660706,0.7543668398
synthetic_20250706,synthetic,2025-07-06,union,2306,0.7206795122,6.22789506,-0.03635175548,0.001321450127,0.001035111332,0.9989648887,2495.705911,2299.688323,0.7821077754,0.7206795122,0.6866791276,0.7546798968
synthetic_20250706,synthetic,2025-07-06,union,2307,0.7209926949,6.227521836,-0.1204472207,0.01450753297,0.0006340496958,0.9993659503,2495.720419,2300.687689,0.7821123218,0.7209926949,0.6869923103,0.7549930795
synthetic_20250706,synthetic,2025-07-06,union,2308,0.7213047428,6.226709719,0.4793225499,0.2297501069,0.00425499588,0.9957450041,2495.950169,2301.683434,0.7821843212,0.7213047428,0.6873043582,0.7553051274
synthetic_20250706,synthetic,2025-07-06,union,2309,0.7216178386,6.225875146,-0.5634067527,0.317427169,0.0009115210142,0.999088479,2496.267596,2302.682523,0.782283797,0.7216178386,0.687617454,0.7556182232
synthetic_20250706,synthetic,2025-07-06,union,2310,0.721930341,6.223578603,0.06512819473,0.004241681749,0.002804592728,0.9971954073,2496.271838,2303.679718,0.7822851262,0.721930341,0.6879299564,0.7559307256
synthetic_20250706,synthetic,2025-07-06,union,2311,0.7222422816,6.222219725,0.3523119264,0.1241236935,0.004597613725,0.9954023863,2496.395961,2304.675121,0.7823240243,0.7222422816,0.688241897,0.7562426662
synthetic_20250706,synthetic,2025-07-06,union,2312,0.7225554,6.219628811,-0.9160508343,0.839149131,0.0008392441713,0.9991607558,2497.235111,2305.674281,0.782586998,0.7225554,0.6885550154,0.7565557846
synthetic_20250706,synthetic,2025-07-06,union,2313,0.7228676901,6.219486324,-0.1169824582,0.01368489552,0.003482354027,0.996517646,2497.248796,2306.670799,0.7825912866,0.7228676901,0.6888673055,0.7568680747
synthetic_20250706,synthetic,2025-07-06,union,2314,0.7231806424,6.217640062,-0.264737913,0.07008616256,0.001369120742,0.9986308793,2497.318882,2307.66943,0.7826132503,0.7231806424,0.6891802578,0.757181027
synthetic_20250706,synthetic,2025-07-06,union,2315,0.723493477,6.215819399,0.4493210508,0.2018894067,0.001744716511,0.9982552835,2497.520771,2308.667685,0.7826765187,0.723493477,0.6894930924,0.7574938616
synthetic_20250706,synthetic,2025-07-06,union,2316,0.7238064108,6.214535483,-0.2979024086,0.08874584507,0.001428415188,0.9985715848,2497.609517,2309.666257,0.78270433,0.7238064108,0.6898060262,0.7578067954
synthetic_20250706,synthetic,2025-07-06,union,2317,0.7241193849,6.213899512,0.9936198249,0.9872803564,0.001299638131,0.9987003619,2498.596797,2310.664957,0.7830137253,0.7241193849,0.6901190003,0.7581197695
synthetic_20250706,synthetic,2025-07-06,union,2318,0.7244313142,6.213188223,-0.1529219537,0.02338512393,0.004633574657,0.9953664253,2498.620182,2311.660324,0.7830210537,0.7244313142,0.6904309296,0.7584316988
synthetic_20250706,synthetic,2025-07-06,union,2319,0.7247443075,6.212423311,-0.8964382226,0.803601487,0.001238218541,0.9987617815,2499.423784,2312.659085,0.7832728875,0.7247443075,0.6907439229,0.7587446921
synthetic_20250706,synthetic,2025-07-06,union,2320,0.7250574954,6.210608676,-0.1357011545,0.01841480333,0.000617520726,0.9993824793,2499.442199,2313.658468,0.7832786583,0.7250574954,0.6910571108,0.75905788
synthetic_20250706,synthetic,2025-07-06,union,2321,0.7253706691,6.210501904,1.566678844,2.4544826,0.0006626728413,0.9993373272,2501.896681,2314.657805,0.7840478475,0.7253706691,0.6913702845,0.7593710537
synthetic_20250706,synthetic,2025-07-06,union,2322,0.7256834259,6.205321469,0.7064996992,0.499141825,0.001993036494,0.9980069635,2502.395823,2315.655812,0.7842042692,0.7256834259,0.6916830413,0.7596838105
synthetic_20250706,synthetic,2025-07-06,union,2323,0.7259960616,6.204189933,-1.789120896,3.200953581,0.002379686474,0.9976203135,2505.596777,2316.653432,0.7852073885,0.7259960616,0.691995677,0.7599964462
synthetic_20250706,synthetic,2025-07-06,union,2324,0.7263076148,6.204172922,0.1624424984,0.02638756528,0.005833501869,0.9941664981,2505.623164,2317.647599,0.7852156579,0.7263076148,0.6923072302,0.7603079994
synthetic_20250706,synthetic,2025-07-06,union,2325,0.726620168,6.202863553,0.58515677,0.3424084455,0.002642827348,0.9973571727,2505.965573,2318.644956,0.7853229623,0.726620168,0.6926197834,0.7606205526
synthetic_20250706,synthetic,2025-07-06,union,2326,0.7269319046,6.201608718,0.5074177672,0.2574727905,0.005248706007,0.994751294,2506.223046,2319.639707,0.7854036495,0.7269319046,0.69293152,0.7609322892
synthetic_20250706,synthetic,2025-07-06,union,2327,0.7272450916,6.201186655,-1.305153513,1.703425692,0.0006200383963,0.9993799616,2507.926471,2320.639087,0.7859374714,0.7272450916,0.693244707,0.7612454762
synthetic_20250706,synthetic,2025-07-06,union,2328,0.7275582753,6.199107722,-0.8629056373,0.7446061389,0.0006308703206,0.9993691297,2508.671077,2321.638457,0.7861708171,0.7275582753,0.6935578907,0.7615586599
synthetic_20250706,synthetic,2025-07-06,union,2329,0.7278709079,6.198112022,-1.748793501,3.05827871,0.002389530344,0.9976104697,2511.729356,2322.636067,0.7871292247,0.7278709079,0.6938705233,0.7618712925
synthetic_20250706,synthetic,2025-07-06,union,2330,0.7281835381,6.196744864,-0.2946875502,0.08684075226,0.002396816815,0.9976031832,2511.816197,2323.63367,0.787156439,0.7281835381,0.6941831535,0.7621839227
synthetic_20250706,synthetic,2025-07-06,union,2331,0.7284967078,6.193418254,0.03713731142,0.0013791799,0.0006755159187,0.9993244841,2511.817576,2324.632995,0.7871568712,0.7284967078,0.6944963232,0.7624970924
synthetic_20250706,synthetic,2025-07-06,union,2332,0.7288097589,6.192377603,0.5321544856,0.2831883966,0.001053953325,0.9989460467,2512.100764,2325.631941,0.7872456172,0.7288097589,0.6948093743,0.7628101435
synthetic_20250706,synthetic,2025-07-06,union,2333,0.7291227198,6.18983028,-0.4412020206,0.194659223,0.001341672881,0.9986583271,2512.295424,2326.630599,0.7873066197,0.7291227198,0.6951223352,0.7631231044
synthetic_20250706,synthetic,2025-07-06,union,2334,0.72943555,6.189208233,0.4854013858,0.2356145053,0.001759123601,0.9982408764,2512.531038,2327.62884,0.7873804569,0.72943555,0.6954351654,0.7634359346
synthetic_20250706,synthetic,2025-07-06,union,2335,0.7297485574,6.185138686,-1.081464068,1.169564531,0.001193126162,0.9988068738,2513.700603,2328.627647,0.7877469767,0.7297485574,0.6957481728,0.763748942
synthetic_20250706,synthetic,2025-07-06,union,2336,0.7300613209,6.184558619,-0.1825346259,0.03331888964,0.001971803673,0.9980281963,2513.733922,2329.625675,0.7877574182,0.7300613209,0.6960609363,0.7640617055
synthetic_20250706,synthetic,2025-07-06,union,2337,0.7303745349,6.176587421,-0.9317825643,0.8682187471,0.0005341426948,0.9994658573,2514.60214,2330.625141,0.7880295018,0.7303745349,0.6963741503,0.7643749195
synthetic_20250706,synthetic,2025-07-06,union,2338,0.7306876979,6.175249438,-1.112700139,1.2381016,0.0006968521384,0.9993031479,2515.840242,2331.624444,0.7884174998,0.7306876979,0.6966873133,0.7646880825
synthetic_20250706,synthetic,2025-07-06,union,2339,0.7310008524,6.172930891,0.7226437418,0.5222139775,0.0007239819326,0.9992760181,2516.362456,2332.62372,0.7885811519,0.7310008524,0.6970004678,0.765001237
synthetic_20250706,synthetic,2025-07-06,union,2340,0.7313133703,6.172652036,0.01282398295,0.0001644545388,0.002755517656,0.9972444823,2516.36262,2333.620964,0.7885812035,0.7313133703,0.6973129857,0.7653137549
synthetic_20250706,synthetic,2025-07-06,union,2341,0.7316264779,6.171026115,-0.7413318686,0.5495729393,0.0008734835738,0.9991265164,2516.912193,2334.620091,0.7887534294,0.7316264779,0.6976260933,0.7656268625
synthetic_20250706,synthetic,2025-07-06,union,2342,0.7319378472,6.169851691,0.3393033015,0.1151267304,0.006420594674,0.9935794053,2517.02732,2335.61367,0.788789508,0.7319378472,0.6979374626,0.7659382318
synthetic_20250706,synthetic,2025-07-06,union,2343,0.7322511018,6.16881015,1.860690345,3.462168561,0.0004044740587,0.9995955259,2520.489489,2336.613266,0.7898744872,0.7322511018,0.6982507172,0.7662514864
synthetic_20250706,synthetic,2025-07-06,union,2344,0.7325638064,6.166935902,1.01367116,1.02752922,0.002159624438,0.9978403756,2521.517018,2337.611106,0.7901964957,0.7325638064,0.6985634218,0.766564191
synthetic_20250706,synthetic,2025-07-06,union,2345,0.7328768184,6.166247264,0.07049433976,0.004969451938,0.001178889808,0.9988211102,2521.521987,2338.609927,0.790198053,0.7328768184,0.6988764338,0.766877203
synthetic_20250706,synthetic,2025-07-06,union,2346,0.7331899034,6.165710679,1.293727092,1.673729788,0.0009455075488,0.9990544925,2523.195717,2339.608982,0.7907225688,0.7331899034,0.6991895188,0.767190288
synthetic_20250706,synthetic,2025-07-06,union,2347,0.733503157,6.162684808,-0.2791692661,0.07793547913,0.0004079509835,0.999592049,2523.273652,2340.608574,0.7907469923,0.733503157,0.6995027724,0.7675035416
synthetic_20250706,synthetic,2025-07-06,union,2348,0.7338157775,6.162018166,-0.5462366711,0.2983745008,0.002427981958,0.997572018,2523.572027,2341.606146,0.7908404973,0.7338157775,0.6998153929,0.7678161621
synthetic_20250706,synthetic,2025-07-06,union,2349,0.7341289435,6.161582747,0.07794975343,0.00607616406,0.000687396363,0.9993126036,2523.578103,2342.605459,0.7908424015,0.7341289435,0.7001285589,0.7681293281
synthetic_20250706,synthetic,2025-07-06,union,2350,0.7344420421,6.159713698,0.02161619153,0.0004672597364,0.0009023685973,0.9990976314,2523.57857,2343.604556,0.7908425479,0.7344420421,0.7004416575,0.7684424267
synthetic_20250706,synthetic,2025-07-06,union,2351,0.7347547946,6.157498948,-0.05973762838,0.003568584244,0.00200655194,0.9979934481,2523.582139,2344.60255,0.7908436662,0.7347547946,0.70075441,0.7687551792
synthetic_20250706,synthetic,2025-07-06,union,2352,0.7350678664,6.157422311,-0.1493072843,0.02229266515,0.0009879805139,0.9990120195,2523.604432,2345.601562,0.7908506523,0.7350678664,0.7010674818,0.769068251
synthetic_20250706,synthetic,2025-07-06,union,2353,0.7353803547,6.157083702,-0.5914111153,0.3497671073,0.002849807946,0.9971501921,2523.954199,2346.598712,0.7909602628,0.7353803547,0.7013799701,0.7693807393
synthetic_20250706,synthetic,2025-07-06,union,2354,0.7356934713,6.154716335,-0.5309236771,0.2818799509,0.0008448503544,0.9991551496,2524.236079,2347.597867,0.7910485988,0.7356934713,0.7016930867,0.7696938559
synthetic_20250706,synthetic,2025-07-06,union,2355,0.7360067868,6.15216385,0.9808683933,0.9621028049,0.0002102935806,0.9997897064,2525.198182,2348.597657,0.7913501039,0.7360067868,0.7020064022,0.7700071714
synthetic_20250706,synthetic,2025-07-06,union,2356,0.73631959,6.152026067,-1.541661729,2.376720888,0.001845021896,0.9981549781,2527.574902,2349.595812,0.792094924,0.73631959,0.7023192054,0.7703199746
synthetic_20250706,synthetic,2025-07-06,union,2357,0.7366316005,6.150827019,0.9095110505,0.827210351,0.004374403236,0.9956255968,2528.402113,2350.591437,0.7923541563,0.7366316005,0.7026312159,0.7706319851
synthetic_20250706,synthetic,2025-07-06,union,2358,0.7369445179,6.14886444,0.5089845038,0.2590652251,0.001480626772,0.9985193732,2528.661178,2351.589957,0.7924353425,0.7369445179,0.7029441333,0.7709449025
synthetic_20250706,synthetic,2025-07-06,union,2359,0.737257447,6.147925312,1.597406425,2.551707287,0.001443288023,0.998556712,2531.212885,2352.588513,0.7932350001,0.737257447,0.7032570624,0.7712578316
synthetic_20250706,synthetic,2025-07-06,union,2360,0.7375702157,6.144360856,1.775494184,3.152379599,0.001955080074,0.9980449199,2534.365265,2353.586558,0.7942228972,0.7375702157,0.7035698311,0.7715706003
synthetic_20250706,synthetic,2025-07-06,union,2361,0.7378831234,6.14199537,-0.187036808,0.03498276753,0.001511531181,0.9984884688,2534.400248,2354.585047,0.7942338601,0.7378831234,0.7038827388,0.771883508
synthetic_20250706,synthetic,2025-07-06,union,2362,0.7381959116,6.141202221,0.9190702648,0.8446901517,0.001892795509,0.9981072045,2535.244938,2355.583154,0.7944985703,0.7381959116,0.704195527,0.7721962962
synthetic_20250706,synthetic,2025-07-06,union,2363,0.7385081195,6.138578817,-0.01683255212,0.0002833348109,0.003744761279,0.9962552387,2535.245221,2356.579409,0.7944986591,0.7385081195,0.7045077349,0.7725085041
synthetic_20250706,synthetic,2025-07-06,union,2364,0.7388213229,6.138025277,0.5429670666,0.2948132354,0.0005678321466,0.9994321679,2535.540034,2357.578841,0.7945910481,0.7388213229,0.7048209383,0.7728217075
synthetic_20250706,synthetic,2025-07-06,union,2365,0.7391337832,6.135926349,-0.4319287195,0.1865624188,0.002939324702,0.9970606753,2535.726597,2358.575902,0.7946495132,0.7391337832,0.7051333986,0.7731341678
synthetic_20250706,synthetic,2025-07-06,union,2366,0.7394448294,6.13314477,-0.8729270124,0.7620015689,0.007451599265,0.9925484007,2536.488598,2359.56845,0.7948883104,0.7394448294,0.7054444448,0.773445214
synthetic_20250706,synthetic,2025-07-06,union,2367,0.739757883,6.131924636,-0.2948501698,0.08693662263,0.001045934537,0.9989540655,2536.575535,2360.567405,0.7949155547,0.739757883,0.7057574984,0.7737582676
synthetic_20250706,synthetic,2025-07-06,union,2368,0.7400700522,6.131574792,-0.9709558385,0.9427552403,0.003867805674,0.9961321943,2537.51829,2361.563537,0.7952109966,0.7400700522,0.7060696676,0.7740704368
synthetic_20250706,synthetic,2025-07-06,union,2369,0.7403833313,6.128562613,0.4439039964,0.197050758,0.0003265223926,0.9996734776,2537.715341,2362.56321,0.7952727487,0.7403833313,0.7063829467,0.7743837159
synthetic_20250706,synthetic,2025-07-06,union,2370,0.7406957828,6.125192668,0.1959926107,0.03841310344,0.002967215747,0.9970327843,2537.753754,2363.560243,0.7952847866,0.7406957828,0.7066953982,0.7746961674
synthetic_20250706,synthetic,2025-07-06,union,2371,0.7410086134,6.12422518,-1.055223857,1.113497388,0.001757469786,0.9982425302,2538.867251,2364.558486,0.795633736,0.7410086134,0.7070082288,0.775008998
synthetic_20250706,synthetic,2025-07-06,union,2372,0.741320983,6.124019636,-0.4780496459,0.2285314639,0.003228642258,0.9967713577,2539.095783,2365.555257,0.7957053535,0.741320983,0.7073205984,0.7753213676
synthetic_20250706,synthetic,2025-07-06,union,2373,0.7416336358,6.12167892,-0.5207546068,0.2711853605,0.002324958647,0.9976750414,2539.366968,2366.552932,0.7957903379,0.7416336358,0.7076332512,0.7756340204
synthetic_20250706,synthetic,2025-07-06,union,2374,0.7419453759,6.120284903,-0.1511223403,0.02283796174,0.005237556966,0.994762443,2539.389806,2367.547694,0.7957974949,0.7419453759,0.7079449913,0.7759457605
synthetic_20250706,synthetic,2025-07-06,union,2375,0.7422581636,6.119972799,1.779023694,3.164925304,0.001894426757,0.9981055732,2542.554732,2368.5458,0.7967893236,0.7422581636,0.708257779,0.7762585482
synthetic_20250706,synthetic,2025-07-06,union,2376,0.7425708027,6.119807216,1.032016481,1.065058018,0.002368523611,0.9976314764,2543.61979,2369.543431,0.7971230929,0.7425708027,0.7085704181,0.7765711873
synthetic_20250706,synthetic,2025-07-06,union,2377,0.7428840708,6.115937297,-0.9446490054,0.8923617434,0.0003616320047,0.999638368,2544.512151,2370.54307,0.7974027425,0.7428840708,0.7088836862,0.7768844554
synthetic_20250706,synthetic,2025-07-06,union,2378,0.7431973365,6.115698291,-1.021184143,1.042817053,0.0003689172289,0.9996310828,2545.554968,2371.542701,0.7977295419,0.7431973365,0.7091969519,0.7771977211
synthetic_20250706,synthetic,2025-07-06,union,2379,0.7435099901,6.115526431,1.37176138,1.881729282,0.002322411957,0.997677588,2547.436698,2372.540378,0.7983192409,0.7435099901,0.7095096055,0.7775103747
synthetic_20250706,synthetic,2025-07-06,union,2380,0.7438230632,6.113866029,1.733140608,3.003776368,0.000983896465,0.9990161035,2550.440474,2373.539395,0.7992605685,0.7438230632,0.7098226786,0.7778234478
synthetic_20250706,synthetic,2025-07-06,union,2381,0.7441362122,6.113729487,-1.419116008,2.013890243,0.000741306698,0.9992586933,2552.454364,2374.538653,0.7998916842,0.7441362122,0.7101358276,0.7781365968
synthetic_20250706,synthetic,2025-07-06,union,2382,0.7444494918,6.112961312,1.162875859,1.352280262,0.0003247767058,0.9996752233,2553.806645,2375.538328,0.8003154637,0.7444494918,0.7104491072,0.7784498764
synthetic_20250706,synthetic,2025-07-06,union,2383,0.7447626664,6.108857332,1.815125774,3.294681574,0.0006599537898,0.9993400462,2557.101326,2376.537669,0.8013479555,0.7447626664,0.7107622818,0.778763051
synthetic_20250706,synthetic,2025-07-06,union,2384,0.7450737441,6.108662668,0.3822691926,0.1461297356,0.00735115996,0.99264884,2557.247456,2377.530317,0.8013937499,0.7450737441,0.7110733595,0.7790741287
synthetic_20250706,synthetic,2025-07-06,union,2385,0.7453860197,6.108160837,-0.7398418958,0.5473660308,0.003528501262,0.9964714987,2557.794822,2378.526789,0.8015652842,0.7453860197,0.7113856351,0.7793864043
synthetic_20250706,synthetic,2025-07-06,union,2386,0.7456983718,6.107774681,-0.1052724119,0.0110822807,0.003284279756,0.9967157202,2557.805904,2379.523505,0.8015687572,0.7456983718,0.7116979872,0.7796987564
synthetic_20250706,synthetic,2025-07-06,union,2387,0.7460102757,6.106307745,-1.558922688,2.430239947,0.004714665824,0.9952853342,2560.236144,2380.51879,0.8023303491,0.7460102757,0.7120098911,0.7800106603
synthetic_20250706,synthetic,2025-07-06,union,2388,0.7463229783,6.105784129,-0.06146385446,0.003777805405,0.002166085385,0.9978339146,2560.239922,2381.516624,0.802331533,0.7463229783,0.7123225937,0.7803233629
synthetic_20250706,synthetic,2025-07-06,union,2389,0.74663597,6.105097086,0.07075297336,0.005005983239,0.001243501789,0.9987564982,2560.244928,2382.51538,0.8023331018,0.74663597,0.7126355854,0.7806363546
synthetic_20250706,synthetic,2025-07-06,union,2390,0.7469475636,6.098928843,1.069319763,1.143444756,0.005704734669,0.9942952653,2561.388373,2383.509676,0.8026914361,0.7469475636,0.712947179,0.7809479482
synthetic_20250706,synthetic,2025-07-06,union,2391,0.7472601999,6.098741488,0.1813535239,0.03288910063,0.002377728142,0.9976222719,2561.421262,2384.507298,0.8027017429,0.7472601999,0.7132598153,0.7812605845
synthetic_20250706,synthetic,2025-07-06,union,2392,0.7475715993,6.097531463,0.009066420472,8.219998017e-05,0.006324449865,0.9936755501,2561.421344,2385.500973,0.8027017687,0.7475715993,0.7135712147,0.7815719839
synthetic_20250706,synthetic,2025-07-06,union,2393,0.7478843712,6.09490895,-0.4685681641,0.2195561244,0.001944948791,0.9980550512,2561.6409,2386.499028,0.8027705735,0.7478843712,0.7138839866,0.7818847558
synthetic_20250706,synthetic,2025-07-06,union,2394,0.7481955387,6.09414912,1.117209331,1.248156689,0.007064560933,0.9929354391,2562.889057,2387.491964,0.8031617226,0.7481955387,0.7141951541,0.7821959233
synthetic_20250706,synthetic,2025-07-06,union,2395,0.74850848,6.089623107,-0.7604628128,0.5783036897,0.001404303253,0.9985956967,2563.46736,2388.49056,0.8033429522,0.74850848,0.7145080954,0.7825088646
synthetic_20250706,synthetic,2025-07-06,union,2396,0.7488203846,6.083744269,-0.2791463552,0.07792268763,0.004712392605,0.9952876074,2563.545283,2389.485847,0.8033673717,0.7488203846,0.71482,0.7828207692
synthetic_20250706,synthetic,2025-07-06,union,2397,0.7491331926,6.08354364,-1.151593221,1.326166947,0.001829686636,0.9981703134,2564.87145,2390.484018,0.8037829677,0.7491331926,0.715132808,0.7831335772
synthetic_20250706,synthetic,2025-07-06,union,2398,0.7494447277,6.082513732,0.3385058352,0.1145862005,0.005891559697,0.9941084403,2564.986036,2391.478126,0.8038188769,0.7494447277,0.7154443431,0.7834451123
synthetic_20250706,synthetic,2025-07-06,union,2399,0.7497574447,6.080682041,-0.03669091031,0.0013462229,0.002119911771,0.9978800882,2564.987382,2392.476006,0.8038192988,0.7497574447,0.7157570601,0.7837578293
synthetic_20250706,synthetic,2025-07-06,union,2400,0.75006983,6.078664098,-0.2546640166,0.06485376134,0.003178392257,0.9968216077,2565.052236,2393.472828,0.8038396228,0.75006983,0.7160694454,0.7840702146
synthetic_20250706,synthetic,2025-07-06,union,2401,0.7503827322,6.078540101,0.1686141516,0.02843073211,0.001529239818,0.9984707602,2565.080667,2394.471298,0.8038485324,0.7503827322,0.7163823476,0.7843831168
synthetic_20250706,synthetic,2025-07-06,union,2402,0.7506960028,6.076877837,0.4415714859,0.1949853772,0.0003535155266,0.9996464845,2565.275652,2395.470945,0.8039096372,0.7506960028,0.7166956182,0.7846963874
synthetic_20250706,synthetic,2025-07-06,union,2403,0.7510087569,6.074682519,-0.2760782329,0.0762191907,0.002001596224,0.9979984038,2565.351872,2396.468943,0.8039335229,0.7510087569,0.7170083723,0.7850091415
synthetic_20250706,synthetic,2025-07-06,union,2404,0.7513219807,6.074301946,1.022774546,1.046067771,0.000502984779,0.9994970152,2566.397939,2397.46844,0.8042613411,0.7513219807,0.7173215961,0.7853223653
synthetic_20250706,synthetic,2025-07-06,union,2405,0.7516352213,6.074227874,0.6429672033,0.4134068245,0.0004492693607,0.9995507306,2566.811346,2398.467991,0.8043908951,0.7516352213,0.7176348367,0.7856356059
synthetic_20250706,synthetic,2025-07-06,union,2406,0.7519480079,6.07331495,0.9501863092,0.9028540222,0.001897871733,0.9981021283,2567.7142,2399.466093,0.8046738327,0.7519480079,0.7179476233,0.7859483925
synthetic_20250706,synthetic,2025-07-06,union,2407,0.7522606809,6.0729942,-0.9400682987,0.8837284063,0.002260450777,0.9977395492,2568.597929,2400.463833,0.8049507767,0.7522606809,0.7182602963,0.7862610655
synthetic_20250706,synthetic,2025-07-06,union,2408,0.7525727079,6.071932405,1.545169271,2.387548076,0.004321927167,0.9956780728,2570.985477,2401.459511,0.8056989899,0.7525727079,0.7185723233,0.7865730925
synthetic_20250706,synthetic,2025-07-06,union,2409,0.7528855014,6.070940477,0.000685490089,4.698966621e-07,0.001875775476,0.9981242245,2570.985477,2402.457635,0.80569899,0.7528855014,0.7188851168,0.786885886
synthetic_20250706,synthetic,2025-07-06,union,2410,0.7531983923,6.070422456,-1.912559208,3.657882723,0.00156507715,0.9984349228,2574.64336,2403.45607,0.8068453024,0.7531983923,0.7191980077,0.7871987769
synthetic_20250706,synthetic,2025-07-06,union,2411,0.7535105719,6.06747266,-0.7304702613,0.5335868027,0.003835115232,0.9961648848,2575.176947,2404.452235,0.8070125185,0.7535105719,0.7195101873,0.7875109565
synthetic_20250706,synthetic,2025-07-06,union,2412,0.7538235071,6.066054139,-0.05456812743,0.002977680531,0.001423797078,0.9985762029,2575.179924,2405.450811,0.8070134517,0.7538235071,0.7198231225,0.7878238917
synthetic_20250706,synthetic,2025-07-06,union,2413,0.7541362828,6.065768827,0.3485478398,0.1214855967,0.001932741111,0.9980672589,2575.30141,2406.448878,0.807051523,0.7541362828,0.7201358982,0.7881366674
synthetic_20250706,synthetic,2025-07-06,union,2414,0.7544495261,6.063983059,1.244734502,1.549363981,0.0004405248498,0.9995594752,2576.850774,2407.448438,0.8075370648,0.7544495261,0.7204491415,0.7884499107
synthetic_20250706,synthetic,2025-07-06,union,2415,0.7547618522,6.061849307,0.3577535724,0.1279876185,0.003367293761,0.9966327062,2576.978762,2408.44507,0.8075771738,0.7547618522,0.7207614676,0.7887622368
synthetic_20250706,synthetic,2025-07-06,union,2416,0.7550750809,6.060955096,-0.0367630562,0.001351522302,0.0004872781617,0.9995127218,2576.980113,2409.444583,0.8075775973,0.7550750809,0.7210746963,0.7890754655
synthetic_20250706,synthetic,2025-07-06,union,2417,0.7553880198,6.059940177,0.8392983255,0.7044216793,0.001411884164,0.9985881158,2577.684535,2410.443171,0.80779835,0.7553880198,0.7213876352,0.7893884044
synthetic_20250706,synthetic,2025-07-06,union,2418,0.755701153,6.059675118,-0.4394689772,0.1931329819,0.000792066004,0.999207934,2577.877668,2411.442379,0.8078588742,0.755701153,0.7217007684,0.7897015376
synthetic_20250706,synthetic,2025-07-06,union,2419,0.7560141848,6.058262406,-0.2729046379,0.07447694139,0.001115654714,0.9988843453,2577.952145,2412.441264,0.8078822139,0.7560141848,0.7220138002,0.7900145694
synthetic_20250706,synthetic,2025-07-06,union,2420,0.7563271273,6.057887434,0.4796288323,0.2300438168,0.001400348551,0.9985996514,2578.182188,2413.439863,0.8079543054,0.7563271273,0.7223267427,0.7903275119
synthetic_20250706,synthetic,2025-07-06,union,2421,0.756639608,6.05711637,-1.559341914,2.431547206,0.002874186963,0.997125813,2580.613736,2414.436989,0.808716307,0.756639608,0.7226392234,0.7906399926
synthetic_20250706,synthetic,2025-07-06,union,2422,0.7569519851,6.05591465,-1.166944881,1.361760355,0.003204565794,0.9967954342,2581.975496,2415.433784,0.8091430574,0.7569519851,0.7229516005,0.7909523697
synthetic_20250706,synthetic,2025-07-06,union,2423,0.7572648883,6.055386545,0.5091351003,0.2592185503,0.001525935308,0.9984740647,2582.234715,2416.432259,0.8092242916,0.7572648883,0.7232645037,0.7912652729
synthetic_20250706,synthetic,2025-07-06,union,2424,0.7575779211,6.052800288,-0.2944950086,0.08672731009,0.001112166154,0.9988878338,2582.321442,2417.431146,0.8092514703,0.7575779211,0.7235775365,0.7915783057
synthetic_20250706,synthetic,2025-07-06,union,2425,0.7578909589,6.052151725,-1.115998532,1.245452723,0.001096549888,0.9989034501,2583.566895,2418.43005,0.809641772,0.7578909589,0.7238905743,0.7918913435
synthetic_20250706,synthetic,2025-07-06,union,2426,0.7582042039,6.051103088,-0.9927236456,0.9855002366,0.0004353243652,0.9995646756,2584.552395,2419.429615,0.8099506095,0.7582042039,0.7242038193,0.7922045885
synthetic_20250706,synthetic,2025-07-06,union,2427,0.7585168849,6.049834023,-0.676152208,0.4571818084,0.002234884657,0.9977651153,2585.009577,2420.42738,0.8100938817,0.7585168849,0.7245165003,0.7925172695
synthetic_20250706,synthetic,2025-07-06,union,2428,0.758829973,6.048568917,0.1950209811,0.03803318308,0.0009358188528,0.9990641811,2585.04761,2421.426444,0.8101058006,0.758829973,0.7248295884,0.7928303576
synthetic_20250706,synthetic,2025-07-06,union,2429,0.7591428795,6.047682245,0.3756371523,0.1411032702,0.001515364238,0.9984846358,2585.188713,2422.424928,0.8101500198,0.7591428795,0.7251424949,0.7931432641
synthetic_20250706,synthetic,2025-07-06,union,2430,0.7594557159,6.045388604,-0.6581858307,0.4332085878,0.001739068008,0.998260932,2585.621922,2423.423189,0.8102857793,0.7594557159,0.7254553313,0.7934561005
synthetic_20250706,synthetic,2025-07-06,union,2431,0.7597687029,6.042931292,0.4178203143,0.174573815,0.001258520155,0.9987414798,2585.796496,2424.421931,0.8103404875,0.7597687029,0.7257683183,0.7937690875
synthetic_20250706,synthetic,2025-07-06,union,2432,0.7600816468,6.040962023,0.8069984605,0.6512465152,0.001395831251,0.9986041687,2586.447742,2425.420535,0.810544576,0.7600816468,0.7260812622,0.7940820314
synthetic_20250706,synthetic,2025-07-06,union,2433,0.7603943368,6.040313596,-0.5214626042,0.2719232476,0.002206320363,0.9977936796,2586.719665,2426.418329,0.8106297917,0.7603943368,0.7263939522,0.7943947214
synthetic_20250706,synthetic,2025-07-06,union,2434,0.7607071057,6.03639473,2.313466728,5.352128301,0.001954365933,0.9980456341,2592.071794,2427.416374,0.8123070491,0.7607071057,0.7267067211,0.7947074903
synthetic_20250706,synthetic,2025-07-06,union,2435,0.7610200598,6.035681242,-0.2707374357,0.07329875909,0.001363440433,0.9986365596,2592.145092,2428.415011,0.8123300195,0.7610200598,0.7270196752,0.7950204444
synthetic_20250706,synthetic,2025-07-06,union,2436,0.7613324529,6.033595949,-0.3699982323,0.1368986919,0.003153678635,0.9968463214,2592.281991,2429.411857,0.812372921,0.7613324529,0.7273320683,0.7953328375
synthetic_20250706,synthetic,2025-07-06,union,2437,0.7616454912,6.033495668,0.7528165121,0.5667327008,0.001094868023,0.998905132,2592.848724,2430.410762,0.8125505245,0.7616454912,0.7276451066,0.7956458758
synthetic_20250706,synthetic,2025-07-06,union,2438,0.761958437,6.028657261,-0.7260817484,0.5271947053,0.001389762678,0.9986102373,2593.375918,2431.409373,0.8127157375,0.761958437,0.7279580524,0.7959588216
synthetic_20250706,synthetic,2025-07-06,union,2439,0.7622709051,6.026136848,0.3510005733,0.1232014024,0.002914321665,0.9970856783,2593.49912,2432.406458,0.8127543465,0.7622709051,0.7282705205,0.7962712897
synthetic_20250706,synthetic,2025-07-06,union,2440,0.762583619,6.025497884,-0.534926312,0.2861461593,0.002130165556,0.9978698344,2593.785266,2433.404328,0.8128440194,0.762583619,0.7285832344,0.7965840036
synthetic_20250706,synthetic,2025-07-06,union,2441,0.7628966981,6.023577227,-0.4219009657,0.1780004249,0.000964385588,0.9990356144,2593.963266,2434.403364,0.8128998014,0.7628966981,0.7288963135,0.7968970827
synthetic_20250706,synthetic,2025-07-06,union,2442,0.7632096868,6.02102627,-0.4366333213,0.1906486573,0.001253200092,0.9987467999,2594.153915,2435.402111,0.8129595472,0.7632096868,0.7292093022,0.7972100714
synthetic_20250706,synthetic,2025-07-06,union,2443,0.7635226045,6.020301207,0.5825861174,0.3394065842,0.0014794349,0.9985205651,2594.493322,2436.400631,0.8130659109,0.7635226045,0.7295222199,0.7975229891
synthetic_20250706,synthetic,2025-07-06,union,2444,0.7638346489,6.019902622,-0.2595638007,0.06737336662,0.004266405814,0.9957335942,2594.560695,2437.396365,0.8130870244,0.7638346489,0.7298342643,0.7978350335
synthetic_20250706,synthetic,2025-07-06,union,2445,0.7641474782,6.019092414,0.9097085644,0.8275696721,0.00176161096,0.998238389,2595.388265,2438.394603,0.8133463694,0.7641474782,0.7301470936,0.7981478628
synthetic_20250706,synthetic,2025-07-06,union,2446,0.7644598762,6.018955698,0.2442990049,0.0596820038,0.00313811195,0.9968618881,2595.447947,2439.391465,0.8133650726,0.7644598762,0.7304594916,0.7984602608
synthetic_20250706,synthetic,2025-07-06,union,2447,0.7647723706,6.018246804,-0.4666824245,0.2177924853,0.002830501328,0.9971694987,2595.665739,2440.388634,0.8134333247,0.7647723706,0.730771986,0.7987727552
synthetic_20250706,synthetic,2025-07-06,union,2448,0.7650842082,6.017154434,0.7443680613,0.5540838106,0.004926075233,0.9950739248,2596.219823,2441.383708,0.8136069643,0.7650842082,0.7310838236,0.7990845928
synthetic_20250706,synthetic,2025-07-06,union,2449,0.7653973121,6.017066354,0.6726639552,0.4524767966,0.0008855287831,0.9991144712,2596.6723,2442.382823,0.8137487621,0.7653973121,0.7313969275,0.7993976967
synthetic_20250706,synthetic,2025-07-06,union,2450,0.765709936,6.016434016,0.7131943308,0.5086461535,0.002417010553,0.9975829894,2597.180946,2443.380406,0.8139081623,0.765709936,0.7317095514,0.7997103206
synthetic_20250706,synthetic,2025-07-06,union,2451,0.7660230856,6.014982647,0.7212218636,0.5201609765,0.0007396332533,0.9992603667,2597.701107,2444.379666,0.8140711711,0.7660230856,0.732022701,0.8000234702
synthetic_20250706,synthetic,2025-07-06,union,2452,0.7663341672,6.01380262,-0.4585510223,0.21026904,0.00733850892,0.9926614911,2597.911376,2445.372328,0.8141370655,0.7663341672,0.7323337826,0.8003345518
synthetic_20250706,synthetic,2025-07-06,union,2453,0.7666471509,6.011784666,0.7817369451,0.6111126514,0.001269319768,0.9987306802,2598.522489,2446.371058,0.8143285768,0.7666471509,0.7326467663,0.8006475355
synthetic_20250706,synthetic,2025-07-06,union,2454,0.7669591597,6.009662801,-1.633543248,2.668463543,0.004379717803,0.9956202822,2601.190952,2447.366679,0.8151648236,0.7669591597,0.7329587751,0.8009595443
synthetic_20250706,synthetic,2025-07-06,union,2455,0.7672719174,6.007395722,0.03234453808,0.001046169144,0.001990196437,0.9980098036,2601.191998,2448.364688,0.8151651515,0.7672719174,0.7332715328,0.801272302
synthetic_20250706,synthetic,2025-07-06,union,2456,0.767584017,6.005464144,-0.05588344258,0.003122959154,0.004090310491,0.9959096895,2601.195121,2449.360598,0.8151661301,0.767584017,0.7335836324,0.8015844016
synthetic_20250706,synthetic,2025-07-06,union,2457,0.7678956082,6.004602392,-0.5445194812,0.2965014654,0.005712354714,0.9942876453,2601.491623,2450.354886,0.8152590482,0.7678956082,0.7338952236,0.8018959928
synthetic_20250706,synthetic,2025-07-06,union,2458,0.7682089083,6.004212557,0.4312336351,0.1859624481,0.000259563244,0.9997404368,2601.677585,2451.354626,0.8153173254,0.7682089083,0.7342085237,0.8022092929
synthetic_20250706,synthetic,2025-07-06,union,2459,0.7685205207,6.000826824,1.097742585,1.205038784,0.005644518681,0.9943554813,2602.882624,2452.348982,0.8156949621,0.7685205207,0.7345201361,0.8025209053
synthetic_20250706,synthetic,2025-07-06,union,2460,0.7688335301,5.999293068,-0.2099814873,0.04409222503,0.001187183721,0.9988128163,2602.926716,2453.347795,0.8157087798,0.7688335301,0.7348331455,0.8028339147
synthetic_20250706,synthetic,2025-07-06,union,2461,0.7691463325,5.99908342,-0.8169210663,0.6673600286,0.001847580825,0.9981524192,2603.594076,2454.345947,0.815917918,0.7691463325,0.7351459479,0.8031467171
synthetic_20250706,synthetic,2025-07-06,union,2462,0.7694595654,5.998701816,1.356779577,1.840850821,0.000473736492,0.9995262635,2605.434927,2455.345473,0.8164948063,0.7694595654,0.7354591808,0.80345995
synthetic_20250706,synthetic,2025-07-06,union,2463,0.7697726772,5.997970068,0.1998887579,0.03995551552,0.0008601077939,0.9991398922,2605.474883,2456.344613,0.8165073277,0.7697726772,0.7357722926,0.8037730618
synthetic_20250706,synthetic,2025-07-06,union,2464,0.7700859165,5.995124904,-0.7582825594,0.5749924398,0.0004535801383,0.9995464199,2606.049875,2457.34416,0.8166875196,0.7700859165,0.7360855319,0.8040863011
synthetic_20250706,synthetic,2025-07-06,union,2465,0.7703991838,5.994541942,0.09519907783,0.00906286442,0.0003639025619,0.9996360974,2606.058938,2458.343796,0.8166903597,0.7703991838,0.7363987992,0.8043995684
synthetic_20250706,synthetic,2025-07-06,union,2466,0.7707115955,5.99358049,1.045689449,1.093466424,0.003094475149,0.9969055249,2607.152404,2459.340701,0.8170330317,0.7707115955,0.7367112109,0.8047119801
synthetic_20250706,synthetic,2025-07-06,union,2467,0.7710246538,5.992887449,-0.3950712871,0.1560813219,0.00103087262,0.9989691274,2607.308486,2460.33967,0.8170819447,0.7710246538,0.7370242692,0.8050250384
synthetic_20250706,synthetic,2025-07-06,union,2468,0.7713355121,5.992448069,-2.40599129,5.788794088,0.008051151522,0.9919488485,2613.09728,2461.331619,0.818896045,0.7713355121,0.7373351275,0.8053358967
synthetic_20250706,synthetic,2025-07-06,union,2469,0.77164805,5.99227194,1.052430317,1.107609571,0.002691515713,0.9973084843,2614.204889,2462.328928,0.8192431493,0.77164805,0.7376476654,0.8056484346
synthetic_20250706,synthetic,2025-07-06,union,2470,0.7719605885,5.991191947,-0.09737952183,0.009482771272,0.002689555745,0.9973104443,2614.214372,2463.326238,0.819246121,0.7719605885,0.7379602039,0.8059609731
synthetic_20250706,synthetic,2025-07-06,union,2471,0.7722734939,5.98937925,0.4534210493,0.2055906479,0.001519169615,0.9984808304,2614.419963,2464.324719,0.8193105493,0.7722734939,0.7382731093,0.8062738785
synthetic_20250706,synthetic,2025-07-06,union,2472,0.7725855839,5.988847486,-1.195436543,1.429068527,0.00412065825,0.9958793418,2615.849031,2465.320598,0.8197583927,0.7725855839,0.7385851993,0.8065859685
synthetic_20250706,synthetic,2025-07-06,union,2473,0.772897971,5.988236572,-0.7824375976,0.6122085942,0.003172881253,0.9968271187,2616.46124,2466.317425,0.8199502475,0.772897971,0.7388975864,0.8068983556
synthetic_20250706,synthetic,2025-07-06,union,2474,0.7732109531,5.987448653,1.486602147,2.209985944,0.001274073731,0.9987259263,2618.671226,2467.316151,0.820642816,0.7732109531,0.7392105685,0.8072113377
synthetic_20250706,synthetic,2025-07-06,union,2475,0.7735241171,5.984331436,-0.2131291802,0.04542404745,0.0006937345391,0.9993062655,2618.71665,2468.315458,0.820657051,0.7735241171,0.7395237325,0.8075245017
synthetic_20250706,synthetic,2025-07-06,union,2476,0.7738366521,5.983654604,-0.9915370989,0.9831458185,0.002700752448,0.9972992476,2619.699796,2469.312757,0.8209651506,0.7738366521,0.7398362675,0.8078370367
synthetic_20250706,synthetic,2025-07-06,union,2477,0.7741498886,5.982910012,0.4296137047,0.1845679353,0.0004621348636,0.9995378651,2619.884364,2470.312295,0.8210229908,0.7741498886,0.740149504,0.8081502732
synthetic_20250706,synthetic,2025-07-06,union,2478,0.7744623156,5.981760834,1.241187128,1.540545486,0.003045508981,0.996954491,2621.424909,2471.309249,0.8215057691,0.7744623156,0.740461931,0.8084627002
synthetic_20250706,synthetic,2025-07-06,union,2479,0.7747752046,5.981149507,-0.1809088462,0.03272801062,0.001571109765,0.9984288902,2621.457637,2472.307678,0.8215160254,0.7747752046,0.74077482,0.8087755892
synthetic_20250706,synthetic,2025-07-06,union,2480,0.7750876848,5.980893304,-0.5436499981,0.2955553205,0.002875911204,0.9971240888,2621.753192,2473.304802,0.8216086469,0.7750876848,0.7410873002,0.8090880694
synthetic_20250706,synthetic,2025-07-06,union,2481,0.7753998806,5.979647251,-0.6512365107,0.4241089928,0.003783040196,0.9962169598,2622.177301,2474.301019,0.8217415548,0.7753998806,0.741399496,0.8094002652
synthetic_20250706,synthetic,2025-07-06,union,2482,0.7757124715,5.977884342,-1.423165644,2.025400451,0.002522403185,0.9974775968,2624.202702,2475.298497,0.8223762776,0.7757124715,0.7417120869,0.8097128561
synthetic_20250706,synthetic,2025-07-06,union,2483,0.7760252297,5.973975715,-0.03041291868,0.0009249456226,0.001988636233,0.9980113638,2624.203627,2476.296508,0.8223765675,0.7760252297,0.7420248451,0.8100256143
synthetic_20250706,synthetic,2025-07-06,union,2484,0.7763369876,5.973844752,0.3373614241,0.1138127305,0.0051807501,0.9948192499,2624.317439,2477.291327,0.8224122343,0.7763369876,0.742336603,0.8103373722
synthetic_20250706,synthetic,2025-07-06,union,2485,0.7766494026,5.973468174,1.36372536,1.859746858,0.003083514428,0.9969164856,2626.177186,2478.288244,0.8229950443,0.7766494026,0.742649018,0.8106497872
synthetic_20250706,synthetic,2025-07-06,union,2486,0.7769624546,5.972733296,0.6687471549,0.4472227572,0.001051090599,0.9989489094,2626.624409,2479.287193,0.8231351956,0.7769624546,0.74296207,0.8109628392
synthetic_20250706,synthetic,2025-07-06,union,2487,0.7772751087,5.96853381,-0.3278503042,0.107485822,0.002320933054,0.9976790669,2626.731895,2480.284872,0.8231688796,0.7772751087,0.7432747241,0.8112754933
synthetic_20250706,synthetic,2025-07-06,union,2488,0.777588004,5.966804539,0.01336516488,0.0001786276324,0.001550841857,0.9984491581,2626.732074,2481.283321,0.8231689356,0.777588004,0.7435876194,0.8115883886
synthetic_20250706,synthetic,2025-07-06,union,2489,0.7779007079,5.966283623,0.2828872716,0.08002520845,0.002161888669,0.9978381113,2626.812099,2482.281159,0.823194014,0.7779007079,0.7439003233,0.8119010925
synthetic_20250706,synthetic,2025-07-06,union,2490,0.7782136793,5.966245521,0.4722827105,0.2230509587,0.001308495571,0.9986915044,2627.03515,2483.279851,0.823263914,0.7782136793,0.7442132947,0.8122140639
synthetic_20250706,synthetic,2025-07-06,union,2491,0.7785253123,5.965757135,-0.8453334648,0.7145886666,0.005578903709,0.9944210963,2627.749738,2484.274272,0.8234878528,0.7785253123,0.7445249277,0.8125256969
synthetic_20250706,synthetic,2025-07-06,union,2492,0.7788382043,5.965688823,0.628195315,0.3946293538,0.001561635844,0.9984383642,2628.144368,2485.27271,0.8236115223,0.7788382043,0.7448378197,0.8128385889
synthetic_20250706,synthetic,2025-07-06,union,2493,0.7791501159,5.961268901,0.6685967614,0.4470216293,0.004690065399,0.9953099346,2628.591389,2486.26802,0.8237516106,0.7791501159,0.7451497313,0.8131505005
synthetic_20250706,synthetic,2025-07-06,union,2494,0.7794633777,5.958953176,0.0091805632,8.428274067e-05,0.0003818031367,0.9996181969,2628.591474,2487.267638,0.823751637,0.7794633777,0.7454629931,0.8134637623
synthetic_20250706,synthetic,2025-07-06,union,2495,0.7797747769,5.958472681,0.6042110102,0.3650709449,0.006324910179,0.9936750898,2628.956545,2488.261313,0.8238660434,0.7797747769,0.7457743923,0.8137751615
synthetic_20250706,synthetic,2025-07-06,union,2496,0.7800879355,5.958270919,-1.908607892,3.642784085,0.0007110652924,0.9992889347,2632.599329,2489.260602,0.8250076242,0.7800879355,0.7460875509,0.8140883201
synthetic_20250706,synthetic,2025-07-06,union,2497,0.7803995338,5.956142021,0.3089105007,0.09542569746,0.005689742899,0.9943102571,2632.694754,2490.254912,0.8250375288,0.7803995338,0.7463991492,0.8143999184
synthetic_20250706,synthetic,2025-07-06,union,2498,0.7807121932,5.956092428,-0.8276469742,0.6849995139,0.002303869059,0.9976961309,2633.379754,2491.252609,0.8252521949,0.7807121932,0.7467118086,0.8147125778
synthetic_20250706,synthetic,2025-07-06,union,2499,0.781025451,5.953274822,0.236668007,0.05601174552,0.0003943521097,0.9996056479,2633.435766,2492.252214,0.8252697479,0.781025451,0.7470250664,0.8150258356
synthetic_20250706,synthetic,2025-07-06,union,2500,0.7813385605,5.951622199,1.839480292,3.383687745,0.0008676258072,0.9991323742,2636.819453,2493.251347,0.8263301327,0.7813385605,0.7473381759,0.8153389451
synthetic_20250706,synthetic,2025-07-06,union,2501,0.7816514357,5.946750397,0.736046047,0.5417637834,0.001615268874,0.9983847311,2637.361217,2494.249731,0.8264999114,0.7816514357,0.7476510511,0.8156518203
synthetic_20250706,synthetic,2025-07-06,union,2502,0.7819642097,5.944189959,-0.5397892674,0.2913724532,0.00193811559,0.9980618844,2637.65259,2495.247793,0.8265912221,0.7819642097,0.7479638251,0.8159645943
synthetic_20250706,synthetic,2025-07-06,union,2503,0.7822771283,5.942866774,-0.9203796384,0.8470986787,0.0014768105,0.9985231895,2638.499688,2496.246316,0.826856687,0.7822771283,0.7482767437,0.8162775129
synthetic_20250706,synthetic,2025-07-06,union,2504,0.7825901564,5.937997786,-0.8081173343,0.653053626,0.001127134489,0.9988728655,2639.152742,2497.245189,0.8270613419,0.7825901564,0.7485897718,0.816590541
synthetic_20250706,synthetic,2025-07-06,union,2505,0.7829030767,5.93699891,-0.3175834585,0.1008592531,0.001471463296,0.9985285367,2639.253601,2498.243718,0.8270929493,0.7829030767,0.7489026921,0.8169034613
synthetic_20250706,synthetic,2025-07-06,union,2506,0.7832158993,5.936604251,1.108772181,1.229375749,0.00178311871,0.9982168813,2640.482977,2499.241935,0.8274782128,0.7832158993,0.7492155147,0.8172162839
synthetic_20250706,synthetic,2025-07-06,union,2507,0.7835276128,5.934654095,1.045481319,1.093031187,0.005322206975,0.994677793,2641.576008,2500.236612,0.8278207484,0.7835276128,0.7495272282,0.8175279974
synthetic_20250706,synthetic,2025-07-06,union,2508,0.7838405126,5.933501514,-0.2476977028,0.06135415198,0.001536648408,0.9984633516,2641.637362,2501.235076,0.8278399756,0.7838405126,0.749840128,0.8178408972
synthetic_20250706,synthetic,2025-07-06,union,2509,0.7841535848,5.932271995,0.2101056331,0.04414437706,0.000986523521,0.9990134765,2641.681507,2502.234089,0.8278538097,0.7841535848,0.7501532002,0.8181539694
synthetic_20250706,synthetic,2025-07-06,union,2510,0.7844668089,5.931793258,0.4903353909,0.2404287955,0.0005019161564,0.9994980838,2641.921935,2503.233587,0.8279291556,0.7844668089,0.7504664243,0.8184671935
synthetic_20250706,synthetic,2025-07-06,union,2511,0.7847797253,5.931689891,-0.01831606696,0.0003354783091,0.001483947857,0.9985160521,2641.922271,2504.232103,0.8279292607,0.7847797253,0.7507793407,0.8187801099
synthetic_20250706,synthetic,2025-07-06,union,2512,0.7850926876,5.929708697,0.9049780602,0.8189852894,0.001337167465,0.9986628325,2642.741256,2505.230766,0.8281859155,0.7850926876,0.751092303,0.8190930722
synthetic_20250706,synthetic,2025-07-06,union,2513,0.7854054749,5.926667161,0.4388095109,0.1925537868,0.001895757661,0.9981042423,2642.93381,2506.22887,0.8282462582,0.7854054749,0.7514050903,0.8194058595
synthetic_20250706,synthetic,2025-07-06,union,2514,0.7857181622,5.926054238,1.540525065,2.373217474,0.00221474477,0.9977852552,2645.307027,2507.226656,0.8289899804,0.7857181622,0.7517177776,0.8197185468
synthetic_20250706,synthetic,2025-07-06,union,2515,0.7860307518,5.925752257,-1.967599953,3.871449575,0.002526647712,0.9974733523,2649.178477,2508.224129,0.8302032206,0.7860307518,0.7520303672,0.8200311364
synthetic_20250706,synthetic,2025-07-06,union,2516,0.7863424849,5.919771366,-1.055894176,1.11491251,0.00525984471,0.9947401553,2650.29339,2509.218869,0.8305526135,0.7863424849,0.7523421003,0.8203428695
synthetic_20250706,synthetic,2025-07-06,union,2517,0.7866548449,5.91945984,-0.8450672678,0.714138687,0.003259030245,0.9967409698,2651.007528,2510.21561,0.8307764112,0.7866548449,0.7526544603,0.8206552295
synthetic_20250706,synthetic,2025-07-06,union,2518,0.7869677723,5.919072147,0.9585755646,0.918867113,0.001448777231,0.9985512228,2651.926395,2511.214161,0.8310643671,0.7869677723,0.7529673877,0.8209681569
synthetic_20250706,synthetic,2025-07-06,union,2519,0.7872809215,5.918988671,-1.525645374,2.327593806,0.0007408111621,0.9992591888,2654.253989,2512.213421,0.8317937917,0.7872809215,0.7532805369,0.8212813061
synthetic_20250706,synthetic,2025-07-06,union,2520,0.787593526,5.917661945,-0.2181535406,0.04759096727,0.002479029583,0.9975209704,2654.30158,2513.210942,0.8318087058,0.787593526,0.7535931414,0.8215939106
synthetic_20250706,synthetic,2025-07-06,union,2521,0.7879064871,5.915845699,0.06850532048,0.004692978933,0.001341286638,0.9986587134,2654.306273,2514.2096,0.8318101765,0.7879064871,0.7539061025,0.8219068717
synthetic_20250706,synthetic,2025-07-06,union,2522,0.7882186435,5.91031228,0.2521889417,0.06359926233,0.003908810693,0.9960911893,2654.369872,2515.205691,0.8318301073,0.7882186435,0.7542182589,0.8222190281
synthetic_20250706,synthetic,2025-07-06,union,2523,0.7885309341,5.907517662,0.4519807601,0.2042866075,0.003480752554,0.9965192474,2654.574159,2516.202211,0.8318941269,0.7885309341,0.7545305495,0.8225313187
synthetic_20250706,synthetic,2025-07-06,union,2524,0.7888436177,5.903963353,1.767771002,3.125014316,0.002226803083,0.9977731969,2657.699173,2517.199984,0.8328734482,0.7888436177,0.7548432331,0.8228440023
synthetic_20250706,synthetic,2025-07-06,union,2525,0.7891558659,5.903848524,1.39785565,1.954000417,0.003615907651,0.9963840923,2659.653174,2518.196368,0.8334857956,0.7891558659,0.7551554813,0.8231562505
synthetic_20250706,synthetic,2025-07-06,union,2526,0.7894679661,5.899199519,-1.277161229,1.631140805,0.004088312564,0.9959116874,2661.284315,2519.19228,0.8339969648,0.7894679661,0.7554675815,0.8234683507
synthetic_20250706,synthetic,2025-07-06,union,2527,0.7897801911,5.896134384,-0.1679924971,0.0282214791,0.00368981641,0.9963101836,2661.312536,2520.18859,0.8340058088,0.7897801911,0.7557798065,0.8237805757
synthetic_20250706,synthetic,2025-07-06,union,2528,0.7900928433,5.893067824,-0.4637625438,0.215075697,0.002326965533,0.9976730345,2661.527612,2521.186263,0.8340732096,0.7900928433,0.7560924587,0.8240932279
synthetic_20250706,synthetic,2025-07-06,union,2529,0.7904058973,5.892935163,0.8622240782,0.7434303611,0.001044613956,0.998955386,2662.271042,2522.185218,0.8343061868,0.7904058973,0.7564055127,0.8244062819
synthetic_20250706,synthetic,2025-07-06,union,2530,0.7907175364,5.892859413,0.1449004281,0.02099613407,0.005559521203,0.9944404788,2662.292038,2523.179659,0.8343127666,0.7907175364,0.7567171518,0.824717921
synthetic_20250706,synthetic,2025-07-06,union,2531,0.7910291451,5.887646815,0.4843292906,0.2345748618,0.005656796307,0.9943432037,2662.526613,2524.174002,0.834386278,0.7910291451,0.7570287605,0.8250295297
synthetic_20250706,synthetic,2025-07-06,union,2532,0.791342033,5.886966068,-1.283480511,1.647322222,0.001574659521,0.9984253405,2664.173935,2525.172427,0.8349025181,0.791342033,0.7573416484,0.8253424176
synthetic_20250706,synthetic,2025-07-06,union,2533,0.7916544572,5.88689339,-0.1561140179,0.02437158657,0.00305448084,0.9969455192,2664.198307,2526.169373,0.8349101557,0.7916544572,0.7576540726,0.8256548418
synthetic_20250706,synthetic,2025-07-06,union,2534,0.7919663332,5.886808626,-1.057880507,1.119111166,0.004803475765,0.9951965242,2665.317418,2527.164569,0.8352608643,0.7919663332,0.7579659486,0.8259667178
synthetic_20250706,synthetic,2025-07-06,union,2535,0.7922781152,5.885469799,0.04626999326,0.002140912276,0.005103807542,0.9948961925,2665.319559,2528.159466,0.8352615352,0.7922781152,0.7582777306,0.8262784998
synthetic_20250706,synthetic,2025-07-06,union,2536,0.7925900408,5.883716228,0.365976452,0.1339387634,0.004645459586,0.9953545404,2665.453498,2529.15482,0.8353035092,0.7925900408,0.7585896562,0.8265904254
synthetic_20250706,synthetic,2025-07-06,union,2537,0.7929018441,5.882687001,0.2728010827,0.0744204307,0.005035535814,0.9949644642,2665.527918,2530.149785,0.8353268311,0.7929018441,0.7589014595,0.8269022287
synthetic_20250706,synthetic,2025-07-06,union,2538,0.7932142455,5.881251083,0.943232805,0.8896881245,0.003127156852,0.9968728431,2666.417606,2531.146657,0.8356056428,0.7932142455,0.7592138609,0.8272146301
synthetic_20250706,synthetic,2025-07-06,union,2539,0.7935265909,5.879472216,-1.760945462,3.10092892,0.003305980994,0.996694019,2669.518535,2532.143351,0.8365774162,0.7935265909,0.7595262063,0.8275269755
synthetic_20250706,synthetic,2025-07-06,union,2540,0.7938395037,5.877901355,-0.797537202,0.6360655886,0.001495124961,0.998504875,2670.154601,2533.141856,0.8367767473,0.7938395037,0.7598391191,0.8278398883
synthetic_20250706,synthetic,2025-07-06,union,2541,0.7941525337,5.877502375,0.4654629275,0.2166557369,0.001121143702,0.9988788563,2670.371257,2534.140735,0.8368446432,0.7941525337,0.7601521491,0.8281529183
synthetic_20250706,synthetic,2025-07-06,union,2542,0.7944650033,5.877447103,-1.054095083,1.111116444,0.002909502558,0.9970904974,2671.482373,2535.137826,0.8371928464,0.7944650033,0.7604646187,0.8284653879
synthetic_20250706,synthetic,2025-07-06,union,2543,0.7947781681,5.87682703,0.4871797887,0.2373441465,0.0006912434025,0.9993087566,2671.719717,2536.137134,0.8372672257,0.7947781681,0.7607777835,0.8287785527
synthetic_20250706,synthetic,2025-07-06,union,2544,0.7950911076,5.87499033,-0.1634316213,0.02670989484,0.001410151669,0.9985898483,2671.746427,2537.135724,0.837275596,0.7950911076,0.761090723,0.8290914922
synthetic_20250706,synthetic,2025-07-06,union,2545,0.7954031965,5.87269953,-0.5513270062,0.3039614677,0.004124110657,0.9958758893,2672.050388,2538.1316,0.8373708519,0.7954031965,0.7614028119,0.8294035811
synthetic_20250706,synthetic,2025-07-06,union,2546,0.7957156987,5.871117603,0.2409351039,0.05804972427,0.002805670649,0.9971943294,2672.108438,2539.128794,0.8373890436,0.7957156987,0.7617153141,0.8297160833
synthetic_20250706,synthetic,2025-07-06,union,2547,0.7960273279,5.869489112,0.4760524655,0.2266259499,0.005591199474,0.9944088005,2672.335064,2540.123203,0.837460064,0.7960273279,0.7620269433,0.8300277125
synthetic_20250706,synthetic,2025-07-06,union,2548,0.7963401195,5.869086301,-1.640271595,2.690490904,0.001881908337,0.9981180917,2675.025555,2541.121321,0.8383032137,0.7963401195,0.7623397349,0.8303405041
synthetic_20250706,synthetic,2025-07-06,union,2549,0.7966521019,5.868774206,-0.8984121744,0.8071444351,0.004464225301,0.9955357747,2675.832699,2542.116857,0.8385561578,0.7966521019,0.7626517173,0.8306524865
synthetic_20250706,synthetic,2025-07-06,union,2550,0.7969644833,5.86816231,-0.5262810273,0.2769717197,0.003190872998,0.996809127,2676.109671,2543.113666,0.8386429556,0.7969644833,0.7629640987,0.8309648679
synthetic_20250706,synthetic,2025-07-06,union,2551,0.7972767382,5.864609368,-0.6167740973,0.3804102871,0.003594539134,0.9964054609,2676.490081,2544.110072,0.8387621691,0.7972767382,0.7632763536,0.8312771228
synthetic_20250706,synthetic,2025-07-06,union,2552,0.7975900727,5.863867373,-0.7712488934,0.5948248555,0.0001497961064,0.9998502039,2677.084906,2545.109922,0.8389485761,0.7975900727,0.7635896881,0.8315904573
synthetic_20250706,synthetic,2025-07-06,union,2553,0.7979025154,5.863504026,0.3862667699,0.1492020175,0.00299523272,0.9970047673,2677.234108,2546.106927,0.8389953332,0.7979025154,0.7639021308,0.8319029
synthetic_20250706,synthetic,2025-07-06,union,2554,0.7982157547,5.861569922,0.3710364321,0.1376680339,0.0004534989414,0.9995465011,2677.371776,2547.106473,0.8390384758,0.7982157547,0.7642153701,0.8322161393
synthetic_20250706,synthetic,2025-07-06,union,2555,0.7985288494,5.861205201,1.054998327,1.11302147,0.0009148726938,0.9990851273,2678.484798,2548.105558,0.839387276,0.7985288494,0.7645284648,0.832529234
synthetic_20250706,synthetic,2025-07-06,union,2556,0.7988417184,5.858632783,-1.286238388,1.654409191,0.00163483464,0.9983651654,2680.139207,2549.103924,0.8399057371,0.7988417184,0.7648413338,0.832842103
synthetic_20250706,synthetic,2025-07-06,union,2557,0.7991544459,5.855745743,-0.3765501433,0.1417900104,0.002086675955,0.997913324,2680.280997,2550.101837,0.8399501714,0.7991544459,0.7651540613,0.8331548305
synthetic_20250706,synthetic,2025-07-06,union,2558,0.7994671506,5.855726939,-1.298816678,1.686924764,0.002159347206,0.9978406528,2681.967922,2551.099677,0.8404788223,0.7994671506,0.765466766,0.8334675352
synthetic_20250706,synthetic,2025-07-06,union,2559,0.7997795728,5.852109719,1.093654974,1.196081201,0.00306053778,0.9969394622,2683.164003,2552.096617,0.8408536518,0.7997795728,0.7657791882,0.8337799574
synthetic_20250706,synthetic,2025-07-06,union,2560,0.8000910195,5.851841788,0.8793340499,0.7732283713,0.006173788659,0.9938262113,2683.937231,2553.090443,0.8410959672,0.8000910195,0.7660906349,0.8340914041
synthetic_20250706,synthetic,2025-07-06,union,2561,0.8004036078,5.850326226,0.4798826955,0.2302874015,0.002530616573,0.9974693834,2684.167519,2554.087913,0.841168135,0.8004036078,0.7664032232,0.8344039924
synthetic_20250706,synthetic,2025-07-06,union,2562,0.8007159038,5.848253852,0.2553064377,0.06518137715,0.003463631843,0.9965363682,2684.2327,2555.084449,0.8411885616,0.8007159038,0.7667155192,0.8347162884
synthetic_20250706,synthetic,2025-07-06,union,2563,0.8010282062,5.846723323,0.666540083,0.4442756822,0.003442947368,0.9965570526,2684.676976,2556.081006,0.8413277894,0.8010282062,0.7670278216,0.8350285908
synthetic_20250706,synthetic,2025-07-06,union,2564,0.8013412464,5.844678254,1.224852879,1.500264575,0.001088719144,0.9989112809,2686.17724,2557.079917,0.8417979444,0.8013412464,0.7673408618,0.835341631
synthetic_20250706,synthetic,2025-07-06,union,2565,0.8016538787,5.844193643,-0.2773134608,0.07690275556,0.002390196432,0.9976098036,2686.254143,2558.077527,0.8418220442,0.8016538787,0.7676534941,0.8356542633
synthetic_20250706,synthetic,2025-07-06,union,2566,0.8019667367,5.842734072,1.557241904,2.425002347,0.001670297498,0.9983297025,2688.679146,2559.075857,0.8425819948,0.8019667367,0.7679663521,0.8359671213
synthetic_20250706,synthetic,2025-07-06,union,2567,0.8022792155,5.841516181,0.860840946,0.7410471343,0.002880115849,0.9971198842,2689.420193,2560.072977,0.8428142252,0.8022792155,0.7682788309,0.8362796001
synthetic_20250706,synthetic,2025-07-06,union,2568,0.8025922928,5.84062917,0.2136033322,0.04562638353,0.0009702376616,0.9990297623,2689.465819,2561.072006,0.8428285237,0.8025922928,0.7685919082,0.8365926774
synthetic_20250706,synthetic,2025-07-06,union,2569,0.8029043303,5.8392546,-0.3566448221,0.1271955291,0.004288366839,0.9957116332,2689.593015,2562.067718,0.8428683844,0.8029043303,0.7689039457,0.8369047149
synthetic_20250706,synthetic,2025-07-06,union,2570,0.8032167632,5.838243633,1.495158365,2.235498537,0.003026554303,0.9969734457,2691.828513,2563.064691,0.843568948,0.8032167632,0.7692163786,0.8372171478
synthetic_20250706,synthetic,2025-07-06,union,2571,0.8035298917,5.837493664,-0.3527186584,0.124410452,0.0008071340492,0.999192866,2691.952924,2564.063884,0.8436079359,0.8035298917,0.7695295071,0.8375302763
synthetic_20250706,synthetic,2025-07-06,union,2572,0.8038423778,5.836607075,1.00548933,1.011008792,0.002856790917,0.9971432091,2692.963932,2565.061028,0.8439247673,0.8038423778,0.7698419932,0.8378427624
synthetic_20250706,synthetic,2025-07-06,union,2573,0.8041549892,5.835409833,0.7596432123,0.5770578099,0.002456995792,0.9975430042,2693.54099,2566.058571,0.8441056064,0.8041549892,0.7701546046,0.8381553738
synthetic_20250706,synthetic,2025-07-06,union,2574,0.8044662687,5.835002365,0.09986816216,0.009973649813,0.006707111839,0.9932928882,2693.550964,2567.051863,0.844108732,0.8044662687,0.7704658841,0.8384666533
synthetic_20250706,synthetic,2025-07-06,union,2575,0.8047792494,5.832489577,0.5020781974,0.2520825163,0.001278551176,0.9987214488,2693.803046,2568.050585,0.84418773,0.8047792494,0.7707788648,0.838779634
synthetic_20250706,synthetic,2025-07-06,union,2576,0.8050919945,5.83247572,1.319815852,1.741913884,0.002030416308,0.9979695837,2695.54496,2569.048554,0.8447336134,0.8050919945,0.7710916099,0.8390923791
synthetic_20250706,synthetic,2025-07-06,union,2577,0.8054046537,5.830762257,0.9019197105,0.8134591643,0.002304445931,0.9976955541,2696.358419,2570.04625,0.8449885363,0.8054046537,0.7714042691,0.8394050383
synthetic_20250706,synthetic,2025-07-06,union,2578,0.8057165905,5.829346942,-0.8196792103,0.6718740078,0.004609589886,0.9953904101,2697.030293,2571.04164,0.8451990891,0.8057165905,0.7717162059,0.8397169751
synthetic_20250706,synthetic,2025-07-06,union,2579,0.806029557,5.828740039,-0.5159193761,0.2661728026,0.00132413744,0.9986758626,2697.296466,2572.040316,0.8452825027,0.806029557,0.7720291724,0.8400299416
synthetic_20250706,synthetic,2025-07-06,union,2580,0.8063427402,5.82689904,0.5606918788,0.3143753829,0.0006322106628,0.9993677893,2697.610842,2573.039684,0.8453810221,0.8063427402,0.7723423556,0.8403431248
synthetic_20250706,synthetic,2025-07-06,union,2581,0.8066548643,5.823370196,-0.9502422265,0.9029602891,0.004012213419,0.9959877866,2698.513802,2574.035672,0.8456639931,0.8066548643,0.7726544797,0.8406552489
synthetic_20250706,synthetic,2025-07-06,union,2582,0.8069677619,5.823213106,-1.812342822,3.284586505,0.001543687768,0.9984563122,2701.798388,2575.034128,0.8466933213,0.8069677619,0.7729673773,0.8409681465
synthetic_20250706,synthetic,2025-07-06,union,2583,0.8072809974,5.822085738,1.213027188,1.47143496,0.000465377001,0.999534623,2703.269823,2576.033663,0.8471544417,0.8072809974,0.7732806128,0.841281382
synthetic_20250706,synthetic,2025-07-06,union,2584,0.807592796,5.819818496,0.4272035309,0.1825028568,0.005050834061,0.9949491659,2703.452326,2577.028612,0.8472116347,0.807592796,0.7735924114,0.8415931806
synthetic_20250706,synthetic,2025-07-06,union,2585,0.807905155,5.818558368,0.1086972928,0.01181510146,0.003262235313,0.9967377647,2703.464141,2578.02535,0.8472153373,0.807905155,0.7739047704,0.8419055396
synthetic_20250706,synthetic,2025-07-06,union,2586,0.8082169871,5.812467823,0.6285516508,0.3950771778,0.00494396569,0.9950560343,2703.859218,2579.020406,0.8473391471,0.8082169871,0.7742166025,0.8422173717
synthetic_20250706,synthetic,2025-07-06,union,2587,0.8085298729,5.810334276,0.3041509389,0.09250779362,0.001581268247,0.9984187318,2703.951726,2580.018825,0.8473681373,0.8085298729,0.7745294883,0.8425302575
synthetic_20250706,synthetic,2025-07-06,union,2588,0.808842072,5.806645954,-0.4879258497,0.2380716348,0.003772781579,0.9962272184,2704.189798,2581.015052,0.8474427446,0.808842072,0.7748416874,0.8428424566
synthetic_20250706,synthetic,2025-07-06,union,2589,0.8091529401,5.806140478,1.922475742,3.695912979,0.008019886497,0.9919801135,2707.885711,2582.007032,0.8486009749,0.8091529401,0.7751525555,0.8431533247
synthetic_20250706,synthetic,2025-07-06,union,2590,0.8094648991,5.80565326,0.1253243913,0.01570620305,0.004538857451,0.9954611425,2707.901417,2583.002493,0.8486058969,0.8094648991,0.7754645145,0.8434652837
synthetic_20250706,synthetic,2025-07-06,union,2591,0.8097771485,5.804364926,-0.5646400264,0.3188183595,0.003612143508,0.9963878565,2708.220235,2583.998881,0.8487058087,0.8097771485,0.7757767639,0.8437775331
synthetic_20250706,synthetic,2025-07-06,union,2592,0.8100891846,5.803030858,-0.8616702923,0.7424756926,0.00429274118,0.9957072588,2708.962711,2584.994588,0.8489384867,0.8100891846,0.7760888,0.8440895692
synthetic_20250706,synthetic,2025-07-06,union,2593,0.810399164,5.802121843,0.8320426442,0.6922949618,0.01085579622,0.9891442038,2709.655006,2585.983732,0.8491554391,0.810399164,0.7763987794,0.8443995486
synthetic_20250706,synthetic,2025-07-06,union,2594,0.8107123624,5.801354095,-0.542564424,0.2943761542,0.0005839717477,0.9994160283,2709.949382,2586.983148,0.8492476911,0.8107123624,0.7767119778,0.844712747
synthetic_20250706,synthetic,2025-07-06,union,2595,0.811025389,5.801213297,1.101602182,1.213527367,0.001132068285,0.9988679317,2711.16291,2587.982016,0.849627988,0.811025389,0.7770250044,0.8450257736
synthetic_20250706,synthetic,2025-07-06,union,2596,0.8113384305,5.801169044,0.5066913483,0.2567361224,0.001084567092,0.9989154329,2711.419646,2588.980932,0.8497084443,0.8113384305,0.7773380459,0.8453388151
synthetic_20250706,synthetic,2025-07-06,union,2597,0.8116516959,5.800187442,-0.6485936994,0.4206737869,0.0003699581242,0.9996300419,2711.84032,2589.980562,0.8498402756,0.8116516959,0.7776513113,0.8456520805
synthetic_20250706,synthetic,2025-07-06,union,2598,0.8119635789,5.800091267,-0.7277086035,0.5295598116,0.00478157575,0.9952184242,2712.369879,2590.97578,0.8500062298,0.8119635789,0.7779631943,0.8459639635
synthetic_20250706,synthetic,2025-07-06,union,2599,0.8122763006,5.799571527,0.9419724709,0.8873121359,0.002105058671,0.9978949413,2713.257191,2591.973675,0.8502842969,0.8122763006,0.778275916,0.8462766852
synthetic_20250706,synthetic,2025-07-06,union,2600,0.8125890848,5.79805492,-0.761122409,0.5793073214,0.001905482013,0.998094518,2713.836499,2592.97177,0.8504658411,0.8125890848,0.7785887002,0.8465894694
synthetic_20250706,synthetic,2025-07-06,union,2601,0.812901276,5.791085984,0.6093818231,0.3713462063,0.003797936993,0.996202063,2714.207845,2593.967972,0.850582214,0.812901276,0.7789008914,0.8469016606
synthetic_20250706,synthetic,2025-07-06,union,2602,0.8132137512,5.789978434,1.353894325,1.833029844,0.002891533472,0.9971084665,2716.040875,2594.96508,0.8511566515,0.8132137512,0.7792133666,0.8472141358
synthetic_20250706,synthetic,2025-07-06,union,2603,0.813526,5.789635712,1.138925365,1.297150988,0.003614264663,0.9963857353,2717.338026,2595.961466,0.8515631544,0.813526,0.7795256154,0.8475263846
synthetic_20250706,synthetic,2025-07-06,union,2604,0.8138388754,5.785984742,-0.4356541934,0.1897945763,0.001614511069,0.9983854889,2717.52782,2596.959851,0.8516226325,0.8138388754,0.7798384908,0.84783926
synthetic_20250706,synthetic,2025-07-06,union,2605,0.8141517911,5.785071869,0.2689916795,0.07235652366,0.001485963784,0.9985140362,2717.600177,2597.958365,0.8516453077,0.8141517911,0.7801514065,0.8481521757
synthetic_20250706,synthetic,2025-07-06,union,2606,0.8144635285,5.782663868,-0.1027561379,0.01055882388,0.005246114129,0.9947538859,2717.610736,2598.953119,0.8516486167,0.8144635285,0.7804631439,0.8484639131
synthetic_20250706,synthetic,2025-07-06,union,2607,0.8147765077,5.782110979,-0.1132550389,0.01282670384,0.001283303997,0.998716696,2717.623562,2599.951836,0.8516526363,0.8147765077,0.7807761231,0.8487768923
synthetic_20250706,synthetic,2025-07-06,union,2608,0.8150888617,5.781816392,0.7760032738,0.602181081,0.003278399237,0.9967216008,2718.225744,2600.948558,0.8518413486,0.8150888617,0.7810884771,0.8490892463
synthetic_20250706,synthetic,2025-07-06,union,2609,0.8154015196,5.780476988,-0.8423560425,0.7095637023,0.002308523417,0.9976914766,2718.935307,2601.946249,0.8520637127,0.8154015196,0.781401135,0.8494019042
synthetic_20250706,synthetic,2025-07-06,union,2610,0.8157144466,5.780078126,-1.248455793,1.558641868,0.001450090008,0.99854991,2720.493949,2602.944799,0.8525521621,0.8157144466,0.781714062,0.8497148312
synthetic_20250706,synthetic,2025-07-06,union,2611,0.8160277088,5.778872796,1.16495804,1.357127236,0.0003802235529,0.9996197764,2721.851076,2603.944419,0.8529774605,0.8160277088,0.7820273242,0.8500280934
synthetic_20250706,synthetic,2025-07-06,union,2612,0.8163400541,5.777567171,0.3676053413,0.135133687,0.003306040291,0.9966939597,2721.98621,2604.941113,0.8530198088,0.8163400541,0.7823396695,0.8503404387
synthetic_20250706,synthetic,2025-07-06,union,2613,0.8166517913,5.776969257,1.970061384,3.881141857,0.005246675652,0.9947533243,2725.867352,2605.935866,0.8542360865,0.8166517913,0.7826514067,0.8506521759
synthetic_20250706,synthetic,2025-07-06,union,2614,0.816963688,5.776824091,-0.1539739493,0.02370797705,0.004737770594,0.9952622294,2725.89106,2606.931128,0.8542435161,0.816963688,0.7829633034,0.8509640726
synthetic_20250706,synthetic,2025-07-06,union,2615,0.817276715,5.776402664,-0.9851485458,0.9705176574,0.001130745131,0.9988692549,2726.861578,2607.929998,0.8545476583,0.817276715,0.7832763304,0.8512770996
synthetic_20250706,synthetic,2025-07-06,union,2616,0.8175880989,5.775216594,-0.3403445135,0.1158343878,0.006373943804,0.9936260562,2726.977412,2608.923624,0.8545839586,0.8175880989,0.7835877143,0.8515884835
synthetic_20250706,synthetic,2025-07-06,union,2617,0.8179003415,5.774664483,1.145989736,1.313292476,0.00363384379,0.9963661562,2728.290704,2609.91999,0.85499552,0.8179003415,0.7838999569,0.8519007261
synthetic_20250706,synthetic,2025-07-06,union,2618,0.8182135645,5.773162631,1.519633323,2.309285436,0.0005053548581,0.9994946451,2730.59999,2610.919484,0.8557192071,0.8182135645,0.7842131799,0.8522139491
synthetic_20250706,synthetic,2025-07-06,union,2619,0.8185243253,5.768414589,-0.8271465267,0.6841713766,0.008362444355,0.9916375556,2731.284161,2611.911122,0.8559336137,0.8185243253,0.7845239407,0.8525247099
synthetic_20250706,synthetic,2025-07-06,union,2620,0.818836235,5.76731526,-1.822604436,3.32188693,0.004696040107,0.9953039599,2734.606048,2612.906426,0.8569746312,0.818836235,0.7848358504,0.8528366196
synthetic_20250706,synthetic,2025-07-06,union,2621,0.8191489312,5.766733007,0.00681946038,4.650503988e-05,0.002186282942,0.9978137171,2734.606095,2613.90424,0.8569746458,0.8191489312,0.7851485466,0.8531493158
synthetic_20250706,synthetic,2025-07-06,union,2622,0.8194611988,5.766684025,1.163090943,1.352780541,0.003554385736,0.9964456143,2735.958875,2614.900685,0.857398582,0.8194611988,0.7854608142,0.8534615834
synthetic_20250706,synthetic,2025-07-06,union,2623,0.8197719716,5.766439743,-0.5328009425,0.2838768443,0.008323713105,0.9916762869,2736.242752,2615.892362,0.8574875437,0.8197719716,0.785771587,0.8537723562
synthetic_20250706,synthetic,2025-07-06,union,2624,0.8200836158,5.764498644,-0.1228530539,0.01509287285,0.005543650782,0.9944563492,2736.257845,2616.886818,0.8574922735,0.8200836158,0.7860832312,0.8540840004
synthetic_20250706,synthetic,2025-07-06,union,2625,0.8203966758,5.761954178,-0.6551823262,0.4292638806,0.001025496944,0.9989745031,2736.687109,2617.885792,0.8576267969,0.8203966758,0.7863962912,0.8543970604
synthetic_20250706,synthetic,2025-07-06,union,2626,0.8207088123,5.761877547,0.6429252831,0.4133529197,0.003972185239,0.9960278148,2737.100462,2618.88182,0.857756334,0.8207088123,0.7867084277,0.8547091969
synthetic_20250706,synthetic,2025-07-06,union,2627,0.8210221317,5.760829307,1.163207631,1.353051992,0.0001980870045,0.999801913,2738.453514,2619.881622,0.8581803553,0.8210221317,0.7870217471,0.8550225163
synthetic_20250706,synthetic,2025-07-06,union,2628,0.8213347979,5.760589299,1.469573265,2.159645581,0.002282112039,0.997717888,2740.613159,2620.87934,0.858857148,0.8213347979,0.7873344133,0.8553351825
synthetic_20250706,synthetic,2025-07-06,union,2629,0.8216475178,5.759842809,-0.08341000589,0.006957229082,0.002110616267,0.9978893837,2740.620116,2621.877229,0.8588593283,0.8216475178,0.7876471332,0.8556479024
synthetic_20250706,synthetic,2025-07-06,union,2630,0.8219608886,5.756518128,0.6725229926,0.4522871756,3.376433062e-05,0.9999662357,2741.072404,2622.877196,0.8590010666,0.8219608886,0.787960504,0.8559612732
synthetic_20250706,synthetic,2025-07-06,union,2631,0.8222739225,5.753097049,-0.3244533245,0.1052699598,0.00110882009,0.9988911799,2741.177674,2623.876087,0.8590340563,0.8222739225,0.7882735379,0.8562743071
synthetic_20250706,synthetic,2025-07-06,union,2632,0.8225871647,5.749192689,-0.6353736254,0.4036996438,0.0004441159607,0.999555884,2741.581373,2624.875643,0.8591605682,0.8225871647,0.7885867801,0.8565875493
synthetic_20250706,synthetic,2025-07-06,union,2633,0.8228994586,5.74801704,0.33092376,0.109510535,0.003470365262,0.9965296347,2741.690884,2625.872172,0.8591948868,0.8228994586,0.788899074,0.8568998432
synthetic_20250706,synthetic,2025-07-06,union,2634,0.8232121849,5.747020783,-0.8217704787,0.6753067196,0.002090391944,0.9979096081,2742.366191,2626.870082,0.8594065154,0.8232121849,0.7892118003,0.8572125695
synthetic_20250706,synthetic,2025-07-06,union,2635,0.8235247001,5.743601851,-0.6359243117,0.4043997303,0.00276374205,0.9972362579,2742.77059,2627.867318,0.8595332467,0.8235247001,0.7895243155,0.8575250847
synthetic_20250706,synthetic,2025-07-06,union,2636,0.8238353615,5.741866292,-0.4791100743,0.2295464633,0.008679713064,0.9913202869,2743.000137,2628.858638,0.8596051823,0.8238353615,0.7898349769,0.8578357461
synthetic_20250706,synthetic,2025-07-06,union,2637,0.824148223,5.74173392,-1.302769092,1.697207308,0.001658914597,0.9983410854,2744.697344,2629.85698,0.8601370555,0.824148223,0.7901478384,0.8581486076
synthetic_20250706,synthetic,2025-07-06,union,2638,0.8244595829,5.74083714,-1.751419707,3.067470991,0.006450348276,0.9935496517,2747.764815,2630.850529,0.8610983438,0.8244595829,0.7904591983,0.8584599676
synthetic_20250706,synthetic,2025-07-06,union,2639,0.824772092,5.739115308,1.185853324,1.406248107,0.002783547736,0.9972164523,2749.171063,2631.847746,0.8615390358,0.824772092,0.7907717074,0.8587724766
synthetic_20250706,synthetic,2025-07-06,union,2640,0.8250847219,5.731231128,3.346217129,11.19716908,0.002397958851,0.9976020411,2760.368232,2632.845348,0.8650480201,0.8250847219,0.7910843373,0.8590851065
synthetic_20250706,synthetic,2025-07-06,union,2641,0.825397483,5.729262603,-1.299518342,1.68874792,0.001979297063,0.9980207029,2762.05698,2633.843368,0.8655772423,0.825397483,0.7913970984,0.8593978676
synthetic_20250706,synthetic,2025-07-06,union,2642,0.8257107105,5.729039424,-0.9246702097,0.8550149967,0.0004910876729,0.9995089123,2762.911995,2634.842877,0.8658451881,0.8257107105,0.7917103259,0.8597110951
synthetic_20250706,synthetic,2025-07-06,union,2643,0.8260235525,5.725620503,-2.325453531,5.407734126,0.001721410568,0.9982785894,2768.319729,2635.841156,0.8675398713,0.8260235525,0.7920231679,0.8600239371
synthetic_20250706,synthetic,2025-07-06,union,2644,0.8263367286,5.724029624,-1.553824758,2.414371379,0.0006548625398,0.9993451375,2770.734101,2636.840501,0.8682964903,0.8263367286,0.792336344,0.8603371132
synthetic_20250706,synthetic,2025-07-06,union,2645,0.8266495107,5.721451673,0.6276878839,0.3939920796,0.00191234632,0.9980876537,2771.128093,2637.838589,0.8684199601,0.8266495107,0.7926491261,0.8606498953
synthetic_20250706,synthetic,2025-07-06,union,2646,0.8269627635,5.719812927,-1.768271149,3.126782856,0.0004104362275,0.9995895638,2774.254876,2638.838178,0.8693998357,0.8269627635,0.7929623789,0.8609631481
synthetic_20250706,synthetic,2025-07-06,union,2647,0.8272742594,5.719434529,-0.3505919599,0.1229147223,0.006016635016,0.993983365,2774.37779,2639.832162,0.8694383548,0.8272742594,0.7932738748,0.861274644
synthetic_20250706,synthetic,2025-07-06,union,2648,0.8275864136,5.717625092,0.9896409318,0.9793891739,0.003915728142,0.9960842719,2775.357179,2640.828246,0.8697452772,0.8275864136,0.793586029,0.8615867982
synthetic_20250706,synthetic,2025-07-06,union,2649,0.8278989672,5.716399936,1.239598832,1.536605263,0.002641507601,0.9973584924,2776.893785,2641.825604,0.8702268207,0.8278989672,0.7938985826,0.8618993518
synthetic_20250706,synthetic,2025-07-06,union,2650,0.8282116416,5.715531882,-0.4271652306,0.1824701342,0.002256069761,0.9977439302,2777.076255,2642.823348,0.8702840034,0.8282116416,0.794211257,0.8622120262
synthetic_20250706,synthetic,2025-07-06,union,2651,0.8285237607,5.713680015,-0.2375426136,0.05642649329,0.004027921822,0.9959720782,2777.132681,2643.81932,0.8703016864,0.8285237607,0.7945233761,0.8625241453
synthetic_20250706,synthetic,2025-07-06,union,2652,0.8288360667,5.713409426,0.5800628531,0.3364729136,0.003431687366,0.9965683126,2777.469154,2644.815889,0.8704071308,0.8288360667,0.7948356821,0.8628364513
synthetic_20250706,synthetic,2025-07-06,union,2653,0.8291475597,5.712232265,-0.6839695842,0.4678143922,0.006025745823,0.9939742542,2777.936969,2645.809863,0.8705537351,0.8291475597,0.7951471751,0.8631479443
synthetic_20250706,synthetic,2025-07-06,union,2654,0.8294607534,5.711470741,-0.9465478277,0.8959527901,0.0005989244308,0.9994010756,2778.832921,2646.809264,0.87083451,0.8294607534,0.7954603688,0.863461138
synthetic_20250706,synthetic,2025-07-06,union,2655,0.8297730162,5.709392401,-0.7396026618,0.5470120974,0.003569318208,0.9964306818,2779.379934,2647.805695,0.8710059334,0.8297730162,0.7957726316,0.8637734008
synthetic_20250706,synthetic,2025-07-06,union,2656,0.8300855407,5.70856639,0.4765694165,0.2271184088,0.002734205994,0.997265794,2779.607052,2648.802961,0.8710771081,0.8300855407,0.7960851561,0.8640859253
synthetic_20250706,synthetic,2025-07-06,union,2657,0.8303983698,5.707001351,2.066091488,4.268734035,0.001762314765,0.9982376852,2783.875786,2649.801198,0.8724148499,0.8303983698,0.7963979852,0.8643987544
synthetic_20250706,synthetic,2025-07-06,union,2658,0.830711562,5.706436937,-1.3415401,1.799729841,0.000603742854,0.9993962571,2785.675516,2650.800594,0.8729788517,0.830711562,0.7967111774,0.8647119466
synthetic_20250706,synthetic,2025-07-06,union,2659,0.8310242252,5.703908833,0.4144036479,0.1717303834,0.002291771539,0.9977082285,2785.847246,2651.798303,0.8730326688,0.8310242252,0.7970238406,0.8650246098
synthetic_20250706,synthetic,2025-07-06,union,2660,0.8313366912,5.701431385,-0.1570243722,0.02465665347,0.002921166932,0.9970788331,2785.871903,2652.795382,0.8730403958,0.8313366912,0.7973363066,0.8653370758
synthetic_20250706,synthetic,2025-07-06,union,2661,0.8316480402,5.701298799,0.008001615293,6.40258473e-05,0.006485285421,0.9935147146,2785.871967,2653.788896,0.8730404158,0.8316480402,0.7976476556,0.8656484248
synthetic_20250706,synthetic,2025-07-06,union,2662,0.831960015,5.69935579,0.7101889555,0.5043683525,0.004488301855,0.9955116981,2786.376335,2654.784408,0.8731984755,0.831960015,0.7979596304,0.8659603996
synthetic_20250706,synthetic,2025-07-06,union,2663,0.8322727828,5.698908273,0.7647593876,0.5848569209,0.001957964975,0.998042035,2786.961192,2655.78245,0.8733817587,0.8322727828,0.7982723982,0.8662731674
synthetic_20250706,synthetic,2025-07-06,union,2664,0.8325852558,5.698118376,0.1662496305,0.02763893963,0.002898585888,0.9971014141,2786.988831,2656.779551,0.8733904203,0.8325852558,0.7985848712,0.8665856404
synthetic_20250706,synthetic,2025-07-06,union,2665,0.8328971124,5.697011268,-2.442003777,5.963382446,0.004865570546,0.9951344295,2792.952214,2657.774686,0.8752592333,0.8328971124,0.7988967278,0.866897497
synthetic_20250706,synthetic,2025-07-06,union,2666,0.8332094984,5.694770488,0.4422765541,0.1956085503,0.003176284781,0.9968237152,2793.147822,2658.77151,0.8753205334,0.8332094984,0.7992091138,0.867209883
synthetic_20250706,synthetic,2025-07-06,union,2667,0.8335220758,5.691762844,0.9754555591,0.9515135478,0.002565726424,0.9974342736,2794.099336,2659.768944,0.87561872,0.8335220758,0.7995216912,0.8675224604
synthetic_20250706,synthetic,2025-07-06,union,2668,0.8338348369,5.691400588,-0.007985218221,6.376371004e-05,0.001979215808,0.9980207842,2794.099399,2660.766965,0.87561874,0.8338348369,0.7998344523,0.8678352215
synthetic_20250706,synthetic,2025-07-06,union,2669,0.8341471825,5.690491489,0.3315313806,0.1099130563,0.003305053409,0.9966949466,2794.209312,2661.76366,0.8756531847,0.8341471825,0.8001467979,0.8681475672
synthetic_20250706,synthetic,2025-07-06,union,2670,0.8344599176,5.687343764,0.7140686456,0.5098940306,0.002062530373,0.9979374696,2794.719206,2662.761597,0.875812976,0.8344599176,0.800459533,0.8684603022
synthetic_20250706,synthetic,2025-07-06,union,2671,0.8347724991,5.68688919,-0.6634587385,0.4401774977,0.002552442847,0.9974475572,2795.159384,2663.759045,0.8759509195,0.8347724991,0.8007721145,0.8687728837
synthetic_20250706,synthetic,2025-07-06,union,2672,0.8350852441,5.686598003,-0.8088014615,0.6541598042,0.002030739448,0.9979692606,2795.813544,2664.757014,0.876155921,0.8350852441,0.8010848595,0.8690856287
synthetic_20250706,synthetic,2025-07-06,union,2673,0.835398036,5.686300452,-1.044558057,1.091101534,0.001880870071,0.9981191299,2796.904645,2665.755133,0.8764978519,0.835398036,0.8013976514,0.8693984206
synthetic_20250706,synthetic,2025-07-06,union,2674,0.8357106473,5.686280436,-0.1924073096,0.03702057277,0.002457252938,0.9975427471,2796.941666,2666.752676,0.8765094534,0.8357106473,0.8017102627,0.8697110319
synthetic_20250706,synthetic,2025-07-06,union,2675,0.8360231537,5.683225216,-0.2084765688,0.04346247973,0.002792207484,0.9972077925,2796.985128,2667.749883,0.8765230738,0.8360231537,0.8020227691,0.8700235383
synthetic_20250706,synthetic,2025-07-06,union,2676,0.8363348122,5.680514956,-0.1663757587,0.02768089309,0.005497817063,0.9945021829,2797.012809,2668.744386,0.8765317484,0.8363348122,0.8023344276,0.8703351968
synthetic_20250706,synthetic,2025-07-06,union,2677,0.836647369,5.677322279,0.09953091892,0.009906403821,0.002631288521,0.9973687115,2797.022716,2669.741754,0.8765348529,0.836647369,0.8026469844,0.8706477536
synthetic_20250706,synthetic,2025-07-06,union,2678,0.8369600312,5.676095467,-0.156847916,0.02460126876,0.002294756305,0.9977052437,2797.047317,2670.73946,0.8765425625,0.8369600312,0.8029596466,0.8709604158
synthetic_20250706,synthetic,2025-07-06,union,2679,0.8372729869,5.675457817,0.133282325,0.01776417816,0.001358429069,0.9986415709,2797.065081,2671.738101,0.8765481295,0.8372729869,0.8032726023,0.8712733715
synthetic_20250706,synthetic,2025-07-06,union,2680,0.8375836759,5.675142715,-0.5997469116,0.359696358,0.008591487525,0.9914085125,2797.424777,2672.72951,0.8766608516,0.8375836759,0.8035832913,0.8715840605
synthetic_20250706,synthetic,2025-07-06,union,2681,0.8378962813,5.672142235,-1.434112341,2.056678206,0.002476061033,0.997523939,2799.481456,2673.727034,0.8773053763,0.8378962813,0.8038958967,0.8718966659
synthetic_20250706,synthetic,2025-07-06,union,2682,0.8382084645,5.668725876,0.9293843949,0.8637553536,0.003823525519,0.9961764745,2800.345211,2674.72321,0.8775760611,0.8382084645,0.8042080799,0.8722088491
synthetic_20250706,synthetic,2025-07-06,union,2683,0.8385208738,5.667881419,0.2112287935,0.04461760322,0.003101933386,0.9968980666,2800.389829,2675.720108,0.8775900435,0.8385208738,0.8045204892,0.8725212584
synthetic_20250706,synthetic,2025-07-06,union,2684,0.8388331449,5.667118735,-0.7819178507,0.6113955253,0.003542753813,0.9964572462,2801.001224,2676.716565,0.8777816434,0.8388331449,0.8048327603,0.8728335295
synthetic_20250706,synthetic,2025-07-06,union,2685,0.8391446918,5.662526989,0.1632100723,0.02663752769,0.005853955565,0.9941460444,2801.027862,2677.710711,0.8777899911,0.8391446918,0.8051443072,0.8731450764
synthetic_20250706,synthetic,2025-07-06,union,2686,0.8394557429,5.662151226,0.8024925791,0.6439943394,0.007435861793,0.9925641382,2801.671856,2678.703276,0.877991807,0.8394557429,0.8054553583,0.8734561275
synthetic_20250706,synthetic,2025-07-06,union,2687,0.8397683239,5.659525669,0.768883586,0.5911819688,0.002554167777,0.9974458322,2802.263038,2679.700721,0.8781770724,0.8397683239,0.8057679393,0.8737687085
synthetic_20250706,synthetic,2025-07-06,union,2688,0.8400805258,5.657952118,0.01889247127,0.0003569254707,0.003763460766,0.9962365392,2802.263395,2680.696958,0.8781771842,0.8400805258,0.8060801412,0.8740809104
synthetic_20250706,synthetic,2025-07-06,union,2689,0.8403927212,5.656057977,-0.9342360372,0.8727969732,0.003784669188,0.9962153308,2803.136192,2681.693173,0.8784507026,0.8403927212,0.8063923366,0.8743931058
synthetic_20250706,synthetic,2025-07-06,union,2690,0.8407050926,5.655748079,0.5033440947,0.2533552777,0.003222790392,0.9967772096,2803.389547,2682.689951,0.8785300994,0.8407050926,0.806704708,0.8747054772
synthetic_20250706,synthetic,2025-07-06,union,2691,0.8410170647,5.6541918,1.379979637,1.9043438,0.004496988646,0.9955030114,2805.293891,2683.685454,0.8791268853,0.8410170647,0.8070166801,0.8750174493
synthetic_20250706,synthetic,2025-07-06,union,2692,0.8413303776,5.65418491,0.9673486016,0.9357633171,0.0002185710234,0.999781429,2806.229654,2684.685235,0.8794201361,0.8413303776,0.807329993,0.8753307622
synthetic_20250706,synthetic,2025-07-06,union,2693,0.8416422334,5.653161688,-0.2776265273,0.07707648868,0.004868121583,0.9951318784,2806.306731,2685.680367,0.8794442904,0.8416422334,0.8076418488,0.875642618
synthetic_20250706,synthetic,2025-07-06,union,2694,0.8419538983,5.650247396,1.491031935,2.223176232,0.005477498736,0.9945225013,2808.529907,2686.674889,0.8801409925,0.8419538983,0.8079535137,0.8759542829
synthetic_20250706,synthetic,2025-07-06,union,2695,0.8422661583,5.647422712,2.067646854,4.275163513,0.003578125214,0.9964218748,2812.805071,2687.671311,0.8814807492,0.8422661583,0.8082657737,0.8762665429
synthetic_20250706,synthetic,2025-07-06,union,2696,0.8425788613,5.645766958,0.9020619307,0.8137157268,0.002164691263,0.9978353087,2813.618786,2688.669147,0.8817357525,0.8425788613,0.8085784767,0.8765792459
synthetic_20250706,synthetic,2025-07-06,union,2697,0.8428919681,5.643962317,0.4740579071,0.2247308993,0.0008764372901,0.9991235627,2813.843517,2689.66827,0.881806179,0.8428919681,0.8088915835,0.8768923527
synthetic_20250706,synthetic,2025-07-06,union,2698,0.8432047771,5.642455194,-0.6651114755,0.4423732748,0.001826463614,0.9981735364,2814.28589,2690.666444,0.8819448105,0.8432047771,0.8092043925,0.8772051617
synthetic_20250706,synthetic,2025-07-06,union,2699,0.8435174441,5.642041444,0.8805947898,0.7754471838,0.002279472885,0.9977205271,2815.061338,2691.664164,0.8821878213,0.8435174441,0.8095170595,0.8775178287
synthetic_20250706,synthetic,2025-07-06,union,2700,0.8438289186,5.641578283,0.05170615992,0.002673526974,0.006084880353,0.9939151196,2815.064011,2692.658079,0.8821886591,0.8438289186,0.809828534,0.8778293032
synthetic_20250706,synthetic,2025-07-06,union,2701,0.8441420083,5.637277429,-0.5195552173,0.2699376238,0.0009308130425,0.999069187,2815.333949,2693.657148,0.8822732525,0.8441420083,0.8101416237,0.8781423929
synthetic_20250706,synthetic,2025-07-06,union,2702,0.844454047,5.636808445,0.8600294587,0.7396506699,0.004284630435,0.9957153696,2816.073599,2694.652864,0.8825050453,0.844454047,0.8104536624,0.8784544316
synthetic_20250706,synthetic,2025-07-06,union,2703,0.8447668689,5.635799788,0.04211124854,0.001773357254,0.00178524706,0.9982147529,2816.075373,2695.651079,0.882505601,0.8447668689,0.8107664843,0.8787672535
synthetic_20250706,synthetic,2025-07-06,union,2704,0.8450798176,5.630804099,-1.295430238,1.678139501,0.001380540864,0.9986194591,2817.753512,2696.649698,0.8830314987,0.8450798176,0.811079433,0.8790802022
synthetic_20250706,synthetic,2025-07-06,union,2705,0.8453922599,5.630326959,1.494827767,2.234510052,0.002996704072,0.9970032959,2819.988022,2697.646701,0.8837317525,0.8453922599,0.8113918753,0.8793926445
synthetic_20250706,synthetic,2025-07-06,union,2706,0.8457046885,5.629639934,-0.4715981192,0.2224047861,0.00304041495,0.9969595851,2820.210427,2698.643661,0.8838014501,0.8457046885,0.8117043039,0.8797050731
synthetic_20250706,synthetic,2025-07-06,union,2707,0.8460174675,5.625429361,-0.2642209221,0.06981269568,0.001922070584,0.9980779294,2820.28024,2699.641739,0.8838233281,0.8460174675,0.8120170829,0.8800178521
synthetic_20250706,synthetic,2025-07-06,union,2708,0.8463298469,5.625047521,-1.551705473,2.407789875,0.003197375679,0.9968026243,2822.68803,2700.638541,0.8845778846,0.8463298469,0.8123294623,0.8803302315
synthetic_20250706,synthetic,2025-07-06,union,2709,0.8466428273,5.622212106,-0.5015529189,0.2515553305,0.00127943051,0.9987205695,2822.939585,2701.637262,0.8846567173,0.8466428273,0.8126424427,0.8806432119
synthetic_20250706,synthetic,2025-07-06,union,2710,0.84695517,5.621876521,-0.2367645635,0.05605745853,0.003314608209,0.9966853918,2822.995643,2702.633947,0.8846742847,0.84695517,0.8129547854,0.8809555546
synthetic_20250706,synthetic,2025-07-06,union,2711,0.8472645194,5.619393538,0.2977200849,0.08863724893,0.01286589435,0.9871341057,2823.08428,2703.621082,0.884702062,0.8472645194,0.8132641348,0.881264904
synthetic_20250706,synthetic,2025-07-06,union,2712,0.847577386,5.614364809,0.7693060074,0.591831733,0.001642687077,0.9983573129,2823.676111,2704.619439,0.884887531,0.847577386,0.8135770014,0.8815777706
synthetic_20250706,synthetic,2025-07-06,union,2713,0.847889518,5.614083168,-0.1477839447,0.02184009432,0.003986916918,0.9960130831,2823.697952,2705.615452,0.8848943753,0.847889518,0.8138891334,0.8818899026
synthetic_20250706,synthetic,2025-07-06,union,2714,0.8482015653,5.61226326,-2.244573096,5.038108384,0.004256931308,0.9957430687,2828.73606,2706.611195,0.8864732247,0.8482015653,0.8142011807,0.8822019499
synthetic_20250706,synthetic,2025-07-06,union,2715,0.848514759,5.609098472,0.2252602961,0.050742201,0.0005989954679,0.9994010045,2828.786802,2707.610596,0.8864891263,0.848514759,0.8145143744,0.8825151436
synthetic_20250706,synthetic,2025-07-06,union,2716,0.8488269871,5.606578551,0.2785422982,0.07758581189,0.003680218203,0.9963197818,2828.864388,2708.606916,0.8865134403,0.8488269871,0.8148266025,0.8828273717
synthetic_20250706,synthetic,2025-07-06,union,2717,0.8491394559,5.60440074,0.4634026648,0.2147420298,0.002912069413,0.9970879306,2829.07913,2709.604004,0.8865807364,0.8491394559,0.8151390713,0.8831398405
synthetic_20250706,synthetic,2025-07-06,union,2718,0.8494517795,5.59990806,0.6516329435,0.4246254931,0.003375423256,0.9966245767,2829.503755,2710.600628,0.8867138062,0.8494517795,0.8154513949,0.8834521641
synthetic_20250706,synthetic,2025-07-06,union,2719,0.8497644145,5.599106258,0.07387563069,0.00545760881,0.002381597487,0.9976184025,2829.509213,2711.598247,0.8867155165,0.8497644145,0.8157640299,0.8837647991
synthetic_20250706,synthetic,2025-07-06,union,2720,0.8500756749,5.598573539,1.136889748,1.292518298,0.006768223704,0.9932317763,2830.801731,2712.591478,0.8871205677,0.8500756749,0.8160752903,0.8840760595
synthetic_20250706,synthetic,2025-07-06,union,2721,0.8503883502,5.598036682,-1.638952483,2.686165241,0.002253046682,0.9977469533,2833.487897,2713.589225,0.8879623618,0.8503883502,0.8163879656,0.8843887348
synthetic_20250706,synthetic,2025-07-06,union,2722,0.8507013425,5.597247349,-0.2814125632,0.07919303072,0.001241576585,0.9987584234,2833.56709,2714.587984,0.8879871795,0.8507013425,0.8167009579,0.8847017271
synthetic_20250706,synthetic,2025-07-06,union,2723,0.8510143747,5.597098108,-0.5468783311,0.299075909,0.001114026177,0.9988859738,2833.866166,2715.58687,0.8880809043,0.8510143747,0.8170139901,0.8850147593
synthetic_20250706,synthetic,2025-07-06,union,2724,0.8513269514,5.597014757,-0.2320665057,0.05385486305,0.002567781579,0.9974322184,2833.92002,2716.584302,0.8880977814,0.8513269514,0.8173265668,0.885327336
synthetic_20250706,synthetic,2025-07-06,union,2725,0.8516399298,5.59506775,0.5132356959,0.2634108796,0.001286153852,0.9987138461,2834.183431,2717.583016,0.8881803295,0.8516399298,0.8176395452,0.8856403144
synthetic_20250706,synthetic,2025-07-06,union,2726,0.8519524924,5.592965985,-0.4149155475,0.1721549115,0.002612757709,0.9973872423,2834.355586,2718.580403,0.8882342796,0.8519524924,0.8179521078,0.885952877
synthetic_20250706,synthetic,2025-07-06,union,2727,0.8522656724,5.589494966,-2.798618822,7.83226731,0.000642517358,0.9993574826,2842.187854,2719.579761,0.8906887664,0.8522656724,0.8182652878,0.886266057
synthetic_20250706,synthetic,2025-07-06,union,2728,0.8525782969,5.589122264,-0.2996801141,0.08980817076,0.002415139532,0.9975848605,2842.277662,2720.577345,0.8907169106,0.8525782969,0.8185779123,0.8865786815
synthetic_20250706,synthetic,2025-07-06,union,2729,0.8528894003,5.588547337,0.5684882681,0.3231789109,0.007269024301,0.9927309757,2842.600841,2721.570076,0.8908181889,0.8528894003,0.8188890157,0.8868897849
synthetic_20250706,synthetic,2025-07-06,union,2730,0.8532021858,5.588168649,-1.651729986,2.728211947,0.001901493426,0.9980985066,2845.329053,2722.568175,0.8916731597,0.8532021858,0.8192018012,0.8872025704
synthetic_20250706,synthetic,2025-07-06,union,2731,0.8535146139,5.587108721,-0.8220734522,0.6758047609,0.003041895636,0.9969581044,2846.004857,2723.565133,0.8918849443,0.8535146139,0.8195142293,0.8875149985
synthetic_20250706,synthetic,2025-07-06,union,2732,0.8538271193,5.586915302,-0.6605363785,0.4363083074,0.00279527996,0.99720472,2846.441166,2724.562338,0.8920216752,0.8538271193,0.8198267347,0.8878275039
synthetic_20250706,synthetic,2025-07-06,union,2733,0.8541375403,5.584522999,-0.2653890814,0.07043136451,0.009446565927,0.9905534341,2846.511597,2725.552891,0.8920437471,0.8541375403,0.8201371557,0.8881379249
synthetic_20250706,synthetic,2025-07-06,union,2734,0.8544503809,5.583091107,0.03037354498,0.0009225522349,0.001725888919,0.9982741111,2846.51252,2726.551165,0.8920440362,0.8544503809,0.8204499963,0.8884507655
synthetic_20250706,synthetic,2025-07-06,union,2735,0.8547634349,5.581361115,0.9562362065,0.9143876827,0.001044632905,0.9989553671,2847.426907,2727.550121,0.8923305883,0.8547634349,0.8207630503,0.8887638195
synthetic_20250706,synthetic,2025-07-06,union,2736,0.8550764304,5.581014173,0.5765749745,0.3324387012,0.001231275518,0.9987687245,2847.759346,2728.548889,0.8924347684,0.8550764304,0.8210760458,0.889076815
synthetic_20250706,synthetic,2025-07-06,union,2737,0.8553890983,5.580833442,1.327563453,1.762424722,0.002276796646,0.9977232034,2849.521771,2729.546613,0.8929870795,0.8553890983,0.8213887137,0.8893894829
synthetic_20250706,synthetic,2025-07-06,union,2738,0.8557023214,5.579903259,-0.03179549305,0.001010953379,0.0005050004322,0.9994949996,2849.522782,2730.546108,0.8929873963,0.8557023214,0.8217019368,0.889702706
synthetic_20250706,synthetic,2025-07-06,union,2739,0.8560154325,5.579041585,1.574419618,2.478797132,0.0008626159117,0.9991373841,2852.001579,2731.545245,0.8937642052,0.8560154325,0.8220150479,0.8900158171
synthetic_20250706,synthetic,2025-07-06,union,2740,0.8563270265,5.577507623,-1.09187897,1.192199684,0.005703500551,0.9942964994,2853.193778,2732.539542,0.8941378184,0.8563270265,0.8223266419,0.8903274111
synthetic_20250706,synthetic,2025-07-06,union,2741,0.8566393378,5.577004976,-0.6859993725,0.4705951391,0.003414518022,0.996585482,2853.664374,2733.536127,0.8942852941,0.8566393378,0.8226389532,0.8906397224
synthetic_20250706,synthetic,2025-07-06,union,2742,0.8569523005,5.576602697,-0.9442133602,0.8915388696,0.001335930804,0.9986640692,2854.555912,2734.534791,0.8945646858,0.8569523005,0.8229519159,0.8909526851
synthetic_20250706,synthetic,2025-07-06,union,2743,0.857264728,5.566132903,-0.4961865193,0.246201062,0.003044074118,0.9969559259,2854.802114,2735.531747,0.8946418406,0.857264728,0.8232643434,0.8912651126
synthetic_20250706,synthetic,2025-07-06,union,2744,0.8575774209,5.565445952,-0.9821878329,0.9646929392,0.002196931491,0.9978030685,2855.766806,2736.52955,0.8949441575,0.8575774209,0.8235770363,0.8915778055
synthetic_20250706,synthetic,2025-07-06,union,2745,0.8578907154,5.564799666,-0.1909701516,0.03646959882,0.0002772158545,0.9997227841,2855.803276,2737.529273,0.8949555864,0.8578907154,0.8238903308,0.8918911
synthetic_20250706,synthetic,2025-07-06,union,2746,0.8582025772,5.562769407,-0.02043391746,0.0004175449828,0.004848891744,0.9951511083,2855.803694,2738.524424,0.8949557172,0.8582025772,0.8242021926,0.8922029618
synthetic_20250706,synthetic,2025-07-06,union,2747,0.8585145975,5.559012098,-0.09832510908,0.009667827076,0.004343224378,0.9956567756,2855.813361,2739.520081,0.8949587469,0.8585145975,0.8245142129,0.8925149821
synthetic_20250706,synthetic,2025-07-06,union,2748,0.8588279426,5.554442299,-1.061270039,1.126294095,0.0001159860791,0.9998840139,2856.939656,2740.519965,0.8953117065,0.8588279426,0.824827558,0.8928283272
synthetic_20250706,synthetic,2025-07-06,union,2749,0.8591397847,5.554405319,-0.172988854,0.0299251436,0.004911877912,0.9950881221,2856.969581,2741.515053,0.8953210845,0.8591397847,0.8251394001,0.8931401693
synthetic_20250706,synthetic,2025-07-06,union,2750,0.8594508053,5.554194381,0.0296725123,0.0008804579863,0.007533004584,0.9924669954,2856.970461,2742.50752,0.8953213604,0.8594508053,0.8254504207,0.8934511899
synthetic_20250706,synthetic,2025-07-06,union,2751,0.8597634352,5.545165374,0.7307419968,0.5339838659,0.002398144397,0.9976018556,2857.504445,2743.505122,0.895488701,0.8597634352,0.8257630506,0.8937638198
synthetic_20250706,synthetic,2025-07-06,union,2752,0.8600763715,5.54452054,-0.685091916,0.4693509333,0.001420251399,0.9985797486,2857.973796,2744.503701,0.8956357869,0.8600763715,0.8260759869,0.8940767561
synthetic_20250706,synthetic,2025-07-06,union,2753,0.8603891577,5.541798982,0.2939732804,0.0864202896,0.00189924494,0.9981007551,2858.060216,2745.501802,0.8956628694,0.8603891577,0.8263887731,0.8943895423
synthetic_20250706,synthetic,2025-07-06,union,2754,0.8607021611,5.541705832,-0.3683355946,0.1356711103,0.001206077869,0.9987939221,2858.195887,2746.500596,0.8957053862,0.8607021611,0.8267017765,0.8947025457
synthetic_20250706,synthetic,2025-07-06,union,2755,0.8610127146,5.541399745,-1.040800511,1.083265704,0.009023703961,0.990976296,2859.279153,2747.491572,0.8960448615,0.8610127146,0.82701233,0.8950130992
synthetic_20250706,synthetic,2025-07-06,union,2756,0.861325947,5.541009576,-1.099811856,1.20958612,0.0004753920318,0.999524608,2860.488739,2748.491097,0.8964239233,0.861325947,0.8273255624,0.8953263316
synthetic_20250706,synthetic,2025-07-06,union,2757,0.8616386305,5.540798964,-0.4931847919,0.243231239,0.002227049385,0.9977729506,2860.73197,2749.48887,0.8965001474,0.8616386305,0.8276382459,0.8956390151
synthetic_20250706,synthetic,2025-07-06,union,2758,0.8619516006,5.537657194,-1.259455462,1.586228061,0.001312561463,0.9986874385,2862.318198,2750.487557,0.8969972418,0.8619516006,0.827951216,0.8959519852
synthetic_20250706,synthetic,2025-07-06,union,2759,0.862263879,5.535658041,-0.3542417272,0.1254872013,0.003519638007,0.996480362,2862.443686,2751.484038,0.8970365671,0.862263879,0.8282634944,0.8962642636
synthetic_20250706,synthetic,2025-07-06,union,2760,0.8625769494,5.528712858,-0.7910627256,0.6257802359,0.0009923086129,0.9990076914,2863.069466,2752.483045,0.897232675,0.8625769494,0.8285765648,0.896577334
synthetic_20250706,synthetic,2025-07-06,union,2761,0.8628898352,5.527181937,-1.460875092,2.134156033,0.001581337931,0.9984186621,2865.203622,2753.481464,0.8979014798,0.8628898352,0.8288894506,0.8968902198
synthetic_20250706,synthetic,2025-07-06,union,2762,0.8632019665,5.52687958,-0.2054790287,0.04222163123,0.003988999539,0.9960110005,2865.245844,2754.477475,0.8979147112,0.8632019665,0.8292015819,0.8972023511
synthetic_20250706,synthetic,2025-07-06,union,2763,0.8635148742,5.526446526,0.04402934677,0.001938583377,0.001511536421,0.9984884636,2865.247782,2755.475964,0.8979153187,0.8635148742,0.8295144896,0.8975152588
synthetic_20250706,synthetic,2025-07-06,union,2764,0.863827639,5.525241462,-0.2791679014,0.07793471719,0.001967660367,0.9980323396,2865.325717,2756.473996,0.897939742,0.863827639,0.8298272544,0.8978280236
synthetic_20250706,synthetic,2025-07-06,union,2765,0.8641394491,5.523455272,-0.4029184528,0.1623432796,0.005013816838,0.9949861832,2865.48806,2757.468982,0.8979906174,0.8641394491,0.8301390645,0.8981398337
synthetic_20250706,synthetic,2025-07-06,union,2766,0.8644520234,5.522781236,-0.2964383418,0.08787569048,0.002575501626,0.9974244984,2865.575936,2758.466407,0.898018156,0.8644520234,0.8304516388,0.898452408
synthetic_20250706,synthetic,2025-07-06,union,2767,0.864765168,5.520917197,-0.6036081733,0.3643428268,0.0007555215375,0.9992444785,2865.940279,2759.465651,0.8981323343,0.864765168,0.8307647834,0.8987655526
synthetic_20250706,synthetic,2025-07-06,union,2768,0.8650763743,5.519732686,-0.1461030713,0.02134610744,0.006940814169,0.9930591858,2865.961625,2760.45871,0.8981390237,0.8650763743,0.8310759897,0.8990767589
synthetic_20250706,synthetic,2025-07-06,union,2769,0.8653887874,5.519131649,1.088550828,1.184942905,0.003089555953,0.996910444,2867.146568,2761.455621,0.8985103628,0.8653887874,0.8313884028,0.899389172
synthetic_20250706,synthetic,2025-07-06,union,2770,0.8657019272,5.518881222,-0.5215348913,0.2719986429,0.0007710289478,0.9992289711,2867.418566,2762.45485,0.8985956021,0.8657019272,0.8317015426,0.8997023118
synthetic_20250706,synthetic,2025-07-06,union,2771,0.8660147114,5.518047485,-0.6630110692,0.4395836779,0.001905778767,0.9980942212,2867.85815,2763.452944,0.8987333594,0.8660147114,0.8320143268,0.900015096
synthetic_20250706,synthetic,2025-07-06,union,2772,0.8663275754,5.515780634,-0.5579541407,0.3113128232,0.00165096989,0.9983490301,2868.169463,2764.451293,0.8988309191,0.8663275754,0.8323271908,0.90032796
synthetic_20250706,synthetic,2025-07-06,union,2773,0.8666406398,5.515488204,2.621397105,6.871722784,0.001011340416,0.9989886596,2875.041186,2765.450282,0.9009843891,0.8666406398,0.8326402552,0.9006410244
synthetic_20250706,synthetic,2025-07-06,union,2774,0.8669536698,5.514842915,0.4565145249,0.2084055114,0.001121284022,0.998878716,2875.249591,2766.44916,0.9010496995,0.8669536698,0.8329532852,0.9009540544
synthetic_20250706,synthetic,2025-07-06,union,2775,0.867264598,5.513941622,0.9555817376,0.9131364572,0.007828202459,0.9921717975,2876.162728,2767.441332,0.9013358595,0.867264598,0.8332642134,0.9012649826
synthetic_20250706,synthetic,2025-07-06,union,2776,0.8675774454,5.510818799,2.124619071,4.514006198,0.001703962646,0.9982960374,2880.676734,2768.439628,0.902750465,0.8675774454,0.8335770608,0.90157783
synthetic_20250706,synthetic,2025-07-06,union,2777,0.8678897488,5.507635497,-1.11532966,1.243960251,0.00343978689,0.9965602131,2881.920694,2769.436188,0.903140299,0.8678897488,0.8338893642,0.9018901334
synthetic_20250706,synthetic,2025-07-06,union,2778,0.868202433,5.507588273,1.182319682,1.39787983,0.002224825769,0.9977751742,2883.318574,2770.433964,0.9035783685,0.868202433,0.8342020484,0.9022028176
synthetic_20250706,synthetic,2025-07-06,union,2779,0.8685144888,5.507393349,-0.3527655697,0.1244435472,0.004229667115,0.9957703329,2883.443017,2771.429734,0.9036173668,0.8685144888,0.8345141042,0.9025148734
synthetic_20250706,synthetic,2025-07-06,union,2780,0.8688274807,5.504746751,1.465522049,2.147754877,0.001242917113,0.9987570829,2885.590772,2772.428491,0.9042904332,0.8688274807,0.8348270961,0.9028278653
synthetic_20250706,synthetic,2025-07-06,union,2781,0.8691399891,5.504014078,-0.1986143936,0.03944767735,0.00278582067,0.9972141793,2885.63022,2773.425705,0.9043027953,0.8691399891,0.8351396045,0.9031403737
synthetic_20250706,synthetic,2025-07-06,union,2782,0.869452593,5.503756493,0.3699386665,0.136854617,0.002480840727,0.9975191593,2885.767075,2774.423224,0.904345683,0.869452593,0.8354522084,0.9034529776
synthetic_20250706,synthetic,2025-07-06,union,2783,0.8697651782,5.503541038,-0.388070425,0.1505986548,0.002540816265,0.9974591837,2885.917673,2775.420683,0.9043928778,0.8697651782,0.8357647936,0.9037655628
synthetic_20250706,synthetic,2025-07-06,union,2784,0.8700766306,5.497159393,0.03008236613,0.0009049487523,0.006155280331,0.9938447197,2885.918578,2776.414528,0.9043931614,0.8700766306,0.836076246,0.9040770152
synthetic_20250706,synthetic,2025-07-06,union,2785,0.8703888231,5.496772538,-0.2122075949,0.04503206335,0.003793654224,0.9962063458,2885.96361,2777.410735,0.9044072736,0.8703888231,0.8363884385,0.9043892077
synthetic_20250706,synthetic,2025-07-06,union,2786,0.8707013202,5.493415935,0.4572221829,0.2090521245,0.002821821681,0.9971781783,2886.172662,2778.407913,0.9044727867,0.8707013202,0.8367009356,0.9047017048
synthetic_20250706,synthetic,2025-07-06,union,2787,0.8710138278,5.492989442,-1.084396662,1.17591612,0.002788149723,0.9972118503,2887.348578,2779.405125,0.9048412969,0.8710138278,0.8370134432,0.9050142124
synthetic_20250706,synthetic,2025-07-06,union,2788,0.8713264232,5.492735682,-0.970285847,0.941454625,0.002508180266,0.9974918197,2888.290033,2780.402616,0.9051363313,0.8713264232,0.8373260386,0.9053268078
synthetic_20250706,synthetic,2025-07-06,union,2789,0.8716382791,5.492526207,0.4635169401,0.2148479537,0.004867712716,0.9951322873,2888.504881,2781.397749,0.9052036606,0.8716382791,0.8376378945,0.9056386637
synthetic_20250706,synthetic,2025-07-06,union,2790,0.8719511661,5.492343622,0.3830698569,0.1467425153,0.001577688489,0.9984223115,2888.651624,2782.396171,0.905249647,0.8719511661,0.8379507815,0.9059515507
synthetic_20250706,synthetic,2025-07-06,union,2791,0.8722627564,5.491288001,1.332860345,1.7765167,0.005715306812,0.9942846932,2890.42814,2783.390456,0.9058063743,0.8722627564,0.8382623718,0.906263141
synthetic_20250706,synthetic,2025-07-06,union,2792,0.8725753528,5.491147502,0.6766649067,0.457875396,0.002504887918,0.9974951121,2890.886016,2784.387951,0.9059498639,0.8725753528,0.8385749682,0.9065757374
synthetic_20250706,synthetic,2025-07-06,union,2793,0.872888336,5.490189164,-1.40445273,1.972487471,0.001270618088,0.9987293819,2892.858503,2785.38668,0.9065680047,0.872888336,0.8388879514,0.9068887206
synthetic_20250706,synthetic,2025-07-06,union,2794,0.8732004505,5.484098484,0.02385792228,0.0005692004556,0.004042497273,0.9959575027,2892.859072,2786.382638,0.9065681831,0.8732004505,0.8392000659,0.9072008351
synthetic_20250706,synthetic,2025-07-06,union,2795,0.8735131858,5.477593436,1.243912007,1.54731708,0.002061764061,0.9979382359,2894.406389,2787.380576,0.9070530835,0.8735131858,0.8395128012,0.9075135704
synthetic_20250706,synthetic,2025-07-06,union,2796,0.8738262432,5.476415013,-0.5557762391,0.3088872279,0.001033903789,0.9989660962,2894.715277,2788.379542,0.907149883,0.8738262432,0.8398258586,0.9078266278
synthetic_20250706,synthetic,2025-07-06,union,2797,0.8741374911,5.474169343,-0.7535860916,0.5678919975,0.006808003273,0.9931919967,2895.283169,2789.372734,0.9073278498,0.8741374911,0.8401371065,0.9081378757
synthetic_20250706,synthetic,2025-07-06,union,2798,0.8744506036,5.473894372,-0.1981764109,0.03927388983,0.0008580825767,0.9991419174,2895.322443,2790.371876,0.9073401575,0.8744506036,0.840450219,0.9084509882
synthetic_20250706,synthetic,2025-07-06,union,2799,0.8747619582,5.473709244,-0.2510536008,0.0630279105,0.006467298932,0.9935327011,2895.38547,2791.365409,0.9073599093,0.8747619582,0.8407615736,0.9087623428
synthetic_20250706,synthetic,2025-07-06,union,2800,0.8750733304,5.473212569,1.182491646,1.398286494,0.006411437161,0.9935885628,2896.783757,2792.358997,0.9077981062,0.8750733304,0.8410729458,0.909073715
synthetic_20250706,synthetic,2025-07-06,union,2801,0.8753862297,5.471615178,0.4327925982,0.187309433,0.00153825524,0.9984617448,2896.971066,2793.357459,0.9078568055,0.8753862297,0.8413858451,0.9093866143
synthetic_20250706,synthetic,2025-07-06,union,2802,0.8756982822,5.469900432,-0.1377967561,0.01898794599,0.004240416001,0.995759584,2896.990054,2794.353219,0.907862756,0.8756982822,0.8416978976,0.9096986668
synthetic_20250706,synthetic,2025-07-06,union,2803,0.8760101326,5.469734518,0.4171379361,0.1740040577,0.004885382743,0.9951146173,2897.164058,2795.348333,0.9079172856,0.8760101326,0.842009748,0.9100105172
synthetic_20250706,synthetic,2025-07-06,union,2804,0.8763233824,5.468280056,-0.02169364068,0.0004706140459,0.0004198293728,0.9995801706,2897.164529,2796.347913,0.9079174331,0.8763233824,0.8423229978,0.910323767
synthetic_20250706,synthetic,2025-07-06,union,2805,0.8766362431,5.468251296,-0.4813885349,0.2317349215,0.001661678642,0.9983383214,2897.396264,2797.346252,0.9079900545,0.8766362431,0.8426358585,0.9106366277
synthetic_20250706,synthetic,2025-07-06,union,2806,0.8769489,5.467076233,-1.473241306,2.170439944,0.002311721894,0.9976882781,2899.566704,2798.34394,0.90867023,0.8769489,0.8429485154,0.9109492846
synthetic_20250706,synthetic,2025-07-06,union,2807,0.8772611389,5.46609085,-0.8259231095,0.6821489828,0.003645624128,0.9963543759,2900.248853,2799.340294,0.9088840028,0.8772611389,0.8432607543,0.9112615235
synthetic_20250706,synthetic,2025-07-06,union,2808,0.877573922,5.465530735,1.918760146,3.681640498,0.001909170612,0.9980908294,2903.930493,2800.338385,0.9100377604,0.877573922,0.8435735374,0.9115743066
synthetic_20250706,synthetic,2025-07-06,union,2809,0.8778857441,5.463910068,0.1697046011,0.02879965163,0.00497571298,0.995024287,2903.959293,2801.333409,0.9100467856,0.8778857441,0.8438853595,0.9118861287
synthetic_20250706,synthetic,2025-07-06,union,2810,0.8781973049,5.461068234,-1.939653396,3.762255296,0.005809354367,0.9941906456,2907.721548,2802.3276,0.9112258064,0.8781973049,0.8441969203,0.9121976895
synthetic_20250706,synthetic,2025-07-06,union,2811,0.8785092771,5.456300074,-1.322442668,1.748854611,0.004496767727,0.9955032323,2909.470403,2803.323103,0.9117738649,0.8785092771,0.8445088925,0.9125096617
synthetic_20250706,synthetic,2025-07-06,union,2812,0.8788210163,5.455341914,0.204979197,0.04201647122,0.005240324445,0.9947596756,2909.512419,2804.317863,0.9117870321,0.8788210163,0.8448206317,0.9128214009
synthetic_20250706,synthetic,2025-07-06,union,2813,0.8791339493,5.453889298,-0.9780989916,0.9566776375,0.001430753041,0.998569247,2910.469097,2805.316432,0.912086837,0.8791339493,0.8451335647,0.9131343339
synthetic_20250706,synthetic,2025-07-06,union,2814,0.8794455398,5.446423571,0.6228649062,0.3879606914,0.005714552564,0.9942854474,2910.857058,2806.310718,0.9122084167,0.8794455398,0.8454451552,0.9134459244
synthetic_20250706,synthetic,2025-07-06,union,2815,0.8797575466,5.444632674,1.456144529,2.12035689,0.004386609647,0.9956133904,2912.977415,2807.306331,0.9128728971,0.8797575466,0.845757162,0.9137579312
synthetic_20250706,synthetic,2025-07-06,union,2816,0.8800695149,5.444263766,-0.1629653954,0.0265577201,0.004509040019,0.99549096,2913.003972,2808.301822,0.9128812198,0.8800695149,0.8460691303,0.9140698995
synthetic_20250706,synthetic,2025-07-06,union,2817,0.8803803901,5.444091384,-0.3244301886,0.1052549472,0.007997158776,0.9920028412,2913.109227,2809.293825,0.9129142047,0.8803803901,0.8463800055,0.9143807747
synthetic_20250706,synthetic,2025-07-06,union,2818,0.8806929855,5.442395944,-2.172184866,4.718387093,0.002508064809,0.9974919352,2917.827614,2810.291317,0.9143928594,0.8806929855,0.8466926009,0.9146933701
synthetic_20250706,synthetic,2025-07-06,union,2819,0.881004697,5.439034037,0.02921529828,0.0008535336534,0.005328790645,0.9946712094,2917.828468,2811.285988,0.9143931269,0.881004697,0.8470043124,0.9150050816
synthetic_20250706,synthetic,2025-07-06,union,2820,0.8813175891,5.438417494,-0.6990021448,0.4886039985,0.001561157983,0.998438842,2918.317072,2812.284427,0.9145462463,0.8813175891,0.8473172045,0.9153179737
synthetic_20250706,synthetic,2025-07-06,union,2821,0.8816300153,5.436926384,-1.727952957,2.985821422,0.003048147664,0.9969518523,2921.302893,2813.281379,0.9154819471,0.8816300153,0.8476296307,0.9156303999
synthetic_20250706,synthetic,2025-07-06,union,2822,0.8819426588,5.43647457,0.5418595143,0.2936117332,0.002354352199,0.9976456478,2921.596505,2814.279024,0.9155739596,0.8819426588,0.8479422742,0.9159430434
synthetic_20250706,synthetic,2025-07-06,union,2823,0.8822552672,5.434380972,-0.6097981271,0.3718537558,0.002466856086,0.9975331439,2921.968359,2815.276557,0.9156904916,0.8822552672,0.8482548826,0.9162556518
synthetic_20250706,synthetic,2025-07-06,union,2824,0.8825674162,5.434251346,0.3871230882,0.1498642854,0.003932506,0.996067494,2922.118223,2816.272625,0.9157374563,0.8825674162,0.8485670316,0.9165678008
synthetic_20250706,synthetic,2025-07-06,union,2825,0.8828792652,5.430768363,-0.7325760587,0.5366676817,0.004889739015,0.995110261,2922.654891,2817.267735,0.915905638,0.8828792652,0.8488788806,0.9168796498
synthetic_20250706,synthetic,2025-07-06,union,2826,0.8831923332,5.429177509,0.1251279487,0.01565700356,0.0009998744111,0.9990001256,2922.670548,2818.266735,0.9159105446,0.8831923332,0.8491919486,0.9171927178
synthetic_20250706,synthetic,2025-07-06,union,2827,0.8835044571,5.428239394,-0.2628245609,0.06907674983,0.004012764301,0.9959872357,2922.739624,2819.262723,0.9159321919,0.8835044571,0.8495040725,0.9175048417
synthetic_20250706,synthetic,2025-07-06,union,2828,0.8838175891,5.422855322,-0.4240500324,0.17981843,0.0007956308114,0.9992043692,2922.919443,2820.261927,0.9159885437,0.8838175891,0.8498172045,0.9178179737
synthetic_20250706,synthetic,2025-07-06,union,2829,0.884129941,5.418328273,-0.4906538819,0.2407412318,0.003285186863,0.9967148131,2923.160184,2821.258642,0.9160639875,0.884129941,0.8501295564,0.9181303256
synthetic_20250706,synthetic,2025-07-06,union,2830,0.884441332,5.417422313,0.7317753395,0.5354951475,0.006351516484,0.9936484835,2923.695679,2822.25229,0.9162318017,0.884441332,0.8504409474,0.9184417166
synthetic_20250706,synthetic,2025-07-06,union,2831,0.8847524621,5.416803775,0.08669603615,0.007516202683,0.007183661859,0.9928163381,2923.703195,2823.245107,0.9162341572,0.8847524621,0.8507520775,0.9187528467
synthetic_20250706,synthetic,2025-07-06,union,2832,0.8850656847,5.416788428,0.2649172154,0.07018113101,0.0005067548151,0.9994932452,2923.773377,2824.2446,0.9162561506,0.8850656847,0.8510653001,0.9190660693
synthetic_20250706,synthetic,2025-07-06,union,2833,0.885378048,5.415333794,0.4147356231,0.1720056371,0.003248709259,0.9967512907,2923.945382,2825.241351,0.916310054,0.885378048,0.8513776634,0.9193784326
synthetic_20250706,synthetic,2025-07-06,union,2834,0.8856896425,5.412337166,0.5308918137,0.2818461179,0.00570182321,0.9942981768,2924.227228,2826.235649,0.9163983793,0.8856896425,0.8516892579,0.9196900271
synthetic_20250706,synthetic,2025-07-06,union,2835,0.8860025083,5.41172202,1.2759486,1.628044829,0.001645476694,0.9983545233,2925.855273,2827.234004,0.9169085783,0.8860025083,0.8520021237,0.9200028929
synthetic_20250706,synthetic,2025-07-06,union,2836,0.8863150486,5.410826562,2.339754813,5.474452586,0.002683602207,0.9973163978,2931.329726,2828.23132,0.9186241698,0.8863150486,0.852314664,0.9203154332
synthetic_20250706,synthetic,2025-07-06,union,2837,0.8866274775,5.40891268,-0.1796221291,0.03226410927,0.003039639072,0.9969603609,2931.36199,2829.228281,0.9186342808,0.8866274775,0.8526270929,0.9206278621
synthetic_20250706,synthetic,2025-07-06,union,2838,0.8869407022,5.40706756,1.096624091,1.202584396,0.0004998857283,0.9995001143,2932.564574,2830.227781,0.9190111483,0.8869407022,0.8529403176,0.9209410868
synthetic_20250706,synthetic,2025-07-06,union,2839,0.887253479,5.40364178,0.3441844389,0.118462928,0.001929363128,0.9980706369,2932.683037,2831.225851,0.9190482724,0.887253479,0.8532530944,0.9212538636
synthetic_20250706,synthetic,2025-07-06,union,2840,0.887566448,5.401266617,-0.1465403245,0.0214740667,0.001315930608,0.9986840694,2932.704511,2832.224535,0.919055002,0.887566448,0.8535660634,0.9215668326
synthetic_20250706,synthetic,2025-07-06,union,2841,0.8878789804,5.400526371,-1.075872729,1.157502128,0.002709039032,0.997290961,2933.862013,2833.221826,0.9194177416,0.8878789804,0.8538785958,0.921879365
synthetic_20250706,synthetic,2025-07-06,union,2842,0.8881897067,5.399903219,0.05958932745,0.003550887946,0.00847223618,0.9915277638,2933.865564,2834.213354,0.9194188544,0.8881897067,0.8541893221,0.9221900913
synthetic_20250706,synthetic,2025-07-06,union,2843,0.8885015684,5.393978815,0.03154994505,0.0009953990327,0.004849481762,0.9951505182,2933.86656,2835.208505,0.9194191663,0.8885015684,0.8545011838,0.922501953
synthetic_20250706,synthetic,2025-07-06,union,2844,0.8888131232,5.390915313,0.8175047564,0.6683140268,0.005828617435,0.9941713826,2934.534874,2836.202676,0.9196286035,0.8888131232,0.8548127386,0.9228135078
synthetic_20250706,synthetic,2025-07-06,union,2845,0.8891259775,5.387641494,0.8260319158,0.682328726,0.001681811091,0.9983181889,2935.217202,2837.200994,0.9198424326,0.8891259775,0.8551255929,0.9231263621
synthetic_20250706,synthetic,2025-07-06,union,2846,0.8894385624,5.383679919,0.9276826848,0.8605951636,0.002541582627,0.9974584174,2936.077798,2838.198453,0.9201121271,0.8894385624,0.8554381778,0.923438947
synthetic_20250706,synthetic,2025-07-06,union,2847,0.8897515038,5.380565606,-0.08292657513,0.006876816864,0.001404035463,0.9985959645,2936.084674,2839.197049,0.9201142822,0.8897515038,0.8557511192,0.9237518884
synthetic_20250706,synthetic,2025-07-06,union,2848,0.8900627946,5.379857939,1.828970306,3.345132379,0.006671016524,0.9933289835,2939.429807,2840.190378,0.9211625844,0.8900627946,0.85606241,0.9240631792
synthetic_20250706,synthetic,2025-07-06,union,2849,0.890375665,5.377559692,-0.02242034717,0.0005026719672,0.00163044726,0.9983695527,2939.430309,2841.188747,0.9211627419,0.890375665,0.8563752804,0.9243760496
synthetic_20250706,synthetic,2025-07-06,union,2850,0.890686843,5.377121669,-2.120725149,4.497475158,0.007031247924,0.9929687521,2943.927785,2842.181716,0.9225721669,0.890686843,0.8566864584,0.9246872276
synthetic_20250706,synthetic,2025-07-06,union,2851,0.8909982155,5.37475475,-1.960018075,3.841670853,0.006410321304,0.9935896787,2947.769456,2843.175306,0.9237760751,0.8909982155,0.8569978309,0.9249986001
synthetic_20250706,synthetic,2025-07-06,union,2852,0.8913098829,5.374415701,-0.5202892319,0.2707008848,0.005469290963,0.994530709,2948.040156,2844.169836,0.9238609077,0.8913098829,0.8573094983,0.9253102675
synthetic_20250706,synthetic,2025-07-06,union,2853,0.8916217653,5.373717677,0.4594393585,0.2110845241,0.004783368249,0.9952166318,2948.251241,2845.165053,0.9239270576,0.8916217653,0.8576213807,0.9256221499
synthetic_20250706,synthetic,2025-07-06,union,2854,0.8919344465,5.369778912,0.2305471015,0.05315196602,0.002234027871,0.9977659721,2948.304393,2846.162819,0.9239437145,0.8919344465,0.8579340619,0.9259348311
synthetic_20250706,synthetic,2025-07-06,union,2855,0.8922470079,5.367636334,-0.5410844836,0.2927724184,0.002616697387,0.9973833026,2948.597165,2847.160202,0.9240354639,0.8922470079,0.8582466233,0.9262473925
synthetic_20250706,synthetic,2025-07-06,union,2856,0.892560281,5.364604096,-0.2378558707,0.05657541521,0.0003454146047,0.9996545854,2948.653741,2848.159857,0.9240531936,0.892560281,0.8585598964,0.9265606656
synthetic_20250706,synthetic,2025-07-06,union,2857,0.8928724133,5.36268081,-1.542002589,2.377771983,0.003986026664,0.9960139733,2951.031513,2849.155871,0.9247983431,0.8928724133,0.8588720287,0.9268727979
synthetic_20250706,synthetic,2025-07-06,union,2858,0.8931854472,5.361764169,0.7686744518,0.5908604129,0.001108889992,0.99889111,2951.622373,2850.154762,0.9249835077,0.8931854472,0.8591850626,0.9271858318
synthetic_20250706,synthetic,2025-07-06,union,2859,0.8934980878,5.357311092,-0.3242581349,0.105143338,0.002363842462,0.9976361575,2951.727516,2851.152398,0.9250164577,0.8934980878,0.8594977032,0.9274984724
synthetic_20250706,synthetic,2025-07-06,union,2860,0.8938104809,5.354273083,1.343124434,1.803983245,0.003153545555,0.9968464544,2953.5315,2852.149244,0.9255817924,0.8938104809,0.8598100963,0.9278108655
synthetic_20250706,synthetic,2025-07-06,union,2861,0.8941232556,5.353116663,-0.1290448228,0.01665256628,0.001935776894,0.9980642231,2953.548152,2853.147309,0.9255870111,0.8941232556,0.860122871,0.9281236402
synthetic_20250706,synthetic,2025-07-06,union,2862,0.8944353614,5.352692189,-1.745322531,3.046150738,0.004070336934,0.9959296631,2956.594303,2854.143238,0.926541618,0.8944353614,0.8604349768,0.928435746
synthetic_20250706,synthetic,2025-07-06,union,2863,0.8947474463,5.351415944,0.1579419109,0.02494564721,0.004137223711,0.9958627763,2956.619249,2855.139101,0.9265494355,0.8947474463,0.8607470617,0.9287478309
synthetic_20250706,synthetic,2025-07-06,union,2864,0.8950600905,5.35103095,-0.3150613477,0.09926365278,0.002352490014,0.99764751,2956.718512,2856.136749,0.9265805429,0.8950600905,0.8610597059,0.9290604751
synthetic_20250706,synthetic,2025-07-06,union,2865,0.8953724939,5.349751447,0.7283184593,0.5304477781,0.003120666319,0.9968793337,2957.24896,2857.133628,0.9267467753,0.8953724939,0.8613721093,0.9293728785
synthetic_20250706,synthetic,2025-07-06,union,2866,0.8956854491,5.347631645,0.08775315025,0.007700615379,0.001359943689,0.9986400563,2957.256661,2858.132268,0.9267491886,0.8956854491,0.8616850645,0.9296858337
synthetic_20250706,synthetic,2025-07-06,union,2867,0.8959981282,5.346242554,0.9027686964,0.8149913192,0.002240920837,0.9977590792,2958.071652,2859.130027,0.9270045917,0.8959981282,0.8619977436,0.9299985128
synthetic_20250706,synthetic,2025-07-06,union,2868,0.8963105185,5.345737376,1.175753291,1.382395802,0.003162718765,0.9968372812,2959.454048,2860.126864,0.9274378088,0.8963105185,0.8623101339,0.9303109031
synthetic_20250706,synthetic,2025-07-06,union,2869,0.8966227606,5.344728297,0.9713032703,0.9434300428,0.003635397883,0.9963646021,2960.397478,2861.123229,0.9277334622,0.8966227606,0.862622376,0.9306231452
synthetic_20250706,synthetic,2025-07-06,union,2870,0.8969345604,5.343030628,-2.058150668,4.235984172,0.00504669045,0.9949533096,2964.633462,2862.118182,0.9290609408,0.8969345604,0.8629341758,0.930934945
synthetic_20250706,synthetic,2025-07-06,union,2871,0.8972465081,5.342412473,1.075408677,1.156503822,0.004574819412,0.9954251806,2965.789966,2863.113607,0.9294233676,0.8972465081,0.8632461235,0.9312468927
synthetic_20250706,synthetic,2025-07-06,union,2872,0.8975586798,5.339007038,-0.4836896288,0.233955657,0.003860325659,0.9961396743,2966.023922,2864.109747,0.9294966849,0.8975586798,0.8635582952,0.9315590644
synthetic_20250706,synthetic,2025-07-06,union,2873,0.8978714849,5.338852341,0.5762287966,0.332039626,0.00183899948,0.9981610005,2966.355961,2865.107908,0.9296007399,0.8978714849,0.8638711003,0.9318718695
synthetic_20250706,synthetic,2025-07-06,union,2874,0.8981836072,5.337889192,0.115335506,0.01330227894,0.0040175059,0.9959824941,2966.369263,2866.103891,0.9296049086,0.8981836072,0.8641832226,0.9321839918
synthetic_20250706,synthetic,2025-07-06,union,2875,0.8984953148,5.336616548,-0.3764749878,0.1417334164,0.005341244921,0.9946587551,2966.510997,2867.098549,0.9296493252,0.8984953148,0.8644949302,0.9324956994
synthetic_20250706,synthetic,2025-07-06,union,2876,0.898807951,5.329651939,1.127223811,1.27063352,0.002377786051,0.9976222139,2967.78163,2868.096172,0.9300475181,0.898807951,0.8648075664,0.9328083356
synthetic_20250706,synthetic,2025-07-06,union,2877,0.899119826,5.32854676,0.6428872364,0.4133039987,0.004806890267,0.9951931097,2968.194934,2869.091365,0.9301770399,0.899119826,0.8651194414,0.9331202106
synthetic_20250706,synthetic,2025-07-06,union,2878,0.8994314393,5.327308645,-0.02936324379,0.0008622000861,0.005642055268,0.9943579447,2968.195797,2870.085723,0.9301773101,0.8994314393,0.8654310547,0.9334318239
synthetic_20250706,synthetic,2025-07-06,union,2879,0.8997429248,5.323534621,0.3881299718,0.150644875,0.006049616125,0.9939503839,2968.346441,2871.079673,0.9302245194,0.8997429248,0.8657425402,0.9337433094
synthetic_20250706,synthetic,2025-07-06,union,2880,0.9000549694,5.323474262,0.6312933455,0.3985312881,0.004265565127,0.9957344349,2968.744973,2872.075408,0.9303494117,0.9000549694,0.8660545848,0.934055354
synthetic_20250706,synthetic,2025-07-06,union,2881,0.900367072,5.32297489,1.080938031,1.168427026,0.004080822523,0.9959191775,2969.9134,2873.071327,0.930715575,0.900367072,0.8663666874,0.9343674566
synthetic_20250706,synthetic,2025-07-06,union,2882,0.9006797261,5.320136621,-1.269892591,1.612627192,0.002320592825,0.9976794072,2971.526027,2874.069006,0.9312209423,0.9006797261,0.8666793415,0.9346801107
synthetic_20250706,synthetic,2025-07-06,union,2883,0.900992152,5.319493365,-1.370823565,1.879157246,0.003048998041,0.996951002,2973.405184,2875.065957,0.9318098352,0.900992152,0.8669917674,0.9349925366
synthetic_20250706,synthetic,2025-07-06,union,2884,0.901304952,5.318231083,0.07610343281,0.005791732485,0.001855378276,0.9981446217,2973.410976,2876.064102,0.9318116502,0.901304952,0.8673045674,0.9353053366
synthetic_20250706,synthetic,2025-07-06,union,2885,0.9016175376,5.31427713,0.1072657021,0.01150593084,0.002539074249,0.9974609258,2973.422482,2877.061563,0.931815256,0.9016175376,0.867617153,0.9356179222
synthetic_20250706,synthetic,2025-07-06,union,2886,0.9019299879,5.31367618,0.1154243967,0.01332279134,0.002971103471,0.9970288965,2973.435805,2878.058592,0.9318194311,0.9019299879,0.8679296033,0.9359303725
synthetic_20250706,synthetic,2025-07-06,union,2887,0.9022426518,5.312726434,1.381521866,1.908602667,0.002289718312,0.9977102817,2975.344407,2879.056302,0.9324175516,0.9022426518,0.8682422672,0.9362430364
synthetic_20250706,synthetic,2025-07-06,union,2888,0.9025557378,5.311828187,-1.465954436,2.149022409,0.0009426220219,0.999057378,2977.49343,2880.055359,0.9330910153,0.9025557378,0.8685553532,0.9365561224
synthetic_20250706,synthetic,2025-07-06,union,2889,0.9028666896,5.311395253,-0.10752257,0.01156110305,0.007752575054,0.9922474249,2977.504991,2881.047607,0.9330946383,0.9028666896,0.868866305,0.9368670742
synthetic_20250706,synthetic,2025-07-06,union,2890,0.9031791767,5.309833451,-0.5033892102,0.2534006969,0.002853835035,0.997146165,2977.758392,2882.044753,0.9331740494,0.9031791767,0.8691787921,0.9371795613
synthetic_20250706,synthetic,2025-07-06,union,2891,0.9034922851,5.30954381,0.4316290934,0.1863036743,0.0008709599885,0.99912904,2977.944695,2883.043882,0.9332324335,0.9034922851,0.8694919005,0.9374926697
synthetic_20250706,synthetic,2025-07-06,union,2892,0.9038037202,5.30916002,-1.568384948,2.459831347,0.006210560289,0.9937894397,2980.404527,2884.037671,0.9340032988,0.9038037202,0.8698033356,0.9378041048
synthetic_20250706,synthetic,2025-07-06,union,2893,0.9041165504,5.301252529,0.4580970452,0.2098529028,0.001758868255,0.9982411317,2980.614379,2885.035912,0.9340690628,0.9041165504,0.8701161658,0.938116935
synthetic_20250706,synthetic,2025-07-06,union,2894,0.9044294158,5.294404092,0.808716976,0.6540231472,0.001646699647,0.9983533004,2981.268403,2886.034266,0.9342740215,0.9044294158,0.8704290312,0.9384298004
synthetic_20250706,synthetic,2025-07-06,union,2895,0.9047421481,5.293547016,-0.5443722123,0.2963411055,0.002071109177,0.9979288908,2981.564744,2887.032195,0.9343668893,0.9047421481,0.8707417635,0.9387425327
synthetic_20250706,synthetic,2025-07-06,union,2896,0.9050544602,5.291777969,-0.4513506751,0.2037174319,0.003412202916,0.9965877971,2981.768461,2888.028782,0.9344307305,0.9050544602,0.8710540756,0.9390548448
synthetic_20250706,synthetic,2025-07-06,union,2897,0.9053662697,5.290738864,-0.3555375039,0.1264069167,0.005015650259,0.9949843497,2981.894868,2889.023767,0.9344703441,0.9053662697,0.8713658851,0.9393666543
synthetic_20250706,synthetic,2025-07-06,union,2898,0.9056790963,5.289870459,-1.311519088,1.720082318,0.001770390861,0.9982296091,2983.61495,2890.021996,0.9350093859,0.9056790963,0.8716787117,0.9396794809
synthetic_20250706,synthetic,2025-07-06,union,2899,0.9059913035,5.2896253,1.704200443,2.904299151,0.003746924969,0.996253075,2986.51925,2891.018249,0.9359195392,0.9059913035,0.8719909189,0.9399916881
synthetic_20250706,synthetic,2025-07-06,union,2900,0.9063030608,5.287714412,0.6000854765,0.3601025791,0.005182294586,0.9948177054,2986.879352,2892.013067,0.9360323886,0.9063030608,0.8723026762,0.9403034454
synthetic_20250706,synthetic,2025-07-06,union,2901,0.9066160661,5.287476848,0.5140644771,0.2642622867,0.001200308282,0.9987996917,2987.143614,2893.011867,0.9361152035,0.9066160661,0.8726156815,0.9406164507
synthetic_20250706,synthetic,2025-07-06,union,2902,0.9069293386,5.287273361,-1.257535827,1.581396355,0.0003474094814,0.9996525905,2988.725011,2894.011519,0.9366107837,0.9069293386,0.872928954,0.9409297232
synthetic_20250706,synthetic,2025-07-06,union,2903,0.9072419255,5.284337537,-0.6379930745,0.4070351631,0.002535211034,0.997464789,2989.132046,2895.008984,0.9367383409,0.9072419255,0.8732415409,0.9412423101
synthetic_20250706,synthetic,2025-07-06,union,2904,0.9075551562,5.282467753,-0.002777122245,7.712407966e-06,0.0004806116137,0.9995193884,2989.132054,2896.008504,0.9367383433,0.9075551562,0.8735547716,0.9415555408
synthetic_20250706,synthetic,2025-07-06,union,2905,0.9078681048,5.278052209,-0.2913809522,0.08490285933,0.001381204524,0.9986187955,2989.216956,2897.007122,0.9367649503,0.9078681048,0.8738677202,0.9418684894
synthetic_20250706,synthetic,2025-07-06,union,2906,0.9081800309,5.276748462,-0.2715269894,0.07372690598,0.004643624701,0.9953563753,2989.290683,2898.002479,0.936788055,0.9081800309,0.8741796463,0.9421804155
synthetic_20250706,synthetic,2025-07-06,union,2907,0.9084926023,5.275538355,-0.2094947584,0.04388805381,0.002584807975,0.997415192,2989.334571,2898.999894,0.9368018087,0.9084926023,0.8744922177,0.9424929869
synthetic_20250706,synthetic,2025-07-06,union,2908,0.9088051038,5.274067506,0.08341032571,0.006957282434,0.00280787672,0.9971921233,2989.341529,2899.997086,0.9368039889,0.9088051038,0.8748047192,0.9428054884
synthetic_20250706,synthetic,2025-07-06,union,2909,0.9091180602,5.273479834,0.09290095557,0.008630587546,0.001356103272,0.9986438967,2989.350159,2900.99573,0.9368066936,0.9091180602,0.8751176756,0.9431184448
synthetic_20250706,synthetic,2025-07-06,union,2910,0.9094312853,5.272437834,-1.454395461,2.115266156,0.0004984444763,0.9995015555,2991.465425,2901.995232,0.9374695786,0.9094312853,0.8754309007,0.9434316699
synthetic_20250706,synthetic,2025-07-06,union,2911,0.9097444995,5.270837015,-0.5636630323,0.317716014,0.0005334809604,0.999466519,2991.783141,2902.994698,0.9375691449,0.9097444995,0.8757441149,0.9437448841
synthetic_20250706,synthetic,2025-07-06,union,2912,0.9100571718,5.264606206,-0.222348758,0.04943897016,0.002262700812,0.9977372992,2991.83258,2903.992435,0.9375846382,0.9100571718,0.8760567872,0.9440575564
synthetic_20250706,synthetic,2025-07-06,union,2913,0.9103692122,5.261551235,1.362800723,1.857225811,0.004279134407,0.9957208656,2993.689806,2904.988156,0.9381666582,0.9103692122,0.8763688276,0.9443695968
synthetic_20250706,synthetic,2025-07-06,union,2914,0.9106817689,5.260102184,0.03391890362,0.001150492023,0.002631654771,0.9973683452,2993.690957,2905.985525,0.9381670187,0.9106817689,0.8766813843,0.9446821535
synthetic_20250706,synthetic,2025-07-06,union,2915,0.910993813,5.257219942,-0.3238661322,0.1048892716,0.004267191547,0.9957328085,2993.795846,2906.981257,0.9381998891,0.910993813,0.8769934284,0.9449941976
synthetic_20250706,synthetic,2025-07-06,union,2916,0.911306689,5.255968945,0.2044299595,0.04179160836,0.001612831541,0.9983871685,2993.837638,2907.979645,0.9382129858,0.911306689,0.8773063044,0.9453070736
synthetic_20250706,synthetic,2025-07-06,union,2917,0.9116192273,5.255018228,0.456576982,0.2084625405,0.002690111635,0.9973098884,2994.0461,2908.976954,0.9382783141,0.9116192273,0.8776188427,0.9456196119
synthetic_20250706,synthetic,2025-07-06,union,2918,0.9119276595,5.253374911,-1.004774006,1.009570803,0.01579279684,0.9842072032,2995.055671,2909.961162,0.9385946948,0.9119276595,0.8779272749,0.9459280441
synthetic_20250706,synthetic,2025-07-06,union,2919,0.9122389821,5.252163196,-0.6487886438,0.4209267043,0.006569823067,0.9934301769,2995.476598,2910.954592,0.9387266053,0.9122389821,0.8782385975,0.9462393667
synthetic_20250706,synthetic,2025-07-06,union,2920,0.9125518566,5.251306423,0.2893336037,0.0837139342,0.001617311624,0.9983826884,2995.560312,2911.952974,0.9387528397,0.9125518566,0.878551472,0.9465522412
synthetic_20250706,synthetic,2025-07-06,union,2921,0.9128643479,5.251263889,-0.3141851121,0.09871228468,0.002840286665,0.9971597133,2995.659024,2912.950134,0.9387837743,0.9128643479,0.8788639633,0.9468647325
synthetic_20250706,synthetic,2025-07-06,union,2922,0.9131770363,5.249389235,1.778594269,3.163397574,0.002211256097,0.9977887439,2998.822421,2913.947923,0.9397751242,0.9131770363,0.8791766517,0.9471774209
synthetic_20250706,synthetic,2025-07-06,union,2923,0.9134879092,5.247381537,-0.6411752633,0.4111057182,0.008004833446,0.9919951666,2999.233527,2914.939918,0.9399039571,0.9134879092,0.8794875246,0.9474882938
synthetic_20250706,synthetic,2025-07-06,union,2924,0.9138008451,5.246504106,0.2578079873,0.06646495834,0.001421413756,0.9985785862,2999.299992,2915.938497,0.939924786,0.9138008451,0.8798004605,0.9478012297
synthetic_20250706,synthetic,2025-07-06,union,2925,0.9141133906,5.244484978,-0.7101030324,0.5042463166,0.002667343719,0.9973326563,2999.804238,2916.935829,0.9400828074,0.9141133906,0.880113006,0.9481137752
synthetic_20250706,synthetic,2025-07-06,union,2926,0.914426289,5.243993134,-0.931228004,0.8671855955,0.001541105759,0.9984588942,3000.671424,2917.934288,0.9403545672,0.914426289,0.8804259044,0.9484266736
synthetic_20250706,synthetic,2025-07-06,union,2927,0.9147387207,5.241573269,0.1261746916,0.01592005279,0.003030624375,0.9969693756,3000.687344,2918.931258,0.9403595563,0.9147387207,0.8807383361,0.9487391053
synthetic_20250706,synthetic,2025-07-06,union,2928,0.9150518399,5.240395601,-0.5575691249,0.3108833291,0.0008365552445,0.9991634448,3000.998227,2919.930421,0.9404569813,0.9150518399,0.8810514553,0.9490522245
synthetic_20250706,synthetic,2025-07-06,union,2929,0.9153646135,5.236520248,0.8765781179,0.7683891968,0.001939225271,0.9980607747,3001.766617,2920.928482,0.9406977802,0.9153646135,0.8813642289,0.9493649982
synthetic_20250706,synthetic,2025-07-06,union,2930,0.9156765661,5.236104649,-0.7885520566,0.621814346,0.004559332383,0.9954406676,3002.388431,2921.923923,0.9408926452,0.9156765661,0.8816761815,0.9496769507
synthetic_20250706,synthetic,2025-07-06,union,2931,0.9159884159,5.234775733,-1.63368104,2.668913739,0.004887442495,0.9951125575,3005.057345,2922.919035,0.9417290331,0.9159884159,0.8819880313,0.9499888005
synthetic_20250706,synthetic,2025-07-06,union,2932,0.9162997405,5.234541007,-0.358346637,0.1284123122,0.006563146764,0.9934368532,3005.185757,2923.912472,0.9417692752,0.9162997405,0.8822993559,0.9503001251
synthetic_20250706,synthetic,2025-07-06,union,2933,0.9166094983,5.232750602,1.295017655,1.677070727,0.01156268801,0.988437312,3006.862828,2924.900909,0.9422948379,0.9166094983,0.8826091137,0.9506098829
synthetic_20250706,synthetic,2025-07-06,union,2934,0.9169215741,5.232543938,-0.7519392513,0.5654126376,0.004166273346,0.9958337267,3007.42824,2925.896743,0.9424720277,0.9169215741,0.8829211895,0.9509219587
synthetic_20250706,synthetic,2025-07-06,union,2935,0.9172342854,5.228261172,0.2800950264,0.07845322383,0.002138186199,0.9978618138,3007.506694,2926.894605,0.9424966135,0.9172342854,0.8832339008,0.95123467
synthetic_20250706,synthetic,2025-07-06,union,2936,0.917547223,5.225296495,0.7303789666,0.5334534349,0.001416181896,0.9985838181,3008.040147,2927.893189,0.9426637879,0.917547223,0.8835468384,0.9515476076
synthetic_20250706,synthetic,2025-07-06,union,2937,0.9178601871,5.224687572,-0.810339118,0.6566494862,0.001331611636,0.9986683884,3008.696797,2928.891857,0.9428695696,0.9178601871,0.8838598025,0.9518605717
synthetic_20250706,synthetic,2025-07-06,union,2938,0.9181726518,5.223619626,-0.1115177207,0.01243620204,0.002924936883,0.9970750631,3008.709233,2929.888932,0.9428734669,0.9181726518,0.8841722672,0.9521730364
synthetic_20250706,synthetic,2025-07-06,union,2939,0.9184857669,5.220545743,-1.465122343,2.146583481,0.0008499089482,0.9991500911,3010.855816,2930.888082,0.9435461662,0.9184857669,0.8844853823,0.9524861515
synthetic_20250706,synthetic,2025-07-06,union,2940,0.9187975381,5.220278317,0.7626990982,0.5817099144,0.005138065157,0.9948619348,3011.437526,2931.882944,0.9437284632,0.9187975381,0.8847971535,0.9527979227
synthetic_20250706,synthetic,2025-07-06,union,2941,0.9191091812,5.219869582,0.2774268224,0.07696564179,0.005546737636,0.9944532624,3011.514492,2932.877397,0.9437525828,0.9191091812,0.8851087966,0.9531095658
synthetic_20250706,synthetic,2025-07-06,union,2942,0.9194211676,5.218080747,0.5591632187,0.3126635051,0.004451587107,0.9955484129,3011.827155,2933.872946,0.9438505657,0.9194211676,0.885420783,0.9534215522
synthetic_20250706,synthetic,2025-07-06,union,2943,0.9197321859,5.217785857,-0.9409753576,0.8854346236,0.007540609608,0.9924593904,3012.71259,2934.865405,0.9441280445,0.9197321859,0.8857318013,0.9537325705
synthetic_20250706,synthetic,2025-07-06,union,2944,0.9200446582,5.214430702,0.908696939,0.8257301269,0.002900877275,0.9970991227,3013.53832,2935.862504,0.9443868129,0.9200446582,0.8860442736,0.9540450428
synthetic_20250706,synthetic,2025-07-06,union,2945,0.9203572378,5.2104185,-0.08777607636,0.007704639581,0.002558460651,0.9974415393,3013.546025,2936.859946,0.9443892274,0.9203572378,0.8863568532,0.9543576224
synthetic_20250706,synthetic,2025-07-06,union,2946,0.9206704997,5.210157902,0.3050810993,0.09307447718,0.000381148658,0.9996188513,3013.639099,2937.859565,0.9444183952,0.9206704997,0.8866701151,0.9546708843
synthetic_20250706,synthetic,2025-07-06,union,2947,0.9209824513,5.208798346,-2.285586599,5.2239061,0.004562512378,0.9954374876,3018.863005,2938.855002,0.9460554701,0.9209824513,0.8869820667,0.9549828359
synthetic_20250706,synthetic,2025-07-06,union,2948,0.9212945124,5.207585711,0.251450053,0.06322712915,0.004213202444,0.9957867976,3018.926232,2939.850789,0.9460752844,0.9212945124,0.8872941278,0.955294897
synthetic_20250706,synthetic,2025-07-06,union,2949,0.9216074006,5.200829702,-1.198014065,1.435237699,0.001573547231,0.9984264528,3020.36147,2940.849215,0.9465250611,0.9216074006,0.887607016,0.9556077852
synthetic_20250706,synthetic,2025-07-06,union,2950,0.9219205603,5.200796141,0.555105846,0.3081425002,0.0007073132264,0.9992926868,3020.669613,2941.848508,0.9466216273,0.9219205603,0.8879201757,0.9559209449
synthetic_20250706,synthetic,2025-07-06,union,2951,0.9222323743,5.20008018,-1.258308418,1.583340075,0.005001575725,0.9949984243,3022.252953,2942.843506,0.9471178166,0.9222323743,0.8882319897,0.9562327589
synthetic_20250706,synthetic,2025-07-06,union,2952,0.9225450562,5.19912179,0.739751752,0.5472326546,0.002232316256,0.9977676837,3022.800185,2943.841274,0.9472893091,0.9225450562,0.8885446716,0.9565454408
synthetic_20250706,synthetic,2025-07-06,union,2953,0.9228583256,5.198194299,0.8922214033,0.7960590325,0.0003572713029,0.9996427287,3023.596244,2944.840917,0.9475387792,0.9228583256,0.888857941,0.9568587102
synthetic_20250706,synthetic,2025-07-06,union,2954,0.9231700779,5.197050767,0.7772999244,0.6041951725,0.005198463346,0.9948015367,3024.20044,2945.835718,0.9477281227,0.9231700779,0.8891696933,0.9571704625
synthetic_20250706,synthetic,2025-07-06,union,2955,0.9234830182,5.190871513,-0.2009349523,0.04037485504,0.001407295287,0.9985927047,3024.240814,2946.834311,0.9477407754,0.9234830182,0.8894826336,0.9574834028
synthetic_20250706,synthetic,2025-07-06,union,2956,0.9237960055,5.182744013,0.2008849926,0.04035478026,0.001257697586,0.9987423024,3024.281169,2947.833053,0.9477534219,0.9237960055,0.8897956209,0.9577963901
synthetic_20250706,synthetic,2025-07-06,union,2957,0.9241091399,5.182649016,-1.199838375,1.439612126,0.0007878824475,0.9992121176,3025.720781,2948.832266,0.9482045695,0.9241091399,0.8901087553,0.9581095245
synthetic_20250706,synthetic,2025-07-06,union,2958,0.9244219448,5.182443595,-0.9438003857,0.8907591681,0.001839742828,0.9981602572,3026.61154,2949.830426,0.9484837168,0.9244219448,0.8904215602,0.9584223294
synthetic_20250706,synthetic,2025-07-06,union,2959,0.9247339838,5.179657824,-0.4876052789,0.237758908,0.004283499974,0.9957165,3026.849299,2950.826142,0.9485582261,0.9247339838,0.8907335992,0.9587343684
synthetic_20250706,synthetic,2025-07-06,union,2960,0.9250472146,5.179057332,1.444008466,2.08516045,0.0004805347943,0.9995194652,3028.93446,2951.825662,0.9492116765,0.9250472146,0.89104683,0.9590475992
synthetic_20250706,synthetic,2025-07-06,union,2961,0.9253586798,5.178848335,-1.792517416,3.213118687,0.00611461288,0.9938853871,3032.147578,2952.819547,0.9502186081,0.9253586798,0.8913582952,0.9593590644
synthetic_20250706,synthetic,2025-07-06,union,2962,0.9256710165,5.17681321,-0.6026054126,0.3631332833,0.003333574087,0.9966664259,3032.510712,2953.816214,0.9503324073,0.9256710165,0.8916706319,0.9596714011
synthetic_20250706,synthetic,2025-07-06,union,2963,0.9259842878,5.175321148,-0.7960128183,0.6336364069,0.0003512825648,0.9996487174,3033.144348,2954.815862,0.9505309772,0.9259842878,0.8919839032,0.9599846724
synthetic_20250706,synthetic,2025-07-06,union,2964,0.9262963694,5.174409665,0.1659429705,0.02753706946,0.004147628125,0.9958523719,3033.171885,2955.811715,0.9505396068,0.9262963694,0.8922959848,0.960296754
synthetic_20250706,synthetic,2025-07-06,union,2965,0.9266086715,5.172573393,1.649151733,2.719701439,0.003443813145,0.9965561869,3035.891587,2956.808271,0.9513919106,0.9266086715,0.8926082869,0.9606090561
synthetic_20250706,synthetic,2025-07-06,union,2966,0.9269217857,5.172152387,0.3145042536,0.09891292553,0.0008528595946,0.9991471404,3035.9905,2957.807418,0.9514229081,0.9269217857,0.8929214011,0.9609221703
synthetic_20250706,synthetic,2025-07-06,union,2967,0.9272338862,5.171717283,0.5959267896,0.3551287386,0.004087225295,0.9959127747,3036.345628,2958.803331,0.9515341988,0.9272338862,0.8932335016,0.9612342708
synthetic_20250706,synthetic,2025-07-06,union,2968,0.9275456484,5.167334846,0.4388818238,0.1926172553,0.005166589428,0.9948334106,3036.538246,2959.798164,0.9515945615,0.9275456484,0.8935452638,0.9615460331
synthetic_20250706,synthetic,2025-07-06,union,2969,0.9278588669,5.159179225,-0.008231425768,6.775637018e-05,0.000519983586,0.9994800164,3036.538313,2960.797644,0.9515945827,0.9278588669,0.8938584823,0.9618592515
synthetic_20250706,synthetic,2025-07-06,union,2970,0.9281722345,5.158923075,0.1719873294,0.02957964147,4.405472961e-05,0.9999559453,3036.567893,2961.7976,0.9516038524,0.9281722345,0.8941718499,0.9621726191
synthetic_20250706,synthetic,2025-07-06,union,2971,0.9284838957,5.157318768,0.3860585381,0.1490411948,0.005488994323,0.9945110057,3036.716934,2962.792111,0.9516505591,0.9284838957,0.8944835111,0.9624842803
synthetic_20250706,synthetic,2025-07-06,union,2972,0.9287956895,5.156484477,0.4668913599,0.217987542,0.005065898673,0.9949341013,3036.934922,2963.787045,0.9517188724,0.9287956895,0.8947953049,0.9627960741
synthetic_20250706,synthetic,2025-07-06,union,2973,0.9291081498,5.155857444,0.3954162952,0.1563540465,0.002939206051,0.9970607939,3037.091276,2964.784106,0.9517678708,0.9291081498,0.8951077652,0.9631085344
synthetic_20250706,synthetic,2025-07-06,union,2974,0.9294214341,5.150869536,-0.5114001442,0.2615301075,0.0003097238522,0.9996902761,3037.352806,2965.783796,0.9518498295,0.9294214341,0.8954210495,0.9634218187
synthetic_20250706,synthetic,2025-07-06,union,2975,0.9297342,5.147071358,-0.7962226549,0.6339705162,0.001964213441,0.9980357866,3037.986776,2966.781832,0.952048504,0.9297342,0.8957338154,0.9637345846
synthetic_20250706,synthetic,2025-07-06,union,2976,0.9300467928,5.144010238,-0.08979110142,0.008062441894,0.002516346967,0.997483653,3037.994839,2967.779316,0.9520510307,0.9300467928,0.8960464082,0.9640471774
synthetic_20250706,synthetic,2025-07-06,union,2977,0.9303591532,5.141306402,0.8855371401,0.7841760266,0.003258078886,0.9967419211,3038.779015,2968.776058,0.9522967768,0.9303591532,0.8963587686,0.9643595378
synthetic_20250706,synthetic,2025-07-06,union,2978,0.930672305,5.141107522,0.02351422968,0.0005529189976,0.0007323984221,0.9992676016,3038.779568,2969.775325,0.9522969501,0.930672305,0.8966719204,0.9646726896
synthetic_20250706,synthetic,2025-07-06,union,2979,0.9309837246,5.138023138,-0.3924039589,0.1539808669,0.00626021352,0.9937397865,3038.933549,2970.769065,0.9523452048,0.9309837246,0.89698334,0.9649841092
synthetic_20250706,synthetic,2025-07-06,union,2980,0.9312970108,5.137526744,-0.3652193783,0.1333851943,0.0003036678775,0.9996963321,3039.066934,2971.768761,0.9523870053,0.9312970108,0.8972966262,0.9652973954
synthetic_20250706,synthetic,2025-07-06,union,2981,0.9316090738,5.134551947,-0.5042743167,0.2542925865,0.004206924832,0.9957930752,3039.321226,2972.764554,0.9524666958,0.9316090738,0.8976086892,0.9656094584
synthetic_20250706,synthetic,2025-07-06,union,2982,0.9319212227,5.131702602,-1.007340142,1.014734162,0.003932817219,0.9960671828,3040.335961,2973.760622,0.9527846946,0.9319212227,0.8979208381,0.9659216073
synthetic_20250706,synthetic,2025-07-06,union,2983,0.9322333164,5.131067479,-0.9737465016,0.9481822494,0.00410917042,0.9958908296,3041.284143,2974.756513,0.9530818373,0.9322333164,0.8982329318,0.966233701
synthetic_20250706,synthetic,2025-07-06,union,2984,0.9325457257,5.130240719,-0.0550240888,0.003027650349,0.003101942368,0.9968980576,3041.28717,2975.753411,0.9530827861,0.9325457257,0.8985453411,0.9665461103
synthetic_20250706,synthetic,2025-07-06,union,2985,0.9328582526,5.125265559,0.4439079511,0.1970542691,0.002726381834,0.9972736182,3041.484225,2976.750684,0.9531445393,0.9328582526,0.898857868,0.9668586372
synthetic_20250706,synthetic,2025-07-06,union,2986,0.933170716,5.12501136,0.2492016131,0.06210144396,0.002929508593,0.9970704914,3041.546326,2977.747755,0.9531640007,0.933170716,0.8991703314,0.9671711006
synthetic_20250706,synthetic,2025-07-06,union,2987,0.9334831675,5.120222144,1.051143974,1.104903654,0.002967213658,0.9970327863,3042.65123,2978.744787,0.9535102569,0.9334831675,0.8994827829,0.9674835521
synthetic_20250706,synthetic,2025-07-06,union,2988,0.9337951973,5.111671707,-0.4699852343,0.2208861205,0.004313001924,0.9956869981,3042.872116,2979.740474,0.9535794785,0.9337951973,0.8997948127,0.9677955819
synthetic_20250706,synthetic,2025-07-06,union,2989,0.934107773,5.111356776,-0.2160592077,0.04668158123,0.002570965725,0.9974290343,3042.918798,2980.737903,0.9535941077,0.934107773,0.9001073884,0.9681081576
synthetic_20250706,synthetic,2025-07-06,union,2990,0.9344203241,5.101237254,-0.1841004062,0.03389295958,0.002649224571,0.9973507754,3042.952691,2981.735254,0.9536047291,0.9344203241,0.9004199395,0.9684207087
synthetic_20250706,synthetic,2025-07-06,union,2991,0.9347323311,5.09952689,-0.1844891403,0.03403624288,0.004385594395,0.9956144056,3042.986727,2982.730869,0.9536153954,0.9347323311,0.9007319465,0.9687327157
synthetic_20250706,synthetic,2025-07-06,union,2992,0.935043421,5.095486348,-0.9497996484,0.902119372,0.007312234639,0.9926877654,3043.888846,2983.723556,0.9538981028,0.935043421,0.9010430364,0.9690438056
synthetic_20250706,synthetic,2025-07-06,union,2993,0.9353554336,5.092274535,-0.6945159543,0.4823524107,0.004367784797,0.9956322152,3044.371199,2984.719189,0.9540492631,0.9353554336,0.901355049,0.9693558182
synthetic_20250706,synthetic,2025-07-06,union,2994,0.9356683618,5.091799144,1.013306938,1.02679095,0.001446174547,0.9985538255,3045.397989,2985.717742,0.9543710403,0.9356683618,0.9016679772,0.9696687464
synthetic_20250706,synthetic,2025-07-06,union,2995,0.9359800314,5.090983354,-0.6463359726,0.4177501895,0.005462177777,0.9945378222,3045.81574,2986.71228,0.9545019554,0.9359800314,0.9019796468,0.969980416
synthetic_20250706,synthetic,2025-07-06,union,2996,0.9362916544,5.090020786,-0.02348675095,0.00055162747,0.005611010108,0.9943889899,3045.816291,2987.706669,0.9545021283,0.9362916544,0.9022912698,0.970292039
synthetic_20250706,synthetic,2025-07-06,union,2997,0.9366031241,5.088790699,-0.8179272497,0.6690049858,0.00610029346,0.9938997065,3046.485296,2988.700569,0.954711782,0.9366031241,0.9026027395,0.9706035087
synthetic_20250706,synthetic,2025-07-06,union,2998,0.9369155147,5.083803519,0.6829863924,0.4664704122,0.003161457733,0.9968385423,3046.951767,2989.697408,0.9548579651,0.9369155147,0.9029151301,0.9709158993
synthetic_20250706,synthetic,2025-07-06,union,2999,0.9372282787,5.082674816,1.459578449,2.13036925,0.001970166777,0.9980298332,3049.082136,2990.695437,0.9555255832,0.9372282787,0.9032278941,0.9712286633
synthetic_20250706,synthetic,2025-07-06,union,3000,0.9375413385,5.081493907,-0.05440814577,0.002960246326,0.001026276675,0.9989737233,3049.085096,2991.694411,0.9555265109,0.9375413385,0.9035409539,0.9715417231
synthetic_20250706,synthetic,2025-07-06,union,3001,0.937854491,5.079873282,0.3544769626,0.125653917,0.0007302110489,0.999269789,3049.21075,2992.693681,0.9555658885,0.937854491,0.9038541064,0.9718548756
synthetic_20250706,synthetic,2025-07-06,union,3002,0.9381669622,5.07866672,0.4448597876,0.1979002306,0.00290461182,0.9970953882,3049.40865,2993.690776,0.9556279067,0.9381669622,0.9041665776,0.9721673468
synthetic_20250706,synthetic,2025-07-06,union,3003,0.9384791298,5.077313042,1.507464598,2.272449515,0.003873153731,0.9961268463,3051.6811,2994.686903,0.9563400501,0.9384791298,0.9044787452,0.9724795144
synthetic_20250706,synthetic,2025-07-06,union,3004,0.9387920433,5.075384553,0.380814176,0.1450194366,0.001492918325,0.9985070817,3051.826119,2995.68541,0.9563854965,0.9387920433,0.9047916587,0.9727924279
synthetic_20250706,synthetic,2025-07-06,union,3005,0.9391047016,5.07462927,-0.4451888637,0.1981931244,0.002307306223,0.9976926938,3052.024312,2996.683103,0.9564476065,0.9391047016,0.905104317,0.9731050862
synthetic_20250706,synthetic,2025-07-06,union,3006,0.9394177676,5.071172883,1.49836237,2.245089791,0.001006535243,0.9989934648,3054.269402,2997.682096,0.9571511759,0.9394177676,0.905417383,0.9734181522
synthetic_20250706,synthetic,2025-07-06,union,3007,0.9397296121,5.069593122,-0.5821713421,0.3389234716,0.004904069033,0.995095931,3054.608326,2998.677192,0.9572573882,0.9397296121,0.9057292275,0.9737299967
synthetic_20250706,synthetic,2025-07-06,union,3008,0.9400415695,5.066373728,-0.3759697434,0.141353248,0.004543997888,0.9954560021,3054.749679,2999.672648,0.9573016857,0.9400415695,0.9060411849,0.9740419541
synthetic_20250706,synthetic,2025-07-06,union,3009,0.9403539519,5.064346823,0.4665624171,0.217680489,0.003187892936,0.9968121071,3054.967359,3000.66946,0.9573699027,0.9403539519,0.9063535673,0.9743543365
synthetic_20250706,synthetic,2025-07-06,union,3010,0.9406656866,5.062824758,0.0127325,0.0001621165563,0.005254555368,0.9947454446,3054.967522,3001.664206,0.9573699535,0.9406656866,0.906665302,0.9746660712
synthetic_20250706,synthetic,2025-07-06,union,3011,0.9409774006,5.062378393,-0.1526116018,0.02329030101,0.005320685341,0.9946793147,3054.990812,3002.658885,0.9573772522,0.9409774006,0.906977016,0.9749777852
synthetic_20250706,synthetic,2025-07-06,union,3012,0.9412898969,5.061876367,0.8805449251,0.7753593652,0.00282423716,0.9971757628,3055.766171,3003.656061,0.9576202354,0.9412898969,0.9072895123,0.9752902815
synthetic_20250706,synthetic,2025-07-06,union,3013,0.9416025628,5.057362971,-0.526372636,0.2770681519,0.00228313105,0.997716869,3056.043239,3004.653778,0.9577070634,0.9416025628,0.9076021782,0.9756029474
synthetic_20250706,synthetic,2025-07-06,union,3014,0.9419146693,5.056859451,1.301018054,1.692647976,0.00406801386,0.9959319861,3057.735887,3005.64971,0.9582375078,0.9419146693,0.9079142847,0.9759150539
synthetic_20250706,synthetic,2025-07-06,union,3015,0.9422265288,5.052029507,-1.099588038,1.209093853,0.004856415721,0.9951435843,3058.944981,3006.644853,0.9586164153,0.9422265288,0.9082261442,0.9762269134
synthetic_20250706,synthetic,2025-07-06,union,3016,0.9425385415,5.048598595,0.3786151168,0.1433494066,0.004367461989,0.995632538,3059.088331,3007.640486,0.9586613383,0.9425385415,0.9085381569,0.9765389261
synthetic_20250706,synthetic,2025-07-06,union,3017,0.9428505011,5.046711892,-1.181064518,1.394913395,0.004536748762,0.9954632512,3060.483244,3008.635949,0.9590984782,0.9428505011,0.9088501165,0.9768508857
synthetic_20250706,synthetic,2025-07-06,union,3018,0.9431626419,5.045065115,0.1400735889,0.0196206103,0.003958824203,0.9960411758,3060.502865,3009.63199,0.959104627,0.9431626419,0.9091622573,0.9771630265
synthetic_20250706,synthetic,2025-07-06,union,3019,0.9434759562,5.040748349,1.800232368,3.240836578,0.0002140465016,0.9997859535,3063.743701,3010.631776,0.9601202448,0.9434759562,0.9094755716,0.9774763408
synthetic_20250706,synthetic,2025-07-06,union,3020,0.9437880616,5.037272942,1.242092324,1.542793341,0.004071774072,0.9959282259,3065.286495,3011.627705,0.9606037275,0.9437880616,0.909787677,0.9777884462
synthetic_20250706,synthetic,2025-07-06,union,3021,0.9441012647,5.037070848,0.2553205116,0.06518856362,0.0005689328894,0.9994310671,3065.351683,3012.627136,0.9606241564,0.9441012647,0.9101008801,0.9781016493
synthetic_20250706,synthetic,2025-07-06,union,3022,0.9444138081,5.033016768,0.8511918938,0.7245276401,0.002673813075,0.9973261869,3066.076211,3013.624462,0.9608512099,0.9444138081,0.9104134235,0.9784141927
synthetic_20250706,synthetic,2025-07-06,union,3023,0.9447260887,5.029830676,-0.3163661397,0.1000875343,0.003512868975,0.996487131,3066.176298,3014.620949,0.9608825755,0.9447260887,0.9107257041,0.9787264733
synthetic_20250706,synthetic,2025-07-06,union,3024,0.9450379415,5.02815931,-0.620314961,0.3847906508,0.004877717846,0.9951222822,3066.561089,3015.616071,0.9610031617,0.9450379415,0.9110375569,0.9790383261
synthetic_20250706,synthetic,2025-07-06,union,3025,0.9453507093,5.025841157,0.23074978,0.05324546099,0.001957749557,0.9980422504,3066.614334,3016.614113,0.9610198478,0.9453507093,0.9113503247,0.9793510939
synthetic_20250706,synthetic,2025-07-06,union,3026,0.9456634675,5.019022733,-0.1657577334,0.02747562619,0.001988566901,0.9980114331,3066.64181,3017.612125,0.9610284582,0.9456634675,0.9116630829,0.9796638521
synthetic_20250706,synthetic,2025-07-06,union,3027,0.945975589,5.01901393,-0.5543747259,0.3073313367,0.004020222693,0.9959797773,3066.949141,3018.608105,0.9611247701,0.945975589,0.9119752044,0.9799759736
synthetic_20250706,synthetic,2025-07-06,union,3028,0.9462881402,5.017602332,-0.1066662241,0.01137768337,0.002649227662,0.9973507723,3066.960519,3019.605455,0.9611283356,0.9462881402,0.9122877556,0.9802885248
synthetic_20250706,synthetic,2025-07-06,union,3029,0.9466000505,5.016148864,-1.206845571,1.456476232,0.004694238316,0.9953057617,3068.416995,3020.600761,0.9615847682,0.9466000505,0.9125996659,0.9806004351
synthetic_20250706,synthetic,2025-07-06,union,3030,0.9469124882,5.012080002,-0.1223109737,0.0149599743,0.003011390102,0.9969886099,3068.431955,3021.59775,0.9615894564,0.9469124882,0.9129121036,0.9809128728
synthetic_20250706,synthetic,2025-07-06,union,3031,0.9472253871,5.012028309,1.169067207,1.366718134,0.001539534695,0.9984604653,3069.798673,3022.59621,0.9620177604,0.9472253871,0.9132250025,0.9812257717
synthetic_20250706,synthetic,2025-07-06,union,3032,0.9475370278,5.010048285,-1.065966314,1.136284183,0.005554506336,0.9944454937,3070.934958,3023.590656,0.9623738507,0.9475370278,0.9135366432,0.9815374124
synthetic_20250706,synthetic,2025-07-06,union,3033,0.9478485324,5.009184672,-0.6180884648,0.3820333503,0.00598887275,0.9940111272,3071.316991,3024.584667,0.9624935728,0.9478485324,0.9138481478,0.981848917
synthetic_20250706,synthetic,2025-07-06,union,3034,0.9481605028,5.004992231,2.321436618,5.389067972,0.004502493951,0.995497506,3076.706059,3025.580164,0.9641824064,0.9481605028,0.9141601182,0.9821608874
synthetic_20250706,synthetic,2025-07-06,union,3035,0.9484728849,5.004028267,-0.8677621191,0.7530110954,0.003188643294,0.9968113567,3077.45907,3026.576976,0.9644183861,0.9484728849,0.9144725003,0.9824732695
synthetic_20250706,synthetic,2025-07-06,union,3036,0.9487854647,5.003913787,1.106926657,1.225286623,0.002557818214,0.9974421818,3078.684357,3027.574418,0.9648023681,0.9487854647,0.9147850801,0.9827858493
synthetic_20250706,synthetic,2025-07-06,union,3037,0.9490973828,4.999695338,0.03708884395,0.001375582346,0.004669508891,0.9953304911,3078.685732,3028.569748,0.9648027992,0.9490973828,0.9150969982,0.9830977674
synthetic_20250706,synthetic,2025-07-06,union,3038,0.9494103988,4.991902875,-0.777533015,0.6045575895,0.001165959576,0.9988340404,3079.29029,3029.568582,0.9649922563,0.9494103988,0.9154100142,0.9834107834
synthetic_20250706,synthetic,2025-07-06,union,3039,0.9497227448,4.989511803,0.4260431122,0.1815127335,0.003303734491,0.9966962655,3079.471802,3030.565279,0.965049139,0.9497227448,0.9157223602,0.9837231294
synthetic_20250706,synthetic,2025-07-06,union,3040,0.9500331115,4.986530484,-0.3618665931,0.1309474312,0.009619825236,0.9903801748,3079.60275,3031.555659,0.9650901755,0.9500331115,0.9160327269,0.9840334961
synthetic_20250706,synthetic,2025-07-06,union,3041,0.9503461294,4.986007811,-0.920637226,0.8475729018,0.001159952358,0.9988400476,3080.450323,3032.554499,0.965355789,0.9503461294,0.9163457448,0.984346514
synthetic_20250706,synthetic,2025-07-06,union,3042,0.9506587433,4.983855722,-0.1211946159,0.01468813493,0.002449180554,0.9975508194,3080.465011,3033.55205,0.965360392,0.9506587433,0.9166583587,0.9846591279
synthetic_20250706,synthetic,2025-07-06,union,3043,0.950971563,4.982685865,-1.426506052,2.034919517,0.001792156717,0.9982078433,3082.49993,3034.550258,0.9659980979,0.950971563,0.9169711784,0.9849719476
synthetic_20250706,synthetic,2025-07-06,union,3044,0.9512843999,4.981370561,-0.9044734026,0.818072136,0.001737635626,0.9982623644,3083.318003,3035.54852,0.9662544665,0.9512843999,0.9172840153,0.9852847845
synthetic_20250706,synthetic,2025-07-06,union,3045,0.9515964072,4.981291562,-0.1215255463,0.0147684584,0.004384740512,0.9956152595,3083.332771,3036.544135,0.9662590947,0.9515964072,0.9175960226,0.9855967918
synthetic_20250706,synthetic,2025-07-06,union,3046,0.951909384,4.975619375,0.2194924955,0.04817695558,0.001290868509,0.9987091315,3083.380948,3037.542844,0.9662741924,0.951909384,0.9179089994,0.9859097686
synthetic_20250706,synthetic,2025-07-06,union,3047,0.9522212884,4.973211298,0.06548611424,0.004288431158,0.004712916776,0.9952870832,3083.385236,3038.538131,0.9662755363,0.9522212884,0.9182209038,0.986221673
synthetic_20250706,synthetic,2025-07-06,union,3048,0.9525341912,4.972606684,1.164696619,1.356518215,0.001527255955,0.998472744,3084.741755,3039.536604,0.9667006439,0.9525341912,0.9185338066,0.9865345758
synthetic_20250706,synthetic,2025-07-06,union,3049,0.9528467032,4.970414834,0.6212434382,0.3859434095,0.002774349126,0.9972256509,3085.127698,3040.53383,0.9668215914,0.9528467032,0.9188463186,0.9868470878
synthetic_20250706,synthetic,2025-07-06,union,3050,0.9531586106,4.967218684,-0.3768828956,0.142040717,0.004703552639,0.9952964474,3085.269739,3041.529126,0.9668661043,0.9531586106,0.919158226,0.9871589952
synthetic_20250706,synthetic,2025-07-06,union,3051,0.9534695444,4.966241497,0.514518144,0.2647289205,0.007810083807,0.9921899162,3085.534468,3042.521316,0.9669490654,0.9534695444,0.9194691598,0.987469929
synthetic_20250706,synthetic,2025-07-06,union,3052,0.953781036,4.962538599,0.3645593397,0.1329035121,0.006030372373,0.9939696276,3085.667371,3043.515286,0.9669907149,0.953781036,0.9197806514,0.9877814206
synthetic_20250706,synthetic,2025-07-06,union,3053,0.9540934988,4.962279056,1.207040442,1.456946629,0.002931012043,0.997068988,3087.124318,3044.512355,0.9674472948,0.9540934988,0.9200931142,0.9880938834
synthetic_20250706,synthetic,2025-07-06,union,3054,0.954405521,4.958362357,1.117476958,1.248754751,0.004337198892,0.9956628011,3088.373073,3045.508018,0.9678386313,0.954405521,0.9204051364,0.9884059056
synthetic_20250706,synthetic,2025-07-06,union,3055,0.9547178874,4.957059715,-0.7973294834,0.6357343052,0.003238849783,0.9967611502,3089.008807,3046.504779,0.9680378586,0.9547178874,0.9207175028,0.988718272
synthetic_20250706,synthetic,2025-07-06,union,3056,0.9550302416,4.955573145,1.073146748,1.151643944,0.00327771557,0.9967222844,3090.160451,3047.501501,0.9683987624,0.9550302416,0.921029857,0.9890306262
synthetic_20250706,synthetic,2025-07-06,union,3057,0.9553434847,4.952613673,-0.005879528091,3.456885057e-05,0.0004414651067,0.9995585349,3090.160485,3048.50106,0.9683987732,0.9553434847,0.9213431001,0.9893438693
synthetic_20250706,synthetic,2025-07-06,union,3058,0.9556561547,4.951691212,-2.60409844,6.781328685,0.002269882316,0.9977301177,3096.941814,3049.49879,0.9705239154,0.9556561547,0.9216557701,0.9896565393
synthetic_20250706,synthetic,2025-07-06,union,3059,0.9559689664,4.951655946,0.04964216601,0.002464344646,0.001817768541,0.9981822315,3096.944278,3050.496972,0.9705246877,0.9559689664,0.9219685818,0.989969351
synthetic_20250706,synthetic,2025-07-06,union,3060,0.9562814521,4.9494944,-1.037546021,1.076501747,0.002858235512,0.9971417645,3098.02078,3051.494114,0.9708620433,0.9562814521,0.9222810675,0.9902818367
synthetic_20250706,synthetic,2025-07-06,union,3061,0.9565938136,4.945997637,-0.5213679341,0.2718245227,0.00325452224,0.9967454778,3098.292605,3052.490859,0.9709472281,0.9565938136,0.922593429,0.9905941982
synthetic_20250706,synthetic,2025-07-06,union,3062,0.9569055447,4.945690091,-0.7966229983,0.6346082014,0.005265891758,0.9947341082,3098.927213,3053.485593,0.9711461025,0.9569055447,0.9229051601,0.9909059293
synthetic_20250706,synthetic,2025-07-06,union,3063,0.9572183953,4.94374448,1.832567218,3.358302607,0.001693814375,0.9983061856,3102.285516,3054.483899,0.972198532,0.9572183953,0.9232180107,0.9912187799
synthetic_20250706,synthetic,2025-07-06,union,3064,0.9575305721,4.943548595,0.4783676877,0.2288356446,0.003843832348,0.9961561677,3102.514351,3055.480056,0.9722702448,0.9575305721,0.9235301875,0.9915309567
synthetic_20250706,synthetic,2025-07-06,union,3065,0.957843125,4.941627526,0.4938067988,0.2438451546,0.002643658662,0.9973563413,3102.758196,3056.477412,0.9723466613,0.957843125,0.9238427404,0.9918435096
synthetic_20250706,synthetic,2025-07-06,union,3066,0.9581556788,4.940207252,0.03519705242,0.001238832499,0.002640933375,0.9973590666,3102.759435,3057.474771,0.9723470496,0.9581556788,0.9241552942,0.9921560634
synthetic_20250706,synthetic,2025-07-06,union,3067,0.9584685849,4.939399494,0.4225304149,0.1785319515,0.001516559889,0.9984834401,3102.937967,3058.473254,0.9724029982,0.9584685849,0.9244682003,0.9924689695
synthetic_20250706,synthetic,2025-07-06,union,3068,0.9587798074,4.939364425,0.2898798915,0.08403035152,0.006889177929,0.9931108221,3103.021997,3059.466365,0.9724293317,0.9587798074,0.9247794228,0.992780192
synthetic_20250706,synthetic,2025-07-06,union,3069,0.9590923605,4.935768833,-0.580286371,0.3367322724,0.00264286795,0.9973571321,3103.35873,3060.463722,0.9725348573,0.9590923605,0.9250919759,0.9930927451
synthetic_20250706,synthetic,2025-07-06,union,3070,0.9594047667,4.934282639,-0.8796999586,0.7738720171,0.003112021254,0.9968879787,3104.132602,3061.46061,0.9727773744,0.9594047667,0.9254043821,0.9934051513
synthetic_20250706,synthetic,2025-07-06,union,3071,0.9597176733,4.930903375,-1.31900946,1.739785955,0.001515033073,0.9984849669,3105.872388,3062.459095,0.9733225909,0.9597176733,0.9257172887,0.9937180579
synthetic_20250706,synthetic,2025-07-06,union,3072,0.9600304897,4.930775962,1.562412187,2.441131841,0.001802606803,0.9981973932,3108.31352,3063.457293,0.9740875962,0.9600304897,0.9260301051,0.9940308743
synthetic_20250706,synthetic,2025-07-06,union,3073,0.9603425122,4.92731195,0.4779176708,0.2284053001,0.004336401167,0.9956635988,3108.541925,3064.452956,0.9741591742,0.9603425122,0.9263421276,0.9943428968
synthetic_20250706,synthetic,2025-07-06,union,3074,0.9606557127,4.926394914,1.493283951,2.229896958,0.0005770428227,0.9994229572,3110.771822,3065.452379,0.9748579824,0.9606557127,0.9266553281,0.9946560973
synthetic_20250706,synthetic,2025-07-06,union,3075,0.960967897,4.921684289,-0.0503451475,0.002534633877,0.003820040968,0.996179959,3110.774356,3066.448559,0.9748587767,0.960967897,0.9269675124,0.9949682816
synthetic_20250706,synthetic,2025-07-06,union,3076,0.9612797674,4.919439014,-0.2422505619,0.05868533474,0.004821553823,0.9951784462,3110.833042,3067.443738,0.9748771676,0.9612797674,0.9272793828,0.995280152
synthetic_20250706,synthetic,2025-07-06,union,3077,0.9615906641,4.918048034,-0.1740519329,0.03029407533,0.007928740008,0.99207126,3110.863336,3068.435809,0.9748866612,0.9615906641,0.9275902795,0.9955910487
synthetic_20250706,synthetic,2025-07-06,union,3078,0.961901493,4.916551225,0.7409660296,0.5490306571,0.008144970089,0.9918550299,3111.412367,3069.427664,0.9750587172,0.961901493,0.9279011084,0.9959018776
synthetic_20250706,synthetic,2025-07-06,union,3079,0.9622146138,4.916147615,-0.6867810108,0.4716681568,0.000831251271,0.9991687487,3111.884035,3070.426833,0.9752065292,0.9622146138,0.9282142292,0.9962149984
synthetic_20250706,synthetic,2025-07-06,union,3080,0.962526323,4.915851814,0.04019801074,0.001615880068,0.005336213004,0.994663787,3111.885651,3071.421497,0.9752070356,0.962526323,0.9285259384,0.9965267076
synthetic_20250706,synthetic,2025-07-06,union,3081,0.9628371831,4.911575127,0.6132476482,0.376072678,0.00804513039,0.9919548696,3112.261723,3072.413451,0.9753248898,0.9628371831,0.9288367985,0.9968375677
synthetic_20250706,synthetic,2025-07-06,union,3082,0.9631496504,4.910541867,-0.5218300756,0.2723066278,0.002916890036,0.99708311,3112.53403,3073.410535,0.9754102256,0.9631496504,0.9291492658,0.997150035
synthetic_20250706,synthetic,2025-07-06,union,3083,0.9634615583,4.903294978,-0.2074641293,0.04304136494,0.004701924198,0.9952980758,3112.577071,3074.405833,0.975423714,0.9634615583,0.9294611737,0.9974619429
synthetic_20250706,synthetic,2025-07-06,union,3084,0.963774438,4.900802523,-0.4159897849,0.1730475012,0.001601103774,0.9983988962,3112.750119,3075.404232,0.9754779438,0.963774438,0.9297740534,0.9977748226
synthetic_20250706,synthetic,2025-07-06,union,3085,0.9640862205,4.900704967,0.2878343607,0.08284861923,0.005101911378,0.9948980886,3112.832967,3076.39913,0.975503907,0.9640862205,0.9300858359,0.9980866051
synthetic_20250706,synthetic,2025-07-06,union,3086,0.9643981033,4.897547031,0.3200598379,0.1024382998,0.004782030981,0.995217969,3112.935406,3077.394348,0.9755360093,0.9643981033,0.9303977187,0.9983984879
synthetic_20250706,synthetic,2025-07-06,union,3087,0.9647110215,4.896461453,1.068639056,1.141989432,0.001477906721,0.9985220933,3114.077395,3078.39287,0.9758938875,0.9647110215,0.9307106369,0.9987114061
synthetic_20250706,synthetic,2025-07-06,union,3088,0.9650233016,4.894080333,-0.1094750914,0.01198479563,0.003514408448,0.9964855916,3114.08938,3079.389355,0.9758976433,0.9650233016,0.931022917,0.9990236862
synthetic_20250706,synthetic,2025-07-06,union,3089,0.9653355529,4.883484359,2.276928065,5.184401413,0.003605908782,0.9963940912,3119.273781,3080.385749,0.9775223382,0.9653355529,0.9313351683,0.9993359375
synthetic_20250706,synthetic,2025-07-06,union,3090,0.9656478586,4.876779741,0.5447895793,0.2967956857,0.003432413874,0.9965675861,3119.570577,3081.382317,0.9776153485,0.9656478586,0.931647474,0.9996482432
synthetic_20250706,synthetic,2025-07-06,union,3091,0.9659599525,4.873823469,0.8537939435,0.7289640979,0.004108363968,0.995891636,3120.299541,3082.378209,0.9778437923,0.9659599525,0.9319595679,0.9999603371
synthetic_20250706,synthetic,2025-07-06,union,3092,0.9662726415,4.873408515,1.370377112,1.87793343,0.002209416424,0.9977905836,3122.177475,3083.375999,0.9784323016,0.9662726415,0.9322722569,1.000273026
synthetic_20250706,synthetic,2025-07-06,union,3093,0.9665849003,4.869724537,-0.3690768259,0.1362177034,0.003582254074,0.9964177459,3122.313692,3084.372417,0.9784749897,0.9665849003,0.9325845157,1.000585285
synthetic_20250706,synthetic,2025-07-06,union,3094,0.9668978983,4.868095176,-0.1164904375,0.01357002202,0.0012234015,0.9987765985,3122.327262,3085.371193,0.9784792423,0.9668978983,0.9328975137,1.000898283
synthetic_20250706,synthetic,2025-07-06,union,3095,0.9672097249,4.867470566,0.1418887325,0.02013241241,0.004961229592,0.9950387704,3122.347395,3086.366232,0.9784855514,0.9672097249,0.9332093403,1.00121011
synthetic_20250706,synthetic,2025-07-06,union,3096,0.9675219435,4.867027921,0.1619446232,0.02622606099,0.003710687236,0.9962893128,3122.373621,3087.362522,0.9784937702,0.9675219435,0.9335215589,1.001522328
synthetic_20250706,synthetic,2025-07-06,union,3097,0.9678342851,4.866896366,1.466300626,2.150037525,0.003317744816,0.9966822552,3124.523658,3088.359204,0.9791675519,0.9678342851,0.9338339005,1.00183467
synthetic_20250706,synthetic,2025-07-06,union,3098,0.9681474223,4.859476927,-0.7997704322,0.6396327442,0.0007792416966,0.9992207583,3125.163291,3089.358425,0.9793680009,0.9681474223,0.9341470377,1.002147807
synthetic_20250706,synthetic,2025-07-06,union,3099,0.9684592228,4.846380507,0.986065162,0.9723245038,0.005044772127,0.9949552279,3126.135615,3090.35338,0.9796727093,0.9684592228,0.9344588382,1.002459607
synthetic_20250706,synthetic,2025-07-06,union,3100,0.9687721431,4.844202429,-0.1904146428,0.03625773618,0.001471109499,0.9985288905,3126.171873,3091.351909,0.9796840718,0.9687721431,0.9347717585,1.002772528
synthetic_20250706,synthetic,2025-07-06,union,3101,0.9690843713,4.841103619,-0.5588380565,0.3122999734,0.003679934055,0.9963200659,3126.484173,3092.348229,0.9797819408,0.9690843713,0.9350839867,1.003084756
synthetic_20250706,synthetic,2025-07-06,union,3102,0.9693970722,4.838293735,1.003183642,1.006377419,0.002171228416,0.9978287716,3127.490551,3093.346058,0.9800973208,0.9693970722,0.9353966876,1.003397457
synthetic_20250706,synthetic,2025-07-06,union,3103,0.9697102954,4.838077685,0.2456507072,0.06034426993,0.0005050536244,0.9994949464,3127.550895,3094.345552,0.9801162315,0.9697102954,0.9357099108,1.00371068
synthetic_20250706,synthetic,2025-07-06,union,3104,0.9700230485,4.838054898,-0.8612151994,0.7416916197,0.00200472847,0.9979952715,3128.292586,3095.343548,0.9803486639,0.9700230485,0.9360226639,1.004023433
synthetic_20250706,synthetic,2025-07-06,union,3105,0.9703360823,4.828706228,-0.1459554273,0.02130298676,0.001109032832,0.9988909672,3128.313889,3096.342439,0.9803553399,0.9703360823,0.9363356977,1.004336467
synthetic_20250706,synthetic,2025-07-06,union,3106,0.9706480545,4.82794505,-0.8737213296,0.7633889617,0.004496946393,0.9955030536,3129.077278,3097.337942,0.9805945717,0.9706480545,0.9366476699,1.004648439
synthetic_20250706,synthetic,2025-07-06,union,3107,0.9709606368,4.827831735,0.6154526586,0.378781975,0.002549795065,0.9974502049,3129.45606,3098.335392,0.980713275,0.9709606368,0.9369602522,1.004961021
synthetic_20250706,synthetic,2025-07-06,union,3108,0.9712723831,4.82618926,0.3023131322,0.09139322993,0.005217565087,0.9947824349,3129.547454,3099.330174,0.9807419159,0.9712723831,0.9372719985,1.005272768
synthetic_20250706,synthetic,2025-07-06,union,3109,0.9715847019,4.824605916,-0.4121466478,0.1698648593,0.003390517347,0.9966094827,3129.717319,3100.326784,0.9807951484,0.9715847019,0.9375843173,1.005585087
synthetic_20250706,synthetic,2025-07-06,union,3110,0.9718967069,4.820612901,0.4583596995,0.2100936141,0.004392159285,0.9956078407,3129.927412,3101.322392,0.9808609878,0.9718967069,0.9378963223,1.005897092
synthetic_20250706,synthetic,2025-07-06,union,3111,0.9722096232,4.815707502,1.774508117,3.148879056,0.00148415352,0.9985158465,3133.076291,3102.320908,0.9818477879,0.9722096232,0.9382092386,1.006210008
synthetic_20250706,synthetic,2025-07-06,union,3112,0.9725217108,4.813819738,0.2487751968,0.06188909852,0.004128386874,0.9958716131,3133.13818,3103.316779,0.9818671828,0.9725217108,0.9385213262,1.006522095
synthetic_20250706,synthetic,2025-07-06,union,3113,0.9728336796,4.812028594,1.063701712,1.131461332,0.004507741361,0.9954922586,3134.269642,3104.312271,0.9822217617,0.9728336796,0.938833295,1.006834064
synthetic_20250706,synthetic,2025-07-06,union,3114,0.9731457892,4.810097875,0.8014700952,0.6423543135,0.004058177784,0.9959418222,3134.911996,3105.308213,0.9824230636,0.9731457892,0.9391454046,1.007146174
synthetic_20250706,synthetic,2025-07-06,union,3115,0.9734587195,4.807320779,1.112331895,1.237282245,0.001439338124,0.9985606619,3136.149278,3106.306774,0.9828108048,0.9734587195,0.9394583349,1.007459104
synthetic_20250706,synthetic,2025-07-06,union,3116,0.9737714979,4.800475846,-0.4058630528,0.1647248177,0.001924165402,0.9980758346,3136.314003,3107.30485,0.9828624265,0.9737714979,0.9397711133,1.007771882
synthetic_20250706,synthetic,2025-07-06,union,3117,0.9740826156,4.798177029,0.6778021521,0.4594157574,0.007223282203,0.9927767178,3136.773419,3108.297627,0.9830063989,0.9740826156,0.940082231,1.008083
synthetic_20250706,synthetic,2025-07-06,union,3118,0.9743941068,4.790553838,1.609502368,2.590497874,0.006031663162,0.9939683368,3139.363917,3109.291595,0.9838182127,0.9743941068,0.9403937222,1.008394491
synthetic_20250706,synthetic,2025-07-06,union,3119,0.9747050254,4.789541136,0.2077852777,0.04317472163,0.007858871402,0.9921411286,3139.407091,3110.283736,0.9838317428,0.9747050254,0.9407046408,1.00870541
synthetic_20250706,synthetic,2025-07-06,union,3120,0.9750166529,4.788781048,-0.2987537197,0.08925378504,0.005596692831,0.9944033072,3139.496345,3111.278139,0.9838597133,0.9750166529,0.9410162683,1.009017037
synthetic_20250706,synthetic,2025-07-06,union,3121,0.975328941,4.788631074,-0.580083667,0.3364970607,0.003488592373,0.9965114076,3139.832842,3112.274651,0.9839651652,0.975328941,0.9413285564,1.009329326
synthetic_20250706,synthetic,2025-07-06,union,3122,0.9756401663,4.78854947,-0.1682534471,0.02830922245,0.006879927565,0.9931200724,3139.861151,3113.267771,0.9839740368,0.9756401663,0.9416397817,1.009640551
synthetic_20250706,synthetic,2025-07-06,union,3123,0.9759526188,4.77939092,1.406016333,1.976881928,0.002964015644,0.9970359844,3141.838033,3114.264807,0.9845935548,0.9759526188,0.9419522342,1.009953003
synthetic_20250706,synthetic,2025-07-06,union,3124,0.9762655286,4.767243627,0.5881850913,0.3459617016,0.001504825544,0.9984951745,3142.183995,3115.263302,0.9847019727,0.9762655286,0.942265144,1.010265913
synthetic_20250706,synthetic,2025-07-06,union,3125,0.97657725,4.767099324,-0.6960661854,0.4845081345,0.005297300989,0.994702699,3142.668503,3116.258005,0.9848538086,0.97657725,0.9425768654,1.010577635
synthetic_20250706,synthetic,2025-07-06,union,3126,0.9768895323,4.759257599,0.2255786245,0.05088571584,0.003507155479,0.9964928445,3142.719389,3117.254497,0.9848697552,0.9768895323,0.9428891477,1.010889917
synthetic_20250706,synthetic,2025-07-06,union,3127,0.9772017823,4.755272734,1.102174032,1.214787598,0.003610165525,0.9963898345,3143.934176,3118.250887,0.985250447,0.9772017823,0.9432013977,1.011202167
synthetic_20250706,synthetic,2025-07-06,union,3128,0.9775140878,4.748199985,-0.9537265687,0.9095943678,0.003433280204,0.9965667198,3144.843771,3119.247454,0.985535497,0.9775140878,0.9435137032,1.011514472
synthetic_20250706,synthetic,2025-07-06,union,3129,0.9778265189,4.747824297,-0.6427619897,0.4131429754,0.003032140246,0.9969678598,3145.256914,3120.244422,0.9856649683,0.9778265189,0.9438261343,1.011826904
synthetic_20250706,synthetic,2025-07-06,union,3130,0.9781383727,4.746672374,-0.4746429879,0.2252859659,0.004874465191,0.9951255348,3145.4822,3121.239547,0.9857355687,0.9781383727,0.9441379881,1.012138757
synthetic_20250706,synthetic,2025-07-06,union,3131,0.9784507598,4.746539682,1.677350868,2.813505934,0.003172830379,0.9968271696,3148.295706,3122.236375,0.9866172691,0.9784507598,0.9444503752,1.012451144
synthetic_20250706,synthetic,2025-07-06,union,3132,0.9787628476,4.744339789,0.8567207433,0.733970432,0.00412796379,0.9958720362,3149.029676,3123.232247,0.9868472818,0.9787628476,0.944762463,1.012763232
synthetic_20250706,synthetic,2025-07-06,union,3133,0.9790753676,4.743194562,-0.1936897375,0.03751571443,0.002748479199,0.9972515208,3149.067192,3124.229498,0.9868590385,0.9790753676,0.945074983,1.013075752
synthetic_20250706,synthetic,2025-07-06,union,3134,0.9793877395,4.737359845,-0.5625250798,0.3164344654,0.003221302078,0.9967786979,3149.383626,3125.226277,0.9869582032,0.9793877395,0.9453873549,1.013388124
synthetic_20250706,synthetic,2025-07-06,union,3135,0.9796996521,4.737094993,0.45245702,0.204717355,0.004687085048,0.995312915,3149.588344,3126.22159,0.9870223578,0.9796996521,0.9456992675,1.013700037
synthetic_20250706,synthetic,2025-07-06,union,3136,0.9800123481,4.737085824,0.3679861403,0.1354137994,0.002186951182,0.9978130488,3149.723757,3127.219403,0.9870647939,0.9800123481,0.9460119635,1.014012733
synthetic_20250706,synthetic,2025-07-06,union,3137,0.9803255368,4.730713381,-1.418590082,2.012397821,0.0006150016074,0.9993849984,3151.736155,3128.218788,0.987695442,0.9803255368,0.9463251522,1.014325921
synthetic_20250706,synthetic,2025-07-06,union,3138,0.9806371824,4.727120031,-0.6431978052,0.4137034167,0.005538901534,0.9944610985,3152.149859,3129.213249,0.9878250889,0.9806371824,0.9466367978,1.014637567
synthetic_20250706,synthetic,2025-07-06,union,3139,0.9809494295,4.715891171,-0.7836103771,0.6140452231,0.003619435076,0.9963805649,3152.763904,3130.209629,0.9880175193,0.9809494295,0.9469490449,1.014949814
synthetic_20250706,synthetic,2025-07-06,union,3140,0.9812619738,4.710930641,-0.3329234091,0.1108379963,0.002670929028,0.997329071,3152.874742,3131.206959,0.9880522538,0.9812619738,0.9472615892,1.015262358
synthetic_20250706,synthetic,2025-07-06,union,3141,0.9815743183,4.710216381,0.03435093846,0.001179986973,0.003308684127,0.9966913159,3152.875922,3132.20365,0.9880526236,0.9815743183,0.9475739337,1.015574703
synthetic_20250706,synthetic,2025-07-06,union,3142,0.9818866776,4.708360284,0.882153934,0.7781955633,0.003261522106,0.9967384779,3153.654117,3133.200388,0.9882964956,0.9818866776,0.947886293,1.015887062
synthetic_20250706,synthetic,2025-07-06,union,3143,0.9821997805,4.702493796,0.7399947575,0.5475922411,0.0008886370848,0.9991113629,3154.20171,3134.1995,0.9884681008,0.9821997805,0.9481993959,1.016200165
synthetic_20250706,synthetic,2025-07-06,union,3144,0.9825112114,4.698227285,-0.6035600389,0.3642847206,0.006223966154,0.9937760338,3154.565994,3135.193276,0.9885822609,0.9825112114,0.9485108268,1.016511596
synthetic_20250706,synthetic,2025-07-06,union,3145,0.9828235479,4.69816347,-0.2819764443,0.07951071514,0.003334469776,0.9966655302,3154.645505,3136.189941,0.9886071781,0.9828235479,0.9488231633,1.016823932
synthetic_20250706,synthetic,2025-07-06,union,3146,0.983136194,4.690304214,-1.481480561,2.194784652,0.002346088255,0.9976539117,3156.84029,3137.187595,0.9892949827,0.983136194,0.9491358094,1.017136579
synthetic_20250706,synthetic,2025-07-06,union,3147,0.9834492241,4.678928669,0.4107628954,0.1687261562,0.001121099443,0.9988789006,3157.009016,3138.186474,0.9893478583,0.9834492241,0.9494488395,1.017449609
synthetic_20250706,synthetic,2025-07-06,union,3148,0.9837614917,4.673279942,0.4210661225,0.1772966795,0.003554034564,0.9964459654,3157.186313,3139.18292,0.9894034198,0.9837614917,0.9497611071,1.017761876
synthetic_20250706,synthetic,2025-07-06,union,3149,0.9840739436,4.669843114,1.955144615,3.822590465,0.002965862148,0.9970341379,3161.008903,3140.179954,0.9906013485,0.9840739436,0.950073559,1.018074328
synthetic_20250706,synthetic,2025-07-06,union,3150,0.9843860742,4.668634789,-0.3520431005,0.1239343446,0.003991551746,0.9960084483,3161.132837,3141.175963,0.9906401872,0.9843860742,0.9503856896,1.018386459
synthetic_20250706,synthetic,2025-07-06,union,3151,0.9846981009,4.663839983,0.5049588544,0.2549834446,0.004322663872,0.9956773361,3161.387821,3142.17164,0.9907200943,0.9846981009,0.9506977163,1.018698485
synthetic_20250706,synthetic,2025-07-06,union,3152,0.9850095584,4.660197155,-0.6519947071,0.4250970981,0.006139065503,0.9938609345,3161.812918,3143.165501,0.9908533118,0.9850095584,0.9510091738,1.019009943
synthetic_20250706,synthetic,2025-07-06,union,3153,0.9853219509,4.652819852,1.278362018,1.634209448,0.003155466668,0.9968445333,3163.447127,3144.162345,0.9913654426,0.9853219509,0.9513215663,1.019322336
synthetic_20250706,synthetic,2025-07-06,union,3154,0.9856351104,4.649490642,-0.8866073469,0.7860725875,0.0007081813269,0.9992918187,3164.2332,3145.161637,0.9916117832,0.9856351104,0.9516347258,1.019635495
synthetic_20250706,synthetic,2025-07-06,union,3155,0.9859468708,4.64621756,0.1778062323,0.03161505623,0.005172404576,0.9948275954,3164.264815,3146.156465,0.9916216907,0.9859468708,0.9519464862,1.019947255
synthetic_20250706,synthetic,2025-07-06,union,3156,0.9862591017,4.644360636,1.281116922,1.641260568,0.003671261525,0.9963287385,3165.906076,3147.152794,0.9921360312,0.9862591017,0.9522587171,1.020259486
synthetic_20250706,synthetic,2025-07-06,union,3157,0.9865705921,4.637168106,-0.6220505629,0.3869469028,0.00603405615,0.9939659438,3166.293023,3148.14676,0.9922572932,0.9865705921,0.9525702075,1.020570977
synthetic_20250706,synthetic,2025-07-06,union,3158,0.9868819603,4.632408644,-0.3065668691,0.09398324522,0.006424184731,0.9935758153,3166.387006,3149.140335,0.9922867458,0.9868819603,0.9528815757,1.020882345
synthetic_20250706,synthetic,2025-07-06,union,3159,0.987194065,4.628605955,2.023336514,4.09389065,0.004074025008,0.995925975,3170.480896,3150.136261,0.9935696949,0.987194065,0.9531936804,1.02119445
synthetic_20250706,synthetic,2025-07-06,union,3160,0.9875063843,4.626783745,0.8258844577,0.6820851374,0.003388882091,0.9966111179,3171.162982,3151.132872,0.9937834477,0.9875063843,0.9535059997,1.021506769
synthetic_20250706,synthetic,2025-07-06,union,3161,0.9878186725,4.61960807,-0.2011016137,0.04044185902,0.003488549864,0.9965114501,3171.203423,3152.129384,0.9937961214,0.9878186725,0.9538182879,1.021819057
synthetic_20250706,synthetic,2025-07-06,union,3162,0.9881310951,4.61416033,-1.021612954,1.043693027,0.003059261927,0.9969407381,3172.247116,3153.126325,0.9941231954,0.9881310951,0.9541307105,1.02213148
synthetic_20250706,synthetic,2025-07-06,union,3163,0.9884435101,4.607571943,-1.914948844,3.667029075,0.003083986315,0.9969160137,3175.914146,3154.123241,0.995272374,0.9884435101,0.9544431255,1.022443895
synthetic_20250706,synthetic,2025-07-06,union,3164,0.9887564937,4.606759815,2.189184399,4.792528333,0.001269365252,0.9987306347,3180.706674,3155.121971,0.9967742632,0.9887564937,0.9547561091,1.022756878
synthetic_20250706,synthetic,2025-07-06,union,3165,0.989068771,4.585806884,-0.3730764687,0.1391860515,0.003523000534,0.9964769995,3180.84586,3156.118448,0.9968178815,0.989068771,0.9550683864,1.023069156
synthetic_20250706,synthetic,2025-07-06,union,3166,0.9893816712,4.583682296,1.109382342,1.23072918,0.001535394673,0.9984646053,3182.076589,3157.116913,0.9972035691,0.9893816712,0.9553812866,1.023382056
synthetic_20250706,synthetic,2025-07-06,union,3167,0.9896938437,4.581421788,1.149276541,1.320836569,0.003857538708,0.9961424613,3183.397426,3158.113055,0.9976174947,0.9896938437,0.9556934591,1.023694228
synthetic_20250706,synthetic,2025-07-06,union,3168,0.990006696,4.577027847,-0.5055873692,0.2556185879,0.001688368606,0.9983116314,3183.653044,3159.111367,0.9976976008,0.990006696,0.9560063114,1.024007081
synthetic_20250706,synthetic,2025-07-06,union,3169,0.9903194471,4.574124418,0.7702284063,0.5932517979,0.002011282124,0.9979887179,3184.246296,3160.109356,0.9978835149,0.9903194471,0.9563190625,1.024319832
synthetic_20250706,synthetic,2025-07-06,union,3170,0.9906319009,4.56909554,-1.182465023,1.39822353,0.002959951035,0.997040049,3185.64452,3161.106396,0.9983216921,0.9906319009,0.9566315163,1.024632285
synthetic_20250706,synthetic,2025-07-06,union,3171,0.9909442722,4.565158345,-0.2198246111,0.04832285963,0.003222988359,0.9967770116,3185.692842,3162.103173,0.9983368356,0.9909442722,0.9569438876,1.024944657
synthetic_20250706,synthetic,2025-07-06,union,3172,0.9912568418,4.563552693,0.5255136116,0.276164556,0.002590427907,0.9974095721,3185.969007,3163.100582,0.9984233805,0.9912568418,0.9572564572,1.025257226
synthetic_20250706,synthetic,2025-07-06,union,3173,0.991568836,4.554159539,0.928243467,0.861635934,0.004426678253,0.9955733217,3186.830643,3164.096156,0.9986934011,0.991568836,0.9575684514,1.025569221
synthetic_20250706,synthetic,2025-07-06,union,3174,0.991879802,4.551564172,0.2285055963,0.05221480753,0.007707595382,0.9922924046,3186.882858,3165.088448,0.9987097643,0.991879802,0.9578794174,1.025880187
synthetic_20250706,synthetic,2025-07-06,union,3175,0.9921928335,4.550494451,1.50860019,2.275874533,0.001116486857,0.9988835131,3189.158732,3166.087332,0.999422981,0.9921928335,0.9581924489,1.026193218
synthetic_20250706,synthetic,2025-07-06,union,3176,0.9925051603,4.550397863,-0.775464234,0.6013447782,0.003365042627,0.9966349574,3189.760077,3167.083967,0.9996114312,0.9925051603,0.9585047757,1.026505545
synthetic_20250706,synthetic,2025-07-06,union,3177,0.9928171607,4.54944139,1.647718954,2.714977753,0.004406817159,0.9955931828,3192.475055,3168.07956,1.000462255,0.9928171607,0.9588167761,1.026817545
synthetic_20250706,synthetic,2025-07-06,union,3178,0.9931289214,4.543202274,3.469867146,12.03997801,0.005171385029,0.994828615,3204.515033,3169.074388,1.00423536,0.9931289214,0.9591285368,1.027129306
synthetic_20250706,synthetic,2025-07-06,union,3179,0.9934412024,4.530556597,-0.8093640081,0.6550700975,0.003511500015,0.9964885,3205.170103,3170.070877,1.004440646,0.9934412024,0.9594408178,1.027441587
synthetic_20250706,synthetic,2025-07-06,union,3180,0.9937542115,4.53010184,0.7864245078,0.6184635065,0.001187869098,0.9988121309,3205.788566,3171.069689,1.004634461,0.9937542115,0.9597538269,1.027754596
synthetic_20250706,synthetic,2025-07-06,union,3181,0.9940665538,4.518786701,-1.223427908,1.496775846,0.003315635395,0.9966843646,3207.285342,3172.066373,1.005103523,0.9940665538,0.9600661692,1.028066938
synthetic_20250706,synthetic,2025-07-06,union,3182,0.9943789238,4.513106911,-0.8272674361,0.6843714108,0.003227301809,0.9967726982,3207.969714,3173.063146,1.005317992,0.9943789238,0.9603785392,1.028379308
synthetic_20250706,synthetic,2025-07-06,union,3183,0.9946913423,4.506001149,-0.05472538788,0.002994868079,0.00307281259,0.9969271874,3207.972709,3174.060073,1.005318931,0.9946913423,0.9606909577,1.028691727
synthetic_20250706,synthetic,2025-07-06,union,3184,0.9950033539,4.503944496,0.07787846765,0.006065055723,0.004370987192,0.9956290128,3207.978774,3175.055702,1.005320832,0.9950033539,0.9610029693,1.029003738
synthetic_20250706,synthetic,2025-07-06,union,3185,0.9953156166,4.497523872,1.800670237,3.242413303,0.003569571246,0.9964304288,3211.221187,3176.052133,1.006336944,0.9953156166,0.961315232,1.029316001
synthetic_20250706,synthetic,2025-07-06,union,3186,0.9956279571,4.492026609,0.7330792549,0.537405194,0.003321550683,0.9966784493,3211.758592,3177.048811,1.006505356,0.9956279571,0.9616275725,1.029628342
synthetic_20250706,synthetic,2025-07-06,union,3187,0.9959402214,4.486658885,-0.06987833689,0.004882981966,0.003564475182,0.9964355248,3211.763475,3178.045247,1.006506887,0.9959402214,0.9619398368,1.029940606
synthetic_20250706,synthetic,2025-07-06,union,3188,0.9962527042,4.468832226,-0.4563665849,0.2082704598,0.002867632796,0.9971323672,3211.971746,3179.042379,1.006572155,0.9962527042,0.9622523196,1.030253089
synthetic_20250706,synthetic,2025-07-06,union,3189,0.9965650667,4.428752264,0.2959041128,0.08755924396,0.003251119515,0.9967488805,3212.059305,3180.039128,1.006599594,0.9965650667,0.9625646821,1.030565451
synthetic_20250706,synthetic,2025-07-06,union,3190,0.9968770762,4.41969142,1.667887686,2.781849332,0.004377845812,0.9956221542,3214.841154,3181.03475,1.007471374,0.9968770762,0.9628766916,1.030877461
synthetic_20250706,synthetic,2025-07-06,union,3191,0.9971893323,4.415624004,-0.365289391,0.1334363392,0.003590569404,0.9964094306,3214.97459,3182.031159,1.00751319,0.9971893323,0.9631889477,1.031189717
synthetic_20250706,synthetic,2025-07-06,union,3192,0.9975015359,4.401059355,0.7843496123,0.6152043143,0.003758509279,0.9962414907,3215.589795,3183.027401,1.007705984,0.9975015359,0.9635011513,1.03150192
synthetic_20250706,synthetic,2025-07-06,union,3193,0.9978138972,4.350864367,-0.1928843858,0.03720438628,0.00325487027,0.9967451297,3215.626999,3184.024146,1.007717643,0.9978138972,0.9638135126,1.031814282
synthetic_20250706,synthetic,2025-07-06,union,3194,0.9981263478,4.327340728,-1.24355686,1.546433664,0.002970303143,0.9970296969,3217.173433,3185.021176,1.008202267,0.9981263478,0.9641259632,1.032126732
synthetic_20250706,synthetic,2025-07-06,union,3195,0.9984386054,4.31494658,2.479949959,6.1501518,0.003585757493,0.9964142425,3223.323585,3186.01759,1.01012961,0.9984386054,0.9644382208,1.03243899
synthetic_20250706,synthetic,2025-07-06,union,3196,0.9987509438,4.293014185,0.8177534263,0.6687206663,0.003328473275,0.9966715267,3223.992305,3187.014262,1.010339174,0.9987509438,0.9647505592,1.032751328
synthetic_20250706,synthetic,2025-07-06,union,3197,0.9990632996,4.250156955,-0.135280877,0.01830091568,0.003272376914,0.9967276231,3224.010606,3188.010989,1.01034491,0.9990632996,0.965062915,1.033063684
synthetic_20250706,synthetic,2025-07-06,union,3198,0.9993755325,4.205563884,0.8567751033,0.7340635777,0.003664906522,0.9963350935,3224.74467,3189.007324,1.010574951,0.9993755325,0.9653751479,1.033375917
synthetic_20250706,synthetic,2025-07-06,union,3199,0.9996877965,4.167453457,-1.058439825,1.120294863,0.00356548547,0.9964345145,3225.864965,3190.003759,1.010926031,0.9996877965,0.9656874119,1.033688181
synthetic_20250706,synthetic,2025-07-06,union,3200,1,4.143862561,-0.1409327646,0.01986204414,0.003758748594,0.9962412514,3225.884827,3191,1.010932255,1,0.9659996154,1.034000385
