key,n_fit,scipy_loss,torch_loss,loss_abs_diff,loss_rel_diff,max_grad_abs_diff,max_grad_rel_diff,scipy_fit_s,torch_value_grad_s,scipy_fd_grad_s,scipy_success,scipy_message,scipy_sigmasq,torch_sigmasq,truth_sigmasq,scipy_range_lat,torch_range_lat,truth_range_lat,scipy_range_lon,torch_range_lon,truth_range_lon,scipy_smooth,torch_smooth,truth_smooth,scipy_nugget,torch_nugget,truth_nugget,scipy_phi1,torch_phi1,truth_phi1,scipy_phi2,torch_phi2,truth_phi2,scipy_phi3,torch_phi3,truth_phi3
y24m07day01_hm00:53,250,2.2799821787537162,2.2799821787537162,0.0,0.0,2.248733188603129e-09,0.0008554058483281668,13.373903036117554,0.18184399604797363,0.23698878288269043,True,CONVERGENCE: NORM OF PROJECTED GRADIENT <= PGTOL,7.57562606646464,7.57562606646464,10.0,0.10086314166370515,0.10086314166370515,0.2,0.18583463222582947,0.18583463222582947,0.3,1.072637865878043,1.072637865878043,0.5,1.6028378681934186,1.6028378681934186,1.0,40.765415873929285,40.765415873929285,,5.381128307584684,5.381128307584684,,3.3945977758854338,3.3945977758854338,
