parameter,raw,torch_grad,scipy_fd_grad,abs_diff,rel_diff
log_phi1,3.7078340718027922,2.6374216803013902e-06,2.6373917346299704e-06,2.9945671419823086e-11,1.1354275144880783e-05
log_phi2,1.6828980747843667,-6.167267704635759e-06,-6.165018971447156e-06,2.248733188603129e-09,0.00036475689677809193
log_phi3,1.2221852785531373,-8.618356483605224e-07,-8.61099059189302e-07,7.365891712204112e-10,0.0008554058483281668
smooth_raw,-0.3334426473351315,1.3338772692049837e-06,1.3338419257991063e-06,3.5343405877422915e-11,2.649744710659671e-05
log_nugget,0.47177572577566196,-2.4331183936532193e-06,-2.4330093495450456e-06,1.090441081737227e-10,4.4818614525305104e-05
