method,start_label,success,message,n_eval,fit_s,loss,loss_minus_scipy,sigmasq,scipy_sigmasq,diff_sigmasq,truth_sigmasq,range_lat,scipy_range_lat,diff_range_lat,truth_range_lat,range_lon,scipy_range_lon,diff_range_lon,truth_range_lon,smooth,scipy_smooth,diff_smooth,truth_smooth,nugget,scipy_nugget,diff_nugget,truth_nugget,phi1,scipy_phi1,diff_phi1,truth_phi1,phi2,scipy_phi2,diff_phi2,truth_phi2,phi3,scipy_phi3,diff_phi3,truth_phi3
scipy_full_bessel_lbfgsb,best_of_restarts,True,CONVERGENCE: NORM OF PROJECTED GRADIENT <= PGTOL,162,13.373903036117554,2.2799821787537162,0.0,7.57562606646464,7.57562606646464,0.0,10.0,0.10086314166370515,0.10086314166370515,0.0,0.2,0.18583463222582947,0.18583463222582947,0.0,0.3,1.072637865878043,1.072637865878043,0.0,0.5,1.6028378681934186,1.6028378681934186,0.0,1.0,40.765415873929285,40.765415873929285,0.0,,5.381128307584684,5.381128307584684,0.0,,3.3945977758854338,3.3945977758854338,0.0,
torch_full_bessel_lbfgs,truth_start,True,finite_loss,28,3.2377500534057617,2.279982178653003,-1.007132155450563e-10,7.575392129945972,7.57562606646464,-0.00023393651866765452,10.0,0.1008630761383716,0.10086314166370515,-6.552533354797774e-08,0.2,0.18583712423503726,0.18583463222582947,2.4920092077940215e-06,0.3,1.0726627318956488,1.072637865878043,2.4866017605651436e-05,0.5,1.6029993725158191,1.6028378681934186,0.0001615043224005852,1.0,40.76361039877589,40.765415873929285,-0.001805475153396685,,5.381056148583376,5.381128307584684,-7.21590013084139e-05,,3.3946932290910405,3.3945977758854338,9.545320560677695e-05,
torch_full_bessel_lbfgs,scipy_solution_start,True,finite_loss,1,0.11260294914245605,2.2799821787537162,0.0,7.57562606646464,7.57562606646464,0.0,10.0,0.10086314166370515,0.10086314166370515,0.0,0.2,0.18583463222582947,0.18583463222582947,0.0,0.3,1.072637865878043,1.072637865878043,0.0,0.5,1.6028378681934186,1.6028378681934186,0.0,1.0,40.765415873929285,40.765415873929285,0.0,,5.381128307584684,5.381128307584684,0.0,,3.3945977758854338,3.3945977758854338,0.0,
