dataset_id,data_kind,date,method,index,frac_index,eigenvalue,whitened_score,squared_score,leverage,expected_increment,cumulative_squared_score,expected,scaled_cumulative,scaled_expected,scaled_band_lower,scaled_band_upper
real_20240703,real,2024-07-03,adapted,1,0.0001941319933,88.72708329,1.025448155,1.051543918,0.3805248093,0.6194751907,1.051543918,0.6194751907,0.0003295342895,0.0001941319933,-0.03380625261,0.03419451659
real_20240703,real,2024-07-03,adapted,2,0.0004696699618,85.48964646,3.571227565,12.75366632,0.1207583427,0.8792416573,13.80521024,1.498716848,0.004326295907,0.0004696699618,-0.03353071464,0.03447005456
real_20240703,real,2024-07-03,adapted,3,0.0006965357984,84.19669764,-2.392830372,5.725637189,0.2760711151,0.7239288849,19.53084743,2.222645733,0.00612060402,0.0006965357984,-0.0333038488,0.0346969204
real_20240703,real,2024-07-03,adapted,4,0.00097268035,82.51528628,0.5720876928,0.3272843282,0.1188227361,0.8811772639,19.85813176,3.103822997,0.006223168837,0.00097268035,-0.03302770425,0.03497306495
real_20240703,real,2024-07-03,adapted,5,0.001275985609,81.59844503,2.374175378,5.636708726,0.03215291824,0.9678470818,25.49484048,4.071670078,0.007989608425,0.001275985609,-0.03272439899,0.03527637021
real_20240703,real,2024-07-03,adapted,6,0.001561296174,79.516478,2.681837425,7.192251973,0.08957398652,0.9104260135,32.68709246,4.982096092,0.01024352631,0.001561296174,-0.03243908843,0.03556168077
real_20240703,real,2024-07-03,adapted,7,0.001855375583,78.77209245,-2.045733052,4.185023718,0.06159260652,0.9384073935,36.87211617,5.920503485,0.01155503484,0.001855375583,-0.03214500902,0.03585576018
real_20240703,real,2024-07-03,adapted,8,0.002156663757,78.01743284,-7.48176519,55.97681036,0.03858943744,0.9614105626,92.84892653,6.881914048,0.02909712521,0.002156663757,-0.03184372084,0.03615704836
real_20240703,real,2024-07-03,adapted,9,0.002468690895,77.17222793,-2.983418332,8.900784947,0.004321403088,0.9956785969,101.7497115,7.877592645,0.03188646552,0.002468690895,-0.03153169371,0.03646907549
real_20240703,real,2024-07-03,adapted,10,0.002777167874,75.53066601,2.972262618,8.834345068,0.01564995915,0.9843500409,110.5840565,8.861942686,0.03465498482,0.002777167874,-0.03122321673,0.03677755247
real_20240703,real,2024-07-03,adapted,11,0.003090167525,74.92429132,-1.226197756,1.503560936,0.001218112299,0.9987818877,112.0876175,9.860724573,0.03512617282,0.003090167525,-0.03091021707,0.03709055213
real_20240703,real,2024-07-03,adapted,12,0.003385169887,73.6391436,-1.3697093,1.876103566,0.05864746359,0.9413525364,113.963721,10.80207711,0.03571410876,0.003385169887,-0.03061521471,0.03738555449
real_20240703,real,2024-07-03,adapted,13,0.003677388576,73.02654397,-1.799757679,3.239127702,0.06753016261,0.9324698374,117.2028488,11.73454695,0.03672919108,0.003677388576,-0.03032299602,0.03767777318
real_20240703,real,2024-07-03,adapted,14,0.003986195406,72.16041182,1.530730237,2.343135059,0.01459740572,0.9854025943,119.5459838,12.71994954,0.03746348599,0.003986195406,-0.03001418919,0.03798658001
real_20240703,real,2024-07-03,adapted,15,0.00429905719,71.36382638,-0.01429581363,0.0002043702873,0.001658047729,0.9983419523,119.5461882,13.71829149,0.03746355004,0.00429905719,-0.02970132741,0.03829944179
real_20240703,real,2024-07-03,adapted,16,0.004599212895,70.46402029,-0.2646755694,0.07005315704,0.04220314668,0.9577968533,119.6162413,14.67608835,0.0374855034,0.004599212895,-0.02940117171,0.0385995975
real_20240703,real,2024-07-03,adapted,17,0.004910551143,69.33659454,-0.02901571488,0.0008419117102,0.006519650535,0.9934803495,119.6170832,15.6695687,0.03748576724,0.004910551143,-0.02908983346,0.03891093574
real_20240703,real,2024-07-03,adapted,18,0.005218517525,68.50221608,-0.3806256242,0.1448758658,0.01727927482,0.9827207252,119.7619591,16.65228942,0.03753116863,0.005218517525,-0.02878186708,0.03921890213
real_20240703,real,2024-07-03,adapted,19,0.005526691602,67.92535761,-3.03937829,9.23782039,0.01661651886,0.9833834811,128.9997795,17.6356729,0.04042612958,0.005526691602,-0.028473693,0.0395270762
real_20240703,real,2024-07-03,adapted,20,0.005839216033,67.27071459,2.683847009,7.203034768,0.002734540663,0.9972654593,136.2028143,18.63293836,0.0426834266,0.005839216033,-0.02816116857,0.03983960063
real_20240703,real,2024-07-03,adapted,21,0.006142029206,66.20940805,-2.822254692,7.965121545,0.03372316623,0.9662768338,144.1679358,19.5992152,0.04517954742,0.006142029206,-0.02785835539,0.04014241381
real_20240703,real,2024-07-03,adapted,22,0.006449097955,65.2135734,-0.5730696105,0.3284087785,0.02014362085,0.9798563791,144.4963446,20.57907158,0.04528246462,0.006449097955,-0.02755128665,0.04044948256
real_20240703,real,2024-07-03,adapted,23,0.006761847123,64.79217454,0.7581798221,0.5748366426,0.00201740494,0.9979825951,145.0711812,21.57705417,0.04546260772,0.006761847123,-0.02723853748,0.04076223172
real_20240703,real,2024-07-03,adapted,24,0.00707312451,64.21456764,-1.118724687,1.251544925,0.006713859172,0.9932861408,146.3227262,22.57034031,0.0458548186,0.00707312451,-0.02692726009,0.04107350911
real_20240703,real,2024-07-03,adapted,25,0.007384434485,63.94406744,-0.5510519956,0.3036583019,0.006609869975,0.99339013,146.6263845,23.56373044,0.04594997946,0.007384434485,-0.02661595012,0.04138481909
real_20240703,real,2024-07-03,adapted,26,0.007689385475,63.00717209,-2.866117593,8.214630056,0.02690139121,0.9730986088,154.8410145,24.53682905,0.04852429161,0.007689385475,-0.02631099913,0.04168977007
real_20240703,real,2024-07-03,adapted,27,0.00800013854,62.74623862,3.421301538,11.70530421,0.00838696939,0.9916130306,166.5463187,25.52844208,0.05219251606,0.00800013854,-0.02600024606,0.04200052314
real_20240703,real,2024-07-03,adapted,28,0.008307139755,62.19614672,0.8295188958,0.6881015985,0.02035912369,0.9796408763,167.2344203,26.50808296,0.05240815429,0.008307139755,-0.02569324485,0.04230752435
real_20240703,real,2024-07-03,adapted,29,0.00861936618,61.3258297,0.7009092103,0.4912737211,0.00368547591,0.9963145241,167.7256941,27.50439748,0.05256211033,0.00861936618,-0.02538101842,0.04261975078
real_20240703,real,2024-07-03,adapted,30,0.008930832274,60.56541939,1.062340886,1.128568159,0.006111694378,0.9938883056,168.8542622,28.49828579,0.05291578258,0.008930832274,-0.02506955233,0.04293121687
real_20240703,real,2024-07-03,adapted,31,0.009241790546,60.33363503,-1.17561441,1.382069242,0.007732154924,0.9922678451,170.2363315,29.49055363,0.05334889735,0.009241790546,-0.02475859405,0.04324217515
real_20240703,real,2024-07-03,adapted,32,0.00955209915,59.40302213,-0.722277774,0.5216851828,0.009805245032,0.990194755,170.7580166,30.48074839,0.05351238378,0.00955209915,-0.02444828545,0.04355248375
real_20240703,real,2024-07-03,adapted,33,0.009860943866,58.84431793,-1.218167311,1.483931598,0.01447650875,0.9855234913,172.2419482,31.46627188,0.05397742032,0.009860943866,-0.02413944073,0.04386132847
real_20240703,real,2024-07-03,adapted,34,0.01016626445,58.11368667,1.277021601,1.630784168,0.02572201783,0.9742779822,173.8727324,32.44054986,0.05448847772,0.01016626445,-0.02383412015,0.04416664905
real_20240703,real,2024-07-03,adapted,35,0.01047457683,57.68571728,-3.270148075,10.69386843,0.01617519296,0.983824807,184.5666008,33.42437467,0.05783973702,0.01047457683,-0.02352580777,0.04447496143
real_20240703,real,2024-07-03,adapted,36,0.01078495848,57.51564293,-1.859187262,3.456577275,0.009572142102,0.9904278579,188.0231781,34.41480252,0.058922964,0.01078495848,-0.02321542612,0.04478534309
real_20240703,real,2024-07-03,adapted,37,0.01109702688,56.69239623,0.1831198556,0.0335328815,0.004189742821,0.9958102572,188.056711,35.41061278,0.05893347258,0.01109702688,-0.02290335772,0.04509741148
real_20240703,real,2024-07-03,adapted,38,0.01140871979,56.40258891,1.476484998,2.18000795,0.005387937795,0.9946120622,190.2367189,36.40522484,0.05961664649,0.01140871979,-0.02259166481,0.04540910439
real_20240703,real,2024-07-03,adapted,39,0.0117156617,55.75260665,-0.1880861103,0.03537638488,0.02054834954,0.9794516505,190.2720953,37.38467649,0.05962773279,0.0117156617,-0.0222847229,0.0457160463
real_20240703,real,2024-07-03,adapted,40,0.0120276105,55.55233734,0.9240049875,0.8537852169,0.00457139538,0.9954286046,191.1258805,38.3801051,0.05989529318,0.0120276105,-0.0219727741,0.0460279951
real_20240703,real,2024-07-03,adapted,41,0.01233577044,54.94173391,1.435669984,2.061148302,0.01666162162,0.9833383784,193.1870288,39.36344348,0.06054121869,0.01233577044,-0.02166461416,0.04633615504
real_20240703,real,2024-07-03,adapted,42,0.01264777183,54.90932406,1.856109463,3.445142337,0.004403563598,0.9955964364,196.6321712,40.35903991,0.06162086217,0.01264777183,-0.02135261277,0.04664815643
real_20240703,real,2024-07-03,adapted,43,0.01295798529,54.3779687,-0.04279840422,0.001831703404,0.01010885715,0.9898911428,196.6340029,41.34893106,0.06162143619,0.01295798529,-0.02104239931,0.04695836989
real_20240703,real,2024-07-03,adapted,44,0.01326847646,53.58100499,-0.106347619,0.01130981606,0.00922268736,0.9907773126,196.6453127,42.33970837,0.06162498048,0.01326847646,-0.02073190814,0.04726886106
real_20240703,real,2024-07-03,adapted,45,0.01358143328,53.07083446,-2.353855898,5.540637588,0.001354778618,0.9986452214,202.1859503,43.33835359,0.06336131316,0.01358143328,-0.02041895132,0.04758181788
real_20240703,real,2024-07-03,adapted,46,0.01389341258,52.8536449,3.129214808,9.791985312,0.004474057073,0.9955259429,211.9779356,44.33387953,0.06642993908,0.01389341258,-0.02010697202,0.04789379718
real_20240703,real,2024-07-03,adapted,47,0.01420460912,52.51136718,0.2616191444,0.06844457672,0.006971833845,0.9930281662,212.0463802,45.3269077,0.06645138834,0.01420460912,-0.01979577548,0.04820499372
real_20240703,real,2024-07-03,adapted,48,0.01451557401,52.11411102,1.788106963,3.197326512,0.007711042411,0.9922889576,215.2437067,46.31919666,0.06745337095,0.01451557401,-0.01948481059,0.04851595861
real_20240703,real,2024-07-03,adapted,49,0.014824606,51.74464527,-0.7026032921,0.4936513861,0.01387890592,0.9861210941,215.7373581,47.30531775,0.0676080721,0.014824606,-0.0191757786,0.0488249906
real_20240703,real,2024-07-03,adapted,50,0.01513637758,51.26770328,-0.9816854891,0.9637063996,0.005136894812,0.9948631052,216.7010645,48.30018086,0.06791007975,0.01513637758,-0.01886400702,0.04913676218
real_20240703,real,2024-07-03,adapted,51,0.01544714062,50.91023493,-0.2621254166,0.06870973403,0.008355130108,0.9916448699,216.7697742,49.29182573,0.0679316121,0.01544714062,-0.01855324398,0.04944752522
real_20240703,real,2024-07-03,adapted,52,0.01575845053,50.6290174,2.49104072,6.205283868,0.006610075643,0.9933899244,222.9750581,50.28521565,0.06987623255,0.01575845053,-0.01824193407,0.04975883513
real_20240703,real,2024-07-03,adapted,53,0.01606677205,50.0732361,2.679841308,7.181549435,0.01614604296,0.983853957,230.1566075,51.26906961,0.07212679646,0.01606677205,-0.01793361255,0.05006715665
real_20240703,real,2024-07-03,adapted,54,0.01637620722,49.94807322,-2.060191079,4.244387281,0.01259235961,0.9874076404,234.4009948,52.25647725,0.07345690843,0.01637620722,-0.01762417738,0.05037659182
real_20240703,real,2024-07-03,adapted,55,0.01668546196,49.58231207,-1.724250126,2.973038495,0.01316813795,0.9868318621,237.3740333,53.24330911,0.07438860335,0.01668546196,-0.01731492264,0.05068584656
real_20240703,real,2024-07-03,adapted,56,0.01698127949,49.41871499,3.251589759,10.57283596,0.05604626558,0.9439537344,247.9468692,54.18726285,0.07770193333,0.01698127949,-0.01701910511,0.05098166409
real_20240703,real,2024-07-03,adapted,57,0.01729429724,48.95443571,0.2587108837,0.06693132137,0.001160343216,0.9988396568,248.0138006,55.1861025,0.07772290836,0.01729429724,-0.01670608736,0.05129468184
real_20240703,real,2024-07-03,adapted,58,0.0175500399,48.92158866,1.953313766,3.815434667,0.1839251802,0.8160748198,251.8292352,56.00217732,0.07891859456,0.0175500399,-0.0164503447,0.0515504245
real_20240703,real,2024-07-03,adapted,59,0.01784149803,48.61966504,0.1785360222,0.03187511122,0.06995710472,0.9300428953,251.8611103,56.93222022,0.07892858363,0.01784149803,-0.01615888657,0.05184188263
real_20240703,real,2024-07-03,adapted,60,0.01815163739,48.13454137,-2.063421945,4.257710121,0.0103452919,0.9896547081,256.1188205,57.92187493,0.08026287072,0.01815163739,-0.01584874721,0.05215202199
real_20240703,real,2024-07-03,adapted,61,0.01842116138,47.9380197,3.636154696,13.22162098,0.1399489499,0.8600510501,269.3404414,58.78192598,0.08440628062,0.01842116138,-0.01557922322,0.05242154598
real_20240703,real,2024-07-03,adapted,62,0.0187339695,47.38759824,0.3210867402,0.1030966947,0.001829301361,0.9981706986,269.4435381,59.78009667,0.0844385892,0.0187339695,-0.0152664151,0.0527343541
real_20240703,real,2024-07-03,adapted,63,0.01904685892,47.28709009,0.209453508,0.04387077201,0.001569846196,0.9984301538,269.4874089,60.77852683,0.08445233748,0.01904685892,-0.01495352568,0.05304724352
real_20240703,real,2024-07-03,adapted,64,0.01935665939,47.06494754,-1.799836899,3.239412863,0.01142671166,0.9885732883,272.7268218,61.76710012,0.08546750917,0.01935665939,-0.01464372521,0.05335704399
real_20240703,real,2024-07-03,adapted,65,0.01965796195,46.82490305,-0.04830626708,0.002333495439,0.038543529,0.961456471,272.7291553,62.72855659,0.08546824045,0.01965796195,-0.01434242265,0.05365834655
real_20240703,real,2024-07-03,adapted,66,0.0199645069,46.68990455,-0.9992086215,0.9984178693,0.02181506212,0.9781849379,273.7275731,63.70674152,0.08578112602,0.0199645069,-0.0140358777,0.0539648915
real_20240703,real,2024-07-03,adapted,67,0.02027632051,46.51631459,0.96851183,0.9380151649,0.005002771382,0.9949972286,274.6655883,64.70173875,0.08607508251,0.02027632051,-0.01372406409,0.05427670511
real_20240703,real,2024-07-03,adapted,68,0.02058868364,46.2688616,0.1275789175,0.01627638018,0.003249243664,0.9967507563,274.6818647,65.69848951,0.08608018323,0.02058868364,-0.01341170096,0.05458906824
real_20240703,real,2024-07-03,adapted,69,0.02090184953,45.9646695,1.934886294,3.743784972,0.0006876475008,0.9993123525,278.4256497,66.69780186,0.08725341575,0.02090184953,-0.01309853507,0.05490223413
real_20240703,real,2024-07-03,adapted,70,0.02121407135,45.9362219,0.8058850893,0.6494507771,0.003700189232,0.9962998108,279.0751004,67.69410167,0.08745694153,0.02121407135,-0.01278631325,0.05521445595
real_20240703,real,2024-07-03,adapted,71,0.02152010351,45.79436471,0.2974616418,0.08848342834,0.02345136763,0.9765486324,279.1635839,68.67065031,0.08748467059,0.02152010351,-0.01248028109,0.05552048811
real_20240703,real,2024-07-03,adapted,72,0.02182010746,45.70280705,-2.003256622,4.013037093,0.04268740822,0.9573125918,283.176621,69.6279629,0.08874228172,0.02182010746,-0.01218027714,0.05582049206
real_20240703,real,2024-07-03,adapted,73,0.02213192449,45.30638552,-0.364781008,0.1330651838,0.004991851137,0.9950081489,283.3096861,70.62297105,0.08878398187,0.02213192449,-0.01186846011,0.05613230909
real_20240703,real,2024-07-03,adapted,74,0.02244501766,44.98475141,0.674365368,0.4547686496,0.0009196854272,0.9990803146,283.7644548,71.62205136,0.0889264979,0.02244501766,-0.01155536694,0.05644540226
real_20240703,real,2024-07-03,adapted,75,0.0227560116,44.87099696,2.165093135,4.687628285,0.007618329659,0.9923816703,288.4520831,72.61443303,0.09039551334,0.0227560116,-0.011244373,0.05675639621
real_20240703,real,2024-07-03,adapted,76,0.02306769993,44.67844017,-0.776469413,0.6029047493,0.005402543579,0.9945974564,289.0549878,73.60903049,0.09058445247,0.02306769993,-0.01093268467,0.05706808453
real_20240703,real,2024-07-03,adapted,77,0.02338022262,44.54220828,-2.5624168,6.565979857,0.002740121346,0.9972598787,295.6209677,74.60629037,0.09264210833,0.02338022262,-0.01062016198,0.05738060722
real_20240703,real,2024-07-03,adapted,78,0.02369047904,44.29731696,2.35181934,5.531054208,0.00997174859,0.9900282514,301.1520219,75.59631862,0.09437543776,0.02369047904,-0.01030990556,0.05769086364
real_20240703,real,2024-07-03,adapted,79,0.02399921216,44.26212869,0.1135913319,0.01290299068,0.01483262048,0.9851673795,301.1649249,76.581486,0.09437948132,0.02399921216,-0.01000117244,0.05799959676
real_20240703,real,2024-07-03,adapted,80,0.0243110347,44.0590788,1.033910014,1.068969917,0.004974277383,0.9950257226,302.2338948,77.57651172,0.09471447659,0.0243110347,-0.009689349903,0.0583114193
real_20240703,real,2024-07-03,adapted,81,0.02461566929,43.84984419,0.07734930608,0.00598291515,0.02791101665,0.9720889834,302.2398777,78.5486007,0.09471635152,0.02461566929,-0.009384715311,0.05861605389
real_20240703,real,2024-07-03,adapted,82,0.02492874413,43.77521362,-1.132206131,1.281890723,0.000978175519,0.9990218245,303.5217684,79.54762253,0.09511807221,0.02492874413,-0.009071640468,0.05892912873
real_20240703,real,2024-07-03,adapted,83,0.02523926354,43.64881235,1.208755496,1.461089849,0.009132572344,0.9908674277,304.9828583,80.53848996,0.09557595057,0.02523926354,-0.008761121061,0.05923964814
real_20240703,real,2024-07-03,adapted,84,0.02555166341,43.53701431,-1.693290576,2.867232975,0.003132003447,0.9968679966,307.8500913,81.53535795,0.09647448802,0.02555166341,-0.008448721187,0.05955204801
real_20240703,real,2024-07-03,adapted,85,0.02586408107,43.22022999,0.9793886635,0.9592021541,0.003075262921,0.9969247371,308.8092934,82.53228269,0.09677508411,0.02586408107,-0.008136303532,0.05986446567
real_20240703,real,2024-07-03,adapted,86,0.02617703723,42.92666259,1.014074345,1.028346778,0.001356903094,0.9986430969,309.8376402,83.53092579,0.09709734885,0.02617703723,-0.007823347375,0.06017742183
real_20240703,real,2024-07-03,adapted,87,0.02648646704,42.85990014,1.845420524,3.405576911,0.01260945837,0.9873905416,313.2432171,84.51831633,0.09816459326,0.02648646704,-0.007513917559,0.06048685164
real_20240703,real,2024-07-03,adapted,88,0.02679709716,42.78432742,2.891784922,8.362420037,0.008779296829,0.9912207032,321.6056371,85.50953703,0.10078522,0.02679709716,-0.007203287443,0.06079748176
real_20240703,real,2024-07-03,adapted,89,0.0271087373,42.45670436,-0.4762797503,0.2268424005,0.005556290303,0.9944437097,321.8324795,86.50398074,0.1008563082,0.0271087373,-0.006891647295,0.06110912191
real_20240703,real,2024-07-03,adapted,90,0.02742038653,42.32044616,0.8325721718,0.6931764212,0.005527308638,0.9944726914,322.525656,87.49845343,0.1010735368,0.02742038653,-0.006579998066,0.06142077113
real_20240703,real,2024-07-03,adapted,91,0.02773181169,42.06126867,1.679426246,2.820472517,0.006242340917,0.9937576591,325.3461285,88.49221109,0.1019574204,0.02773181169,-0.006268572914,0.06173219629
real_20240703,real,2024-07-03,adapted,92,0.0280435281,42.01850136,-0.03965802762,0.001572759155,0.005312937681,0.9946870623,325.3477012,89.48689815,0.1019579133,0.0280435281,-0.005956856505,0.0620439127
real_20240703,real,2024-07-03,adapted,93,0.02834846148,41.82244225,-1.004898262,1.009820518,0.02695755663,0.9730424434,326.3575218,90.4599406,0.1022743722,0.02834846148,-0.005651923116,0.06234884608
real_20240703,real,2024-07-03,adapted,94,0.02866172391,41.5310727,-0.3339978969,0.1115545951,0.0003796086317,0.9996203914,326.4690763,91.45956099,0.1023093314,0.02866172391,-0.005338660693,0.06266210851
real_20240703,real,2024-07-03,adapted,95,0.02897425558,41.50967065,-0.5955288575,0.3546546201,0.002711442293,0.9972885577,326.823731,92.45684955,0.1024204735,0.02897425558,-0.005026129024,0.06297464018
real_20240703,real,2024-07-03,adapted,96,0.02928715878,41.33933484,2.468131245,6.091671842,0.001525884332,0.9984741157,332.9154028,93.45532366,0.1043294901,0.02928715878,-0.004713225822,0.06328754338
real_20240703,real,2024-07-03,adapted,97,0.02960029888,41.29686585,-0.8496545557,0.721912864,0.00076992832,0.9992300717,333.6373157,94.45455373,0.1045557241,0.02960029888,-0.004400085718,0.06360068348
real_20240703,real,2024-07-03,adapted,98,0.02991352933,41.12903426,0.001919775654,3.685538561e-06,0.0004816440916,0.9995183559,333.6373194,95.45407209,0.1045557253,0.02991352933,-0.004086855271,0.06391391393
real_20240703,real,2024-07-03,adapted,99,0.03022573621,41.08764989,-1.943351338,3.776614424,0.003747829272,0.9962521707,337.4139338,96.45032426,0.1057392459,0.03022573621,-0.003774648386,0.06422612081
real_20240703,real,2024-07-03,adapted,100,0.03053758016,40.79479201,-1.188856889,1.413380702,0.004905972929,0.9950940271,338.8273145,97.44541829,0.1061821731,0.03053758016,-0.003462804442,0.06453796476
real_20240703,real,2024-07-03,adapted,101,0.03085080255,40.59484315,0.6321172838,0.3995722605,0.0005073514382,0.9994926486,339.2268867,98.44491093,0.1063073916,0.03085080255,-0.003149582051,0.06485118715
real_20240703,real,2024-07-03,adapted,102,0.0311633141,40.54541183,1.126687177,1.269423994,0.002775648033,0.997224352,340.4963107,99.44213529,0.1067052055,0.0311633141,-0.002837070502,0.0651636987
real_20240703,real,2024-07-03,adapted,103,0.03147596011,40.43733166,1.488326939,2.215117077,0.002346560097,0.9976534399,342.7114278,100.4397887,0.107399382,0.03147596011,-0.002524424485,0.06547634472
real_20240703,real,2024-07-03,adapted,104,0.03178838739,40.19168585,0.3135144048,0.09829128199,0.003044549791,0.9969554502,342.8097191,101.4367442,0.1074301846,0.03178838739,-0.002211997205,0.065788772
real_20240703,real,2024-07-03,adapted,105,0.03210073796,40.02405177,-1.326145732,1.758662503,0.003289362231,0.9967106378,344.5683816,102.4334548,0.1079813167,0.03210073796,-0.001899646645,0.06610112256
real_20240703,real,2024-07-03,adapted,106,0.03241313762,39.84393029,-0.7747395952,0.6002214404,0.003132673362,0.9968673266,345.168603,103.4303221,0.1081694149,0.03241313762,-0.001587246982,0.06641352222
real_20240703,real,2024-07-03,adapted,107,0.03272519798,39.64321057,-0.9200096271,0.8464177139,0.0042153815,0.9957846185,346.0150208,104.4261068,0.1084346665,0.03272519798,-0.001275186618,0.06672558258
real_20240703,real,2024-07-03,adapted,108,0.0330378211,39.52619778,1.502890996,2.258681346,0.002419623398,0.9975803766,348.2737021,105.4236871,0.1091424952,0.0330378211,-0.0009625634982,0.0670382057
real_20240703,real,2024-07-03,adapted,109,0.0333503567,39.40784144,0.731016855,0.5343856423,0.002698898388,0.9973011016,348.8080877,106.4209882,0.1093099617,0.0333503567,-0.0006500278976,0.0673507413
real_20240703,real,2024-07-03,adapted,110,0.03366342395,39.28301051,2.632065735,6.927770033,0.001002406641,0.9989975934,355.7358578,107.4199858,0.1114809959,0.03366342395,-0.0003369606481,0.06766380855
real_20240703,real,2024-07-03,adapted,111,0.03397607513,39.18976637,1.025496527,1.051643126,0.002330081705,0.9976699183,356.7875009,108.4176557,0.1118105612,0.03397607513,-2.430946714e-05,0.06797645973
real_20240703,real,2024-07-03,adapted,112,0.03428913421,39.14132962,1.473657291,2.171665811,0.001028475064,0.9989715249,358.9591667,109.4166273,0.1124911209,0.03428913421,0.0002887496131,0.06828951881
real_20240703,real,2024-07-03,adapted,113,0.03460054911,38.95870964,2.04776719,4.193350463,0.006275064887,0.9937249351,363.1525172,110.4103522,0.1138052389,0.03460054911,0.0006001645097,0.06860093371
real_20240703,real,2024-07-03,adapted,114,0.03491296708,38.77236275,0.3100021667,0.09610134336,0.003074266754,0.9969257332,363.2486185,111.4072779,0.1138353552,0.03491296708,0.0009125824769,0.06891335168
real_20240703,real,2024-07-03,adapted,115,0.03522558419,38.74287093,0.8964673764,0.803653757,0.002438788257,0.9975612117,364.0522723,112.4048392,0.1140872054,0.03522558419,0.001225199591,0.06922596879
real_20240703,real,2024-07-03,adapted,116,0.03553745942,38.70703465,0.06668175521,0.004446456478,0.00480614342,0.9951938566,364.0567187,113.400033,0.1140885988,0.03553745942,0.00153707482,0.06953784402
real_20240703,real,2024-07-03,adapted,117,0.03585028652,38.44401785,-0.02294933799,0.0005266721143,0.001768720689,0.9982312793,364.0572454,114.3982643,0.1140887638,0.03585028652,0.001849901921,0.06985067112
real_20240703,real,2024-07-03,adapted,118,0.03616221653,38.27588079,0.6856202282,0.4700750973,0.004631330697,0.9953686693,364.5273205,115.393633,0.1142360766,0.03616221653,0.002161831934,0.07016260113
real_20240703,real,2024-07-03,adapted,119,0.03647492149,38.12697911,1.240397901,1.538586953,0.002158472318,0.9978415277,366.0659075,116.3914745,0.1147182411,0.03647492149,0.002474536894,0.07047530609
real_20240703,real,2024-07-03,adapted,120,0.03678711758,38.02258942,1.716499281,2.946369783,0.003782286078,0.9962177139,369.0122772,117.3876922,0.1156415786,0.03678711758,0.002786732981,0.07078750218
real_20240703,real,2024-07-03,adapted,121,0.03709963063,37.9310112,0.8268516292,0.6836836167,0.002770847384,0.9972291526,369.6959609,118.3849214,0.1158558323,0.03709963063,0.003099246034,0.07110001523
real_20240703,real,2024-07-03,adapted,122,0.03741024199,37.85078956,0.2349075477,0.05518155595,0.008839155199,0.9911608448,369.7511424,119.3760822,0.1158731252,0.03741024199,0.003409857393,0.07141062659
real_20240703,real,2024-07-03,adapted,123,0.03772212614,37.81271546,-0.3229820858,0.1043174277,0.004777679841,0.9952223202,369.8554598,120.3713045,0.1159058163,0.03772212614,0.003721741542,0.07172251074
real_20240703,real,2024-07-03,adapted,124,0.03803505219,37.70995378,0.31153602,0.09705469174,0.001452995426,0.9985470046,369.9525145,121.3698515,0.1159362314,0.03803505219,0.004034667585,0.07203543679
real_20240703,real,2024-07-03,adapted,125,0.03834644135,37.54479544,0.02089572858,0.0004366314728,0.006357178585,0.9936428214,369.9529512,122.3634943,0.1159363683,0.03834644135,0.004346056749,0.07234682595
real_20240703,real,2024-07-03,adapted,126,0.03865962288,37.43545618,0.206823575,0.04277599117,0.0006377228215,0.9993622772,369.9957272,123.3628566,0.1159497735,0.03865962288,0.004659238284,0.07266000748
real_20240703,real,2024-07-03,adapted,127,0.03897244844,37.23596442,0.9065025395,0.8217468541,0.001773655061,0.9982263449,370.817474,124.361083,0.1162072936,0.03897244844,0.004972063838,0.07297283304
real_20240703,real,2024-07-03,adapted,128,0.03928495685,37.08093366,-3.086815354,9.528429027,0.002785646413,0.9972143536,380.345903,125.3582973,0.1191933259,0.03928495685,0.005284572254,0.07328534145
real_20240703,real,2024-07-03,adapted,129,0.03959761743,37.03675224,1.083930402,1.174905116,0.00230008771,0.9976999123,381.5208082,126.3559972,0.1195615193,0.03959761743,0.005597232834,0.07359800203
real_20240703,real,2024-07-03,adapted,130,0.03991038506,36.93845623,-0.4096458579,0.1678097289,0.001958507298,0.9980414927,381.6886179,127.3540387,0.1196141078,0.03991038506,0.00591000046,0.07391076966
real_20240703,real,2024-07-03,adapted,131,0.04022320126,36.87074196,-0.09825680439,0.00965439961,0.001803513897,0.9981964861,381.6982723,128.3522352,0.1196171333,0.04022320126,0.006222816657,0.07422358586
real_20240703,real,2024-07-03,adapted,132,0.04053542957,36.6511596,-2.114380059,4.470603032,0.003679462893,0.9963205371,386.1688753,129.3485557,0.121018137,0.04053542957,0.006535044967,0.07453581417
real_20240703,real,2024-07-03,adapted,133,0.04084738645,36.55992855,1.011223798,1.022573569,0.00454559533,0.9954544047,387.1914489,130.3440102,0.1213385926,0.04084738645,0.006847001847,0.07484777105
real_20240703,real,2024-07-03,adapted,134,0.04115984177,36.44902189,-0.3190837405,0.1018144334,0.002955051467,0.9970449485,387.2932633,131.3410551,0.1213704993,0.04115984177,0.007159457174,0.07516022637
real_20240703,real,2024-07-03,adapted,135,0.04147232432,36.41828247,0.1478995153,0.02187426663,0.002868186409,0.9971318136,387.3151376,132.3381869,0.1213773543,0.04147232432,0.007471939723,0.07547270892
real_20240703,real,2024-07-03,adapted,136,0.04178508963,36.1944187,0.7669913883,0.5882757898,0.001965916053,0.9980340839,387.9034134,133.336221,0.121561709,0.04178508963,0.007784705027,0.07578547423
real_20240703,real,2024-07-03,adapted,137,0.04209789567,36.02047086,1.5429655,2.380742534,0.001835913035,0.998164087,390.2841559,134.3343851,0.1223077894,0.04209789567,0.008097511071,0.07609828027
real_20240703,real,2024-07-03,adapted,138,0.04241012248,35.84873214,-0.9328561086,0.8702205194,0.003684240268,0.9963157597,391.1543764,135.3307008,0.1225805003,0.04241012248,0.008409737884,0.07641050708
real_20240703,real,2024-07-03,adapted,139,0.04272301735,35.74842252,-0.7418736196,0.5503764675,0.001552477272,0.9984475227,391.7047529,136.3291484,0.122752978,0.04272301735,0.008722632751,0.07672340195
real_20240703,real,2024-07-03,adapted,140,0.04303590402,35.69241712,-0.6540853845,0.4278276902,0.0015786481,0.9984213519,392.1325806,137.3275697,0.1228870513,0.04303590402,0.009035519418,0.07703628862
real_20240703,real,2024-07-03,adapted,141,0.04334816991,35.59713143,-0.7020941737,0.4929362287,0.003559529762,0.9964404702,392.6255168,138.3240102,0.1230415283,0.04334816991,0.009347785312,0.07734855451
real_20240703,real,2024-07-03,adapted,142,0.04366144664,35.36673208,1.489724551,2.219279237,0.0003339495798,0.9996660504,394.844796,139.3236762,0.1237370091,0.04366144664,0.009661062044,0.07766183124
real_20240703,real,2024-07-03,adapted,143,0.0439743874,35.28230317,-0.7090593816,0.5027652066,0.001406037127,0.9985939629,395.3475613,140.3222702,0.1238945664,0.0439743874,0.009974002803,0.077974772
real_20240703,real,2024-07-03,adapted,144,0.04428609082,35.19921032,-1.196396968,1.431365706,0.00535438994,0.9946456101,396.778927,141.3169158,0.1243431297,0.04428609082,0.01028570622,0.07828647542
real_20240703,real,2024-07-03,adapted,145,0.04459843535,35.0947851,-0.743005196,0.5520567213,0.00330862638,0.9966913736,397.3309837,142.3136072,0.124516134,0.04459843535,0.01059805075,0.07859881995
real_20240703,real,2024-07-03,adapted,146,0.04491035453,35.00429113,0.5659401618,0.3202882667,0.004665877903,0.9953341221,397.6512719,143.3089413,0.1246165064,0.04491035453,0.01090996993,0.07891073913
real_20240703,real,2024-07-03,adapted,147,0.04522284757,34.80882009,-0.1762323992,0.03105785854,0.002834700372,0.9971652996,397.6823298,144.3061066,0.1246262394,0.04522284757,0.01122246297,0.07922323217
real_20240703,real,2024-07-03,adapted,148,0.0455354467,34.75408377,-0.04670220587,0.002181096033,0.002496189825,0.9975038102,397.6845109,145.3036104,0.1246269229,0.0455354467,0.0115350621,0.0795358313
real_20240703,real,2024-07-03,adapted,149,0.04584831188,34.69681785,-1.152612357,1.328515245,0.001647196063,0.9983528039,399.0130261,146.3019632,0.1250432548,0.04584831188,0.01184792728,0.07984869649
real_20240703,real,2024-07-03,adapted,150,0.04616155364,34.60423257,0.9963525965,0.9927184965,0.0004455485099,0.9995544515,400.0057446,147.3015177,0.1253543543,0.04616155364,0.01216116904,0.08016193824
real_20240703,real,2024-07-03,adapted,151,0.04647480748,34.54077354,0.2597357445,0.06746265699,0.0004070210491,0.999592979,400.0732073,148.3011107,0.1253754959,0.04647480748,0.01247442288,0.08047519208
real_20240703,real,2024-07-03,adapted,152,0.04678370549,34.49360371,-0.05036156369,0.002536287097,0.01430644865,0.9856935514,400.0757436,149.2868042,0.1253762907,0.04678370549,0.01278332089,0.08078409009
real_20240703,real,2024-07-03,adapted,153,0.04709668957,34.36827555,0.6968149852,0.4855511237,0.001267797156,0.9987322028,400.5612947,150.2855364,0.1255284534,0.04709668957,0.01309630497,0.08109707417
real_20240703,real,2024-07-03,adapted,154,0.0474098428,34.13634063,0.558563533,0.3119932204,0.0007280447896,0.9992719552,400.8732879,151.2848084,0.1256262262,0.0474098428,0.0134094582,0.0814102274
real_20240703,real,2024-07-03,adapted,155,0.04772290279,34.08976196,0.6984162255,0.4877852241,0.001025546148,0.9989744539,401.3610732,152.2837828,0.125779089,0.04772290279,0.01372251819,0.08172328739
real_20240703,real,2024-07-03,adapted,156,0.04803557779,34.05710517,-1.478691224,2.186527737,0.002254079912,0.9977459201,403.5476009,153.2815287,0.1264643061,0.04803557779,0.01403519319,0.08203596239
real_20240703,real,2024-07-03,adapted,157,0.048348549,33.97965594,0.4253620504,0.1809328739,0.001308888622,0.9986911114,403.7285338,154.2802198,0.1265210071,0.048348549,0.0143481644,0.0823489336
real_20240703,real,2024-07-03,adapted,158,0.0486614614,33.92227355,0.9383729385,0.8805437718,0.001496512811,0.9985034872,404.6090775,155.2787233,0.1267969532,0.0486614614,0.0146610768,0.082661846
real_20240703,real,2024-07-03,adapted,159,0.0489736374,33.78350951,0.1400732869,0.01962052571,0.003846396041,0.996153604,404.6286981,156.2748769,0.1268031019,0.0489736374,0.0149732528,0.082974022
real_20240703,real,2024-07-03,adapted,160,0.04928673026,33.75632247,-0.8550929065,0.7311838787,0.0009206704554,0.9990793295,405.3598819,157.2739563,0.1270322413,0.04928673026,0.01528634566,0.08328711486
real_20240703,real,2024-07-03,adapted,161,0.04959918777,33.61661222,1.266512592,1.604054147,0.00294809468,0.9970519053,406.9639361,158.2710082,0.127534922,0.04959918777,0.01559880317,0.08359957237
real_20240703,real,2024-07-03,adapted,162,0.04991126114,33.50725449,1.184989247,1.404199514,0.004173874969,0.995826125,408.3681356,159.2668343,0.127974972,0.04991126114,0.01591087654,0.08391164574
real_20240703,real,2024-07-03,adapted,163,0.05022439374,33.35145702,1.891816967,3.578971435,0.0007938713119,0.9992061287,411.947107,160.2660404,0.129096555,0.05022439374,0.01622400914,0.08422477834
real_20240703,real,2024-07-03,adapted,164,0.05053742861,33.25177759,1.123572921,1.26241611,0.001105738423,0.9988942616,413.2095231,161.2649347,0.1294921727,0.05053742861,0.01653704401,0.08453781321
real_20240703,real,2024-07-03,adapted,165,0.05085065921,33.07172898,-2.292754845,5.256724779,0.000481163917,0.9995188361,418.4662479,162.2644535,0.1311395324,0.05085065921,0.01685027461,0.08485104381
real_20240703,real,2024-07-03,adapted,166,0.05116380155,33.06621551,0.2118415387,0.04487683751,0.0007627937463,0.9992372063,418.5111248,163.2636907,0.131153596,0.05116380155,0.01716341695,0.08516418615
real_20240703,real,2024-07-03,adapted,167,0.05147691112,32.98191319,0.9597363219,0.9210938076,0.0008673625132,0.9991326375,419.4322186,164.2628234,0.1314422496,0.05147691112,0.01747652652,0.08547729572
real_20240703,real,2024-07-03,adapted,168,0.05178939104,32.91170784,1.892186356,3.580369206,0.002876568315,0.9971234317,423.0125878,165.2599468,0.1325642707,0.05178939104,0.01778900644,0.08578977564
real_20240703,real,2024-07-03,adapted,169,0.05210191157,32.80433214,0.8326117026,0.6932422473,0.002746993471,0.9972530065,423.70583,166.2571998,0.1327815199,0.05210191157,0.01810152697,0.08610229617
real_20240703,real,2024-07-03,adapted,170,0.05241498931,32.69049752,-1.409850396,1.987678139,0.0009689315093,0.9990310685,425.6935082,167.2562309,0.1334044212,0.05241498931,0.01841460471,0.08641537391
real_20240703,real,2024-07-03,adapted,171,0.05272733375,32.64564777,-1.34002972,1.795679651,0.003308878545,0.9966911215,427.4891878,168.252922,0.1339671538,0.05272733375,0.01872694915,0.08672771835
real_20240703,real,2024-07-03,adapted,172,0.05304059998,32.54911985,0.8225896004,0.6766536507,0.0003674501175,0.9996325499,428.1658415,169.2525545,0.1341792045,0.05304059998,0.01904021538,0.08704098458
real_20240703,real,2024-07-03,adapted,173,0.05335342779,32.47691444,-0.2095670993,0.04391836912,0.001766485509,0.9982335145,428.2097598,170.2507881,0.1341929677,0.05335342779,0.01935304319,0.08735381239
real_20240703,real,2024-07-03,adapted,174,0.05366626641,32.4043222,1.146780988,1.315106634,0.001731954546,0.9982680455,429.5248665,171.2490561,0.1346050976,0.05366626641,0.01966588181,0.08766665101
real_20240703,real,2024-07-03,adapted,175,0.0539789029,32.2545247,0.09063446989,0.008214607132,0.002376959729,0.9976230403,429.5330811,172.2466791,0.1346076719,0.0539789029,0.0199785183,0.0879792875
real_20240703,real,2024-07-03,adapted,176,0.05429168063,32.17609055,-0.1224187968,0.01498636182,0.00192627411,0.9980737259,429.5480674,173.2447529,0.1346123684,0.05429168063,0.02029129602,0.08829206523
real_20240703,real,2024-07-03,adapted,177,0.05460461073,32.05848128,-0.3584446713,0.1284825824,0.001440032559,0.9985599674,429.67655,174.2433128,0.1346526324,0.05460461073,0.02060422613,0.08860499533
real_20240703,real,2024-07-03,adapted,178,0.0549177162,31.98752615,1.537734669,2.364627913,0.0008804325224,0.9991195675,432.0411779,175.2424324,0.1353936628,0.0549177162,0.0209173316,0.08891810081
real_20240703,real,2024-07-03,adapted,179,0.05523073337,31.88220519,-0.2959834235,0.08760618696,0.001162228502,0.9988377715,432.1287841,176.2412702,0.1354211169,0.05523073337,0.02123034877,0.08923111797
real_20240703,real,2024-07-03,adapted,180,0.05554356438,31.81240235,0.01231760739,0.0001517234517,0.001756245133,0.9982437549,432.1289358,177.2395139,0.1354211645,0.05554356438,0.02154317978,0.08954394898
real_20240703,real,2024-07-03,adapted,181,0.05585690481,31.66870841,-0.1379414456,0.01902784242,0.0001306981774,0.9998693018,432.1479637,178.2393832,0.1354271274,0.05585690481,0.02185652021,0.08985728941
real_20240703,real,2024-07-03,adapted,182,0.05616906541,31.63831872,-0.4159193339,0.1729888923,0.003895529929,0.9961044701,432.3209526,179.2354877,0.1354813389,0.05616906541,0.0221686808,0.09016945001
real_20240703,real,2024-07-03,adapted,183,0.05648225054,31.60272767,-0.2611840388,0.06821710213,0.000626243042,0.999373757,432.3891697,180.2348615,0.1355027169,0.05648225054,0.02248186594,0.09048263514
real_20240703,real,2024-07-03,adapted,184,0.05679544793,31.49266738,0.7892755075,0.6229558267,0.0005871285552,0.9994128714,433.0121255,181.2342743,0.1356979397,0.05679544793,0.02279506333,0.09079583253
real_20240703,real,2024-07-03,adapted,185,0.05710792071,31.33119014,-0.9242694801,0.8542740719,0.002899339482,0.9971006605,433.8663996,182.231375,0.1359656533,0.05710792071,0.02310753611,0.09110830531
real_20240703,real,2024-07-03,adapted,186,0.05742111741,31.28068636,-0.02644224723,0.0006991924386,0.0005893307338,0.9994106693,433.8670988,183.2307857,0.1359658724,0.05742111741,0.02342073281,0.09142150201
real_20240703,real,2024-07-03,adapted,187,0.05773349847,31.22525143,-1.992960643,3.971892126,0.003192053865,0.9968079461,437.8389909,184.2275936,0.1372105894,0.05773349847,0.02373311387,0.09173388307
real_20240703,real,2024-07-03,adapted,188,0.05804641958,31.19360926,0.3249859989,0.1056158995,0.001468734663,0.9985312653,437.9446068,185.2261249,0.1372436875,0.05804641958,0.02404603498,0.09204680418
real_20240703,real,2024-07-03,adapted,189,0.05835935642,31.02132128,-0.3820887284,0.1459917964,0.001418525874,0.9985814741,438.0905986,186.2247064,0.1372894386,0.05835935642,0.02435897182,0.09235974103
real_20240703,real,2024-07-03,adapted,190,0.05867261421,30.96981779,0.9009336738,0.8116814846,0.0003944037373,0.9996055963,438.9022801,187.2243119,0.1375438045,0.05867261421,0.02467222961,0.09267299881
real_20240703,real,2024-07-03,adapted,191,0.05898540183,30.94460675,-2.118743557,4.48907426,0.001894695178,0.9981053048,443.3913543,188.2224173,0.1389505968,0.05898540183,0.02498501723,0.09298578643
real_20240703,real,2024-07-03,adapted,192,0.05929847609,30.87484045,-0.7726190826,0.5969402468,0.0009800387412,0.9990199613,443.9882946,189.2214372,0.1391376667,0.05929847609,0.02529809149,0.09329886069
real_20240703,real,2024-07-03,adapted,193,0.05961136604,30.8242573,-0.7867022004,0.6189003521,0.001568181532,0.9984318185,444.6071949,190.219869,0.1393316186,0.05961136604,0.02561098144,0.09361175064
real_20240703,real,2024-07-03,adapted,194,0.05992366117,30.79338637,-0.2899265739,0.08405741825,0.003466227836,0.9965337722,444.6912524,191.2164028,0.1393579606,0.05992366117,0.02592327657,0.09392404577
real_20240703,real,2024-07-03,adapted,195,0.06023661742,30.6724782,-0.1281762889,0.01642916104,0.001356623641,0.9986433764,444.7076815,192.2150462,0.1393631092,0.06023661742,0.02623623282,0.09423700202
real_20240703,real,2024-07-03,adapted,196,0.06054898581,30.63824759,-1.36443293,1.861677222,0.003232450265,0.9967675497,446.5693587,193.2118137,0.1399465242,0.06054898581,0.02654860121,0.09454937041
real_20240703,real,2024-07-03,adapted,197,0.06086171937,30.50554965,-1.256275106,1.578227141,0.00206723189,0.9979327681,448.1475859,194.2097465,0.1404411112,0.06086171937,0.02686133477,0.09486210397
real_20240703,real,2024-07-03,adapted,198,0.06117439026,30.48180001,-0.003131821052,9.808303102e-06,0.002267192345,0.9977328077,448.1475957,195.2074793,0.1404411143,0.06117439026,0.02717400566,0.09517477486
real_20240703,real,2024-07-03,adapted,199,0.06148713712,30.33319064,-0.6203763883,0.3848668631,0.002024766632,0.9979752334,448.5324626,196.2054545,0.1405617244,0.06148713712,0.02748675252,0.09548752172
real_20240703,real,2024-07-03,adapted,200,0.06180037597,30.276612,-0.7457479063,0.5561399398,0.000454827802,0.9995451722,449.0886025,197.2049997,0.1407360083,0.06180037597,0.02779999137,0.09580076057
real_20240703,real,2024-07-03,adapted,201,0.06211296798,30.22855353,0.07133119218,0.005088138978,0.002518877276,0.9974811227,449.0936906,198.2024808,0.1407376028,0.06211296798,0.02811258338,0.09611335258
real_20240703,real,2024-07-03,adapted,202,0.06242600621,30.19024567,0.783605003,0.6140368008,0.001095019512,0.9989049805,449.7077274,199.2013858,0.1409300305,0.06242600621,0.02842562161,0.09642639081
real_20240703,real,2024-07-03,adapted,203,0.06273822849,30.00694852,0.2620436864,0.06866689356,0.003698705136,0.9963012949,449.7763943,200.1976871,0.1409515495,0.06273822849,0.02873784389,0.09673861309
real_20240703,real,2024-07-03,adapted,204,0.06305113949,29.97278505,-0.3553176363,0.1262506227,0.001500994283,0.9984990057,449.9026449,201.1961861,0.1409911141,0.06305113949,0.02905075489,0.09705152409
real_20240703,real,2024-07-03,adapted,205,0.06336406662,29.88580052,-0.3416520021,0.1167260906,0.001449527618,0.9985504724,450.019371,202.1947366,0.1410276938,0.06336406662,0.02936368202,0.09736445122
real_20240703,real,2024-07-03,adapted,206,0.06367643457,29.71345768,-0.4234219218,0.1792861239,0.003233877472,0.9967661225,450.1986572,203.1915027,0.1410838788,0.06367643457,0.02967604997,0.09767681917
real_20240703,real,2024-07-03,adapted,207,0.06398934442,29.69866784,1.559516604,2.432092039,0.001504663671,0.9984953363,452.6307492,204.189998,0.1418460511,0.06398934442,0.02998895982,0.09798972902
real_20240703,real,2024-07-03,adapted,208,0.0643018018,29.56870372,-0.4630139806,0.2143819463,0.002948497902,0.9970515021,452.8451311,205.1870495,0.1419132345,0.0643018018,0.0303014172,0.0983021864
real_20240703,real,2024-07-03,adapted,209,0.06461353981,29.52134787,0.8961190439,0.8030293408,0.005244011077,0.9947559889,453.6481605,206.1818055,0.1421648889,0.06461353981,0.03061315521,0.09861392441
real_20240703,real,2024-07-03,adapted,210,0.06492646637,29.48232497,0.1169598809,0.01367961374,0.001451353253,0.9985486467,453.6618401,207.1803542,0.1421691758,0.06492646637,0.03092608177,0.09892685097
real_20240703,real,2024-07-03,adapted,211,0.0652392308,29.35750495,-1.478936219,2.187252339,0.001968709016,0.998031291,455.8490924,208.1783855,0.14285462,0.0652392308,0.0312388462,0.0992396154
real_20240703,real,2024-07-03,adapted,212,0.06555216081,29.30993796,-0.9416780008,0.8867574571,0.001440327576,0.9985596724,456.7358499,209.1769451,0.1431325133,0.06555216081,0.03155177621,0.09955254541
real_20240703,real,2024-07-03,adapted,213,0.06586544877,29.2461113,0.1124443,0.01264372061,0.0002981108704,0.9997018891,456.7484936,210.176647,0.1431364756,0.06586544877,0.03186506417,0.09986583337
real_20240703,real,2024-07-03,adapted,214,0.06617865259,29.21208748,0.148167592,0.02195363533,0.0005666334827,0.9994333665,456.7704473,211.1760804,0.1431433555,0.06617865259,0.03217826799,0.1001790372
real_20240703,real,2024-07-03,adapted,215,0.06649154514,29.1906027,-0.0232782703,0.0005418778682,0.001559860897,0.9984401391,456.7709891,212.1745205,0.1431435253,0.06649154514,0.03249116054,0.1004919297
real_20240703,real,2024-07-03,adapted,216,0.06680308789,29.16014708,0.3904992918,0.1524896969,0.005867089532,0.9941329105,456.9234788,213.1686535,0.1431913127,0.06680308789,0.03280270329,0.1008034725
real_20240703,real,2024-07-03,adapted,217,0.06711614466,29.07063704,0.09088291059,0.008259703438,0.001035856896,0.9989641431,456.9317385,214.1676176,0.1431939011,0.06711614466,0.03311576006,0.1011165293
real_20240703,real,2024-07-03,adapted,218,0.06742914853,28.99445006,-0.02982044541,0.0008892589642,0.001204649886,0.9987953501,456.9326278,215.1664129,0.1431941798,0.06742914853,0.03342876393,0.1014295331
real_20240703,real,2024-07-03,adapted,219,0.06774213737,28.82516588,0.07944850557,0.006312065038,0.001252585344,0.9987474147,456.9389399,216.1651604,0.1431961579,0.06774213737,0.03374175277,0.101742522
real_20240703,real,2024-07-03,adapted,220,0.06805417404,28.77694978,0.5696913517,0.3245482362,0.004291000469,0.9957089995,457.2634881,217.1608694,0.1432978653,0.06805417404,0.03405378944,0.1020545586
real_20240703,real,2024-07-03,adapted,221,0.06836712668,28.70493635,-0.4970127121,0.247021636,0.001368111629,0.9986318884,457.5105097,218.1595012,0.1433752773,0.06836712668,0.03436674208,0.1023675113
real_20240703,real,2024-07-03,adapted,222,0.06867990744,28.60730548,1.162865202,1.352255479,0.001916607216,0.9980833928,458.8627652,219.1575846,0.143799049,0.06867990744,0.03467952284,0.102680292
real_20240703,real,2024-07-03,adapted,223,0.06899234837,28.56577359,0.5855846219,0.3429093494,0.003000996913,0.9969990031,459.2056746,220.1545836,0.1439065104,0.06899234837,0.03499196377,0.102992733
real_20240703,real,2024-07-03,adapted,224,0.06930481291,28.54926523,-0.04405734562,0.001941049703,0.002925649954,0.99707435,459.2076156,221.151658,0.1439071186,0.06930481291,0.03530442831,0.1033051975
real_20240703,real,2024-07-03,adapted,225,0.06961777127,28.4886513,1.222312971,1.494048999,0.001349873877,0.9986501261,460.7016646,222.1503081,0.1443753258,0.06961777127,0.03561738667,0.1036181559
real_20240703,real,2024-07-03,adapted,226,0.06992986648,28.41798581,1.125717069,1.267238919,0.004104192228,0.9958958078,461.9689035,223.1462039,0.1447724549,0.06992986648,0.03592948188,0.1039302511
real_20240703,real,2024-07-03,adapted,227,0.0702423853,28.39662293,0.7442534251,0.5539131608,0.002752424386,0.9972475756,462.5228167,224.1434515,0.144946041,0.0702423853,0.0362420007,0.1042427699
real_20240703,real,2024-07-03,adapted,228,0.07055569684,28.34926419,-0.6274581136,0.3937036843,0.0002228993848,0.9997771006,462.9165204,225.1432286,0.1450694204,0.07055569684,0.03655531224,0.1045560814
real_20240703,real,2024-07-03,adapted,229,0.07086822623,28.27863643,0.6646689899,0.4417848662,0.002718703299,0.9972812967,463.3583052,226.1405099,0.1452078675,0.07086822623,0.03686784163,0.1048686108
real_20240703,real,2024-07-03,adapted,230,0.07118151466,28.19197003,0.2777265698,0.07713204756,0.00029661262,0.9997033874,463.4354373,227.1402133,0.1452320393,0.07118151466,0.03718113006,0.1051818993
real_20240703,real,2024-07-03,adapted,231,0.07149100622,28.14480728,0.2591062565,0.06713605217,0.01241245387,0.9875875461,463.5025733,228.1278008,0.1452530785,0.07149100622,0.03749062162,0.1054913908
real_20240703,real,2024-07-03,adapted,232,0.0718033123,28.10880289,-0.06242055918,0.003896326209,0.003431299416,0.9965687006,463.5064697,229.1243695,0.1452542995,0.0718033123,0.0378029277,0.1058036969
real_20240703,real,2024-07-03,adapted,233,0.07211628767,28.05195594,-1.280805427,1.640462542,0.001295587325,0.9987044127,465.1469322,230.1230739,0.1457683899,0.07211628767,0.03811590307,0.1061166723
real_20240703,real,2024-07-03,adapted,234,0.07242928896,28.04548862,-0.2134881137,0.04557717471,0.001212889311,0.9987871107,465.1925094,231.1218611,0.1457826729,0.07242928896,0.03842890436,0.1064296736
real_20240703,real,2024-07-03,adapted,235,0.07274221985,27.96811496,-0.3984831664,0.1587888339,0.001437530214,0.9985624698,465.3512982,232.1204235,0.1458324344,0.07274221985,0.03874183525,0.1067426044
real_20240703,real,2024-07-03,adapted,236,0.07305527908,27.86683637,0.7095925185,0.5035215423,0.001027992621,0.9989720074,465.8548198,233.1193955,0.1459902287,0.07305527908,0.03905489448,0.1070556637
real_20240703,real,2024-07-03,adapted,237,0.07336822608,27.84551134,-0.8382971953,0.7027421876,0.00138610347,0.9986138965,466.5575619,234.1180094,0.146210455,0.07336822608,0.03936784148,0.1073686107
real_20240703,real,2024-07-03,adapted,238,0.07367930933,27.8181915,0.9017297372,0.8131165189,0.007333360735,0.9926666393,467.3706785,235.1106761,0.1464652706,0.07367930933,0.03967892473,0.1076796939
real_20240703,real,2024-07-03,adapted,239,0.07399235557,27.73231083,-2.079438245,4.324063415,0.00106946173,0.9989305383,471.6947419,236.1096066,0.1478203516,0.07399235557,0.03999197097,0.1079927402
real_20240703,real,2024-07-03,adapted,240,0.07430552949,27.65914399,-0.9320652057,0.8687455477,0.0006620010766,0.9993379989,472.5634874,237.1089446,0.1480926003,0.07430552949,0.04030514489,0.1083059141
real_20240703,real,2024-07-03,adapted,241,0.07461870903,27.56194879,2.163509,4.680771193,0.0006440909478,0.9993559091,477.2442586,238.1083005,0.1495594668,0.07461870903,0.04061832443,0.1086190936
real_20240703,real,2024-07-03,adapted,242,0.07493159015,27.50028801,1.104058505,1.218945182,0.001596352953,0.998403647,478.4632038,239.1067042,0.1499414615,0.07493159015,0.04093120555,0.1089319747
real_20240703,real,2024-07-03,adapted,243,0.0752447034,27.4489886,0.3888294458,0.1511883379,0.0008556010255,0.999144399,478.6143921,240.1058486,0.1499888412,0.0752447034,0.0412443188,0.109245088
real_20240703,real,2024-07-03,adapted,244,0.07555666496,27.42069378,0.2830484,0.08011639676,0.004530674946,0.9954693251,478.6945085,241.1013179,0.1500139481,0.07555666496,0.04155628036,0.1095570496
real_20240703,real,2024-07-03,adapted,245,0.07586982108,27.37641806,-0.8855778129,0.7842480627,0.0007188331315,0.9992811669,479.4787566,242.1005991,0.1502597169,0.07586982108,0.04186943648,0.1098702057
real_20240703,real,2024-07-03,adapted,246,0.07618025987,27.24613427,-0.03856839695,0.001487521243,0.009389818662,0.9906101813,479.4802441,243.0912092,0.1502601831,0.07618025987,0.04217987527,0.1101806445
real_20240703,real,2024-07-03,adapted,247,0.07649304852,27.21279128,0.6083808859,0.3701273024,0.001891395403,0.9981086046,479.8503714,244.0893178,0.1503761741,0.07649304852,0.04249266392,0.1104934331
real_20240703,real,2024-07-03,adapted,248,0.07680591904,27.20044161,-1.078087423,1.162272492,0.001630178965,0.998369821,481.0126439,245.0876877,0.1507404086,0.07680591904,0.04280553444,0.1108063036
real_20240703,real,2024-07-03,adapted,249,0.07711891255,27.14870049,-0.718016021,0.5155470065,0.001237722576,0.9987622774,481.5281909,246.0864499,0.1509019715,0.07711891255,0.04311852795,0.1111192971
real_20240703,real,2024-07-03,adapted,250,0.07743164081,27.0763748,-1.844399865,3.401810863,0.002084107088,0.9979158929,484.9300018,247.0843658,0.1519680357,0.07743164081,0.04343125621,0.1114320254
real_20240703,real,2024-07-03,adapted,251,0.07774483495,27.00268593,-0.4875813675,0.2377355899,0.0005975159541,0.999402484,485.1677374,248.0837683,0.1520425376,0.07774483495,0.04374445035,0.1117452195
real_20240703,real,2024-07-03,adapted,252,0.07805791113,26.96193536,0.2492613085,0.06213119993,0.0009738892391,0.9990261108,485.2298686,249.0827944,0.1520620083,0.07805791113,0.04405752653,0.1120582957
real_20240703,real,2024-07-03,adapted,253,0.0783710657,26.92411179,-1.140736244,1.301279179,0.0007237641089,0.9992762359,486.5311478,250.0820707,0.152469805,0.0783710657,0.0443706811,0.1123714503
real_20240703,real,2024-07-03,adapted,254,0.07868267584,26.85076834,-0.002650127407,7.023175273e-06,0.005652043852,0.9943479561,486.5311548,251.0764186,0.1524698072,0.07868267584,0.04468229124,0.1126830604
real_20240703,real,2024-07-03,adapted,255,0.07899445778,26.8075159,-0.3641740828,0.1326227626,0.005103846935,0.9948961531,486.6637775,252.0713148,0.1525113687,0.07899445778,0.04499407318,0.1129948424
real_20240703,real,2024-07-03,adapted,256,0.07930632249,26.72757557,0.1980163756,0.03921048501,0.004839694769,0.9951603052,486.702988,253.0664751,0.1525236565,0.07930632249,0.04530593789,0.1133067071
real_20240703,real,2024-07-03,adapted,257,0.07961908284,26.67383998,-0.4533093926,0.2054894054,0.001981733859,0.9980182661,486.9084774,254.0644933,0.1525880531,0.07961908284,0.04561869824,0.1136194674
real_20240703,real,2024-07-03,adapted,258,0.07993209592,26.60032453,1.491430816,2.22436588,0.001175262398,0.9988247376,489.1328433,255.0633181,0.153285128,0.07993209592,0.04593171132,0.1139324805
real_20240703,real,2024-07-03,adapted,259,0.08024023137,26.57207861,-0.3050074844,0.09302956553,0.01673977248,0.9832602275,489.2258729,256.0465783,0.1533142817,0.08024023137,0.04623984677,0.114240616
real_20240703,real,2024-07-03,adapted,260,0.08054941517,26.49716889,0.7806328133,0.6093875893,0.01339450463,0.9866054954,489.8352605,257.0331838,0.1535052524,0.08054941517,0.04654903057,0.1145497998
real_20240703,real,2024-07-03,adapted,261,0.08086271844,26.42062509,2.103442736,4.424471343,0.0002492718344,0.9997507282,494.2597318,258.0329345,0.1548917994,0.08086271844,0.04686233384,0.114863103
real_20240703,real,2024-07-03,adapted,262,0.08117584967,26.36725874,-1.024982704,1.050589544,0.0007982390036,0.999201761,495.3103213,259.0321363,0.1552210346,0.08117584967,0.04717546507,0.1151762343
real_20240703,real,2024-07-03,adapted,263,0.08148894399,26.32795852,-1.158026874,1.341026242,0.0009160270544,0.9990839729,496.6513476,260.0312203,0.1556412872,0.08148894399,0.04748855939,0.1154893286
real_20240703,real,2024-07-03,adapted,264,0.08180130056,26.30533849,0.5653379559,0.3196070044,0.003270176765,0.9967298232,496.9709546,261.0279501,0.1557414461,0.08180130056,0.04780091596,0.1158016852
real_20240703,real,2024-07-03,adapted,265,0.0821140397,26.22978501,0.3644431854,0.1328188354,0.002049414391,0.9979505856,497.1037734,262.0259007,0.1557830691,0.0821140397,0.0481136551,0.1161144243
real_20240703,real,2024-07-03,adapted,266,0.08242583849,26.17663624,1.007320848,1.014695291,0.005050069636,0.9949499304,498.1184687,263.0208506,0.1561010557,0.08242583849,0.04842545389,0.1164262231
real_20240703,real,2024-07-03,adapted,267,0.08273891879,26.12480517,0.7469729813,0.5579686349,0.0009607639309,0.9990392361,498.6764374,264.0198898,0.1562759127,0.08273891879,0.04873853418,0.1167393034
real_20240703,real,2024-07-03,adapted,268,0.08305221093,26.08209546,-2.385972711,5.692865776,0.0002847556164,0.9997152444,504.3693031,265.0196051,0.1580599508,0.08305221093,0.04905182633,0.1170525955
real_20240703,real,2024-07-03,adapted,269,0.08336491363,26.04424927,1.608221294,2.586375731,0.002165709752,0.9978342902,506.9556789,266.0174394,0.1588704728,0.08336491363,0.04936452902,0.1173652982
real_20240703,real,2024-07-03,adapted,270,0.08367731718,26.02027966,1.193131614,1.423563047,0.003120254758,0.9968797452,508.3792419,267.0143191,0.159316591,0.08367731718,0.04967693258,0.1176777018
real_20240703,real,2024-07-03,adapted,271,0.08398967854,25.94714128,-2.542982974,6.466762404,0.003254907693,0.9967450923,514.8460043,268.0110642,0.161343154,0.08398967854,0.04998929394,0.1179900631
real_20240703,real,2024-07-03,adapted,272,0.08430183991,25.90522123,0.565820598,0.3201529492,0.003893071049,0.996106929,515.1661573,269.0071711,0.1614434839,0.08430183991,0.05030145531,0.1183022245
real_20240703,real,2024-07-03,adapted,273,0.08461204706,25.88235355,0.05069858134,0.002570346149,0.01012898867,0.9898710113,515.1687276,269.9970422,0.1614442894,0.08461204706,0.05061166246,0.1186124317
real_20240703,real,2024-07-03,adapted,274,0.08492532105,25.84131709,0.6180073644,0.3819331024,0.0003426916871,0.9996573083,515.5506607,270.9966995,0.1615639802,0.08492532105,0.05092493645,0.1189257056
real_20240703,real,2024-07-03,adapted,275,0.08523594707,25.79730015,0.5137334505,0.2639220582,0.008792348576,0.9912076514,515.8145828,271.9879071,0.1616466884,0.08523594707,0.05123556247,0.1192363317
real_20240703,real,2024-07-03,adapted,276,0.08554714122,25.76932067,-0.7144510056,0.5104402394,0.006979470411,0.9930205296,516.325023,272.9809276,0.1618066509,0.08554714122,0.05154675662,0.1195475258
real_20240703,real,2024-07-03,adapted,277,0.08586032244,25.71766305,-0.03886818225,0.001510735591,0.0006387503476,0.9993612497,516.3265337,273.9802889,0.1618071243,0.08586032244,0.05185993784,0.119860707
real_20240703,real,2024-07-03,adapted,278,0.08617328496,25.66448988,0.3008634942,0.09051884214,0.001336597908,0.9986634021,516.4170526,274.9789523,0.1618354913,0.08617328496,0.05217290036,0.1201736696
real_20240703,real,2024-07-03,adapted,279,0.08648633195,25.57995504,-2.170716692,4.712010957,0.001067055138,0.9989329449,521.1290635,275.9778852,0.1633121478,0.08648633195,0.05248594735,0.1204867165
real_20240703,real,2024-07-03,adapted,280,0.08679882687,25.55225631,0.1044145423,0.01090239664,0.0028287006,0.9971712994,521.1399659,276.9750565,0.1633155644,0.08679882687,0.05279844227,0.1207992115
real_20240703,real,2024-07-03,adapted,281,0.08711032136,25.51430988,-0.8381998281,0.7025789518,0.0060210903,0.9939789097,521.8425449,277.9690355,0.1635357395,0.08711032136,0.05310993676,0.121110706
real_20240703,real,2024-07-03,adapted,282,0.08742301289,25.49939839,0.5378456723,0.2892779672,0.002201302986,0.997798697,522.1318229,278.9668341,0.1636263939,0.08742301289,0.05342262829,0.1214233975
real_20240703,real,2024-07-03,adapted,283,0.08773623131,25.42217379,-0.1870416152,0.03498456582,0.0005200228812,0.9994799771,522.1668074,279.9663141,0.1636373574,0.08773623131,0.05373584671,0.1217366159
real_20240703,real,2024-07-03,adapted,284,0.08804466899,25.34973615,-0.9741790963,0.9490249116,0.01577536474,0.9842246353,523.1158323,280.9505388,0.1639347641,0.08804466899,0.05404428439,0.1220450536
real_20240703,real,2024-07-03,adapted,285,0.08833979937,25.26173704,1.451987844,2.108268699,0.05823898171,0.9417610183,525.224101,281.8922998,0.1645954563,0.08833979937,0.05433941477,0.122340184
real_20240703,real,2024-07-03,adapted,286,0.08865301039,25.25653105,-0.8144392747,0.6633113321,0.0005436160656,0.9994563839,525.8874124,282.8917562,0.1648033257,0.08865301039,0.05465262579,0.122653395
real_20240703,real,2024-07-03,adapted,287,0.08896351633,25.2037572,0.7811791881,0.6102409239,0.009175560225,0.9908244398,526.4976533,283.8825806,0.1649945639,0.08896351633,0.05496313173,0.1229639009
real_20240703,real,2024-07-03,adapted,288,0.08927607289,25.17136784,-0.9992815657,0.9985636475,0.002632024989,0.997367975,527.4962169,284.8799486,0.1653074951,0.08927607289,0.05527568829,0.1232764575
real_20240703,real,2024-07-03,adapted,289,0.08957739033,25.125801,-1.414226951,2.00003787,0.03849603209,0.9615039679,529.4962548,285.8414525,0.1659342698,0.08957739033,0.05557700573,0.1235777749
real_20240703,real,2024-07-03,adapted,290,0.08988960829,25.10937681,-0.9617897182,0.925039462,0.00371250433,0.9962874957,530.4212943,286.83774,0.1662241599,0.08988960829,0.05588922369,0.1238899929
real_20240703,real,2024-07-03,adapted,291,0.09020222774,25.02613013,-2.074117804,4.301964666,0.002431309769,0.9975686902,534.7232589,287.8353087,0.1675723156,0.09020222774,0.05620184314,0.1242026123
real_20240703,real,2024-07-03,adapted,292,0.09050883072,24.98119067,-0.7673334045,0.5888005537,0.02162989894,0.9783701011,535.3120595,288.8136788,0.1677568347,0.09050883072,0.05650844612,0.1245092153
real_20240703,real,2024-07-03,adapted,293,0.09081381196,24.93593714,0.5226383807,0.273150877,0.02680487762,0.9731951224,535.5852104,289.786874,0.1678424351,0.09081381196,0.05681342736,0.1248141966
real_20240703,real,2024-07-03,adapted,294,0.09112690079,24.91729448,0.8552796975,0.731503361,0.000933518019,0.999066482,536.3167137,290.7859404,0.1680716746,0.09112690079,0.05712651619,0.1251272854
real_20240703,real,2024-07-03,adapted,295,0.09143642442,24.89372563,-0.7016961282,0.4923774563,0.01231010996,0.98768989,536.8090912,291.7736303,0.1682259766,0.09143642442,0.05743603982,0.125436809
real_20240703,real,2024-07-03,adapted,296,0.09174798403,24.83394202,-1.208828713,1.461266858,0.005813293099,0.9941867069,538.270358,292.767817,0.1686839104,0.09174798403,0.05774759943,0.1257483686
real_20240703,real,2024-07-03,adapted,297,0.09203395905,24.80945762,-0.3721756425,0.1385147088,0.08745369162,0.9125463084,538.4088728,293.6803633,0.1687273183,0.09203395905,0.05803357445,0.1260343437
real_20240703,real,2024-07-03,adapted,298,0.09234142053,24.78916368,-0.2172848836,0.04721272065,0.01889042054,0.9811095795,538.4560855,294.6614729,0.1687421139,0.09234142053,0.05834103593,0.1263418051
real_20240703,real,2024-07-03,adapted,299,0.09265050445,24.71974338,0.3698589012,0.1367956068,0.01371323663,0.9862867634,538.5928811,295.6477597,0.1687849831,0.09265050445,0.05865011984,0.126650889
real_20240703,real,2024-07-03,adapted,300,0.09296302602,24.69892491,-0.58376529,0.3407819138,0.00274364292,0.9972563571,538.933663,296.645016,0.1688917778,0.09296302602,0.05896264142,0.1269634106
real_20240703,real,2024-07-03,adapted,301,0.09327396275,24.626052,-0.502295458,0.2523007271,0.007800897451,0.9921991025,539.1859637,297.6372151,0.1689708442,0.09327396275,0.05927357815,0.1272743474
real_20240703,real,2024-07-03,adapted,302,0.0935802851,24.61804266,1.241053641,1.540214141,0.02252539735,0.9774746027,540.7261779,298.6146897,0.1694535186,0.0935802851,0.0595799005,0.1275806697
real_20240703,real,2024-07-03,adapted,303,0.0938917722,24.6030431,0.4000754509,0.1600603664,0.006044670841,0.9939553292,540.8862382,299.6086451,0.1695036785,0.0938917722,0.0598913876,0.1278921568
real_20240703,real,2024-07-03,adapted,304,0.09420426131,24.57581241,-0.04939221027,0.002439590436,0.00284722538,0.9971527746,540.8886778,300.6057979,0.1695044431,0.09420426131,0.06020387671,0.1282046459
real_20240703,real,2024-07-03,adapted,305,0.09451754948,24.46338607,-0.4194019219,0.1758979721,0.000297460476,0.9997025395,541.0645758,301.6055004,0.1695595662,0.09451754948,0.06051716488,0.1285179341
real_20240703,real,2024-07-03,adapted,306,0.09483062502,24.44141678,-1.072526661,1.150313438,0.000975942068,0.9990240579,542.2148892,302.6045244,0.169920053,0.09483062502,0.06083024042,0.1288310096
real_20240703,real,2024-07-03,adapted,307,0.09513960669,24.41764469,1.593495974,2.539229419,0.0140394898,0.9859605102,544.7541186,303.590485,0.1707158003,0.09513960669,0.06113922209,0.1291399913
real_20240703,real,2024-07-03,adapted,308,0.09544504914,24.39956754,0.3547621791,0.1258562037,0.02533315949,0.9746668405,544.8799749,304.5651518,0.1707552413,0.09544504914,0.06144466454,0.1294454337
real_20240703,real,2024-07-03,adapted,309,0.0957568077,24.37483019,-0.1834613,0.03365804859,0.005178429372,0.9948215706,544.9136329,305.5599734,0.1707657891,0.0957568077,0.0617564231,0.1297571923
real_20240703,real,2024-07-03,adapted,310,0.09606821364,24.30155779,-1.379085126,1.901875786,0.006303654909,0.9936963451,546.8155087,306.5536697,0.1713618015,0.09606821364,0.06206782904,0.1300685982
real_20240703,real,2024-07-03,adapted,311,0.09638066822,24.27673511,2.524592447,6.373567024,0.00295744014,0.9970425599,553.1890757,307.5507123,0.1733591588,0.09638066822,0.06238028361,0.1303810528
real_20240703,real,2024-07-03,adapted,312,0.09668675422,24.2441419,-0.9951721317,0.9903675718,0.02327955225,0.9767204478,554.1794433,308.5274327,0.1736695216,0.09668675422,0.06268636962,0.1306871388
real_20240703,real,2024-07-03,adapted,313,0.09699980049,24.22528131,1.920612544,3.688752544,0.001069367937,0.9989306321,557.8681958,309.5263634,0.1748255079,0.09699980049,0.06299941589,0.1310001851
real_20240703,real,2024-07-03,adapted,314,0.09731231361,24.16822565,-0.6931599758,0.480470752,0.002770631696,0.9972293683,558.3486666,310.5235927,0.1749760785,0.09731231361,0.06331192901,0.1313126982
real_20240703,real,2024-07-03,adapted,315,0.09762278669,24.13547425,0.1493589941,0.02230810912,0.009280397971,0.990719602,558.3709747,311.5143123,0.1749830695,0.09762278669,0.06362240209,0.1316231713
real_20240703,real,2024-07-03,adapted,316,0.0979288551,24.12225067,-0.1661907719,0.02761937268,0.02333568559,0.9766643144,558.3985941,312.4909766,0.1749917249,0.0979288551,0.0639284705,0.1319292397
real_20240703,real,2024-07-03,adapted,317,0.09824179501,24.08210373,-1.703370607,2.901471426,0.00140874814,0.9985912519,561.3000655,313.4895679,0.175900992,0.09824179501,0.06424141041,0.1322421796
real_20240703,real,2024-07-03,adapted,318,0.09855297106,24.05082851,0.03477257521,0.001209131986,0.007037228167,0.9929627718,561.3012746,314.4825307,0.1759013709,0.09855297106,0.06455258646,0.1325533557
real_20240703,real,2024-07-03,adapted,319,0.0988646476,24.03024559,-0.4088943929,0.1671946246,0.00544015771,0.9945598423,561.4684692,315.4770905,0.1759537666,0.0988646476,0.064864263,0.1328650322
real_20240703,real,2024-07-03,adapted,320,0.09917756892,23.99653528,0.9588043418,0.9193057659,0.001468095523,0.9985319045,562.387775,316.4756224,0.1762418599,0.09917756892,0.06517718432,0.1331779535
real_20240703,real,2024-07-03,adapted,321,0.09948922017,23.96948305,1.591760647,2.533701959,0.00552084595,0.994479154,564.921477,317.4701016,0.177035875,0.09948922017,0.06548883557,0.1334896048
real_20240703,real,2024-07-03,adapted,322,0.09980208653,23.95814281,0.04741831686,0.002248496773,0.001643453934,0.9983565461,564.9237255,318.4684581,0.1770365796,0.09980208653,0.06580170193,0.1338024711
real_20240703,real,2024-07-03,adapted,323,0.1001141015,23.9237263,-1.036474581,1.074279558,0.004360112703,0.9956398873,565.998005,319.464098,0.1773732388,0.1001141015,0.06611371693,0.1341144861
real_20240703,real,2024-07-03,adapted,324,0.1004237758,23.88996709,-0.752062253,0.5655976323,0.01182928464,0.9881707154,566.5636027,320.4522687,0.1775504866,0.1004237758,0.06642339124,0.1344241604
real_20240703,real,2024-07-03,adapted,325,0.1007370096,23.82481604,0.06846298115,0.004687179788,0.0004710951516,0.9995289048,566.5682898,321.4517976,0.1775519554,0.1007370096,0.06673662499,0.1347373942
real_20240703,real,2024-07-03,adapted,326,0.1010494533,23.79758818,0.2582432117,0.06668955641,0.002992026261,0.9970079737,566.6349794,322.4488056,0.1775728547,0.1010494533,0.06704906873,0.1350498379
real_20240703,real,2024-07-03,adapted,327,0.1013614376,23.77646498,0.4774034034,0.2279140096,0.004458168031,0.995541832,566.8628934,323.4443474,0.1776442787,0.1013614376,0.06736105301,0.1353618222
real_20240703,real,2024-07-03,adapted,328,0.1016726903,23.76446168,1.54393385,2.383731732,0.006792528456,0.9932074715,569.2466251,324.4375549,0.1783912959,0.1016726903,0.06767230575,0.1356730749
real_20240703,real,2024-07-03,adapted,329,0.1019807292,23.67694705,0.2435713562,0.05932700555,0.01704797879,0.9829520212,569.3059521,325.4205069,0.1784098879,0.1019807292,0.06798034461,0.1359811138
real_20240703,real,2024-07-03,adapted,330,0.102293701,23.59791689,0.511670562,0.261806764,0.001306909085,0.9986930909,569.5677589,326.4192,0.1784919332,0.102293701,0.06829331644,0.1362940856
real_20240703,real,2024-07-03,adapted,331,0.102602328,23.59034298,-1.56539908,2.450474279,0.01517124132,0.9848287587,572.0182332,327.4040288,0.1792598662,0.102602328,0.06860194344,0.1366027126
real_20240703,real,2024-07-03,adapted,332,0.102913475,23.5767923,0.9863028136,0.9727932402,0.007130055623,0.9928699444,572.9910264,328.3968987,0.1795647215,0.102913475,0.06891309039,0.1369138596
real_20240703,real,2024-07-03,adapted,333,0.1032205145,23.55236312,0.3090702575,0.09552442407,0.02023684105,0.9797631589,573.0865508,329.3766619,0.1795946571,0.1032205145,0.06922012993,0.1372208991
real_20240703,real,2024-07-03,adapted,334,0.1035333387,23.5142449,0.3208817782,0.1029651156,0.001778128719,0.9982218713,573.189516,330.3748837,0.1796269245,0.1035333387,0.06953295408,0.1375337233
real_20240703,real,2024-07-03,adapted,335,0.1038464222,23.49348569,-0.8680825475,0.7535673093,0.0009504622695,0.9990495377,573.9430833,331.3739333,0.1798630784,0.1038464222,0.06984603761,0.1378468068
real_20240703,real,2024-07-03,adapted,336,0.1041596472,23.43164059,1.730011889,2.992941135,0.0004989165476,0.9995010835,576.9360244,332.3734344,0.1808010105,0.1041596472,0.07015926265,0.1381600318
real_20240703,real,2024-07-03,adapted,337,0.1044725165,23.4134211,0.3309469168,0.1095258617,0.001634175265,0.9983658247,577.0455503,333.3718002,0.1808353338,0.1044725165,0.07047213191,0.1384729011
real_20240703,real,2024-07-03,adapted,338,0.1047857642,23.38235198,-0.4201959165,0.1765646082,0.0004266521663,0.9995733478,577.2221149,334.3713735,0.1808906659,0.1047857642,0.07078537959,0.1387861488
real_20240703,real,2024-07-03,adapted,339,0.1050989776,23.358617,-0.06357291397,0.004041515391,0.0005359324601,0.9994640675,577.2261564,335.3708376,0.1808919324,0.1050989776,0.07109859302,0.1390993622
real_20240703,real,2024-07-03,adapted,340,0.105411397,23.31604816,0.3722691028,0.1385842849,0.003069651583,0.9969303484,577.3647407,336.3677679,0.1809353622,0.105411397,0.07141101244,0.1394117816
real_20240703,real,2024-07-03,adapted,341,0.1057241963,23.279674,-0.1911186393,0.03652633428,0.00185747092,0.9981425291,577.401267,337.3659105,0.1809468088,0.1057241963,0.07172381173,0.1397245809
real_20240703,real,2024-07-03,adapted,342,0.106036613,23.27218982,-1.858474895,3.453928937,0.003078294302,0.9969217057,580.8551959,338.3628322,0.1820292059,0.106036613,0.07203622843,0.1400369976
real_20240703,real,2024-07-03,adapted,343,0.1063474587,23.2373919,0.8753618788,0.7662584188,0.008091554795,0.9919084452,581.6214544,339.3547406,0.182269337,0.1063474587,0.07234707407,0.1403478433
real_20240703,real,2024-07-03,adapted,344,0.1066606551,23.22360568,0.2486412004,0.06182244655,0.0005903213867,0.9994096786,581.6832768,340.3541503,0.182288711,0.1066606551,0.07266027046,0.1406610397
real_20240703,real,2024-07-03,adapted,345,0.1069738298,23.16395574,0.9341975601,0.8727250813,0.0006593361937,0.9993406638,582.5560019,341.353491,0.1825622068,0.1069738298,0.07297344522,0.1409742144
real_20240703,real,2024-07-03,adapted,346,0.1072870233,23.14865908,-0.1617819626,0.02617340341,0.0005995140224,0.999400486,582.5821753,342.3528915,0.1825704091,0.1072870233,0.07328663873,0.1412874079
real_20240703,real,2024-07-03,adapted,347,0.1075996931,23.11624387,-1.686040482,2.842732506,0.002270740204,0.9977292598,585.4249078,343.3506207,0.1834612685,0.1075996931,0.07359930851,0.1416000777
real_20240703,real,2024-07-03,adapted,348,0.1079121758,23.0760697,-1.138102778,1.295277934,0.00286772303,0.997132277,586.7201857,344.347753,0.1838671845,0.1079121758,0.0739117912,0.1419125604
real_20240703,real,2024-07-03,adapted,349,0.1082253934,23.03647586,1.183442054,1.400535094,0.0005225712537,0.9994774287,588.1207208,345.3472304,0.1843060861,0.1082253934,0.07422500883,0.142225778
real_20240703,real,2024-07-03,adapted,350,0.1085373679,23.01315801,0.6977920717,0.4869137753,0.004489508089,0.9955104919,588.6076346,346.3427409,0.1844586758,0.1085373679,0.07453698328,0.1425377525
real_20240703,real,2024-07-03,adapted,351,0.1088505264,22.98267179,-0.7237379399,0.5237966057,0.000711260831,0.9992887392,589.1314312,347.3420297,0.1846228239,0.1088505264,0.07485014177,0.142850911
real_20240703,real,2024-07-03,adapted,352,0.1091632074,22.9605472,-0.526211707,0.2768987606,0.00223492161,0.9977650784,589.40833,348.3397947,0.1847095989,0.1091632074,0.07516282277,0.143163592
real_20240703,real,2024-07-03,adapted,353,0.109474533,22.93115703,-0.2047437459,0.04192000147,0.006560044849,0.9934399552,589.45025,349.3332347,0.1847227358,0.109474533,0.07547414836,0.1434749176
real_20240703,real,2024-07-03,adapted,354,0.1097877813,22.86915829,0.2937085569,0.08626471637,0.0004245037534,0.9995754962,589.5365147,350.3328102,0.1847497696,0.1097877813,0.07578739672,0.1437881659
real_20240703,real,2024-07-03,adapted,355,0.1100992884,22.85346494,1.397524775,1.953075497,0.005980885839,0.9940191142,591.4895902,351.3268293,0.1853618271,0.1100992884,0.0760989038,0.144099673
real_20240703,real,2024-07-03,adapted,356,0.1104122669,22.84331814,-1.850206728,3.423264937,0.00128565613,0.9987143439,594.9128551,352.3255436,0.1864346146,0.1104122669,0.07641188229,0.1444126515
real_20240703,real,2024-07-03,adapted,357,0.110725502,22.79954577,0.1619061942,0.02621361572,0.0004667787751,0.9995332212,594.9390687,353.3250769,0.1864428294,0.110725502,0.07672511739,0.1447258866
real_20240703,real,2024-07-03,adapted,358,0.1110385071,22.7685713,-1.417394258,2.009006483,0.001200597246,0.9987994028,596.9480752,354.3238763,0.1870724147,0.1110385071,0.07703812253,0.1450388917
real_20240703,real,2024-07-03,adapted,359,0.1113518001,22.73882088,0.3170996445,0.1005521845,0.0002822489588,0.999717751,597.0486274,355.323594,0.1871039259,0.1113518001,0.07735141547,0.1453521847
real_20240703,real,2024-07-03,adapted,360,0.1116647372,22.71318659,1.126819765,1.269722784,0.001417502546,0.9985824975,598.3183502,356.3221765,0.1875018333,0.1116647372,0.07766435263,0.1456651218
real_20240703,real,2024-07-03,adapted,361,0.1119768443,22.70171952,-0.1115786942,0.01244980499,0.004066392789,0.9959336072,598.3308,357.3181101,0.1875057349,0.1119768443,0.07797645969,0.1459772289
real_20240703,real,2024-07-03,adapted,362,0.1122896897,22.66374234,-1.252747701,1.569376804,0.001710318062,0.9982896819,599.9001768,358.3163998,0.1879975484,0.1122896897,0.07828930509,0.1462900743
real_20240703,real,2024-07-03,adapted,363,0.1126028927,22.63640405,-0.3218266969,0.1035724228,0.0005691176135,0.9994308824,600.0037492,359.3158307,0.188030006,0.1126028927,0.07860250812,0.1466032773
real_20240703,real,2024-07-03,adapted,364,0.1129155353,22.61252255,0.3623681289,0.1313106608,0.002357577651,0.9976424223,600.1350599,360.3134731,0.1880711563,0.1129155353,0.07891515069,0.1469159199
real_20240703,real,2024-07-03,adapted,365,0.1132285508,22.5812631,-0.3881379163,0.1506510421,0.001167354902,0.9988326451,600.2857109,361.3123058,0.1881183676,0.1132285508,0.07922816625,0.1472289354
real_20240703,real,2024-07-03,adapted,366,0.1135418397,22.53348877,1.998089171,3.992360336,0.0002953987077,0.9997046013,604.2780713,362.3120104,0.189369499,0.1135418397,0.07954145506,0.1475422243
real_20240703,real,2024-07-03,adapted,367,0.1138544606,22.51192786,0.01724038096,0.0002972307357,0.002426547147,0.9975734529,604.2783685,363.3095838,0.1893695921,0.1138544606,0.07985407601,0.1478548452
real_20240703,real,2024-07-03,adapted,368,0.1141676037,22.50299881,2.070277316,4.286048166,0.000760511689,0.9992394883,608.5644167,364.3088233,0.1907127598,0.1141676037,0.08016721906,0.1481679883
real_20240703,real,2024-07-03,adapted,369,0.1144802832,22.47497454,1.062630695,1.129183993,0.002239617629,0.9977603824,609.6936006,365.3065837,0.1910666251,0.1144802832,0.0804798986,0.1484806678
real_20240703,real,2024-07-03,adapted,370,0.1147936187,22.4584272,1.326864612,1.760569699,0.0001463781754,0.9998536218,611.4541703,366.3064373,0.1916183549,0.1147936187,0.08079323411,0.1487940033
real_20240703,real,2024-07-03,adapted,371,0.1151055235,22.42934678,0.6695625357,0.4483139892,0.004711946352,0.9952880536,611.9024843,367.3017254,0.1917588481,0.1151055235,0.08110513886,0.1491059081
real_20240703,real,2024-07-03,adapted,372,0.1154188167,22.40149477,0.5039364375,0.2539519331,0.0002812518106,0.9997187482,612.1564363,368.3014441,0.1918384319,0.1154188167,0.0814184321,0.1494192013
real_20240703,real,2024-07-03,adapted,373,0.1157315264,22.37111019,0.06588785801,0.004341209833,0.002143387248,0.9978566128,612.1607775,369.2993007,0.1918397924,0.1157315264,0.08173114179,0.149731911
real_20240703,real,2024-07-03,adapted,374,0.116043971,22.33372336,-0.5279530371,0.2787344093,0.002989364945,0.9970106351,612.4395119,370.2963113,0.1919271426,0.116043971,0.08204358636,0.1500443556
real_20240703,real,2024-07-03,adapted,375,0.1163571562,22.31036813,-0.06387228162,0.00407966836,0.0006259741012,0.9993740259,612.4435916,371.2956854,0.191928421,0.1163571562,0.08235677158,0.1503575408
real_20240703,real,2024-07-03,adapted,376,0.1166701676,22.28815848,0.7901387692,0.6243192747,0.001180495089,0.9988195049,613.0679108,372.2945049,0.1921240711,0.1166701676,0.08266978302,0.1506705522
real_20240703,real,2024-07-03,adapted,377,0.1169832196,22.27282871,-0.2969922187,0.08820437799,0.001051240779,0.9989487592,613.1561152,373.2934536,0.1921517127,0.1169832196,0.08298283497,0.1509836042
real_20240703,real,2024-07-03,adapted,378,0.1172960885,22.25164133,-0.04533267516,0.002055051437,0.001635300235,0.9983646998,613.1581703,374.2918183,0.1921523567,0.1172960885,0.08329570388,0.1512964731
real_20240703,real,2024-07-03,adapted,379,0.1176093774,22.19976854,0.809550083,0.6553713369,0.0002950232228,0.9997049768,613.8135416,375.2915233,0.1923577379,0.1176093774,0.08360899281,0.151609762
real_20240703,real,2024-07-03,adapted,380,0.1179226572,22.17207045,2.411627131,5.815945417,0.0003241788331,0.9996758212,619.629487,376.2911991,0.1941803469,0.1179226572,0.0839222726,0.1519230418
real_20240703,real,2024-07-03,adapted,381,0.1182350989,22.149658,0.5033498946,0.2533611164,0.002998669536,0.9970013305,619.8828481,377.2882005,0.1942597456,0.1182350989,0.08423471426,0.1522354835
real_20240703,real,2024-07-03,adapted,382,0.1185480519,22.12399477,1.04059606,1.082840161,0.001366719422,0.9986332806,620.9656883,378.2868337,0.1945990875,0.1185480519,0.08454766734,0.1525484365
real_20240703,real,2024-07-03,adapted,383,0.1188611602,22.09213292,-0.4642668534,0.2155437111,0.0008715799664,0.99912842,621.181232,379.2859622,0.1946666349,0.1188611602,0.08486077559,0.1528615448
real_20240703,real,2024-07-03,adapted,384,0.1191744211,22.0406383,-1.060039843,1.123684468,0.0003843305074,0.9996156695,622.3049165,380.2855778,0.1950187767,0.1191744211,0.08517403653,0.1531748057
real_20240703,real,2024-07-03,adapted,385,0.119487704,22.01640117,0.04935966998,0.00243637702,0.0003142492636,0.9996857507,622.3073528,381.2852636,0.1950195402,0.119487704,0.08548731944,0.1534880886
real_20240703,real,2024-07-03,adapted,386,0.1198006142,21.99920971,-1.303093037,1.698051462,0.001503597098,0.9984964029,624.0054043,382.28376,0.1955516779,0.1198006142,0.08580022962,0.1538009988
real_20240703,real,2024-07-03,adapted,387,0.1201120794,21.9695796,-0.3172252035,0.1006318298,0.006114540534,0.9938854595,624.1060361,383.2776455,0.1955832141,0.1201120794,0.08611169483,0.154112464
real_20240703,real,2024-07-03,adapted,388,0.1204249774,21.91671749,-0.7433368685,0.5525497001,0.001542603997,0.998457396,624.6585858,384.2761028,0.1957563729,0.1204249774,0.08642459279,0.154425362
real_20240703,real,2024-07-03,adapted,389,0.1207360148,21.91287981,0.003632456072,1.319473712e-05,0.007479474761,0.9925205252,624.658599,385.2686234,0.195756377,0.1207360148,0.08673563025,0.1547363994
real_20240703,real,2024-07-03,adapted,390,0.1210491045,21.86007881,-0.094456396,0.008922010746,0.0009308328087,0.9990691672,624.667521,386.2676925,0.195759173,0.1210491045,0.08704871992,0.1550494891
real_20240703,real,2024-07-03,adapted,391,0.1213617683,21.84127681,-0.05078498373,0.002579114572,0.002289902026,0.997710098,624.6701002,387.2654026,0.1957599812,0.1213617683,0.0873613837,0.1553621529
real_20240703,real,2024-07-03,adapted,392,0.1216742096,21.82877217,0.3455455756,0.1194017448,0.002999913113,0.9970000869,624.7895019,388.2624027,0.1957973995,0.1216742096,0.08767382497,0.1556745942
real_20240703,real,2024-07-03,adapted,393,0.1219873858,21.77951481,2.535084267,6.426652243,0.0006546886486,0.9993453114,631.2161541,389.261748,0.1978113927,0.1219873858,0.08798700118,0.1559877704
real_20240703,real,2024-07-03,adapted,394,0.122300167,21.75360988,0.2137521679,0.0456899893,0.001915126014,0.998084874,631.2618441,390.2598329,0.1978257111,0.122300167,0.0882997824,0.1563005516
real_20240703,real,2024-07-03,adapted,395,0.1226131372,21.7308534,0.2964757659,0.08789787975,0.001312141227,0.9986878588,631.349742,391.2585208,0.1978532567,0.1226131372,0.08861275259,0.1566135218
real_20240703,real,2024-07-03,adapted,396,0.1229260645,21.68720702,-1.630720259,2.659248563,0.00144896553,0.9985510345,634.0089906,392.2570718,0.1986866157,0.1229260645,0.08892567989,0.1569264491
real_20240703,real,2024-07-03,adapted,397,0.1232389551,21.65073792,-0.4012018634,0.1609629352,0.001565979468,0.9984340205,634.1699535,393.2555058,0.1987370585,0.1232389551,0.08923857053,0.1572393397
real_20240703,real,2024-07-03,adapted,398,0.123550745,21.63846579,-0.4914259621,0.2414994762,0.005078570277,0.9949214297,634.411453,394.2504273,0.1988127399,0.123550745,0.08955036039,0.1575511296
real_20240703,real,2024-07-03,adapted,399,0.1238640035,21.61891134,-0.3254518787,0.1059189253,0.0003920182695,0.9996079817,634.5173719,395.2500352,0.1988459329,0.1238640035,0.08986361892,0.1578643881
real_20240703,real,2024-07-03,adapted,400,0.1241764074,21.58932384,1.047761602,1.097804374,0.003119344606,0.9968806554,635.6151763,396.2469159,0.1991899644,0.1241764074,0.09017602276,0.158176792
real_20240703,real,2024-07-03,adapted,401,0.1244897072,21.58799202,-1.153972021,1.331651426,0.0002603641315,0.9997396359,636.9468277,397.2466555,0.1996072791,0.1244897072,0.09048932255,0.1584900918
real_20240703,real,2024-07-03,adapted,402,0.1248027872,21.54303866,-2.204913106,4.861641806,0.0009615896486,0.9990384104,641.8084695,398.2456939,0.2011308272,0.1248027872,0.09080240259,0.1588031718
real_20240703,real,2024-07-03,adapted,403,0.1251150272,21.53714597,-0.4457125713,0.1986596962,0.003642174131,0.9963578259,642.0071292,399.2420518,0.2011930834,0.1251150272,0.09111464259,0.1591154118
real_20240703,real,2024-07-03,adapted,404,0.1254281478,21.51798265,0.8170571348,0.6675823616,0.0008322262442,0.9991677738,642.6747116,400.2412195,0.2014022913,0.1254281478,0.09142776317,0.1594285324
real_20240703,real,2024-07-03,adapted,405,0.1257410258,21.48354517,-0.2852347327,0.08135885275,0.001606103546,0.9983938965,642.7560704,401.2396134,0.2014277877,0.1257410258,0.09174064123,0.1597414104
real_20240703,real,2024-07-03,adapted,406,0.1260541704,21.4748894,0.2534371739,0.06423040112,0.0007558221776,0.9992441778,642.8203008,402.2388576,0.2014479163,0.1260541704,0.09205378576,0.160054555
real_20240703,real,2024-07-03,adapted,407,0.126367172,21.43579292,0.4513214851,0.2036910829,0.001211799317,0.9987882007,643.0239919,403.2376458,0.2015117493,0.126367172,0.09236678739,0.1603675566
real_20240703,real,2024-07-03,adapted,408,0.1266804028,21.40888307,-1.228854369,1.51008306,0.0004805221602,0.9995194778,644.534075,404.2371653,0.2019849812,0.1266804028,0.09268001819,0.1606807874
real_20240703,real,2024-07-03,adapted,409,0.1269929557,21.386454,0.05604494304,0.00314103564,0.002643776392,0.9973562236,644.537216,405.2345215,0.2019859655,0.1269929557,0.09299257106,0.1609933403
real_20240703,real,2024-07-03,adapted,410,0.1273061881,21.35971472,0.6718689338,0.4514078642,0.0004751353239,0.9995248647,644.9886239,406.2340464,0.2021274284,0.1273061881,0.09330580355,0.1613065727
real_20240703,real,2024-07-03,adapted,411,0.1276189457,21.33242125,1.199981112,1.43995467,0.001990630572,0.9980093694,646.4285785,407.2320557,0.2025786833,0.1276189457,0.09361856111,0.1616193303
real_20240703,real,2024-07-03,adapted,412,0.1279312228,21.32613466,-1.078738628,1.163677028,0.003523878103,0.9964761219,647.5922556,408.2285319,0.2029433581,0.1279312228,0.09393083817,0.1619316074
real_20240703,real,2024-07-03,adapted,413,0.1282442231,21.31114922,0.5979957036,0.3575988615,0.001216109038,0.998783891,647.9498544,409.2273158,0.2030554229,0.1282442231,0.09424383845,0.1622446077
real_20240703,real,2024-07-03,adapted,414,0.1285574298,21.25900566,0.2844969777,0.08093853034,0.0005573854064,0.9994426146,648.030793,410.2267584,0.2030807875,0.1285574298,0.09455704516,0.1625578144
real_20240703,real,2024-07-03,adapted,415,0.1288706995,21.23471781,1.967171237,3.869762676,0.0003563158666,0.9996436841,651.9005556,411.2264021,0.2042934991,0.1288706995,0.09487031489,0.1628710841
real_20240703,real,2024-07-03,adapted,416,0.1291838284,21.23148128,0.04008926866,0.001607149462,0.0008057275301,0.9991942725,651.9021628,412.2255963,0.2042940028,0.1291838284,0.09518344377,0.163184213
real_20240703,real,2024-07-03,adapted,417,0.1294968929,21.20184963,-0.05348635806,0.002860790498,0.001010959865,0.9989890401,651.9050236,413.2245854,0.2042948993,0.1294968929,0.09549650834,0.1634972775
real_20240703,real,2024-07-03,adapted,418,0.129810073,21.17796469,-1.343359357,1.804614363,0.0006423851462,0.9993576149,653.7096379,414.223943,0.2048604318,0.129810073,0.09580968841,0.1638104576
real_20240703,real,2024-07-03,adapted,419,0.1301232765,21.16255871,0.2544952638,0.06476783931,0.0005677402524,0.9994322597,653.7744058,415.2233752,0.2048807289,0.1301232765,0.09612289188,0.1641236611
real_20240703,real,2024-07-03,adapted,420,0.1304359655,21.16146498,0.6880531225,0.4734170994,0.002209280428,0.9977907196,654.2478229,416.221166,0.205029089,0.1304359655,0.09643558092,0.1644363501
real_20240703,real,2024-07-03,adapted,421,0.1307492943,21.13101052,-1.417334496,2.008837075,0.0001677844318,0.9998322156,656.25666,417.2209982,0.2056586211,0.1307492943,0.09674890972,0.1647496789
real_20240703,real,2024-07-03,adapted,422,0.1310625035,21.10905222,1.070202585,1.145333572,0.0005496477447,0.9994503523,657.4019935,418.2204485,0.2060175473,0.1310625035,0.09706211886,0.1650628881
real_20240703,real,2024-07-03,adapted,423,0.1313754091,21.10391408,-0.3618086174,0.1309054756,0.001518213128,0.9984817869,657.532899,419.2189303,0.2060585707,0.1313754091,0.09737502446,0.1653757937
real_20240703,real,2024-07-03,adapted,424,0.131688676,21.08029372,0.5539094374,0.3068156648,0.0003651327418,0.9996348673,657.8397147,420.2185652,0.206154721,0.131688676,0.09768829142,0.1656890606
real_20240703,real,2024-07-03,adapted,425,0.1320019918,21.07720057,-0.2958843869,0.08754757042,0.000209343658,0.9997906563,657.9272622,421.2183558,0.2061821568,0.1320019918,0.0980016072,0.1660023764
real_20240703,real,2024-07-03,adapted,426,0.1323150429,21.05637033,-1.046404836,1.09496308,0.001054087782,0.9989459122,659.0222253,422.2173018,0.2065252978,0.1323150429,0.09831465826,0.1663154275
real_20240703,real,2024-07-03,adapted,427,0.132628229,21.03209772,-0.4178126294,0.1745673933,0.0006228818851,0.9993771181,659.1967927,423.2166789,0.206580004,0.132628229,0.09862784444,0.1666286136
real_20240703,real,2024-07-03,adapted,428,0.1329412609,21.01923322,0.4316223541,0.1862978566,0.001115449303,0.9988845507,659.3830906,424.2155634,0.2066383863,0.1329412609,0.09894087627,0.1669416455
real_20240703,real,2024-07-03,adapted,429,0.1332545122,20.98144707,-0.3275798153,0.1073085354,0.0004150513828,0.9995849486,659.4903991,425.2151484,0.2066720148,0.1332545122,0.09925412758,0.1672548968
real_20240703,real,2024-07-03,adapted,430,0.1335675614,20.96435447,-0.1926135793,0.03709999094,0.001060103668,0.9989398963,659.5274991,426.2140883,0.2066836412,0.1335675614,0.09956717675,0.167567946
real_20240703,real,2024-07-03,adapted,431,0.1338806239,20.95377109,0.4079232701,0.1664013943,0.001017247198,0.9989827528,659.6939005,427.213071,0.2067357883,0.1338806239,0.09988023935,0.1678810085
real_20240703,real,2024-07-03,adapted,432,0.1341938489,20.9252933,1.498417349,2.245254552,0.0004992674102,0.9995007326,661.939155,428.2125718,0.2074394093,0.1341938489,0.1001934643,0.1681942335
real_20240703,real,2024-07-03,adapted,433,0.1345071089,20.90007422,0.8996199315,0.8093160212,0.0003871798693,0.9996128201,662.7484711,429.2121846,0.2076930339,0.1345071089,0.1005067243,0.1685074935
real_20240703,real,2024-07-03,adapted,434,0.1348200257,20.85119516,0.2168741287,0.0470343877,0.001482419962,0.99851758,662.7955055,430.2107022,0.2077077736,0.1348200257,0.1008196411,0.1688204103
real_20240703,real,2024-07-03,adapted,435,0.1351330493,20.83122655,0.4486609155,0.2012966171,0.001141981501,0.9988580185,662.9968021,431.2095602,0.2077708562,0.1351330493,0.1011326647,0.1691334339
real_20240703,real,2024-07-03,adapted,436,0.1354462243,20.78955387,-0.263246172,0.0692985471,0.0006583610023,0.999341639,663.0661006,432.2089018,0.2077925731,0.1354462243,0.1014458397,0.1694466089
real_20240703,real,2024-07-03,adapted,437,0.1357589669,20.78567684,-0.05311960951,0.002821692914,0.002038354758,0.9979616452,663.0689223,433.2068635,0.2077934573,0.1357589669,0.1017585823,0.1697593515
real_20240703,real,2024-07-03,adapted,438,0.1360720053,20.75331638,2.303411374,5.30570396,0.001094426594,0.9989055734,668.3746263,434.205769,0.2094561662,0.1360720053,0.1020716207,0.1700723899
real_20240703,real,2024-07-03,adapted,439,0.136385305,20.73799299,-1.626803268,2.646488874,0.0002608868357,0.9997391132,671.0211151,435.2055081,0.2102855265,0.136385305,0.1023849204,0.1703856896
real_20240703,real,2024-07-03,adapted,440,0.1366986264,20.71444428,0.9383646315,0.8805281817,0.0001914198467,0.9998085802,671.9016433,436.2053167,0.2105614677,0.1366986264,0.1026982418,0.170699011
real_20240703,real,2024-07-03,adapted,441,0.1370119333,20.70654011,-1.772211399,3.140733242,0.0002374826973,0.9997625173,675.0423766,437.2050792,0.211545715,0.1370119333,0.1030115487,0.1710123179
real_20240703,real,2024-07-03,adapted,442,0.1373248097,20.66479621,0.3628372266,0.131650853,0.001611522174,0.9983884778,675.1740274,438.2034677,0.2115869719,0.1373248097,0.1033244251,0.1713251943
real_20240703,real,2024-07-03,adapted,443,0.1376377655,20.65843866,0.129777955,0.01684231761,0.001357987348,0.9986420127,675.1908697,439.2021097,0.21159225,0.1376377655,0.1036373809,0.1716381501
real_20240703,real,2024-07-03,adapted,444,0.1379506089,20.64118979,0.9814330974,0.9632109247,0.001716712436,0.9982832876,676.1540807,440.200393,0.2118941024,0.1379506089,0.1039502243,0.1719509935
real_20240703,real,2024-07-03,adapted,445,0.1382639351,20.60271566,-1.28320128,1.646605526,0.0001762426189,0.9998237574,677.8006862,441.2002168,0.2124101179,0.1382639351,0.1042635505,0.1722643197
real_20240703,real,2024-07-03,adapted,446,0.1385771486,20.59187825,0.7021599279,0.4930285644,0.0005356046061,0.9994643954,678.2937148,442.1996812,0.2125646239,0.1385771486,0.104576764,0.1725775332
real_20240703,real,2024-07-03,adapted,447,0.138889946,20.56192986,0.4254228602,0.18098461,0.00186336859,0.9981366314,678.4746994,443.1978178,0.2126213411,0.138889946,0.1048895614,0.1728903306
real_20240703,real,2024-07-03,adapted,448,0.1392031758,20.53232633,1.225700902,1.502342702,0.0004838179923,0.999516182,679.9770421,444.197334,0.2130921473,0.1392031758,0.1052027912,0.1732035604
real_20240703,real,2024-07-03,adapted,449,0.1395160554,20.50997827,-0.5317805571,0.2827905609,0.001601325057,0.9983986749,680.2598326,445.1957327,0.2131807686,0.1395160554,0.1055156708,0.17351644
real_20240703,real,2024-07-03,adapted,450,0.1398293115,20.50073963,-0.9020766514,0.8137422851,0.0003995473249,0.9996004527,681.0735749,446.1953331,0.2134357803,0.1398293115,0.1058289269,0.1738296961
real_20240703,real,2024-07-03,adapted,451,0.1401415809,20.44930442,0.1434605901,0.02058094091,0.003548381452,0.9964516185,681.0941559,447.1917847,0.21344223,0.1401415809,0.1061411963,0.1741419655
real_20240703,real,2024-07-03,adapted,452,0.1404544509,20.43261705,0.04930843409,0.002431321673,0.001631757158,0.9983682428,681.0965872,448.190153,0.2134429919,0.1404544509,0.1064540663,0.1744548355
real_20240703,real,2024-07-03,adapted,453,0.1407673868,20.42428697,0.7359105742,0.5415643733,0.001421669978,0.99857833,681.6381515,449.1887313,0.2136127081,0.1407673868,0.1067670022,0.1747677714
real_20240703,real,2024-07-03,adapted,454,0.1410806505,20.37620614,1.328506528,1.764929595,0.0003755367169,0.9996244633,683.4030811,450.1883558,0.2141658042,0.1410806505,0.1070802659,0.1750810351
real_20240703,real,2024-07-03,adapted,455,0.1413935421,20.34908905,-0.1003676127,0.01007365768,0.001562896788,0.9984371032,683.4131548,451.1867929,0.2141689611,0.1413935421,0.1073931575,0.1753939267
real_20240703,real,2024-07-03,adapted,456,0.1417062863,20.34689151,-0.6998166839,0.489743391,0.00203330571,0.9979666943,683.9028982,452.1847596,0.2143224375,0.1417062863,0.1077059017,0.1757066709
real_20240703,real,2024-07-03,adapted,457,0.1420194094,20.31821371,-1.5770496,2.487085439,0.0008240916119,0.9991759084,686.3899836,453.1839355,0.2151018438,0.1420194094,0.1080190248,0.176019794
real_20240703,real,2024-07-03,adapted,458,0.1423323839,20.29592328,-0.2854571321,0.08148577427,0.0012984079,0.9987015921,686.4714694,454.1826371,0.2151273799,0.1423323839,0.1083319993,0.1763327685
real_20240703,real,2024-07-03,adapted,459,0.1426453676,20.28398304,-0.9590997472,0.919872325,0.001269093491,0.9987309065,687.3913417,455.181368,0.2154156508,0.1426453676,0.108644983,0.1766457522
real_20240703,real,2024-07-03,adapted,460,0.1429586314,20.26979537,-0.8749162491,0.7654784429,0.0003752297661,0.9996247702,688.1568202,456.1809927,0.2156555375,0.1429586314,0.1089582468,0.176959016
real_20240703,real,2024-07-03,adapted,461,0.1432717152,20.25624173,-0.1432942932,0.02053325447,0.0009494251091,0.9990505749,688.1773534,457.1800433,0.2156619722,0.1432717152,0.1092713306,0.1772720998
real_20240703,real,2024-07-03,adapted,462,0.1435848506,20.22222851,-0.987065041,0.9742973952,0.0007849482057,0.9992150518,689.1516508,458.1792584,0.2159672989,0.1435848506,0.109584466,0.1775852352
real_20240703,real,2024-07-03,adapted,463,0.1438979374,20.21292428,1.329324406,1.767103376,0.0009402153122,0.9990597847,690.9187542,459.1783182,0.2165210762,0.1438979374,0.1098975528,0.177898322
real_20240703,real,2024-07-03,adapted,464,0.1442111465,20.1971754,-0.384946704,0.1481839649,0.0005495726922,0.9994504273,691.0669382,460.1777686,0.2165675143,0.1442111465,0.1102107619,0.1782115311
real_20240703,real,2024-07-03,adapted,465,0.1445242686,20.1718796,0.4175945705,0.1743852253,0.000827421844,0.9991725782,691.2413234,461.1769412,0.2166221634,0.1445242686,0.110523884,0.1785246532
real_20240703,real,2024-07-03,adapted,466,0.1448370124,20.15002691,-0.147292378,0.02169504462,0.002034512017,0.997965488,691.2630184,462.1749066,0.2166289622,0.1448370124,0.1108366278,0.178837397
real_20240703,real,2024-07-03,adapted,467,0.1451495789,20.12497789,1.662070354,2.762477861,0.00260026152,0.9973997385,694.0254963,463.1723064,0.2174946714,0.1451495789,0.1111491943,0.1791499635
real_20240703,real,2024-07-03,adapted,468,0.1454628124,20.1001883,1.143849873,1.308392532,0.0004719787786,0.9995280212,695.3338888,464.1718344,0.2179046972,0.1454628124,0.1114624278,0.179463197
real_20240703,real,2024-07-03,adapted,469,0.1457761219,20.09635657,0.7627460508,0.581781538,0.0002292775479,0.9997707225,695.9156704,465.1716051,0.2180870167,0.1457761219,0.1117757373,0.1797765065
real_20240703,real,2024-07-03,adapted,470,0.146089316,20.06642131,1.113282148,1.239397142,0.0005977930798,0.9994022069,697.1550675,466.1710073,0.2184754207,0.146089316,0.1120889314,0.1800897006
real_20240703,real,2024-07-03,adapted,471,0.1464025705,20.05827108,-0.8523198379,0.7264491061,0.0004048642378,0.9995951358,697.8815166,467.1706025,0.2187030763,0.1464025705,0.1124021859,0.1804029551
real_20240703,real,2024-07-03,adapted,472,0.146715284,20.04312473,0.3770512321,0.1421676316,0.002131381404,0.9978686186,698.0236842,468.1684711,0.218747629,0.146715284,0.1127148994,0.1807156686
real_20240703,real,2024-07-03,adapted,473,0.1470284784,20.009429,-0.1589683595,0.02527093932,0.0005964607645,0.9994035392,698.0489552,469.1678746,0.2187555485,0.1470284784,0.1130280938,0.181028863
real_20240703,real,2024-07-03,adapted,474,0.1473416803,20.00078515,0.603702955,0.3644572579,0.0005727134247,0.9994272866,698.4134124,470.1673019,0.2188697626,0.1473416803,0.1133412957,0.1813420649
real_20240703,real,2024-07-03,adapted,475,0.1476544461,19.97041293,1.139919461,1.299416377,0.001964318648,0.9980356814,699.7128288,471.1653376,0.2192769755,0.1476544461,0.1136540615,0.1816548307
real_20240703,real,2024-07-03,adapted,476,0.1479677029,19.94879201,-0.4668301468,0.217930386,0.000397701459,0.9996022985,699.9307592,472.1649399,0.2193452708,0.1479677029,0.1139673183,0.1819680875
real_20240703,real,2024-07-03,adapted,477,0.148280665,19.93388088,0.776262791,0.6025839206,0.001337906285,0.9986620937,700.5333431,473.163602,0.2195341094,0.148280665,0.1142802804,0.1822810496
real_20240703,real,2024-07-03,adapted,478,0.1485928289,19.9253712,0.2124145494,0.04511994081,0.003885115514,0.9961148845,700.5784631,474.1597169,0.2195482492,0.1485928289,0.1145924443,0.1825932135
real_20240703,real,2024-07-03,adapted,479,0.1489059517,19.90100083,0.1612136021,0.02598982549,0.0008251425677,0.9991748574,700.6044529,475.1588917,0.2195563939,0.1489059517,0.1149055671,0.1829063363
real_20240703,real,2024-07-03,adapted,480,0.1492192361,19.87041771,0.4198439273,0.1762689233,0.0003092020055,0.999690798,700.7807218,476.1585825,0.2196116333,0.1492192361,0.1152188515,0.1832196207
real_20240703,real,2024-07-03,adapted,481,0.1495324268,19.86438216,0.9948709371,0.9897681815,0.0006086697706,0.9993913302,701.77049,477.1579739,0.2199218082,0.1495324268,0.1155320422,0.1835328114
real_20240703,real,2024-07-03,adapted,482,0.149844946,19.84431673,0.02819092387,0.0007947281887,0.002751189063,0.9972488109,701.7712847,478.1552227,0.2199220573,0.149844946,0.1158445614,0.1838453306
real_20240703,real,2024-07-03,adapted,483,0.1501579459,19.82431235,0.9779579344,0.9564017215,0.001217257103,0.9987827429,702.7276864,479.1540054,0.2202217758,0.1501579459,0.1161575613,0.1841583305
real_20240703,real,2024-07-03,adapted,484,0.1504712227,19.80572505,0.2469097443,0.06096442185,0.00033385735,0.9996661426,702.7886509,480.1536716,0.2202408809,0.1504712227,0.1164708381,0.1844716073
real_20240703,real,2024-07-03,adapted,485,0.150784074,19.77907019,-0.2780022724,0.07728526345,0.00169130091,0.9983086991,702.8659361,481.1519803,0.2202651006,0.150784074,0.1167836894,0.1847844586
real_20240703,real,2024-07-03,adapted,486,0.1510971254,19.76605433,-0.5968448105,0.3562237278,0.001052968441,0.9989470316,703.2221599,482.1509273,0.2203767345,0.1510971254,0.1170967408,0.18509751
real_20240703,real,2024-07-03,adapted,487,0.1514101992,19.74981832,0.7085246,0.5020071088,0.0009817071312,0.9990182929,703.724167,483.1499456,0.2205340542,0.1514101992,0.1174098146,0.1854105838
real_20240703,real,2024-07-03,adapted,488,0.1517233794,19.74179327,-1.358564258,1.845696844,0.0006417625316,0.9993582375,705.5698638,484.1493038,0.2211124612,0.1517233794,0.1177229948,0.185723764
real_20240703,real,2024-07-03,adapted,489,0.1520364996,19.72290106,0.02767727636,0.0007660316265,0.0008335422217,0.9991664578,705.5706298,485.1484703,0.2211127013,0.1520364996,0.118036115,0.1860368842
real_20240703,real,2024-07-03,adapted,490,0.1523495184,19.69229702,-0.07034082959,0.004947832308,0.001156910355,0.9988430896,705.5755777,486.1473134,0.2211142519,0.1523495184,0.1183491338,0.186349903
real_20240703,real,2024-07-03,adapted,491,0.1526628073,19.67311928,0.1546244387,0.02390871704,0.0002953302389,0.9997046698,705.5994864,487.147018,0.2211217444,0.1526628073,0.1186624227,0.1866631919
real_20240703,real,2024-07-03,adapted,492,0.1529760827,19.63995548,1.383460411,1.91396271,0.0003380376486,0.9996619624,707.5134491,488.14668,0.2217215447,0.1529760827,0.1189756981,0.1869764673
real_20240703,real,2024-07-03,adapted,493,0.1532887113,19.63165672,-1.18104396,1.394864836,0.002402335735,0.9975976643,708.9083139,489.1442777,0.2221586694,0.1532887113,0.1192883267,0.1872890959
real_20240703,real,2024-07-03,adapted,494,0.1536018227,19.59935615,0.8590273715,0.737928025,0.0008612943633,0.9991387056,709.646242,490.1434164,0.2223899223,0.1536018227,0.1196014381,0.1876022073
real_20240703,real,2024-07-03,adapted,495,0.1539150807,19.59464853,0.2008246494,0.0403305398,0.0003938337984,0.9996061662,709.6865725,491.1430225,0.2224025611,0.1539150807,0.1199146961,0.1879154653
real_20240703,real,2024-07-03,adapted,496,0.1542284417,19.57726076,-0.1558915427,0.02430217308,6.492449859e-05,0.9999350755,709.7108747,492.1429576,0.222410177,0.1542284417,0.1202280571,0.1882288263
real_20240703,real,2024-07-03,adapted,497,0.1545415741,19.55704981,-1.749852235,3.061982843,0.0007946712437,0.9992053288,712.7728575,493.1421629,0.2233697454,0.1545415741,0.1205411895,0.1885419587
real_20240703,real,2024-07-03,adapted,498,0.1548544607,19.53311734,-0.6227986137,0.3878781132,0.001578983026,0.998421017,713.1607356,494.140584,0.2234912992,0.1548544607,0.1208540761,0.1888548453
real_20240703,real,2024-07-03,adapted,499,0.1551676785,19.51800204,0.8281880734,0.685895485,0.0005218501574,0.9994781498,713.8466311,495.1400621,0.223706246,0.1551676785,0.1211672939,0.1891680631
real_20240703,real,2024-07-03,adapted,500,0.1554807726,19.49471313,0.03578220052,0.001280365874,0.0009168196384,0.9990831804,713.8479115,496.1391453,0.2237066473,0.1554807726,0.121480388,0.1894811572
real_20240703,real,2024-07-03,adapted,501,0.1557939517,19.48346447,0.7180823652,0.5156422832,0.0006454414041,0.9993545586,714.3635538,497.1384998,0.22386824,0.1557939517,0.1217935671,0.1897943363
real_20240703,real,2024-07-03,adapted,502,0.1561071265,19.47829843,1.343392563,1.804703577,0.0006592130585,0.9993407869,716.1682573,498.1378406,0.2244338005,0.1561071265,0.1221067419,0.1901075111
real_20240703,real,2024-07-03,adapted,503,0.1564202185,19.46625564,-0.1164156136,0.01355259509,0.000923453522,0.9990765465,716.1818099,499.1369172,0.2244380476,0.1564202185,0.1224198339,0.1904206031
real_20240703,real,2024-07-03,adapted,504,0.1567332505,19.43706212,1.255816213,1.577074361,0.001114853729,0.9988851463,717.7588843,500.1358023,0.2249322734,0.1567332505,0.1227328659,0.1907336351
real_20240703,real,2024-07-03,adapted,505,0.1570464715,19.43134395,-0.5911238509,0.3494274071,0.0005117658172,0.9994882342,718.1083117,501.1352906,0.2250417774,0.1570464715,0.1230460869,0.1910468561
real_20240703,real,2024-07-03,adapted,506,0.1573596906,19.4134848,1.18663505,1.408102743,0.0005179115059,0.9994820885,719.5164144,502.1347726,0.2254830506,0.1573596906,0.123359306,0.1913600752
real_20240703,real,2024-07-03,adapted,507,0.1576729943,19.38492004,0.349518864,0.1221634363,0.0002478541194,0.9997521459,719.6385779,503.1345248,0.2255213343,0.1576729943,0.1236726097,0.1916733789
real_20240703,real,2024-07-03,adapted,508,0.1579861967,19.36127373,-0.5825536378,0.3393687409,0.0005712647319,0.9994287353,719.9779466,504.1339535,0.2256276862,0.1579861967,0.1239858121,0.1919865813
real_20240703,real,2024-07-03,adapted,509,0.1582994865,19.35009752,-1.042384184,1.086564787,0.0002920370274,0.999707963,721.0645114,505.1336615,0.2259681954,0.1582994865,0.1242991019,0.1922998711
real_20240703,real,2024-07-03,adapted,510,0.1586125497,19.32705893,1.763450716,3.109758428,0.001015371277,0.9989846287,724.1742698,506.1326461,0.2269427358,0.1586125497,0.1246121651,0.1926129343
real_20240703,real,2024-07-03,adapted,511,0.158925845,19.3175414,-0.1125669512,0.0126713185,0.0002746248943,0.9997253751,724.1869412,507.1323715,0.2269467067,0.158925845,0.1249254604,0.1929262296
real_20240703,real,2024-07-03,adapted,512,0.159238942,19.30132194,-1.858368282,3.453532673,0.0009076190405,0.999092381,727.6404738,508.1314639,0.2280289796,0.159238942,0.1252385574,0.1932393266
real_20240703,real,2024-07-03,adapted,513,0.1595522772,19.26835,0.7702246386,0.5932459939,0.0001474391497,0.9998525609,728.2337198,509.1313164,0.2282148918,0.1595522772,0.1255518926,0.1935526618
real_20240703,real,2024-07-03,adapted,514,0.1598649335,19.254184,0.2517394451,0.06337274824,0.002313720333,0.9976862797,728.2970926,510.1290027,0.2282347517,0.1598649335,0.1258645489,0.1938653181
real_20240703,real,2024-07-03,adapted,515,0.1601782229,19.23355894,0.05531822184,0.003060105668,0.0002935774243,0.9997064226,728.3001527,511.1287091,0.2282357106,0.1601782229,0.1261778383,0.1941786075
real_20240703,real,2024-07-03,adapted,516,0.1604913385,19.21034321,1.298668579,1.686540079,0.0008481245272,0.9991518755,729.9866928,512.127861,0.2287642409,0.1604913385,0.1264909539,0.1944917231
real_20240703,real,2024-07-03,adapted,517,0.160804552,19.20158119,-0.4208176284,0.1770874763,0.0005354322764,0.9994645677,730.1637802,513.1273256,0.2288197368,0.160804552,0.1268041674,0.1948049366
real_20240703,real,2024-07-03,adapted,518,0.161117694,19.18933078,-0.1496158121,0.02238489123,0.0007639390717,0.9992360609,730.1861651,514.1265616,0.2288267518,0.161117694,0.1271173094,0.1951180786
real_20240703,real,2024-07-03,adapted,519,0.1614310451,19.17182658,-0.6159711972,0.3794205158,9.666345906e-05,0.9999033365,730.5655856,515.126465,0.2289456552,0.1614310451,0.1274306605,0.1954314297
real_20240703,real,2024-07-03,adapted,520,0.1617443574,19.15553233,0.4908766232,0.2409598592,0.0002205185579,0.9997794814,730.8065455,516.1262445,0.2290211675,0.1617443574,0.1277439728,0.195744742
real_20240703,real,2024-07-03,adapted,521,0.1620574429,19.12824018,-0.394337561,0.155502112,0.0009441655546,0.9990558344,730.9620476,517.1253003,0.229069899,0.1620574429,0.1280570583,0.1960578275
real_20240703,real,2024-07-03,adapted,522,0.1623707846,19.12416018,-1.781008718,3.171992053,0.0001267628451,0.9998732372,734.1340397,518.1251735,0.2300639422,0.1623707846,0.1283704,0.1963711692
real_20240703,real,2024-07-03,adapted,523,0.1626840873,19.11353667,-0.1260242308,0.01588210674,0.0002511049465,0.9997488951,734.1499218,519.1249224,0.2300689194,0.1626840873,0.1286837027,0.1966844719
real_20240703,real,2024-07-03,adapted,524,0.162997236,19.06251131,0.661629915,0.4377541444,0.0007422599595,0.99925774,734.5876759,520.1241802,0.2302061034,0.162997236,0.1289968514,0.1969976206
real_20240703,real,2024-07-03,adapted,525,0.1633105531,19.05739907,0.684815989,0.4689729388,0.0002053536413,0.9997946464,735.0566489,521.1239748,0.2303530708,0.1633105531,0.1293101685,0.1973109377
real_20240703,real,2024-07-03,adapted,526,0.163623493,19.04347422,0.8692073392,0.7555213985,0.001408756146,0.9985912439,735.8121703,522.1225661,0.2305898371,0.163623493,0.1296231084,0.1976238776
real_20240703,real,2024-07-03,adapted,527,0.1639366088,19.03545057,0.2949754581,0.08701052089,0.0008472843742,0.9991527156,735.8991808,523.1217188,0.2306171046,0.1639366088,0.1299362242,0.1979369934
real_20240703,real,2024-07-03,adapted,528,0.16424978,19.01202004,-0.6749463287,0.4555525467,0.0006706727718,0.9993293272,736.3547333,524.1210481,0.2307598663,0.16424978,0.1302493954,0.1982501646
real_20240703,real,2024-07-03,adapted,529,0.1645627972,18.98982885,0.1669231554,0.0278633398,0.001162304465,0.9988376955,736.3825967,525.1198858,0.2307685981,0.1645627972,0.1305624126,0.1985631818
real_20240703,real,2024-07-03,adapted,530,0.1648760518,18.97749473,0.8104304198,0.6567974653,0.0004045434143,0.9995954566,737.0393941,526.1194813,0.2309744262,0.1648760518,0.1308756672,0.1988764364
real_20240703,real,2024-07-03,adapted,531,0.1651891437,18.96678727,0.836025312,0.6989383223,0.0009238435791,0.9990761564,737.7383325,527.1185574,0.2311934605,0.1651891437,0.1311887591,0.1991895283
real_20240703,real,2024-07-03,adapted,532,0.165502202,18.96318705,-0.6266087045,0.3926384686,0.001030798502,0.9989692015,738.1309709,528.1175266,0.2313165061,0.165502202,0.1315018174,0.1995025866
real_20240703,real,2024-07-03,adapted,533,0.1658150227,18.92963449,-0.220715677,0.04871541009,0.001789208277,0.9982107917,738.1796863,529.1157374,0.2313317726,0.1658150227,0.1318146381,0.1998154073
real_20240703,real,2024-07-03,adapted,534,0.166128247,18.9176312,1.038713047,1.078924795,0.000501360359,0.9994986396,739.2586111,530.115236,0.2316698875,0.166128247,0.1321278624,0.2001286316
real_20240703,real,2024-07-03,adapted,535,0.1664413821,18.91077207,-0.5398664683,0.2914558035,0.0007856442019,0.9992143558,739.5500669,531.1144504,0.2317612244,0.1664413821,0.1324409975,0.2004417667
real_20240703,real,2024-07-03,adapted,536,0.1667546678,18.88705221,0.0687598884,0.004727922253,0.0003055613726,0.9996944386,739.5547948,532.1141448,0.231762706,0.1667546678,0.1327542832,0.2007550524
real_20240703,real,2024-07-03,adapted,537,0.1670670343,18.8683218,-0.5513312319,0.3039661272,0.003238424501,0.9967615755,739.858761,533.1109064,0.2318579633,0.1670670343,0.1330666497,0.2010674189
real_20240703,real,2024-07-03,adapted,538,0.1673802316,18.84451198,2.018286206,4.073479208,0.0005874511248,0.9994125489,743.9322402,534.110319,0.2331345159,0.1673802316,0.133379847,0.2013806162
real_20240703,real,2024-07-03,adapted,539,0.1676935595,18.81933195,-1.000668007,1.001336461,0.0001706376326,0.9998293624,744.9335766,535.1101483,0.2334483161,0.1676935595,0.1336931749,0.2016939441
real_20240703,real,2024-07-03,adapted,540,0.1680069048,18.81222075,0.06163935641,0.003799410258,0.0001149615342,0.9998850385,744.9373761,536.1100334,0.2334495068,0.1680069048,0.1340065202,0.2020072894
real_20240703,real,2024-07-03,adapted,541,0.1683197615,18.80127028,0.6919538964,0.4788001947,0.001674504013,0.998325496,745.4161762,537.1083589,0.2335995538,0.1683197615,0.1343193769,0.2023201461
real_20240703,real,2024-07-03,adapted,542,0.1686329682,18.79252375,-1.163361253,1.353409406,0.000557431721,0.9994425683,746.7695857,538.1078014,0.2340236871,0.1686329682,0.1346325836,0.2026333528
real_20240703,real,2024-07-03,adapted,543,0.1689460872,18.7468533,-0.05926326223,0.003512134251,0.0008372370341,0.999162763,746.7730978,539.1069642,0.2340247878,0.1689460872,0.1349457026,0.2029464718
real_20240703,real,2024-07-03,adapted,544,0.1692592368,18.74224278,1.494125209,2.232410139,0.0007396798153,0.9992603202,749.0055079,540.1062245,0.2347243836,0.1692592368,0.1352588522,0.2032596214
real_20240703,real,2024-07-03,adapted,545,0.169572426,18.72060745,0.6495774485,0.4219508616,0.0006130605222,0.9993869395,749.4274588,541.1056114,0.2348566151,0.169572426,0.1355720414,0.2035728106
real_20240703,real,2024-07-03,adapted,546,0.1698853699,18.69269343,-1.014065068,1.028327962,0.001396066757,0.9986039332,750.4557868,542.1042154,0.2351788739,0.1698853699,0.1358849853,0.2038857545
real_20240703,real,2024-07-03,adapted,547,0.1701985227,18.67635024,1.106967466,1.22537697,0.0007295426105,0.9992704574,751.6811637,543.1034858,0.2355628843,0.1701985227,0.1361981381,0.2041989073
real_20240703,real,2024-07-03,adapted,548,0.1705117883,18.64877268,0.1723962779,0.02972047663,0.0003693029656,0.999630697,751.7108842,544.1031165,0.2355721981,0.1705117883,0.1365114037,0.2045121729
real_20240703,real,2024-07-03,adapted,549,0.1708248766,18.6448686,0.7318874155,0.5356591889,0.0009352219765,0.999064778,752.2465434,545.1021813,0.2357400637,0.1708248766,0.136824492,0.2048252612
real_20240703,real,2024-07-03,adapted,550,0.1711379858,18.62403774,-1.521170073,2.313958392,0.0008685065084,0.9991314935,754.5605018,546.1013128,0.2364652152,0.1711379858,0.1371376012,0.2051383704
real_20240703,real,2024-07-03,adapted,551,0.1714507956,18.60831526,-1.111735468,1.23595575,0.001824041994,0.998175958,755.7964575,547.0994888,0.2368525407,0.1714507956,0.137450411,0.2054511802
real_20240703,real,2024-07-03,adapted,552,0.1717641337,18.59669933,1.007392514,1.014839677,0.0001381236946,0.9998618763,756.8112972,548.0993506,0.2371705726,0.1717641337,0.1377637491,0.2057645183
real_20240703,real,2024-07-03,adapted,553,0.172077426,18.58450672,1.136525142,1.291689397,0.0002843738951,0.9997156261,758.1029866,549.0990663,0.237575364,0.172077426,0.1380770414,0.2060778106
real_20240703,real,2024-07-03,adapted,554,0.1723907437,18.56628227,0.651590728,0.4245704768,0.0002030120892,0.9997969879,758.5275571,550.0988633,0.2377084165,0.1723907437,0.1383903591,0.2063911283
real_20240703,real,2024-07-03,adapted,555,0.1727040293,18.55327185,-1.121543147,1.257859032,0.000305671028,0.999694329,759.7854161,551.0985576,0.2381026061,0.1727040293,0.1387036447,0.2067044139
real_20240703,real,2024-07-03,adapted,556,0.1730173311,18.53441799,1.100934113,1.212055922,0.0002540042735,0.9997459957,760.997472,552.0983036,0.2384824419,0.1730173311,0.1390169465,0.2070177157
real_20240703,real,2024-07-03,adapted,557,0.1733306736,18.51297498,-1.102026014,1.214461335,0.0001242674264,0.9998757326,762.2119334,553.0981793,0.2388630315,0.1733306736,0.139330289,0.2073310582
real_20240703,real,2024-07-03,adapted,558,0.173643596,18.50963679,-0.9339824455,0.8723232086,0.001464526381,0.9985354736,763.0842566,554.0967148,0.2391364013,0.173643596,0.1396432114,0.2076439806
real_20240703,real,2024-07-03,adapted,559,0.1739568582,18.48772445,-1.039154673,1.079842434,0.0003803642205,0.9996196358,764.164099,555.0963344,0.2394748038,0.1739568582,0.1399564736,0.2079572428
real_20240703,real,2024-07-03,adapted,560,0.1742698428,18.4790565,0.3580253858,0.1281821768,0.001266125346,0.9987338747,764.2922812,556.0950683,0.2395149737,0.1742698428,0.1402694582,0.2082702274
real_20240703,real,2024-07-03,adapted,561,0.174583161,18.45638863,2.533803504,6.420160195,0.0002015257173,0.9997984743,770.7124414,557.0948668,0.2415269324,0.174583161,0.1405827764,0.2085835456
real_20240703,real,2024-07-03,adapted,562,0.1748964642,18.4464433,1.650777413,2.725066068,0.0002495778597,0.9997504221,773.4375075,558.0946172,0.2423809174,0.1748964642,0.1408960796,0.2088968488
real_20240703,real,2024-07-03,adapted,563,0.1752095595,18.42990778,-0.9440696674,0.8912675369,0.0009127989135,0.9990872011,774.328775,559.0937044,0.2426602241,0.1752095595,0.1412091749,0.2092099441
real_20240703,real,2024-07-03,adapted,564,0.1755228977,18.4137252,0.1673141738,0.02799403277,0.0001379206328,0.9998620794,774.356769,560.0935665,0.2426689969,0.1755228977,0.1415225131,0.2095232823
real_20240703,real,2024-07-03,adapted,565,0.1758360952,18.40754164,-0.7278394473,0.5297502611,0.0005865993754,0.9994134006,774.8865193,561.0929799,0.2428350107,0.1758360952,0.1418357106,0.2098364798
real_20240703,real,2024-07-03,adapted,566,0.1761493567,18.38625683,-0.7548086352,0.5697360757,0.0003826456879,0.9996173543,775.4562554,562.0925972,0.2430135554,0.1761493567,0.1421489721,0.2101497413
real_20240703,real,2024-07-03,adapted,567,0.1764616108,18.34725375,-0.4507775057,0.2032003597,0.003597063292,0.9964029367,775.6594557,563.0890002,0.2430772346,0.1764616108,0.1424612262,0.2104619954
real_20240703,real,2024-07-03,adapted,568,0.1767739797,18.33452386,-0.399390853,0.1595130534,0.00323108723,0.9967689128,775.8189688,564.0857691,0.2431272231,0.1767739797,0.1427735951,0.2107743643
real_20240703,real,2024-07-03,adapted,569,0.1770871405,18.32262373,1.5027685,2.258313164,0.0007037227652,0.9992962772,778.0772819,565.0850654,0.2438349364,0.1770871405,0.1430867559,0.2110875251
real_20240703,real,2024-07-03,adapted,570,0.1774000578,18.31879809,0.8788268968,0.7723367145,0.001480968432,0.9985190316,778.8496187,566.0835844,0.2440769723,0.1774000578,0.1433996732,0.2114004424
real_20240703,real,2024-07-03,adapted,571,0.1777128536,18.30051211,-0.2844305121,0.08090071621,0.001868458733,0.9981315413,778.9305194,567.0817159,0.2441023251,0.1777128536,0.143712469,0.2117132382
real_20240703,real,2024-07-03,adapted,572,0.1780260584,18.27354724,-1.84997384,3.42240321,0.0005635474986,0.9994364525,782.3529226,568.0811524,0.2451748425,0.1780260584,0.1440256738,0.212026443
real_20240703,real,2024-07-03,adapted,573,0.1783390163,18.26769483,-0.6320843725,0.399530654,0.001351504328,0.9986484957,782.7524532,569.0798009,0.245300048,0.1783390163,0.1443386317,0.2123394009
real_20240703,real,2024-07-03,adapted,574,0.1786521778,18.23066952,-2.217116222,4.915604342,0.0007015389228,0.9992984611,787.6680576,570.0790993,0.2468405069,0.1786521778,0.1446517932,0.2126525624
real_20240703,real,2024-07-03,adapted,575,0.1789651785,18.21395042,-0.356515014,0.1271029552,0.001214712115,0.9987852879,787.7951605,571.0778846,0.2468803386,0.1789651785,0.1449647939,0.2129655631
real_20240703,real,2024-07-03,adapted,576,0.1792783659,18.20553766,2.066606494,4.270862401,0.000618929616,0.9993810704,792.0660229,572.0772657,0.2482187474,0.1792783659,0.1452779813,0.2132787505
real_20240703,real,2024-07-03,adapted,577,0.1795915509,18.17336864,-0.07166984001,0.005136565968,0.0006266806731,0.9993733193,792.0711595,573.076639,0.2482203571,0.1795915509,0.1455911663,0.2135919355
real_20240703,real,2024-07-03,adapted,578,0.1799046936,18.16615716,0.009375008998,8.789079371e-05,0.0007617762995,0.9992382237,792.0712474,574.0758772,0.2482203846,0.1799046936,0.145904309,0.2139050782
real_20240703,real,2024-07-03,adapted,579,0.1802178742,18.1418105,-0.4841287956,0.2343806908,0.0006408185996,0.9993591814,792.3056281,575.0752364,0.2482938352,0.1802178742,0.1462174896,0.2142182588
real_20240703,real,2024-07-03,adapted,580,0.1805310658,18.13453632,-1.663368789,2.766795729,0.0006054709832,0.999394529,795.0724238,576.0746309,0.2491608975,0.1805310658,0.1465306812,0.2145314504
real_20240703,real,2024-07-03,adapted,581,0.1808441249,18.12341971,0.6527683173,0.426106476,0.001028255229,0.9989717448,795.4985303,577.0736027,0.2492944313,0.1808441249,0.1468437403,0.2148445095
real_20240703,real,2024-07-03,adapted,582,0.1811572198,18.1069023,1.702021199,2.896876163,0.0009143319003,0.9990856681,798.3954064,578.0726884,0.2502022584,0.1811572198,0.1471568352,0.2151576044
real_20240703,real,2024-07-03,adapted,583,0.181470305,18.10406383,0.02676019666,0.0007161081255,0.0009450072271,0.9990549928,798.3961226,579.0717434,0.2502024828,0.181470305,0.1474699204,0.2154706896
real_20240703,real,2024-07-03,adapted,584,0.1817835997,18.09487346,-0.8266364527,0.6833278249,0.0002765577617,0.9997234422,799.0794504,580.0714668,0.250416625,0.1817835997,0.1477832151,0.2157839843
real_20240703,real,2024-07-03,adapted,585,0.1820968425,18.06938889,-1.643254148,2.700284196,0.0004425191508,0.9995574808,801.7797346,581.0710243,0.2512628438,0.1820968425,0.1480964579,0.2160972271
real_20240703,real,2024-07-03,adapted,586,0.1824096639,18.05460284,1.062064629,1.127981276,0.001786852673,0.9982131473,802.9077158,582.0692374,0.2516163321,0.1824096639,0.1484092793,0.2164100485
real_20240703,real,2024-07-03,adapted,587,0.1827229196,18.04818711,0.7162744684,0.513049114,0.0004010547181,0.9995989453,803.420765,583.0688364,0.2517771122,0.1827229196,0.148722535,0.2167233042
real_20240703,real,2024-07-03,adapted,588,0.1830361102,18.02608611,-0.2616688741,0.06847059966,0.0006086599404,0.9993913401,803.4892356,584.0682277,0.2517985696,0.1830361102,0.1490357256,0.2170364948
real_20240703,real,2024-07-03,adapted,589,0.1833493275,18.00435504,1.062743665,1.129424097,0.0005237080588,0.9994762919,804.6186597,585.067704,0.2521525101,0.1833493275,0.1493489429,0.2173497121
real_20240703,real,2024-07-03,adapted,590,0.1836623505,17.99497254,-0.939391804,0.8824569614,0.001143710139,0.9988562899,805.5011166,586.0665603,0.2524290557,0.1836623505,0.1496619659,0.2176627351
real_20240703,real,2024-07-03,adapted,591,0.1839755852,17.98441801,0.07125232989,0.005076894515,0.0004678986842,0.9995321013,805.5061935,587.0660924,0.2524306467,0.1839755852,0.1499752006,0.2179759698
real_20240703,real,2024-07-03,adapted,592,0.1842888792,17.9462627,2.296730454,5.274970777,0.0002789404255,0.9997210596,810.7811643,588.0658135,0.2540837243,0.1842888792,0.1502884946,0.2182892638
real_20240703,real,2024-07-03,adapted,593,0.1846020922,17.94223951,0.02625297624,0.0006892187616,0.0005372958897,0.9994627041,810.7818535,589.0652762,0.2540839403,0.1846020922,0.1506017076,0.2186024768
real_20240703,real,2024-07-03,adapted,594,0.1849153515,17.92538727,0.4024598198,0.1619739066,0.0003894684967,0.9996105315,810.9438274,590.0648867,0.2541346999,0.1849153515,0.1509149669,0.2189157361
real_20240703,real,2024-07-03,adapted,595,0.1852285237,17.91541407,2.235201254,4.996124647,0.0006676315094,0.9993323685,815.9399521,591.0642191,0.2557003924,0.1852285237,0.1512281391,0.2192289083
real_20240703,real,2024-07-03,adapted,596,0.1855418593,17.89499499,1.681112023,2.826137634,0.000146062251,0.9998539377,818.7660897,592.064073,0.2565860513,0.1855418593,0.1515414747,0.2195422439
real_20240703,real,2024-07-03,adapted,597,0.1858552239,17.87164326,-0.1615093085,0.02608525672,5.357383923e-05,0.9999464262,818.792175,593.0640194,0.2565942259,0.1858552239,0.1518548393,0.2198556085
real_20240703,real,2024-07-03,adapted,598,0.1861684299,17.86599804,-0.1909367574,0.03645684534,0.000559745412,0.9994402546,818.8286318,594.0634597,0.2566056508,0.1861684299,0.1521680453,0.2201688145
real_20240703,real,2024-07-03,adapted,599,0.1864817869,17.86312747,0.2958221353,0.08751073576,7.775233108e-05,0.9999222477,818.9161425,595.0633819,0.2566330751,0.1864817869,0.1524814023,0.2204821715
real_20240703,real,2024-07-03,adapted,600,0.1867948326,17.85204129,-0.1819711177,0.03311348769,0.001071136174,0.9989288638,818.949256,596.0623108,0.2566434522,0.1867948326,0.152794448,0.2207952172
real_20240703,real,2024-07-03,adapted,601,0.1871079517,17.83623739,-0.3653656755,0.1334920768,0.0008369357301,0.9991630643,819.0827481,597.0614739,0.2566852861,0.1871079517,0.1531075671,0.2211083363
real_20240703,real,2024-07-03,adapted,602,0.1874206228,17.8155907,0.263937496,0.06966300181,0.002266526024,0.997733474,819.1524111,598.0592073,0.2567071172,0.1874206228,0.1534202382,0.2214210074
real_20240703,real,2024-07-03,adapted,603,0.1877337772,17.80072665,-0.1184521039,0.01403090091,0.0007242650247,0.999275735,819.166442,599.0584831,0.2567115143,0.1877337772,0.1537333926,0.2217341618
real_20240703,real,2024-07-03,adapted,604,0.1880464343,17.78379659,-1.116051029,1.2455699,0.002311096437,0.9976889036,820.4120119,600.056172,0.2571018527,0.1880464343,0.1540460497,0.2220468189
real_20240703,real,2024-07-03,adapted,605,0.1883597263,17.77189985,0.3517346259,0.123717247,0.0002852799294,0.9997147201,820.5357291,601.0558867,0.2571406234,0.1883597263,0.1543593417,0.2223601109
real_20240703,real,2024-07-03,adapted,606,0.1886728965,17.74250896,0.1705626931,0.02909163227,0.0006740013877,0.9993259986,820.5648208,602.0552127,0.2571497401,0.1886728965,0.1546725119,0.2226732811
real_20240703,real,2024-07-03,adapted,607,0.1889862345,17.72801513,-2.432402451,5.916581685,0.0001385134894,0.9998614865,826.4814025,603.0550742,0.2590038867,0.1889862345,0.1549858499,0.2229866191
real_20240703,real,2024-07-03,adapted,608,0.1892993724,17.70433959,-0.6660422172,0.443612235,0.0007768340663,0.9992231659,826.9250147,604.0542973,0.2591429065,0.1892993724,0.1552989878,0.223299757
real_20240703,real,2024-07-03,adapted,609,0.1896126338,17.6942157,1.000675551,1.001351559,0.0003827755329,0.9996172245,827.9263663,605.0539146,0.2594567115,0.1896126338,0.1556122492,0.2236130184
real_20240703,real,2024-07-03,adapted,610,0.1899256453,17.68231996,1.378798784,1.901086087,0.001180546323,0.9988194537,829.8274523,606.052734,0.2600524764,0.1899256453,0.1559252607,0.2239260299
real_20240703,real,2024-07-03,adapted,611,0.1902389224,17.66834791,-0.09842398734,0.009687281284,0.0003327294263,0.9996672706,829.8371396,607.0524013,0.2600555123,0.1902389224,0.1562385378,0.224239307
real_20240703,real,2024-07-03,adapted,612,0.1905518489,17.65881382,0.8215843362,0.6750008215,0.00145155712,0.9985484429,830.5121405,608.0509497,0.260267045,0.1905518489,0.1565514643,0.2245522335
real_20240703,real,2024-07-03,adapted,613,0.1908651516,17.64033701,-0.0344284214,0.0011853162,0.0002510316223,0.9997489684,830.5133258,609.0506987,0.2602674164,0.1908651516,0.156864767,0.2248655362
real_20240703,real,2024-07-03,adapted,614,0.191177991,17.62326538,1.76812877,3.126279348,0.00172930682,0.9982706932,833.6396051,610.0489694,0.2612471342,0.191177991,0.1571776064,0.2251783756
real_20240703,real,2024-07-03,adapted,615,0.1914911758,17.61191564,-1.373817429,1.887374327,0.0006273827172,0.9993726173,835.5269794,611.048342,0.2618386021,0.1914911758,0.1574907912,0.2254915604
real_20240703,real,2024-07-03,adapted,616,0.191804509,17.5896548,1.169077832,1.366742976,0.0001538932825,0.9998461067,836.8937224,612.0481881,0.262266914,0.191804509,0.1578041244,0.2258048936
real_20240703,real,2024-07-03,adapted,617,0.1921174385,17.58551477,0.06431734353,0.004136720679,0.001441725663,0.9985582743,836.8978591,613.0467464,0.2622682103,0.1921174385,0.1581170539,0.2261178231
real_20240703,real,2024-07-03,adapted,618,0.1924306626,17.57628539,2.046327771,4.187457346,0.0005018967863,0.9994981032,841.0853165,614.0462445,0.2635804815,0.1924306626,0.158430278,0.2264310472
real_20240703,real,2024-07-03,adapted,619,0.1927438971,17.56988094,-1.163801846,1.354434738,0.0004687369849,0.999531263,842.4397512,615.0457758,0.2640049361,0.1927438971,0.1587435125,0.2267442817
real_20240703,real,2024-07-03,adapted,620,0.1930571373,17.55797945,0.07707961166,0.005941266534,0.0004506454834,0.9995493545,842.4456925,616.0453251,0.264006798,0.1930571373,0.1590567527,0.2270575219
real_20240703,real,2024-07-03,adapted,621,0.1933704744,17.54408147,-0.1755103399,0.03080387941,0.0001413908205,0.9998586092,842.4764964,617.0451837,0.2640164514,0.1933704744,0.1593700898,0.227370859
real_20240703,real,2024-07-03,adapted,622,0.1936837709,17.53097789,-0.5639329647,0.3180203886,0.0002708363789,0.9997291636,842.7945168,618.0449129,0.2641161131,0.1936837709,0.1596833863,0.2276841555
real_20240703,real,2024-07-03,adapted,623,0.1939971131,17.51896304,0.368434846,0.1357442357,0.0001251206792,0.9998748793,842.930261,619.0447878,0.2641586528,0.1939971131,0.1599967285,0.2279974977
real_20240703,real,2024-07-03,adapted,624,0.1943104218,17.51226513,0.8852531599,0.7836731572,0.0002319329375,0.9997680671,843.7139342,620.0445558,0.2644042414,0.1943104218,0.1603100372,0.2283108064
real_20240703,real,2024-07-03,adapted,625,0.194623729,17.5074948,1.247171584,1.55543696,0.0002367100584,0.9997632899,845.2693711,621.0443191,0.2648916863,0.194623729,0.1606233444,0.2286241136
real_20240703,real,2024-07-03,adapted,626,0.1949362344,17.48854583,-1.594524267,2.542507639,0.002795062578,0.9972049374,847.8118787,622.0415241,0.2656884609,0.1949362344,0.1609358498,0.228936619
real_20240703,real,2024-07-03,adapted,627,0.1952493846,17.47102423,1.384666642,1.91730171,0.0007376978416,0.9992623022,849.7291805,623.0407864,0.2662893076,0.1952493846,0.161249,0.2292497692
real_20240703,real,2024-07-03,adapted,628,0.1955625986,17.45225859,0.229337212,0.05259555683,0.0005342215713,0.9994657784,849.781776,624.0402521,0.26630579,0.1955625986,0.161562214,0.2295629832
real_20240703,real,2024-07-03,adapted,629,0.1958758317,17.43204931,-0.3187761177,0.1016182132,0.0004731249134,0.9995268751,849.8833942,625.039779,0.2663376353,0.1958758317,0.1618754471,0.2298762163
real_20240703,real,2024-07-03,adapted,630,0.1961890607,17.41486215,0.07023392421,0.00493280411,0.0004862367607,0.9995137632,849.888327,626.0392928,0.2663391811,0.1961890607,0.1621886761,0.2301894453
real_20240703,real,2024-07-03,adapted,631,0.1965021985,17.40976503,0.03858299463,0.001488647475,0.000777429225,0.9992225708,849.8898157,627.0385153,0.2663396477,0.1965021985,0.1625018139,0.2305025831
real_20240703,real,2024-07-03,adapted,632,0.1968153642,17.39082211,-1.364873787,1.862880454,0.0006881304854,0.9993118695,851.7526961,628.0378272,0.2669234397,0.1968153642,0.1628149796,0.2308157488
real_20240703,real,2024-07-03,adapted,633,0.1971286021,17.38776546,0.1692549329,0.0286472323,0.0004578150609,0.9995421849,851.7813434,629.0373694,0.2669324172,0.1971286021,0.1631282175,0.2311289867
real_20240703,real,2024-07-03,adapted,634,0.1974412723,17.38397605,-0.4566685541,0.2085461683,0.002269369558,0.9977306304,851.9898895,630.0351,0.2669977717,0.1974412723,0.1634408877,0.2314416569
real_20240703,real,2024-07-03,adapted,635,0.1977543531,17.33981633,-0.9981516079,0.9963066323,0.0009594086839,0.9990405913,852.9861962,631.0341406,0.2673099957,0.1977543531,0.1637539685,0.2317547377
real_20240703,real,2024-07-03,adapted,636,0.1980675519,17.32905576,0.3089804447,0.09546891519,0.0005823673092,0.9994176327,853.0816651,632.0335583,0.2673399138,0.1980675519,0.1640671673,0.2320679365
real_20240703,real,2024-07-03,adapted,637,0.1983807825,17.3177647,0.1911780531,0.03654904797,0.0004813664268,0.9995186336,853.1182141,633.0330769,0.2673513676,0.1983807825,0.1643803979,0.2323811671
real_20240703,real,2024-07-03,adapted,638,0.1986939759,17.29659829,1.555883636,2.420773888,0.0005996613717,0.9994003386,855.538988,634.0324772,0.2681099931,0.1986939759,0.1646935913,0.2326943605
real_20240703,real,2024-07-03,adapted,639,0.199007207,17.27175549,-0.2133311128,0.04551016368,0.0004796666599,0.9995203333,855.5844982,635.0319976,0.2681242551,0.199007207,0.1650068224,0.2330075916
real_20240703,real,2024-07-03,adapted,640,0.1993204556,17.26552155,1.084496096,1.176131782,0.0004237266279,0.9995762734,856.76063,636.0315738,0.268492833,0.1993204556,0.165320071,0.2333208402
real_20240703,real,2024-07-03,adapted,641,0.1996335003,17.24853213,-1.587660594,2.520666163,0.001074400194,0.9989255998,859.2812961,637.0304994,0.2692827628,0.1996335003,0.1656331157,0.2336338849
real_20240703,real,2024-07-03,adapted,642,0.1999467015,17.23993188,0.1064532586,0.01133229627,0.000574790195,0.9994252098,859.2926284,638.0299246,0.2692863141,0.1999467015,0.1659463169,0.2339470861
real_20240703,real,2024-07-03,adapted,643,0.2002598354,17.23262782,0.7003537067,0.4904953145,0.0007898246262,0.9992101754,859.7831237,639.0291348,0.2694400262,0.2002598354,0.1662594508,0.23426022
real_20240703,real,2024-07-03,adapted,644,0.2005731012,17.20852043,-0.9843722714,0.9689887687,0.0003690464582,0.9996309535,860.7521125,640.0287658,0.2697436893,0.2005731012,0.1665727165,0.2345734858
real_20240703,real,2024-07-03,adapted,645,0.2008862991,17.18767401,0.3936503061,0.1549605635,0.0005854835551,0.9994145164,860.9070731,641.0281803,0.269792251,0.2008862991,0.1668859145,0.2348866837
real_20240703,real,2024-07-03,adapted,646,0.2011994621,17.17692103,0.4379026946,0.1917587699,0.0006966298596,0.9993033701,861.0988318,642.0274837,0.2698523447,0.2011994621,0.1671990775,0.2351998467
real_20240703,real,2024-07-03,adapted,647,0.2015122342,17.15492897,-1.727319966,2.983634266,0.001944430376,0.9980555696,864.0824661,643.0255392,0.2707873601,0.2015122342,0.1675118496,0.2355126188
real_20240703,real,2024-07-03,adapted,648,0.2018255586,17.14268395,1.422484104,2.023461025,0.0001816498888,0.9998183501,866.1059271,644.0253576,0.2714214751,0.2018255586,0.167825174,0.2358259432
real_20240703,real,2024-07-03,adapted,649,0.2021388989,17.13742941,0.481028003,0.2313879397,0.0001312983894,0.9998687016,866.3373151,645.0252263,0.2714939878,0.2021388989,0.1681385143,0.2361392835
real_20240703,real,2024-07-03,adapted,650,0.2024518602,17.12482177,-0.1346913787,0.01814176751,0.001340243143,0.9986597569,866.3554568,646.023886,0.2714996731,0.2024518602,0.1684514756,0.2364522448
real_20240703,real,2024-07-03,adapted,651,0.2027646732,17.11706958,1.227865048,1.507652576,0.001813910694,0.9981860893,867.8631094,647.0220721,0.2719721433,0.2027646732,0.1687642886,0.2367650578
real_20240703,real,2024-07-03,adapted,652,0.2030776033,17.10133283,-0.1690291813,0.02857086413,0.001439840831,0.9985601592,867.8916803,648.0206323,0.2719810969,0.2030776033,0.1690772187,0.2370779879
real_20240703,real,2024-07-03,adapted,653,0.2033908725,17.08767918,2.604061335,6.781135438,0.0003580615209,0.9996419385,874.6728157,649.0202742,0.2741061785,0.2033908725,0.1693904879,0.2373912571
real_20240703,real,2024-07-03,adapted,654,0.2037039851,17.07715945,-0.9031373641,0.8156570985,0.00085762736,0.9991423726,875.4884728,650.0194166,0.2743617903,0.2037039851,0.1697036005,0.2377043697
real_20240703,real,2024-07-03,adapted,655,0.2040172064,17.05468574,0.7279447779,0.5299035997,0.0005109553733,0.9994890446,876.0183764,651.0189056,0.2745278522,0.2040172064,0.1700168218,0.238017591
real_20240703,real,2024-07-03,adapted,656,0.2043304698,17.04965072,0.08341277454,0.006957690957,0.0003765130877,0.9996234869,876.0253341,652.0185291,0.2745300326,0.2043304698,0.1703300852,0.2383308544
real_20240703,real,2024-07-03,adapted,657,0.2046435077,17.04094748,0.04513243831,0.002036936988,0.001095910888,0.9989040891,876.027371,653.0174332,0.274530671,0.2046435077,0.1706431231,0.2386438923
real_20240703,real,2024-07-03,adapted,658,0.2049564918,17.03121098,0.6353347735,0.4036502744,0.001268018342,0.9987319817,876.4310213,654.0161652,0.2746571674,0.2049564918,0.1709561072,0.2389568764
real_20240703,real,2024-07-03,adapted,659,0.2052695325,17.0236159,-0.6747363378,0.4552691256,0.001087135904,0.9989128641,876.8862904,655.0150781,0.2747998403,0.2052695325,0.1712691479,0.2392699171
real_20240703,real,2024-07-03,adapted,660,0.205582495,17.011847,1.223958756,1.498075037,0.001336511297,0.9986634887,878.3843655,656.0137415,0.2752693091,0.205582495,0.1715821104,0.2395828796
real_20240703,real,2024-07-03,adapted,661,0.205895803,17.0049643,0.7265492654,0.5278738351,0.0002340328775,0.9997659671,878.9122393,657.0135075,0.275434735,0.205895803,0.1718954184,0.2398961876
real_20240703,real,2024-07-03,adapted,662,0.2062091334,16.98631125,0.07272257291,0.005288572611,0.0001628650412,0.999837135,878.9175279,658.0133447,0.2754363923,0.2062091334,0.1722087488,0.240209518
real_20240703,real,2024-07-03,adapted,663,0.2065223148,16.97659065,1.230924166,1.515174304,0.0006381832091,0.9993618168,880.4327022,659.0127065,0.2759112197,0.2065223148,0.1725219302,0.2405226994
real_20240703,real,2024-07-03,adapted,664,0.2068354194,16.95070261,-0.2743724511,0.0752802419,0.0008831184007,0.9991168816,880.5079824,660.0118234,0.2759348112,0.2068354194,0.1728350348,0.240835804
real_20240703,real,2024-07-03,adapted,665,0.2071475197,16.94375631,0.3371007447,0.1136369121,0.004087959954,0.99591204,880.6216193,661.0077354,0.2759704229,0.2071475197,0.1731471351,0.2411479043
real_20240703,real,2024-07-03,adapted,666,0.2074606615,16.92784371,0.3638931685,0.1324182381,0.0007645426092,0.9992354574,880.7540376,662.0069708,0.2760119203,0.2074606615,0.1734602769,0.2414610461
real_20240703,real,2024-07-03,adapted,667,0.2077736494,16.91246205,-0.7970344894,0.6352639774,0.001255542404,0.9987444576,881.3893016,663.0057153,0.2762110002,0.2077736494,0.1737732648,0.241774034
real_20240703,real,2024-07-03,adapted,668,0.2080868603,16.90405974,-2.768705941,7.665732588,0.0005439569708,0.999456043,889.0550341,664.0051713,0.2786132981,0.2080868603,0.1740864757,0.2420872449
real_20240703,real,2024-07-03,adapted,669,0.2084001447,16.89236447,0.3767351883,0.1419294021,0.0003096693577,0.9996903306,889.1969636,665.0048617,0.2786577761,0.2084001447,0.1743997601,0.2424005293
real_20240703,real,2024-07-03,adapted,670,0.2087131193,16.87953591,-1.022209991,1.044913265,0.001298149435,0.9987018506,890.2418768,666.0035635,0.2789852325,0.2087131193,0.1747127347,0.2427135039
real_20240703,real,2024-07-03,adapted,671,0.2090260093,16.85884269,0.4595940183,0.2112266617,0.001567934526,0.9984320655,890.4531035,667.0019956,0.279051427,0.2090260093,0.1750256247,0.2430263939
real_20240703,real,2024-07-03,adapted,672,0.2093389172,16.84680411,1.170030199,1.368970666,0.001510651992,0.998489348,891.8220741,668.0004849,0.2794804369,0.2093389172,0.1753385326,0.2433393018
real_20240703,real,2024-07-03,adapted,673,0.2096520527,16.83648967,0.5973689322,0.3568496412,0.0007848418396,0.9992151582,892.1789238,668.9997001,0.2795922669,0.2096520527,0.1756516681,0.2436524373
real_20240703,real,2024-07-03,adapted,674,0.2099653453,16.81964936,1.306699046,1.707462396,0.000283148285,0.9997168517,893.8863862,669.999417,0.2801273539,0.2099653453,0.1759649607,0.2439657299
real_20240703,real,2024-07-03,adapted,675,0.2102785947,16.79709105,-0.3061961437,0.0937560784,0.0004213784518,0.9995786215,893.9801423,670.9989956,0.2801567353,0.2102785947,0.1762782101,0.2442789793
real_20240703,real,2024-07-03,adapted,676,0.210591728,16.79459701,-0.5432700207,0.2951423154,0.0007914718559,0.9992085281,894.2752846,671.9982041,0.2802492274,0.210591728,0.1765913434,0.2445921126
real_20240703,real,2024-07-03,adapted,677,0.2109048768,16.77471528,-0.3947362027,0.1558166698,0.0007422797308,0.9992577203,894.4311012,672.9974618,0.2802980574,0.2109048768,0.1769044922,0.2449052614
real_20240703,real,2024-07-03,adapted,678,0.2112175899,16.75298242,-0.4586473738,0.2103574135,0.002132427817,0.9978675722,894.6414587,673.9953294,0.2803639795,0.2112175899,0.1772172053,0.2452179745
real_20240703,real,2024-07-03,adapted,679,0.2115307426,16.74848188,0.6304525335,0.397470397,0.0007298663978,0.9992701336,895.0389291,674.9945995,0.2804885393,0.2115307426,0.177530358,0.2455311272
real_20240703,real,2024-07-03,adapted,680,0.2118438294,16.74254799,1.301697973,1.694417613,0.0009400185266,0.9990599815,896.7333467,675.9936595,0.2810195383,0.2118438294,0.1778434448,0.245844214
real_20240703,real,2024-07-03,adapted,681,0.2121566907,16.72984416,1.478885776,2.187103138,0.001659603803,0.9983403962,898.9204498,676.9919999,0.2817049357,0.2121566907,0.1781563061,0.2461570753
real_20240703,real,2024-07-03,adapted,682,0.2124700162,16.72808788,-1.289299061,1.662292069,0.000178275777,0.9998217242,900.5827419,677.9918216,0.2822258671,0.2124700162,0.1784696316,0.2464704008
real_20240703,real,2024-07-03,adapted,683,0.2127830869,16.72245996,-0.850903216,0.724036283,0.0009912679631,0.999008732,901.3067782,678.9908304,0.2824527666,0.2127830869,0.1787827023,0.2467834715
real_20240703,real,2024-07-03,adapted,684,0.2130961473,16.71445683,0.6274448727,0.3936870683,0.00102420427,0.9989757957,901.7004652,679.9898062,0.2825761408,0.2130961473,0.1790957627,0.2470965319
real_20240703,real,2024-07-03,adapted,685,0.213409481,16.70276634,-2.135805148,4.561663628,0.000152237133,0.9998477629,906.2621289,680.9896539,0.2840056812,0.213409481,0.1794090964,0.2474098656
real_20240703,real,2024-07-03,adapted,686,0.2137227689,16.68525226,-0.0767041454,0.005883525921,0.000298501781,0.9997014982,906.2680124,681.9893554,0.284007525,0.2137227689,0.1797223843,0.2477231535
real_20240703,real,2024-07-03,adapted,687,0.2140356788,16.66461917,-0.1203737099,0.01448983002,0.001504452735,0.9984955473,906.2825022,682.987851,0.2840120659,0.2140356788,0.1800352942,0.2480360634
real_20240703,real,2024-07-03,adapted,688,0.2143489192,16.65495086,0.06858806558,0.00470432274,0.0004499037863,0.9995500962,906.2872065,683.9874011,0.2840135401,0.2143489192,0.1803485346,0.2483493038
real_20240703,real,2024-07-03,adapted,689,0.2146621945,16.65033266,-0.5655772618,0.319877639,0.0003383365346,0.9996616635,906.6070842,684.9870627,0.2841137838,0.2146621945,0.1806618099,0.2486625791
real_20240703,real,2024-07-03,adapted,690,0.2149754012,16.62854493,-0.8399555096,0.7055252581,0.0005573649979,0.999442635,907.3126094,685.9865054,0.2843348823,0.2149754012,0.1809750166,0.2489757858
real_20240703,real,2024-07-03,adapted,691,0.2152885674,16.60512456,0.6222498626,0.3871948916,0.000686679612,0.9993133204,907.6998043,686.9858187,0.284456222,0.2152885674,0.1812881828,0.249288952
real_20240703,real,2024-07-03,adapted,692,0.2156018106,16.59993098,1.539660632,2.37055486,0.0004410601471,0.9995589399,910.0703592,687.9853776,0.2851991097,0.2156018106,0.181601426,0.2496021952
real_20240703,real,2024-07-03,adapted,693,0.2159149267,16.58662151,1.03313289,1.067363569,0.0008464529934,0.999153547,911.1377228,688.9845312,0.2855336016,0.2159149267,0.1819145421,0.2499153113
real_20240703,real,2024-07-03,adapted,694,0.2162280111,16.5786454,-1.272944052,1.620386559,0.0009476066488,0.9990523934,912.7581093,689.9835836,0.2860414006,0.2162280111,0.1822276265,0.2502283957
real_20240703,real,2024-07-03,adapted,695,0.2165410263,16.56695676,1.840145251,3.386134544,0.001168741998,0.998831258,916.1442439,690.9824148,0.2871025521,0.2165410263,0.1825406417,0.2505414109
real_20240703,real,2024-07-03,adapted,696,0.2168543214,16.55314909,-0.2123607638,0.04509709399,0.0002750925493,0.9997249075,916.1893409,691.9821397,0.2871166847,0.2168543214,0.1828539368,0.250854706
real_20240703,real,2024-07-03,adapted,697,0.2171673673,16.54529981,0.7964541859,0.6343392703,0.001070710449,0.9989292896,916.8236802,692.981069,0.2873154748,0.2171673673,0.1831669827,0.2511677519
real_20240703,real,2024-07-03,adapted,698,0.2174806326,16.53375664,-0.1209995224,0.01464088441,0.000370343616,0.9996296564,916.8383211,693.9806987,0.287320063,0.2174806326,0.183480248,0.2514810172
real_20240703,real,2024-07-03,adapted,699,0.2177936857,16.52491147,-0.245170155,0.06010840489,0.00104752621,0.9989524738,916.8984295,694.9796511,0.2873388999,0.2177936857,0.1837933011,0.2517940703
real_20240703,real,2024-07-03,adapted,700,0.2181067007,16.52150532,1.120526508,1.255579655,0.001169157562,0.9988308424,918.1540092,695.978482,0.2877323752,0.2181067007,0.1841063161,0.2521070853
real_20240703,real,2024-07-03,adapted,701,0.2184199562,16.50578309,-2.032389159,4.130605694,0.0004016362416,0.9995983638,922.2846149,696.9780804,0.2890268301,0.2184199562,0.1844195716,0.2524203408
real_20240703,real,2024-07-03,adapted,702,0.2187324821,16.49798641,-1.002858941,1.005726056,0.002730040044,0.99726996,923.2903409,697.9753503,0.2893420059,0.2187324821,0.1847320975,0.2527328667
real_20240703,real,2024-07-03,adapted,703,0.2190454286,16.49045289,1.300356705,1.690927561,0.001387542205,0.9986124578,924.9812685,698.9739628,0.2898719111,0.2190454286,0.185045044,0.2530458132
real_20240703,real,2024-07-03,adapted,704,0.2193585756,16.45784187,-0.3656847767,0.1337253559,0.0007480461998,0.9992519538,925.1149938,699.9732147,0.2899138182,0.2193585756,0.185358191,0.2533589602
real_20240703,real,2024-07-03,adapted,705,0.2196718011,16.44698034,0.6605946885,0.4363853425,0.0004974469082,0.9995025531,925.5513792,700.9727173,0.2900505732,0.2196718011,0.1856714165,0.2536721857
real_20240703,real,2024-07-03,adapted,706,0.2199851073,16.42611591,2.044598567,4.180383301,0.0002398996795,0.9997601003,929.7317625,701.9724774,0.2913606275,0.2199851073,0.1859847227,0.2539854919
real_20240703,real,2024-07-03,adapted,707,0.2202983228,16.41933489,0.156992388,0.0246466099,0.0005292040725,0.9994707959,929.7564091,702.9719482,0.2913683513,0.2202983228,0.1862979382,0.2542987074
real_20240703,real,2024-07-03,adapted,708,0.220611513,16.41011394,-0.7110141874,0.5055411747,0.0006103196312,0.9993896804,930.2619503,703.9713379,0.2915267785,0.220611513,0.1866111284,0.2546118976
real_20240703,real,2024-07-03,adapted,709,0.2209245259,16.40180049,-1.105868753,1.222945698,0.001175699838,0.9988243002,931.484896,704.9701622,0.2919100269,0.2209245259,0.1869241413,0.2549249105
real_20240703,real,2024-07-03,adapted,710,0.2212377894,16.39316627,0.9462693049,0.8954255974,0.0003760831516,0.9996239168,932.3803216,705.9697861,0.2921906367,0.2212377894,0.1872374048,0.255238174
real_20240703,real,2024-07-03,adapted,711,0.2215508962,16.37704184,1.422592922,2.023770623,0.0008763750989,0.9991236249,934.4040922,706.9689097,0.2928248487,0.2215508962,0.1875505116,0.2555512808
real_20240703,real,2024-07-03,adapted,712,0.221864243,16.35134739,-0.4701631672,0.2210534038,0.0001102685098,0.9998897315,934.6251456,707.9687994,0.2928941227,0.221864243,0.1878638584,0.2558646276
real_20240703,real,2024-07-03,adapted,713,0.2221772866,16.33679205,-0.4778840083,0.2283731254,0.001077997921,0.9989220021,934.8535187,708.9677214,0.2929656906,0.2221772866,0.188176902,0.2561776712
real_20240703,real,2024-07-03,adapted,714,0.2224905417,16.32937655,1.927320734,3.714565212,0.0004028145975,0.9995971854,938.5680839,709.9673186,0.2941297662,0.2224905417,0.1884901571,0.2564909263
real_20240703,real,2024-07-03,adapted,715,0.2228038248,16.32838713,0.5141562006,0.2643565986,0.0003137545275,0.9996862455,938.8324405,710.9670049,0.2942126106,0.2228038248,0.1888034402,0.2568042094
real_20240703,real,2024-07-03,adapted,716,0.2231171763,16.31263766,-0.6560409749,0.4303897608,9.537484165e-05,0.9999046252,939.2628303,711.9669095,0.2943474868,0.2231171763,0.1891167917,0.2571175609
real_20240703,real,2024-07-03,adapted,717,0.2234301626,16.29155763,-0.08552310081,0.007314200772,0.001260729509,0.9987392705,939.2701445,712.9656488,0.2943497789,0.2234301626,0.189429778,0.2574305472
real_20240703,real,2024-07-03,adapted,718,0.2237432894,16.27381364,0.2123211765,0.04508028199,0.0008121295673,0.9991878704,939.3152248,713.9648366,0.2943639062,0.2237432894,0.1897429048,0.257743674
real_20240703,real,2024-07-03,adapted,719,0.2240563972,16.26704661,-1.031310911,1.063602196,0.0008732406988,0.9991267593,940.378827,714.9639634,0.2946972194,0.2240563972,0.1900560126,0.2580567818
real_20240703,real,2024-07-03,adapted,720,0.2243697547,16.25972122,0.8108304713,0.6574460532,7.599554138e-05,0.9999240045,941.036273,715.9638874,0.2949032507,0.2243697547,0.1903693701,0.2583701393
real_20240703,real,2024-07-03,adapted,721,0.2246829644,16.25051777,0.4669906896,0.2180803042,0.000547989287,0.9994520107,941.2543533,716.9633394,0.294971593,0.2246829644,0.1906825798,0.258683349
real_20240703,real,2024-07-03,adapted,722,0.2249958838,16.2479165,-0.06022419325,0.003626953453,0.001474217605,0.9985257824,941.2579803,717.9618652,0.2949727296,0.2249958838,0.1909954992,0.2589962684
real_20240703,real,2024-07-03,adapted,723,0.2253084223,16.22822484,0.4119968052,0.1697413675,0.002689694096,0.9973103059,941.4277216,718.9591755,0.2950259234,0.2253084223,0.1913080377,0.2593088069
real_20240703,real,2024-07-03,adapted,724,0.2256216955,16.22181893,0.2595053728,0.06734303851,0.0003449936465,0.9996550064,941.4950647,719.9588305,0.2950470275,0.2256216955,0.1916213109,0.2596220801
real_20240703,real,2024-07-03,adapted,725,0.2259347642,16.19834211,1.444273365,2.085925553,0.0009979067731,0.9990020932,943.5809902,720.9578326,0.2957007177,0.2259347642,0.1919343796,0.2599351488
real_20240703,real,2024-07-03,adapted,726,0.2262477252,16.19660075,-0.01024139932,0.00010488626,0.001341389732,0.9986586103,943.5810951,721.9564912,0.2957007506,0.2262477252,0.1922473406,0.2602481098
real_20240703,real,2024-07-03,adapted,727,0.2265610438,16.19042899,0.1298634382,0.01686451259,0.0002003584351,0.9997996416,943.5979596,722.9562908,0.2957060356,0.2265610438,0.1925606592,0.2605614284
real_20240703,real,2024-07-03,adapted,728,0.2268740188,16.18106663,-0.350633394,0.122943777,0.001296775164,0.9987032248,943.7209034,723.9549941,0.2957445639,0.2268740188,0.1928736342,0.2608744034
real_20240703,real,2024-07-03,adapted,729,0.2271868944,16.1655522,-2.032837789,4.132429477,0.001613991671,0.9983860083,947.8533329,724.9533801,0.2970395904,0.2271868944,0.1931865098,0.261187279
real_20240703,real,2024-07-03,adapted,730,0.2274991967,16.1522839,-1.558694176,2.429527533,0.003443349933,0.9965566501,950.2828604,725.9499367,0.2978009591,0.2274991967,0.1934988121,0.2614995813
real_20240703,real,2024-07-03,adapted,731,0.2278120876,16.14925452,1.551330102,2.406625085,0.00156524128,0.9984347587,952.6894855,726.9483715,0.2985551506,0.2278120876,0.193811703,0.2618124722
real_20240703,real,2024-07-03,adapted,732,0.2281248597,16.1370176,-1.265136753,1.600571004,0.001944133904,0.9980558661,954.2900565,727.9464273,0.2990567397,0.2281248597,0.1941244751,0.2621252443
real_20240703,real,2024-07-03,adapted,733,0.2284377789,16.12608361,0.3676147038,0.1351405705,0.00147488453,0.9985251155,954.4251971,728.9449525,0.2990990903,0.2284377789,0.1944373943,0.2624381635
real_20240703,real,2024-07-03,adapted,734,0.2287507312,16.11134802,-0.5617561614,0.3155699848,0.001369201953,0.998630798,954.7407671,729.9435833,0.299197984,0.2287507312,0.1947503466,0.2627511158
real_20240703,real,2024-07-03,adapted,735,0.2290640412,16.10165073,0.7293222793,0.531910987,0.0002277612404,0.9997722388,955.272678,730.9433555,0.299364675,0.2290640412,0.1950636566,0.2630644258
real_20240703,real,2024-07-03,adapted,736,0.2293772025,16.09612628,0.1397514984,0.0195304813,0.0007023295505,0.9992976704,955.2922085,731.9426532,0.2993707955,0.2293772025,0.1953768179,0.2633775871
real_20240703,real,2024-07-03,adapted,737,0.2296904432,16.07910976,1.185147294,1.404574108,0.0004488942154,0.9995511058,956.6967826,732.9422043,0.2998109629,0.2296904432,0.1956900586,0.2636908278
real_20240703,real,2024-07-03,adapted,738,0.230003605,16.07311207,-0.08035903477,0.006457574469,0.0007008706732,0.9992991293,956.7032402,733.9415034,0.2998129866,0.230003605,0.1960032204,0.2640039896
real_20240703,real,2024-07-03,adapted,739,0.2303168492,16.0609784,0.9660942399,0.9333380804,0.0004377540303,0.999562246,957.6365783,734.9410657,0.3001054774,0.2303168492,0.1963164646,0.2643172338
real_20240703,real,2024-07-03,adapted,740,0.2306301431,16.0528084,0.1060280338,0.01124194395,0.0002789251576,0.9997210748,957.6478202,735.9407867,0.3001090004,0.2306301431,0.1966297585,0.2646305277
real_20240703,real,2024-07-03,adapted,741,0.2309433912,16.04641946,-0.0796431434,0.00634303029,0.0004252856971,0.9995747143,957.6541633,736.9403614,0.3001109882,0.2309433912,0.1969430066,0.2649437758
real_20240703,real,2024-07-03,adapted,742,0.2312564116,16.03835298,-1.548753877,2.398638572,0.001151896056,0.9988481039,960.0528018,737.9392095,0.3008626769,0.2312564116,0.197256027,0.2652567962
real_20240703,real,2024-07-03,adapted,743,0.2315693297,16.03435667,0.03810657803,0.001452111289,0.001478598498,0.9985214015,960.0542539,738.9377309,0.3008631319,0.2315693297,0.1975689451,0.2655697143
real_20240703,real,2024-07-03,adapted,744,0.2318824829,16.01797376,-0.4264281258,0.1818409465,0.0007280476148,0.9992719524,960.2360949,739.9370029,0.3009201175,0.2318824829,0.1978820983,0.2658828675
real_20240703,real,2024-07-03,adapted,745,0.2321955784,16.01012193,-0.6354522447,0.4037995554,0.000912289907,0.9990877101,960.6398944,740.9360906,0.3010466607,0.2321955784,0.1981951938,0.266195963
real_20240703,real,2024-07-03,adapted,746,0.2325088207,16.00222518,-1.214928845,1.476052097,0.000443800255,0.9995561997,962.1159465,741.9356468,0.301509228,0.2325088207,0.1985084361,0.2665092053
real_20240703,real,2024-07-03,adapted,747,0.232821126,15.98728761,-0.5151941608,0.2654250233,0.003433826902,0.9965661731,962.3813716,742.932213,0.3015924073,0.232821126,0.1988207414,0.2668215106
real_20240703,real,2024-07-03,adapted,748,0.2331338322,15.98098621,0.2279970539,0.05198265657,0.002154316008,0.997845684,962.4333542,743.9300587,0.3016086977,0.2331338322,0.1991334476,0.2671342168
real_20240703,real,2024-07-03,adapted,749,0.2334468021,15.97094199,0.368191792,0.1355651957,0.001313226097,0.9986867739,962.5689194,744.9287454,0.3016511813,0.2334468021,0.1994464175,0.2674471867
real_20240703,real,2024-07-03,adapted,750,0.233759939,15.95913249,0.4209967981,0.177238304,0.0007801517483,0.9992198483,962.7461577,745.9279653,0.3017067245,0.233759939,0.1997595544,0.2677603236
real_20240703,real,2024-07-03,adapted,751,0.2340731679,15.94297903,-0.2422400117,0.05868022328,0.0004865131888,0.9995134868,962.8048379,746.9274788,0.3017251137,0.2340731679,0.2000727833,0.2680735525
real_20240703,real,2024-07-03,adapted,752,0.2343854213,15.9267476,-0.3931631144,0.1545772345,0.003599477027,0.996400523,962.9594152,747.9238793,0.3017735554,0.2343854213,0.2003850367,0.2683858059
real_20240703,real,2024-07-03,adapted,753,0.2346987038,15.92207365,-0.9464925114,0.8958480741,0.0003155227666,0.9996844772,963.8552633,748.9235638,0.3020542975,0.2346987038,0.2006983192,0.2686990884
real_20240703,real,2024-07-03,adapted,754,0.2350114507,15.90138814,0.4008500683,0.1606807772,0.002024505946,0.9979754941,964.015944,749.9215393,0.3021046518,0.2350114507,0.2010110661,0.2690118353
real_20240703,real,2024-07-03,adapted,755,0.2353245103,15.89663322,-0.2934700484,0.08612466933,0.001026837247,0.9989731628,964.1020687,750.9205124,0.3021316417,0.2353245103,0.2013241257,0.2693248949
real_20240703,real,2024-07-03,adapted,756,0.2356377675,15.8875143,-1.036957509,1.075280875,0.0003962348219,0.9996037652,965.1773496,751.9201162,0.3024686147,0.2356377675,0.2016373829,0.2696381521
real_20240703,real,2024-07-03,adapted,757,0.2359510958,15.88119718,2.128803855,4.531805855,0.000169490316,0.9998305097,969.7091554,752.9199467,0.3038887983,0.2359510958,0.2019507112,0.2699514804
real_20240703,real,2024-07-03,adapted,758,0.2362643454,15.87371869,-0.3244383124,0.1052602185,0.0004205017052,0.9995794983,969.8144156,753.9195262,0.3039217849,0.2362643454,0.2022639608,0.27026473
real_20240703,real,2024-07-03,adapted,759,0.23657651,15.86061486,-0.6018791625,0.3622585262,0.00388287315,0.9961171268,970.1766742,754.9156433,0.30403531,0.23657651,0.2025761254,0.2705768946
real_20240703,real,2024-07-03,adapted,760,0.2368897837,15.84766594,-1.487249588,2.211911336,0.0003436411923,0.9996563588,972.3885855,755.9152997,0.3047284818,0.2368897837,0.2028893991,0.2708901683
real_20240703,real,2024-07-03,adapted,761,0.2372030325,15.83482583,0.2638345164,0.06960865203,0.0004230239088,0.9995769761,972.4581942,756.9148767,0.3047502959,0.2372030325,0.2032026479,0.2712034171
real_20240703,real,2024-07-03,adapted,762,0.2375163425,15.82925098,-0.9358710556,0.8758546327,0.0002276068101,0.9997723932,973.3340488,757.9146491,0.3050247724,0.2375163425,0.2035159579,0.2715167271
real_20240703,real,2024-07-03,adapted,763,0.2378294039,15.81683759,0.2865085911,0.0820871728,0.001021106073,0.9989788939,973.416136,758.913628,0.305050497,0.2378294039,0.2038290193,0.2718297885
real_20240703,real,2024-07-03,adapted,764,0.2381415853,15.81154767,-0.7586497385,0.5755494258,0.003829345009,0.996170655,973.9916854,759.9097986,0.3052308635,0.2381415853,0.2041412007,0.2721419699
real_20240703,real,2024-07-03,adapted,765,0.2384549285,15.79696495,-0.8663661168,0.7505902484,0.0001216370692,0.9998783629,974.7422756,760.909677,0.3054660845,0.2384549285,0.2044545439,0.2724553131
real_20240703,real,2024-07-03,adapted,766,0.2387682348,15.78790132,-1.238085971,1.532856871,0.0002395828622,0.9997604171,976.2751325,761.9094374,0.3059464533,0.2387682348,0.2047678502,0.2727686194
real_20240703,real,2024-07-03,adapted,767,0.239080734,15.78337827,-0.1665083814,0.02772504106,0.002815332851,0.9971846671,976.3028576,762.9066221,0.3059551418,0.239080734,0.2050803494,0.2730811186
real_20240703,real,2024-07-03,adapted,768,0.2393939365,15.7796388,0.2857803784,0.08167042469,0.0005707623758,0.9994292376,976.384528,763.9060513,0.3059807358,0.2393939365,0.2053935519,0.2733943211
real_20240703,real,2024-07-03,adapted,769,0.2397067288,15.76991695,-0.03362103139,0.001130373751,0.001879845978,0.998120154,976.3856584,764.9041714,0.3059810901,0.2397067288,0.2057063442,0.2737071134
real_20240703,real,2024-07-03,adapted,770,0.2400199638,15.75760054,-0.3035464286,0.09214043429,0.0004668821412,0.9995331179,976.4777988,765.9037046,0.3060099651,0.2400199638,0.2060195792,0.2740203484
real_20240703,real,2024-07-03,adapted,771,0.2403329178,15.74163544,0.522308587,0.27280626,0.001363787491,0.9986362125,976.750605,766.9023408,0.3060954576,0.2403329178,0.2063325332,0.2743333024
real_20240703,real,2024-07-03,adapted,772,0.2406461763,15.71870544,-0.9687679942,0.9385114267,0.0003921404108,0.9996078596,977.6891165,767.9019486,0.3063895696,0.2406461763,0.2066457917,0.2746465609
real_20240703,real,2024-07-03,adapted,773,0.2409594741,15.70616587,-1.232742323,1.519653635,0.0002668502468,0.9997331498,979.2087701,768.9016818,0.3068658007,0.2409594741,0.2069590895,0.2749598587
real_20240703,real,2024-07-03,adapted,774,0.2412726218,15.69745524,1.248005473,1.557517661,0.0007457752979,0.9992542247,980.7662878,769.900936,0.3073538978,0.2412726218,0.2072722372,0.2752730064
real_20240703,real,2024-07-03,adapted,775,0.2415846272,15.6944098,0.895914225,0.8026622985,0.004390561,0.995609439,981.5689501,770.8965455,0.3076054372,0.2415846272,0.2075842426,0.2755850118
real_20240703,real,2024-07-03,adapted,776,0.2418978429,15.67951992,-0.05994367541,0.003593244221,0.000528638297,0.9994713617,981.5725433,771.8960168,0.3076065632,0.2418978429,0.2078974583,0.2758982275
real_20240703,real,2024-07-03,adapted,777,0.2422111417,15.65951628,-1.49945964,2.248379211,0.0002635117346,0.9997364883,983.8209225,772.8957533,0.3083111634,0.2422111417,0.2082107571,0.2762115263
real_20240703,real,2024-07-03,adapted,778,0.2425241724,15.6568599,2.550130823,6.503167213,0.001119195561,0.9988808044,990.3240897,773.8946341,0.310349135,0.2425241724,0.2085237878,0.276524557
real_20240703,real,2024-07-03,adapted,779,0.2428373474,15.64917081,0.4193272496,0.1758353423,0.0006585377176,0.9993414623,990.4999251,774.8939756,0.3104042385,0.2428373474,0.2088369628,0.276837732
real_20240703,real,2024-07-03,adapted,780,0.24315059,15.63844176,0.6612064714,0.4371939978,0.0004427373507,0.9995572626,990.9371191,775.8935328,0.310541247,0.24315059,0.2091502054,0.2771509746
real_20240703,real,2024-07-03,adapted,781,0.2434636203,15.63553972,-2.253678153,5.079065218,0.001120409956,0.99887959,996.0161843,776.8924124,0.3121329315,0.2434636203,0.2094632357,0.2774640049
real_20240703,real,2024-07-03,adapted,782,0.2437767966,15.62384983,1.494346753,2.233072217,0.0006546032185,0.9993453968,998.2492565,777.8917578,0.3128327347,0.2437767966,0.209776412,0.2777771812
real_20240703,real,2024-07-03,adapted,783,0.2440898867,15.61158523,-0.7707720274,0.5940895182,0.0009294798586,0.9990705201,998.843346,778.8908283,0.3130189113,0.2440898867,0.2100895021,0.2780902713
real_20240703,real,2024-07-03,adapted,784,0.2444029097,15.59723496,0.9211883224,0.8485879253,0.001143585446,0.9988564146,999.691934,779.8896848,0.313284843,0.2444029097,0.2104025251,0.2784032943
real_20240703,real,2024-07-03,adapted,785,0.2447159151,15.58682863,0.4003746741,0.1602998797,0.001199647257,0.9988003527,999.8522338,780.8884851,0.313335078,0.2447159151,0.2107155305,0.2787162997
real_20240703,real,2024-07-03,adapted,786,0.2450291017,15.57216183,-0.4880943998,0.2382361431,0.0006216105116,0.9993783895,1000.09047,781.8878635,0.3134097368,0.2450291017,0.2110287171,0.2790294863
real_20240703,real,2024-07-03,adapted,787,0.2453421357,15.56599937,0.3277115974,0.1073948911,0.001108488922,0.9988915111,1000.197865,782.886755,0.3134433923,0.2453421357,0.2113417511,0.2793425203
real_20240703,real,2024-07-03,adapted,788,0.2456554268,15.55660103,-1.018573857,1.037492702,0.0002881098811,0.9997118901,1001.235358,783.8864669,0.3137685232,0.2456554268,0.2116550422,0.2796558114
real_20240703,real,2024-07-03,adapted,789,0.2459670277,15.55132268,-0.2440052119,0.05953854345,0.005681359759,0.9943186402,1001.294896,784.8807855,0.3137871815,0.2459670277,0.2119666431,0.2799674123
real_20240703,real,2024-07-03,adapted,790,0.246276644,15.54199228,1.767381986,3.123639083,0.01201467529,0.9879853247,1004.418535,785.8687709,0.3147660718,0.246276644,0.2122762594,0.2802770286
real_20240703,real,2024-07-03,adapted,791,0.2465899066,15.5310011,-1.911188806,3.652642654,0.0003789467211,0.9996210533,1008.071178,786.8683919,0.315910742,0.2465899066,0.212589522,0.2805902912
real_20240703,real,2024-07-03,adapted,792,0.2469032111,15.51034694,-0.3909001332,0.1528029141,0.0002451934429,0.9997548066,1008.223981,787.8681467,0.3159586276,0.2469032111,0.2129028265,0.2809035957
real_20240703,real,2024-07-03,adapted,793,0.2472161527,15.50507146,0.5550035988,0.3080289947,0.001403343779,0.9985966562,1008.53201,788.8667434,0.3160551582,0.2472161527,0.2132157681,0.2812165373
real_20240703,real,2024-07-03,adapted,794,0.2475284999,15.49768939,1.11955735,1.253408659,0.003300202806,0.9966997972,1009.785418,789.8634432,0.3164479531,0.2475284999,0.2135281153,0.2815288845
real_20240703,real,2024-07-03,adapted,795,0.2478418521,15.48694401,0.7278525952,0.5297694003,9.311555316e-05,0.9999068844,1010.315188,790.8633501,0.316613973,0.2478418521,0.2138414675,0.2818422367
real_20240703,real,2024-07-03,adapted,796,0.2481547882,15.47889763,1.393044305,1.940572435,0.001421052125,0.9985789479,1012.25576,791.861929,0.3172221123,0.2481547882,0.2141544036,0.2821551728
real_20240703,real,2024-07-03,adapted,797,0.248467706,15.46602474,0.2840750432,0.08069863015,0.00147902041,0.9985209796,1012.336459,792.86045,0.3172474017,0.248467706,0.2144673214,0.2824680906
real_20240703,real,2024-07-03,adapted,798,0.2487809793,15.46015394,-0.0215997244,0.0004665480942,0.0003450995438,0.9996549005,1012.336925,793.8601049,0.3172475479,0.2487809793,0.2147805947,0.2827813639
real_20240703,real,2024-07-03,adapted,799,0.2490940033,15.4527545,-0.2442693673,0.0596675238,0.001140216821,0.9988597832,1012.396593,794.8589647,0.3172662466,0.2490940033,0.2150936187,0.2830943879
real_20240703,real,2024-07-03,adapted,800,0.2494060475,15.43968376,-0.6891438692,0.4749192724,0.004266943554,0.9957330564,1012.871512,795.8546977,0.3174150775,0.2494060475,0.2154056629,0.2834064321
real_20240703,real,2024-07-03,adapted,801,0.2497191759,15.42378892,0.4509797934,0.203382774,0.0008074098015,0.9991925902,1013.074895,796.8538903,0.3174788139,0.2497191759,0.2157187913,0.2837195605
real_20240703,real,2024-07-03,adapted,802,0.2500324572,15.41405062,1.496204469,2.238627813,0.0003194970057,0.999680503,1015.313523,797.8535708,0.3181803581,0.2500324572,0.2160320726,0.2840328418
real_20240703,real,2024-07-03,adapted,803,0.2503452133,15.41032107,-1.513160482,2.289654645,0.00199513386,0.9980048661,1017.603177,798.8515757,0.3188978933,0.2503452133,0.2163448287,0.2843455979
real_20240703,real,2024-07-03,adapted,804,0.2506573896,15.40708687,0.1254611649,0.0157405039,0.003845490712,0.9961545093,1017.618918,799.8477302,0.3189028261,0.2506573896,0.216657005,0.2846577742
real_20240703,real,2024-07-03,adapted,805,0.2509705116,15.39267721,0.2774343221,0.07696980306,0.0008278160103,0.999172184,1017.695888,800.8469024,0.318926947,0.2509705116,0.216970127,0.2849708962
real_20240703,real,2024-07-03,adapted,806,0.2512837356,15.38067621,-1.003881611,1.007778289,0.0005021956253,0.9994978044,1018.703666,801.8464002,0.3192427659,0.2512837356,0.217283351,0.2852841202
real_20240703,real,2024-07-03,adapted,807,0.2515958264,15.37059908,1.078204219,1.162524339,0.004118273876,0.9958817261,1019.86619,802.8422819,0.3196070794,0.2515958264,0.2175954418,0.285596211
real_20240703,real,2024-07-03,adapted,808,0.2519089905,15.36510124,-0.2884704386,0.08321519395,0.0006933124058,0.9993066876,1019.949406,803.8415886,0.3196331575,0.2519089905,0.2179086059,0.2859093751
real_20240703,real,2024-07-03,adapted,809,0.2522221846,15.35962115,1.565664207,2.451304409,0.0005973807004,0.9994026193,1022.40071,804.8409912,0.3204013507,0.2522221846,0.2182218,0.2862225692
real_20240703,real,2024-07-03,adapted,810,0.2525347368,15.3513967,-1.764153633,3.112238039,0.002646028969,0.997353971,1025.512948,805.8383452,0.3213766681,0.2525347368,0.2185343522,0.2865351214
real_20240703,real,2024-07-03,adapted,811,0.2528479791,15.33627697,0.9304235508,0.8656879839,0.0004439772949,0.9995560227,1026.378636,806.8379012,0.3216479586,0.2528479791,0.2188475945,0.2868483637
real_20240703,real,2024-07-03,adapted,812,0.2531577091,15.32985203,-0.8386399757,0.7033170089,0.011651475,0.988348525,1027.081953,807.8262497,0.3218683651,0.2531577091,0.2191573245,0.2871580937
real_20240703,real,2024-07-03,adapted,813,0.2534707673,15.31585625,-2.091377771,4.373860983,0.001031218913,0.9989687811,1031.455814,808.8252185,0.3232390517,0.2534707673,0.2194703827,0.2874711519
real_20240703,real,2024-07-03,adapted,814,0.2537828696,15.30896468,0.1463403785,0.02141550637,0.004081674681,0.9959183253,1031.47723,809.8211368,0.3232457629,0.2537828696,0.219782485,0.2877832542
real_20240703,real,2024-07-03,adapted,815,0.2540959318,15.2993289,0.4138941882,0.171308399,0.001018547221,0.9989814528,1031.648538,810.8201183,0.3232994478,0.2540959318,0.2200955472,0.2880963164
real_20240703,real,2024-07-03,adapted,816,0.2544030675,15.29066132,0.4637424479,0.215057058,0.01992980087,0.9800701991,1031.863595,811.8001885,0.3233668427,0.2544030675,0.2204026829,0.2884034521
real_20240703,real,2024-07-03,adapted,817,0.2547160632,15.28775813,-0.472052832,0.2228338762,0.001230880643,0.9987691194,1032.086429,812.7989576,0.3234366747,0.2547160632,0.2207156786,0.2887164478
real_20240703,real,2024-07-03,adapted,818,0.2550291242,15.27292765,-0.1212895646,0.01471115849,0.001022277041,0.998977723,1032.10114,813.7979353,0.3234412849,0.2550291242,0.2210287396,0.2890295088
real_20240703,real,2024-07-03,adapted,819,0.2553422994,15.26826931,0.9770821983,0.9546896222,0.0006578204243,0.9993421796,1033.05583,814.7972775,0.3237404668,0.2553422994,0.2213419148,0.289342684
real_20240703,real,2024-07-03,adapted,820,0.2556551687,15.26088085,1.377056567,1.896284789,0.001634099605,0.9983659004,1034.952114,815.7956434,0.3243347272,0.2556551687,0.2216547841,0.2896555533
real_20240703,real,2024-07-03,adapted,821,0.2559680385,15.25762808,-0.7657284219,0.5863400161,0.00163247579,0.9983675242,1035.538454,816.7940109,0.3245184752,0.2559680385,0.2219676539,0.2899684231
real_20240703,real,2024-07-03,adapted,822,0.2562808339,15.24101891,0.6246960535,0.3902451593,0.001870053279,0.9981299467,1035.9287,817.7921409,0.3246407708,0.2562808339,0.2222804493,0.2902812185
real_20240703,real,2024-07-03,adapted,823,0.2565931833,15.23361416,1.030957507,1.062873381,0.00329305596,0.996706944,1036.991573,818.7888478,0.3249738555,0.2565931833,0.2225927987,0.2905935679
real_20240703,real,2024-07-03,adapted,824,0.2569064135,15.22440804,-1.53754444,2.364042904,0.0004824212863,0.9995175787,1039.355616,819.7883654,0.3257147026,0.2569064135,0.2229060289,0.2909067981
real_20240703,real,2024-07-03,adapted,825,0.2572196032,15.22351792,0.7134679519,0.5090365184,0.0006117291682,0.9993882708,1039.864652,820.7877537,0.3258742251,0.2572196032,0.2232192186,0.2912199878
real_20240703,real,2024-07-03,adapted,826,0.2575326781,15.20830836,0.7495541976,0.5618314951,0.0009778590898,0.9990221409,1040.426484,821.7867758,0.3260502927,0.2575326781,0.2235322935,0.2915330627
real_20240703,real,2024-07-03,adapted,827,0.2578454043,15.19710281,-1.011582964,1.023300094,0.002090578328,0.9979094217,1041.449784,822.7846852,0.3263709759,0.2578454043,0.2238450197,0.2918457889
real_20240703,real,2024-07-03,adapted,828,0.2581582361,15.18908726,0.05275283494,0.002782861594,0.001753736393,0.9982462636,1041.452567,823.7829315,0.326371848,0.2581582361,0.2241578515,0.2921586207
real_20240703,real,2024-07-03,adapted,829,0.258471473,15.1814041,-0.9176930496,0.8421605332,0.0004611310928,0.9995388689,1042.294727,824.7824704,0.3266357654,0.258471473,0.2244710884,0.2924718576
real_20240703,real,2024-07-03,adapted,830,0.258784438,15.17407709,-1.096578704,1.202484855,0.001328702388,0.9986712976,1043.497212,825.7811417,0.3270126018,0.258784438,0.2247840534,0.2927848226
real_20240703,real,2024-07-03,adapted,831,0.2590967882,15.16940415,-0.1435672354,0.02061155107,0.003290451077,0.9967095489,1043.517824,826.7778512,0.327019061,0.2590967882,0.2250964036,0.2930971728
real_20240703,real,2024-07-03,adapted,832,0.2594096991,15.16233541,-0.358094235,0.1282314811,0.00150145628,0.9984985437,1043.646055,827.7763498,0.3270592464,0.2594096991,0.2254093145,0.2934100837
real_20240703,real,2024-07-03,adapted,833,0.2597224904,15.14483892,-1.204188276,1.450069403,0.001882864602,0.9981171354,1045.096125,828.7744669,0.3275136712,0.2597224904,0.2257221058,0.293722875
real_20240703,real,2024-07-03,adapted,834,0.260032226,15.14177563,-0.894329397,0.7998250703,0.01163357923,0.9883664208,1045.89595,829.7628333,0.3277643214,0.260032226,0.2260318414,0.2940326106
real_20240703,real,2024-07-03,adapted,835,0.2603453866,15.13011023,0.4815504323,0.2318908189,0.0007045793623,0.9992954206,1046.127841,830.7621287,0.3278369917,0.2603453866,0.226345002,0.2943457712
real_20240703,real,2024-07-03,adapted,836,0.2606582176,15.11957993,0.3142289436,0.09873982902,0.001756472002,0.998243528,1046.22658,831.7603723,0.3278679349,0.2606582176,0.226657833,0.2946586022
real_20240703,real,2024-07-03,adapted,837,0.260970442,15.11210638,-0.7288801231,0.5312662339,0.003691994659,0.9963080053,1046.757847,832.7566803,0.3280344239,0.260970442,0.2269700574,0.2949708266
real_20240703,real,2024-07-03,adapted,838,0.2612835363,15.1068904,0.2300903133,0.05294155226,0.0009157893002,0.9990842107,1046.810788,833.7557645,0.3280510148,0.2612835363,0.2272831517,0.2952839209
real_20240703,real,2024-07-03,adapted,839,0.2615958567,15.0999137,-0.3125628585,0.09769554049,0.003385865489,0.9966141345,1046.908484,834.7523786,0.3280816307,0.2615958567,0.2275954721,0.2955962413
real_20240703,real,2024-07-03,adapted,840,0.2619078061,15.08839211,0.04202847327,0.001766392566,0.004569358289,0.9954306417,1046.91025,835.7478093,0.3280821843,0.2619078061,0.2279074215,0.2959081907
real_20240703,real,2024-07-03,adapted,841,0.2622206998,15.07960483,0.6613124594,0.4373341689,0.00155632045,0.9984436795,1047.347584,836.7462529,0.3282192367,0.2622206998,0.2282203152,0.2962210844
real_20240703,real,2024-07-03,adapted,842,0.2625223367,15.07854689,1.582560998,2.504499312,0.03747659252,0.9625234075,1049.852084,837.7087763,0.3290041002,0.2625223367,0.2285219521,0.2965227213
real_20240703,real,2024-07-03,adapted,843,0.2628353286,15.06440059,0.8943880786,0.7999300352,0.00124280153,0.9987571985,1050.652014,838.7075335,0.3292547833,0.2628353286,0.228834944,0.2968357132
real_20240703,real,2024-07-03,adapted,844,0.2631486302,15.05626161,-0.1605838579,0.02578717541,0.0002545188646,0.9997454811,1050.677801,839.707279,0.3292628646,0.2631486302,0.2291482456,0.2971490148
real_20240703,real,2024-07-03,adapted,845,0.2634602124,15.05233649,-0.001332341533,1.77513396e-06,0.005741411039,0.994258589,1050.677803,840.7015376,0.3292628651,0.2634602124,0.2294598278,0.297460597
real_20240703,real,2024-07-03,adapted,846,0.2637734604,15.04357413,1.135487652,1.289332207,0.0004254282094,0.9995745718,1051.967135,841.7011122,0.3296669178,0.2637734604,0.2297730758,0.297773845
real_20240703,real,2024-07-03,adapted,847,0.2640864885,15.03698048,-1.222037755,1.493376275,0.001127486816,0.9988725132,1053.460511,842.6999847,0.3301349142,0.2640864885,0.2300861039,0.2980868731
real_20240703,real,2024-07-03,adapted,848,0.2643989453,15.02724481,-0.7044530033,0.4962540338,0.002950164841,0.9970498352,1053.956765,843.6970345,0.3302904309,0.2643989453,0.2303985607,0.2983993299
real_20240703,real,2024-07-03,adapted,849,0.2647116916,15.01881191,-0.6210979143,0.3857626192,0.002026485761,0.9979735142,1054.342528,844.6950081,0.3304113218,0.2647116916,0.230711307,0.2987120762
real_20240703,real,2024-07-03,adapted,850,0.2650239365,15.01267269,0.4867484301,0.2369240342,0.003626552827,0.9963734472,1054.579452,845.6913815,0.3304855693,0.2650239365,0.2310235519,0.2990243211
real_20240703,real,2024-07-03,adapted,851,0.2653358126,14.99376191,1.235764788,1.52711461,0.004803562668,0.9951964373,1056.106566,846.6865779,0.3309641386,0.2653358126,0.231335428,0.2993361972
real_20240703,real,2024-07-03,adapted,852,0.2656487709,14.98880624,-0.358693041,0.1286606977,0.001350153182,0.9986498468,1056.235227,847.6852278,0.3310044585,0.2656487709,0.2316483863,0.2996491555
real_20240703,real,2024-07-03,adapted,853,0.2659615982,14.97739437,-1.167538529,1.363146218,0.001767945477,0.9982320545,1057.598373,848.6834598,0.3314316431,0.2659615982,0.2319612136,0.2999619828
real_20240703,real,2024-07-03,adapted,854,0.2662722733,14.97425816,0.1730577559,0.02994898686,0.008635757959,0.991364242,1057.628322,849.6748241,0.3314410286,0.2662722733,0.2322718887,0.3002726579
real_20240703,real,2024-07-03,adapted,855,0.2665848459,14.95627333,0.4567731558,0.2086417159,0.002580897475,0.9974191025,1057.836964,850.6722432,0.331506413,0.2665848459,0.2325844613,0.3005852305
real_20240703,real,2024-07-03,adapted,856,0.2668958652,14.95072603,-0.4960742654,0.2460896768,0.007537299004,0.992462701,1058.083054,851.6647059,0.331583533,0.2668958652,0.2328954806,0.3008962498
real_20240703,real,2024-07-03,adapted,857,0.2672084859,14.94238415,0.7729226667,0.5974094487,0.002427284279,0.9975727157,1058.680463,852.6622786,0.33177075,0.2672084859,0.2332081013,0.3012088705
real_20240703,real,2024-07-03,adapted,858,0.2675214965,14.93350171,0.2055152178,0.04223650474,0.001183203145,0.9988167969,1058.7227,853.6610954,0.3317839861,0.2675214965,0.2335211119,0.3015218811
real_20240703,real,2024-07-03,adapted,859,0.2678347699,14.92691742,-0.3584858822,0.1285121277,0.0003444978483,0.9996555022,1058.851212,854.6607509,0.3318242594,0.2678347699,0.2338343853,0.3018351545
real_20240703,real,2024-07-03,adapted,860,0.2681479194,14.91920279,0.1560035228,0.02433709912,0.0007401947751,0.9992598052,1058.875549,855.6600107,0.3318318862,0.2681479194,0.2341475348,0.302148304
real_20240703,real,2024-07-03,adapted,861,0.2684611882,14.90544235,0.1381308489,0.01908013142,0.0003590120207,0.999640988,1058.894629,856.6596517,0.3318378655,0.2684611882,0.2344608036,0.3024615728
real_20240703,real,2024-07-03,adapted,862,0.2687720618,14.90209644,-1.320402852,1.743463691,0.008002446654,0.9919975533,1060.638093,857.6516492,0.3323842346,0.2687720618,0.2347716772,0.3027724464
real_20240703,real,2024-07-03,adapted,863,0.2690850756,14.89331295,0.8235387814,0.6782161244,0.001173026911,0.9988269731,1061.316309,858.6504762,0.3325967749,0.2690850756,0.235084691,0.3030854602
real_20240703,real,2024-07-03,adapted,864,0.2693981249,14.88618273,0.4830787153,0.2333650452,0.001059584363,0.9989404156,1061.549674,859.6494166,0.3326699072,0.2693981249,0.2353977403,0.3033985095
real_20240703,real,2024-07-03,adapted,865,0.2697099426,14.88404774,1.27861652,1.634860205,0.004989929681,0.9950100703,1063.184534,860.6444267,0.3331822419,0.2697099426,0.235709558,0.3037103272
real_20240703,real,2024-07-03,adapted,866,0.2700232273,14.87379877,0.100088148,0.01001763736,0.0003082546181,0.9996917454,1063.194552,861.6441184,0.3331853813,0.2700232273,0.2360228427,0.3040236119
real_20240703,real,2024-07-03,adapted,867,0.2703365324,14.862434,0.4686168011,0.2196017063,0.0002435526718,0.9997564473,1063.414153,862.6438749,0.3332542004,0.2703365324,0.2363361478,0.304336917
real_20240703,real,2024-07-03,adapted,868,0.2706490389,14.85847751,0.351584351,0.1236115559,0.002791728461,0.9972082715,1063.537765,863.6410832,0.3332929379,0.2706490389,0.2366486543,0.3046494235
real_20240703,real,2024-07-03,adapted,869,0.2709598014,14.84380441,-0.2042304794,0.04171008871,0.008356748298,0.9916432517,1063.579475,864.6327264,0.3333060091,0.2709598014,0.2369594168,0.304960186
real_20240703,real,2024-07-03,adapted,870,0.2712729669,14.83516284,0.6240124301,0.3893915129,0.0006890815718,0.9993109184,1063.968867,865.6320373,0.3334280371,0.2712729669,0.2372725823,0.3052733515
real_20240703,real,2024-07-03,adapted,871,0.2715859396,14.83222285,0.6626494548,0.4391043,0.001304169818,0.9986958302,1064.407971,866.6307332,0.3335656443,0.2715859396,0.237585555,0.3055863242
real_20240703,real,2024-07-03,adapted,872,0.2718970543,14.82436704,-1.103153832,1.216948376,0.007232916358,0.9927670836,1065.624919,867.6235003,0.3339470132,0.2718970543,0.2378966697,0.3058974389
real_20240703,real,2024-07-03,adapted,873,0.272210088,14.80602408,0.4410399295,0.1945162194,0.001109583751,0.9988904162,1065.819435,868.6223907,0.334007971,0.272210088,0.2382097034,0.3062104726
real_20240703,real,2024-07-03,adapted,874,0.2725227964,14.79721254,0.5738829167,0.3293416021,0.002147473302,0.9978525267,1066.148777,869.6202432,0.3341111805,0.2725227964,0.2385224118,0.306523181
real_20240703,real,2024-07-03,adapted,875,0.2728342873,14.78145733,0.8264279771,0.6829832013,0.00603228212,0.9939677179,1066.83176,870.6142109,0.3343252147,0.2728342873,0.2388339027,0.3068346719
real_20240703,real,2024-07-03,adapted,876,0.2731470967,14.77601568,0.5954954035,0.3546147756,0.001825347574,0.9981746524,1067.186375,871.6123856,0.3344363444,0.2731470967,0.2391467121,0.3071474813
real_20240703,real,2024-07-03,adapted,877,0.2734586836,14.77202211,1.731434514,2.997865476,0.005726119113,0.9942738809,1070.18424,872.6066594,0.3353758196,0.2734586836,0.239458299,0.3074590682
real_20240703,real,2024-07-03,adapted,878,0.273772002,14.75469587,-0.3281188196,0.1076619598,0.000200929016,0.999799071,1070.291902,873.6064585,0.3354095589,0.273772002,0.2397716174,0.3077723866
real_20240703,real,2024-07-03,adapted,879,0.2740851419,14.75271981,0.6819250156,0.4650217269,0.0007707072358,0.9992292928,1070.756924,874.6056878,0.3355552881,0.2740851419,0.2400847573,0.3080855265
real_20240703,real,2024-07-03,adapted,880,0.2743979979,14.74555883,0.3183374536,0.1013387344,0.001676357047,0.998323643,1070.858263,875.6040115,0.3355870457,0.2743979979,0.2403976133,0.3083983825
real_20240703,real,2024-07-03,adapted,881,0.2747093464,14.73918769,-0.05792349215,0.003355130943,0.006487083727,0.9935129163,1070.861618,876.5975244,0.3355880972,0.2747093464,0.2407089618,0.308709731
real_20240703,real,2024-07-03,adapted,882,0.2750226196,14.73131766,1.439010686,2.070751754,0.0003453211626,0.9996546788,1072.93237,877.597179,0.3362370322,0.2750226196,0.241022235,0.3090230042
real_20240703,real,2024-07-03,adapted,883,0.2753358837,14.72491238,0.1408512697,0.01983908018,0.0003743011018,0.9996256989,1072.952209,878.5968047,0.3362432494,0.2753358837,0.2413354991,0.3093362683
real_20240703,real,2024-07-03,adapted,884,0.2756487296,14.7142664,-0.1421402403,0.02020384791,0.00170864605,0.998291354,1072.972413,879.5950961,0.3362495809,0.2756487296,0.241648345,0.3096491142
real_20240703,real,2024-07-03,adapted,885,0.2759612054,14.69932077,0.1330294497,0.01769683448,0.002889729419,0.9971102706,1072.99011,880.5922064,0.3362551268,0.2759612054,0.2419608208,0.30996159
real_20240703,real,2024-07-03,adapted,886,0.2762740992,14.69458971,-1.674839646,2.805087841,0.001555710878,0.9984442891,1075.795197,881.5906507,0.3371341891,0.2762740992,0.2422737146,0.3102744838
real_20240703,real,2024-07-03,adapted,887,0.2765814257,14.68603747,0.07378169924,0.005443739142,0.01932115247,0.9806788475,1075.800641,882.5713295,0.3371358951,0.2765814257,0.2425810411,0.3105818103
real_20240703,real,2024-07-03,adapted,888,0.2768923028,14.68333504,0.1407953403,0.01982332786,0.007991158027,0.992008842,1075.820464,883.5633384,0.3371421073,0.2768923028,0.2428919182,0.3108926874
real_20240703,real,2024-07-03,adapted,889,0.2772051621,14.67629055,-1.654200596,2.73637961,0.001666073263,0.9983339267,1078.556844,884.5616723,0.3379996378,0.2772051621,0.2432047775,0.3112055467
real_20240703,real,2024-07-03,adapted,890,0.2775164064,14.66999274,0.5248107025,0.2754262734,0.006819313787,0.9931806862,1078.83227,885.554853,0.3380859512,0.2775164064,0.2435160218,0.311516791
real_20240703,real,2024-07-03,adapted,891,0.2778287146,14.65942877,0.003924542288,1.540203217e-05,0.00342463384,0.9965753662,1078.832286,886.5514283,0.338085956,0.2778287146,0.24382833,0.3118290992
real_20240703,real,2024-07-03,adapted,892,0.2781419629,14.65251736,-0.3596838457,0.1293724689,0.0004246043916,0.9995753956,1078.961658,887.5510037,0.338126499,0.2781419629,0.2441415783,0.3121423475
real_20240703,real,2024-07-03,adapted,893,0.2784540434,14.64680764,-1.482402394,2.197516858,0.004151315658,0.9958486843,1081.159175,888.5468524,0.3388151598,0.2784540434,0.2444536588,0.312454428
real_20240703,real,2024-07-03,adapted,894,0.2787673149,14.63922807,-2.122278676,4.504066778,0.0003506115626,0.9996493884,1085.663242,889.5465018,0.3402266505,0.2787673149,0.2447669303,0.3127676995
real_20240703,real,2024-07-03,adapted,895,0.2790806098,14.63652249,-0.4401748202,0.1937538723,0.0002758396473,0.9997241604,1085.856996,890.546226,0.3402873694,0.2790806098,0.2450802252,0.3130809944
real_20240703,real,2024-07-03,adapted,896,0.2793936813,14.63015033,-0.5549525907,0.307972378,0.0009889855266,0.9990110145,1086.164968,891.545237,0.3403838822,0.2793936813,0.2453932967,0.3133940659
real_20240703,real,2024-07-03,adapted,897,0.2797018131,14.62408848,-1.044255747,1.090470064,0.01675133498,0.983248665,1087.255438,892.5284856,0.3407256152,0.2797018131,0.2457014285,0.3137021977
real_20240703,real,2024-07-03,adapted,898,0.2800097249,14.61655574,0.8623994813,0.7437328653,0.01745363072,0.9825463693,1087.999171,893.511032,0.3409586873,0.2800097249,0.2460093403,0.3140101095
real_20240703,real,2024-07-03,adapted,899,0.2803230143,14.61522272,0.2451488739,0.06009797039,0.0002934122935,0.9997065877,1088.059269,894.5107386,0.3409775208,0.2803230143,0.2463226297,0.3143233989
real_20240703,real,2024-07-03,adapted,900,0.2806361016,14.61105525,0.09894054507,0.009789231458,0.0009382414786,0.9990617585,1088.069058,895.5098004,0.3409805886,0.2806361016,0.246635717,0.3146364862
real_20240703,real,2024-07-03,adapted,901,0.2809439897,14.60603327,-0.9858894119,0.9719779326,0.01752906612,0.9824709339,1089.041036,896.4922713,0.3412851884,0.2809439897,0.2469436051,0.3149443743
real_20240703,real,2024-07-03,adapted,902,0.2812568307,14.59790606,0.4368003249,0.1907945238,0.001724600799,0.9982753992,1089.231831,897.4905467,0.3413449798,0.2812568307,0.2472564461,0.3152572153
real_20240703,real,2024-07-03,adapted,903,0.2815684754,14.58857565,0.03482111026,0.00121250972,0.005541809359,0.9944581906,1089.233043,898.4850049,0.3413453598,0.2815684754,0.2475680908,0.31556886
real_20240703,real,2024-07-03,adapted,904,0.281881713,14.58448933,-1.749216814,3.059759463,0.0004587335058,0.9995412665,1092.292803,899.4845461,0.3423042315,0.281881713,0.2478813284,0.3158820976
real_20240703,real,2024-07-03,adapted,905,0.2821948314,14.58030504,-0.01032002522,0.0001065029206,0.0008390235428,0.9991609765,1092.292909,900.4837071,0.3423042649,0.2821948314,0.2481944468,0.316195216
real_20240703,real,2024-07-03,adapted,906,0.2825073355,14.56692073,-0.5975761286,0.3570972295,0.002799621202,0.9972003788,1092.650006,901.4809075,0.3424161725,0.2825073355,0.2485069509,0.3165077201
real_20240703,real,2024-07-03,adapted,907,0.2828204414,14.55665935,-1.539653791,2.370533798,0.000879016359,0.9991209836,1095.02054,902.4800285,0.3431590536,0.2828204414,0.2488200568,0.316820826
real_20240703,real,2024-07-03,adapted,908,0.2831336254,14.55490263,0.2329398391,0.05426096865,0.0006299746457,0.9993700254,1095.074801,903.4793985,0.343176058,0.2831336254,0.2491332408,0.31713401
real_20240703,real,2024-07-03,adapted,909,0.2834454804,14.54434294,-0.03072549973,0.0009440563338,0.004870463669,0.9951295363,1095.075745,904.474528,0.3431763539,0.2834454804,0.2494450958,0.317445865
real_20240703,real,2024-07-03,adapted,910,0.2837584157,14.52944365,-0.1883895492,0.03549062225,0.001423572627,0.9985764274,1095.111236,905.4731045,0.343187476,0.2837584157,0.2497580311,0.3177588003
real_20240703,real,2024-07-03,adapted,911,0.2840714359,14.52618341,-0.6676266602,0.4457253574,0.001152638002,0.998847362,1095.556961,906.4719518,0.343327158,0.2840714359,0.2500710513,0.3180718205
real_20240703,real,2024-07-03,adapted,912,0.2843847399,14.52060454,0.06450226237,0.00416054185,0.0002467895042,0.9997532105,1095.561122,907.471705,0.3433284618,0.2843847399,0.2503843553,0.3183851245
real_20240703,real,2024-07-03,adapted,913,0.2846956697,14.51618836,-0.6116225377,0.3740821286,0.007822952403,0.9921770476,1095.935204,908.4638821,0.3434456922,0.2846956697,0.2506952851,0.3186960543
real_20240703,real,2024-07-03,adapted,914,0.2850063656,14.50200438,1.039270115,1.080082373,0.008569556503,0.9914304435,1097.015286,909.4553125,0.3437841699,0.2850063656,0.251005981,0.3190067502
real_20240703,real,2024-07-03,adapted,915,0.2853194942,14.49459696,-0.1438757648,0.02070023571,0.0008064934042,0.9991935066,1097.035986,910.454506,0.343790657,0.2853194942,0.2513191096,0.3193198788
real_20240703,real,2024-07-03,adapted,916,0.2856269771,14.4870273,0.6841715086,0.4680906531,0.01882206955,0.9811779305,1097.504077,911.435684,0.3439373479,0.2856269771,0.2516265925,0.3196273617
real_20240703,real,2024-07-03,adapted,917,0.2859400295,14.48561492,0.3894240417,0.1516510843,0.00104996846,0.9989500315,1097.655728,912.434634,0.3439848725,0.2859400295,0.2519396449,0.3199404141
real_20240703,real,2024-07-03,adapted,918,0.2862522771,14.48163189,-1.170247506,1.369479226,0.003617744652,0.9963822553,1099.025207,913.4310163,0.3444140418,0.2862522771,0.2522518925,0.3202526617
real_20240703,real,2024-07-03,adapted,919,0.2865649846,14.47128506,-0.05134265011,0.00263606772,0.00215052643,0.9978494736,1099.027844,914.4288657,0.3444148679,0.2865649846,0.2525646,0.3205653692
real_20240703,real,2024-07-03,adapted,920,0.2868768188,14.46787444,-0.257416347,0.06626317568,0.004936874421,0.9950631256,1099.094107,915.4239289,0.3444356336,0.2868768188,0.2528764342,0.3208772034
real_20240703,real,2024-07-03,adapted,921,0.2871881952,14.45937647,-0.3475005028,0.1207565994,0.00639790573,0.9936020943,1099.214863,916.417531,0.3444734764,0.2871881952,0.2531878106,0.3211885798
real_20240703,real,2024-07-03,adapted,922,0.2874991394,14.45025027,0.8859230564,0.7848596619,0.007777212621,0.9922227874,1099.999723,917.4097537,0.3447194368,0.2874991394,0.2534987548,0.321499524
real_20240703,real,2024-07-03,adapted,923,0.2878121151,14.44659699,0.4372951454,0.1912270442,0.001294332468,0.9987056675,1100.19095,918.4084594,0.3447793638,0.2878121151,0.2538117305,0.3218124997
real_20240703,real,2024-07-03,adapted,924,0.2881253343,14.44096102,1.208874647,1.461377912,0.0005176213648,0.9994823786,1101.652328,919.4079418,0.3452373325,0.2881253343,0.2541249497,0.3221257189
real_20240703,real,2024-07-03,adapted,925,0.288438387,14.42846889,-0.241906259,0.05851863814,0.001048760289,0.9989512397,1101.710847,920.406893,0.3452556711,0.288438387,0.2544380024,0.3224387716
real_20240703,real,2024-07-03,adapted,926,0.2887478995,14.42585132,0.05427724746,0.002946019592,0.01234559068,0.9876544093,1101.713793,921.3945474,0.3452565943,0.2887478995,0.2547475149,0.3227482841
real_20240703,real,2024-07-03,adapted,927,0.2890548856,14.41532326,-0.6865200113,0.4713097259,0.02040738858,0.9795926114,1102.185102,922.37414,0.345404294,0.2890548856,0.255054501,0.3230552702
real_20240703,real,2024-07-03,adapted,928,0.2893680752,14.40807047,0.2916967592,0.08508699931,0.0006120378293,0.9993879622,1102.270189,923.373528,0.3454309587,0.2893680752,0.2553676906,0.3233684598
real_20240703,real,2024-07-03,adapted,929,0.2896813592,14.40222483,0.9584672667,0.9186595014,0.0003108484779,0.9996891515,1103.188849,924.3732172,0.3457188495,0.2896813592,0.2556809746,0.3236817438
real_20240703,real,2024-07-03,adapted,930,0.2899941683,14.40204022,0.4305744829,0.1853943853,0.001825961447,0.9981740386,1103.374243,925.3713912,0.3457769487,0.2899941683,0.2559937837,0.3239945529
real_20240703,real,2024-07-03,adapted,931,0.2903074595,14.39861001,0.3243591003,0.1052088259,0.0002880607094,0.9997119393,1103.479452,926.3711031,0.3458099191,0.2903074595,0.2563070749,0.3243078441
real_20240703,real,2024-07-03,adapted,932,0.2906205724,14.38995326,0.7415820792,0.5499439802,0.0008565664177,0.9991434336,1104.029396,927.3702466,0.3459822614,0.2906205724,0.2566201878,0.324620957
real_20240703,real,2024-07-03,adapted,933,0.290933606,14.38487237,1.321576947,1.746565626,0.001109904843,0.9988900952,1105.775962,928.3691367,0.3465296025,0.290933606,0.2569332214,0.3249339906
real_20240703,real,2024-07-03,adapted,934,0.2912455415,14.37388132,-1.443051564,2.082397816,0.00461380543,0.9953861946,1107.858359,929.3645229,0.3471821872,0.2912455415,0.2572451569,0.3252459261
real_20240703,real,2024-07-03,adapted,935,0.2915569043,14.36595661,0.900838163,0.811509396,0.006441267249,0.9935587328,1108.669869,930.3580816,0.3474364992,0.2915569043,0.2575565197,0.3255572889
real_20240703,real,2024-07-03,adapted,936,0.2918682255,14.36017207,-0.07576866038,0.005740889896,0.006574036375,0.9934259636,1108.67561,931.3515076,0.3474382982,0.2918682255,0.2578678409,0.3258686101
real_20240703,real,2024-07-03,adapted,937,0.2921815001,14.35082861,-0.7079868429,0.5012453698,0.0003408194681,0.9996591805,1109.176855,932.3511667,0.3475953792,0.2921815001,0.2581811155,0.3261818847
real_20240703,real,2024-07-03,adapted,938,0.2924948289,14.34789727,-0.1353246129,0.01831275085,0.0001677848212,0.9998322152,1109.195168,933.350999,0.3476011181,0.2924948289,0.2584944443,0.3264952135
real_20240703,real,2024-07-03,adapted,939,0.2928077075,14.33556442,0.8894422424,0.7911075025,0.001604347882,0.9983956521,1109.986275,934.3493946,0.3478490365,0.2928077075,0.2588073229,0.3268080921
real_20240703,real,2024-07-03,adapted,940,0.2931180828,14.33378859,0.3668110685,0.13455036,0.009592496895,0.9904075031,1110.120826,935.3398021,0.347891202,0.2931180828,0.2591176982,0.3271184674
real_20240703,real,2024-07-03,adapted,941,0.2934304049,14.32369386,0.1504228153,0.02262702335,0.003380061507,0.9966199385,1110.143453,936.336422,0.3478982929,0.2934304049,0.2594300203,0.3274307895
real_20240703,real,2024-07-03,adapted,942,0.2937435085,14.31472797,-0.1272738069,0.01619862192,0.0008863901405,0.9991136099,1110.159651,937.3355357,0.3479033693,0.2937435085,0.2597431239,0.3277438931
real_20240703,real,2024-07-03,adapted,943,0.2940561012,14.3102464,0.9943766788,0.9887849794,0.002516710767,0.9974832892,1111.148436,938.3330189,0.3482132361,0.2940561012,0.2600557166,0.3280564858
real_20240703,real,2024-07-03,adapted,944,0.294367851,14.30179257,-0.2555446341,0.06530306003,0.005206403282,0.9947935967,1111.213739,939.3278125,0.3482337008,0.294367851,0.2603674664,0.3283682356
real_20240703,real,2024-07-03,adapted,945,0.2946811237,14.29649582,0.1370840802,0.01879204505,0.000346866064,0.9996531339,1111.232531,940.3274657,0.3482395899,0.2946811237,0.2606807391,0.3286815083
real_20240703,real,2024-07-03,adapted,946,0.2949921577,14.29062292,0.6205798246,0.3851193187,0.007490391576,0.9925096084,1111.617651,941.3199753,0.3483602791,0.2949921577,0.2609917731,0.3289925423
real_20240703,real,2024-07-03,adapted,947,0.2953054766,14.28460424,0.7823849415,0.6121261967,0.00019956647,0.9998004335,1112.229777,942.3197757,0.3485521081,0.2953054766,0.261305092,0.3293058612
real_20240703,real,2024-07-03,adapted,948,0.2956168597,14.27813763,-0.2211625726,0.04891288352,0.006376348008,0.993623652,1112.27869,943.3133994,0.3485674365,0.2956168597,0.2616164751,0.3296172443
real_20240703,real,2024-07-03,adapted,949,0.2959301879,14.27097751,-0.07017859956,0.004925035837,0.0001697127944,0.9998302872,1112.283615,944.3132297,0.3485689799,0.2959301879,0.2619298033,0.3299305725
real_20240703,real,2024-07-03,adapted,950,0.2962422857,14.26319382,0.3668771802,0.1345988654,0.004096021347,0.9959039787,1112.418214,945.3091336,0.3486111607,0.2962422857,0.2622419011,0.3302426703
real_20240703,real,2024-07-03,adapted,951,0.2965555583,14.25834174,0.862126574,0.7432622296,0.0003469951638,0.9996530048,1113.161476,946.3087866,0.3488440852,0.2965555583,0.2625551737,0.3305559429
real_20240703,real,2024-07-03,adapted,952,0.2968688954,14.25177305,0.2734137158,0.07475505997,0.0001413676762,0.9998586323,1113.236231,947.3086453,0.3488675121,0.2968688954,0.2628685108,0.33086928
real_20240703,real,2024-07-03,adapted,953,0.297181991,14.24492761,0.9871205934,0.9744070659,0.0009119305102,0.9990880695,1114.210638,948.3077333,0.3491728731,0.297181991,0.2631816064,0.3311823756
real_20240703,real,2024-07-03,adapted,954,0.2974905555,14.23737155,-0.4984395152,0.2484419504,0.01537067582,0.9846293242,1114.45908,949.2923627,0.3492507302,0.2974905555,0.2634901709,0.3314909401
real_20240703,real,2024-07-03,adapted,955,0.2978026303,14.2339787,-1.277629906,1.632338176,0.004169329495,0.9958306705,1116.091418,950.2881933,0.3497622746,0.2978026303,0.2638022457,0.3318030149
real_20240703,real,2024-07-03,adapted,956,0.298115976,14.21835578,1.539293897,2.369425702,0.0001139896773,0.9998860103,1118.460844,951.2880793,0.3505048085,0.298115976,0.2641155914,0.3321163606
real_20240703,real,2024-07-03,adapted,957,0.298428787,14.2111877,-0.5323611622,0.283408407,0.001820181551,0.9981798184,1118.744252,952.2862592,0.3505936234,0.298428787,0.2644284024,0.3324291716
real_20240703,real,2024-07-03,adapted,958,0.2987419235,14.20300984,0.6515896612,0.4245690866,0.000781337832,0.9992186622,1119.168821,953.2854778,0.3507266755,0.2987419235,0.2647415389,0.3327423081
real_20240703,real,2024-07-03,adapted,959,0.299054453,14.19750838,-0.3289832385,0.1082299712,0.002718377446,0.9972816226,1119.277051,954.2827595,0.3507605927,0.299054453,0.2650540684,0.3330548376
real_20240703,real,2024-07-03,adapted,960,0.2993675765,14.18947586,0.08680228617,0.007534636884,0.0008229300699,0.9991770699,1119.284586,955.2819365,0.3507629539,0.2993675765,0.2653671919,0.3333679611
real_20240703,real,2024-07-03,adapted,961,0.299680931,14.1845081,1.814597398,3.292763715,8.577603067e-05,0.999914224,1122.57735,956.2818507,0.3517948448,0.299680931,0.2656805464,0.3336813156
real_20240703,real,2024-07-03,adapted,962,0.2999926623,14.17586903,-0.1062644757,0.01129213879,0.005265388539,0.9947346115,1122.588642,957.2765854,0.3517983835,0.2999926623,0.2659922777,0.3339930469
real_20240703,real,2024-07-03,adapted,963,0.3003058113,14.17329623,0.3389747334,0.1149038699,0.0007415436094,0.9992584564,1122.703546,958.2758438,0.3518343923,0.3003058113,0.2663054267,0.3343061959
real_20240703,real,2024-07-03,adapted,964,0.3006188263,14.17219561,1.291859004,1.668899687,0.00116896329,0.9988310367,1124.372445,959.2746749,0.3523573944,0.3006188263,0.2666184417,0.3346192109
real_20240703,real,2024-07-03,adapted,965,0.3009320035,14.16772755,0.1265911716,0.01602532473,0.0006518008171,0.9993481992,1124.388471,960.274023,0.3523624164,0.3009320035,0.2669316189,0.3349323881
real_20240703,real,2024-07-03,adapted,966,0.3012448334,14.15536005,0.4897026834,0.2398087181,0.001759738323,0.9982402617,1124.628279,961.2722633,0.352437568,0.3012448334,0.2672444488,0.335245218
real_20240703,real,2024-07-03,adapted,967,0.301557793,14.14978992,-0.6131035042,0.3758959069,0.001345719203,0.9986542808,1125.004175,962.2709176,0.3525553668,0.301557793,0.2675574084,0.3355581776
real_20240703,real,2024-07-03,adapted,968,0.3018708624,14.14243301,-0.7987311358,0.6379714273,0.0009956328178,0.9990043672,1125.642147,963.269922,0.3527552951,0.3018708624,0.2678704778,0.335871247
real_20240703,real,2024-07-03,adapted,969,0.3021841478,14.130404,-0.8690215909,0.7551985255,0.0003062244899,0.9996937755,1126.397345,964.2696157,0.3529919603,0.3021841478,0.2681837632,0.3361845324
real_20240703,real,2024-07-03,adapted,970,0.3024967388,14.12695418,0.4487349351,0.201363042,0.002522303315,0.9974776967,1126.598708,965.2670934,0.3530550637,0.3024967388,0.2684963542,0.3364971234
real_20240703,real,2024-07-03,adapted,971,0.3028100612,14.12217378,0.7560242249,0.5715726286,0.0001882516794,0.9998117483,1127.170281,966.2669052,0.353234184,0.3028100612,0.2688096766,0.3368104458
real_20240703,real,2024-07-03,adapted,972,0.3031230715,14.11344658,1.045874622,1.093853726,0.001184028235,0.9988159718,1128.264135,967.2657212,0.3535769773,0.3031230715,0.2691226869,0.3371234561
real_20240703,real,2024-07-03,adapted,973,0.303436251,14.1062403,0.8479387609,0.7190001422,0.0006443174481,0.9993556826,1128.983135,968.2650768,0.3538022986,0.303436251,0.2694358664,0.3374366356
real_20240703,real,2024-07-03,adapted,974,0.3037490675,14.0988908,-0.4654336875,0.2166285174,0.001802592335,0.9981974077,1129.199763,969.2632742,0.353870186,0.3037490675,0.2697486829,0.3377494521
real_20240703,real,2024-07-03,adapted,975,0.30406218,14.08510278,-0.7369172912,0.543047094,0.0008577371719,0.9991422628,1129.74281,970.2624165,0.3540403668,0.30406218,0.2700617954,0.3380625646
real_20240703,real,2024-07-03,adapted,976,0.3043754682,14.07664708,0.2027689333,0.04111524033,0.0002975437208,0.9997024563,1129.783926,971.262119,0.3540532516,0.3043754682,0.2703750836,0.3383758528
real_20240703,real,2024-07-03,adapted,977,0.3046876321,14.06584366,-1.018096899,1.036521296,0.003884848836,0.9961151512,1130.820447,972.2582341,0.354378078,0.3046876321,0.2706872475,0.3386880167
real_20240703,real,2024-07-03,adapted,978,0.3049987117,14.05357594,0.4325422772,0.1870928216,0.007345177165,0.9926548228,1131.00754,973.2508889,0.3544367094,0.3049987117,0.2709983271,0.3389990963
real_20240703,real,2024-07-03,adapted,979,0.3053109016,14.05155493,0.1612763128,0.02601004906,0.003801937173,0.9961980628,1131.03355,974.247087,0.3544448605,0.3053109016,0.271310517,0.3393112862
real_20240703,real,2024-07-03,adapted,980,0.3056241362,14.04404873,-1.337881901,1.78992798,0.000468431623,0.9995315684,1132.823478,975.2466186,0.3550057906,0.3056241362,0.2716237516,0.3396245208
real_20240703,real,2024-07-03,adapted,981,0.3059368718,14.04087904,-0.6134582418,0.3763310145,0.002060497528,0.9979395025,1133.199809,976.2445581,0.3551237257,0.3059368718,0.2719364872,0.3399372564
real_20240703,real,2024-07-03,adapted,982,0.3062486589,14.03566808,-0.4799588946,0.2303605405,0.005087629829,0.9949123702,1133.430169,977.2394704,0.3551959165,0.3062486589,0.2722482743,0.3402490435
real_20240703,real,2024-07-03,adapted,983,0.3065619751,14.02413051,1.543870954,2.383537523,0.0002079060153,0.999792094,1135.813707,978.2392625,0.3559428727,0.3065619751,0.2725615905,0.3405623597
real_20240703,real,2024-07-03,adapted,984,0.3068751728,14.02264708,-1.512092759,2.286424513,0.0005861139034,0.9994138861,1138.100131,979.2386764,0.3566593956,0.3068751728,0.2728747882,0.3408755574
real_20240703,real,2024-07-03,adapted,985,0.3071884198,14.00478532,-0.4541655446,0.2062663419,0.0004288059184,0.9995711941,1138.306398,980.2382476,0.3567240357,0.3071884198,0.2731880352,0.3411888044
real_20240703,real,2024-07-03,adapted,986,0.307501668,13.99782494,-0.4623914911,0.213805891,0.0004250289133,0.9995749711,1138.520204,981.2378226,0.3567910384,0.307501668,0.2735012834,0.3415020526
real_20240703,real,2024-07-03,adapted,987,0.3078145825,13.99513117,-0.1240001824,0.01537604523,0.001489793096,0.9985102069,1138.53558,982.2363328,0.356795857,0.3078145825,0.2738141979,0.3418149671
real_20240703,real,2024-07-03,adapted,988,0.308127043,13.98860617,-1.567553184,2.457222984,0.002938509179,0.9970614908,1140.992803,983.2333943,0.357565905,0.308127043,0.2741266584,0.3421274276
real_20240703,real,2024-07-03,adapted,989,0.3084403407,13.98442954,0.5451628699,0.2972025547,0.000267255367,0.9997327446,1141.290005,984.233127,0.3576590427,0.3084403407,0.2744399561,0.3424407253
real_20240703,real,2024-07-03,adapted,990,0.3087535021,13.97343163,1.559781124,2.432917154,0.0007019010722,0.9992980989,1143.722922,985.2324251,0.3584214736,0.3087535021,0.2747531175,0.3427538867
real_20240703,real,2024-07-03,adapted,991,0.3090667804,13.9684884,-0.6751163351,0.4557820659,0.0003287677521,0.9996712322,1144.178704,986.2320964,0.3585643073,0.3090667804,0.2750663958,0.343067165
real_20240703,real,2024-07-03,adapted,992,0.3093799323,13.95942509,-0.9918247564,0.9837163473,0.0007323127886,0.9992676872,1145.162421,987.231364,0.3588725857,0.3093799323,0.2753795477,0.3433803169
real_20240703,real,2024-07-03,adapted,993,0.3096930451,13.95596384,1.074936241,1.155487922,0.0008571016286,0.9991428984,1146.317909,988.2305069,0.3592346941,0.3096930451,0.2756926605,0.3436934297
real_20240703,real,2024-07-03,adapted,994,0.3100060954,13.95522682,-1.274883699,1.625328445,0.001056482654,0.9989435173,1147.943237,989.2294505,0.3597440417,0.3100060954,0.2760057108,0.34400648
real_20240703,real,2024-07-03,adapted,995,0.3103184407,13.95034427,0.4268556401,0.1822057374,0.003306090459,0.9966939095,1148.125443,990.2261444,0.3598011416,0.3103184407,0.2763180561,0.3443188253
real_20240703,real,2024-07-03,adapted,996,0.310631395,13.94201803,0.6299624828,0.3968527297,0.001362881914,0.9986371181,1148.522296,991.2247815,0.3599255079,0.310631395,0.2766310104,0.3446317796
real_20240703,real,2024-07-03,adapted,997,0.3109446433,13.92940569,-0.4614394723,0.2129263866,0.0004248453203,0.9995751547,1148.735222,992.2243566,0.3599922351,0.3109446433,0.2769442587,0.3449450279
real_20240703,real,2024-07-03,adapted,998,0.3112576921,13.92548328,-0.07060254986,0.004984720047,0.001061000112,0.9989389999,1148.740207,993.2232956,0.3599937972,0.3112576921,0.2772573075,0.3452580767
real_20240703,real,2024-07-03,adapted,999,0.3115707185,13.92083095,0.1763144006,0.03108676787,0.001133038326,0.9988669617,1148.771294,994.2221626,0.3600035392,0.3115707185,0.2775703339,0.3455711031
real_20240703,real,2024-07-03,adapted,1000,0.3118840087,13.9162098,0.1737301828,0.03018217642,0.00029087885,0.9997091212,1148.801476,995.2218717,0.3600129977,0.3118840087,0.2778836241,0.3458843933
real_20240703,real,2024-07-03,adapted,1001,0.3121973631,13.89832196,-2.405184902,5.784914413,8.611065901e-05,0.9999138893,1154.58639,996.2217856,0.3618258822,0.3121973631,0.2781969785,0.3461977477
real_20240703,real,2024-07-03,adapted,1002,0.3125099461,13.89397532,0.5792945865,0.335582218,0.002547600194,0.9974523998,1154.921972,997.219238,0.3619310474,0.3125099461,0.2785095615,0.3465103307
real_20240703,real,2024-07-03,adapted,1003,0.3128222779,13.89260586,0.441451926,0.194879803,0.003349383269,0.9966506167,1155.116852,998.2158886,0.3619921191,0.3128222779,0.2788218933,0.3468226625
real_20240703,real,2024-07-03,adapted,1004,0.3131352353,13.88231625,0.6216455095,0.3864431395,0.001352931696,0.9986470683,1155.503295,999.2145357,0.3621132232,0.3131352353,0.2791348507,0.3471356199
real_20240703,real,2024-07-03,adapted,1005,0.3134482081,13.87910098,0.7229722636,0.522688894,0.001303527064,0.9986964729,1156.025984,1000.213232,0.3622770242,0.3134482081,0.2794478235,0.3474485927
real_20240703,real,2024-07-03,adapted,1006,0.3137614171,13.87388566,-0.6820292294,0.4651638698,0.0005502717607,0.9994497282,1156.491148,1001.212682,0.3624227979,0.3137614171,0.2797610325,0.3477618017
real_20240703,real,2024-07-03,adapted,1007,0.3140746127,13.86849894,-1.048949397,1.100294837,0.0005927776506,0.9994072223,1157.591443,1002.212089,0.3627676098,0.3140746127,0.2800742281,0.3480749973
real_20240703,real,2024-07-03,adapted,1008,0.3143878683,13.85833778,0.07249929049,0.005256147122,0.0004014377875,0.9995985622,1157.596699,1003.211688,0.362769257,0.3143878683,0.2803874837,0.3483882529
real_20240703,real,2024-07-03,adapted,1009,0.3147011248,13.85457007,-0.02693037538,0.000725245118,0.0003984292226,0.9996015708,1157.597424,1004.211289,0.3627694843,0.3147011248,0.2807007402,0.3487015094
real_20240703,real,2024-07-03,adapted,1010,0.3150142825,13.84789106,-0.01987833257,0.0003951481059,0.0007138044693,0.9992861955,1157.597819,1005.210575,0.3627696081,0.3150142825,0.2810138979,0.3490146671
real_20240703,real,2024-07-03,adapted,1011,0.3153275025,13.83769642,1.472192002,2.167349292,0.0005150684184,0.9994849316,1159.765169,1006.21006,0.363448815,0.3153275025,0.2813271179,0.3493278871
real_20240703,real,2024-07-03,adapted,1012,0.315639495,13.83537598,0.4145784141,0.1718752614,0.004431905115,0.9955680949,1159.937044,1007.205628,0.3635026775,0.315639495,0.2816391104,0.3496398796
real_20240703,real,2024-07-03,adapted,1013,0.3159526143,13.82840245,-0.1328945891,0.01766097181,0.0008363842588,0.9991636157,1159.954705,1008.204792,0.3635082121,0.3159526143,0.2819522297,0.3499529989
real_20240703,real,2024-07-03,adapted,1014,0.3162643474,13.82138666,0.2520606125,0.06353455236,0.005259434947,0.9947405651,1160.01824,1009.199533,0.3635281227,0.3162643474,0.2822639628,0.350264732
real_20240703,real,2024-07-03,adapted,1015,0.3165775488,13.81723294,0.9210476674,0.8483288057,0.0005745080895,0.9994254919,1160.866568,1010.198958,0.3637939731,0.3165775488,0.2825771642,0.3505779334
real_20240703,real,2024-07-03,adapted,1016,0.3168907019,13.80995126,0.7337276685,0.5383562915,0.0007283196601,0.9992716803,1161.404925,1011.19823,0.363962684,0.3168907019,0.2828903173,0.3508910865
real_20240703,real,2024-07-03,adapted,1017,0.3172038343,13.79852534,0.2761240822,0.07624450879,0.0007946153563,0.9992053846,1161.481169,1012.197435,0.3639865776,0.3172038343,0.2832034497,0.3512042189
real_20240703,real,2024-07-03,adapted,1018,0.3175169302,13.79385631,-0.2065019558,0.04264305776,0.0009110237397,0.9990889763,1161.523812,1013.196524,0.3639999411,0.3175169302,0.2835165456,0.3515173148
real_20240703,real,2024-07-03,adapted,1019,0.3178300417,13.79004292,1.672644165,2.797738502,0.000860969791,0.9991390302,1164.321551,1014.195663,0.3648767003,0.3178300417,0.2838296571,0.3518304263
real_20240703,real,2024-07-03,adapted,1020,0.3181428583,13.78453697,2.389201052,5.708281665,0.001802522717,0.9981974773,1170.029832,1015.193861,0.3666655695,0.3181428583,0.2841424737,0.3521432429
real_20240703,real,2024-07-03,adapted,1021,0.3184551829,13.77977696,-0.6843768747,0.4683717066,0.003372117601,0.9966278824,1170.498204,1016.190489,0.3668123485,0.3184551829,0.2844547983,0.3524555675
real_20240703,real,2024-07-03,adapted,1022,0.3187682678,13.77563207,0.9540432384,0.9101985007,0.000945959554,0.9990540404,1171.408403,1017.189543,0.3670975878,0.3187682678,0.2847678832,0.3527686524
real_20240703,real,2024-07-03,adapted,1023,0.319080926,13.7701507,-0.6569821583,0.4316255564,0.002307732394,0.9976922676,1171.840028,1018.187235,0.3672328512,0.319080926,0.2850805414,0.3530813106
real_20240703,real,2024-07-03,adapted,1024,0.3193942259,13.76471063,-1.32594416,1.758127916,0.0002601282016,0.9997398718,1173.598156,1019.186975,0.3677838157,0.3193942259,0.2853938413,0.3533946105
real_20240703,real,2024-07-03,adapted,1025,0.319707156,13.7562721,-0.8045417699,0.6472874595,0.001439836306,0.9985601637,1174.245443,1020.185535,0.3679866636,0.319707156,0.2857067714,0.3537075406
real_20240703,real,2024-07-03,adapted,1026,0.3200192111,13.748285,0.9997109167,0.9994219169,0.00423221353,0.9957677865,1175.244865,1021.181303,0.3682998638,0.3200192111,0.2860188265,0.3540195957
real_20240703,real,2024-07-03,adapted,1027,0.3203324077,13.74190362,0.4140472918,0.1714351598,0.0005896084158,0.9994103916,1175.416301,1022.180713,0.3683535884,0.3203324077,0.2863320231,0.3543327923
real_20240703,real,2024-07-03,adapted,1028,0.320645219,13.73594856,0.5940933522,0.3529469111,0.001819291331,0.9981807087,1175.769247,1023.178894,0.3684641954,0.320645219,0.2866448344,0.3546456036
real_20240703,real,2024-07-03,adapted,1029,0.3209569446,13.7331873,0.4757707495,0.2263578061,0.005283631509,0.9947163685,1175.995605,1024.17361,0.3685351317,0.3209569446,0.28695656,0.3549573292
real_20240703,real,2024-07-03,adapted,1030,0.3212702971,13.73112138,0.8414848076,0.7080966814,9.229369388e-05,0.9999077063,1176.703702,1025.173518,0.368757036,0.3212702971,0.2872699124,0.3552706817
real_20240703,real,2024-07-03,adapted,1031,0.3215836574,13.71890487,0.02613364631,0.0006829674697,6.713501542e-05,0.999932865,1176.704385,1026.173451,0.3687572501,0.3215836574,0.2875832728,0.355584042
real_20240703,real,2024-07-03,adapted,1032,0.3218970084,13.71725377,-0.5829439127,0.3398236054,9.679188738e-05,0.9999032081,1177.044209,1027.173354,0.3688637444,0.3218970084,0.2878966238,0.355897393
real_20240703,real,2024-07-03,adapted,1033,0.3222100977,13.71125458,-0.7216404985,0.520765009,0.0009321633643,0.9990678366,1177.564974,1028.172422,0.3690269425,0.3222100977,0.2882097131,0.3562104823
real_20240703,real,2024-07-03,adapted,1034,0.3225231983,13.70968045,0.6640726526,0.440992488,0.0008960440858,0.9991039559,1178.005966,1029.171526,0.3691651413,0.3225231983,0.2885228137,0.3565235829
real_20240703,real,2024-07-03,adapted,1035,0.3228363783,13.70332143,0.2719538554,0.07395889949,0.0006425226885,0.9993574773,1178.079925,1030.170883,0.3691883187,0.3228363783,0.2888359937,0.3568367629
real_20240703,real,2024-07-03,adapted,1036,0.3231495028,13.69348344,-1.19289134,1.422989749,0.0008196956651,0.9991803043,1179.502915,1031.170064,0.3696342572,0.3231495028,0.2891491182,0.3571498874
real_20240703,real,2024-07-03,adapted,1037,0.3234627541,13.6855005,1.277562686,1.632166418,0.0004152718318,0.9995847282,1181.135081,1032.169648,0.3701457478,0.3234627541,0.2894623695,0.3574631387
real_20240703,real,2024-07-03,adapted,1038,0.3237760558,13.68334301,0.4856690683,0.2358744439,0.0002542778586,0.9997457221,1181.370956,1033.169394,0.3702196664,0.3237760558,0.2897756712,0.3577764404
real_20240703,real,2024-07-03,adapted,1039,0.3240893613,13.67840664,0.08643899152,0.007471699255,0.0002420614176,0.9997579386,1181.378427,1034.169152,0.3702220079,0.3240893613,0.2900889767,0.3580897459
real_20240703,real,2024-07-03,adapted,1040,0.3244026982,13.66923701,0.4715718287,0.2223799896,0.0001420602035,0.9998579398,1181.600807,1035.16901,0.3702916977,0.3244026982,0.2904023136,0.3584030828
real_20240703,real,2024-07-03,adapted,1041,0.3247156381,13.66417077,1.639183652,2.686923046,0.001408725671,0.9985912743,1184.28773,1036.167601,0.3711337293,0.3247156381,0.2907152535,0.3587160227
real_20240703,real,2024-07-03,adapted,1042,0.3250288393,13.66263281,-0.4484666595,0.2011223447,0.0005749406427,0.9994250594,1184.488853,1037.167026,0.3711967573,0.3250288393,0.2910284547,0.3590292239
real_20240703,real,2024-07-03,adapted,1043,0.3253418659,13.65536894,-0.2386669228,0.05696190004,0.001132055377,0.9988679446,1184.545815,1038.165894,0.3712146081,0.3253418659,0.2913414813,0.3593422505
real_20240703,real,2024-07-03,adapted,1044,0.3256549568,13.65004241,0.1630542189,0.02658667831,0.0009269269918,0.999073073,1184.572401,1039.164967,0.3712229399,0.3256549568,0.2916545722,0.3596553414
real_20240703,real,2024-07-03,adapted,1045,0.3259682579,13.6370362,-1.102959379,1.216519392,0.0002561193644,0.9997438806,1185.788921,1040.164711,0.3716041744,0.3259682579,0.2919678733,0.3599686425
real_20240703,real,2024-07-03,adapted,1046,0.3262815167,13.63181107,1.118785017,1.251679915,0.0003912247039,0.9996087753,1187.0406,1041.16432,0.3719964276,0.3262815167,0.2922811321,0.3602819013
real_20240703,real,2024-07-03,adapted,1047,0.32659433,13.62951299,0.8592923552,0.7383833518,0.001812852552,0.9981871474,1187.778984,1042.162507,0.3722278232,0.32659433,0.2925939454,0.3605947146
real_20240703,real,2024-07-03,adapted,1048,0.3269075131,13.61752009,0.7599696007,0.577553794,0.0006327639558,0.999367236,1188.356538,1043.161874,0.3724088178,0.3269075131,0.2929071285,0.3609078977
real_20240703,real,2024-07-03,adapted,1049,0.3272204334,13.61494338,-0.8305322862,0.6897838785,0.001471264317,0.9985287357,1189.046322,1044.160403,0.3726249832,0.3272204334,0.2932200488,0.361220818
real_20240703,real,2024-07-03,adapted,1050,0.3275334156,13.61422392,-0.728496844,0.5307076517,0.001273806169,0.9987261938,1189.577029,1045.159129,0.3727912971,0.3275334156,0.293533031,0.3615338002
real_20240703,real,2024-07-03,adapted,1051,0.3278465538,13.60387947,-0.2863725138,0.08200921664,0.0007761178096,0.9992238822,1189.659038,1046.158353,0.3728169973,0.3278465538,0.2938461692,0.3618469384
real_20240703,real,2024-07-03,adapted,1052,0.3281598509,13.59918894,0.05292207266,0.002800745775,0.000268770957,0.999731229,1189.661839,1047.158084,0.372817875,0.3281598509,0.2941594663,0.3621602355
real_20240703,real,2024-07-03,adapted,1053,0.32847315,13.58831226,0.8207671271,0.6736586769,0.0002624985396,0.9997375015,1190.335498,1048.157822,0.3730289871,0.32847315,0.2944727654,0.3624735346
real_20240703,real,2024-07-03,adapted,1054,0.3287864225,13.58506998,0.02972775026,0.0008837391355,0.0003475758832,0.9996524241,1190.336382,1049.157474,0.373029264,0.3287864225,0.2947860379,0.3627868071
real_20240703,real,2024-07-03,adapted,1055,0.3290996757,13.58030369,-0.7379527807,0.5445743065,0.0004089147526,0.9995910852,1190.880956,1050.157065,0.3731999235,0.3290996757,0.2950992911,0.3631000603
real_20240703,real,2024-07-03,adapted,1056,0.3294119686,13.57415502,0.1359578787,0.01848454479,0.003473659886,0.9965263401,1190.89944,1051.153592,0.3732057162,0.3294119686,0.295411584,0.3634123532
real_20240703,real,2024-07-03,adapted,1057,0.3297250094,13.57150334,0.2394964688,0.05735855858,0.001086501539,0.9989134985,1190.956799,1052.152505,0.3732236913,0.3297250094,0.2957246248,0.363725394
real_20240703,real,2024-07-03,adapted,1058,0.3300382947,13.56550015,-0.1912691705,0.03658389558,0.0003067778291,0.9996932222,1190.993383,1053.152198,0.373235156,0.3300382947,0.2960379101,0.3640386793
real_20240703,real,2024-07-03,adapted,1059,0.3303512582,13.55829402,-1.416684131,2.006993926,0.001333292749,0.9986667073,1193.000377,1054.150865,0.3738641106,0.3303512582,0.2963508736,0.3643516428
real_20240703,real,2024-07-03,adapted,1060,0.3306640831,13.55050504,0.9567819734,0.9154317446,0.001775836738,0.9982241633,1193.915809,1055.149089,0.3741509898,0.3306640831,0.2966636985,0.3646644677
real_20240703,real,2024-07-03,adapted,1061,0.3309773913,13.54532577,0.6290012153,0.3956425289,0.0002335521144,0.9997664479,1194.311451,1056.148856,0.3742749768,0.3309773913,0.2969770067,0.3649777759
real_20240703,real,2024-07-03,adapted,1062,0.3312905648,13.54139822,-0.9483922934,0.8994479422,0.000663452459,0.9993365475,1195.210899,1057.148192,0.3745568471,0.3312905648,0.2972901802,0.3652909494
real_20240703,real,2024-07-03,adapted,1063,0.3316037839,13.53795854,0.03765017662,0.0014175358,0.0005178910904,0.9994821089,1195.212317,1058.147674,0.3745572913,0.3316037839,0.2976033993,0.3656041685
real_20240703,real,2024-07-03,adapted,1064,0.3319168124,13.5353832,-0.9324282767,0.8694224912,0.001126052687,0.9988739473,1196.081739,1059.146548,0.3748297521,0.3319168124,0.2979164278,0.365917197
real_20240703,real,2024-07-03,adapted,1065,0.332229695,13.53045637,-0.6115022404,0.37393499,0.00159164896,0.998408351,1196.455674,1060.144957,0.3749469364,0.332229695,0.2982293104,0.3662300796
real_20240703,real,2024-07-03,adapted,1066,0.3325418259,13.52538124,0.1721978304,0.02965209279,0.003990276169,0.9960097238,1196.485326,1061.140966,0.3749562288,0.3325418259,0.2985414413,0.3665422105
real_20240703,real,2024-07-03,adapted,1067,0.3328547454,13.51733291,-0.7023833728,0.4933424023,0.001473638021,0.998526362,1196.978669,1062.139493,0.3751108331,0.3328547454,0.2988543608,0.36685513
real_20240703,real,2024-07-03,adapted,1068,0.3331676343,13.51229083,0.6632649284,0.4399203652,0.001571538296,0.9984284617,1197.418589,1063.137921,0.375248696,0.3331676343,0.2991672497,0.3671680189
real_20240703,real,2024-07-03,adapted,1069,0.3334808019,13.50039308,0.9760686055,0.9527099227,0.0006822881665,0.9993177118,1198.371299,1064.137239,0.3755472575,0.3334808019,0.2994804173,0.3674811865
real_20240703,real,2024-07-03,adapted,1070,0.3337941178,13.49081903,0.4477383781,0.2004696552,0.0002090933257,0.9997909067,1198.571768,1065.13703,0.375610081,0.3337941178,0.2997937332,0.3677945024
real_20240703,real,2024-07-03,adapted,1071,0.3341074258,13.48413424,-1.738569964,3.02262552,0.000234234157,0.9997657658,1201.594394,1066.136796,0.3765573156,0.3341074258,0.3001070412,0.3681078104
real_20240703,real,2024-07-03,adapted,1072,0.33442066,13.47683951,-0.5684591334,0.3231457864,0.0004693684349,0.9995306316,1201.91754,1067.136326,0.3766585834,0.33442066,0.3004202754,0.3684210446
real_20240703,real,2024-07-03,adapted,1073,0.3347339406,13.47455866,-1.409879023,1.987758859,0.0003217982381,0.9996782018,1203.905299,1068.136004,0.3772815101,0.3347339406,0.300733556,0.3687343252
real_20240703,real,2024-07-03,adapted,1074,0.3350457104,13.4699836,0.02366696836,0.0005601253912,0.005142410922,0.9948575891,1203.905859,1069.130862,0.3772816856,0.3350457104,0.3010453258,0.369046095
real_20240703,real,2024-07-03,adapted,1075,0.3353586465,13.45940212,0.05445244802,0.002965069095,0.001421076617,0.9985789234,1203.908824,1070.129441,0.3772826148,0.3353586465,0.3013582619,0.3693590311
real_20240703,real,2024-07-03,adapted,1076,0.3356716821,13.44972721,0.09880610142,0.009762645678,0.001103270024,0.99889673,1203.918586,1071.128338,0.3772856742,0.3356716821,0.3016712975,0.3696720667
real_20240703,real,2024-07-03,adapted,1077,0.3359830591,13.43669901,-0.7522809026,0.5659265564,0.006396022234,0.9936039778,1204.484513,1072.121942,0.3774630251,0.3359830591,0.3019826745,0.3699834437
real_20240703,real,2024-07-03,adapted,1078,0.3362958723,13.43544434,-0.5555511135,0.3086370397,0.001813112665,0.9981868873,1204.79315,1073.120129,0.3775597462,0.3362958723,0.3022954877,0.3702962569
real_20240703,real,2024-07-03,adapted,1079,0.3366081269,13.42574625,-0.3396982059,0.1153948711,0.003595435562,0.9964045644,1204.908545,1074.116533,0.3775959088,0.3366081269,0.3026077423,0.3706085115
real_20240703,real,2024-07-03,adapted,1080,0.3369213108,13.42127447,1.237922832,1.532452939,0.0006301757786,0.9993698242,1206.440998,1075.115903,0.378076151,0.3369213108,0.3029209262,0.3709216954
real_20240703,real,2024-07-03,adapted,1081,0.3372344541,13.42068899,-0.6834047017,0.4670419863,0.0007598537477,0.9992401463,1206.90804,1076.115143,0.3782225133,0.3372344541,0.3032340695,0.3712348387
real_20240703,real,2024-07-03,adapted,1082,0.337547171,13.41396389,1.295513935,1.678356355,0.002120276522,0.9978797235,1208.586396,1077.113023,0.3787484789,0.337547171,0.3035467864,0.3715475556
real_20240703,real,2024-07-03,adapted,1083,0.3378604545,13.40381468,-1.524947045,2.325463491,0.0003124093402,0.9996875907,1210.91186,1078.11271,0.3794772359,0.3378604545,0.3038600699,0.3718608391
real_20240703,real,2024-07-03,adapted,1084,0.3381735745,13.39661207,0.4981717604,0.2481751029,0.000834210395,0.9991657896,1211.160035,1079.111876,0.3795550093,0.3381735745,0.3041731899,0.3721739591
real_20240703,real,2024-07-03,adapted,1085,0.3384868525,13.39341164,1.544331804,2.384960721,0.0003299630511,0.9996700369,1213.544996,1080.111546,0.3803024116,0.3384868525,0.3044864679,0.3724872371
real_20240703,real,2024-07-03,adapted,1086,0.3387991001,13.38889026,-1.158884402,1.343013058,0.003617770289,0.9963822297,1214.888009,1081.107928,0.3807232869,0.3387991001,0.3047987155,0.3727994847
real_20240703,real,2024-07-03,adapted,1087,0.3391122307,13.37808958,1.881679483,3.540717678,0.0008003437109,0.9991996563,1218.428726,1082.107128,0.3818328819,0.3391122307,0.3051118461,0.3731126153
real_20240703,real,2024-07-03,adapted,1088,0.3394255005,13.37481787,-0.4435642113,0.1967492095,0.0003560949711,0.999643905,1218.625475,1083.106772,0.3818945395,0.3394255005,0.3054251159,0.3734258851
real_20240703,real,2024-07-03,adapted,1089,0.3397388348,13.36528274,-1.190040037,1.41619529,0.0001500699477,0.9998499301,1220.041671,1084.106622,0.3823383487,0.3397388348,0.3057384502,0.3737392194
real_20240703,real,2024-07-03,adapted,1090,0.3400515721,13.36063928,-0.1664651695,0.02771065266,0.002055458058,0.9979445419,1220.069381,1085.104566,0.3823470327,0.3400515721,0.3060511875,0.3740519567
real_20240703,real,2024-07-03,adapted,1091,0.3403644286,13.35903576,-0.2291605704,0.052514567,0.001674811853,0.9983251881,1220.121896,1086.102892,0.3823634898,0.3403644286,0.306364044,0.3743648132
real_20240703,real,2024-07-03,adapted,1092,0.3406775457,13.35575405,0.9120809667,0.8318916899,0.0008432244684,0.9991567755,1220.953788,1087.102048,0.3826241892,0.3406775457,0.3066771611,0.3746779303
real_20240703,real,2024-07-03,adapted,1093,0.3409907915,13.35448652,-0.5536461087,0.3065240136,0.000432763921,0.9995672361,1221.260312,1088.101616,0.3827202481,0.3409907915,0.3069904069,0.3749911761
real_20240703,real,2024-07-03,adapted,1094,0.341304096,13.34943237,-0.5083973521,0.2584678676,0.0002454427617,0.9997545572,1221.51878,1089.10137,0.3828012471,0.341304096,0.3073037114,0.3753044806
real_20240703,real,2024-07-03,adapted,1095,0.3416172064,13.34245258,-0.6551328059,0.4291989934,0.0008646947737,0.9991353052,1221.947979,1090.100506,0.3829357501,0.3416172064,0.3076168218,0.375617591
real_20240703,real,2024-07-03,adapted,1096,0.3419305008,13.3366048,0.6706377685,0.4497550165,0.000277439396,0.9997225606,1222.397734,1091.100228,0.3830766949,0.3419305008,0.3079301162,0.3759308854
real_20240703,real,2024-07-03,adapted,1097,0.3422436684,13.33447439,0.6893473269,0.4751997371,0.0006821696396,0.9993178304,1222.872933,1092.099546,0.3832256137,0.3422436684,0.3082432838,0.376244053
real_20240703,real,2024-07-03,adapted,1098,0.34255687,13.33160439,0.09470898923,0.008969792641,0.0005736453072,0.9994263547,1222.881903,1093.098972,0.3832284247,0.34255687,0.3085564854,0.3765572546
real_20240703,real,2024-07-03,adapted,1099,0.3428702027,13.32510772,0.1198161183,0.01435590221,0.0001553120721,0.9998446879,1222.896259,1094.098817,0.3832329235,0.3428702027,0.3088698181,0.3768705873
real_20240703,real,2024-07-03,adapted,1100,0.3431834582,13.3183426,-0.2179584718,0.04750589543,0.0004019220117,0.999598078,1222.943765,1095.098415,0.383247811,0.3431834582,0.3091830736,0.3771838428
real_20240703,real,2024-07-03,adapted,1101,0.3434967712,13.31179874,0.1425139405,0.02031022324,0.0002179861383,0.9997820139,1222.964075,1096.098197,0.3832541758,0.3434967712,0.3094963866,0.3774971558
real_20240703,real,2024-07-03,adapted,1102,0.3438100626,13.3103191,-0.1185220152,0.01404746809,0.0002872949538,0.999712705,1222.978123,1097.09791,0.3832585781,0.3438100626,0.309809678,0.3778104472
real_20240703,real,2024-07-03,adapted,1103,0.3441232519,13.30682015,1.06879302,1.14231852,0.0006130590091,0.999386941,1224.120441,1098.097297,0.3836165594,0.3441232519,0.3101228673,0.3781236365
real_20240703,real,2024-07-03,adapted,1104,0.3444364673,13.29483224,-0.2249796088,0.05061582436,0.0005294098778,0.9994705901,1224.171057,1099.096767,0.3836324215,0.3444364673,0.3104360827,0.3784368519
real_20240703,real,2024-07-03,adapted,1105,0.3447496808,13.29305344,-0.6938115814,0.4813745105,0.0005357942086,0.9994642058,1224.652431,1100.096231,0.3837832753,0.3447496808,0.3107492962,0.3787500654
real_20240703,real,2024-07-03,adapted,1106,0.3450629762,13.29065382,0.5228095008,0.2733297741,0.0002745262011,0.9997254738,1224.925761,1101.095957,0.3838689317,0.3450629762,0.3110625916,0.3790633608
real_20240703,real,2024-07-03,adapted,1107,0.3453758347,13.2851634,0.3677493212,0.1352395632,0.001668526294,0.9983314737,1225.061001,1102.094288,0.3839113133,0.3453758347,0.3113754501,0.3793762193
real_20240703,real,2024-07-03,adapted,1108,0.345688924,13.28097353,0.4481145911,0.2008066868,0.0009319816645,0.9990680183,1225.261807,1103.093356,0.3839742424,0.345688924,0.3116885394,0.3796893086
real_20240703,real,2024-07-03,adapted,1109,0.346002201,13.27636019,-1.410120852,1.988440816,0.0003331176408,0.9996668824,1227.250248,1104.093023,0.3845973827,0.346002201,0.3120018164,0.3800025856
real_20240703,real,2024-07-03,adapted,1110,0.3463152906,13.27412083,-0.171878589,0.02954224937,0.0009309180004,0.999069082,1227.279791,1105.092092,0.3846066407,0.3463152906,0.312314906,0.3803156752
real_20240703,real,2024-07-03,adapted,1111,0.3466284695,13.26537409,-0.1716302344,0.02945693737,0.0006461209262,0.9993538791,1227.309247,1106.091446,0.384615872,0.3466284695,0.3126280849,0.3806288541
real_20240703,real,2024-07-03,adapted,1112,0.3469416972,13.26259222,-0.8182022587,0.6694549361,0.000490369899,0.9995096301,1227.978702,1107.090956,0.3848256667,0.3469416972,0.3129413126,0.3809420818
real_20240703,real,2024-07-03,adapted,1113,0.3472549197,13.25691223,0.08602749348,0.007400729635,0.0005072836376,0.9994927164,1227.986103,1108.090449,0.3848279859,0.3472549197,0.3132545351,0.3812553043
real_20240703,real,2024-07-03,adapted,1114,0.3475681424,13.24751163,0.9277379177,0.8606976439,0.0005061506469,0.9994938494,1228.846801,1109.089942,0.3850977126,0.3475681424,0.3135677578,0.381568527
real_20240703,real,2024-07-03,adapted,1115,0.3478814403,13.24454053,0.3403905211,0.1158657069,0.0002664960899,0.9997335039,1228.962666,1110.089676,0.3851340227,0.3478814403,0.3138810557,0.3818818249
real_20240703,real,2024-07-03,adapted,1116,0.3481947275,13.23779153,-2.371888356,5.625854375,0.0003005237339,0.9996994763,1234.588521,1111.089375,0.3868970607,0.3481947275,0.3141943429,0.3821951121
real_20240703,real,2024-07-03,adapted,1117,0.3485079222,13.23709413,-0.4625337321,0.2139374533,0.0005956063917,0.9994043936,1234.802458,1112.08878,0.3869641048,0.3485079222,0.3145075376,0.3825083068
real_20240703,real,2024-07-03,adapted,1118,0.3488210791,13.22618561,0.4119030626,0.169664133,0.0007163149463,0.9992836851,1234.972122,1113.088064,0.3870172743,0.3488210791,0.3148206945,0.3828214637
real_20240703,real,2024-07-03,adapted,1119,0.3491343709,13.2202956,-0.5056546557,0.2556866309,0.0002859502711,0.9997140497,1235.227809,1114.087778,0.3870974018,0.3491343709,0.3151339863,0.3831347555
real_20240703,real,2024-07-03,adapted,1120,0.3494476951,13.21577901,0.06142351589,0.003772848304,0.0001825322368,0.9998174678,1235.231582,1115.087595,0.3870985841,0.3494476951,0.3154473105,0.3834480797
real_20240703,real,2024-07-03,adapted,1121,0.3497609578,13.21414526,-0.830489511,0.6897128279,0.000378693602,0.9996213064,1235.921295,1116.087216,0.3873147273,0.3497609578,0.3157605732,0.3837613424
real_20240703,real,2024-07-03,adapted,1122,0.3500738029,13.20517003,0.86363485,0.7458651542,0.001711357945,0.9982886421,1236.66716,1117.085505,0.3875484675,0.3500738029,0.3160734183,0.3840741875
real_20240703,real,2024-07-03,adapted,1123,0.3503871238,13.20441392,-0.1206726989,0.01456190027,0.0001930730755,0.9998069269,1236.681722,1118.085312,0.387553031,0.3503871238,0.3163867392,0.3843875084
real_20240703,real,2024-07-03,adapted,1124,0.3507003642,13.19839661,0.7753089311,0.6011039386,0.0004498778558,0.9995501221,1237.282826,1119.084862,0.3877414057,0.3507003642,0.3166999796,0.3847007488
real_20240703,real,2024-07-03,adapted,1125,0.3510134471,13.18958826,-1.459533686,2.130238581,0.0009524753592,0.9990475246,1239.413064,1120.08391,0.3884089829,0.3510134471,0.3170130625,0.3850138317
real_20240703,real,2024-07-03,adapted,1126,0.3513267253,13.1816703,-0.1173079498,0.01376115508,0.0003291694932,0.9996708305,1239.426825,1121.08358,0.3884132954,0.3513267253,0.3173263407,0.3853271099
real_20240703,real,2024-07-03,adapted,1127,0.3516400492,13.17715131,1.050477218,1.103502386,0.0001832712593,0.9998167287,1240.530328,1122.083397,0.3887591125,0.3516400492,0.3176396646,0.3856404338
real_20240703,real,2024-07-03,adapted,1128,0.3519533753,13.17577228,-0.8816993748,0.7773937875,0.0001765024683,0.9998234975,1241.307722,1123.083221,0.3890027332,0.3519533753,0.3179529907,0.3859537599
real_20240703,real,2024-07-03,adapted,1129,0.3522662151,13.16885419,0.004366279132,1.906439346e-05,0.001728413099,0.9982715869,1241.307741,1124.081492,0.3890027392,0.3522662151,0.3182658305,0.3862665997
real_20240703,real,2024-07-03,adapted,1130,0.3525795636,13.16152656,0.4138594123,0.1712796131,0.0001048405015,0.9998951595,1241.47902,1125.081387,0.389056415,0.3525795636,0.318579179,0.3865799482
real_20240703,real,2024-07-03,adapted,1131,0.3528928696,13.15666292,0.5057755756,0.2558089329,0.0002403636377,0.9997596364,1241.734829,1126.081147,0.3891365808,0.3528928696,0.318892485,0.3868932542
real_20240703,real,2024-07-03,adapted,1132,0.3532058454,13.14730816,0.9067053019,0.8221145044,0.001294428961,0.998705571,1242.556944,1127.079853,0.3893942162,0.3532058454,0.3192054608,0.38720623
real_20240703,real,2024-07-03,adapted,1133,0.3535191487,13.14595439,-0.8292908974,0.6877233925,0.0002489375637,0.9997510624,1243.244667,1128.079604,0.3896097359,0.3535191487,0.3195187641,0.3875195333
real_20240703,real,2024-07-03,adapted,1134,0.3538317773,13.14141933,-1.099753946,1.209458742,0.002402196265,0.9975978037,1244.454126,1129.077201,0.3899887577,0.3538317773,0.3198313927,0.3878321619
real_20240703,real,2024-07-03,adapted,1135,0.3541447257,13.13706113,-0.9455741644,0.8941105004,0.001381657872,0.9986183421,1245.348236,1130.07582,0.3902689553,0.3541447257,0.3201443411,0.3881451103
real_20240703,real,2024-07-03,adapted,1136,0.354458036,13.12868988,-1.330116506,1.769209919,0.0002268935048,0.9997731065,1247.117446,1131.075593,0.3908233928,0.354458036,0.3204576514,0.3884584206
real_20240703,real,2024-07-03,adapted,1137,0.354771357,13.11876495,0.1426077974,0.02033698387,0.0001928639926,0.999807136,1247.137783,1132.0754,0.390829766,0.354771357,0.3207709724,0.3887717416
real_20240703,real,2024-07-03,adapted,1138,0.3550846861,13.11491108,0.546009212,0.2981260596,0.0001668132734,0.9998331867,1247.435909,1133.075233,0.3909231932,0.3550846861,0.3210843015,0.3890850707
real_20240703,real,2024-07-03,adapted,1139,0.3553977855,13.10915719,1.210207411,1.464601977,0.000899672431,0.9991003276,1248.900511,1134.074334,0.3913821722,0.3553977855,0.3213974009,0.3893981701
real_20240703,real,2024-07-03,adapted,1140,0.3557110698,13.10804827,-1.732297389,3.000854244,0.0003099515632,0.9996900484,1251.901366,1135.074024,0.392322584,0.3557110698,0.3217106852,0.3897114544
real_20240703,real,2024-07-03,adapted,1141,0.3560244096,13.09877671,-0.4512516937,0.2036280911,0.0001325702528,0.9998674297,1252.104994,1136.073891,0.3923863973,0.3560244096,0.322024025,0.3900247942
real_20240703,real,2024-07-03,adapted,1142,0.3563374026,13.09588215,1.461633623,2.136372848,0.001239331995,0.998760668,1254.241367,1137.072652,0.3930558967,0.3563374026,0.322337018,0.3903377872
real_20240703,real,2024-07-03,adapted,1143,0.3566506859,13.08849434,-0.08128057894,0.006606532512,0.000312991292,0.9996870087,1254.247973,1138.072339,0.3930579671,0.3566506859,0.3226503013,0.3906510705
real_20240703,real,2024-07-03,adapted,1144,0.3569638276,13.08389362,1.077234142,1.160433397,0.0007648913313,0.9992351087,1255.408406,1139.071574,0.3934216253,0.3569638276,0.322963443,0.3909642122
real_20240703,real,2024-07-03,adapted,1145,0.3572768697,13.07957413,0.4784803935,0.2289434869,0.001082537872,0.9989174621,1255.63735,1140.070491,0.393493372,0.3572768697,0.3232764851,0.3912772543
real_20240703,real,2024-07-03,adapted,1146,0.3575900985,13.07473607,-0.3024728676,0.09148983563,0.0004868271026,0.9995131729,1255.72884,1141.070004,0.3935220432,0.3575900985,0.3235897139,0.3915904831
real_20240703,real,2024-07-03,adapted,1147,0.3579034437,13.07274007,-0.7997857779,0.6396572905,0.0001157095853,0.9998842904,1256.368497,1142.069889,0.3937224999,0.3579034437,0.3239030591,0.3919038283
real_20240703,real,2024-07-03,adapted,1148,0.3582161966,13.06543939,1.379890183,1.904096917,0.002005416322,0.9979945837,1258.272594,1143.067883,0.3943192084,0.3582161966,0.324215812,0.3922165812
real_20240703,real,2024-07-03,adapted,1149,0.3585294726,13.06260643,0.5922022997,0.3507035638,0.0003362084371,0.9996637916,1258.623298,1144.067547,0.3944291124,0.3585294726,0.324529088,0.3925298572
real_20240703,real,2024-07-03,adapted,1150,0.3588427966,13.057384,-0.4356424465,0.1897843412,0.000183072076,0.9998169279,1258.813082,1145.067364,0.3944885872,0.3588427966,0.324842412,0.3928431812
real_20240703,real,2024-07-03,adapted,1151,0.3591561247,13.05280809,1.711214168,2.928253929,0.0001699900876,0.9998300099,1261.741336,1146.067194,0.3954062475,0.3591561247,0.3251557401,0.3931565093
real_20240703,real,2024-07-03,adapted,1152,0.3594693522,13.04865001,0.5355396055,0.2868026691,0.0004910442885,0.9995089557,1262.028138,1147.066703,0.3954961261,0.3594693522,0.3254689676,0.3934697368
real_20240703,real,2024-07-03,adapted,1153,0.3597825283,13.04536886,-0.6864595888,0.471226767,0.0006551210417,0.999344879,1262.499365,1148.066048,0.3956437998,0.3597825283,0.3257821437,0.3937829129
real_20240703,real,2024-07-03,adapted,1154,0.3600958497,13.03960534,0.01094295357,0.0001197482328,0.0001913719748,0.999808628,1262.499485,1149.065857,0.3956438374,0.3600958497,0.3260954651,0.3940962343
real_20240703,real,2024-07-03,adapted,1155,0.3604089688,13.03382229,0.6406065569,0.4103767608,0.0008371382167,0.9991628618,1262.909862,1150.065019,0.3957724418,0.3604089688,0.3264085842,0.3944093534
real_20240703,real,2024-07-03,adapted,1156,0.3607223065,13.02679136,1.119964574,1.254320647,0.0001393407903,0.9998606592,1264.164182,1151.06488,0.3961655225,0.3607223065,0.3267219219,0.3947226911
real_20240703,real,2024-07-03,adapted,1157,0.3610355793,13.02230572,1.894945241,3.590817467,0.0003463820664,0.9996536179,1267.755,1152.064534,0.3972908179,0.3610355793,0.3270351947,0.3950359639
real_20240703,real,2024-07-03,adapted,1158,0.3613488208,13.01881721,-1.757060275,3.087260809,0.000446339109,0.9995536609,1270.842261,1153.064087,0.398258308,0.3613488208,0.3273484362,0.3953492054
real_20240703,real,2024-07-03,adapted,1159,0.3616619621,13.01234833,1.76013826,3.098086695,0.0007663938252,0.9992336062,1273.940347,1154.063321,0.3992291907,0.3616619621,0.3276615775,0.3956623467
real_20240703,real,2024-07-03,adapted,1160,0.3619748885,13.00894828,0.3469387821,0.1203665185,0.00145176555,0.9985482344,1274.060714,1155.061869,0.3992669113,0.3619748885,0.3279745039,0.3959752731
real_20240703,real,2024-07-03,adapted,1161,0.362288237,13.0007886,0.5893979184,0.3473899062,0.0001050248586,0.9998949751,1274.408104,1156.061764,0.3993757768,0.362288237,0.3282878524,0.3962886216
real_20240703,real,2024-07-03,adapted,1162,0.3626015223,12.99790019,-0.03467472915,0.001202336842,0.0003066325677,0.9996933674,1274.409306,1157.061458,0.3993761536,0.3626015223,0.3286011377,0.3966019069
real_20240703,real,2024-07-03,adapted,1163,0.3629148314,12.98944278,-0.2111739116,0.04459442096,0.0002304286863,0.9997695713,1274.453901,1158.061227,0.3993901287,0.3629148314,0.3289144468,0.396915216
real_20240703,real,2024-07-03,adapted,1164,0.3632281702,12.98589741,-0.4625529744,0.2139552541,0.0001358207474,0.9998641793,1274.667856,1159.061091,0.3994571783,0.3632281702,0.3292277856,0.3972285548
real_20240703,real,2024-07-03,adapted,1165,0.3635413862,12.98157817,0.582257499,0.3390237952,0.0005279996486,0.9994720004,1275.00688,1160.060563,0.399563422,0.3635413862,0.3295410016,0.3975417708
real_20240703,real,2024-07-03,adapted,1166,0.3638546447,12.9781328,-0.4300553362,0.1849475922,0.0003921635694,0.9996078364,1275.191827,1161.060171,0.3996213811,0.3638546447,0.3298542601,0.3978550293
real_20240703,real,2024-07-03,adapted,1167,0.3641679105,12.97004155,0.07338323014,0.005385098466,0.0003686301071,0.9996313699,1275.197212,1162.059802,0.3996230687,0.3641679105,0.3301675259,0.3981682951
real_20240703,real,2024-07-03,adapted,1168,0.3644811664,12.9690346,-0.05434553247,0.0029534369,0.0004006317321,0.9995993683,1275.200166,1163.059402,0.3996239943,0.3644811664,0.3304807818,0.398481551
real_20240703,real,2024-07-03,adapted,1169,0.3647943892,12.96365485,0.4137666031,0.1712028018,0.0005058648063,0.9994941352,1275.371369,1164.058896,0.399677646,0.3647943892,0.3307940046,0.3987947738
real_20240703,real,2024-07-03,adapted,1170,0.3651073719,12.95709575,-0.4530229196,0.2052297656,0.001272163545,0.9987278365,1275.576598,1165.057624,0.3997419612,0.3651073719,0.3311069873,0.3991077565
real_20240703,real,2024-07-03,adapted,1171,0.3654203216,12.94802359,-0.7781493978,0.6055164853,0.001377551533,0.9986224485,1276.182115,1166.056246,0.3999317188,0.3654203216,0.331419937,0.3994207062
real_20240703,real,2024-07-03,adapted,1172,0.3657336641,12.94247404,-0.1079400795,0.01165106076,0.0001242500528,0.9998757499,1276.193766,1167.056122,0.3999353701,0.3657336641,0.3317332795,0.3997340487
real_20240703,real,2024-07-03,adapted,1173,0.3660467875,12.93691258,0.579546143,0.3358737319,0.0008231682549,0.9991768317,1276.52964,1168.055299,0.4000406266,0.3660467875,0.3320464029,0.4000471721
real_20240703,real,2024-07-03,adapted,1174,0.3663599733,12.93315055,-0.252036058,0.06352217453,0.0006241162799,0.9993758837,1276.593162,1169.054675,0.4000605333,0.3663599733,0.3323595887,0.4003603579
real_20240703,real,2024-07-03,adapted,1175,0.3666731554,12.92819205,1.389910893,1.931852292,0.0006357172247,0.9993642828,1278.525014,1170.054039,0.4006659398,0.3666731554,0.3326727708,0.40067354
real_20240703,real,2024-07-03,adapted,1176,0.3669865172,12.91529117,-1.31237794,1.722335857,6.276910257e-05,0.9999372309,1280.24735,1171.053976,0.4012056878,0.3669865172,0.3329861326,0.4009869018
real_20240703,real,2024-07-03,adapted,1177,0.3672996806,12.91038891,1.370239832,1.877557198,0.0006954310809,0.9993045689,1282.124907,1172.053281,0.4017940793,0.3672996806,0.333299296,0.4013000652
real_20240703,real,2024-07-03,adapted,1178,0.3676129944,12.9093778,-0.07332914012,0.00537716279,0.0002155580756,0.9997844419,1282.130284,1173.053065,0.4017957644,0.3676129944,0.3336126098,0.401613379
real_20240703,real,2024-07-03,adapted,1179,0.3679261669,12.90519105,-0.3640098006,0.132503135,0.0006668105901,0.9993331894,1282.262787,1174.052398,0.4018372884,0.3679261669,0.3339257823,0.4019265515
real_20240703,real,2024-07-03,adapted,1180,0.3682394796,12.89818899,-0.9898854075,0.9798731199,0.0002188939196,0.9997811061,1283.242661,1175.05218,0.4021443624,0.3682394796,0.334239095,0.4022398642
real_20240703,real,2024-07-03,adapted,1181,0.3685527107,12.89182894,1.200932399,1.442238626,0.0004796796644,0.9995203203,1284.684899,1176.0517,0.4025963332,0.3685527107,0.3345523261,0.4025530953
real_20240703,real,2024-07-03,adapted,1182,0.3688660082,12.88641968,0.130010568,0.0169027478,0.000267802363,0.9997321976,1284.701802,1177.051432,0.4026016302,0.3688660082,0.3348656236,0.4028663928
real_20240703,real,2024-07-03,adapted,1183,0.3691792561,12.8822719,0.3875156705,0.1501683949,0.000425819869,0.9995741801,1284.85197,1178.051006,0.4026486902,0.3691792561,0.3351788715,0.4031796407
real_20240703,real,2024-07-03,adapted,1184,0.3694922605,12.87677489,0.4770809249,0.2276062089,0.00120304942,0.9987969506,1285.079576,1179.049803,0.4027200177,0.3694922605,0.3354918759,0.4034926451
real_20240703,real,2024-07-03,adapted,1185,0.369805423,12.8706555,-0.1616892178,0.02614340317,0.000698491688,0.9993015083,1285.10572,1180.049105,0.4027282106,0.369805423,0.3358050384,0.4038058076
real_20240703,real,2024-07-03,adapted,1186,0.3701186984,12.86750202,-1.832001187,3.356228348,0.000338130871,0.9996618691,1288.461948,1181.048767,0.40377999,0.3701186984,0.3361183138,0.404119083
real_20240703,real,2024-07-03,adapted,1187,0.3704319715,12.86331678,1.487015196,2.211214194,0.000345363157,0.9996546368,1290.673162,1182.048421,0.4044729434,0.3704319715,0.3364315869,0.4044323561
real_20240703,real,2024-07-03,adapted,1188,0.3707451851,12.8520941,-0.9494798914,0.9015120642,0.0005356920137,0.999464308,1291.574675,1183.047886,0.4047554605,0.3707451851,0.3367448005,0.4047455697
real_20240703,real,2024-07-03,adapted,1189,0.3710585275,12.84933231,-0.9546912746,0.9114354298,0.0001241943413,0.9998758057,1292.48611,1184.047761,0.4050410874,0.3710585275,0.3370581429,0.4050589121
real_20240703,real,2024-07-03,adapted,1190,0.3713717435,12.84658198,0.1568473609,0.02460109461,0.0005278877063,0.9994721123,1292.510711,1185.047233,0.4050487969,0.3713717435,0.3373713589,0.4053721281
real_20240703,real,2024-07-03,adapted,1191,0.3716847007,12.84132388,-1.574140149,2.477917208,0.001353529015,0.998646471,1294.988628,1186.04588,0.4058253301,0.3716847007,0.3376843161,0.4056850853
real_20240703,real,2024-07-03,adapted,1192,0.3719979166,12.83495594,-0.5631342107,0.3171201393,0.0005280465671,0.9994719534,1295.305748,1187.045352,0.4059247096,0.3719979166,0.337997532,0.4059983012
real_20240703,real,2024-07-03,adapted,1193,0.3723112383,12.83196688,-1.095614382,1.200370873,0.0001904393117,0.9998095607,1296.506119,1188.045161,0.4063008835,0.3723112383,0.3383108537,0.4063116229
real_20240703,real,2024-07-03,adapted,1194,0.372624484,12.82424893,-1.055110007,1.113257127,0.0004329641261,0.9995670359,1297.619376,1189.044728,0.4066497576,0.372624484,0.3386240994,0.4066248686
real_20240703,real,2024-07-03,adapted,1195,0.3729376469,12.82203349,-0.2173057316,0.04722178097,0.0006972923292,0.9993027077,1297.666598,1190.044031,0.406664556,0.3729376469,0.3389372623,0.4069380315
real_20240703,real,2024-07-03,adapted,1196,0.373250992,12.81449648,-0.5019538812,0.2519576988,0.0001155741186,0.9998844259,1297.918556,1191.043916,0.4067435148,0.373250992,0.3392506074,0.4072513766
real_20240703,real,2024-07-03,adapted,1197,0.3735641929,12.80803122,0.1443747401,0.02084406559,0.0005759640443,0.999424036,1297.9394,1192.04334,0.406750047,0.3735641929,0.3395638083,0.4075645775
real_20240703,real,2024-07-03,adapted,1198,0.3738774618,12.80523713,0.0793820185,0.006301504862,0.0003590286834,0.9996409713,1297.945701,1193.042981,0.4067520218,0.3738774618,0.3398770772,0.4078778464
real_20240703,real,2024-07-03,adapted,1199,0.3741907097,12.80004973,-2.399140758,5.755876379,0.0004257795221,0.9995742205,1303.701578,1194.042555,0.4085558063,0.3741907097,0.3401903251,0.4081910943
real_20240703,real,2024-07-03,adapted,1200,0.3745040147,12.79724988,-1.036750422,1.074851438,0.0002439113049,0.9997560887,1304.776429,1195.042311,0.4088926447,0.3745040147,0.3405036301,0.4085043993
real_20240703,real,2024-07-03,adapted,1201,0.3748171016,12.7948434,0.6018315586,0.362201225,0.0009396276238,0.9990603724,1305.13863,1196.041371,0.4090061518,0.3748171016,0.340816717,0.4088174862
real_20240703,real,2024-07-03,adapted,1202,0.375129991,12.79268141,-1.096216369,1.201690328,0.001569948702,0.9984300513,1306.340321,1197.039801,0.4093827392,0.375129991,0.3411296064,0.4091303756
real_20240703,real,2024-07-03,adapted,1203,0.3754431797,12.78402502,0.255151266,0.06510216852,0.0006148998643,0.9993851001,1306.405423,1198.039186,0.409403141,0.3754431797,0.3414427951,0.4094435643
real_20240703,real,2024-07-03,adapted,1204,0.3757564285,12.78035884,-0.06661928886,0.004438129648,0.0004231080872,0.9995768919,1306.409861,1199.038763,0.4094045318,0.3757564285,0.3417560439,0.4097568131
real_20240703,real,2024-07-03,adapted,1205,0.3760697274,12.77334129,-0.97517014,0.9509568019,0.0002632518374,0.9997367482,1307.360818,1200.0385,0.409702544,0.3760697274,0.3420693428,0.410070112
real_20240703,real,2024-07-03,adapted,1206,0.3763830593,12.76954401,0.5540813869,0.3070061833,0.0001578104931,0.9998421895,1307.667824,1201.038342,0.409798754,0.3763830593,0.3423826747,0.4103834439
real_20240703,real,2024-07-03,adapted,1207,0.3766961774,12.76859643,1.286351082,1.654699105,0.0008402588238,0.9991597412,1309.322523,1202.037502,0.4103173059,0.3766961774,0.3426957928,0.410696562
real_20240703,real,2024-07-03,adapted,1208,0.3770094303,12.76067524,0.2205620956,0.04864763802,0.0004097503673,0.9995902496,1309.371171,1203.037092,0.4103325512,0.3770094303,0.3430090457,0.4110098149
real_20240703,real,2024-07-03,adapted,1209,0.3773226707,12.75653619,-0.7394868093,0.5468407411,0.0004498980226,0.999550102,1309.918012,1204.036642,0.4105039209,0.3773226707,0.3433222861,0.4113230553
real_20240703,real,2024-07-03,adapted,1210,0.3776359917,12.75312759,-0.6140750102,0.3770881181,0.0001929068289,0.9998070932,1310.2951,1205.036449,0.4106220933,0.3776359917,0.3436356071,0.4116363763
real_20240703,real,2024-07-03,adapted,1211,0.3779492571,12.74637847,-2.550633373,6.505730604,0.0003700710359,0.999629929,1316.80083,1206.036079,0.4126608682,0.3779492571,0.3439488725,0.4119496417
real_20240703,real,2024-07-03,adapted,1212,0.3782625868,12.74303999,-0.6221889295,0.387119064,0.0001647366392,0.9998352634,1317.187949,1207.035915,0.4127821841,0.3782625868,0.3442622022,0.4122629714
real_20240703,real,2024-07-03,adapted,1213,0.3785755638,12.73384878,1.075685718,1.157099764,0.001290616427,0.9987093836,1318.345049,1208.034624,0.4131447976,0.3785755638,0.3445751792,0.4125759484
real_20240703,real,2024-07-03,adapted,1214,0.3788886134,12.73180053,-1.240119767,1.537897037,0.001058508528,0.9989414915,1319.882946,1209.033566,0.4136267459,0.3788886134,0.3448882288,0.412888998
real_20240703,real,2024-07-03,adapted,1215,0.379201653,12.72541498,-0.5312531704,0.282229931,0.001090722649,0.9989092774,1320.165176,1210.032475,0.4137151915,0.379201653,0.3452012684,0.4132020376
real_20240703,real,2024-07-03,adapted,1216,0.3795148781,12.72058535,0.4030002552,0.1624092057,0.0004987267497,0.9995012733,1320.327585,1211.031976,0.4137660875,0.3795148781,0.3455144935,0.4135152627
real_20240703,real,2024-07-03,adapted,1217,0.3798281925,12.71540018,-0.9892104577,0.9785373295,0.0002138973083,0.9997861027,1321.306123,1212.031762,0.4140727429,0.3798281925,0.3458278079,0.4138285771
real_20240703,real,2024-07-03,adapted,1218,0.3801413402,12.71183899,1.335891142,1.784605143,0.0007454699292,0.9992545301,1323.090728,1213.031017,0.4146320049,0.3801413402,0.3461409556,0.4141417248
real_20240703,real,2024-07-03,adapted,1219,0.3804545688,12.70996897,0.7105084883,0.5048223119,0.0004876231878,0.9995123768,1323.59555,1214.030529,0.4147902069,0.3804545688,0.3464541842,0.4144549534
real_20240703,real,2024-07-03,adapted,1220,0.380767891,12.70382006,-0.4807256296,0.231097131,0.0001888108636,0.9998111891,1323.826647,1215.03034,0.4148626284,0.380767891,0.3467675064,0.4147682756
real_20240703,real,2024-07-03,adapted,1221,0.3810810853,12.70276839,-1.829368179,3.346587934,0.0005971082297,0.9994028918,1327.173235,1216.029743,0.4159113868,0.3810810853,0.3470807007,0.4150814699
real_20240703,real,2024-07-03,adapted,1222,0.3813941964,12.69684106,1.506189023,2.268605374,0.0008623896614,0.9991376103,1329.441841,1217.028881,0.4166223255,0.3813941964,0.3473938118,0.415394581
real_20240703,real,2024-07-03,adapted,1223,0.3817073166,12.6898442,0.2778942694,0.07722522497,0.0008335873649,0.9991664126,1329.519066,1218.028047,0.4166465264,0.3817073166,0.347706932,0.4157077012
real_20240703,real,2024-07-03,adapted,1224,0.3820201944,12.68495043,1.451619897,2.107200325,0.001606853943,0.9983931461,1331.626266,1219.02644,0.4173068838,0.3820201944,0.3480198098,0.416020579
real_20240703,real,2024-07-03,adapted,1225,0.3823333233,12.67975182,-0.01179091252,0.0001390256181,0.0008056888329,0.9991943112,1331.626405,1220.025635,0.4173069273,0.3823333233,0.3483329387,0.4163337079
real_20240703,real,2024-07-03,adapted,1226,0.3826466575,12.67728758,1.645851602,2.708827495,0.0001506752606,0.9998493247,1334.335233,1221.025484,0.4181558234,0.3826466575,0.3486462729,0.4166470421
real_20240703,real,2024-07-03,adapted,1227,0.3829594139,12.67653576,-1.02269385,1.045902711,0.001994338252,0.9980056617,1335.381135,1222.02349,0.4184835899,0.3829594139,0.3489590293,0.4169597985
real_20240703,real,2024-07-03,adapted,1228,0.3832727542,12.66406721,-0.9229477985,0.8518326387,0.0001310451661,0.9998689548,1336.232968,1223.023359,0.4187505384,0.3832727542,0.3492723696,0.4172731388
real_20240703,real,2024-07-03,adapted,1229,0.383586079,12.66061036,-0.9470372894,0.8968796275,0.0001805240572,0.9998194759,1337.129848,1224.023178,0.4190316037,0.383586079,0.3495856944,0.4175864636
real_20240703,real,2024-07-03,adapted,1230,0.383899313,12.65697262,0.5416855233,0.2934232061,0.0004703852911,0.9995296147,1337.423271,1225.022708,0.4191235571,0.383899313,0.3498989284,0.4178996976
real_20240703,real,2024-07-03,adapted,1231,0.384212515,12.6525583,-0.4922481382,0.2423082296,0.0005723602224,0.9994276398,1337.665579,1226.022135,0.419199492,0.384212515,0.3502121304,0.4182128996
real_20240703,real,2024-07-03,adapted,1232,0.3845255786,12.64605656,0.3535719052,0.1250130922,0.001013831258,0.9989861687,1337.790592,1227.021121,0.4192386688,0.3845255786,0.350525194,0.4185259632
real_20240703,real,2024-07-03,adapted,1233,0.3848389077,12.63756639,0.9389559489,0.881638274,0.0001670565494,0.9998329435,1338.67223,1228.020954,0.4195149578,0.3848389077,0.3508385231,0.4188392923
real_20240703,real,2024-07-03,adapted,1234,0.3851517656,12.63507024,0.9370240089,0.8780139932,0.001670406322,0.9983295937,1339.550244,1229.019284,0.419790111,0.3851517656,0.351151381,0.4191521502
real_20240703,real,2024-07-03,adapted,1235,0.3854649601,12.63303183,0.6623908828,0.4387616816,0.0005964239075,0.9994035761,1339.989006,1230.018688,0.4199276108,0.3854649601,0.3514645755,0.4194653447
real_20240703,real,2024-07-03,adapted,1236,0.3857778008,12.62205459,1.241980611,1.542515837,0.001725173806,0.9982748262,1341.531522,1231.016962,0.4204110065,0.3857778008,0.3517774162,0.4197781854
real_20240703,real,2024-07-03,adapted,1237,0.3860909671,12.61820579,-0.2619101192,0.06859691052,0.0006865145949,0.9993134854,1341.600119,1232.016276,0.4204325035,0.3860909671,0.3520905825,0.4200913517
real_20240703,real,2024-07-03,adapted,1238,0.3864040486,12.61578052,-1.351824411,1.827429238,0.0009568618885,0.9990431381,1343.427548,1233.015319,0.4210051858,0.3864040486,0.352403664,0.4204044332
real_20240703,real,2024-07-03,adapted,1239,0.3867171055,12.61245026,-0.04051823442,0.001641727321,0.001035325124,0.9989646749,1343.42919,1234.014284,0.4210057003,0.3867171055,0.3527167209,0.4207174901
real_20240703,real,2024-07-03,adapted,1240,0.3870304051,12.60286584,0.2141436978,0.0458575233,0.000260966364,0.9997390336,1343.475047,1235.014023,0.4210200712,0.3870304051,0.3530300205,0.4210307897
real_20240703,real,2024-07-03,adapted,1241,0.3873434998,12.59671192,0.3109625851,0.09669772936,0.00091490613,0.9990850939,1343.571745,1236.013108,0.4210503745,0.3873434998,0.3533431152,0.4213438844
real_20240703,real,2024-07-03,adapted,1242,0.3876567763,12.5946282,-0.220909856,0.0488011645,0.0003348069545,0.999665193,1343.620546,1237.012773,0.4210656679,0.3876567763,0.3536563917,0.4216571609
real_20240703,real,2024-07-03,adapted,1243,0.3879699124,12.5932716,0.7784554028,0.6059928142,0.0007823989665,0.999217601,1344.226539,1238.011991,0.4212555747,0.3879699124,0.3539695278,0.421970297
real_20240703,real,2024-07-03,adapted,1244,0.3882831324,12.58284002,-0.03129550912,0.0009794088908,0.0005150468404,0.9994849532,1344.227518,1239.011476,0.4212558817,0.3882831324,0.3542827478,0.422283517
real_20240703,real,2024-07-03,adapted,1245,0.3885964692,12.57996175,0.1780283068,0.03169407801,0.0001423871362,0.9998576129,1344.259212,1240.011333,0.421265814,0.3885964692,0.3545960846,0.4225968538
real_20240703,real,2024-07-03,adapted,1246,0.3889097607,12.57790143,-0.1570131677,0.02465313484,0.0002868572948,0.9997131427,1344.283866,1241.011046,0.4212735398,0.3889097607,0.3549093761,0.4229101453
real_20240703,real,2024-07-03,adapted,1247,0.3892230197,12.57047037,0.08931885544,0.007977857937,0.0003904012325,0.9996095988,1344.291843,1242.010656,0.4212760399,0.3892230197,0.3552226351,0.4232234043
real_20240703,real,2024-07-03,adapted,1248,0.3895362392,12.56777912,-0.3419625042,0.1169383543,0.000516582545,0.9994834175,1344.408782,1243.010139,0.4213126862,0.3895362392,0.3555358546,0.4235366238
real_20240703,real,2024-07-03,adapted,1249,0.3898494124,12.56367442,0.9699010174,0.9407079835,0.0006642742589,0.9993357257,1345.34949,1244.009475,0.4216074866,0.3898494124,0.3558490278,0.423849797
real_20240703,real,2024-07-03,adapted,1250,0.3901627274,12.55943098,-0.2506784461,0.06283968334,0.0002120419363,0.9997879581,1345.412329,1245.009263,0.4216271794,0.3901627274,0.3561623428,0.424163112
real_20240703,real,2024-07-03,adapted,1251,0.3904760237,12.55421608,0.5810741751,0.337647197,0.0002712878418,0.9997287122,1345.749977,1246.008992,0.4217329918,0.3904760237,0.3564756391,0.4244764083
real_20240703,real,2024-07-03,adapted,1252,0.3907892603,12.54988399,0.3630604371,0.131812881,0.0004622665787,0.9995377334,1345.88179,1247.008529,0.4217742995,0.3907892603,0.3567888757,0.4247896449
real_20240703,real,2024-07-03,adapted,1253,0.3911023609,12.54568752,-0.7450564573,0.5551091246,0.0008958088096,0.9991041912,1346.436899,1248.007634,0.4219482603,0.3911023609,0.3571019763,0.4251027455
real_20240703,real,2024-07-03,adapted,1254,0.3914155331,12.54374964,0.1136184913,0.01290916158,0.0006675613062,0.9993324387,1346.449808,1249.006966,0.4219523058,0.3914155331,0.3574151485,0.4254159177
real_20240703,real,2024-07-03,adapted,1255,0.3917286873,12.53604407,1.137055895,1.292896109,0.0007248998884,0.9992751001,1347.742704,1250.006241,0.4223574754,0.3917286873,0.3577283027,0.4257290719
real_20240703,real,2024-07-03,adapted,1256,0.3920419824,12.5281364,-0.5839678352,0.3410184326,0.0002753160715,0.9997246839,1348.083722,1251.005966,0.4224643442,0.3920419824,0.3580415978,0.426042367
real_20240703,real,2024-07-03,adapted,1257,0.3923550933,12.52240312,0.3744745939,0.1402312215,0.0008631542056,0.9991368458,1348.223954,1252.005103,0.4225082901,0.3923550933,0.3583547087,0.4263554779
real_20240703,real,2024-07-03,adapted,1258,0.3926679604,12.52011585,-0.3115419377,0.09705837894,0.001641240213,0.9983587598,1348.321012,1253.003461,0.4225387064,0.3926679604,0.3586675758,0.426668345
real_20240703,real,2024-07-03,adapted,1259,0.3929810477,12.5173283,0.6502122101,0.4227759182,0.0009384280744,0.9990615719,1348.743788,1254.002523,0.4226711965,0.3929810477,0.3589806631,0.4269814323
real_20240703,real,2024-07-03,adapted,1260,0.3932942025,12.51475614,-0.1283263058,0.01646764076,0.000722834997,0.999277165,1348.760256,1255.0018,0.4226763571,0.3932942025,0.3592938179,0.4272945871
real_20240703,real,2024-07-03,adapted,1261,0.3936067695,12.51280992,1.168042763,1.364323896,0.002598674141,0.9974013259,1350.124579,1255.999202,0.4231039108,0.3936067695,0.3596063849,0.4276071541
real_20240703,real,2024-07-03,adapted,1262,0.3939200829,12.49974629,0.7592301329,0.5764303948,0.0002170217615,0.9997829782,1350.70101,1256.998985,0.4232845534,0.3939200829,0.3599196983,0.4279204675
real_20240703,real,2024-07-03,adapted,1263,0.3942333493,12.49538949,0.9023207273,0.8141826949,0.0003670752031,0.9996329248,1351.515193,1257.998617,0.4235397031,0.3942333493,0.3602329647,0.4282337339
real_20240703,real,2024-07-03,adapted,1264,0.3945466224,12.48843236,-0.6126984239,0.3753993587,0.0003453835868,0.9996546164,1351.890592,1258.998272,0.4236573463,0.3945466224,0.3605462378,0.428547007
real_20240703,real,2024-07-03,adapted,1265,0.3948599551,12.48535721,-0.0344117906,0.001184171332,0.0001554621664,0.9998445378,1351.891776,1259.998117,0.4236577173,0.3948599551,0.3608595705,0.4288603397
real_20240703,real,2024-07-03,adapted,1266,0.3951731816,12.47935277,0.1736063771,0.03013917417,0.0004939870239,0.999506013,1351.921915,1260.997623,0.4236671624,0.3951731816,0.361172797,0.4291735662
real_20240703,real,2024-07-03,adapted,1267,0.3954865192,12.46995095,0.003727791831,1.389643193e-05,0.000139925241,0.9998600748,1351.921929,1261.997483,0.4236671668,0.3954865192,0.3614861346,0.4294869038
real_20240703,real,2024-07-03,adapted,1268,0.3957997477,12.46760854,-0.919977695,0.8463589593,0.0004877255038,0.9995122745,1352.768288,1262.996995,0.4239323999,0.3957997477,0.3617993631,0.4298001323
real_20240703,real,2024-07-03,adapted,1269,0.3961130931,12.46029388,0.09335888423,0.008715881265,0.0001149419982,0.999885058,1352.777004,1263.99688,0.4239351313,0.3961130931,0.3621127085,0.4301134777
real_20240703,real,2024-07-03,adapted,1270,0.3964263958,12.45808754,0.4028558262,0.1622928167,0.0002509236541,0.9997490763,1352.939297,1264.996629,0.4239859908,0.3964263958,0.3624260112,0.4304267804
real_20240703,real,2024-07-03,adapted,1271,0.3967396895,12.45075023,1.14336563,1.307284965,0.0002798835507,0.9997201164,1354.246582,1265.996349,0.4243956696,0.3967396895,0.3627393049,0.4307400741
real_20240703,real,2024-07-03,adapted,1272,0.3970529599,12.44725444,0.4558210138,0.2077727966,0.0003543022041,0.9996456978,1354.454355,1266.995995,0.4244607817,0.3970529599,0.3630525753,0.4310533445
real_20240703,real,2024-07-03,adapted,1273,0.3973657509,12.44509236,-0.2702569897,0.07303884048,0.001883670379,0.9981163296,1354.527393,1267.994111,0.4244836708,0.3973657509,0.3633653663,0.4313661355
real_20240703,real,2024-07-03,adapted,1274,0.3976788872,12.43535743,-0.4512772931,0.2036511953,0.0007821352632,0.9992178647,1354.731045,1268.993329,0.4245474913,0.3976788872,0.3636785026,0.4316792718
real_20240703,real,2024-07-03,adapted,1275,0.3979922164,12.42481999,-0.2795106292,0.07812619181,0.0001666746485,0.9998333254,1354.809171,1269.993162,0.4245719745,0.3979922164,0.3639918318,0.431992601
real_20240703,real,2024-07-03,adapted,1276,0.39830549,12.42225586,-0.3523358571,0.1241405562,0.0003438345346,0.9996561655,1354.933311,1270.992819,0.4246108779,0.39830549,0.3643051054,0.4323058746
real_20240703,real,2024-07-03,adapted,1277,0.3986187469,12.41806494,0.1125120776,0.01265896761,0.0003973717975,0.9996026282,1354.94597,1271.992421,0.424614845,0.3986187469,0.3646183623,0.4326191315
real_20240703,real,2024-07-03,adapted,1278,0.3989320861,12.41721295,-0.6560672554,0.4304242436,0.0001343748869,0.9998656251,1355.376395,1272.992287,0.4247497319,0.3989320861,0.3649317015,0.4329324707
real_20240703,real,2024-07-03,adapted,1279,0.3992454437,12.40773712,-0.749492927,0.5617396476,7.589906206e-05,0.9999241009,1355.938134,1273.992211,0.4249257707,0.3992454437,0.3652450591,0.4332458283
real_20240703,real,2024-07-03,adapted,1280,0.3995587379,12.40326435,0.2509633335,0.06298259476,0.0002782903084,0.9997217097,1356.001117,1274.991933,0.4249455082,0.3995587379,0.3655583533,0.4335591225
real_20240703,real,2024-07-03,adapted,1281,0.3998718015,12.39487773,-0.9357003338,0.8755351147,0.001013993605,0.9989860064,1356.876652,1275.990919,0.4252198846,0.3998718015,0.3658714169,0.4338721861
real_20240703,real,2024-07-03,adapted,1282,0.4001851136,12.39457085,1.122734938,1.26053374,0.0002212378205,0.9997787622,1358.137186,1276.990697,0.4256149125,0.4001851136,0.366184729,0.4341854982
real_20240703,real,2024-07-03,adapted,1283,0.4004981083,12.38896589,-1.11746215,1.248721658,0.001233718455,0.9987662815,1359.385907,1277.989464,0.4260062386,0.4004981083,0.3664977237,0.4344984929
real_20240703,real,2024-07-03,adapted,1284,0.4008114493,12.38696195,0.9889385766,0.9779995084,0.0001289029454,0.9998710971,1360.363907,1278.989335,0.4263127254,0.4008114493,0.3668110647,0.4348118339
real_20240703,real,2024-07-03,adapted,1285,0.401124612,12.38346479,-0.3395688891,0.1153070304,0.0006979875635,0.9993020124,1360.479214,1279.988637,0.4263488605,0.401124612,0.3671242274,0.4351249966
real_20240703,real,2024-07-03,adapted,1286,0.4014375098,12.37301301,-0.02745725599,0.0007539009063,0.001543130562,0.9984568694,1360.479968,1280.987094,0.4263490968,0.4014375098,0.3674371252,0.4354378944
real_20240703,real,2024-07-03,adapted,1287,0.4017504393,12.36867086,-0.3185597916,0.1014803408,0.001441860273,0.9985581397,1360.581448,1281.985652,0.4263808988,0.4017504393,0.3677500547,0.4357508239
real_20240703,real,2024-07-03,adapted,1288,0.4020633756,12.36658649,-0.6909428013,0.4774019547,0.001420209615,0.9985797904,1361.05885,1282.984232,0.4265305077,0.4020633756,0.368062991,0.4360637602
real_20240703,real,2024-07-03,adapted,1289,0.4023766846,12.35638894,1.038523319,1.078530685,0.0002309263247,0.9997690737,1362.137381,1283.984001,0.4268684991,0.4023766846,0.3683763,0.4363770692
real_20240703,real,2024-07-03,adapted,1290,0.4026898426,12.35478523,-0.2258221684,0.05099565174,0.0007130919443,0.9992869081,1362.188376,1284.983288,0.4268844802,0.4026898426,0.368689458,0.4366902272
real_20240703,real,2024-07-03,adapted,1291,0.4030030179,12.35285141,1.365287508,1.86400998,0.000657399675,0.9993426003,1364.052386,1285.98263,0.4274686262,0.4030030179,0.3690026333,0.4370034025
real_20240703,real,2024-07-03,adapted,1292,0.4033160925,12.34338804,-1.911175977,3.652593616,0.0009789390377,0.999021061,1367.70498,1286.981651,0.4286132811,0.4033160925,0.3693157079,0.4373164771
real_20240703,real,2024-07-03,adapted,1293,0.4036293786,12.34101168,-0.1916715303,0.03673797554,0.000304166489,0.9996958335,1367.741718,1287.981347,0.4286247941,0.4036293786,0.369628994,0.4376297632
real_20240703,real,2024-07-03,adapted,1294,0.4039425308,12.33984749,-0.8476657683,0.7185372547,0.0007314795635,0.9992685204,1368.460255,1288.980616,0.4288499703,0.4039425308,0.3699421462,0.4379429154
real_20240703,real,2024-07-03,adapted,1295,0.4042558731,12.32962058,-0.1306290385,0.01706394571,0.0001247297332,0.9998752703,1368.477319,1289.980491,0.4288553178,0.4042558731,0.3702554885,0.4382562577
real_20240703,real,2024-07-03,adapted,1296,0.4045690093,12.32668411,0.8594731742,0.7386941371,0.0007821502428,0.9992178498,1369.216013,1290.979709,0.4290868108,0.4045690093,0.3705686247,0.4385693939
real_20240703,real,2024-07-03,adapted,1297,0.404882169,12.32557037,-0.5609142603,0.3146248075,0.0007075633291,0.9992924367,1369.530638,1291.979001,0.4291854084,0.404882169,0.3708817844,0.4388825536
real_20240703,real,2024-07-03,adapted,1298,0.4051951132,12.31768665,-0.2938054733,0.08632165613,0.001395007979,0.998604992,1369.61696,1292.977606,0.42921246,0.4051951132,0.3711947286,0.4391954978
real_20240703,real,2024-07-03,adapted,1299,0.4055082287,12.31452045,-0.4039467147,0.1631729483,0.000848495708,0.9991515043,1369.780133,1293.976758,0.4292635953,0.4055082287,0.3715078441,0.4395086133
real_20240703,real,2024-07-03,adapted,1300,0.4058214584,12.30699374,-0.8272807884,0.6843935028,0.0004838266188,0.9995161734,1370.464526,1294.976274,0.4294780715,0.4058214584,0.3718210738,0.439821843
real_20240703,real,2024-07-03,adapted,1301,0.4061343527,12.3019853,0.17153334,0.02942368673,0.001554427321,0.9984455727,1370.49395,1295.974719,0.4294872923,0.4061343527,0.3721339681,0.4401347373
real_20240703,real,2024-07-03,adapted,1302,0.4064472717,12.30150429,1.47434984,2.173707449,0.001475475219,0.9985245248,1372.667657,1296.973244,0.4301684918,0.4064472717,0.3724468871,0.4404476563
real_20240703,real,2024-07-03,adapted,1303,0.4067605832,12.29865888,-0.8013091091,0.6420962884,0.0002229074646,0.9997770925,1373.309754,1297.973021,0.4303697128,0.4067605832,0.3727601986,0.4407609678
real_20240703,real,2024-07-03,adapted,1304,0.4070738895,12.29673687,-0.6971462267,0.4860128613,0.0002396840674,0.9997603159,1373.795766,1298.972781,0.4305220202,0.4070738895,0.3730735049,0.4410742741
real_20240703,real,2024-07-03,adapted,1305,0.4073870985,12.28795652,0.0219251684,0.0004807130092,0.0005499463793,0.9994500536,1373.796247,1299.972231,0.4305221709,0.4073870985,0.3733867139,0.4413874831
real_20240703,real,2024-07-03,adapted,1306,0.4077004506,12.28078641,-0.4028580588,0.1622946156,9.365588355e-05,0.9999063441,1373.958542,1300.972138,0.430573031,0.4077004506,0.373700066,0.4417008352
real_20240703,real,2024-07-03,adapted,1307,0.4080137761,12.27935621,1.655866383,2.741893478,0.000178183198,0.9998218168,1376.700435,1301.97196,0.4314322893,0.4080137761,0.3740133915,0.4420141607
real_20240703,real,2024-07-03,adapted,1308,0.4083268101,12.27234802,-0.770408167,0.5935287437,0.001108655125,0.9988913449,1377.293964,1302.970851,0.4316182902,0.4083268101,0.3743264255,0.4423271947
real_20240703,real,2024-07-03,adapted,1309,0.4086401032,12.26930974,-0.4401404316,0.1937235996,0.0002815907025,0.9997184093,1377.487688,1303.970569,0.4316789996,0.4086401032,0.3746397186,0.4426404878
real_20240703,real,2024-07-03,adapted,1310,0.4089533975,12.26903363,0.5626392118,0.3165628827,0.0002778675481,0.9997221325,1377.804251,1304.970291,0.4317782045,0.4089533975,0.3749530129,0.4429537821
real_20240703,real,2024-07-03,adapted,1311,0.4092666781,12.26294538,0.8810456712,0.7762414748,0.0003215908734,0.9996784091,1378.580492,1305.96997,0.4320214641,0.4092666781,0.3752662935,0.4432670627
real_20240703,real,2024-07-03,adapted,1312,0.4095798713,12.25762843,0.6589338291,0.4341937912,0.0006004524921,0.9993995475,1379.014686,1306.969369,0.4321575324,0.4095798713,0.3755794867,0.4435802559
real_20240703,real,2024-07-03,adapted,1313,0.409892985,12.2572353,-0.9623734761,0.9261627075,0.0008542035619,0.9991457964,1379.940848,1307.968515,0.4324477745,0.409892985,0.3758926004,0.4438933696
real_20240703,real,2024-07-03,adapted,1314,0.4102062887,12.24854908,-0.8976998544,0.8058650286,0.0002479182243,0.9997520818,1380.746714,1308.968267,0.4327003176,0.4102062887,0.3762059041,0.4442066733
real_20240703,real,2024-07-03,adapted,1315,0.4105195318,12.24360886,0.7714277051,0.5951007042,0.0004413402334,0.9995586598,1381.341814,1309.967826,0.4328868111,0.4105195318,0.3765191472,0.4445199164
real_20240703,real,2024-07-03,adapted,1316,0.4108327787,12.24158568,-0.7002538021,0.4903553874,0.0004290395154,0.9995709605,1381.83217,1310.967397,0.4330404794,0.4108327787,0.3768323941,0.4448331633
real_20240703,real,2024-07-03,adapted,1317,0.4111460568,12.23208775,-0.1897785865,0.03601591188,0.000329595779,0.9996704042,1381.868186,1311.967067,0.4330517661,0.4111460568,0.3771456722,0.4451464414
real_20240703,real,2024-07-03,adapted,1318,0.4114592503,12.23087248,-0.3405880604,0.1160002269,0.0005994803394,0.9994005197,1381.984186,1312.966468,0.4330881184,0.4114592503,0.3774588657,0.4454596349
real_20240703,real,2024-07-03,adapted,1319,0.4117724476,12.22652645,-0.6284893862,0.3949989086,0.0005874681033,0.9994125319,1382.379185,1313.96588,0.4332119037,0.4117724476,0.377772063,0.4457728322
real_20240703,real,2024-07-03,adapted,1320,0.4120856455,12.22471909,0.8563309346,0.7333026695,0.0005854347916,0.9994145652,1383.112487,1314.965295,0.4334417071,0.4120856455,0.3780852609,0.4460860301
real_20240703,real,2024-07-03,adapted,1321,0.4123988834,12.22262555,0.9953589023,0.9907393443,0.0004581337808,0.9995418662,1384.103227,1315.964837,0.4337521864,0.4123988834,0.3783984988,0.446399268
real_20240703,real,2024-07-03,adapted,1322,0.4127121672,12.21272297,-0.3039947454,0.09241280522,0.0003114068034,0.9996885932,1384.195639,1316.964525,0.4337811468,0.4127121672,0.3787117826,0.4467125518
real_20240703,real,2024-07-03,adapted,1323,0.4130254986,12.2090305,0.6058913508,0.367104329,0.0001594360266,0.999840564,1384.562744,1317.964366,0.4338961905,0.4130254986,0.379025114,0.4470258832
real_20240703,real,2024-07-03,adapted,1324,0.4133388068,12.20554049,-0.1330241427,0.01769542255,0.0002333965074,0.9997666035,1384.580439,1318.964133,0.4339017359,0.4133388068,0.3793384222,0.4473391914
real_20240703,real,2024-07-03,adapted,1325,0.4136521106,12.19415416,0.9725017472,0.9457596484,0.0002477331306,0.9997522669,1385.526199,1319.963885,0.4341981194,0.4136521106,0.379651726,0.4476524952
real_20240703,real,2024-07-03,adapted,1326,0.4139653899,12.19137521,-0.443132562,0.1963664675,0.0003257330962,0.9996742669,1385.722565,1320.963559,0.434259657,0.4139653899,0.3799650053,0.4479657745
real_20240703,real,2024-07-03,adapted,1327,0.4142786364,12.18841939,-0.1872229397,0.03505242915,0.0004304617801,0.9995695382,1385.757618,1321.963129,0.4342706417,0.4142786364,0.3802782518,0.448279021
real_20240703,real,2024-07-03,adapted,1328,0.4145919704,12.18350475,-0.313967328,0.09857548307,0.000151155553,0.9998488444,1385.856193,1322.962977,0.4343015335,0.4145919704,0.3805915858,0.448592355
real_20240703,real,2024-07-03,adapted,1329,0.4149052139,12.18124172,-0.05872653456,0.003448805862,0.000440029781,0.9995599702,1385.859642,1323.962537,0.4343026142,0.4149052139,0.3809048293,0.4489055985
real_20240703,real,2024-07-03,adapted,1330,0.4152184076,12.17637329,0.2463452675,0.06068599082,0.0005987942065,0.9994012058,1385.920328,1324.961939,0.4343216321,0.4152184076,0.381218023,0.4492187922
real_20240703,real,2024-07-03,adapted,1331,0.4155316621,12.17020364,0.5266608004,0.2773715986,0.0004048095841,0.9995951904,1386.1977,1325.961534,0.4344085552,0.4155316621,0.3815312775,0.4495320467
real_20240703,real,2024-07-03,adapted,1332,0.4158447069,12.16858182,-0.8240245567,0.67901647,0.001074265194,0.9989257348,1386.876716,1326.96046,0.4346213463,0.4158447069,0.3818443223,0.4498450915
real_20240703,real,2024-07-03,adapted,1333,0.4161577983,12.1629554,-0.6059834658,0.3672159608,0.0009252887551,0.9990747112,1387.243932,1327.959534,0.434736425,0.4161577983,0.3821574137,0.4501581829
real_20240703,real,2024-07-03,adapted,1334,0.4164710011,12.15657353,-1.271867127,1.617645988,0.0005698025569,0.9994301974,1388.861578,1328.958964,0.4352433651,0.4164710011,0.3824706165,0.4504713857
real_20240703,real,2024-07-03,adapted,1335,0.4167842903,12.15274698,1.504142047,2.262443299,0.0002940137669,0.9997059862,1391.124021,1329.95867,0.4359523727,0.4167842903,0.3827839057,0.4507846749
real_20240703,real,2024-07-03,adapted,1336,0.4170976193,12.14845331,-0.6544238285,0.4282705473,0.0001671646002,0.9998328354,1391.552292,1330.958503,0.4360865847,0.4170976193,0.3830972347,0.4510980039
real_20240703,real,2024-07-03,adapted,1337,0.4174109391,12.14630825,1.169940544,1.368760877,0.0001966432714,0.9998033567,1392.921053,1331.958307,0.4365155289,0.4174109391,0.3834105545,0.4514113237
real_20240703,real,2024-07-03,adapted,1338,0.4177239531,12.14193345,0.738413457,0.5452544335,0.001172220902,0.9988277791,1393.466307,1332.957134,0.4366864015,0.4177239531,0.3837235685,0.4517243377
real_20240703,real,2024-07-03,adapted,1339,0.4180371968,12.14034353,0.5406476179,0.2922998467,0.0004394742897,0.9995605257,1393.758607,1333.956695,0.4367780028,0.4180371968,0.3840368122,0.4520375814
real_20240703,real,2024-07-03,adapted,1340,0.4183504472,12.13668407,1.369459342,1.87541889,0.0004179198215,0.9995820802,1395.634026,1334.956277,0.4373657242,0.4183504472,0.3843500626,0.4523508318
real_20240703,real,2024-07-03,adapted,1341,0.418663511,12.1291596,-0.2261889324,0.05116143313,0.001013492353,0.9989865076,1395.685187,1335.955264,0.4373817573,0.418663511,0.3846631264,0.4526638956
real_20240703,real,2024-07-03,adapted,1342,0.418976777,12.12623688,-0.4106308803,0.1686177198,0.0003682300527,0.9996317699,1395.853805,1336.954895,0.4374345989,0.418976777,0.3849763924,0.4529771616
real_20240703,real,2024-07-03,adapted,1343,0.4192900953,12.11634805,0.9990062019,0.9980133915,0.0002012818451,0.9997987182,1396.851819,1337.954694,0.4377473577,0.4192900953,0.3852897107,0.4532904799
real_20240703,real,2024-07-03,adapted,1344,0.4196034049,12.10885081,0.3866220096,0.1494765783,0.0002291625929,0.9997708374,1397.001295,1338.954465,0.4377942009,0.4196034049,0.3856030203,0.4536037895
real_20240703,real,2024-07-03,adapted,1345,0.4199166544,12.10551465,-0.5846274723,0.3417892814,0.0004207979407,0.9995792021,1397.343084,1339.954044,0.4379013113,0.4199166544,0.3859162698,0.453917039
real_20240703,real,2024-07-03,adapted,1346,0.420229847,12.10257513,1.010180333,1.020464305,0.0006024541101,0.9993975459,1398.363549,1340.953442,0.4382211058,0.420229847,0.3862294624,0.4542302316
real_20240703,real,2024-07-03,adapted,1347,0.4205430699,12.09542037,0.1464937681,0.02146042409,0.0005054657848,0.9994945342,1398.385009,1341.952936,0.4382278311,0.4205430699,0.3865426853,0.4545434545
real_20240703,real,2024-07-03,adapted,1348,0.4208563713,12.09497875,0.1395956935,0.01948695763,0.0002552580478,0.999744742,1398.404496,1342.952681,0.438233938,0.4208563713,0.3868559867,0.4548567559
real_20240703,real,2024-07-03,adapted,1349,0.4211696935,12.0873587,-1.883639084,3.5480962,0.000188946364,0.9998110536,1401.952592,1343.952492,0.4393458453,0.4211696935,0.3871693089,0.4551700781
real_20240703,real,2024-07-03,adapted,1350,0.4214826413,12.08158924,-0.5517247031,0.304400148,0.001383633829,0.9986163662,1402.256992,1344.951108,0.4394412386,0.4214826413,0.3874822567,0.4554830259
real_20240703,real,2024-07-03,adapted,1351,0.421795708,12.07584619,0.8950468409,0.8011088475,0.001004062236,0.9989959378,1403.058101,1345.950104,0.4396922912,0.421795708,0.3877953234,0.4557960926
real_20240703,real,2024-07-03,adapted,1352,0.4221088442,12.07381014,0.3014592602,0.09087768556,0.000782515818,0.9992174842,1403.148979,1346.949322,0.4397207706,0.4221088442,0.3881084596,0.4561092288
real_20240703,real,2024-07-03,adapted,1353,0.4224220687,12.06863046,-0.2506685527,0.06283472331,0.000500567399,0.9994994326,1403.211814,1347.948821,0.4397404618,0.4224220687,0.3884216841,0.4564224533
real_20240703,real,2024-07-03,adapted,1354,0.4227348404,12.06823818,1.45177718,2.107656979,0.001945575896,0.9980544241,1405.319471,1348.946876,0.4404009623,0.4227348404,0.3887344558,0.456735225
real_20240703,real,2024-07-03,adapted,1355,0.4230480713,12.06732384,0.6770732054,0.4584281254,0.0004799915835,0.9995200084,1405.777899,1349.946396,0.4405446251,0.4230480713,0.3890476867,0.4570484559
real_20240703,real,2024-07-03,adapted,1356,0.4233612547,12.06119123,0.8054841412,0.6488047017,0.0006317526492,0.9993682474,1406.426703,1350.945764,0.4407479484,0.4233612547,0.3893608701,0.4573616393
real_20240703,real,2024-07-03,adapted,1357,0.423674335,12.0588746,-2.138910721,4.574939074,0.00096089244,0.9990391076,1411.001643,1351.944803,0.4421816492,0.423674335,0.3896739504,0.4576747196
real_20240703,real,2024-07-03,adapted,1358,0.4239874276,12.05399735,0.240770508,0.05797043752,0.0009215274815,0.9990784725,1411.059613,1352.943881,0.442199816,0.4239874276,0.389987043,0.4579878122
real_20240703,real,2024-07-03,adapted,1359,0.4243006366,12.05212731,0.7017448048,0.4924457711,0.00055001942,0.9994499806,1411.552059,1353.943331,0.4423541394,0.4243006366,0.390300252,0.4583010212
real_20240703,real,2024-07-03,adapted,1360,0.4246136714,12.04928941,0.9004099541,0.8107380855,0.001105865461,0.9988941345,1412.362797,1354.942226,0.4426082096,0.4246136714,0.3906132868,0.458614056
real_20240703,real,2024-07-03,adapted,1361,0.4249269134,12.04480114,1.505675427,2.267058492,0.0004448534035,0.9995551466,1414.629855,1355.941781,0.4433186635,0.4249269134,0.3909265288,0.458927298
real_20240703,real,2024-07-03,adapted,1362,0.4252401306,12.04217403,0.9361486749,0.8763743416,0.0005241290228,0.999475871,1415.50623,1356.941257,0.4435933029,0.4252401306,0.391239746,0.4592405152
real_20240703,real,2024-07-03,adapted,1363,0.4255534562,12.03633255,-0.6926753715,0.4797991703,0.0001777564766,0.9998222435,1415.986029,1357.941079,0.4437436631,0.4255534562,0.3915530716,0.4595538408
real_20240703,real,2024-07-03,adapted,1364,0.4258667131,12.03064333,0.7741543287,0.5993149246,0.0003974712467,0.9996025288,1416.585344,1358.940681,0.4439314772,0.4258667131,0.3918663285,0.4598670977
real_20240703,real,2024-07-03,adapted,1365,0.4261798785,12.0291837,-0.4979063356,0.2479107191,0.0006891763292,0.9993108237,1416.833254,1359.939992,0.4440091678,0.4261798785,0.3921794939,0.4601802631
real_20240703,real,2024-07-03,adapted,1366,0.4264930298,12.02220956,-0.7730634251,0.5976270593,0.000734122796,0.9992658772,1417.430882,1360.939258,0.444196453,0.4264930298,0.3924926452,0.4604934144
real_20240703,real,2024-07-03,adapted,1367,0.426806319,12.01809951,0.01546532586,0.0002391763038,0.0002941420142,0.999705858,1417.431121,1361.938964,0.444196528,0.426806319,0.3928059344,0.4608067036
real_20240703,real,2024-07-03,adapted,1368,0.4271195307,12.0146965,-1.446842225,2.093352423,0.000541411719,0.9994585883,1419.524473,1362.938423,0.4448525456,0.4271195307,0.3931191461,0.4611199153
real_20240703,real,2024-07-03,adapted,1369,0.4274325493,12.00825551,0.3925181297,0.1540704822,0.001157547279,0.9988424527,1419.678544,1363.937265,0.4449008285,0.4274325493,0.3934321647,0.4614329339
real_20240703,real,2024-07-03,adapted,1370,0.4277455926,12.00530187,-0.4792867015,0.2297157422,0.001079120092,0.9989208799,1419.908259,1364.936186,0.4449728171,0.4277455926,0.393745208,0.4617459772
real_20240703,real,2024-07-03,adapted,1371,0.4280582491,12.00300269,-0.67058755,0.4496876622,0.002312934436,0.9976870656,1420.357947,1365.933873,0.4451137408,0.4280582491,0.3940578645,0.4620586337
real_20240703,real,2024-07-03,adapted,1372,0.4283715371,12.00054601,-0.3480192297,0.1211173842,0.0002978801639,0.9997021198,1420.479064,1366.933575,0.4451516968,0.4283715371,0.3943711525,0.4623719217
real_20240703,real,2024-07-03,adapted,1373,0.4286848767,11.99741173,-0.657188751,0.4318970544,0.0001335172922,0.9998664827,1420.910961,1367.933442,0.4452870453,0.4286848767,0.3946844921,0.4626852613
real_20240703,real,2024-07-03,adapted,1374,0.4289981701,11.99355274,-0.5753535633,0.3310317228,0.0002808577855,0.9997191422,1421.241993,1368.933161,0.4453907845,0.4289981701,0.3949977855,0.4629985547
real_20240703,real,2024-07-03,adapted,1375,0.4293114979,11.98460241,0.8588423655,0.7376102087,0.0001709576044,0.9998290424,1421.979603,1369.93299,0.4456219378,0.4293114979,0.3953111133,0.4633118825
real_20240703,real,2024-07-03,adapted,1376,0.4296245936,11.97851401,-0.7574166354,0.5736799596,0.0009115698539,0.9990884301,1422.553283,1370.932078,0.4458017184,0.4296245936,0.395624209,0.4636249782
real_20240703,real,2024-07-03,adapted,1377,0.4299376704,11.97546986,0.3171516231,0.100585152,0.0009717923527,0.9990282076,1422.653869,1371.931106,0.4458332399,0.4299376704,0.3959372858,0.463938055
real_20240703,real,2024-07-03,adapted,1378,0.4302505998,11.97461741,-0.8878953913,0.7883582258,0.001442393648,0.9985576064,1423.442227,1372.929664,0.4460802967,0.4302505998,0.3962502152,0.4642509844
real_20240703,real,2024-07-03,adapted,1379,0.430563186,11.97116117,0.09287549957,0.00862585842,0.002537451128,0.9974625489,1423.450853,1373.927126,0.4460829999,0.430563186,0.3965628014,0.4645635706
real_20240703,real,2024-07-03,adapted,1380,0.4308763738,11.96672302,-0.6903777449,0.4766214307,0.0006177348348,0.9993822652,1423.927474,1374.926509,0.4462323642,0.4308763738,0.3968759892,0.4648767584
real_20240703,real,2024-07-03,adapted,1381,0.4311896413,11.95986685,-0.1167798937,0.01363754357,0.0003632492461,0.9996367508,1423.941112,1375.926145,0.4462366379,0.4311896413,0.3971892567,0.4651900259
real_20240703,real,2024-07-03,adapted,1382,0.4315027637,11.95382385,0.3075384803,0.09457991687,0.0008263999852,0.9991736,1424.035691,1376.925319,0.4462662775,0.4315027637,0.3975023791,0.4655031483
real_20240703,real,2024-07-03,adapted,1383,0.4318157888,11.95212135,-1.701466487,2.894988207,0.001137066105,0.9988629339,1426.93068,1377.924182,0.4471735129,0.4318157888,0.3978154042,0.4658161734
real_20240703,real,2024-07-03,adapted,1384,0.4321291126,11.94682389,-0.3179801342,0.1011113657,0.0001836495033,0.9998163505,1427.031791,1378.923998,0.4472051993,0.4321291126,0.398128728,0.4661294972
real_20240703,real,2024-07-03,adapted,1385,0.4324424277,11.9439262,-1.848694231,3.417670359,0.0002114686441,0.9997885314,1430.449461,1379.923787,0.4482762336,0.4324424277,0.3984420431,0.4664428123
real_20240703,real,2024-07-03,adapted,1386,0.4327556423,11.93919142,-0.1038260311,0.01077984474,0.0005324222699,0.9994675777,1430.460241,1380.923254,0.4482796118,0.4327556423,0.3987552577,0.4667560269
real_20240703,real,2024-07-03,adapted,1387,0.4330687761,11.93443831,0.6225928193,0.3876218186,0.0007899009673,0.999210099,1430.847863,1381.922465,0.4484010853,0.4330687761,0.3990683915,0.4670691607
real_20240703,real,2024-07-03,adapted,1388,0.4333820532,11.93004588,1.210567449,1.465473549,0.0003329846151,0.9996670154,1432.313337,1382.922132,0.4488603374,0.4333820532,0.3993816686,0.4673824378
real_20240703,real,2024-07-03,adapted,1389,0.4336950738,11.92657748,-0.4717046312,0.2225052591,0.001151235987,0.998848764,1432.535842,1383.92098,0.4489300664,0.4336950738,0.3996946892,0.4676954584
real_20240703,real,2024-07-03,adapted,1390,0.434008336,11.91958389,-0.6128741768,0.3756147566,0.0003802280452,0.999619772,1432.911457,1384.9206,0.4490477771,0.434008336,0.4000079514,0.4680087206
real_20240703,real,2024-07-03,adapted,1391,0.4343216687,11.9188927,0.7171324177,0.5142789046,0.0001554690297,0.999844531,1433.425736,1385.920445,0.4492089425,0.4343216687,0.4003212841,0.4683220533
real_20240703,real,2024-07-03,adapted,1392,0.4346347606,11.91040627,-0.3454349594,0.1193253112,0.0009235815597,0.9990764184,1433.545061,1386.919521,0.4492463368,0.4346347606,0.400634376,0.4686351452
real_20240703,real,2024-07-03,adapted,1393,0.4349480562,11.9081375,-0.3541117679,0.1253951441,0.0002736418325,0.9997263582,1433.670456,1387.919247,0.4492856333,0.4349480562,0.4009476716,0.4689484408
real_20240703,real,2024-07-03,adapted,1394,0.4352612557,11.90745904,0.9616897384,0.924847153,0.0005804300006,0.99941957,1434.595303,1388.918667,0.4495754632,0.4352612557,0.4012608711,0.4692616403
real_20240703,real,2024-07-03,adapted,1395,0.4355744572,11.90643195,1.375892396,1.893079884,0.0005741259889,0.999425874,1436.488383,1389.918093,0.4501687192,0.4355744572,0.4015740726,0.4695748418
real_20240703,real,2024-07-03,adapted,1396,0.4358875441,11.90086839,1.448206721,2.097302706,0.0009396466362,0.9990603534,1438.585686,1390.917153,0.4508259748,0.4358875441,0.4018871595,0.4698879287
real_20240703,real,2024-07-03,adapted,1397,0.4362008745,11.89535349,1.010945395,1.022010591,0.0001626812457,0.9998373188,1439.607696,1391.916991,0.4511462539,0.4362008745,0.4022004899,0.4702012591
real_20240703,real,2024-07-03,adapted,1398,0.4365140851,11.89100788,-0.7076285489,0.5007381632,0.0005448964333,0.9994551036,1440.108434,1392.916446,0.451303176,0.4365140851,0.4025137005,0.4705144697
real_20240703,real,2024-07-03,adapted,1399,0.4368272138,11.88522438,1.0577064,1.118742829,0.0008063865613,0.9991936134,1441.227177,1393.915639,0.4516537691,0.4368272138,0.4028268292,0.4708275984
real_20240703,real,2024-07-03,adapted,1400,0.4371404721,11.88474475,-2.082815511,4.338120453,0.0003926654377,0.9996073346,1445.565298,1394.915247,0.4530132553,0.4371404721,0.4031400875,0.4711408567
real_20240703,real,2024-07-03,adapted,1401,0.4374536977,11.87611416,-0.8568137282,0.7341297648,0.0004973248252,0.9995026752,1446.299428,1395.914749,0.4532433179,0.4374536977,0.4034533131,0.4714540823
real_20240703,real,2024-07-03,adapted,1402,0.4377669063,11.87295311,0.202046884,0.04082294334,0.0005512236194,0.9994487764,1446.34025,1396.914198,0.4532561111,0.4377669063,0.4037665217,0.4717672909
real_20240703,real,2024-07-03,adapted,1403,0.4380799645,11.86877351,1.375016678,1.890670866,0.001031316773,0.9989686832,1448.230921,1397.913167,0.4538486121,0.4380799645,0.4040795799,0.4720803491
real_20240703,real,2024-07-03,adapted,1404,0.4383932291,11.86539137,-0.3333015497,0.111089923,0.0003726561467,0.9996273439,1448.342011,1398.912794,0.4538834257,0.4383932291,0.4043928445,0.4723936137
real_20240703,real,2024-07-03,adapted,1405,0.4387065911,11.86150636,0.0842681845,0.007101126918,6.182216903e-05,0.9999381778,1448.349112,1399.912732,0.453885651,0.4387065911,0.4047062065,0.4727069757
real_20240703,real,2024-07-03,adapted,1406,0.4390199061,11.86071793,1.184229657,1.40239988,0.0002119085067,0.9997880915,1449.751512,1400.91252,0.454325137,0.4390199061,0.4050195215,0.4730202907
real_20240703,real,2024-07-03,adapted,1407,0.4393332244,11.85727958,0.5215319041,0.2719955269,0.0002013925436,0.9997986075,1450.023508,1401.912319,0.4544103754,0.4393332244,0.4053328398,0.473333609
real_20240703,real,2024-07-03,adapted,1408,0.4396464101,11.85033763,-1.001380199,1.002762304,0.0006244538979,0.9993755461,1451.02627,1402.911695,0.4547246224,0.4396464101,0.4056460255,0.4736467947
real_20240703,real,2024-07-03,adapted,1409,0.4399596999,11.84776908,1.48087413,2.192988189,0.0002922051159,0.9997077949,1453.219258,1403.911402,0.4554118641,0.4399596999,0.4059593153,0.4739600845
real_20240703,real,2024-07-03,adapted,1410,0.4402729903,11.84303072,0.7575321684,0.5738549862,0.000290351419,0.9997096486,1453.793113,1404.911112,0.4555916996,0.4402729903,0.4062726057,0.4742733749
real_20240703,real,2024-07-03,adapted,1411,0.4405860598,11.84003431,0.7331961068,0.5375765311,0.0009951030623,0.9990048969,1454.33069,1405.910117,0.455760166,0.4405860598,0.4065856752,0.4745864444
real_20240703,real,2024-07-03,adapted,1412,0.4408993186,11.83861656,-0.5127194671,0.2628812519,0.0003912433221,0.9996087567,1454.593571,1406.909726,0.4558425481,0.4408993186,0.406898934,0.4748997032
real_20240703,real,2024-07-03,adapted,1413,0.4412123775,11.8343922,0.0162600121,0.0002643879935,0.001029134603,0.9989708654,1454.593835,1407.908696,0.455842631,0.4412123775,0.4072119929,0.4752127621
real_20240703,real,2024-07-03,adapted,1414,0.441525649,11.83272887,-0.2624858369,0.06889881456,0.0003506531985,0.9996493468,1454.662734,1408.908346,0.4558642226,0.441525649,0.4075252644,0.4755260336
real_20240703,real,2024-07-03,adapted,1415,0.4418387371,11.82814964,-0.0783035698,0.006131449044,0.0009356366681,0.9990643633,1454.668866,1409.90741,0.4558661441,0.4418387371,0.4078383525,0.4758391217
real_20240703,real,2024-07-03,adapted,1416,0.4421520245,11.81978693,-0.4286613793,0.1837505781,0.000300102726,0.9996998973,1454.852616,1410.90711,0.4559237281,0.4421520245,0.4081516399,0.4761524091
real_20240703,real,2024-07-03,adapted,1417,0.4424653388,11.81862644,-0.3597221178,0.129400002,0.0002140211461,0.9997859789,1454.982016,1411.906896,0.4559642796,0.4424653388,0.4084649542,0.4764657234
real_20240703,real,2024-07-03,adapted,1418,0.4427785576,11.81746414,-2.14013597,4.580181971,0.0005186935754,0.9994813064,1459.562198,1412.906377,0.4573996234,0.4427785576,0.408778173,0.4767789422
real_20240703,real,2024-07-03,adapted,1419,0.4430914181,11.81448701,-0.7221574574,0.5215113933,0.001662086328,0.9983379137,1460.08371,1413.904715,0.4575630554,0.4430914181,0.4090910335,0.4770918027
real_20240703,real,2024-07-03,adapted,1420,0.4434047431,11.80851294,-1.446423768,2.092141716,0.0001799238086,0.9998200762,1462.175851,1414.904535,0.4582186936,0.4434047431,0.4094043585,0.4774051277
real_20240703,real,2024-07-03,adapted,1421,0.4437180545,11.80512422,-1.066118171,1.136607955,0.0002233545771,0.9997766454,1463.312459,1415.904312,0.4585748854,0.4437180545,0.4097176699,0.4777184391
real_20240703,real,2024-07-03,adapted,1422,0.4440312273,11.80088978,-0.4654483285,0.2166421465,0.0006655976159,0.9993344024,1463.529101,1416.903646,0.458642777,0.4440312273,0.4100308427,0.4780316119
real_20240703,real,2024-07-03,adapted,1423,0.4443444082,11.79540223,-0.9452999174,0.8935919339,0.0006398518103,0.9993601482,1464.422693,1417.903007,0.4589228121,0.4443444082,0.4103440236,0.4783447928
real_20240703,real,2024-07-03,adapted,1424,0.4446573548,11.79390059,1.458878869,2.128327555,0.00138744413,0.9986125559,1466.551021,1418.901619,0.4595897903,0.4446573548,0.4106569702,0.4786577394
real_20240703,real,2024-07-03,adapted,1425,0.4449702757,11.79101265,0.6982286595,0.487523261,0.001469241438,0.9985307586,1467.038544,1419.90015,0.4597425711,0.4449702757,0.4109698911,0.4789706603
real_20240703,real,2024-07-03,adapted,1426,0.4452834487,11.78799978,-0.5658173607,0.3201492857,0.0006651877379,0.9993348123,1467.358694,1420.899485,0.4598428999,0.4452834487,0.4112830641,0.4792838333
real_20240703,real,2024-07-03,adapted,1427,0.4455967928,11.78459091,-0.08954501198,0.00801830917,0.0001189682623,0.9998810317,1467.366712,1421.899366,0.4598454127,0.4455967928,0.4115964082,0.4795971774
real_20240703,real,2024-07-03,adapted,1428,0.445910019,11.78016536,0.9138965942,0.835206985,0.0004950124391,0.9995049876,1468.201919,1422.898871,0.460107151,0.445910019,0.4119096344,0.4799104036
real_20240703,real,2024-07-03,adapted,1429,0.4462229114,11.7730441,0.03022689134,0.0009136649602,0.001560582213,0.9984394178,1468.202832,1423.89731,0.4601074373,0.4462229114,0.4122225268,0.480223296
real_20240703,real,2024-07-03,adapted,1430,0.4465359197,11.76733213,-0.5464530451,0.2986109305,0.001190469838,0.9988095302,1468.501443,1424.89612,0.4602010164,0.4465359197,0.4125355351,0.4805363043
real_20240703,real,2024-07-03,adapted,1431,0.446849223,11.76308356,0.2167620967,0.04698580657,0.0002490116944,0.9997509883,1468.548429,1425.895871,0.4602157409,0.446849223,0.4128488384,0.4808496076
real_20240703,real,2024-07-03,adapted,1432,0.4471622238,11.76148554,-0.571501318,0.3266137565,0.00121452785,0.9987854721,1468.875043,1426.894656,0.4603180956,0.4471622238,0.4131618392,0.4811626084
real_20240703,real,2024-07-03,adapted,1433,0.4474752059,11.7571941,-1.69368193,2.868558481,0.001273954492,0.9987260455,1471.743601,1427.893382,0.4612170484,0.4474752059,0.4134748213,0.4814755905
real_20240703,real,2024-07-03,adapted,1434,0.4477885314,11.75489185,-0.7117718647,0.5066191874,0.0001785956324,0.9998214044,1472.250221,1428.893204,0.4613758134,0.4477885314,0.4137881468,0.481788916
real_20240703,real,2024-07-03,adapted,1435,0.4481018123,11.74922999,-0.3071465299,0.09433899084,0.0003204243884,0.9996795756,1472.34456,1429.892883,0.4614053775,0.4481018123,0.4141014277,0.4821021969
real_20240703,real,2024-07-03,adapted,1436,0.4484150513,11.74385745,0.06870373742,0.004720203536,0.0004545249476,0.9995454751,1472.34928,1430.892429,0.4614068567,0.4484150513,0.4144146667,0.4824154359
real_20240703,real,2024-07-03,adapted,1437,0.4487282163,11.74246661,-0.1185980293,0.01406549255,0.0006903933866,0.9993096066,1472.363345,1431.891738,0.4614112646,0.4487282163,0.4147278317,0.4827286009
real_20240703,real,2024-07-03,adapted,1438,0.4490414607,11.7373164,0.2893028883,0.08369616119,0.0004371275847,0.9995628724,1472.447041,1432.891301,0.4614374934,0.4490414607,0.4150410761,0.4830418453
real_20240703,real,2024-07-03,adapted,1439,0.4493547671,11.72898035,1.650586184,2.724434751,0.0002394311495,0.9997605689,1475.171476,1433.891062,0.4622912806,0.4493547671,0.4153543825,0.4833551517
real_20240703,real,2024-07-03,adapted,1440,0.4496677934,11.72537855,-0.3480089549,0.1211102327,0.001132861418,0.9988671386,1475.292586,1434.889929,0.4623292342,0.4496677934,0.4156674088,0.483668178
real_20240703,real,2024-07-03,adapted,1441,0.4499808463,11.71874069,-0.02449290591,0.0005999024401,0.0010481339,0.9989518661,1475.293186,1435.888881,0.4623294222,0.4499808463,0.4159804617,0.4839812309
real_20240703,real,2024-07-03,adapted,1442,0.4502941089,11.71161605,-0.8708009989,0.7582943797,0.000379283605,0.9996207164,1476.051481,1436.888501,0.4625670576,0.4502941089,0.4162937243,0.4842944935
real_20240703,real,2024-07-03,adapted,1443,0.4506070871,11.70996466,-0.8612089201,0.7416808041,0.001286477811,0.9987135222,1476.793162,1437.887215,0.4627994865,0.4506070871,0.4166067025,0.4846074717
real_20240703,real,2024-07-03,adapted,1444,0.4509203998,11.7072591,-1.313543658,1.725396941,0.0002190192903,0.9997809807,1478.518559,1438.886996,0.4633401938,0.4509203998,0.4169200152,0.4849207844
real_20240703,real,2024-07-03,adapted,1445,0.4512336442,11.7050364,-0.4694950418,0.2204255943,0.0004371175324,0.9995628825,1478.738984,1439.886559,0.4634092711,0.4512336442,0.4172332596,0.4852340288
real_20240703,real,2024-07-03,adapted,1446,0.4515469104,11.70165432,0.1271975473,0.01617921603,0.0003676122115,0.9996323878,1478.755163,1440.886191,0.4634143414,0.4515469104,0.4175465258,0.485547295
real_20240703,real,2024-07-03,adapted,1447,0.4518595758,11.69600228,-0.1953615436,0.03816613271,0.00228475366,0.9977152463,1478.793329,1441.883906,0.4634263019,0.4518595758,0.4178591912,0.4858599604
real_20240703,real,2024-07-03,adapted,1448,0.452172896,11.69423641,2.131380642,4.54278344,0.0001952366733,0.9998047633,1483.336113,1442.883711,0.4648499257,0.452172896,0.4181725114,0.4861732806
real_20240703,real,2024-07-03,adapted,1449,0.4524861369,11.69325641,0.7258971992,0.5269267438,0.0004482009468,0.9995517991,1483.86304,1443.883263,0.4650150547,0.4524861369,0.4184857523,0.4864865215
real_20240703,real,2024-07-03,adapted,1450,0.4527994667,11.68575136,0.3966265273,0.1573126021,0.0001648283244,0.9998351717,1484.020352,1444.883098,0.4650643536,0.4527994667,0.4187990821,0.4867998513
real_20240703,real,2024-07-03,adapted,1451,0.4531127514,11.67949201,-0.5774937075,0.3334989822,0.0003085248843,0.9996914751,1484.353851,1445.88279,0.4651688659,0.4531127514,0.4191123668,0.487113136
real_20240703,real,2024-07-03,adapted,1452,0.4534260473,11.67821633,0.7079024972,0.5011259456,0.0002727764869,0.9997272235,1484.854977,1446.882517,0.4653259095,0.4534260473,0.4194256627,0.4874264319
real_20240703,real,2024-07-03,adapted,1453,0.4537384507,11.67156776,-0.2101265541,0.04415316875,0.003120560634,0.9968794394,1484.89913,1447.879396,0.4653397463,0.4537384507,0.4197380661,0.4877388353
real_20240703,real,2024-07-03,adapted,1454,0.4540512988,11.67058672,-0.7824184717,0.6121786649,0.001701887728,0.9982981123,1485.511309,1448.877694,0.4655315917,0.4540512988,0.4200509142,0.4880516834
real_20240703,real,2024-07-03,adapted,1455,0.4543646522,11.66841394,-0.2876981667,0.08277023513,8.908021367e-05,0.9999109198,1485.594079,1449.877605,0.4655575303,0.4543646522,0.4203642676,0.4883650368
real_20240703,real,2024-07-03,adapted,1456,0.4546779127,11.66554302,0.2549021953,0.06497512918,0.0003860374469,0.9996139626,1485.659054,1450.877219,0.4655778923,0.4546779127,0.4206775281,0.4886782973
real_20240703,real,2024-07-03,adapted,1457,0.4549912742,11.66180083,0.2081611814,0.04333107745,6.323985082e-05,0.9999367601,1485.702385,1451.877156,0.4655914715,0.4549912742,0.4209908896,0.4889916588
real_20240703,real,2024-07-03,adapted,1458,0.4553046036,11.65973687,0.7351623376,0.5404636626,0.0001660654519,0.9998339345,1486.242849,1452.87699,0.4657608427,0.4553046036,0.421304219,0.4893049882
real_20240703,real,2024-07-03,adapted,1459,0.455617737,11.65477207,-0.1543761243,0.02383198774,0.0007912490865,0.9992087509,1486.266681,1453.876199,0.4657683112,0.455617737,0.4216173524,0.4896181216
real_20240703,real,2024-07-03,adapted,1460,0.4559310278,11.64775898,-0.7751856486,0.6009127898,0.0002890790379,0.999710921,1486.867594,1454.87591,0.4659566261,0.4559310278,0.4219306432,0.4899314124
real_20240703,real,2024-07-03,adapted,1461,0.4562443326,11.64494307,-0.009882831505,9.767035856e-05,0.0002442695982,0.9997557304,1486.867692,1455.875665,0.4659566567,0.4562443326,0.422243948,0.4902447172
real_20240703,real,2024-07-03,adapted,1462,0.456557518,11.64226336,0.5682003306,0.3228516157,0.0006253189648,0.999374681,1487.190543,1456.87504,0.4660578324,0.456557518,0.4225571334,0.4905579026
real_20240703,real,2024-07-03,adapted,1463,0.4568708375,11.63807091,1.624205206,2.638042551,0.0001976825735,0.9998023174,1489.828586,1457.874842,0.4668845458,0.4568708375,0.4228704529,0.4908712221
real_20240703,real,2024-07-03,adapted,1464,0.4571840931,11.62913098,-0.7214511088,0.5204917023,0.000401171677,0.9995988283,1490.349077,1458.874441,0.4670476582,0.4571840931,0.4231837085,0.4911844777
real_20240703,real,2024-07-03,adapted,1465,0.4574969234,11.62670988,0.4259191793,0.1814071473,0.001758631191,0.9982413688,1490.530485,1459.872683,0.4671045079,0.4574969234,0.4234965388,0.491497308
real_20240703,real,2024-07-03,adapted,1466,0.4578094335,11.62223762,-0.09350882288,0.008743899957,0.002780132847,0.9972198672,1490.539228,1460.869902,0.467107248,0.4578094335,0.4238090489,0.4918098181
real_20240703,real,2024-07-03,adapted,1467,0.4581222744,11.61841844,-0.6012150092,0.3614594872,0.001724844828,0.9982751552,1490.900688,1461.868178,0.4672205227,0.4581222744,0.4241218898,0.492122659
real_20240703,real,2024-07-03,adapted,1468,0.4584355354,11.61732027,0.9431073971,0.8894515625,0.0003840452862,0.9996159547,1491.79014,1462.867794,0.4674992603,0.4584355354,0.4244351508,0.49243592
real_20240703,real,2024-07-03,adapted,1469,0.4587488683,11.61218173,-0.5221429852,0.272633297,0.0001549048006,0.9998450952,1492.062773,1463.867639,0.4675846985,0.4587488683,0.4247484837,0.4927492529
real_20240703,real,2024-07-03,adapted,1470,0.4590617243,11.60590788,-0.4956856443,0.245704258,0.00167626924,0.9983237308,1492.308477,1464.865962,0.4676616976,0.4590617243,0.4250613397,0.4930621089
real_20240703,real,2024-07-03,adapted,1471,0.4593750211,11.60346948,0.7202850993,0.5188106243,0.0002699669585,0.999730033,1492.827288,1465.865692,0.4678242832,0.4593750211,0.4253746365,0.4933754057
real_20240703,real,2024-07-03,adapted,1472,0.4596881862,11.59823686,0.6095545309,0.3715567261,0.0006901407319,0.9993098593,1493.198844,1466.865002,0.4679407222,0.4596881862,0.4256878016,0.4936885708
real_20240703,real,2024-07-03,adapted,1473,0.4600013154,11.59620983,-0.8317506993,0.6918092257,0.000804905953,0.999195094,1493.890654,1467.864197,0.4681575223,0.4600013154,0.4260009308,0.4940017
real_20240703,real,2024-07-03,adapted,1474,0.4603145978,11.59207435,0.4458303157,0.1987646704,0.0003158435247,0.9996841565,1494.089418,1468.863882,0.4682198114,0.4603145978,0.4263142132,0.4943149824
real_20240703,real,2024-07-03,adapted,1475,0.4606278902,11.59008659,-0.4946683628,0.2446967892,0.0002838739575,0.999716126,1494.334115,1469.863598,0.4682964949,0.4606278902,0.4266275056,0.4946282748
real_20240703,real,2024-07-03,adapted,1476,0.4609411036,11.58744263,-0.07497985063,0.005621978001,0.0005361129935,0.999463887,1494.339737,1470.863062,0.4682982567,0.4609411036,0.426940719,0.4949414882
real_20240703,real,2024-07-03,adapted,1477,0.4612543676,11.58542891,0.3741880146,0.1400166703,0.000374551799,0.9996254482,1494.479754,1471.862687,0.4683421353,0.4612543676,0.427253983,0.4952547522
real_20240703,real,2024-07-03,adapted,1478,0.46156757,11.58049246,-0.426113987,0.1815731299,0.0005711248741,0.9994288751,1494.661327,1472.862116,0.4683990369,0.46156757,0.4275671854,0.4955679546
real_20240703,real,2024-07-03,adapted,1479,0.4618808315,11.5737635,1.406342236,1.977798486,0.0003825753168,0.9996174247,1496.639125,1473.861733,0.4690188422,0.4618808315,0.4278804469,0.4958812161
real_20240703,real,2024-07-03,adapted,1480,0.462193965,11.57313369,-0.1288923312,0.01661323304,0.0007909960412,0.999209004,1496.655739,1474.860942,0.4690240484,0.462193965,0.4281935804,0.4961943496
real_20240703,real,2024-07-03,adapted,1481,0.4625072368,11.56497971,-0.07032195316,0.004945177096,0.0003496633176,0.9996503367,1496.660684,1475.860593,0.4690255982,0.4625072368,0.4285068522,0.4965076214
real_20240703,real,2024-07-03,adapted,1482,0.4628206015,11.55983857,-1.242692696,1.544285137,5.32656556e-05,0.9999467343,1498.204969,1476.860539,0.4695095484,0.4628206015,0.4288202169,0.4968209861
real_20240703,real,2024-07-03,adapted,1483,0.4631339236,11.55537349,1.227081125,1.505728088,0.0001891979636,0.999810802,1499.710697,1477.86035,0.4699814155,0.4631339236,0.429133539,0.4971343082
real_20240703,real,2024-07-03,adapted,1484,0.4634466159,11.55363549,0.6499198328,0.422395789,0.002198887999,0.997801112,1500.133093,1478.858151,0.4701137865,0.4634466159,0.4294462313,0.4974470005
real_20240703,real,2024-07-03,adapted,1485,0.4637595727,11.54689486,0.3247280843,0.1054483287,0.001354754355,0.9986452456,1500.238541,1479.856797,0.4701468321,0.4637595727,0.4297591881,0.4977599573
real_20240703,real,2024-07-03,adapted,1486,0.4640726871,11.5419583,0.5580995007,0.3114750527,0.0008520226928,0.9991479773,1500.550016,1480.855944,0.4702444425,0.4640726871,0.4300723025,0.4980730717
real_20240703,real,2024-07-03,adapted,1487,0.4643859543,11.53875297,-0.0637236053,0.004060697872,0.0003642571881,0.9996357428,1500.554077,1481.85558,0.4702457151,0.4643859543,0.4303855697,0.4983863389
real_20240703,real,2024-07-03,adapted,1488,0.4646988025,11.53721009,-0.9332834155,0.8710179337,0.001701407072,0.9982985929,1501.425095,1482.853879,0.4705186759,0.4646988025,0.4306984179,0.4986991871
real_20240703,real,2024-07-03,adapted,1489,0.4650121508,11.53405475,-1.251158604,1.565397851,0.0001054792372,0.9998945208,1502.990493,1483.853773,0.4710092424,0.4650121508,0.4310117662,0.4990125354
real_20240703,real,2024-07-03,adapted,1490,0.465325067,11.52606142,-1.411402386,1.992056695,0.001484437427,0.9985155626,1504.982549,1484.852289,0.4716335159,0.465325067,0.4313246824,0.4993254516
real_20240703,real,2024-07-03,adapted,1491,0.4656383708,11.52384964,-2.031140393,4.125531296,0.0002477874262,0.9997522126,1509.108081,1485.852041,0.4729263806,0.4656383708,0.4316379862,0.4996387554
real_20240703,real,2024-07-03,adapted,1492,0.4659515835,11.52080278,-1.64490731,2.705720059,0.0005382332673,0.9994617667,1511.813801,1486.851503,0.4737743029,0.4659515835,0.4319511989,0.4999519681
real_20240703,real,2024-07-03,adapted,1493,0.4662649066,11.51689549,-1.493867951,2.231641455,0.0001859785674,0.9998140214,1514.045442,1487.851317,0.4744736578,0.4662649066,0.432264522,0.5002652912
real_20240703,real,2024-07-03,adapted,1494,0.4665780995,11.51113654,0.9135179096,0.8345149711,0.0006013667715,0.9993986332,1514.879957,1488.850716,0.4747351793,0.4665780995,0.4325777149,0.5005784841
real_20240703,real,2024-07-03,adapted,1495,0.4668911731,11.50711795,1.075690367,1.157109767,0.0009821027487,0.9990178973,1516.037067,1489.849733,0.475097796,0.4668911731,0.4328907885,0.5008915577
real_20240703,real,2024-07-03,adapted,1496,0.4672037259,11.5039406,-1.617500087,2.616306532,0.002644151051,0.9973558489,1518.653373,1490.847089,0.4759176977,0.4672037259,0.4332033413,0.5012041105
real_20240703,real,2024-07-03,adapted,1497,0.4675170294,11.50330464,-1.653115859,2.732792044,0.0002484548514,0.9997515451,1521.386165,1491.846841,0.4767741039,0.4675170294,0.4335166448,0.501517414
real_20240703,real,2024-07-03,adapted,1498,0.4678300544,11.5005413,0.9982548954,0.9965128361,0.0011372045,0.9988627955,1522.382678,1492.845704,0.4770863925,0.4678300544,0.4338296698,0.501830439
real_20240703,real,2024-07-03,adapted,1499,0.4681432194,11.49925394,0.5507346934,0.3033087025,0.0006904097009,0.9993095903,1522.685987,1493.845013,0.4771814438,0.4681432194,0.4341428348,0.502143604
real_20240703,real,2024-07-03,adapted,1500,0.4684562027,11.49450723,-0.2965942863,0.08796817068,0.001270543451,0.9987294565,1522.773955,1494.843743,0.4772090113,0.4684562027,0.4344558181,0.5024565873
real_20240703,real,2024-07-03,adapted,1501,0.4687691457,11.49415752,-0.01438274295,0.0002068632948,0.001398813244,0.9986011868,1522.774162,1495.842344,0.4772090762,0.4687691457,0.4347687611,0.5027695303
real_20240703,real,2024-07-03,adapted,1502,0.4690824138,11.49017277,-1.544021568,2.384002603,0.0003614557665,0.9996385442,1525.158165,1496.841982,0.4779561782,0.4690824138,0.4350820292,0.5030827984
real_20240703,real,2024-07-03,adapted,1503,0.4693951196,11.48212981,0.3208813393,0.1029648339,0.002155653442,0.9978443466,1525.261129,1497.839827,0.4779884455,0.4693951196,0.435394735,0.5033955042
real_20240703,real,2024-07-03,adapted,1504,0.4697083695,11.478757,-0.7014390679,0.492016766,0.0004196567842,0.9995803432,1525.753146,1498.839407,0.4781426344,0.4697083695,0.4357079849,0.5037087541
real_20240703,real,2024-07-03,adapted,1505,0.4700216487,11.47511064,0.7244721205,0.5248598534,0.0003259837512,0.9996740162,1526.278006,1499.839081,0.4783071157,0.4700216487,0.4360212641,0.5040220333
real_20240703,real,2024-07-03,adapted,1506,0.4703349905,11.47190475,1.098487919,1.206675708,0.0001262827342,0.9998737173,1527.484682,1500.838955,0.4786852654,0.4703349905,0.4363346059,0.5043353751
real_20240703,real,2024-07-03,adapted,1507,0.4706480387,11.46884572,-0.6818812715,0.4649620684,0.001063179706,0.9989368203,1527.949644,1501.837892,0.4788309758,0.4706480387,0.4366476541,0.5046484233
real_20240703,real,2024-07-03,adapted,1508,0.4709612838,11.46088963,0.933158107,0.8707840526,0.0004349794529,0.9995650205,1528.820428,1502.837457,0.4791038633,0.4709612838,0.4369608992,0.5049616684
real_20240703,real,2024-07-03,adapted,1509,0.4712745995,11.45724746,0.2809249978,0.07891885442,0.0002095332879,0.9997904667,1528.899347,1503.837247,0.479128595,0.4712745995,0.4372742149,0.5052749841
real_20240703,real,2024-07-03,adapted,1510,0.4715878959,11.45050675,-0.1457781636,0.02125127298,0.0002711724757,0.9997288275,1528.920598,1504.836976,0.4791352548,0.4715878959,0.4375875113,0.5055882805
real_20240703,real,2024-07-03,adapted,1511,0.4719011737,11.44839432,1.662203339,2.762919939,0.0003306175976,0.9996693824,1531.683518,1505.836645,0.4800011025,0.4719011737,0.4379007891,0.5059015583
real_20240703,real,2024-07-03,adapted,1512,0.4722144587,11.44528363,0.8438178834,0.7120286204,0.0003076236458,0.9996923764,1532.395547,1506.836338,0.480224239,0.4722144587,0.4382140741,0.5062148433
real_20240703,real,2024-07-03,adapted,1513,0.4725277686,11.44211508,-1.031040076,1.063043638,0.0002281959049,0.9997718041,1533.45859,1507.83611,0.4805573771,0.4725277686,0.438527384,0.5065281532
real_20240703,real,2024-07-03,adapted,1514,0.4728410807,11.43822205,-0.4661431567,0.2172894425,0.0002209521587,0.9997790478,1533.67588,1508.835889,0.4806254715,0.4728410807,0.4388406961,0.5068414653
real_20240703,real,2024-07-03,adapted,1515,0.4731541758,11.43606799,-0.4127768223,0.170384705,0.0009136784446,0.9990863216,1533.846264,1509.834975,0.4806788669,0.4731541758,0.4391537912,0.5071545604
real_20240703,real,2024-07-03,adapted,1516,0.4734670522,11.43186932,-0.5537474472,0.3066362353,0.001611347157,0.9983886528,1534.152901,1510.833364,0.480774961,0.4734670522,0.4394666676,0.5074674368
real_20240703,real,2024-07-03,adapted,1517,0.4737801957,11.42826277,-0.7953971715,0.6326566604,0.0007592148006,0.9992407852,1534.785557,1511.832604,0.4809732238,0.4737801957,0.4397798111,0.5077805803
real_20240703,real,2024-07-03,adapted,1518,0.4740935341,11.41934954,1.555287326,2.418918667,0.0001370590199,0.999862941,1537.204476,1512.832467,0.4817312679,0.4740935341,0.4400931495,0.5080939187
real_20240703,real,2024-07-03,adapted,1519,0.4744067423,11.41778579,-1.093009635,1.194670063,0.0005525038404,0.9994474962,1538.399146,1513.831915,0.4821056553,0.4744067423,0.4404063577,0.5084071269
real_20240703,real,2024-07-03,adapted,1520,0.4747197767,11.41688287,-0.3505084334,0.1228561619,0.001107243701,0.9988927563,1538.522002,1514.830808,0.4821441561,0.4747197767,0.4407193921,0.5087201613
real_20240703,real,2024-07-03,adapted,1521,0.4750329933,11.41193975,0.2189081543,0.04792078002,0.0005259549123,0.9994740451,1538.569923,1515.830282,0.4821591736,0.4750329933,0.4410326087,0.5090333779
real_20240703,real,2024-07-03,adapted,1522,0.4753462185,11.40821517,-1.309230049,1.71408332,0.0004984041243,0.9995015959,1540.284006,1516.829783,0.4826963354,0.4753462185,0.4413458339,0.5093466031
real_20240703,real,2024-07-03,adapted,1523,0.4756594074,11.40680508,1.236727014,1.529493708,0.0006141714383,0.9993858286,1541.8135,1517.829169,0.4831756503,0.4756594074,0.4416590228,0.509659792
real_20240703,real,2024-07-03,adapted,1524,0.4759727402,11.39857401,0.6722201656,0.4518799511,0.0001550211233,0.9998449789,1542.26538,1518.829014,0.483317261,0.4759727402,0.4419723556,0.5099731248
real_20240703,real,2024-07-03,adapted,1525,0.4762860039,11.39637684,0.2386862771,0.0569711389,0.000375373934,0.9996246261,1542.322351,1519.828639,0.4833351147,0.4762860039,0.4422856193,0.5102863885
real_20240703,real,2024-07-03,adapted,1526,0.4765992508,11.39388529,0.1382675969,0.01911792836,0.0004293432812,0.9995706567,1542.341469,1520.828209,0.4833411059,0.4765992508,0.4425988662,0.5105996354
real_20240703,real,2024-07-03,adapted,1527,0.4769124965,11.38546576,-0.7002927775,0.4904099742,0.0004328854725,0.9995671145,1542.831879,1521.827776,0.4834947913,0.4769124965,0.4429121119,0.5109128811
real_20240703,real,2024-07-03,adapted,1528,0.4772255591,11.38342614,0.5927509619,0.3513537029,0.001017301539,0.9989826985,1543.183233,1522.826759,0.483604899,0.4772255591,0.4432251745,0.5112259437
real_20240703,real,2024-07-03,adapted,1529,0.4775386834,11.38154926,0.7508039978,0.5637066431,0.0008202377091,0.9991797623,1543.746939,1523.825939,0.4837815542,0.4775386834,0.4435382988,0.511539068
real_20240703,real,2024-07-03,adapted,1530,0.4778517543,11.3802385,0.227149438,0.05159686717,0.0009909566503,0.9990090433,1543.798536,1524.824948,0.4837977237,0.4778517543,0.4438513697,0.5118521389
real_20240703,real,2024-07-03,adapted,1531,0.4781648283,11.37468544,-0.3232344948,0.1044805386,0.0009806573945,0.9990193426,1543.903017,1525.823967,0.4838304659,0.4781648283,0.4441644437,0.5121652129
real_20240703,real,2024-07-03,adapted,1532,0.4784780661,11.37403448,0.6878796465,0.4731784081,0.0004582685048,0.9995417315,1544.376195,1526.823509,0.4839787512,0.4784780661,0.4444776815,0.5124784507
real_20240703,real,2024-07-03,adapted,1533,0.4787914352,11.36907133,-0.3040289971,0.09243363105,3.925817732e-05,0.9999607418,1544.468629,1527.82347,0.4840077182,0.4787914352,0.4447910506,0.5127918198
real_20240703,real,2024-07-03,adapted,1534,0.4791047298,11.36496299,-0.4638872073,0.2151913411,0.0002770390798,0.9997229609,1544.68382,1528.823193,0.4840751552,0.4791047298,0.4451043452,0.5131051144
real_20240703,real,2024-07-03,adapted,1535,0.4794178863,11.36153974,0.772635073,0.5969649561,0.000717440119,0.9992825599,1545.280785,1529.822475,0.4842622329,0.4794178863,0.4454175017,0.5134182709
real_20240703,real,2024-07-03,adapted,1536,0.4797309274,11.35921097,-1.072537654,1.15033702,0.00108590571,0.9989140943,1546.431122,1530.821389,0.4846227271,0.4797309274,0.4457305428,0.513731312
real_20240703,real,2024-07-03,adapted,1537,0.480043749,11.35123131,-0.8277843164,0.6852268744,0.00178626189,0.9982137381,1547.116349,1531.819603,0.4848374644,0.480043749,0.4460433644,0.5140441336
real_20240703,real,2024-07-03,adapted,1538,0.4803568875,11.35028672,2.132273601,4.546590711,0.0007751173394,0.9992248827,1551.66294,1532.818828,0.4862622813,0.4803568875,0.4463565029,0.5143572721
real_20240703,real,2024-07-03,adapted,1539,0.4806698008,11.34723374,-0.6326681836,0.4002690306,0.001493512797,0.9985064872,1552.063209,1533.817334,0.4863877182,0.4806698008,0.4466694162,0.5146701854
real_20240703,real,2024-07-03,adapted,1540,0.4809827985,11.34693139,2.090454039,4.369998088,0.001224393448,0.9987756066,1556.433207,1534.81611,0.4877571942,0.4809827985,0.4469824139,0.5149831831
real_20240703,real,2024-07-03,adapted,1541,0.4812960745,11.34085332,-0.6778658474,0.4595021071,0.0003364215743,0.9996635784,1556.892709,1535.815774,0.4879011936,0.4812960745,0.4472956899,0.5152964591
real_20240703,real,2024-07-03,adapted,1542,0.481609096,11.33755738,2.229675542,4.971453023,0.001148266266,0.9988517337,1561.864162,1536.814625,0.4894591545,0.481609096,0.4476087114,0.5156094806
real_20240703,real,2024-07-03,adapted,1543,0.4819219749,11.33610957,0.4283345774,0.1834705102,0.001603515132,0.9983964849,1562.047632,1537.813022,0.4895166507,0.4819219749,0.4479215903,0.5159223595
real_20240703,real,2024-07-03,adapted,1544,0.4822340978,11.32923851,-1.195666317,1.429617941,0.004015843474,0.9959841565,1563.47725,1538.809006,0.4899646664,0.4822340978,0.4482337132,0.5162344824
real_20240703,real,2024-07-03,adapted,1545,0.4825471371,11.32417806,0.7315513683,0.5351674044,0.001091370776,0.9989086292,1564.012418,1539.807915,0.4901323779,0.4825471371,0.4485467525,0.5165475217
real_20240703,real,2024-07-03,adapted,1546,0.4828603135,11.32330405,0.7316257847,0.5352762888,0.0006542105791,0.9993457894,1564.547694,1540.80726,0.4903001235,0.4828603135,0.4488599289,0.5168606981
real_20240703,real,2024-07-03,adapted,1547,0.4831735374,11.32005384,0.3782895054,0.1431029499,0.0005025725633,0.9994974274,1564.690797,1541.806758,0.4903449693,0.4831735374,0.4491731528,0.517173922
real_20240703,real,2024-07-03,adapted,1548,0.4834867129,11.31859701,0.1019887476,0.01040170465,0.000657034067,0.9993429659,1564.701199,1542.806101,0.490348229,0.4834867129,0.4494863283,0.5174870975
real_20240703,real,2024-07-03,adapted,1549,0.4838000379,11.31611468,-1.326992945,1.760910277,0.0001798276261,0.9998201724,1566.462109,1543.805921,0.4909000655,0.4838000379,0.4497996533,0.5178004225
real_20240703,real,2024-07-03,adapted,1550,0.4841130679,11.31181759,-1.016994028,1.034276853,0.00112113538,0.9988788646,1567.496386,1544.8048,0.4912241886,0.4841130679,0.4501126833,0.5181134525
real_20240703,real,2024-07-03,adapted,1551,0.484426398,11.30036493,-1.181236283,1.395319157,0.0001638782705,0.9998361217,1568.891705,1545.804636,0.4916614557,0.484426398,0.4504260134,0.5184267826
real_20240703,real,2024-07-03,adapted,1552,0.4847396873,11.29767823,-1.524482382,2.324046533,0.0002936296541,0.9997063703,1571.215752,1546.804342,0.4923897686,0.4847396873,0.4507393027,0.5187400719
real_20240703,real,2024-07-03,adapted,1553,0.4850530153,11.29489347,-0.03594465188,0.001292017999,0.0001703921426,0.9998296079,1571.217044,1547.804172,0.4923901735,0.4850530153,0.4510526307,0.5190533999
real_20240703,real,2024-07-03,adapted,1554,0.4853640908,11.29236778,0.5055407138,0.2555714133,0.007358286475,0.9926417135,1571.472615,1548.796814,0.4924702648,0.4853640908,0.4513637062,0.5193644754
real_20240703,real,2024-07-03,adapted,1555,0.4856765816,11.28751432,-0.3281339651,0.1076718991,0.002841606049,0.997158394,1571.580287,1549.793972,0.4925040072,0.4856765816,0.451676197,0.5196769662
real_20240703,real,2024-07-03,adapted,1556,0.4859894407,11.28589429,0.4900709457,0.2401695319,0.001666843911,0.9983331561,1571.820456,1550.792305,0.4925792718,0.4859894407,0.4519890561,0.5199898253
real_20240703,real,2024-07-03,adapted,1557,0.4863027887,11.28383062,-1.490322056,2.221059831,0.0001064519124,0.9998935481,1574.041516,1551.792199,0.4932753106,0.4863027887,0.4523024041,0.5203031733
real_20240703,real,2024-07-03,adapted,1558,0.4866157251,11.27377544,0.303099264,0.09186916384,0.001420094337,0.9985799057,1574.133385,1552.790779,0.4933041007,0.4866157251,0.4526153405,0.5206161097
real_20240703,real,2024-07-03,adapted,1559,0.4869289962,11.27257607,0.02611997349,0.0006822530149,0.0003517897082,0.9996482103,1574.134068,1553.790427,0.4933043145,0.4869289962,0.4529286116,0.5209293808
real_20240703,real,2024-07-03,adapted,1560,0.487241991,11.26753749,1.350599985,1.824120319,0.001233567114,0.9987664329,1575.958188,1554.789193,0.4938759599,0.487241991,0.4532416064,0.5212423756
real_20240703,real,2024-07-03,adapted,1561,0.4875541428,11.26180189,-0.05808659891,0.003374052972,0.003923763582,0.9960762364,1575.961562,1555.78527,0.4938770172,0.4875541428,0.4535537582,0.5215545274
real_20240703,real,2024-07-03,adapted,1562,0.4878667882,11.26085925,-0.5859802793,0.3433728877,0.002348517057,0.9976514829,1576.304935,1556.782921,0.4939846239,0.4878667882,0.4538664036,0.5218671728
real_20240703,real,2024-07-03,adapted,1563,0.488179788,11.25689966,-0.95517019,0.9123500919,0.001217374684,0.9987826253,1577.217285,1557.781704,0.4942705375,0.488179788,0.4541794034,0.5221801726
real_20240703,real,2024-07-03,adapted,1564,0.4884929817,11.25248591,-1.476236239,2.179273432,0.0005988848575,0.9994011151,1579.396558,1558.781105,0.4949534812,0.4884929817,0.4544925971,0.5224933663
real_20240703,real,2024-07-03,adapted,1565,0.488806174,11.25180022,1.167556873,1.363189052,0.0006035850011,0.999396415,1580.759747,1559.780501,0.4953806793,0.488806174,0.4548057894,0.5228065586
real_20240703,real,2024-07-03,adapted,1566,0.4891193591,11.24824543,-0.3837491256,0.1472633914,0.0006263854924,0.9993736145,1580.907011,1560.779875,0.4954268289,0.4891193591,0.4551189745,0.5231197437
real_20240703,real,2024-07-03,adapted,1567,0.4894326946,11.24518409,1.206388633,1.455373534,0.0001464223385,0.9998535777,1582.362384,1561.779728,0.4958829158,0.4894326946,0.45543231,0.5234330792
real_20240703,real,2024-07-03,adapted,1568,0.4897454497,11.24018929,-0.7151795189,0.5114817442,0.001998376218,0.9980016238,1582.873866,1562.77773,0.4960432047,0.4897454497,0.4557450651,0.5237458343
real_20240703,real,2024-07-03,adapted,1569,0.4900586259,11.23754388,0.6826233571,0.4659746476,0.0006548039249,0.9993451961,1583.339841,1563.777075,0.4961892325,0.4900586259,0.4560582413,0.5240590105
real_20240703,real,2024-07-03,adapted,1570,0.4903718728,11.23277458,-0.8991002005,0.8083811705,0.0004291224548,0.9995708775,1584.148222,1564.776646,0.4964425641,0.4903718728,0.4563714882,0.5243722574
real_20240703,real,2024-07-03,adapted,1571,0.4906850884,11.23180863,-0.7862767985,0.6182312038,0.0005288162688,0.9994711837,1584.766453,1565.776117,0.4966363062,0.4906850884,0.4566847038,0.524685473
real_20240703,real,2024-07-03,adapted,1572,0.4909981071,11.22623948,1.408738952,1.984545434,0.001157436998,0.998842563,1586.750999,1566.77496,0.4972582258,0.4909981071,0.4569977225,0.5249984917
real_20240703,real,2024-07-03,adapted,1573,0.4913114448,11.21883744,1.795091207,3.222352443,0.0001394246281,0.9998605754,1589.973351,1567.77482,0.4982680511,0.4913114448,0.4573110602,0.5253118294
real_20240703,real,2024-07-03,adapted,1574,0.4916247739,11.21698445,-2.634469726,6.940430738,0.0001669058423,0.9998330942,1596.913782,1568.774653,0.5004430529,0.4916247739,0.4576243893,0.5256251585
real_20240703,real,2024-07-03,adapted,1575,0.4919368651,11.21099382,1.200073975,1.440177545,0.004117028409,0.9958829716,1598.353959,1569.770536,0.5008943777,0.4919368651,0.4579364805,0.5259372497
real_20240703,real,2024-07-03,adapted,1576,0.4922485606,11.20690224,-0.238881083,0.05706417183,0.005379640198,0.9946203598,1598.411024,1570.765157,0.5009122606,0.4922485606,0.458248176,0.5262489452
real_20240703,real,2024-07-03,adapted,1577,0.4925617538,11.20544117,-0.09402327015,0.00884037533,0.0006003991841,0.9993996008,1598.419864,1571.764556,0.500915031,0.4925617538,0.4585613692,0.5265621384
real_20240703,real,2024-07-03,adapted,1578,0.492875032,11.20166579,1.379561607,1.903190229,0.0003293126487,0.9996706874,1600.323054,1572.764227,0.5015114554,0.492875032,0.4588746474,0.5268754166
real_20240703,real,2024-07-03,adapted,1579,0.4931880654,11.20058763,-1.052051346,1.106812035,0.001110515378,0.9988894846,1601.429866,1573.763117,0.5018583097,0.4931880654,0.4591876808,0.52718845
real_20240703,real,2024-07-03,adapted,1580,0.4935010592,11.19692162,-1.209429515,1.462719752,0.001236525703,0.9987634743,1602.892586,1574.76188,0.5023166988,0.4935010592,0.4595006746,0.5275014438
real_20240703,real,2024-07-03,adapted,1581,0.4938142085,11.19399867,-1.62808522,2.650661482,0.0007407169415,0.9992592831,1605.543247,1575.761139,0.5031473668,0.4938142085,0.4598138239,0.5278145931
real_20240703,real,2024-07-03,adapted,1582,0.4941273194,11.19232935,0.2723467709,0.07417276364,0.000863086756,0.9991369132,1605.61742,1576.760276,0.5031706111,0.4941273194,0.4601269348,0.528127704
real_20240703,real,2024-07-03,adapted,1583,0.4944400831,11.18878723,0.2165309031,0.04688563198,0.001971068188,0.9980289318,1605.664306,1577.758305,0.5031853042,0.4944400831,0.4604396985,0.5284404677
real_20240703,real,2024-07-03,adapted,1584,0.4947533579,11.18181469,-1.91514336,3.66777409,0.0003399561049,0.9996600439,1609.33208,1578.757965,0.5043347164,0.4947533579,0.4607529733,0.5287537425
real_20240703,real,2024-07-03,adapted,1585,0.4950666251,11.17964559,0.303936141,0.0923771778,0.0003643735239,0.9996356265,1609.424457,1579.757601,0.5043636656,0.4950666251,0.4610662405,0.5290670097
real_20240703,real,2024-07-03,adapted,1586,0.4953798413,11.17653752,-0.8079004151,0.6527030806,0.0005273356856,0.9994726643,1610.07716,1580.757074,0.5045682106,0.4953798413,0.4613794567,0.5293802259
real_20240703,real,2024-07-03,adapted,1587,0.4956931048,11.17094487,0.4883153842,0.2384519145,0.0003759561554,0.9996240438,1610.315612,1581.756698,0.504642937,0.4956931048,0.4616927202,0.5296934894
real_20240703,real,2024-07-03,adapted,1588,0.4960063525,11.17006551,0.3574050669,0.1277383819,0.0004267262119,0.9995732738,1610.44335,1582.756271,0.5046829679,0.4960063525,0.4620059679,0.5300067371
real_20240703,real,2024-07-03,adapted,1589,0.4963189582,11.16919608,0.5412265281,0.2929261547,0.002475110376,0.9975248896,1610.736277,1583.753796,0.5047747655,0.4963189582,0.4623185736,0.5303193428
real_20240703,real,2024-07-03,adapted,1590,0.4966319821,11.16298956,-0.9986049095,0.9972117653,0.00114080014,0.9988591999,1611.733488,1584.752655,0.5050872731,0.4966319821,0.4626315975,0.5306323667
real_20240703,real,2024-07-03,adapted,1591,0.4969453124,11.15832134,0.514016357,0.2642128152,0.0001628952517,0.9998371047,1611.997701,1585.752492,0.5051700724,0.4969453124,0.4629449278,0.530945697
real_20240703,real,2024-07-03,adapted,1592,0.4972575304,11.15488461,1.339299234,1.793722438,0.003712450907,0.9962875491,1613.791424,1586.74878,0.5057321917,0.4972575304,0.4632571458,0.531257915
real_20240703,real,2024-07-03,adapted,1593,0.4975708667,11.15464946,0.3009473491,0.09056930693,0.0001440098302,0.9998559902,1613.881993,1587.748636,0.5057605744,0.4975708667,0.4635704821,0.5315712513
real_20240703,real,2024-07-03,adapted,1594,0.4978837661,11.14981924,0.08018728556,0.006430000765,0.001537861115,0.9984621389,1613.888423,1588.747098,0.5057625894,0.4978837661,0.4638833815,0.5318841507
real_20240703,real,2024-07-03,adapted,1595,0.4981968057,11.14824348,0.3163180651,0.1000571183,0.00109056597,0.998909434,1613.98848,1589.746007,0.5057939455,0.4981968057,0.4641964211,0.5321971903
real_20240703,real,2024-07-03,adapted,1596,0.4985087063,11.14530136,-0.7740055773,0.5990846336,0.00472544629,0.9952745537,1614.587565,1590.741282,0.5059816875,0.4985087063,0.4645083217,0.5325090909
real_20240703,real,2024-07-03,adapted,1597,0.4988204281,11.14102245,1.451037954,2.105511145,0.005295656971,0.994704343,1616.693076,1591.735986,0.5066415155,0.4988204281,0.4648200435,0.5328208127
real_20240703,real,2024-07-03,adapted,1598,0.4991335486,11.13890547,-0.6990221288,0.4886319366,0.0008323096085,0.9991676904,1617.181708,1592.735154,0.5067946436,0.4991335486,0.465133164,0.5331339332
real_20240703,real,2024-07-03,adapted,1599,0.4994467033,11.13600092,0.1256584729,0.0157900518,0.0007234150598,0.9992765849,1617.197498,1593.73443,0.5067995919,0.4994467033,0.4654463187,0.5334470879
real_20240703,real,2024-07-03,adapted,1600,0.4997597254,11.13066513,-1.253134908,1.570347097,0.001146527363,0.9988534726,1618.767845,1594.733284,0.5072917095,0.4997597254,0.4657593408,0.53376011
real_20240703,real,2024-07-03,adapted,1601,0.5000729675,11.12802783,-1.469264033,2.158736798,0.0004445281676,0.9995554718,1620.926582,1595.732839,0.5079682174,0.5000729675,0.4660725829,0.5340733521
real_20240703,real,2024-07-03,adapted,1602,0.5003862943,11.12527064,1.518007483,2.304346719,0.0001740852652,0.9998259147,1623.230928,1596.732665,0.5086903568,0.5003862943,0.4663859097,0.5343866789
real_20240703,real,2024-07-03,adapted,1603,0.5006995152,11.12117482,-0.2828371079,0.07999682963,0.0005120632099,0.9994879368,1623.310925,1597.732153,0.5087154263,0.5006995152,0.4666991306,0.5346998998
real_20240703,real,2024-07-03,adapted,1604,0.5010122747,11.11917447,-0.3385346308,0.1146056963,0.001984652356,0.9980153476,1623.425531,1598.730168,0.5087513416,0.5010122747,0.4670118901,0.5350126593
real_20240703,real,2024-07-03,adapted,1605,0.5013255653,11.11544504,0.02618398044,0.0006856008318,0.0002894472638,0.9997105527,1623.426217,1599.729879,0.5087515564,0.5013255653,0.4673251807,0.5353259499
real_20240703,real,2024-07-03,adapted,1606,0.501638885,11.11019041,-0.5904724161,0.3486576742,0.0001968712667,0.9998031287,1623.774874,1600.729682,0.5088608192,0.501638885,0.4676385004,0.5356392696
real_20240703,real,2024-07-03,adapted,1607,0.50195066,11.105161,-1.197030761,1.432882644,0.005126196804,0.9948738032,1625.207757,1601.724556,0.509309858,0.50195066,0.4679502754,0.5359510446
real_20240703,real,2024-07-03,adapted,1608,0.5022638008,11.10184772,0.04634231169,0.002147609853,0.0007674583735,0.9992325416,1625.209904,1602.723788,0.509310531,0.5022638008,0.4682634162,0.5362641854
real_20240703,real,2024-07-03,adapted,1609,0.5025768041,11.09959766,-1.189847641,1.415737409,0.001206682074,0.9987933179,1626.625642,1603.722582,0.5097541968,0.5025768041,0.4685764195,0.5365771887
real_20240703,real,2024-07-03,adapted,1610,0.5028900093,11.09385484,0.2161817997,0.04673457051,0.0005619641849,0.9994380358,1626.672376,1604.72202,0.5097688425,0.5028900093,0.4688896247,0.5368903939
real_20240703,real,2024-07-03,adapted,1611,0.5032030712,11.09127526,0.3227461297,0.1041650642,0.00101978218,0.9989802178,1626.776542,1605.721,0.5098014859,0.5032030712,0.4692026866,0.5372034558
real_20240703,real,2024-07-03,adapted,1612,0.5035161006,11.08974432,0.1859407754,0.03457397197,0.001123037653,0.9988769623,1626.811115,1606.719877,0.5098123207,0.5035161006,0.469515716,0.5375164852
real_20240703,real,2024-07-03,adapted,1613,0.5038293944,11.08772704,-0.04994420013,0.002494423126,0.0002793655277,0.9997206345,1626.81361,1607.719598,0.5098131024,0.5038293944,0.4698290098,0.537829779
real_20240703,real,2024-07-03,adapted,1614,0.5041421355,11.08339173,-1.076425125,1.15869105,0.002043121491,0.9979568785,1627.972301,1608.717555,0.5101762147,0.5041421355,0.4701417509,0.5381425201
real_20240703,real,2024-07-03,adapted,1615,0.5044554579,11.07749557,0.5094643629,0.259553937,0.0001884191697,0.9998115808,1628.231855,1609.717366,0.510257554,0.5044554579,0.4704550733,0.5384558425
real_20240703,real,2024-07-03,adapted,1616,0.504768653,11.07609597,0.2246878178,0.05048461546,0.0005942931396,0.9994057069,1628.28234,1610.716772,0.510273375,0.504768653,0.4707682684,0.5387690376
real_20240703,real,2024-07-03,adapted,1617,0.505081398,11.0723951,0.5565595298,0.3097585102,0.002030903991,0.997969096,1628.592098,1611.714741,0.5103704475,0.505081398,0.4710810134,0.5390817826
real_20240703,real,2024-07-03,adapted,1618,0.5053945361,11.0710751,0.9890833525,0.9782858783,0.0007761733924,0.9992238266,1629.570384,1612.713965,0.5106770241,0.5053945361,0.4713941515,0.5393949207
real_20240703,real,2024-07-03,adapted,1619,0.5057073287,11.06532493,1.254458754,1.573666765,0.001878790951,0.998121209,1631.144051,1613.712086,0.511170182,0.5057073287,0.4717069441,0.5397077133
real_20240703,real,2024-07-03,adapted,1620,0.5060204843,11.0649703,-0.408190465,0.1666194557,0.0007204149811,0.999279585,1631.31067,1614.711366,0.5112223974,0.5060204843,0.4720200997,0.5400208689
real_20240703,real,2024-07-03,adapted,1621,0.5063326497,11.06088709,1.095322225,1.199730776,0.003880313203,0.9961196868,1632.510401,1615.707485,0.5115983707,0.5063326497,0.4723322651,0.5403330343
real_20240703,real,2024-07-03,adapted,1622,0.5066454441,11.05691203,-1.391424759,1.93606286,0.001872980401,0.9981270196,1634.446464,1616.705612,0.5122050968,0.5066454441,0.4726450595,0.5406458287
real_20240703,real,2024-07-03,adapted,1623,0.5069587085,11.05409567,-0.3953526803,0.1563037419,0.000373415456,0.9996265845,1634.602767,1617.705239,0.5122540794,0.5069587085,0.4729583239,0.5409590931
real_20240703,real,2024-07-03,adapted,1624,0.5072720248,11.05099028,0.7354342737,0.5408635709,0.000207737136,0.9997922629,1635.143631,1618.705031,0.512423576,0.5072720248,0.4732716402,0.5412724094
real_20240703,real,2024-07-03,adapted,1625,0.5075847519,11.04510179,-0.2807440985,0.07881724882,0.002087665969,0.997912334,1635.222448,1619.702943,0.5124482759,0.5075847519,0.4735843673,0.5415851365
real_20240703,real,2024-07-03,adapted,1626,0.507894755,11.0420245,-0.07535746523,0.005678747566,0.01078030364,0.9892196964,1635.228127,1620.692163,0.5124500555,0.507894755,0.4738943704,0.5418951396
real_20240703,real,2024-07-03,adapted,1627,0.5082079954,11.04094495,1.806081819,3.261931539,0.0004499169818,0.999550083,1638.490059,1621.691713,0.5134722841,0.5082079954,0.4742076108,0.54220838
real_20240703,real,2024-07-03,adapted,1628,0.50852107,11.03931398,-0.1618882039,0.02620779057,0.0009788362683,0.9990211637,1638.516266,1622.690734,0.5134804971,0.50852107,0.4745206854,0.5425214546
real_20240703,real,2024-07-03,adapted,1629,0.5088337644,11.03545042,1.373430353,1.886310935,0.002192029732,0.9978079703,1640.402577,1623.688542,0.5140716319,0.5088337644,0.4748333798,0.542834149
real_20240703,real,2024-07-03,adapted,1630,0.5091449267,11.03408347,-0.4122605852,0.1699587901,0.007081155257,0.9929188447,1640.572536,1624.681461,0.5141248938,0.5091449267,0.4751445421,0.5431453113
real_20240703,real,2024-07-03,adapted,1631,0.5094579841,11.03269388,1.097117843,1.203667561,0.001033747937,0.9989662521,1641.776204,1625.680427,0.5145021008,0.5094579841,0.4754575995,0.5434583687
real_20240703,real,2024-07-03,adapted,1632,0.5097711626,11.03067864,-0.7255506564,0.5264237551,0.0006476057879,0.9993523942,1642.302627,1626.67978,0.5146670722,0.5097711626,0.475770778,0.5437715472
real_20240703,real,2024-07-03,adapted,1633,0.5100837869,11.02886843,0.9767548382,0.9540500139,0.002415957742,0.9975840423,1643.256677,1627.677364,0.5149660537,0.5100837869,0.4760834023,0.5440841715
real_20240703,real,2024-07-03,adapted,1634,0.5103948055,11.02192563,-0.0374650665,0.001403631208,0.00753943752,0.9924605625,1643.258081,1628.669824,0.5149664936,0.5103948055,0.4763944209,0.5443951901
real_20240703,real,2024-07-03,adapted,1635,0.5107077525,11.01715477,0.04867718579,0.002369468417,0.001386175117,0.9986138249,1643.260451,1629.668438,0.5149672361,0.5107077525,0.4767073679,0.5447081371
real_20240703,real,2024-07-03,adapted,1636,0.5110210833,11.01242347,-0.1536199776,0.0235990975,0.0001613879775,0.999838612,1643.28405,1630.668277,0.5149746317,0.5110210833,0.4770206987,0.5450214679
real_20240703,real,2024-07-03,adapted,1637,0.5113342062,11.01179465,0.3284029055,0.1078484683,0.0008248104979,0.9991751895,1643.391898,1631.667452,0.5150084294,0.5113342062,0.4773338216,0.5453345908
real_20240703,real,2024-07-03,adapted,1638,0.5116453402,11.01052491,0.3664109613,0.1342569926,0.007171323315,0.9928286767,1643.526155,1632.660281,0.515050503,0.5116453402,0.4776449556,0.5456457248
real_20240703,real,2024-07-03,adapted,1639,0.5119584576,11.0056846,-0.629416251,0.3961648171,0.0008425554198,0.9991574446,1643.92232,1633.659438,0.5151746537,0.5119584576,0.477958073,0.5459588422
real_20240703,real,2024-07-03,adapted,1640,0.5122716281,11.00472169,1.148745946,1.319617249,0.0006727587841,0.9993272412,1645.241937,1634.658765,0.5155881972,0.5122716281,0.4782712435,0.5462720127
real_20240703,real,2024-07-03,adapted,1641,0.512584659,11.00114857,-0.3523304043,0.1241367138,0.001118471573,0.9988815284,1645.366074,1635.657647,0.5156270993,0.512584659,0.4785842744,0.5465850436
real_20240703,real,2024-07-03,adapted,1642,0.5128978258,10.99563656,0.370856001,0.1375341735,0.0006848541334,0.9993151459,1645.503608,1636.656962,0.5156702,0.5128978258,0.4788974412,0.5468982104
real_20240703,real,2024-07-03,adapted,1643,0.5132109379,10.99316006,-0.6272074657,0.3933892051,0.000859225264,0.9991407747,1645.896997,1637.656103,0.5157934808,0.5132109379,0.4792105533,0.5472113225
real_20240703,real,2024-07-03,adapted,1644,0.5135240256,10.99269708,-0.5420075541,0.2937721888,0.0009370088344,0.9990629912,1646.190769,1638.655166,0.5158855435,0.5135240256,0.479523641,0.5475244102
real_20240703,real,2024-07-03,adapted,1645,0.5138363411,10.99137552,-1.294873269,1.676696783,0.00340141519,0.9965985848,1647.867466,1639.651764,0.5164109891,0.5138363411,0.4798359565,0.5478367257
real_20240703,real,2024-07-03,adapted,1646,0.514149043,10.98707117,0.2961839321,0.08772492162,0.002168132203,0.9978318678,1647.955191,1640.649596,0.5164384805,0.514149043,0.4801486584,0.5481494276
real_20240703,real,2024-07-03,adapted,1647,0.5144616367,10.98307052,-0.493059483,0.2431076538,0.002513670585,0.9974863294,1648.198299,1641.647083,0.5165146659,0.5144616367,0.4804612521,0.5484620213
real_20240703,real,2024-07-03,adapted,1648,0.5147748969,10.97437492,0.6676464497,0.4457517818,0.0003864932757,0.9996135067,1648.644051,1642.646696,0.5166543562,0.5147748969,0.4807745123,0.5487752815
real_20240703,real,2024-07-03,adapted,1649,0.5150875181,10.97213281,-0.3093012712,0.0956672764,0.002425749475,0.9975742505,1648.739718,1643.64427,0.5166843365,0.5150875181,0.4810871335,0.5490879027
real_20240703,real,2024-07-03,adapted,1650,0.5154004847,10.9685439,-0.3984513698,0.1587634941,0.00132364658,0.9986763534,1648.898481,1644.642947,0.5167340901,0.5154004847,0.4814001001,0.5494008693
real_20240703,real,2024-07-03,adapted,1651,0.5157136656,10.96807707,-1.34567161,1.810832081,0.0006398027186,0.9993601973,1650.709313,1645.642307,0.5173015711,0.5157136656,0.481713281,0.5497140502
real_20240703,real,2024-07-03,adapted,1652,0.5160266152,10.96521191,0.3886325051,0.151035224,0.001377848723,0.9986221513,1650.860349,1646.640929,0.5173489027,0.5160266152,0.4820262306,0.5500269998
real_20240703,real,2024-07-03,adapted,1653,0.5163396301,10.96358298,0.3440967267,0.1184025573,0.001169354523,0.9988306455,1650.978751,1647.63976,0.5173860079,0.5163396301,0.4823392455,0.5503400147
real_20240703,real,2024-07-03,adapted,1654,0.5166499825,10.95970898,0.4615549184,0.2130329427,0.009665731941,0.9903342681,1651.191784,1648.630094,0.5174527685,0.5166499825,0.4826495979,0.5506503671
real_20240703,real,2024-07-03,adapted,1655,0.5169631027,10.95858475,-1.040687733,1.083030958,0.0008334215679,0.9991665784,1652.274815,1649.629261,0.5177921702,0.5169631027,0.4829627181,0.5509634873
real_20240703,real,2024-07-03,adapted,1656,0.5172739943,10.95410021,-0.3581847999,0.1282963509,0.007944816533,0.9920551835,1652.403111,1650.621316,0.5178323759,0.5172739943,0.4832736097,0.5512743789
real_20240703,real,2024-07-03,adapted,1657,0.5175870661,10.94949788,0.5393952998,0.2909472894,0.0009876935245,0.9990123065,1652.694059,1651.620328,0.5179235534,0.5175870661,0.4835866815,0.5515874507
real_20240703,real,2024-07-03,adapted,1658,0.5178999358,10.94811538,-0.5121848259,0.2623332959,0.001632782313,0.9983672177,1652.956392,1652.618695,0.5180057637,0.5178999358,0.4838995512,0.5519003204
real_20240703,real,2024-07-03,adapted,1659,0.518213045,10.94365219,-1.597448032,2.551840214,0.0008686079934,0.999131392,1655.508232,1653.617827,0.518805463,0.518213045,0.4842126604,0.5522134296
real_20240703,real,2024-07-03,adapted,1660,0.5185262394,10.9396597,0.6460007243,0.4173169358,0.0005966456808,0.9994033543,1655.925549,1654.61723,0.5189362423,0.5185262394,0.4845258548,0.552526624
real_20240703,real,2024-07-03,adapted,1661,0.5188393368,10.9385336,-0.5257826132,0.2764473563,0.0009063268776,0.9990936731,1656.201997,1655.616324,0.5190228758,0.5188393368,0.4848389522,0.5528397214
real_20240703,real,2024-07-03,adapted,1662,0.5191521021,10.93622706,-0.09403390714,0.008842375691,0.001966040392,0.9980339596,1656.210839,1656.614358,0.5190256468,0.5191521021,0.4851517175,0.5531524867
real_20240703,real,2024-07-03,adapted,1663,0.519465104,10.93493155,-0.1750757108,0.03065150451,0.00121072776,0.9987892722,1656.24149,1657.613147,0.5190352524,0.519465104,0.4854647194,0.5534654886
real_20240703,real,2024-07-03,adapted,1664,0.5197781041,10.93280462,0.898940489,0.8080940028,0.001216798291,0.9987832017,1657.049584,1658.61193,0.519288494,0.5197781041,0.4857777195,0.5537784887
real_20240703,real,2024-07-03,adapted,1665,0.5200901062,10.92959358,-0.2685209545,0.07210350299,0.004401382805,0.9955986172,1657.121688,1659.607529,0.5193110899,0.5200901062,0.4860897216,0.5540904908
real_20240703,real,2024-07-03,adapted,1666,0.5204033921,10.92718953,0.03592920986,0.001290908121,0.0003046002057,0.9996953998,1657.122979,1660.607224,0.5193114945,0.5204033921,0.4864030075,0.5544037767
real_20240703,real,2024-07-03,adapted,1667,0.5207160875,10.9215014,0.7456443002,0.5559854224,0.002188878018,0.997811122,1657.678964,1661.605035,0.51948573,0.5207160875,0.4867157029,0.5547164721
real_20240703,real,2024-07-03,adapted,1668,0.5210288958,10.91765934,1.419433697,2.014792019,0.001828887479,0.9981711125,1659.693756,1662.603206,0.5201171283,0.5210288958,0.4870285112,0.5550292804
real_20240703,real,2024-07-03,adapted,1669,0.521341969,10.9140972,0.7627929916,0.581853148,0.0009831879984,0.999016812,1660.275609,1663.602223,0.5202994702,0.521341969,0.4873415844,0.5553423536
real_20240703,real,2024-07-03,adapted,1670,0.5216549828,10.91080214,-0.887116694,0.7869760289,0.001173159243,0.9988268408,1661.062585,1664.60105,0.5205460939,0.5216549828,0.4876545982,0.5556553674
real_20240703,real,2024-07-03,adapted,1671,0.5219682945,10.90712789,-0.5757688957,0.3315098212,0.0002221587369,0.9997778413,1661.394095,1665.600828,0.5206499829,0.5219682945,0.4879679099,0.5559686791
real_20240703,real,2024-07-03,adapted,1672,0.5222811269,10.90485073,0.3621485731,0.131151589,0.001751859379,0.9982481406,1661.525247,1666.599076,0.5206910833,0.5222811269,0.4882807423,0.5562815115
real_20240703,real,2024-07-03,adapted,1673,0.5225944132,10.9000941,-0.6709655958,0.4501948308,0.0003034160574,0.9996965839,1661.975442,1667.598773,0.520832166,0.5225944132,0.4885940286,0.5565947978
real_20240703,real,2024-07-03,adapted,1674,0.5229075567,10.89752754,0.1226012994,0.01503107861,0.000759202481,0.9992407975,1661.990473,1668.598013,0.5208368765,0.5229075567,0.4889071721,0.5569079413
real_20240703,real,2024-07-03,adapted,1675,0.5232188897,10.89487826,-0.8662338974,0.750361165,0.006536326968,0.993463673,1662.740834,1669.591477,0.5210720257,0.5232188897,0.4892185051,0.5572192743
real_20240703,real,2024-07-03,adapted,1676,0.5235321173,10.8940825,-0.1346049419,0.01811849038,0.000490884225,0.9995091158,1662.758952,1670.590986,0.5210777037,0.5235321173,0.4895317327,0.5575325019
real_20240703,real,2024-07-03,adapted,1677,0.523843479,10.89050884,0.05996044682,0.003595255183,0.006444808816,0.9935551912,1662.762548,1671.584541,0.5210788304,0.523843479,0.4898430944,0.5578438636
real_20240703,real,2024-07-03,adapted,1678,0.5241568137,10.88976252,0.5886454127,0.3465034218,0.0001488526502,0.9998511473,1663.109051,1672.584393,0.5211874181,0.5241568137,0.4901564291,0.5581571983
real_20240703,real,2024-07-03,adapted,1679,0.5244650268,10.88552958,-0.5775530422,0.3335675166,0.01649204884,0.9835079512,1663.442619,1673.5679,0.5212919519,0.5244650268,0.4904646422,0.5584654114
real_20240703,real,2024-07-03,adapted,1680,0.5247765506,10.87834042,-0.6054018557,0.3665114069,0.005927553728,0.9940724463,1663.80913,1674.561973,0.5214068098,0.5247765506,0.490776166,0.5587769352
real_20240703,real,2024-07-03,adapted,1681,0.5250897797,10.87577524,0.4875510577,0.2377060339,0.0004859895523,0.9995140104,1664.046836,1675.561487,0.5214813024,0.5250897797,0.4910893951,0.5590901643
real_20240703,real,2024-07-03,adapted,1682,0.5254031144,10.87263125,-1.02829116,1.05738271,0.0001488609263,0.9998511391,1665.104219,1676.561338,0.5218126665,0.5254031144,0.4914027298,0.559403499
real_20240703,real,2024-07-03,adapted,1683,0.5257158891,10.87042623,0.2108612637,0.04446247253,0.001936103078,0.9980638969,1665.148681,1677.559402,0.5218266002,0.5257158891,0.4917155045,0.5597162737
real_20240703,real,2024-07-03,adapted,1684,0.5260289246,10.86856513,0.1880564315,0.03536522143,0.001103672246,0.9988963278,1665.184046,1678.558298,0.521837683,0.5260289246,0.49202854,0.5600293092
real_20240703,real,2024-07-03,adapted,1685,0.5263420531,10.86417757,-0.2281783349,0.05206535253,0.0008067900647,0.9991932099,1665.236112,1679.557492,0.5218539993,0.5263420531,0.4923416685,0.5603424377
real_20240703,real,2024-07-03,adapted,1686,0.5266527495,10.86335977,1.038243656,1.077949888,0.008567797075,0.9914322029,1666.314062,1680.548924,0.5221918088,0.5266527495,0.4926523649,0.5606531341
real_20240703,real,2024-07-03,adapted,1687,0.5269653869,10.86151426,0.07024373842,0.004934182788,0.002374075559,0.9976259244,1666.318996,1681.54655,0.522193355,0.5269653869,0.4929650023,0.5609657715
real_20240703,real,2024-07-03,adapted,1688,0.5272780375,10.85719024,-0.2288129561,0.05235536889,0.002331877708,0.9976681223,1666.371351,1682.544218,0.5222097622,0.5272780375,0.4932776529,0.5612784221
real_20240703,real,2024-07-03,adapted,1689,0.5275912503,10.8513652,0.8771970414,0.7694746495,0.0005379441583,0.9994620558,1667.140826,1683.54368,0.5224509013,0.5275912503,0.4935908657,0.5615916349
real_20240703,real,2024-07-03,adapted,1690,0.5279045411,10.85065668,1.235093376,1.525455647,0.000289119869,0.9997108801,1668.666282,1684.543391,0.5229289507,0.5279045411,0.4939041565,0.5619049257
real_20240703,real,2024-07-03,adapted,1691,0.5282158011,10.84846285,0.1208404952,0.01460242527,0.006769464109,0.9932305359,1668.680884,1685.536621,0.5229335268,0.5282158011,0.4942154165,0.5622161857
real_20240703,real,2024-07-03,adapted,1692,0.5285269363,10.84711546,1.109429441,1.230833685,0.007167491967,0.992832508,1669.911718,1686.529454,0.5233192472,0.5285269363,0.4945265517,0.5625273209
real_20240703,real,2024-07-03,adapted,1693,0.5288402301,10.84406276,0.8318393215,0.6919566568,0.0002794327255,0.9997205673,1670.603674,1687.529174,0.5235360935,0.5288402301,0.4948398455,0.5628406147
real_20240703,real,2024-07-03,adapted,1694,0.5291535481,10.84148432,1.460540062,2.133177271,0.0002023343328,0.9997976657,1672.736852,1688.528972,0.5242045915,0.5291535481,0.4951531635,0.5631539327
real_20240703,real,2024-07-03,adapted,1695,0.5294659684,10.83989039,0.4540802836,0.206188904,0.003066794769,0.9969332052,1672.943041,1689.525905,0.5242692073,0.5294659684,0.4954655838,0.563466353
real_20240703,real,2024-07-03,adapted,1696,0.5297788755,10.83663033,-2.194239642,4.814687608,0.001513592235,0.9984864078,1677.757728,1690.524392,0.5257780408,0.5297788755,0.4957784909,0.5637792601
real_20240703,real,2024-07-03,adapted,1697,0.5300913764,10.83314756,-0.2349755297,0.05521349954,0.002809400678,0.9971905993,1677.812942,1691.521582,0.5257953437,0.5300913764,0.4960909918,0.564091761
real_20240703,real,2024-07-03,adapted,1698,0.530404695,10.82967385,-1.182464371,1.398221989,0.0002002902979,0.9997997097,1679.211164,1692.521382,0.5262335204,0.530404695,0.4964043104,0.5644050796
real_20240703,real,2024-07-03,adapted,1699,0.5307178723,10.82790976,-1.536999815,2.362368431,0.0006514009849,0.999348599,1681.573532,1693.520731,0.5269738427,0.5307178723,0.4967174877,0.5647182569
real_20240703,real,2024-07-03,adapted,1700,0.5310305599,10.82645421,0.6589354908,0.4341959811,0.002213932578,0.9977860674,1682.007728,1694.518517,0.5271099116,0.5310305599,0.4970301753,0.5650309445
real_20240703,real,2024-07-03,adapted,1701,0.5313437489,10.82506322,0.6461157672,0.4174655846,0.0006138173371,0.9993861827,1682.425194,1695.517903,0.5272407376,0.5313437489,0.4973433643,0.5653441335
real_20240703,real,2024-07-03,adapted,1702,0.5316567055,10.82224579,-1.126702606,1.269458763,0.00135561397,0.998644386,1683.694652,1696.516547,0.5276385623,0.5316567055,0.4976563209,0.5656570901
real_20240703,real,2024-07-03,adapted,1703,0.5319698535,10.81973019,1.26157821,1.59157958,0.0007446848353,0.9992553152,1685.286232,1697.515802,0.5281373337,0.5319698535,0.4979694689,0.5659702381
real_20240703,real,2024-07-03,adapted,1704,0.5322830451,10.8139349,0.528207084,0.2790027236,0.0006055871886,0.9993944128,1685.565235,1698.515197,0.528224768,0.5322830451,0.4982826605,0.5662834297
real_20240703,real,2024-07-03,adapted,1705,0.5325950535,10.81339048,-0.340837617,0.1161702812,0.004381210212,0.9956187898,1685.681405,1699.510816,0.5282611736,0.5325950535,0.4985946689,0.5665954381
real_20240703,real,2024-07-03,adapted,1706,0.5329069378,10.81081488,0.2345528139,0.05501502249,0.004777114093,0.9952228859,1685.73642,1700.506039,0.5282784143,0.5329069378,0.4989065532,0.5669073224
real_20240703,real,2024-07-03,adapted,1707,0.5332195795,10.80743498,1.355107002,1.836314986,0.002360349464,0.9976396505,1687.572735,1701.503678,0.5288538812,0.5332195795,0.4992191949,0.5672199641
real_20240703,real,2024-07-03,adapted,1708,0.5335328757,10.80423402,-1.833751003,3.36264274,0.0002719632548,0.9997280367,1690.935378,1702.503406,0.5299076709,0.5335328757,0.4995324911,0.5675332603
real_20240703,real,2024-07-03,adapted,1709,0.5338452869,10.80316227,-0.4570080675,0.2088563737,0.00309564587,0.9969043541,1691.144234,1703.500311,0.5299731226,0.5338452869,0.4998449023,0.5678456715
real_20240703,real,2024-07-03,adapted,1710,0.534158545,10.79867898,-1.592646946,2.536524294,0.0003933286987,0.9996066713,1693.680758,1704.499917,0.5307680221,0.534158545,0.5001581604,0.5681589296
real_20240703,real,2024-07-03,adapted,1711,0.5344716908,10.79537373,-1.745863201,3.048038318,0.0007519043389,0.9992480957,1696.728797,1705.499165,0.5317232205,0.5344716908,0.5004713062,0.5684720754
real_20240703,real,2024-07-03,adapted,1712,0.534784674,10.79059369,1.166727869,1.361253921,0.001270587899,0.9987294121,1698.090051,1706.497895,0.5321498122,0.534784674,0.5007842894,0.5687850586
real_20240703,real,2024-07-03,adapted,1713,0.5350973254,10.78806581,0.8431863547,0.7109632288,0.002329493557,0.9976705064,1698.801014,1707.495565,0.5323726148,0.5350973254,0.5010969408,0.56909771
real_20240703,real,2024-07-03,adapted,1714,0.5354096294,10.78722617,1.592327803,2.535507832,0.003437746944,0.9965622531,1701.336522,1708.492128,0.5331671958,0.5354096294,0.5014092448,0.569410014
real_20240703,real,2024-07-03,adapted,1715,0.5357210425,10.78353579,1.14883076,1.319812115,0.006281055415,0.9937189446,1702.656334,1709.485846,0.5335808003,0.5357210425,0.5017206579,0.5697214271
real_20240703,real,2024-07-03,adapted,1716,0.5360343189,10.78220719,0.1285808022,0.01653302269,0.0003348563753,0.9996651436,1702.672867,1710.485512,0.5335859815,0.5360343189,0.5020339343,0.5700347035
real_20240703,real,2024-07-03,adapted,1717,0.5363471784,10.7811725,-0.4971295892,0.2471378284,0.001665174655,0.9983348253,1702.920005,1711.483846,0.5336634298,0.5363471784,0.5023467938,0.5703475631
real_20240703,real,2024-07-03,adapted,1718,0.5366599682,10.77912732,0.9183828166,0.8434269978,0.001887812653,0.9981121873,1703.763432,1712.481959,0.5339277442,0.5366599682,0.5026595836,0.5706603528
real_20240703,real,2024-07-03,adapted,1719,0.5369724689,10.77660796,0.3028336939,0.09170824615,0.002810284377,0.9971897156,1703.85514,1713.479148,0.5339564838,0.5369724689,0.5029720843,0.5709728535
real_20240703,real,2024-07-03,adapted,1720,0.5372833387,10.77414665,0.5201782692,0.2705854317,0.008014539994,0.99198546,1704.125725,1714.471134,0.5340412803,0.5372833387,0.5032829541,0.5712837233
real_20240703,real,2024-07-03,adapted,1721,0.537596311,10.77227533,-0.9238594605,0.8535163027,0.001305360047,0.99869464,1704.979242,1715.469828,0.5343087564,0.537596311,0.5035959264,0.5715966956
real_20240703,real,2024-07-03,adapted,1722,0.537909596,10.76855205,-1.066060075,1.136484083,0.0003074460871,0.9996925539,1706.115726,1716.469521,0.5346649093,0.537909596,0.5039092114,0.5719099806
real_20240703,real,2024-07-03,adapted,1723,0.5382213604,10.76485225,1.487290933,2.212034321,0.005160073328,0.9948399267,1708.32776,1717.464361,0.5353581197,0.5382213604,0.5042209758,0.572221745
real_20240703,real,2024-07-03,adapted,1724,0.5385342957,10.76174646,-1.032442321,1.065937145,0.001423252145,0.9985767479,1709.393697,1718.462938,0.5356921646,0.5385342957,0.5045339111,0.5725346803
real_20240703,real,2024-07-03,adapted,1725,0.5388471103,10.75736998,-0.3548694966,0.1259323596,0.001808581769,0.9981914182,1709.51963,1719.461129,0.5357316294,0.5388471103,0.5048467257,0.5728474949
real_20240703,real,2024-07-03,adapted,1726,0.5391603096,10.75517366,-0.6305460628,0.3975883373,0.0005811383213,0.9994188617,1709.917218,1720.460548,0.5358562262,0.5391603096,0.505159925,0.5731606942
real_20240703,real,2024-07-03,adapted,1727,0.539473386,10.75219508,0.08342874821,0.006960356028,0.0009732360977,0.9990267639,1709.924178,1721.459575,0.5358584075,0.539473386,0.5054730014,0.5734737706
real_20240703,real,2024-07-03,adapted,1728,0.53978664,10.74874138,-1.9011561,3.614394517,0.0004065571676,0.9995934428,1713.538573,1722.459168,0.5369910914,0.53978664,0.5057862554,0.5737870246
real_20240703,real,2024-07-03,adapted,1729,0.540098734,10.7459039,0.4323693814,0.186943282,0.004107833807,0.9958921662,1713.725516,1723.45506,0.537049676,0.540098734,0.5060983494,0.5740991186
real_20240703,real,2024-07-03,adapted,1730,0.5404113566,10.74217839,-1.009095531,1.018273791,0.002421537204,0.9975784628,1714.74379,1724.452639,0.537368784,0.5404113566,0.506410972,0.5744117412
real_20240703,real,2024-07-03,adapted,1731,0.5407236474,10.73518215,0.2106945394,0.04439218892,0.003479877777,0.9965201222,1714.788182,1725.449159,0.5373826957,0.5407236474,0.5067232628,0.574724032
real_20240703,real,2024-07-03,adapted,1732,0.5410369452,10.73277311,0.264904279,0.07017427704,0.0002668108547,0.9997331891,1714.858356,1726.448892,0.537404687,0.5410369452,0.5070365606,0.5750373298
real_20240703,real,2024-07-03,adapted,1733,0.5413500982,10.72908979,0.409836252,0.1679657534,0.0007287743001,0.9992712257,1715.026322,1727.448163,0.5374573244,0.5413500982,0.5073497136,0.5753504828
real_20240703,real,2024-07-03,adapted,1734,0.5416622022,10.72716836,-0.5139002322,0.2640934486,0.004076240501,0.9959237595,1715.290415,1728.444087,0.5375400863,0.5416622022,0.5076618176,0.5756625868
real_20240703,real,2024-07-03,adapted,1735,0.5419747022,10.72600049,1.258723144,1.584383954,0.002812277762,0.9971877222,1716.874799,1729.441275,0.5380366028,0.5419747022,0.5079743176,0.5759750868
real_20240703,real,2024-07-03,adapted,1736,0.5422877797,10.7192908,-0.6530973764,0.426536183,0.0009698888345,0.9990301112,1717.301336,1730.440305,0.5381702713,0.5422877797,0.5082873951,0.5762881643
real_20240703,real,2024-07-03,adapted,1737,0.5426010241,10.70945141,-0.4882875162,0.2384246985,0.0004371578396,0.9995628422,1717.53976,1731.439868,0.5382449891,0.5426010241,0.5086006395,0.5766014087
real_20240703,real,2024-07-03,adapted,1738,0.542913944,10.70888932,0.5143439655,0.2645497149,0.001472569451,0.9985274305,1717.80431,1732.438395,0.5383278941,0.542913944,0.5089135594,0.5769143286
real_20240703,real,2024-07-03,adapted,1739,0.5432267912,10.70710233,-0.4640818552,0.2153719684,0.001704475737,0.9982955243,1718.019682,1733.436691,0.5383953877,0.5432267912,0.5092264066,0.5772271758
real_20240703,real,2024-07-03,adapted,1740,0.5435395388,10.70467388,-0.8274922576,0.6847434365,0.002022349833,0.9979776502,1718.704425,1734.434668,0.5386099735,0.5435395388,0.5095391542,0.5775399234
real_20240703,real,2024-07-03,adapted,1741,0.5438527749,10.70042142,0.5769551449,0.3328772393,0.0004637338612,0.9995362661,1719.037303,1735.434205,0.538714291,0.5438527749,0.5098523903,0.5778531595
real_20240703,real,2024-07-03,adapted,1742,0.5441659848,10.69764772,2.041126504,4.166197406,0.000547221729,0.9994527783,1723.2035,1736.433657,0.5400198997,0.5441659848,0.5101656002,0.5781663694
real_20240703,real,2024-07-03,adapted,1743,0.544479089,10.69484251,-1.221372558,1.491750925,0.0008843340172,0.999115666,1724.695251,1737.432773,0.5404873867,0.544479089,0.5104787044,0.5784794736
real_20240703,real,2024-07-03,adapted,1744,0.5447922995,10.69265354,-0.5487912477,0.3011718335,0.0005453732643,0.9994546267,1724.996423,1738.432228,0.5405817684,0.5447922995,0.5107919149,0.5787926841
real_20240703,real,2024-07-03,adapted,1745,0.5451055535,10.69093998,-0.1983321256,0.03933563206,0.0004064429002,0.9995935571,1725.035758,1739.431821,0.5405940954,0.5451055535,0.5111051689,0.5791059381
real_20240703,real,2024-07-03,adapted,1746,0.5454182931,10.68955362,-0.9894313454,0.9789743873,0.002047865183,0.9979521348,1726.014733,1740.429773,0.5409008878,0.5454182931,0.5114179085,0.5794186777
real_20240703,real,2024-07-03,adapted,1747,0.5457275771,10.68692443,-0.309316675,0.09567680543,0.01307494942,0.9869250506,1726.11041,1741.416698,0.5409308711,0.5457275771,0.5117271925,0.5797279617
real_20240703,real,2024-07-03,adapted,1748,0.5460408239,10.68492313,-0.5162400541,0.2665037934,0.000429322904,0.9995706771,1726.376913,1742.416269,0.5410143884,0.5460408239,0.5120404393,0.5800412085
real_20240703,real,2024-07-03,adapted,1749,0.5463541727,10.68130589,0.8808954398,0.7759767759,0.0001040077208,0.9998959923,1727.15289,1743.416165,0.5412575651,0.5463541727,0.5123537881,0.5803545573
real_20240703,real,2024-07-03,adapted,1750,0.5466670197,10.67758914,-0.01065968774,0.0001136289426,0.001705151656,0.9982948483,1727.153004,1744.41446,0.5412576007,0.5466670197,0.5126666351,0.5806674043
real_20240703,real,2024-07-03,adapted,1751,0.5469790248,10.67488607,0.1103237952,0.01217133978,0.004391973085,0.9956080269,1727.165175,1745.410068,0.541261415,0.5469790248,0.5129786402,0.5809794094
real_20240703,real,2024-07-03,adapted,1752,0.5472907168,10.66932555,-1.344250058,1.807008218,0.005390634929,0.9946093651,1728.972183,1746.404677,0.5418276977,0.5472907168,0.5132903322,0.5812911014
real_20240703,real,2024-07-03,adapted,1753,0.5476038213,10.66715171,-2.039929851,4.161313799,0.0008836456984,0.9991163543,1733.133497,1747.403794,0.543131776,0.5476038213,0.5136034367,0.5816042059
real_20240703,real,2024-07-03,adapted,1754,0.5479162778,10.66597902,0.9867601449,0.9736955835,0.002951263283,0.9970487367,1734.107193,1748.400842,0.5434369141,0.5479162778,0.5139158932,0.5819166624
real_20240703,real,2024-07-03,adapted,1755,0.5482295469,10.66538324,0.1868618584,0.03491735414,0.0003584335077,0.9996415665,1734.14211,1749.400484,0.5434478565,0.5482295469,0.5142291623,0.5822299315
real_20240703,real,2024-07-03,adapted,1756,0.5485414199,10.66406707,-1.261011926,1.590151078,0.004813157394,0.9951868426,1735.732261,1750.395671,0.5439461803,0.5485414199,0.5145410353,0.5825418045
real_20240703,real,2024-07-03,adapted,1757,0.5488537577,10.66238526,-1.295432275,1.678144779,0.003330160558,0.9966698394,1737.410406,1751.392341,0.5444720796,0.5488537577,0.5148533731,0.5828541423
real_20240703,real,2024-07-03,adapted,1758,0.5491670098,10.65499793,-0.1707017581,0.02913909023,0.0004124249466,0.9995875751,1737.439545,1752.391928,0.5444812113,0.5491670098,0.5151666252,0.5831673944
real_20240703,real,2024-07-03,adapted,1759,0.5494795827,10.6534199,0.120957485,0.01463071318,0.002579766565,0.9974202334,1737.454176,1753.389348,0.5444857962,0.5494795827,0.5154791981,0.5834799673
real_20240703,real,2024-07-03,adapted,1760,0.5497884044,10.65012002,-0.1632410707,0.02664764716,0.01455021037,0.9854497896,1737.480823,1754.374798,0.5444941471,0.5497884044,0.5157880198,0.583788789
real_20240703,real,2024-07-03,adapted,1761,0.5501003175,10.64919651,1.055272866,1.113600822,0.004685069556,0.9953149304,1738.594424,1755.370113,0.5448431289,0.5501003175,0.5160999329,0.5841007021
real_20240703,real,2024-07-03,adapted,1762,0.550412195,10.64736287,-0.3653588136,0.1334870627,0.004799044309,0.9952009557,1738.727911,1756.365314,0.5448849613,0.550412195,0.5164118104,0.5844125796
real_20240703,real,2024-07-03,adapted,1763,0.5507254378,10.64343532,-0.9369548719,0.8778844321,0.0004421827535,0.9995578172,1739.605796,1757.364872,0.5451600739,0.5507254378,0.5167250532,0.5847258224
real_20240703,real,2024-07-03,adapted,1764,0.5510380013,10.64114372,1.394435303,1.944449815,0.002609975711,0.9973900243,1741.550246,1758.362262,0.5457694283,0.5510380013,0.5170376167,0.5850383859
real_20240703,real,2024-07-03,adapted,1765,0.5513510785,10.63422811,-0.4818195425,0.2321500715,0.0009704440441,0.999029556,1741.782396,1759.361292,0.5458421798,0.5513510785,0.5173506939,0.5853514631
real_20240703,real,2024-07-03,adapted,1766,0.5516642605,10.63242084,-0.02014736178,0.0004059161866,0.0006363110547,0.9993636889,1741.782802,1760.360655,0.545842307,0.5516642605,0.5176638759,0.5856646451
real_20240703,real,2024-07-03,adapted,1767,0.5519758647,10.6294848,-0.2654125559,0.07044382485,0.005671098603,0.9943289014,1741.853245,1761.354984,0.5458643828,0.5519758647,0.5179754801,0.5859762493
real_20240703,real,2024-07-03,adapted,1768,0.5522887446,10.62506625,0.2754192495,0.07585576302,0.001600227627,0.9983997724,1741.929101,1762.353384,0.5458881546,0.5522887446,0.51828836,0.5862891292
real_20240703,real,2024-07-03,adapted,1769,0.5526020455,10.61952429,-1.041997022,1.085757793,0.000256886525,0.9997431135,1743.014859,1763.353127,0.5462284108,0.5526020455,0.5186016609,0.5866024301
real_20240703,real,2024-07-03,adapted,1770,0.5529072905,10.61693185,-1.515743165,2.297477342,0.02596313306,0.9740368669,1745.312336,1764.327164,0.5469483975,0.5529072905,0.5189069059,0.5869076751
real_20240703,real,2024-07-03,adapted,1771,0.553220296,10.6151055,-0.6221655206,0.387089935,0.001199411463,0.9988005885,1745.699426,1765.325965,0.5470697042,0.553220296,0.5192199114,0.5872206806
real_20240703,real,2024-07-03,adapted,1772,0.5535333619,10.61403383,-0.2455296067,0.06028478774,0.001006726178,0.9989932738,1745.759711,1766.324958,0.5470885964,0.5535333619,0.5195329773,0.5875337465
real_20240703,real,2024-07-03,adapted,1773,0.5538465956,10.6109462,-1.076228007,1.158266723,0.0004711717289,0.9995288283,1746.917978,1767.324487,0.5474515756,0.5538465956,0.519846211,0.5878469802
real_20240703,real,2024-07-03,adapted,1774,0.5541594701,10.60783178,0.1970248805,0.03881880352,0.001617615615,0.9983823844,1746.956797,1768.322869,0.5474637407,0.5541594701,0.5201590855,0.5881598547
real_20240703,real,2024-07-03,adapted,1775,0.5544723486,10.60520965,1.569828753,2.464362315,0.00160456909,0.9983954309,1749.421159,1769.321264,0.548236026,0.5544723486,0.520471964,0.5884727332
real_20240703,real,2024-07-03,adapted,1776,0.554785256,10.60365363,0.4502402396,0.2027162733,0.001512664471,0.9984873355,1749.623875,1770.319752,0.5482995535,0.554785256,0.5207848714,0.5887856406
real_20240703,real,2024-07-03,adapted,1777,0.5550984151,10.60085211,-0.5104403796,0.2605493811,0.0007090502168,0.9992909498,1749.884425,1771.319043,0.5483812048,0.5550984151,0.5210980305,0.5890987997
real_20240703,real,2024-07-03,adapted,1778,0.55541089,10.59681832,0.3994873534,0.1595901455,0.002892836698,0.9971071633,1750.044015,1772.31615,0.5484312174,0.55541089,0.5214105054,0.5894112746
real_20240703,real,2024-07-03,adapted,1779,0.555723882,10.59331082,0.8694758689,0.7559882865,0.001242422337,0.9987575777,1750.800003,1773.314907,0.54866813,0.555723882,0.5217234974,0.5897242666
real_20240703,real,2024-07-03,adapted,1780,0.5560353173,10.59202169,0.07155357936,0.005119914719,0.006209914164,0.9937900858,1750.805123,1774.308698,0.5486697345,0.5560353173,0.5220349327,0.5900357019
real_20240703,real,2024-07-03,adapted,1781,0.5563486088,10.58944777,0.3405731846,0.1159900941,0.0002868084086,0.9997131916,1750.921113,1775.308411,0.5487060837,0.5563486088,0.5223482242,0.5903489934
real_20240703,real,2024-07-03,adapted,1782,0.5566617,10.58712473,-0.2106662494,0.04438026864,0.0009261610992,0.9990738389,1750.965493,1776.307485,0.5487199916,0.5566617,0.5226613154,0.5906620846
real_20240703,real,2024-07-03,adapted,1783,0.556974903,10.58648004,0.07984736701,0.006375602019,0.0005691274092,0.9994308726,1750.971869,1777.306915,0.5487219896,0.556974903,0.5229745184,0.5909752876
real_20240703,real,2024-07-03,adapted,1784,0.5572876045,10.57477074,0.7961103126,0.6337916298,0.002169352276,0.9978306477,1751.60566,1778.304746,0.5489206081,0.5572876045,0.5232872199,0.5912879891
real_20240703,real,2024-07-03,adapted,1785,0.5576000152,10.57220849,-0.5877445916,0.3454437049,0.003097636574,0.9969023634,1751.951104,1779.301648,0.5490288637,0.5576000152,0.5235996306,0.5916003998
real_20240703,real,2024-07-03,adapted,1786,0.5579118799,10.57181543,-1.146573906,1.314631722,0.004839773825,0.9951602262,1753.265736,1780.296809,0.5494408448,0.5579118799,0.5239114953,0.5919122645
real_20240703,real,2024-07-03,adapted,1787,0.5582246127,10.56640867,-0.2124840591,0.04514947535,0.002069699596,0.9979303004,1753.310885,1781.294739,0.5494549939,0.5582246127,0.5242242281,0.5922249973
real_20240703,real,2024-07-03,adapted,1788,0.5585378929,10.56523756,-0.6021942623,0.3626379295,0.000322687882,0.9996773121,1753.673523,1782.294416,0.5495686378,0.5585378929,0.5245375083,0.5925382775
real_20240703,real,2024-07-03,adapted,1789,0.5588508873,10.56228763,0.4911584645,0.2412366372,0.001234978232,0.9987650218,1753.91476,1783.293181,0.5496442369,0.5588508873,0.5248505027,0.5928512719
real_20240703,real,2024-07-03,adapted,1790,0.5591640768,10.56087312,-0.9422807211,0.8878929573,0.0006123131093,0.9993876869,1754.802653,1784.292569,0.549922486,0.5591640768,0.5251636922,0.5931644614
real_20240703,real,2024-07-03,adapted,1791,0.5594735944,10.56005192,-0.765543187,0.5860563711,0.01232938804,0.987670612,1755.388709,1785.28024,0.5501061452,0.5594735944,0.5254732098,0.593473979
real_20240703,real,2024-07-03,adapted,1792,0.5597857388,10.55746447,0.3827225149,0.1464765234,0.003947047006,0.996052953,1755.535186,1786.276293,0.5501520482,0.5597857388,0.5257853542,0.5937861234
real_20240703,real,2024-07-03,adapted,1793,0.5600988669,10.55314409,0.6440685259,0.4148242661,0.0008082835117,0.9991917165,1755.95001,1787.275484,0.5502820464,0.5600988669,0.5260984823,0.5940992515
real_20240703,real,2024-07-03,adapted,1794,0.5604121753,10.55090424,0.05519289664,0.003046255839,0.0002328021297,0.9997671979,1755.953056,1788.275251,0.550283001,0.5604121753,0.5264117907,0.5944125599
real_20240703,real,2024-07-03,adapted,1795,0.5607252659,10.55005479,0.3565753583,0.1271459862,0.0009280847751,0.9990719152,1756.080202,1789.274323,0.5503228462,0.5607252659,0.5267248813,0.5947256505
real_20240703,real,2024-07-03,adapted,1796,0.5610381221,10.54788564,1.213691961,1.473048177,0.001675916197,0.9983240838,1757.55325,1790.272647,0.5507844721,0.5610381221,0.5270377375,0.5950385067
real_20240703,real,2024-07-03,adapted,1797,0.5613513312,10.5459845,0.4821414913,0.2324604177,0.0005495708301,0.9994504292,1757.785711,1791.272098,0.5508573209,0.5613513312,0.5273509466,0.5953517158
real_20240703,real,2024-07-03,adapted,1798,0.5616635259,10.54457064,1.49171892,2.225225335,0.003786808164,0.9962131918,1760.010936,1792.268311,0.5515546651,0.5616635259,0.5276631413,0.5956639105
real_20240703,real,2024-07-03,adapted,1799,0.5619768167,10.53945397,0.1004158811,0.01008334918,0.0002889947312,0.9997110053,1760.02102,1793.268022,0.551557825,0.5619768167,0.5279764321,0.5959772013
real_20240703,real,2024-07-03,adapted,1800,0.5622901252,10.53810872,0.2992353029,0.0895417665,0.0002325984863,0.9997674015,1760.110561,1794.267789,0.5515858857,0.5622901252,0.5282897406,0.5962905098
real_20240703,real,2024-07-03,adapted,1801,0.5626033267,10.53512819,-1.945610421,3.78539991,0.0005739652271,0.9994260348,1763.895961,1795.267216,0.5527721596,0.5626033267,0.5286029421,0.5966037113
real_20240703,real,2024-07-03,adapted,1802,0.5629162183,10.53363321,-0.1909452612,0.03646009277,0.00156304478,0.9984369552,1763.932421,1796.265652,0.5527835855,0.5629162183,0.5289158337,0.5969166029
real_20240703,real,2024-07-03,adapted,1803,0.5632288913,10.53091904,-0.1643123878,0.02699856079,0.002260440335,0.9977395597,1763.95942,1797.263392,0.5527920464,0.5632288913,0.5292285067,0.5972292759
real_20240703,real,2024-07-03,adapted,1804,0.5635421787,10.52894985,0.4035465912,0.1628498513,0.0002999345808,0.9997000654,1764.12227,1798.263092,0.5528430805,0.5635421787,0.5295417941,0.5975425633
real_20240703,real,2024-07-03,adapted,1805,0.5638551453,10.52811473,0.4700437662,0.2209411422,0.00132336012,0.9986766399,1764.343211,1799.261769,0.5529123193,0.5638551453,0.5298547607,0.5978555299
real_20240703,real,2024-07-03,adapted,1806,0.5641683071,10.52758997,-0.9133511949,0.8342104052,0.0007009082549,0.9992990917,1765.177421,1800.261068,0.5531737453,0.5641683071,0.5301679225,0.5981686917
real_20240703,real,2024-07-03,adapted,1807,0.5644815939,10.52362412,1.39949867,1.958596526,0.0003015968673,0.9996984031,1767.136018,1801.260766,0.553787533,0.5644815939,0.5304812093,0.5984819785
real_20240703,real,2024-07-03,adapted,1808,0.5647948369,10.52297799,0.2346117172,0.05504265784,0.0004416801926,0.9995583198,1767.19106,1802.260325,0.5538047824,0.5647948369,0.5307944523,0.5987952215
real_20240703,real,2024-07-03,adapted,1809,0.5651078424,10.51940927,1.292480436,1.670505678,0.001199370382,0.9988006296,1768.861566,1803.259125,0.5543282877,0.5651078424,0.5311074578,0.599108227
real_20240703,real,2024-07-03,adapted,1810,0.565421004,10.51545287,-0.06619085685,0.004381229531,0.0007015304002,0.9992984696,1768.865947,1804.258424,0.5543296607,0.565421004,0.5314206194,0.5994213886
real_20240703,real,2024-07-03,adapted,1811,0.5657323303,10.51093161,-0.1694238949,0.02870445617,0.006557690958,0.993442309,1768.894652,1805.251866,0.5543386562,0.5657323303,0.5317319457,0.5997327149
real_20240703,real,2024-07-03,adapted,1812,0.5660449428,10.50982267,-0.4607366082,0.2122782221,0.002453363791,0.9975466362,1769.10693,1806.249413,0.5544051802,0.5660449428,0.5320445582,0.6000453274
real_20240703,real,2024-07-03,adapted,1813,0.566358127,10.50300415,0.8666386192,0.7510624963,0.0006292056295,0.9993707944,1769.857993,1807.248783,0.5546405492,0.566358127,0.5323577424,0.6003585116
real_20240703,real,2024-07-03,adapted,1814,0.5666704843,10.49784508,0.6878346862,0.4731165555,0.003267867251,0.9967321327,1770.331109,1808.245516,0.5547888151,0.5666704843,0.5326700997,0.6006708689
real_20240703,real,2024-07-03,adapted,1815,0.5669835129,10.49270107,-2.127951211,4.528176358,0.001125896529,0.9988741035,1774.859285,1809.24439,0.5562078613,0.5669835129,0.5329831283,0.6009838975
real_20240703,real,2024-07-03,adapted,1816,0.5672966545,10.4912482,-0.4029786357,0.1623917808,0.0007652808684,0.9992347191,1775.021677,1810.243624,0.5562587519,0.5672966545,0.5332962699,0.6012970391
real_20240703,real,2024-07-03,adapted,1817,0.5676097997,10.4899565,-0.6132099661,0.3760264625,0.0007533846451,0.9992466154,1775.397704,1811.242871,0.5563765916,0.5676097997,0.5336094151,0.6016101843
real_20240703,real,2024-07-03,adapted,1818,0.5679228545,10.48823939,-0.2083488076,0.04340922561,0.001042245616,0.9989577544,1775.441113,1812.241829,0.5563901952,0.5679228545,0.5339224699,0.6019232391
real_20240703,real,2024-07-03,adapted,1819,0.5682359838,10.48663967,-0.1597721709,0.02552714659,0.0008044460557,0.9991955539,1775.46664,1813.241024,0.556398195,0.5682359838,0.5342355992,0.6022363684
real_20240703,real,2024-07-03,adapted,1820,0.5685493432,10.48515068,-1.337958824,1.790133814,7.002631282e-05,0.9999299737,1777.256774,1814.240954,0.5569591896,0.5685493432,0.5345489586,0.6025497278
real_20240703,real,2024-07-03,adapted,1821,0.5688608996,10.48157439,-0.2621298649,0.06871206605,0.005823663516,0.9941763365,1777.325486,1815.235131,0.5569807227,0.5688608996,0.534860515,0.6028612842
real_20240703,real,2024-07-03,adapted,1822,0.5691740663,10.4789553,0.006499270779,4.224052066e-05,0.0006849936779,0.9993150063,1777.325528,1816.234446,0.5569807359,0.5691740663,0.5351736817,0.6031744509
real_20240703,real,2024-07-03,adapted,1823,0.5694871297,10.47821481,-0.1964455998,0.03859087367,0.001014866884,0.9989851331,1777.364119,1817.233431,0.5569928296,0.5694871297,0.5354867451,0.6034875143
real_20240703,real,2024-07-03,adapted,1824,0.5697983745,10.47599008,-0.9439686564,0.8910768243,0.006817812928,0.9931821871,1778.255196,1818.226613,0.5572720764,0.5697983745,0.5357979899,0.6037987591
real_20240703,real,2024-07-03,adapted,1825,0.5701106383,10.47322356,-1.537491411,2.36387984,0.003566260151,0.9964337398,1780.619076,1819.223047,0.5580128724,0.5701106383,0.5361102537,0.6041110229
real_20240703,real,2024-07-03,adapted,1826,0.5704239154,10.47011599,0.3112638133,0.09688516144,0.0003325492198,0.9996674508,1780.715961,1820.222714,0.5580432344,0.5704239154,0.5364235308,0.6044243
real_20240703,real,2024-07-03,adapted,1827,0.5707372333,10.46852797,-0.3561664552,0.1268545438,0.0002025733921,0.9997974266,1780.842815,1821.222512,0.5580829882,0.5707372333,0.5367368487,0.6047376179
real_20240703,real,2024-07-03,adapted,1828,0.5710499951,10.46822647,-0.5433759949,0.2952574718,0.001977073695,0.9980229263,1781.138073,1822.220534,0.5581755164,0.5710499951,0.5370496105,0.6050503797
real_20240703,real,2024-07-03,adapted,1829,0.5713615631,10.46629101,0.4237951061,0.179602292,0.005786463219,0.9942135368,1781.317675,1823.214748,0.5582318004,0.5713615631,0.5373611785,0.6053619477
real_20240703,real,2024-07-03,adapted,1830,0.5716747826,10.46395446,-2.27043487,5.154874497,0.0005166231783,0.9994833768,1786.47255,1824.214231,0.5598472422,0.5716747826,0.537674398,0.6056751672
real_20240703,real,2024-07-03,adapted,1831,0.5719881376,10.45906911,0.1857557337,0.03450519259,8.442971955e-05,0.9999155703,1786.507055,1825.214147,0.5598580554,0.5719881376,0.537987753,0.6059885222
real_20240703,real,2024-07-03,adapted,1832,0.5723013855,10.45699091,-0.9660551378,0.9332625293,0.0004258632894,0.9995741367,1787.440317,1826.213721,0.5601505225,0.5723013855,0.5383010009,0.6063017701
real_20240703,real,2024-07-03,adapted,1833,0.5726146166,10.45615045,0.8135065527,0.6617929112,0.0004794402482,0.9995205598,1788.10211,1827.213242,0.5603579161,0.5726146166,0.538614232,0.6066150012
real_20240703,real,2024-07-03,adapted,1834,0.5729271777,10.45552407,-0.6273119968,0.3935203413,0.002617690396,0.9973823096,1788.495631,1828.210624,0.5604812381,0.5729271777,0.5389267931,0.6069275623
real_20240703,real,2024-07-03,adapted,1835,0.5732404467,10.44921793,-0.09602244117,0.009220309208,0.000358542696,0.9996414573,1788.504851,1829.210265,0.5604841276,0.5732404467,0.5392400621,0.6072408313
real_20240703,real,2024-07-03,adapted,1836,0.5735536613,10.44679973,-0.9314827548,0.8676601225,0.0005320745998,0.9994679254,1789.372511,1830.209733,0.5607560361,0.5735536613,0.5395532767,0.6075540459
real_20240703,real,2024-07-03,adapted,1837,0.5738666672,10.44396157,0.562348315,0.3162356274,0.001198246391,0.9988017536,1789.688747,1831.208535,0.5608551384,0.5738666672,0.5398662826,0.6078670518
real_20240703,real,2024-07-03,adapted,1838,0.5741790343,10.44266768,1.074345532,1.154218323,0.00323673667,0.9967632633,1790.842965,1832.205298,0.561216849,0.5741790343,0.5401786497,0.6081794189
real_20240703,real,2024-07-03,adapted,1839,0.5744920715,10.43997972,0.1684765895,0.02838436121,0.001098067282,0.9989019327,1790.871349,1833.2042,0.5612257441,0.5744920715,0.5404916869,0.6084924561
real_20240703,real,2024-07-03,adapted,1840,0.5748053309,10.43754485,-0.8079725826,0.6528196943,0.0003893185685,0.9996106814,1791.524169,1834.203811,0.5614303256,0.5748053309,0.5408049463,0.6088057155
real_20240703,real,2024-07-03,adapted,1841,0.5751183881,10.43638318,-1.503613654,2.260854021,0.001034483222,0.9989655168,1793.785023,1835.202776,0.5621388352,0.5751183881,0.5411180035,0.6091187727
real_20240703,real,2024-07-03,adapted,1842,0.5754310313,10.43613113,1.040195559,1.082006801,0.002355661739,0.9976443383,1794.86703,1836.200421,0.562477916,0.5754310313,0.5414306467,0.6094314159
real_20240703,real,2024-07-03,adapted,1843,0.5757443413,10.43143035,-0.4847338206,0.2349668768,0.0002277793486,0.9997722207,1795.101997,1837.200193,0.5625515502,0.5757443413,0.5417439567,0.6097447259
real_20240703,real,2024-07-03,adapted,1844,0.5760572832,10.42776571,-0.06203492632,0.003848332084,0.001402236724,0.9985977633,1795.105845,1838.198791,0.5625527562,0.5760572832,0.5420568986,0.6100576678
real_20240703,real,2024-07-03,adapted,1845,0.576370517,10.42615412,-0.9726553811,0.9460584904,0.0004710685617,0.9995289314,1796.051904,1839.19832,0.5628492334,0.576370517,0.5423701324,0.6103709016
real_20240703,real,2024-07-03,adapted,1846,0.5766836384,10.42049014,0.8338679144,0.6953356987,0.0008296371473,0.9991703629,1796.747239,1840.19749,0.5630671386,0.5766836384,0.5426832538,0.610684023
real_20240703,real,2024-07-03,adapted,1847,0.5769963134,10.41491259,0.07171731357,0.005143373065,0.002253892223,0.9977461078,1796.752383,1841.195236,0.5630687505,0.5769963134,0.5429959288,0.610996698
real_20240703,real,2024-07-03,adapted,1848,0.5773095952,10.41066271,2.291512596,5.251029976,0.0003179042931,0.9996820957,1802.003413,1842.194918,0.5647143255,0.5773095952,0.5433092106,0.6113099798
real_20240703,real,2024-07-03,adapted,1849,0.5776225542,10.40789434,0.1908414425,0.03642045618,0.001347884494,0.9986521155,1802.039833,1843.19357,0.564725739,0.5776225542,0.5436221696,0.6116229388
real_20240703,real,2024-07-03,adapted,1850,0.5779346881,10.40700012,-1.407861539,1.982074113,0.003980618719,0.9960193813,1804.021907,1844.18959,0.5653468841,0.5779346881,0.5439343035,0.6119350727
real_20240703,real,2024-07-03,adapted,1851,0.5782472316,10.40459203,2.203674398,4.856180854,0.002673797319,0.9973262027,1808.878088,1845.186916,0.5668687208,0.5782472316,0.544246847,0.6122476162
real_20240703,real,2024-07-03,adapted,1852,0.5785580916,10.40227017,0.4635059153,0.2148377335,0.008045665152,0.9919543348,1809.092926,1846.17887,0.566936047,0.5785580916,0.544557707,0.6125584762
real_20240703,real,2024-07-03,adapted,1853,0.5788711351,10.39721826,-1.90584671,3.63225168,0.001078352509,0.9989216475,1812.725178,1847.177792,0.568074327,0.5788711351,0.5448707505,0.6128715197
real_20240703,real,2024-07-03,adapted,1854,0.5791843775,10.39639741,-1.815790309,3.297094446,0.0004434429706,0.999556557,1816.022272,1848.177349,0.5691075751,0.5791843775,0.5451839929,0.6131847621
real_20240703,real,2024-07-03,adapted,1855,0.5794975222,10.39162056,-1.73375388,3.005902517,0.0007551884945,0.9992448115,1819.028175,1849.176593,0.5700495689,0.5794975222,0.5454971376,0.6134979068
real_20240703,real,2024-07-03,adapted,1856,0.5798106621,10.38815029,0.4043355187,0.1634872117,0.0007705358931,0.9992294641,1819.191662,1850.175823,0.5701008028,0.5798106621,0.5458102775,0.6138110467
real_20240703,real,2024-07-03,adapted,1857,0.5801237529,10.37663251,-1.048157587,1.098634327,0.0009271843506,0.9990728156,1820.290296,1851.174896,0.5704450943,0.5801237529,0.5461233683,0.6141241375
real_20240703,real,2024-07-03,adapted,1858,0.5804366887,10.37541666,-1.356090848,1.838982387,0.001421965959,0.998578034,1822.129278,1852.173474,0.5710213972,0.5804366887,0.5464363041,0.6144370733
real_20240703,real,2024-07-03,adapted,1859,0.5807491953,10.37459582,-1.000043466,1.000086934,0.002791341553,0.9972086584,1823.129365,1853.170682,0.5713348058,0.5807491953,0.5467488107,0.6147495799
real_20240703,real,2024-07-03,adapted,1860,0.5810615689,10.37216489,-1.520189106,2.310974917,0.003215999842,0.9967840002,1825.44034,1854.167466,0.5720590223,0.5810615689,0.5470611843,0.6150619535
real_20240703,real,2024-07-03,adapted,1861,0.5813745867,10.37104166,1.060843896,1.125389771,0.001160222364,0.9988397776,1826.56573,1855.166306,0.5724116985,0.5813745867,0.5473742021,0.6153749713
real_20240703,real,2024-07-03,adapted,1862,0.5816879485,10.36925858,-0.1984758948,0.0393926808,6.247799024e-05,0.999937522,1826.605123,1856.166244,0.5724240435,0.5816879485,0.5476875639,0.6156883331
real_20240703,real,2024-07-03,adapted,1863,0.5820008071,10.36678194,0.3785593324,0.1433071682,0.001668046056,0.9983319539,1826.74843,1857.164576,0.5724689533,0.5820008071,0.5480004225,0.6160011917
real_20240703,real,2024-07-03,adapted,1864,0.5823139877,10.36573825,-0.008765715915,7.683777551e-05,0.0006407612609,0.9993592387,1826.748507,1858.163935,0.5724689774,0.5823139877,0.5483136031,0.6163143723
real_20240703,real,2024-07-03,adapted,1865,0.5826270704,10.36066954,-0.2203319424,0.04854616485,0.0009532231422,0.9990467769,1826.797053,1859.162982,0.5724841908,0.5826270704,0.5486266858,0.616627455
real_20240703,real,2024-07-03,adapted,1866,0.5829403511,10.35764392,0.01646465297,0.0002710847973,0.0003213350447,0.999678665,1826.797324,1860.16266,0.5724842758,0.5829403511,0.5489399665,0.6169407357
real_20240703,real,2024-07-03,adapted,1867,0.5832536836,10.35436215,0.5283475524,0.2791511361,0.0001559541968,0.9998440458,1827.076475,1861.162504,0.5725717565,0.5832536836,0.549253299,0.6172540682
real_20240703,real,2024-07-03,adapted,1868,0.583566576,10.35207403,-0.9902126655,0.9805211228,0.001560418139,0.9984395819,1828.056996,1862.160944,0.5728790336,0.583566576,0.5495661914,0.6175669606
real_20240703,real,2024-07-03,adapted,1869,0.5838797059,10.34465994,0.4371193168,0.1910732972,0.0008023317849,0.9991976682,1828.24807,1863.160142,0.5729389124,0.5838797059,0.5498793213,0.6178800905
real_20240703,real,2024-07-03,adapted,1870,0.5841929679,10.34309081,-0.2692530314,0.07249719494,0.0003810545118,0.9996189455,1828.320567,1864.159761,0.5729616317,0.5841929679,0.5501925833,0.6181933525
real_20240703,real,2024-07-03,adapted,1871,0.5845062359,10.33975838,-0.1165584828,0.01358587992,0.0003617886325,0.9996382114,1828.334153,1865.159399,0.5729658893,0.5845062359,0.5505058513,0.6185066205
real_20240703,real,2024-07-03,adapted,1872,0.5848188363,10.33758733,-0.7154056309,0.5118052168,0.00249193963,0.9975080604,1828.845958,1866.156907,0.5731262795,0.5848188363,0.5508184517,0.6188192209
real_20240703,real,2024-07-03,adapted,1873,0.5851320291,10.3369471,0.1059540283,0.01122625611,0.0006020641428,0.9993979359,1828.857184,1867.156305,0.5731297976,0.5851320291,0.5511316445,0.6191324137
real_20240703,real,2024-07-03,adapted,1874,0.585445202,10.33399764,0.7926387943,0.6282762582,0.0006652041323,0.9993347959,1829.48546,1868.15564,0.5733266877,0.585445202,0.5514448174,0.6194455866
real_20240703,real,2024-07-03,adapted,1875,0.5857577421,10.33353974,0.8511792269,0.7245060763,0.002684524873,0.9973154751,1830.209966,1869.152955,0.5735537344,0.5857577421,0.5517573575,0.6197581267
real_20240703,real,2024-07-03,adapted,1876,0.5860702012,10.33133358,1.188342017,1.412156749,0.00294296847,0.9970570315,1831.622123,1870.150012,0.573996278,0.5860702012,0.5520698166,0.6200705858
real_20240703,real,2024-07-03,adapted,1877,0.5863833991,10.32920938,-1.083054426,1.17300689,0.0005853906206,0.9994146094,1832.79513,1871.149427,0.5743638766,0.5863833991,0.5523830145,0.6203837837
real_20240703,real,2024-07-03,adapted,1878,0.5866966614,10.32819627,-0.9019258782,0.8134702897,0.0003801683864,0.9996198316,1833.6086,1872.149046,0.574618803,0.5866966614,0.5526962768,0.620697046
real_20240703,real,2024-07-03,adapted,1879,0.5870092067,10.32736097,0.01381772965,0.0001909296528,0.002668032789,0.9973319672,1833.608791,1873.146378,0.5746188628,0.5870092067,0.5530088221,0.6210095913
real_20240703,real,2024-07-03,adapted,1880,0.5873222835,10.32065385,-1.709614682,2.922782361,0.0009717266316,0.9990282734,1836.531574,1874.145407,0.5755348084,0.5873222835,0.5533218989,0.6213226681
real_20240703,real,2024-07-03,adapted,1881,0.5876351361,10.31964109,0.0998411444,0.009968254114,0.00168734189,0.9983126581,1836.541542,1875.143719,0.5755379323,0.5876351361,0.5536347515,0.6216355207
real_20240703,real,2024-07-03,adapted,1882,0.5879484039,10.31788114,-1.714623508,2.939933774,0.0003626157352,0.9996373843,1839.481476,1876.143357,0.5764592528,0.5879484039,0.5539480193,0.6219487885
real_20240703,real,2024-07-03,adapted,1883,0.5882617195,10.31623804,1.074829119,1.155257634,0.0002097917867,0.9997902082,1840.636733,1877.143147,0.576821289,0.5882617195,0.5542613349,0.6222621041
real_20240703,real,2024-07-03,adapted,1884,0.5885747821,10.30974805,0.8343687014,0.6961711298,0.001017179355,0.9989828206,1841.332904,1878.14213,0.5770394561,0.5885747821,0.5545743975,0.6225751667
real_20240703,real,2024-07-03,adapted,1885,0.5888873517,10.30787077,-0.2025434925,0.04102386637,0.002590419604,0.9974095804,1841.373928,1879.139539,0.5770523122,0.5888873517,0.5548869671,0.6228877363
real_20240703,real,2024-07-03,adapted,1886,0.5892003167,10.30535352,0.5376920412,0.2891127312,0.001328877699,0.9986711223,1841.663041,1880.13821,0.5771429148,0.5892003167,0.5551999321,0.6232007013
real_20240703,real,2024-07-03,adapted,1887,0.5895117697,10.30378785,0.4717832727,0.2225794564,0.006153320063,0.9938466799,1841.885621,1881.132057,0.577212667,0.5895117697,0.5555113851,0.6235121543
real_20240703,real,2024-07-03,adapted,1888,0.5898247812,10.29940567,0.978180554,0.9568371962,0.001180422639,0.9988195774,1842.842458,1882.130877,0.577512522,0.5898247812,0.5558243966,0.6238251658
real_20240703,real,2024-07-03,adapted,1889,0.5901349319,10.29910035,-0.6027826454,0.3633469176,0.01030888159,0.9896911184,1843.205805,1883.120568,0.5776263882,0.5901349319,0.5561345473,0.6241353165
real_20240703,real,2024-07-03,adapted,1890,0.5904474981,10.29689513,0.06885847449,0.004741489509,0.002601346279,0.9973986537,1843.210546,1884.117966,0.5776278741,0.5904474981,0.5564471135,0.6244478827
real_20240703,real,2024-07-03,adapted,1891,0.5907604274,10.29545856,-1.601462565,2.564682347,0.001442725487,0.9985572745,1845.775228,1885.116524,0.5784315978,0.5907604274,0.5567600428,0.624760812
real_20240703,real,2024-07-03,adapted,1892,0.5910734899,10.29401297,0.4764922542,0.2270448683,0.001017487551,0.9989825124,1846.002273,1886.115506,0.5785027494,0.5910734899,0.5570731053,0.6250738745
real_20240703,real,2024-07-03,adapted,1893,0.5913861892,10.28975666,0.01203403879,0.0001448180897,0.002176498923,0.9978235011,1846.002418,1887.11333,0.5785027948,0.5913861892,0.5573858046,0.6253865738
real_20240703,real,2024-07-03,adapted,1894,0.5916985931,10.28869307,-1.136560874,1.291770621,0.00311918657,0.9968808134,1847.294189,1888.110211,0.5789076116,0.5916985931,0.5576982085,0.6256989777
real_20240703,real,2024-07-03,adapted,1895,0.5920106291,10.28726624,-1.226053277,1.503206638,0.004293276811,0.9957067232,1848.797395,1889.105917,0.5793786886,0.5920106291,0.5580102445,0.6260110137
real_20240703,real,2024-07-03,adapted,1896,0.5923239348,10.28663218,-0.9488332998,0.9002846309,0.0002413592727,0.9997586407,1849.69768,1890.105676,0.5796608211,0.5923239348,0.5583235502,0.6263243194
real_20240703,real,2024-07-03,adapted,1897,0.5926372233,10.28402916,-0.7629599009,0.5821078104,0.0002964929667,0.999703507,1850.279788,1891.105379,0.5798432428,0.5926372233,0.5586368387,0.6266376079
real_20240703,real,2024-07-03,adapted,1898,0.5929504905,10.28131493,-1.596614261,2.549177099,0.0003643810739,0.9996356189,1852.828965,1892.105015,0.5806421075,0.5929504905,0.5589501059,0.6269508751
real_20240703,real,2024-07-03,adapted,1899,0.5932637337,10.27964959,0.1596929407,0.0255018353,0.0004407331109,0.9995592669,1852.854467,1893.104574,0.5806500993,0.5932637337,0.5592633491,0.6272641183
real_20240703,real,2024-07-03,adapted,1900,0.593576985,10.27829545,-0.6607815079,0.4366322012,0.0004153299571,0.99958467,1853.291099,1894.104159,0.5807869317,0.593576985,0.5595766004,0.6275773696
real_20240703,real,2024-07-03,adapted,1901,0.5938902185,10.27339553,-0.2108525006,0.04445877701,0.0004717038243,0.9995282962,1853.335558,1895.103687,0.5808008642,0.5938902185,0.5598898339,0.6278906031
real_20240703,real,2024-07-03,adapted,1902,0.5942015104,10.27155246,0.346447672,0.1200259894,0.006667710017,0.99333229,1853.455584,1896.09702,0.5808384781,0.5942015104,0.5602011258,0.628201895
real_20240703,real,2024-07-03,adapted,1903,0.5945146462,10.26760743,-1.276506519,1.629468892,0.0007836820574,0.9992163179,1855.085053,1897.096236,0.5813491234,0.5945146462,0.5605142616,0.6285150308
real_20240703,real,2024-07-03,adapted,1904,0.5948277965,10.26280925,0.5206519322,0.2710784345,0.0007373351184,0.9992626649,1855.356131,1898.095499,0.5814340743,0.5948277965,0.5608274119,0.6288281811
real_20240703,real,2024-07-03,adapted,1905,0.5951407267,10.26201204,-0.1475855199,0.02178148568,0.001439833881,0.9985601661,1855.377913,1899.094059,0.5814409002,0.5951407267,0.5611403421,0.6291411113
real_20240703,real,2024-07-03,adapted,1906,0.5954540388,10.25718364,-0.3675332924,0.135080721,0.0002209292859,0.9997790707,1855.512993,1900.093838,0.581483232,0.5954540388,0.5614536542,0.6294544234
real_20240703,real,2024-07-03,adapted,1907,0.5957665125,10.2555173,-2.909428302,8.464773045,0.002896595884,0.9971034041,1863.977766,1901.090941,0.5841359343,0.5957665125,0.5617661279,0.6297668971
real_20240703,real,2024-07-03,adapted,1908,0.5960798428,10.25326208,-1.708568428,2.919206073,0.0001627074111,0.9998372926,1866.896972,1902.090779,0.5850507591,0.5960798428,0.5620794582,0.6300802274
real_20240703,real,2024-07-03,adapted,1909,0.5963926103,10.25125689,-1.026850397,1.054421738,0.001958965365,0.9980410346,1867.951394,1903.08882,0.5853811953,0.5963926103,0.5623922257,0.6303929949
real_20240703,real,2024-07-03,adapted,1910,0.5967055987,10.24731603,1.334349357,1.780488207,0.001254215183,0.9987457848,1869.731882,1904.087565,0.5859391671,0.5967055987,0.5627052141,0.6307059833
real_20240703,real,2024-07-03,adapted,1911,0.5970188505,10.2441574,0.009396826545,8.830034911e-05,0.0004133609196,0.9995866391,1869.731971,1905.087152,0.5859391948,0.5970188505,0.5630184659,0.6310192351
real_20240703,real,2024-07-03,adapted,1912,0.597332181,10.24189781,-0.2327270115,0.05416186188,0.0001624676123,0.9998375324,1869.786132,1906.08699,0.5859561681,0.597332181,0.5633317964,0.6313325656
real_20240703,real,2024-07-03,adapted,1913,0.597645487,10.2377023,0.01173616934,0.0001377376707,0.0002405653378,0.9997594347,1869.78627,1907.086749,0.5859562113,0.597645487,0.5636451024,0.6316458716
real_20240703,real,2024-07-03,adapted,1914,0.5979581498,10.23628558,0.3623040576,0.1312642301,0.002292905518,0.9977070945,1869.917534,1908.084456,0.5859973471,0.5979581498,0.5639577652,0.6319585344
real_20240703,real,2024-07-03,adapted,1915,0.5982708932,10.23389371,-0.005143430058,2.645487276e-05,0.002035929257,0.9979640707,1869.917561,1909.08242,0.5859973553,0.5982708932,0.5642705086,0.6322712778
real_20240703,real,2024-07-03,adapted,1916,0.5985840862,10.23231014,-1.052098126,1.106910467,0.0006010624165,0.9993989376,1871.024471,1910.081819,0.5863442405,0.5985840862,0.5645837016,0.6325844708
real_20240703,real,2024-07-03,adapted,1917,0.5988973446,10.22990793,-0.5046624786,0.2546842173,0.0003925282297,0.9996074718,1871.279156,1911.081427,0.5864240538,0.5988973446,0.56489696,0.6328977292
real_20240703,real,2024-07-03,adapted,1918,0.5992104157,10.22904226,0.3557186433,0.1265357532,0.0009899775352,0.9990100225,1871.405691,1912.080437,0.5864637077,0.5992104157,0.5652100311,0.6332108003
real_20240703,real,2024-07-03,adapted,1919,0.5995237262,10.22708929,1.325682459,1.757433982,0.0002263469024,0.9997736531,1873.163125,1913.08021,0.5870144548,0.5995237262,0.5655233416,0.6335241108
real_20240703,real,2024-07-03,adapted,1920,0.5998361378,10.22496125,0.7158804464,0.5124848135,0.003094628718,0.9969053713,1873.67561,1914.077116,0.587175058,0.5998361378,0.5658357532,0.6338365224
real_20240703,real,2024-07-03,adapted,1921,0.6001494254,10.222017,0.0005815870293,3.382434727e-07,0.0002989735312,0.9997010265,1873.67561,1915.076817,0.5871750581,0.6001494254,0.5661490408,0.63414981
real_20240703,real,2024-07-03,adapted,1922,0.6004625384,10.22001721,1.128975013,1.274584581,0.0008567046122,0.9991432954,1874.950195,1916.07596,0.5875744892,0.6004625384,0.5664621538,0.634462923
real_20240703,real,2024-07-03,adapted,1923,0.6007754481,10.21669886,-0.9748291439,0.9502918599,0.001504967083,0.9984950329,1875.900487,1917.074455,0.587872293,0.6007754481,0.5667750635,0.6347758327
real_20240703,real,2024-07-03,adapted,1924,0.6010877156,10.21549942,0.4638861999,0.2151904064,0.00355432923,0.9964456708,1876.115677,1918.070901,0.5879397297,0.6010877156,0.567087331,0.6350881002
real_20240703,real,2024-07-03,adapted,1925,0.60140047,10.21294192,-0.8820499818,0.7780121704,0.002000708794,0.9979992912,1876.89369,1919.0689,0.5881835442,0.60140047,0.5674000854,0.6354008546
real_20240703,real,2024-07-03,adapted,1926,0.6017133405,10.21045249,-0.8418216788,0.708663739,0.001630250154,0.9983697498,1877.602353,1920.06727,0.5884056262,0.6017133405,0.5677129559,0.6357137251
real_20240703,real,2024-07-03,adapted,1927,0.6020253214,10.2068614,-0.4567430397,0.2086142043,0.004469000339,0.9955309997,1877.810967,1921.062801,0.588471002,0.6020253214,0.5680249368,0.636025706
real_20240703,real,2024-07-03,adapted,1928,0.6023384934,10.20561333,1.409656023,1.987130104,0.0006682511342,0.9993317489,1879.798098,1922.062132,0.5890937316,0.6023384934,0.5683381088,0.636338878
real_20240703,real,2024-07-03,adapted,1929,0.6026512933,10.20376161,0.4779213549,0.2284088215,0.001855568291,0.9981444317,1880.026506,1923.060277,0.5891653107,0.6026512933,0.5686509087,0.6366516779
real_20240703,real,2024-07-03,adapted,1930,0.6029643352,10.20195078,-0.6741016404,0.4544130216,0.001083326564,0.9989166734,1880.480919,1924.059193,0.5893077153,0.6029643352,0.5689639506,0.6369647198
real_20240703,real,2024-07-03,adapted,1931,0.6032772078,10.19942023,-0.1027364849,0.01055478533,0.001623311447,0.9983766886,1880.491474,1925.05757,0.5893110229,0.6032772078,0.5692768232,0.6372775924
real_20240703,real,2024-07-03,adapted,1932,0.6035905623,10.19771514,1.409871442,1.987737482,8.587135889e-05,0.9999141286,1882.479212,1926.057484,0.5899339429,0.6035905623,0.5695901777,0.6375909469
real_20240703,real,2024-07-03,adapted,1933,0.6039029976,10.19629463,-0.4254462157,0.1810044825,0.003019028127,0.9969809719,1882.660216,1927.054465,0.5899906663,0.6039029976,0.569902613,0.6379033822
real_20240703,real,2024-07-03,adapted,1934,0.6042161758,10.19435992,-0.6143296987,0.3774009787,0.0006483424318,0.9993516576,1883.037617,1928.053817,0.5901089367,0.6042161758,0.5702157912,0.6382165604
real_20240703,real,2024-07-03,adapted,1935,0.6045290046,10.19264121,-0.05704598571,0.003254244486,0.001763173391,0.9982368266,1883.040871,1929.052054,0.5901099566,0.6045290046,0.57052862,0.6385293892
real_20240703,real,2024-07-03,adapted,1936,0.604842162,10.18912253,0.5098952306,0.2599931462,0.0007149573857,0.9992850426,1883.300865,1930.051339,0.5901914336,0.604842162,0.5708417774,0.6388425466
real_20240703,real,2024-07-03,adapted,1937,0.6051551651,10.18671359,-0.02139875238,0.0004579066035,0.001207026974,0.998792973,1883.301322,1931.050132,0.5901915771,0.6051551651,0.5711547805,0.6391555497
real_20240703,real,2024-07-03,adapted,1938,0.6054683685,10.18462982,-0.8868861812,0.7865670984,0.0005677500385,0.99943225,1884.08789,1932.049564,0.5904380726,0.6054683685,0.5714679839,0.6394687531
real_20240703,real,2024-07-03,adapted,1939,0.6057816977,10.18325666,-0.6297961679,0.3966432131,0.0001667542646,0.9998332457,1884.484533,1933.049397,0.5905623732,0.6057816977,0.5717813131,0.6397820823
real_20240703,real,2024-07-03,adapted,1940,0.6060943445,10.18161892,-1.46633506,2.150138508,0.002344106208,0.9976558938,1886.634671,1934.047053,0.5912361865,0.6060943445,0.5720939599,0.6400947291
real_20240703,real,2024-07-03,adapted,1941,0.6064071473,10.17729532,-1.671835297,2.795033261,0.001846037346,0.9981539627,1889.429705,1935.045207,0.5921120979,0.6064071473,0.5724067627,0.6404075319
real_20240703,real,2024-07-03,adapted,1942,0.6067197283,10.17556389,-0.6032399811,0.3638984748,0.002554022314,0.9974459777,1889.793603,1936.042653,0.5922261369,0.6067197283,0.5727193437,0.6407201129
real_20240703,real,2024-07-03,adapted,1943,0.6070327374,10.16857309,-0.5032468331,0.2532573751,0.001188005361,0.9988119946,1890.04686,1937.041465,0.5923055031,0.6070327374,0.5730323528,0.641033122
real_20240703,real,2024-07-03,adapted,1944,0.6073455192,10.16240472,0.2821570637,0.0796126086,0.001913440197,0.9980865598,1890.126473,1938.039552,0.5923304522,0.6073455192,0.5733451346,0.6413459038
real_20240703,real,2024-07-03,adapted,1945,0.607658368,10.16101711,-1.66434255,2.770036123,0.001699299429,0.9983007006,1892.896509,1939.037852,0.59319853,0.607658368,0.5736579834,0.6416587526
real_20240703,real,2024-07-03,adapted,1946,0.6079713516,10.15908711,0.2530327922,0.06402559395,0.001269333559,0.9987306664,1892.960535,1940.036583,0.5932185944,0.6079713516,0.573970967,0.6419717362
real_20240703,real,2024-07-03,adapted,1947,0.6082842958,10.15765881,-0.2439801655,0.05952632114,0.001395010937,0.9986049891,1893.020061,1941.035188,0.5932372488,0.6082842958,0.5742839112,0.6422846804
real_20240703,real,2024-07-03,adapted,1948,0.6085974455,10.15546611,0.6998246629,0.4897545589,0.0007395845894,0.9992604154,1893.509816,1942.034448,0.5933907288,0.6085974455,0.5745970609,0.6425978301
real_20240703,real,2024-07-03,adapted,1949,0.6089104199,10.15223531,-1.172537998,1.374845356,0.001298469532,0.9987015305,1894.884661,1943.03315,0.5938215797,0.6089104199,0.5749100353,0.6429108045
real_20240703,real,2024-07-03,adapted,1950,0.6092236614,10.15213259,-1.052112699,1.106941131,0.000446286472,0.9995537135,1895.991602,1944.032704,0.5941684745,0.6092236614,0.5752232768,0.643224046
real_20240703,real,2024-07-03,adapted,1951,0.6095369765,10.14695869,-0.3859156905,0.1489309202,0.0002117750272,0.999788225,1896.140533,1945.032492,0.5942151467,0.6095369765,0.5755365919,0.6435373611
real_20240703,real,2024-07-03,adapted,1952,0.6098502132,10.14613025,0.5541063791,0.3070338794,0.0004616228578,0.9995383771,1896.447567,1946.03203,0.5943113654,0.6098502132,0.5758498286,0.6438505978
real_20240703,real,2024-07-03,adapted,1953,0.6101631401,10.14221825,0.8855860276,0.7842626123,0.001450120271,0.9985498797,1897.231829,1947.03058,0.5945571387,0.6101631401,0.5761627555,0.6441635247
real_20240703,real,2024-07-03,adapted,1954,0.610476319,10.1407938,1.606465456,2.580731262,0.0006462435608,0.9993537564,1899.812561,1948.029934,0.5953658918,0.610476319,0.5764759344,0.6444767036
real_20240703,real,2024-07-03,adapted,1955,0.6107894099,10.13721934,0.04887822133,0.00238908052,0.0009267875786,0.9990732124,1899.81495,1949.029007,0.5953666405,0.6107894099,0.5767890253,0.6447897945
real_20240703,real,2024-07-03,adapted,1956,0.6111025861,10.13512936,0.7983142281,0.6373056067,0.0006549663482,0.9993450337,1900.452255,1950.028352,0.5955663602,0.6111025861,0.5771022015,0.6451029707
real_20240703,real,2024-07-03,adapted,1957,0.611415871,10.1317582,-0.390195618,0.1522526203,0.0003076633618,0.9996923366,1900.604508,1951.028045,0.5956140733,0.611415871,0.5774154864,0.6454162556
real_20240703,real,2024-07-03,adapted,1958,0.6117290242,10.12834331,0.746732432,0.5576093251,0.0007282976881,0.9992717023,1901.162117,1952.027316,0.5957888177,0.6117290242,0.5777286396,0.6457294088
real_20240703,real,2024-07-03,adapted,1959,0.6120423291,10.12631003,0.3835081975,0.1470785376,0.0002439236101,0.9997560764,1901.309196,1953.027072,0.5958349094,0.6120423291,0.5780419445,0.6460427137
real_20240703,real,2024-07-03,adapted,1960,0.6123553441,10.12093278,-0.4637136907,0.2150303869,0.001169363688,0.9988306363,1901.524226,1954.025903,0.5959022959,0.6123553441,0.5783549595,0.6463557287
real_20240703,real,2024-07-03,adapted,1961,0.6126684542,10.11698799,1.233497345,1.5215157,0.000865440145,0.9991345599,1903.045742,1955.025037,0.5963791106,0.6126684542,0.5786680696,0.6466688388
real_20240703,real,2024-07-03,adapted,1962,0.6129817992,10.11020911,0.8110971408,0.6578785719,0.0001163249691,0.999883675,1903.703621,1956.024921,0.5965852775,0.6129817992,0.5789814146,0.6469821838
real_20240703,real,2024-07-03,adapted,1963,0.6132942589,10.10864035,0.3152213922,0.09936452608,0.002940910503,0.9970590895,1903.802985,1957.02198,0.5966164165,0.6132942589,0.5792938743,0.6472946435
real_20240703,real,2024-07-03,adapted,1964,0.613606829,10.10697669,-0.2244876814,0.05039471912,0.002588873019,0.997411127,1903.85338,1958.019391,0.5966322093,0.613606829,0.5796064444,0.6476072136
real_20240703,real,2024-07-03,adapted,1965,0.6139195719,10.10424828,0.2921078735,0.08532700974,0.002037355529,0.9979626445,1903.938707,1959.017354,0.5966589492,0.6139195719,0.5799191873,0.6479199565
real_20240703,real,2024-07-03,adapted,1966,0.61423224,10.10160811,0.9496018129,0.901743603,0.002276123354,0.9977238766,1904.84045,1960.015078,0.5969415388,0.61423224,0.5802318554,0.6482326246
real_20240703,real,2024-07-03,adapted,1967,0.6145454771,10.09636795,-0.2366450513,0.05600088031,0.0004603155296,0.9995396845,1904.896451,1961.014618,0.5969590885,0.6145454771,0.5805450925,0.6485458617
real_20240703,real,2024-07-03,adapted,1968,0.6148581489,10.09528248,1.391464922,1.936174628,0.002264394129,0.9977356059,1906.832626,1962.012353,0.5975658496,0.6148581489,0.5808577643,0.6488585335
real_20240703,real,2024-07-03,adapted,1969,0.6151713128,10.09326901,0.4736821636,0.2243747921,0.0006941942198,0.9993058058,1907.057001,1963.011659,0.5976361644,0.6151713128,0.5811709282,0.6491716974
real_20240703,real,2024-07-03,adapted,1970,0.6154842699,10.08635359,0.1095066379,0.01199170374,0.001353599671,0.9986464003,1907.068992,1964.010305,0.5976399224,0.6154842699,0.5814838853,0.6494846545
real_20240703,real,2024-07-03,adapted,1971,0.6157975,10.08447388,-1.084469218,1.176073484,0.0004828885805,0.9995171114,1908.245066,1965.009823,0.5980084819,0.6157975,0.5817971154,0.6497978846
real_20240703,real,2024-07-03,adapted,1972,0.6161099633,10.08280307,-1.588151942,2.522226591,0.002929514839,0.9970704852,1910.767292,1966.006893,0.5987989008,0.6161099633,0.5821095787,0.6501103479
real_20240703,real,2024-07-03,adapted,1973,0.6164229246,10.08215226,-0.4776152967,0.2281163717,0.001340590142,0.9986594099,1910.995409,1967.005552,0.5988703882,0.6164229246,0.58242254,0.6504233092
real_20240703,real,2024-07-03,adapted,1974,0.6167356484,10.07734055,-0.8872825426,0.7872703104,0.002098351117,0.9979016489,1911.782679,1968.003454,0.5991171041,0.6167356484,0.5827352638,0.650736033
real_20240703,real,2024-07-03,adapted,1975,0.6170485125,10.07352351,-1.007578074,1.015213576,0.001650814974,0.998349185,1912.797893,1969.001803,0.5994352531,0.6170485125,0.5830481279,0.6510488971
real_20240703,real,2024-07-03,adapted,1976,0.617361602,10.0713645,0.805732967,0.6492056141,0.0009312297235,0.9990687703,1913.447098,1970.000872,0.5996387021,0.617361602,0.5833612174,0.6513619866
real_20240703,real,2024-07-03,adapted,1977,0.6176745877,10.0689442,-0.1333091383,0.01777132635,0.001262553594,0.9987374464,1913.46487,1970.999609,0.5996442713,0.6176745877,0.5836742031,0.6516749723
real_20240703,real,2024-07-03,adapted,1978,0.6179874605,10.06734779,-0.5154998414,0.2657400865,0.001622982721,0.9983770173,1913.73061,1971.997986,0.5997275493,0.6179874605,0.5839870759,0.6519878451
real_20240703,real,2024-07-03,adapted,1979,0.6183004867,10.06562422,0.8635650722,0.7457446339,0.001133557946,0.9988664421,1914.476354,1972.996853,0.5999612518,0.6183004867,0.5843001021,0.6523008713
real_20240703,real,2024-07-03,adapted,1980,0.6186136006,10.06358757,-0.1551336783,0.02406645814,0.0008534109659,0.999146589,1914.500421,1973.995999,0.5999687938,0.6186136006,0.584613216,0.6526139852
real_20240703,real,2024-07-03,adapted,1981,0.6189266713,10.06139892,1.144491699,1.309861249,0.0009914233302,0.9990085767,1915.810282,1974.995008,0.6003792799,0.6189266713,0.5849262867,0.6529270559
real_20240703,real,2024-07-03,adapted,1982,0.6192399322,10.05923234,-1.160191675,1.346044724,0.0003844142297,0.9996155858,1917.156327,1975.994624,0.6008011052,0.6192399322,0.5852395476,0.6532403168
real_20240703,real,2024-07-03,adapted,1983,0.619552286,10.05843024,0.103733113,0.01076055874,0.003279129051,0.9967208709,1917.167087,1976.991345,0.6008044774,0.619552286,0.5855519014,0.6535526706
real_20240703,real,2024-07-03,adapted,1984,0.6198651326,10.05383083,0.7316154498,0.5352611663,0.001706355662,0.9982936443,1917.702349,1977.989638,0.6009722183,0.6198651326,0.585864748,0.6538655172
real_20240703,real,2024-07-03,adapted,1985,0.6201783823,10.05254326,0.3227001318,0.104135375,0.0004202985317,0.9995797015,1917.806484,1978.989218,0.6010048524,0.6201783823,0.5861779977,0.6541787669
real_20240703,real,2024-07-03,adapted,1986,0.6204914912,10.05096411,-1.889053569,3.568523388,0.0008693862892,0.9991306137,1921.375007,1979.988348,0.6021231612,0.6204914912,0.5864911066,0.6544918758
real_20240703,real,2024-07-03,adapted,1987,0.6208041879,10.04043433,-0.08380411235,0.007023129247,0.002184992063,0.9978150079,1921.38203,1980.986163,0.6021253621,0.6208041879,0.5868038033,0.6548045725
real_20240703,real,2024-07-03,adapted,1988,0.6211175255,10.03580988,-1.480558486,2.192053431,0.0001395780483,0.999860422,1923.574084,1981.986024,0.6028123108,0.6211175255,0.5871171409,0.6551179101
real_20240703,real,2024-07-03,adapted,1989,0.6214308094,10.03519579,0.2824277916,0.07976545748,0.0003112394159,0.9996887606,1923.653849,1982.985713,0.6028373078,0.6214308094,0.5874304248,0.655431194
real_20240703,real,2024-07-03,adapted,1990,0.621744108,10.03073707,-0.1832133355,0.03356712629,0.0002641940447,0.999735806,1923.687416,1983.985448,0.6028478272,0.621744108,0.5877437234,0.6557444926
real_20240703,real,2024-07-03,adapted,1991,0.622057291,10.0283507,-0.1347984601,0.01817062485,0.0006329502904,0.9993670497,1923.705587,1984.984816,0.6028535215,0.622057291,0.5880569064,0.6560576756
real_20240703,real,2024-07-03,adapted,1992,0.6223705834,10.02181786,-0.1883322085,0.03546902075,0.0002840296531,0.9997159703,1923.741056,1985.984532,0.6028646368,0.6223705834,0.5883701988,0.656370968
real_20240703,real,2024-07-03,adapted,1993,0.6226837928,10.02040575,-0.4163380423,0.1733373655,0.0005486455666,0.9994513544,1923.914393,1986.983983,0.6029189575,0.6226837928,0.5886834082,0.6566841774
real_20240703,real,2024-07-03,adapted,1994,0.6229966006,10.01689598,-0.9793467075,0.9591199735,0.001830343789,0.9981696562,1924.873513,1987.982153,0.6032195279,0.6229966006,0.588996216,0.6569969852
real_20240703,real,2024-07-03,adapted,1995,0.6233095559,10.01355596,-0.1440920681,0.0207625241,0.001359558728,0.9986404413,1924.894276,1988.980793,0.6032260345,0.6233095559,0.5893091713,0.6573099405
real_20240703,real,2024-07-03,adapted,1996,0.6236220489,10.00980597,0.1168689934,0.01365836161,0.002834887451,0.9971651125,1924.907934,1989.977958,0.6032303147,0.6236220489,0.5896216643,0.6576224335
real_20240703,real,2024-07-03,adapted,1997,0.6239349235,10.0052623,-0.2135787328,0.04561587509,0.001617152525,0.9983828475,1924.95355,1990.976341,0.6032446099,0.6239349235,0.5899345389,0.6579353081
real_20240703,real,2024-07-03,adapted,1998,0.6242482194,10.00254524,-1.269369762,1.611299592,0.0002729606794,0.9997270393,1926.56485,1991.976068,0.6037495612,0.6242482194,0.5902478348,0.658248604
real_20240703,real,2024-07-03,adapted,1999,0.6245615454,9.999207416,-0.7879368775,0.620844523,0.0001765593624,0.9998234406,1927.185694,1992.975891,0.6039441223,0.6245615454,0.5905611608,0.65856193
real_20240703,real,2024-07-03,adapted,2000,0.6248748224,9.996573971,0.9613026158,0.9241027191,0.0003332594913,0.9996667405,1928.109797,1993.975558,0.6042337189,0.6248748224,0.5908744378,0.658875207
real_20240703,real,2024-07-03,adapted,2001,0.6251881092,9.993715332,-0.6726408698,0.4524457397,0.0003017651905,0.9996982348,1928.562243,1994.975256,0.604375507,0.6251881092,0.5911877246,0.6591884938
real_20240703,real,2024-07-03,adapted,2002,0.6255013578,9.99218026,0.0217890763,0.000474763846,0.0004235157882,0.9995764842,1928.562718,1995.974833,0.6043756558,0.6255013578,0.5915009732,0.6595017424
real_20240703,real,2024-07-03,adapted,2003,0.6258146236,9.989869657,0.1944852182,0.0378245001,0.0003688942274,0.9996311058,1928.600542,1996.974464,0.6043875093,0.6258146236,0.591814239,0.6598150082
real_20240703,real,2024-07-03,adapted,2004,0.6261273704,9.989129656,-0.279123326,0.07790983109,0.002025122159,0.9979748778,1928.678452,1997.972439,0.6044119248,0.6261273704,0.5921269858,0.660127755
real_20240703,real,2024-07-03,adapted,2005,0.6264404807,9.985680765,-0.4095242865,0.1677101413,0.0008647995998,0.9991352004,1928.846162,1998.971574,0.604464482,0.6264404807,0.5924400961,0.6604408653
real_20240703,real,2024-07-03,adapted,2006,0.6267537447,9.983908782,-1.730339335,2.994074214,0.0003745757807,0.9996254242,1931.840236,1999.971199,0.6054027691,0.6267537447,0.5927533601,0.6607541293
real_20240703,real,2024-07-03,adapted,2007,0.6270667146,9.979872274,0.1145648555,0.01312510611,0.001313127818,0.9986868722,1931.853361,2000.969886,0.6054068823,0.6270667146,0.59306633,0.6610670992
real_20240703,real,2024-07-03,adapted,2008,0.6273799894,9.978835534,-0.4670827434,0.2181662891,0.0003402899725,0.99965971,1932.071528,2001.969546,0.6054752515,0.6273799894,0.5933796048,0.661380374
real_20240703,real,2024-07-03,adapted,2009,0.6276930021,9.974456768,0.8422185659,0.7093321128,0.001176319704,0.9988236803,1932.78086,2002.96837,0.605697543,0.6276930021,0.5936926175,0.6616933867
real_20240703,real,2024-07-03,adapted,2010,0.6280062779,9.972927739,1.040899748,1.083472285,0.0003370359846,0.999662964,1933.864332,2003.968033,0.6060370831,0.6280062779,0.5940058933,0.6620066625
real_20240703,real,2024-07-03,adapted,2011,0.628319177,9.968007468,1.30739563,1.709283335,0.001538763889,0.9984612361,1935.573615,2004.966494,0.6065727406,0.628319177,0.5943187924,0.6623195616
real_20240703,real,2024-07-03,adapted,2012,0.6286318984,9.967630215,0.2012066904,0.04048413225,0.002106257762,0.9978937422,1935.6141,2005.964388,0.6065854276,0.6286318984,0.5946315138,0.662632283
real_20240703,real,2024-07-03,adapted,2013,0.6289450465,9.963726878,0.2857142742,0.08163264648,0.0007443995464,0.9992556005,1935.695732,2006.963643,0.6066110098,0.6289450465,0.5949446619,0.6629454311
real_20240703,real,2024-07-03,adapted,2014,0.6292572759,9.96213459,-1.651961376,2.728976388,0.003675974578,0.9963240254,1938.424709,2007.959967,0.6074662202,0.6292572759,0.5952568913,0.6632576605
real_20240703,real,2024-07-03,adapted,2015,0.6295703151,9.960752008,-0.286547116,0.08210924967,0.001091842341,0.9989081577,1938.506818,2008.958875,0.6074919517,0.6295703151,0.5955699305,0.6635706997
real_20240703,real,2024-07-03,adapted,2016,0.6298834704,9.959838843,0.9174535155,0.841720953,0.0007215330966,0.9992784669,1939.348539,2009.958154,0.6077557314,0.6298834704,0.5958830858,0.663883855
real_20240703,real,2024-07-03,adapted,2017,0.630196831,9.957908155,3.114401295,9.699495427,6.623998887e-05,0.99993376,1949.048034,2010.958088,0.6107953727,0.630196831,0.5961964464,0.6641972156
real_20240703,real,2024-07-03,adapted,2018,0.6305095269,9.957010855,-0.1047834293,0.01097956706,0.002187301855,0.9978126981,1949.059014,2011.9559,0.6107988135,0.6305095269,0.5965091423,0.6645099115
real_20240703,real,2024-07-03,adapted,2019,0.6308226877,9.95346989,1.594121504,2.541223369,0.0007040178684,0.9992959821,1951.600237,2012.955196,0.6115951856,0.6308226877,0.5968223031,0.6648230723
real_20240703,real,2024-07-03,adapted,2020,0.6311356989,9.948472195,0.8321991361,0.6925554021,0.001181024231,0.9988189758,1952.292793,2013.954015,0.6118122195,0.6311356989,0.5971353143,0.6651360835
real_20240703,real,2024-07-03,adapted,2021,0.6314489798,9.947211625,0.9121936203,0.832097201,0.0003208289575,0.999679171,1953.12489,2014.953695,0.6120729833,0.6314489798,0.5974485952,0.6654493644
real_20240703,real,2024-07-03,adapted,2022,0.6317620177,9.940923513,1.700430851,2.891465078,0.001096143749,0.9989038563,1956.016355,2015.952598,0.6129791146,0.6317620177,0.5977616331,0.6657624023
real_20240703,real,2024-07-03,adapted,2023,0.632075227,9.939897554,0.5761217074,0.3319162218,0.0005489650754,0.9994510349,1956.348271,2016.952049,0.613083131,0.632075227,0.5980748424,0.6660756116
real_20240703,real,2024-07-03,adapted,2024,0.6323884859,9.938918303,0.9298756777,0.864668776,0.0003910461538,0.9996089538,1957.21294,2017.951658,0.6133541021,0.6323884859,0.5983881013,0.6663888705
real_20240703,real,2024-07-03,adapted,2025,0.6327016266,9.933804324,1.054869372,1.112749393,0.0007680013927,0.9992319986,1958.325689,2018.95089,0.613702817,0.6327016266,0.598701242,0.6667020112
real_20240703,real,2024-07-03,adapted,2026,0.6330147898,9.92998709,-2.00596335,4.02388896,0.0006961333654,0.9993038666,1962.349578,2019.950194,0.6149638289,0.6330147898,0.5990144052,0.6670151744
real_20240703,real,2024-07-03,adapted,2027,0.6333270651,9.9268704,-0.09402799546,0.008841263931,0.003529431375,0.9964705686,1962.358419,2020.946665,0.6149665996,0.6333270651,0.5993266805,0.6673274497
real_20240703,real,2024-07-03,adapted,2028,0.6336395532,9.921316824,-0.3774352009,0.1424573309,0.002850607195,0.9971493928,1962.500877,2021.943814,0.6150112431,0.6336395532,0.5996391686,0.6676399378
real_20240703,real,2024-07-03,adapted,2029,0.6339524655,9.91681398,0.3365491617,0.1132653383,0.001496747646,0.9985032524,1962.614142,2022.942317,0.6150467383,0.6339524655,0.5999520809,0.6679528501
real_20240703,real,2024-07-03,adapted,2030,0.6342655961,9.913828363,-0.3550026713,0.1260268966,0.0008003035518,0.9991996964,1962.740169,2023.941517,0.6150862328,0.6342655961,0.6002652115,0.6682659807
real_20240703,real,2024-07-03,adapted,2031,0.6345788567,9.910982135,-0.1945496729,0.03784957522,0.0003853546626,0.9996146453,1962.778019,2024.941132,0.6150980942,0.6345788567,0.6005784721,0.6685792413
real_20240703,real,2024-07-03,adapted,2032,0.6348921684,9.90655238,0.144689339,0.02093500483,0.0002225206291,0.9997774794,1962.798954,2025.940909,0.6151046548,0.6348921684,0.6008917838,0.668892553
real_20240703,real,2024-07-03,adapted,2033,0.6352053635,9.904715049,-0.6137900319,0.3767382033,0.0005944452403,0.9994055548,1963.175692,2026.940315,0.6152227176,0.6352053635,0.6012049789,0.6692057481
real_20240703,real,2024-07-03,adapted,2034,0.6355183808,9.903624307,-0.6612173381,0.4372083682,0.00116168983,0.9988383102,1963.6129,2027.939153,0.6153597305,0.6355183808,0.6015179962,0.6695187654
real_20240703,real,2024-07-03,adapted,2035,0.6358316084,9.899259925,-0.8414299097,0.7080042929,0.0004907930072,0.999509207,1964.320904,2028.938662,0.6155816059,0.6358316084,0.6018312238,0.669831993
real_20240703,real,2024-07-03,adapted,2036,0.63614469,9.89815554,0.6360867396,0.4046063403,0.0009565720952,0.9990434279,1964.725511,2029.937706,0.615708402,0.63614469,0.6021443054,0.6701450746
real_20240703,real,2024-07-03,adapted,2037,0.6364579596,9.897079008,0.8352238803,0.6975989302,0.000356526876,0.9996434731,1965.42311,2030.937349,0.6159270165,0.6364579596,0.602457575,0.6704583442
real_20240703,real,2024-07-03,adapted,2038,0.636771216,9.893627842,-0.7562772952,0.5719553473,0.0003990514006,0.9996009486,1965.995065,2031.93695,0.6161062567,0.636771216,0.6027708314,0.6707716006
real_20240703,real,2024-07-03,adapted,2039,0.6370841782,9.89328272,-0.4415807244,0.1949935361,0.001337560951,0.998662439,1966.190059,2032.935613,0.616167364,0.6370841782,0.6030837936,0.6710845628
real_20240703,real,2024-07-03,adapted,2040,0.6373969236,9.891023642,-0.4807202627,0.231091971,0.002029423103,0.9979705769,1966.421151,2033.933583,0.6162397839,0.6373969236,0.603396539,0.6713973082
real_20240703,real,2024-07-03,adapted,2041,0.6377102621,9.886295354,1.148106299,1.318148073,0.0001368824223,0.9998631176,1967.739299,2034.933446,0.616652867,0.6377102621,0.6037098775,0.6717106467
real_20240703,real,2024-07-03,adapted,2042,0.6380232571,9.882581171,-1.717587275,2.950106048,0.001232879679,0.9987671203,1970.689405,2035.932213,0.6175773753,0.6380232571,0.6040228725,0.6720236417
real_20240703,real,2024-07-03,adapted,2043,0.6383361466,9.881877338,-1.002603809,1.005214397,0.00156975832,0.9984302417,1971.694619,2036.930644,0.6178923908,0.6383361466,0.604335762,0.6723365312
real_20240703,real,2024-07-03,adapted,2044,0.6386493676,9.878732756,-0.2453735385,0.06020817339,0.0005115653757,0.9994884346,1971.754827,2037.930132,0.6179112589,0.6386493676,0.604648983,0.6726497522
real_20240703,real,2024-07-03,adapted,2045,0.638962582,9.875846173,0.5724643405,0.3277154212,0.0005329548129,0.9994670452,1972.082543,2038.929599,0.6180139588,0.638962582,0.6049621974,0.6729629666
real_20240703,real,2024-07-03,adapted,2046,0.6392758356,9.874081328,0.326469237,0.1065821627,0.0004077976721,0.9995922023,1972.189125,2039.929191,0.6180473597,0.6392758356,0.605275451,0.6732762202
real_20240703,real,2024-07-03,adapted,2047,0.6395884723,9.860529457,-0.4051414375,0.1641395844,0.002376203357,0.9976237966,1972.353264,2040.926815,0.618098798,0.6395884723,0.6055880877,0.6735888569
real_20240703,real,2024-07-03,adapted,2048,0.6399013564,9.85958229,-0.2834564563,0.08034756264,0.001586728274,0.9984132717,1972.433612,2041.925228,0.6181239774,0.6399013564,0.6059009718,0.673901741
real_20240703,real,2024-07-03,adapted,2049,0.6402140389,9.854447717,0.02243199886,0.0005031945727,0.00223033199,0.997769668,1972.434115,2042.922998,0.6181241351,0.6402140389,0.6062136543,0.6742144235
real_20240703,real,2024-07-03,adapted,2050,0.6405262946,9.848292314,-0.6773257325,0.4587701479,0.003592091424,0.9964079086,1972.892885,2043.919406,0.6182679051,0.6405262946,0.60652591,0.6745266792
real_20240703,real,2024-07-03,adapted,2051,0.6408395275,9.844997484,-0.473068125,0.2237934509,0.0004736326075,0.9995263674,1973.116679,2044.918932,0.6183380378,0.6408395275,0.6068391429,0.6748399121
real_20240703,real,2024-07-03,adapted,2052,0.6411523483,9.844029721,1.511017718,2.283174546,0.00178879476,0.9982112052,1975.399853,2045.917144,0.6190535422,0.6411523483,0.6071519637,0.6751527329
real_20240703,real,2024-07-03,adapted,2053,0.6414649588,9.84301407,0.3378379998,0.1141345141,0.002459925579,0.9975400744,1975.513988,2046.914684,0.6190893099,0.6414649588,0.6074645742,0.6754653434
real_20240703,real,2024-07-03,adapted,2054,0.6417782481,9.841424849,1.053822416,1.110541685,0.0002939212005,0.9997060788,1976.624529,2047.91439,0.619437333,0.6417782481,0.6077778635,0.6757786327
real_20240703,real,2024-07-03,adapted,2055,0.6420911027,9.840397992,0.05095153492,0.002596058911,0.001680985729,0.9983190143,1976.627126,2048.912709,0.6194381465,0.6420911027,0.6080907181,0.6760914873
real_20240703,real,2024-07-03,adapted,2056,0.6424040502,9.836143123,0.7932725079,0.6292812718,0.001384603648,0.9986153964,1977.256407,2049.911324,0.6196353516,0.6424040502,0.6084036656,0.6764044348
real_20240703,real,2024-07-03,adapted,2057,0.6427170764,9.834295129,1.18742903,1.4099877,0.001133213366,0.9988667866,1978.666395,2050.910191,0.6200772155,0.6427170764,0.6087166918,0.676717461
real_20240703,real,2024-07-03,adapted,2058,0.6430299923,9.83320826,0.2309456096,0.0533358746,0.001485358282,0.9985146417,1978.71973,2051.908706,0.6200939299,0.6430299923,0.6090296077,0.6770303769
real_20240703,real,2024-07-03,adapted,2059,0.6433433034,9.829700526,0.4913580213,0.2414327051,0.0002244656743,0.9997755343,1978.961163,2052.908481,0.6201695904,0.6433433034,0.6093429188,0.677343688
real_20240703,real,2024-07-03,adapted,2060,0.6436563075,9.825686078,-1.831009212,3.352594733,0.001203869005,0.998796131,1982.313758,2053.907277,0.6212202312,0.6436563075,0.6096559229,0.6776566921
real_20240703,real,2024-07-03,adapted,2061,0.643969337,9.819032868,-2.132283754,4.546634006,0.001122822293,0.9988771777,1986.860392,2054.906154,0.6226450617,0.643969337,0.6099689524,0.6779697216
real_20240703,real,2024-07-03,adapted,2062,0.6442823969,9.818118417,-1.348159185,1.817533187,0.00102598765,0.9989740124,1988.677925,2055.905128,0.6232146428,0.6442823969,0.6102820123,0.6782827815
real_20240703,real,2024-07-03,adapted,2063,0.6445956146,9.816013369,-0.3550816371,0.126082969,0.0005221672221,0.9994778328,1988.804008,2056.904606,0.6232541548,0.6445956146,0.61059523,0.6785959992
real_20240703,real,2024-07-03,adapted,2064,0.6449083427,9.814889841,-0.5051880909,0.2552150072,0.002084670718,0.9979153293,1989.059223,2057.902522,0.6233341344,0.6449083427,0.6109079581,0.6789087273
real_20240703,real,2024-07-03,adapted,2065,0.6452215424,9.813079832,-1.51716919,2.301802351,0.0005796818795,0.9994203181,1991.361025,2058.901942,0.6240554765,0.6452215424,0.6112211578,0.679221927
real_20240703,real,2024-07-03,adapted,2066,0.6455342566,9.810588363,-0.4953659488,0.2453874233,0.002129089865,0.9978709101,1991.606413,2059.899813,0.6241323763,0.6455342566,0.611533872,0.6795346412
real_20240703,real,2024-07-03,adapted,2067,0.6458475237,9.80666146,-1.179827693,1.391993384,0.0003647116594,0.9996352883,1992.998406,2060.899448,0.6245686011,0.6458475237,0.6118471391,0.6798479083
real_20240703,real,2024-07-03,adapted,2068,0.6461608377,9.805310138,-1.987930058,3.951865916,0.0002150617948,0.9997849382,1996.950272,2061.899233,0.6258070423,0.6461608377,0.6121604531,0.6801612223
real_20240703,real,2024-07-03,adapted,2069,0.6464739925,9.803024046,-0.9527783377,0.9077865607,0.0007228175519,0.9992771824,1997.858059,2062.89851,0.6260915257,0.6464739925,0.6124736079,0.6804743771
real_20240703,real,2024-07-03,adapted,2070,0.6467872527,9.80148191,0.09688427691,0.009386563113,0.000386918767,0.9996130812,1997.867445,2063.898123,0.6260944673,0.6467872527,0.6127868681,0.6807876373
real_20240703,real,2024-07-03,adapted,2071,0.6471004573,9.796029844,0.438284587,0.1920933792,0.0005641507085,0.9994358493,1998.059539,2064.897559,0.6261546658,0.6471004573,0.6131000727,0.6811008419
real_20240703,real,2024-07-03,adapted,2072,0.6474137772,9.795449536,-0.3470664515,0.1204551218,0.000196052381,0.9998039476,1998.179994,2065.897363,0.6261924142,0.6474137772,0.6134133926,0.6814141618
real_20240703,real,2024-07-03,adapted,2073,0.647727085,9.792079975,-0.5959602066,0.3551685679,0.0002349067946,0.9997650932,1998.535162,2066.897128,0.6263037174,0.647727085,0.6137267004,0.6817274696
real_20240703,real,2024-07-03,adapted,2074,0.6480403144,9.787880171,1.575527731,2.48228763,0.0004848023987,0.9995151976,2001.01745,2067.896643,0.6270816202,0.6480403144,0.6140399298,0.682040699
real_20240703,real,2024-07-03,adapted,2075,0.648352673,9.785384381,-0.173137849,0.02997671477,0.00326381017,0.9967361898,2001.047427,2068.89338,0.6270910143,0.648352673,0.6143522884,0.6823530576
real_20240703,real,2024-07-03,adapted,2076,0.6486660479,9.78250028,-1.311327424,1.719579612,2.077188341e-05,0.9999792281,2002.767006,2069.893359,0.6276298985,0.6486660479,0.6146656633,0.6826664325
real_20240703,real,2024-07-03,adapted,2077,0.6489794023,9.780043799,-1.087790539,1.183288257,8.622306123e-05,0.9999137769,2003.950294,2070.893273,0.628000719,0.6489794023,0.6149790176,0.6829797869
real_20240703,real,2024-07-03,adapted,2078,0.6492924068,9.777245688,0.6544296335,0.4282781452,0.001202591289,0.9987974087,2004.378573,2071.89207,0.6281349334,0.6492924068,0.6152920222,0.6832927914
real_20240703,real,2024-07-03,adapted,2079,0.6496056608,9.7766663,0.6969055996,0.4856774148,0.0004064113412,0.9995935887,2004.86425,2072.891664,0.6282871357,0.6496056608,0.6156052762,0.6836060454
real_20240703,real,2024-07-03,adapted,2080,0.6499188183,9.772003413,-0.002552012685,6.512768746e-06,0.0007145242953,0.9992854757,2004.864257,2073.890949,0.6282871377,0.6499188183,0.6159184337,0.6839192029
real_20240703,real,2024-07-03,adapted,2081,0.6502321204,9.769592613,-0.7652650917,0.5856306606,0.000252713858,0.9997472861,2005.449887,2074.890696,0.6284706635,0.6502321204,0.6162317358,0.684232505
real_20240703,real,2024-07-03,adapted,2082,0.6505451246,9.76450087,0.8464488797,0.716475706,0.001203871167,0.9987961288,2006.166363,2075.889492,0.6286951936,0.6505451246,0.61654474,0.6845455092
real_20240703,real,2024-07-03,adapted,2083,0.6508582544,9.761526131,0.2237869097,0.05008058093,0.0008028009249,0.9991971991,2006.216444,2076.88869,0.628710888,0.6508582544,0.6168578698,0.684858639
real_20240703,real,2024-07-03,adapted,2084,0.6511710004,9.758925652,-0.05776988805,0.003337359965,0.002027273035,0.997972727,2006.219781,2077.886662,0.6287119338,0.6511710004,0.6171706158,0.685171385
real_20240703,real,2024-07-03,adapted,2085,0.6514840003,9.757967852,-0.2108151489,0.044443027,0.001217463993,0.998782536,2006.264224,2078.885445,0.6287258615,0.6514840003,0.6174836157,0.6854843849
real_20240703,real,2024-07-03,adapted,2086,0.6517970101,9.753621844,-0.8635319928,0.7456875026,0.001185559595,0.9988144404,2007.009911,2079.884259,0.628959546,0.6517970101,0.6177966255,0.6857973947
real_20240703,real,2024-07-03,adapted,2087,0.6521100228,9.751708545,0.3793801318,0.1439292844,0.001176719259,0.9988232807,2007.153841,2080.883083,0.6290046508,0.6521100228,0.6181096382,0.6861104074
real_20240703,real,2024-07-03,adapted,2088,0.6524232587,9.750715108,-0.8320086977,0.6922384731,0.0004642046003,0.9995357954,2007.846079,2081.882618,0.6292215854,0.6524232587,0.6184228741,0.6864236433
real_20240703,real,2024-07-03,adapted,2089,0.6527361357,9.744612459,0.09469293981,0.00896675285,0.001609274432,0.9983907256,2007.855046,2082.881009,0.6292243955,0.6527361357,0.6187357511,0.6867365203
real_20240703,real,2024-07-03,adapted,2090,0.6530494364,9.741090769,0.5765679729,0.3324306274,0.0002576747322,0.9997423253,2008.187477,2083.880751,0.629328573,0.6530494364,0.6190490518,0.687049821
real_20240703,real,2024-07-03,adapted,2091,0.6533627028,9.739844413,-0.02524573807,0.0006373472908,0.0003670026541,0.9996329973,2008.188114,2084.880384,0.6293287728,0.6533627028,0.6193623182,0.6873630874
real_20240703,real,2024-07-03,adapted,2092,0.653675462,9.736370674,0.2728009763,0.07442037268,0.00198513347,0.9980148665,2008.262534,2085.878399,0.6293520947,0.653675462,0.6196750774,0.6876758466
real_20240703,real,2024-07-03,adapted,2093,0.6539885904,9.734748777,-1.090284205,1.188719648,0.0008074528189,0.9991925472,2009.451254,2086.877592,0.6297246173,0.6539885904,0.6199882058,0.687988975
real_20240703,real,2024-07-03,adapted,2094,0.6543017504,9.731397246,1.069954403,1.144802425,0.0007063116851,0.9992936883,2010.596056,2087.876886,0.6300833771,0.6543017504,0.6203013658,0.688302135
real_20240703,real,2024-07-03,adapted,2095,0.6546148336,9.731009868,1.320291826,1.743170506,0.0009516933101,0.9990483067,2012.339227,2088.875934,0.6306296543,0.6546148336,0.620614449,0.6886152182
real_20240703,real,2024-07-03,adapted,2096,0.6549279636,9.729443388,-0.01085585554,0.0001178495996,0.0008021307831,0.9991978692,2012.339345,2089.875132,0.6306296912,0.6549279636,0.620927579,0.6889283482
real_20240703,real,2024-07-03,adapted,2097,0.6552410665,9.728367453,-0.5751415359,0.3307877863,0.0008886853178,0.9991113147,2012.670132,2090.874243,0.630733354,0.6552410665,0.6212406819,0.6892414511
real_20240703,real,2024-07-03,adapted,2098,0.6555542927,9.728114664,-0.8326753626,0.6933482596,0.0004951421201,0.9995048579,2013.363481,2091.873748,0.6309506364,0.6555542927,0.6215539081,0.6895546773
real_20240703,real,2024-07-03,adapted,2099,0.6558674307,9.726894671,-0.2792753508,0.07799472158,0.0007766363556,0.9992233636,2013.441475,2092.872971,0.6309750785,0.6558674307,0.6218670461,0.6898678153
real_20240703,real,2024-07-03,adapted,2100,0.6561801599,9.724680704,0.6058070585,0.3670021921,0.002080928366,0.9979190716,2013.808478,2093.87089,0.6310900901,0.6561801599,0.6221797753,0.6901805445
real_20240703,real,2024-07-03,adapted,2101,0.6564929533,9.719271147,-0.8005122206,0.6408198154,0.001876484713,0.9981235153,2014.449297,2094.869014,0.6312909111,0.6564929533,0.6224925687,0.6904933379
real_20240703,real,2024-07-03,adapted,2102,0.6568061891,9.715683062,0.8669124234,0.7515371498,0.0004643808965,0.9995356191,2015.200835,2095.86855,0.6315264289,0.6568061891,0.6228058045,0.6908065737
real_20240703,real,2024-07-03,adapted,2103,0.6571193059,9.713096383,0.9391073639,0.8819226409,0.0008443147672,0.9991556852,2016.082757,2096.867705,0.631802807,0.6571193059,0.6231189213,0.6911196905
real_20240703,real,2024-07-03,adapted,2104,0.6574316868,9.71003117,0.04526679901,0.002049083093,0.003192622408,0.9968073776,2016.084806,2097.864513,0.6318034492,0.6574316868,0.6234313022,0.6914320714
real_20240703,real,2024-07-03,adapted,2105,0.6577450015,9.707708403,-0.4363666102,0.1904158185,0.0002126361384,0.9997873639,2016.275222,2098.8643,0.631863122,0.6577450015,0.6237446169,0.6917453861
real_20240703,real,2024-07-03,adapted,2106,0.658057974,9.704531544,0.6719419288,0.4515059557,0.00130475506,0.9986952449,2016.726728,2099.862995,0.6320046155,0.658057974,0.6240575894,0.6920583586
real_20240703,real,2024-07-03,adapted,2107,0.6583712361,9.700060804,0.05455338659,0.002976071989,0.0003808863919,0.9996191136,2016.729704,2100.862614,0.6320055482,0.6583712361,0.6243708515,0.6923716207
real_20240703,real,2024-07-03,adapted,2108,0.6586843719,9.696824037,0.05370421697,0.00288414292,0.0007835829537,0.999216417,2016.732588,2101.861831,0.632006452,0.6586843719,0.6246839873,0.6926847565
real_20240703,real,2024-07-03,adapted,2109,0.6589976893,9.695055404,-0.3846097709,0.1479246759,0.0002040888342,0.9997959112,2016.880513,2102.861627,0.6320528088,0.6589976893,0.6249973047,0.6929980739
real_20240703,real,2024-07-03,adapted,2110,0.6593108617,9.69163133,-0.4641604422,0.2154449161,0.0006668993963,0.9993331006,2017.095958,2103.86096,0.6321203253,0.6593108617,0.6253104771,0.6933112463
real_20240703,real,2024-07-03,adapted,2111,0.659624173,9.691195419,-0.01270469964,0.0001614093928,0.0002235395241,0.9997764605,2017.096119,2104.860736,0.6321203758,0.659624173,0.6256237884,0.6936245576
real_20240703,real,2024-07-03,adapted,2112,0.6599374825,9.68841419,0.295526295,0.08733579101,0.0002296284995,0.9997703715,2017.183455,2105.860507,0.6321477453,0.6599374825,0.6259370979,0.6939378671
real_20240703,real,2024-07-03,adapted,2113,0.6602507026,9.686616257,-0.9175583571,0.8419133388,0.0005144629775,0.999485537,2018.025368,2106.859992,0.6324115852,0.6602507026,0.626250318,0.6942510872
real_20240703,real,2024-07-03,adapted,2114,0.6605639944,9.684184966,0.2697217286,0.07274981087,0.0002858459553,0.999714154,2018.098118,2107.859706,0.6324343837,0.6605639944,0.6265636098,0.694564379
real_20240703,real,2024-07-03,adapted,2115,0.6608771414,9.68134892,0.6164441374,0.3800033745,0.0007479047638,0.9992520952,2018.478122,2108.858958,0.6325534696,0.6608771414,0.6268767568,0.694877526
real_20240703,real,2024-07-03,adapted,2116,0.6611900089,9.677251781,-0.1717600484,0.02950151421,0.001639856404,0.9983601436,2018.507623,2109.857318,0.6325627149,0.6611900089,0.6271896243,0.6951903935
real_20240703,real,2024-07-03,adapted,2117,0.6615032714,9.676012465,1.096746748,1.202853429,0.0003794045309,0.9996205955,2019.710477,2110.856939,0.6329396667,0.6615032714,0.6275028868,0.695503656
real_20240703,real,2024-07-03,adapted,2118,0.66181645,9.674925812,0.4668917463,0.2179879028,0.0006472802317,0.9993527198,2019.928464,2111.856292,0.6330079801,0.66181645,0.6278160654,0.6958168346
real_20240703,real,2024-07-03,adapted,2119,0.6621295389,9.662742769,-0.1726324791,0.02980197283,0.0009331037547,0.9990668962,2019.958266,2112.855359,0.6330173195,0.6621295389,0.6281291543,0.6961299235
real_20240703,real,2024-07-03,adapted,2120,0.6624424012,9.658207744,2.056853991,4.230648339,0.001656376743,0.9983436233,2024.188915,2113.853702,0.6343431259,0.6624424012,0.6284420166,0.6964427858
real_20240703,real,2024-07-03,adapted,2121,0.6627556392,9.656102529,-1.116203445,1.245910131,0.0004575609756,0.999542439,2025.434825,2114.853245,0.634733571,0.6627556392,0.6287552546,0.6967560238
real_20240703,real,2024-07-03,adapted,2122,0.6630689134,9.654257233,-1.715657661,2.943481211,0.0003421781152,0.9996578219,2028.378306,2115.852903,0.6356560032,0.6630689134,0.6290685288,0.697069298
real_20240703,real,2024-07-03,adapted,2123,0.6633814388,9.651584971,-1.183299223,1.40019705,0.002731486107,0.9972685139,2029.778503,2116.850171,0.6360947989,0.6633814388,0.6293810542,0.6973818234
real_20240703,real,2024-07-03,adapted,2124,0.6636945861,9.6484115,0.8518606827,0.7256666227,0.0007469732139,0.9992530268,2030.50417,2117.849424,0.6363222093,0.6636945861,0.6296942015,0.6976949707
real_20240703,real,2024-07-03,adapted,2125,0.664007853,9.647815886,-0.5290302971,0.2798730552,0.0003652829434,0.9996347171,2030.784043,2118.849059,0.6364099163,0.664007853,0.6300074684,0.6980082376
real_20240703,real,2024-07-03,adapted,2126,0.6643207927,9.645377645,-0.6282400808,0.3946855991,0.001409271099,0.9985907289,2031.178728,2119.84765,0.6365336034,0.6643207927,0.6303204081,0.6983211773
real_20240703,real,2024-07-03,adapted,2127,0.6646340698,9.642869691,-0.2243811977,0.05034692189,0.0003326993009,0.9996673007,2031.229075,2120.847317,0.6365493812,0.6646340698,0.6306336852,0.6986344544
real_20240703,real,2024-07-03,adapted,2128,0.6649473681,9.639509548,0.4653074263,0.2165110009,0.0002653687063,0.9997346313,2031.445586,2121.847052,0.6366172317,0.6649473681,0.6309469835,0.6989477527
real_20240703,real,2024-07-03,adapted,2129,0.6652607091,9.637597264,-0.5679967777,0.3226203395,0.0001288254516,0.9998711745,2031.768207,2122.846923,0.6367183349,0.6652607091,0.6312603245,0.6992610937
real_20240703,real,2024-07-03,adapted,2130,0.665573855,9.634227922,-0.3497609628,0.1223327311,0.0007513391082,0.9992486609,2031.890539,2123.846171,0.6367566717,0.665573855,0.6315734704,0.6995742396
real_20240703,real,2024-07-03,adapted,2131,0.6658867793,9.628950702,0.9458674574,0.8946652469,0.001458676543,0.9985413235,2032.785205,2124.844713,0.6370370432,0.6658867793,0.6318863947,0.6998871639
real_20240703,real,2024-07-03,adapted,2132,0.6661999096,9.626539134,0.1131074193,0.01279328831,0.0008010223504,0.9991989776,2032.797998,2125.843912,0.6370410523,0.6661999096,0.632199525,0.7002002942
real_20240703,real,2024-07-03,adapted,2133,0.6665130246,9.625033037,-0.6733950867,0.4534609428,0.0008502453635,0.9991497546,2033.251459,2126.843061,0.6371831586,0.6665130246,0.63251264,0.7005134092
real_20240703,real,2024-07-03,adapted,2134,0.6668262375,9.622864093,-0.9236564197,0.8531411817,0.0005375335002,0.9994624665,2034.1046,2127.842524,0.6374505171,0.6668262375,0.6328258529,0.7008266221
real_20240703,real,2024-07-03,adapted,2135,0.6671392978,9.62027436,1.263742376,1.597044794,0.001024603945,0.9989753961,2035.701645,2128.841499,0.6379510012,0.6671392978,0.6331389132,0.7011396824
real_20240703,real,2024-07-03,adapted,2136,0.6674524457,9.617980324,-0.09278401987,0.008608874343,0.0007450163251,0.9992549837,2035.710254,2129.840754,0.6379536991,0.6674524457,0.6334520611,0.7014528303
real_20240703,real,2024-07-03,adapted,2137,0.6677656619,9.61715304,0.1283380428,0.01647065322,0.000527267346,0.9994727327,2035.726724,2130.840227,0.6379588607,0.6677656619,0.6337652773,0.7017660465
real_20240703,real,2024-07-03,adapted,2138,0.6680783938,9.610774096,1.432335386,2.051584658,0.002072376826,0.9979276232,2037.778309,2131.838155,0.6386017891,0.6680783938,0.6340780092,0.7020787784
real_20240703,real,2024-07-03,adapted,2139,0.6683916927,9.60943857,0.3654454871,0.1335504041,0.0002630820096,0.999736918,2037.91186,2132.837892,0.6386436413,0.6683916927,0.6343913081,0.7023920773
real_20240703,real,2024-07-03,adapted,2140,0.6687046852,9.604594955,-0.1331938492,0.01774060147,0.001241063875,0.9987589361,2037.9296,2133.83665,0.6386492009,0.6687046852,0.6347043006,0.7027050698
real_20240703,real,2024-07-03,adapted,2141,0.6690175685,9.598194902,0.5516775651,0.3043481358,0.001589350044,0.99841065,2038.233948,2134.835061,0.6387445779,0.6690175685,0.6350171839,0.7030179531
real_20240703,real,2024-07-03,adapted,2142,0.6693304455,9.595003728,0.5400093911,0.2916101425,0.001609588149,0.9983904119,2038.525558,2135.833452,0.6388359631,0.6693304455,0.6353300609,0.7033308301
real_20240703,real,2024-07-03,adapted,2143,0.6696427493,9.593528795,-0.8923758276,0.7963346177,0.003438494422,0.9965615056,2039.321893,2136.830013,0.6390855196,0.6696427493,0.6356423647,0.7036431339
real_20240703,real,2024-07-03,adapted,2144,0.6699556617,9.592459641,0.04133086533,0.001708240429,0.001496600915,0.9985033991,2039.323601,2137.828516,0.6390860549,0.6699556617,0.6359552771,0.7039560463
real_20240703,real,2024-07-03,adapted,2145,0.6702686003,9.590409007,-1.638889651,2.68595929,0.001412847222,0.9985871528,2042.009561,2138.827104,0.6399277846,0.6702686003,0.6362682157,0.7042689849
real_20240703,real,2024-07-03,adapted,2146,0.6705811028,9.587722665,-0.3070341578,0.09426997403,0.002804579269,0.9971954207,2042.103831,2139.824299,0.639957327,0.6705811028,0.6365807182,0.7045814874
real_20240703,real,2024-07-03,adapted,2147,0.6708942459,9.587431193,-0.3328800811,0.1108091484,0.0007604054694,0.9992395945,2042.21464,2140.823539,0.6399920525,0.6708942459,0.6368938613,0.7048946305
real_20240703,real,2024-07-03,adapted,2148,0.6712070839,9.58573407,-1.776454986,3.155792316,0.001733757616,0.9982662424,2045.370432,2141.821805,0.6409810191,0.6712070839,0.6372066993,0.7052074685
real_20240703,real,2024-07-03,adapted,2149,0.6715198411,9.583796168,1.085620192,1.178571201,0.001991967716,0.9980080323,2046.549003,2142.819813,0.6413503614,0.6715198411,0.6375194565,0.7055202257
real_20240703,real,2024-07-03,adapted,2150,0.6718326039,9.583328015,0.2496762573,0.06233823348,0.001973975088,0.9980260249,2046.611341,2143.817839,0.641369897,0.6718326039,0.6378322193,0.7058329885
real_20240703,real,2024-07-03,adapted,2151,0.6721453653,9.576000326,0.3509308486,0.1231524605,0.001978299138,0.9980217009,2046.734494,2144.815861,0.6414084907,0.6721453653,0.6381449807,0.7061457499
real_20240703,real,2024-07-03,adapted,2152,0.672458207,9.571978471,-0.9846569909,0.9695493896,0.001722035951,0.998277964,2047.704043,2145.814139,0.6417123294,0.672458207,0.6384578224,0.7064585916
real_20240703,real,2024-07-03,adapted,2153,0.6727714175,9.566948248,-1.84723127,3.412263366,0.0005453457108,0.9994546543,2051.116307,2146.813593,0.6427816693,0.6727714175,0.6387710329,0.7067718021
real_20240703,real,2024-07-03,adapted,2154,0.6730846034,9.566854567,0.9952314169,0.9904855733,0.0006236419417,0.9993763581,2052.106792,2147.81297,0.643092069,0.6730846034,0.6390842188,0.707084988
real_20240703,real,2024-07-03,adapted,2155,0.6733978482,9.56446415,0.08812332192,0.007765719866,0.0004358789947,0.999564121,2052.114558,2148.812534,0.6430945026,0.6733978482,0.6393974636,0.7073982328
real_20240703,real,2024-07-03,adapted,2156,0.6737111349,9.559927332,-1.206127441,1.454743405,0.0003022657384,0.9996977343,2053.569301,2149.812231,0.6435503921,0.6737111349,0.6397107503,0.7077115195
real_20240703,real,2024-07-03,adapted,2157,0.6740242243,9.557030731,0.4843133965,0.234559466,0.000931808294,0.9990681917,2053.803861,2150.8113,0.6436238987,0.6740242243,0.6400238397,0.7080246089
real_20240703,real,2024-07-03,adapted,2158,0.6743367164,9.556907228,-0.6322745128,0.3997710595,0.002837562041,0.997162438,2054.203632,2151.808462,0.6437491795,0.6743367164,0.6403363318,0.708337101
real_20240703,real,2024-07-03,adapted,2159,0.6746500568,9.55512915,0.2379044796,0.05659854142,0.0001307639682,0.999869236,2054.26023,2152.808331,0.6437669164,0.6746500568,0.6406496722,0.7086504414
real_20240703,real,2024-07-03,adapted,2160,0.6749627074,9.552258062,0.2534624563,0.06424321675,0.002331936242,0.9976680638,2054.324474,2153.805999,0.6437870491,0.6749627074,0.6409623228,0.708963092
real_20240703,real,2024-07-03,adapted,2161,0.6752757051,9.548943156,0.9092105706,0.8266638618,0.001224303662,0.9987756963,2055.151137,2154.804775,0.6440461101,0.6752757051,0.6412753205,0.7092760897
real_20240703,real,2024-07-03,adapted,2162,0.6755887728,9.547456849,0.9926757055,0.9854050563,0.001001169854,0.9989988301,2056.136543,2155.803774,0.6443549177,0.6755887728,0.6415883882,0.7095891574
real_20240703,real,2024-07-03,adapted,2163,0.67590139,9.545382493,1.282946198,1.645950947,0.002438499918,0.9975615001,2057.782493,2156.801335,0.6448707281,0.67590139,0.6419010054,0.7099017746
real_20240703,real,2024-07-03,adapted,2164,0.6762144743,9.542940034,-0.6392245793,0.4086080627,0.0009480144289,0.9990519856,2058.191102,2157.800387,0.6449987783,0.6762144743,0.6422140897,0.7102148589
real_20240703,real,2024-07-03,adapted,2165,0.6765277942,9.540712569,0.04283499481,0.001834836781,0.0001961847902,0.9998038152,2058.192936,2158.800191,0.6449993533,0.6765277942,0.6425274096,0.7105281788
real_20240703,real,2024-07-03,adapted,2166,0.6768401599,9.539792714,-1.456872853,2.12247851,0.00324083111,0.9967591689,2060.315415,2159.79695,0.6456644986,0.6768401599,0.6428397753,0.7108405445
real_20240703,real,2024-07-03,adapted,2167,0.6771534582,9.53837415,0.2571551247,0.06612875816,0.0002653310946,0.9997346689,2060.381544,2160.796685,0.6456852221,0.6771534582,0.6431530736,0.7111538428
real_20240703,real,2024-07-03,adapted,2168,0.6774667166,9.536958851,-0.3519774078,0.1238880956,0.000392224226,0.9996077758,2060.505432,2161.796293,0.6457240463,0.6774667166,0.643466332,0.7114671012
real_20240703,real,2024-07-03,adapted,2169,0.6777800544,9.531191417,0.6925590164,0.4796379912,0.0001392752742,0.9998607247,2060.98507,2162.796154,0.6458743559,0.6777800544,0.6437796698,0.711780439
real_20240703,real,2024-07-03,adapted,2170,0.6780933463,9.530223657,0.5625913399,0.3165090157,0.0002854246725,0.9997145753,2061.301579,2163.795868,0.6459735439,0.6780933463,0.6440929617,0.7120937309
real_20240703,real,2024-07-03,adapted,2171,0.6784062574,9.52698717,0.2926294385,0.08563198829,0.001500598084,0.9984994019,2061.387211,2164.794367,0.6460003794,0.6784062574,0.6444058728,0.712406642
real_20240703,real,2024-07-03,adapted,2172,0.6787183472,9.525846726,-0.3563774486,0.1270048859,0.004121731814,0.9958782682,2061.514216,2165.790246,0.6460401804,0.6787183472,0.6447179626,0.7127187318
real_20240703,real,2024-07-03,adapted,2173,0.6790306592,9.517030602,0.8976859393,0.8058400457,0.003412409068,0.9965875909,2062.320056,2166.786833,0.6462927157,0.6790306592,0.6450302746,0.7130310438
real_20240703,real,2024-07-03,adapted,2174,0.6793438461,9.514164495,-0.6205949292,0.3851380662,0.0006203013741,0.9993796986,2062.705194,2167.786213,0.6464134108,0.6793438461,0.6453434615,0.7133442307
real_20240703,real,2024-07-03,adapted,2175,0.6796565995,9.513630978,-0.09698349632,0.009405798559,0.002004074328,0.9979959257,2062.7146,2168.784209,0.6464163584,0.6796565995,0.6456562149,0.7136569841
real_20240703,real,2024-07-03,adapted,2176,0.679969829,9.510457863,-2.868645676,8.229128013,0.0004846068968,0.9995153931,2070.943728,2169.783724,0.6489952139,0.679969829,0.6459694444,0.7139702136
real_20240703,real,2024-07-03,adapted,2177,0.6802828519,9.507701411,0.6023080937,0.3627750398,0.001143975482,0.9988560245,2071.306503,2170.78258,0.6491089008,0.6802828519,0.6462824673,0.7142832365
real_20240703,real,2024-07-03,adapted,2178,0.6805961085,9.502354539,-0.6874421514,0.4725767115,0.0003981850949,0.9996018149,2071.779079,2171.782182,0.6492569976,0.6805961085,0.6465957239,0.7145964931
real_20240703,real,2024-07-03,adapted,2179,0.6809091326,9.500930884,-0.02586813868,0.0006691605988,0.00113996947,0.9988600305,2071.779748,2172.781042,0.6492572073,0.6809091326,0.646908748,0.7149095172
real_20240703,real,2024-07-03,adapted,2180,0.6812223398,9.496255572,-1.545350014,2.388106667,0.000556051162,0.9994439488,2074.167855,2173.780486,0.6500055955,0.6812223398,0.6472219552,0.7152227244
real_20240703,real,2024-07-03,adapted,2181,0.6815353768,9.496109776,0.0721441139,0.00520477317,0.001098737888,0.9989012621,2074.17306,2174.779387,0.6500072265,0.6815353768,0.6475349922,0.7155357614
real_20240703,real,2024-07-03,adapted,2182,0.6818480159,9.493748945,-2.404603898,5.782119907,0.002368655593,0.9976313444,2079.95518,2175.777019,0.6518192353,0.6818480159,0.6478476313,0.7158484005
real_20240703,real,2024-07-03,adapted,2183,0.6821610845,9.486729445,1.005379136,1.010787208,0.0009980937171,0.9990019063,2080.965967,2176.776021,0.6521359972,0.6821610845,0.6481606999,0.7161614691
real_20240703,real,2024-07-03,adapted,2184,0.6824743617,9.486673616,-0.7221540591,0.5215064851,0.0003324853106,0.9996675147,2081.487473,2177.775688,0.6522994276,0.6824743617,0.6484739771,0.7164747463
real_20240703,real,2024-07-03,adapted,2185,0.6827873194,9.48580893,-0.7648513775,0.5849976296,0.001351963086,0.9986480369,2082.072471,2178.774336,0.652482755,0.6827873194,0.6487869348,0.716787704
real_20240703,real,2024-07-03,adapted,2186,0.6831001461,9.48520079,-1.01868063,1.037710225,0.001769887144,0.9982301129,2083.110181,2179.772566,0.652807954,0.6831001461,0.6490997615,0.7171005308
real_20240703,real,2024-07-03,adapted,2187,0.6834130156,9.480953468,-0.8852432563,0.7836556228,0.001633739367,0.9983662606,2083.893837,2180.770933,0.6530535371,0.6834130156,0.649412631,0.7174134002
real_20240703,real,2024-07-03,adapted,2188,0.6837260037,9.478937653,0.3027661132,0.09166731931,0.00125489959,0.9987451004,2083.985504,2181.769678,0.653082264,0.6837260037,0.6497256191,0.7177263883
real_20240703,real,2024-07-03,adapted,2189,0.684039231,9.47604406,-0.9258008971,0.8571073011,0.0004917029247,0.9995082971,2084.842612,2182.769186,0.6533508654,0.684039231,0.6500388464,0.7180396156
real_20240703,real,2024-07-03,adapted,2190,0.6843522457,9.47329949,-1.202913147,1.447000038,0.001170135759,0.9988298642,2086.289612,2183.768016,0.6538043283,0.6843522457,0.6503518611,0.7183526303
real_20240703,real,2024-07-03,adapted,2191,0.6846651905,9.471793613,-0.09289722552,0.008629894509,0.001392870544,0.9986071295,2086.298242,2184.766623,0.6538070328,0.6846651905,0.6506648059,0.7186655751
real_20240703,real,2024-07-03,adapted,2192,0.684978079,9.470268482,-0.06349848583,0.004032057702,0.001573050238,0.9984269498,2086.302274,2185.76505,0.6538082963,0.684978079,0.6509776944,0.7189784636
real_20240703,real,2024-07-03,adapted,2193,0.6852911568,9.469731142,-1.583459305,2.50734337,0.0009685401383,0.9990314599,2088.809617,2186.764081,0.6545940511,0.6852911568,0.6512907722,0.7192915414
real_20240703,real,2024-07-03,adapted,2194,0.6856044121,9.467713033,-0.04553802947,0.002073712128,0.0004025070542,0.9995974929,2088.811691,2187.763679,0.6545947009,0.6856044121,0.6516040275,0.7196047967
real_20240703,real,2024-07-03,adapted,2195,0.6859172075,9.463409507,-0.9700654215,0.941026922,0.001869630971,0.998130369,2089.752718,2188.761809,0.6548896012,0.6859172075,0.6519168229,0.7199175921
real_20240703,real,2024-07-03,adapted,2196,0.6862298882,9.457695498,-0.8202861798,0.6728694168,0.002236173104,0.9977638269,2090.425587,2189.759573,0.655100466,0.6862298882,0.6522295036,0.7202302728
real_20240703,real,2024-07-03,adapted,2197,0.6865426423,9.456840299,0.5414808617,0.2932015236,0.002001387393,0.9979986126,2090.718789,2190.757572,0.6551923499,0.6865426423,0.6525422577,0.7205430269
real_20240703,real,2024-07-03,adapted,2198,0.6868551496,9.45521749,0.5450808635,0.2971131478,0.002789351828,0.9972106482,2091.015902,2191.754782,0.6552854596,0.6868551496,0.652854765,0.7208555342
real_20240703,real,2024-07-03,adapted,2199,0.6871678688,9.45471701,0.011872612,0.0001409589158,0.002113117557,0.9978868824,2091.016043,2192.752669,0.6552855038,0.6871678688,0.6531674842,0.7211682534
real_20240703,real,2024-07-03,adapted,2200,0.6874812244,9.451566953,0.2989214174,0.08935401379,8.219855728e-05,0.9999178014,2091.105397,2193.752587,0.6553135057,0.6874812244,0.6534808398,0.721481609
real_20240703,real,2024-07-03,adapted,2201,0.6877942633,9.451233221,-0.1146982581,0.01315569041,0.00109276667,0.9989072333,2091.118552,2194.751494,0.6553176284,0.6877942633,0.6537938787,0.7217946479
real_20240703,real,2024-07-03,adapted,2202,0.6881069871,9.450301607,0.409680237,0.1678378966,0.002098520811,0.9979014792,2091.28639,2195.749396,0.6553702257,0.6881069871,0.6541066025,0.7221073717
real_20240703,real,2024-07-03,adapted,2203,0.6884197909,9.445760395,0.296173272,0.08771860704,0.001843109469,0.9981568905,2091.374109,2196.747553,0.6553977151,0.6884197909,0.6544194063,0.7224201755
real_20240703,real,2024-07-03,adapted,2204,0.6887324927,9.443593799,-0.04538362975,0.002059673849,0.00216834211,0.9978316579,2091.376169,2197.745384,0.6553983605,0.6887324927,0.6547321081,0.7227328773
real_20240703,real,2024-07-03,adapted,2205,0.6890454517,9.441234799,0.3031283163,0.09188677615,0.001348075225,0.9986519248,2091.468055,2198.744036,0.6554271562,0.6890454517,0.6550450671,0.7230458363
real_20240703,real,2024-07-03,adapted,2206,0.6893586416,9.437661087,-1.649243306,2.720003482,0.0006108686722,0.9993891313,2094.188059,2199.743425,0.6562795546,0.6893586416,0.655358257,0.7233590262
real_20240703,real,2024-07-03,adapted,2207,0.6896715613,9.434663683,0.6601563239,0.435806372,0.001473399592,0.9985266004,2094.623865,2200.741952,0.6564161282,0.6896715613,0.6556711767,0.7236719459
real_20240703,real,2024-07-03,adapted,2208,0.6899837774,9.43409527,-0.05981492791,0.003577825601,0.003718265067,0.9962817349,2094.627443,2201.738234,0.6564172494,0.6899837774,0.6559833928,0.723984162
real_20240703,real,2024-07-03,adapted,2209,0.6902966057,9.429664072,-0.1671282451,0.0279318503,0.001764885531,0.9982351145,2094.655375,2202.736469,0.6564260028,0.6902966057,0.6562962211,0.7242969903
real_20240703,real,2024-07-03,adapted,2210,0.6906095423,9.424312947,0.5641797116,0.318298747,0.001419326446,0.9985806736,2094.973674,2203.735049,0.6565257517,0.6906095423,0.6566091577,0.7246099269
real_20240703,real,2024-07-03,adapted,2211,0.6909226595,9.415880047,-0.06474299875,0.004191655888,0.0008429583011,0.9991570417,2094.977865,2204.734207,0.6565270653,0.6909226595,0.6569222749,0.7249230441
real_20240703,real,2024-07-03,adapted,2212,0.6912358201,9.414649955,1.24916379,1.560410175,0.0007047487985,0.9992952512,2096.538275,2205.733502,0.6570160688,0.6912358201,0.6572354355,0.7252362047
real_20240703,real,2024-07-03,adapted,2213,0.6915491756,9.414031945,-0.9785820975,0.9576229216,8.257381381e-05,0.9999174262,2097.495898,2206.733419,0.65731617,0.6915491756,0.657548791,0.7255495602
real_20240703,real,2024-07-03,adapted,2214,0.6918624798,9.412916767,-1.420371149,2.017454202,0.0002462116717,0.9997537883,2099.513353,2207.733173,0.6579484025,0.6918624798,0.6578620952,0.7258628644
real_20240703,real,2024-07-03,adapted,2215,0.69217558,9.406734525,-0.5724765466,0.3277293964,0.0008971021596,0.9991028978,2099.841082,2208.732276,0.6580511068,0.69217558,0.6581751954,0.7261759646
real_20240703,real,2024-07-03,adapted,2216,0.6924873048,9.400181722,0.6997484451,0.4896478865,0.005286214755,0.9947137852,2100.33073,2209.72699,0.6582045534,0.6924873048,0.6584869202,0.7264876894
real_20240703,real,2024-07-03,adapted,2217,0.6928002453,9.398811784,-1.178364179,1.388542138,0.001406875243,0.9985931248,2101.719272,2210.725583,0.6586396966,0.6928002453,0.6587998607,0.7268006299
real_20240703,real,2024-07-03,adapted,2218,0.6931129019,9.397523066,0.3654545637,0.1335570381,0.002312722107,0.9976872779,2101.852829,2211.72327,0.6586815509,0.6931129019,0.6591125173,0.7271132865
real_20240703,real,2024-07-03,adapted,2219,0.6934259197,9.395144534,-0.4175314532,0.1743325144,0.001160278943,0.9988397211,2102.027161,2212.72211,0.6587361835,0.6934259197,0.6594255351,0.7274263043
real_20240703,real,2024-07-03,adapted,2220,0.6937368256,9.394181993,-0.01891981412,0.0003579593665,0.007899414593,0.9921005854,2102.027519,2213.71421,0.6587362957,0.6937368256,0.659736441,0.7277372102
real_20240703,real,2024-07-03,adapted,2221,0.6940494089,9.391563746,-1.340052504,1.795740713,0.002546713508,0.9974532865,2103.82326,2214.711664,0.6592990474,0.6940494089,0.6600490243,0.7280497935
real_20240703,real,2024-07-03,adapted,2222,0.6943617877,9.390887896,-0.2766752646,0.07654920205,0.003199270876,0.9968007291,2103.899809,2215.708464,0.6593230365,0.6943617877,0.6603614031,0.7283621723
real_20240703,real,2024-07-03,adapted,2223,0.6946750142,9.389752579,-0.2381356393,0.05670858269,0.0004940314783,0.9995059685,2103.956518,2216.70797,0.6593408079,0.6946750142,0.6606746296,0.7286753988
real_20240703,real,2024-07-03,adapted,2224,0.6949868404,9.38709621,0.4040883878,0.1632874251,0.004962665875,0.9950373341,2104.119805,2217.703008,0.6593919791,0.6949868404,0.6609864558,0.728987225
real_20240703,real,2024-07-03,adapted,2225,0.6953001147,9.385954895,0.5253087034,0.2759492339,0.0003416225,0.9996583775,2104.395755,2218.702666,0.6594784565,0.6953001147,0.6612997301,0.7293004993
real_20240703,real,2024-07-03,adapted,2226,0.6956133112,9.384610224,0.03877800926,0.001503734002,0.0005900387248,0.9994099613,2104.397258,2219.702076,0.6594789277,0.6956133112,0.6616129266,0.7296136958
real_20240703,real,2024-07-03,adapted,2227,0.6959262284,9.382883123,0.2767377065,0.07658375822,0.00148129958,0.9985187004,2104.473842,2220.700595,0.6595029276,0.6959262284,0.6619258438,0.729926613
real_20240703,real,2024-07-03,adapted,2228,0.6962383432,9.378959786,-0.8232392466,0.6777228572,0.004041583638,0.9959584164,2105.151565,2221.696553,0.6597153134,0.6962383432,0.6622379586,0.7302387278
real_20240703,real,2024-07-03,adapted,2229,0.6965514372,9.377901282,0.6220973845,0.3870051558,0.0009171953979,0.9990828046,2105.53857,2222.695636,0.6598365936,0.6965514372,0.6625510526,0.7305518218
real_20240703,real,2024-07-03,adapted,2230,0.6968647053,9.37295567,1.787495474,3.195140071,0.0003612724164,0.9996387276,2108.73371,2223.695275,0.660837891,0.6968647053,0.6628643207,0.7308650899
real_20240703,real,2024-07-03,adapted,2231,0.6971777466,9.368311065,1.099962658,1.20991785,0.001085372113,0.9989146279,2109.943628,2224.694189,0.6612170567,0.6971777466,0.663177362,0.7311781312
real_20240703,real,2024-07-03,adapted,2232,0.6974904596,9.365149096,-1.118760991,1.251626154,0.002132827276,0.9978671727,2111.195254,2225.692057,0.6616092931,0.6974904596,0.663490075,0.7314908442
real_20240703,real,2024-07-03,adapted,2233,0.6978033227,9.364282853,0.1011539254,0.01023211662,0.001653716798,0.9983462832,2111.205486,2226.690403,0.6616124996,0.6978033227,0.6638029381,0.7318037073
real_20240703,real,2024-07-03,adapted,2234,0.6981165839,9.363203599,-2.054811974,4.222252249,0.0003836726388,0.9996163274,2115.427739,2227.690019,0.6629356749,0.6981165839,0.6641161993,0.7321169685
real_20240703,real,2024-07-03,adapted,2235,0.6984285058,9.359351642,0.5873004158,0.3449217783,0.004657206298,0.9953427937,2115.77266,2228.685362,0.6630437669,0.6984285058,0.6644281212,0.7324288904
real_20240703,real,2024-07-03,adapted,2236,0.6987417259,9.35791197,0.8712026707,0.7589940934,0.0005146884926,0.9994853115,2116.531654,2229.684847,0.6632816216,0.6987417259,0.6647413413,0.7327421105
real_20240703,real,2024-07-03,adapted,2237,0.6990549052,9.354799945,-1.019132169,1.038630379,0.0006446030592,0.9993553969,2117.570285,2230.684203,0.663607109,0.6990549052,0.6650545206,0.7330552898
real_20240703,real,2024-07-03,adapted,2238,0.6993680245,9.353382049,-0.3136954703,0.09840484811,0.0008365027897,0.9991634972,2117.66869,2231.683366,0.6636379472,0.6993680245,0.6653676399,0.7333684091
real_20240703,real,2024-07-03,adapted,2239,0.6996812174,9.350495609,-1.165874952,1.359264404,0.0006014989508,0.999398501,2119.027954,2232.682765,0.6640639154,0.6996812174,0.6656808328,0.733681602
real_20240703,real,2024-07-03,adapted,2240,0.6999928783,9.347624538,0.5541151611,0.3070436117,0.005489897032,0.994510103,2119.334998,2233.677275,0.6641601372,0.6999928783,0.6659924937,0.7339932629
real_20240703,real,2024-07-03,adapted,2241,0.7003058682,9.34337152,0.5034464203,0.2534582981,0.001249388074,0.9987506119,2119.588456,2234.676025,0.6642395663,0.7003058682,0.6663054836,0.7343062528
real_20240703,real,2024-07-03,adapted,2242,0.7006178166,9.342138841,-0.2693974661,0.07257499472,0.004572547809,0.9954274522,2119.661031,2235.671453,0.6642623099,0.7006178166,0.666617432,0.7346182012
real_20240703,real,2024-07-03,adapted,2243,0.7009287811,9.329207238,0.889371017,0.7909808059,0.007712364657,0.9922876353,2120.452012,2236.66374,0.6645101886,0.7009287811,0.6669283965,0.7349291657
real_20240703,real,2024-07-03,adapted,2244,0.7012419547,9.327134308,-0.6463059205,0.4177113429,0.0006631265436,0.9993368735,2120.869723,2237.663077,0.6646410915,0.7012419547,0.6672415701,0.7352423393
real_20240703,real,2024-07-03,adapted,2245,0.701555205,9.326594074,0.04715511172,0.002223604561,0.0004180493612,0.9995819506,2120.871947,2238.662659,0.6646417884,0.701555205,0.6675548204,0.7355555896
real_20240703,real,2024-07-03,adapted,2246,0.7018684062,9.323806962,-0.5402919147,0.2919153531,0.0005751262202,0.9994248738,2121.163862,2239.662084,0.6647332692,0.7018684062,0.6678680216,0.7358687908
real_20240703,real,2024-07-03,adapted,2247,0.702181493,9.32281926,0.3605516438,0.1299974878,0.0009400827697,0.9990599172,2121.29386,2240.661144,0.664774008,0.702181493,0.6681811084,0.7361818776
real_20240703,real,2024-07-03,adapted,2248,0.7024947199,9.321052265,-1.112969689,1.23870153,0.0004927258446,0.9995072742,2122.532561,2241.660651,0.665162194,0.7024947199,0.6684943353,0.7364951045
real_20240703,real,2024-07-03,adapted,2249,0.702807553,9.3174769,1.164646919,1.356402445,0.001749715965,0.998250284,2123.888964,2242.658902,0.6655872653,0.702807553,0.6688071684,0.7368079376
real_20240703,real,2024-07-03,adapted,2250,0.7031201797,9.317218752,0.01770669263,0.0003135269638,0.002408096182,0.9975919038,2123.889277,2243.656493,0.6655873635,0.7031201797,0.6691197951,0.7371205643
real_20240703,real,2024-07-03,adapted,2251,0.7034326647,9.316063471,-1.026020025,1.052717091,0.002860356129,0.9971396439,2124.941994,2244.653633,0.6659172655,0.7034326647,0.6694322801,0.7374330493
real_20240703,real,2024-07-03,adapted,2252,0.7037455362,9.312103292,0.5177923724,0.2681089409,0.001627151056,0.9983728489,2125.210103,2245.652006,0.6660012858,0.7037455362,0.6697451516,0.7377459208
real_20240703,real,2024-07-03,adapted,2253,0.704058401,9.30882421,-2.122811748,4.506329718,0.001648438841,0.9983515612,2129.716433,2246.650358,0.6674134857,0.704058401,0.6700580164,0.7380587856
real_20240703,real,2024-07-03,adapted,2254,0.7043715139,9.304422773,-0.7105991495,0.5049511513,0.0008567005026,0.9991432995,2130.221384,2247.649501,0.667571728,0.7043715139,0.6703711293,0.7383718985
real_20240703,real,2024-07-03,adapted,2255,0.7046845379,9.302311658,-0.8069239434,0.6511262504,0.001140464001,0.998859536,2130.87251,2248.64836,0.6677757788,0.7046845379,0.6706841533,0.7386849225
real_20240703,real,2024-07-03,adapted,2256,0.7049975989,9.301029078,1.220790771,1.490330107,0.001022350162,0.9989776498,2132.36284,2249.647338,0.6682428205,0.7049975989,0.6709972143,0.7389979835
real_20240703,real,2024-07-03,adapted,2257,0.7053103176,9.297476018,2.705700206,7.320813607,0.002114680379,0.9978853196,2139.683654,2250.645223,0.6705370272,0.7053103176,0.671309933,0.7393107022
real_20240703,real,2024-07-03,adapted,2258,0.7056234806,9.293727451,-0.2299143398,0.05286060364,0.0006966743296,0.9993033257,2139.736515,2251.644527,0.6705535928,0.7056234806,0.671623096,0.7396238652
real_20240703,real,2024-07-03,adapted,2259,0.7059365599,9.29204851,0.173338737,0.03004631773,0.0009639828192,0.9990360172,2139.766561,2252.643563,0.6705630087,0.7059365599,0.6719361753,0.7399369445
real_20240703,real,2024-07-03,adapted,2260,0.706249522,9.288435938,0.6959829056,0.4843922049,0.001338116912,0.9986618831,2140.250953,2253.642225,0.6707148082,0.706249522,0.6722491374,0.7402499066
real_20240703,real,2024-07-03,adapted,2261,0.7065622959,9.288148058,-0.458750558,0.2104520744,0.001938401009,0.998061599,2140.461405,2254.640286,0.67078076,0.7065622959,0.6725619113,0.7405626805
real_20240703,real,2024-07-03,adapted,2262,0.706874833,9.284531583,0.8393603859,0.7045258574,0.002694038142,0.9973059619,2141.165931,2255.637592,0.6710015453,0.706874833,0.6728744484,0.7408752176
real_20240703,real,2024-07-03,adapted,2263,0.7071871969,9.279198498,0.6265270357,0.3925361265,0.003246799405,0.9967532006,2141.558467,2256.634345,0.6711245588,0.7071871969,0.6731868123,0.7411875815
real_20240703,real,2024-07-03,adapted,2264,0.7075003329,9.276825466,0.5108295617,0.2609468411,0.0007829705362,0.9992170295,2141.819414,2257.633562,0.6712063347,0.7075003329,0.6734999483,0.7415007175
real_20240703,real,2024-07-03,adapted,2265,0.7078135456,9.273468285,0.6100699339,0.3721853242,0.0005384541566,0.9994615458,2142.191599,2258.633024,0.6713229706,0.7078135456,0.673813161,0.7418139302
real_20240703,real,2024-07-03,adapted,2266,0.7081248242,9.270263114,-1.285752293,1.653158959,0.006709772125,0.9932902279,2143.844758,2259.626314,0.6718410399,0.7081248242,0.6741244396,0.7421252088
real_20240703,real,2024-07-03,adapted,2267,0.7084377851,9.269241738,1.515264711,2.296027146,0.001341896041,0.998658104,2146.140785,2260.624972,0.672560572,0.7084377851,0.6744374005,0.7424381697
real_20240703,real,2024-07-03,adapted,2268,0.7087501014,9.264821909,-0.522480925,0.272986317,0.003398524259,0.9966014757,2146.413772,2261.621574,0.6726461209,0.7087501014,0.6747497168,0.742750486
real_20240703,real,2024-07-03,adapted,2269,0.7090634095,9.259712568,-1.625441832,2.64206115,0.000233958583,0.9997660414,2149.055833,2262.62134,0.6734740937,0.7090634095,0.6750630249,0.7430637941
real_20240703,real,2024-07-03,adapted,2270,0.7093766307,9.259075942,0.6991165859,0.4887640006,0.0005111660077,0.999488834,2149.544597,2263.620829,0.6736272632,0.7093766307,0.6753762461,0.7433770153
real_20240703,real,2024-07-03,adapted,2271,0.7096883129,9.25813599,2.014875419,4.059722956,0.005422180312,0.9945778197,2153.60432,2264.615406,0.6748995048,0.7096883129,0.6756879283,0.7436886975
real_20240703,real,2024-07-03,adapted,2272,0.7100010039,9.257214038,0.1639224045,0.0268705547,0.002202896124,0.9977971039,2153.63119,2265.613204,0.6749079255,0.7100010039,0.6760006193,0.7440013885
real_20240703,real,2024-07-03,adapted,2273,0.710314255,9.256384752,-1.510111433,2.28043654,0.0004158181286,0.9995841819,2155.911627,2266.612788,0.6756225719,0.710314255,0.6763138704,0.7443146396
real_20240703,real,2024-07-03,adapted,2274,0.7106274643,9.254421286,0.400727184,0.160582276,0.0005491489339,0.9994508511,2156.072209,2267.612239,0.6756728954,0.7106274643,0.6766270797,0.7446278489
real_20240703,real,2024-07-03,adapted,2275,0.7109404697,9.251880772,-0.7862039993,0.6181167285,0.001199858094,0.9988001419,2156.690326,2268.611039,0.6758666017,0.7109404697,0.6769400851,0.7449408543
real_20240703,real,2024-07-03,adapted,2276,0.711252153,9.250005679,-1.30437791,1.701401733,0.005418324858,0.9945816751,2158.391728,2269.60562,0.6763997893,0.711252153,0.6772517684,0.7452525376
real_20240703,real,2024-07-03,adapted,2277,0.7115653505,9.248775811,0.5991530036,0.3589843217,0.0005868844787,0.9994131155,2158.750712,2270.605033,0.6765122883,0.7115653505,0.6775649659,0.7455657351
real_20240703,real,2024-07-03,adapted,2278,0.711878502,9.245481443,-1.139548004,1.298569653,0.0007337057483,0.9992662943,2160.049282,2271.6043,0.6769192359,0.711878502,0.6778781174,0.7458788866
real_20240703,real,2024-07-03,adapted,2279,0.7121912788,9.242264656,-1.011419369,1.022969141,0.001929045511,0.9980709545,2161.072251,2272.602371,0.6772398153,0.7121912788,0.6781908942,0.7461916634
real_20240703,real,2024-07-03,adapted,2280,0.712504081,9.238855887,-0.355278211,0.1262226072,0.00184832576,0.9981516742,2161.198473,2273.600522,0.6772793712,0.712504081,0.6785036964,0.7465044656
real_20240703,real,2024-07-03,adapted,2281,0.7128169157,9.236945038,-0.4540342638,0.2061471127,0.00174428172,0.9982557183,2161.40462,2274.598778,0.6773439738,0.7128169157,0.6788165311,0.7468173003
real_20240703,real,2024-07-03,adapted,2282,0.7131300186,9.236183227,0.7873188437,0.6198709617,0.0008886254933,0.9991113745,2162.024491,2275.59789,0.6775382298,0.7131300186,0.679129634,0.7471304032
real_20240703,real,2024-07-03,adapted,2283,0.7134431192,9.235099678,-0.8313603156,0.6911599743,0.0008959822957,0.9991040177,2162.715651,2276.596994,0.6777548265,0.7134431192,0.6794427346,0.7474435038
real_20240703,real,2024-07-03,adapted,2284,0.7137561051,9.233269946,-0.3864792039,0.149366175,0.001262267143,0.9987377329,2162.865018,2277.595731,0.6778016351,0.7137561051,0.6797557205,0.7477564897
real_20240703,real,2024-07-03,adapted,2285,0.7140689948,9.231637113,0.3950825685,0.1560902359,0.001568874272,0.9984311257,2163.021108,2278.594162,0.6778505509,0.7140689948,0.6800686102,0.7480693794
real_20240703,real,2024-07-03,adapted,2286,0.7143822184,9.229444224,2.424156602,5.876535231,0.0005033963496,0.9994966037,2168.897643,2279.593659,0.6796921476,0.7143822184,0.6803818338,0.748382603
real_20240703,real,2024-07-03,adapted,2287,0.714695454,9.224548523,0.4285015911,0.1836136136,0.0004651325461,0.9995348675,2169.081257,2280.593194,0.6797496887,0.714695454,0.6806950694,0.7486958386
real_20240703,real,2024-07-03,adapted,2288,0.7150078212,9.221860138,-1.968271212,3.874091564,0.003236460565,0.9967635394,2172.955348,2281.589957,0.6809637569,0.7150078212,0.6810074366,0.7490082058
real_20240703,real,2024-07-03,adapted,2289,0.715321026,9.21598778,0.1780097063,0.03168745555,0.000563400895,0.9994365991,2172.987036,2282.589394,0.6809736871,0.715321026,0.6813206414,0.7493214106
real_20240703,real,2024-07-03,adapted,2290,0.7156339857,9.214883258,-0.4422234759,0.1955616026,0.001345718097,0.9986542819,2173.182597,2283.588048,0.6810349725,0.7156339857,0.6816336011,0.7496343703
real_20240703,real,2024-07-03,adapted,2291,0.7159462384,9.214856112,0.4117071561,0.1695027824,0.00360158547,0.9963984145,2173.3521,2284.584447,0.6810880915,0.7159462384,0.6819458538,0.749946623
real_20240703,real,2024-07-03,adapted,2292,0.7162590917,9.211626949,0.8139219092,0.6624688743,0.001685194848,0.9983148052,2174.014569,2285.582761,0.6812956969,0.7162590917,0.6822587071,0.7502594763
real_20240703,real,2024-07-03,adapted,2293,0.7165717672,9.207922708,-0.7168608301,0.5138894497,0.002252318659,0.9977476813,2174.528458,2286.580509,0.6814567403,0.7165717672,0.6825713826,0.7505721518
real_20240703,real,2024-07-03,adapted,2294,0.7168842873,9.206101948,0.6574718191,0.4322691929,0.002748519103,0.9972514809,2174.960728,2287.577761,0.6815922054,0.7168842873,0.6828839027,0.7508846719
real_20240703,real,2024-07-03,adapted,2295,0.7171972842,9.204640788,0.3209517881,0.1030100503,0.001226859336,0.9987731407,2175.063738,2288.576534,0.6816244869,0.7171972842,0.6831968996,0.7511976688
real_20240703,real,2024-07-03,adapted,2296,0.7175103194,9.203805039,-1.798062103,3.233027325,0.001104460416,0.9988955396,2178.296765,2289.575429,0.6826376575,0.7175103194,0.6835099348,0.751510704
real_20240703,real,2024-07-03,adapted,2297,0.7178228017,9.202879865,-0.8625274424,0.7439535888,0.002869224292,0.9971307757,2179.040719,2290.57256,0.6828707987,0.7178228017,0.6838224171,0.7518231863
real_20240703,real,2024-07-03,adapted,2298,0.718135579,9.198531711,-0.1871041839,0.03500797564,0.001927608698,0.9980723913,2179.075727,2291.570633,0.6828817695,0.718135579,0.6841351944,0.7521359636
real_20240703,real,2024-07-03,adapted,2299,0.7184467735,9.196448448,0.2867357573,0.08221739449,0.00697812264,0.9930218774,2179.157944,2292.563654,0.6829075349,0.7184467735,0.6844463889,0.7524471581
real_20240703,real,2024-07-03,adapted,2300,0.7187593586,9.194627316,1.271709707,1.617245578,0.002541219431,0.9974587806,2180.775189,2293.561113,0.6834143496,0.7187593586,0.684758974,0.7527597432
real_20240703,real,2024-07-03,adapted,2301,0.7190714459,9.192558353,1.04468674,1.091370385,0.00412940022,0.9958705998,2181.86656,2294.556984,0.6837563647,0.7190714459,0.6850710613,0.7530718305
real_20240703,real,2024-07-03,adapted,2302,0.7193843653,9.190955987,-0.5406878627,0.2923433649,0.00147407543,0.9985259246,2182.158903,2295.55551,0.6838479797,0.7193843653,0.6853839807,0.7533847499
real_20240703,real,2024-07-03,adapted,2303,0.7196973913,9.189887775,-1.160101309,1.345835047,0.001133933432,0.9988660666,2183.504738,2296.554376,0.6842697394,0.7196973913,0.6856970067,0.7536977759
real_20240703,real,2024-07-03,adapted,2304,0.7200090065,9.186833913,-1.703913388,2.903320835,0.005635946601,0.9943640534,2186.408059,2297.54874,0.6851795861,0.7200090065,0.6860086219,0.7540093911
real_20240703,real,2024-07-03,adapted,2305,0.7203187965,9.18610934,0.08410662758,0.007073924803,0.01146003833,0.9885399617,2186.415133,2298.53728,0.6851818029,0.7203187965,0.6863184119,0.7543191811
real_20240703,real,2024-07-03,adapted,2306,0.7206315702,9.180391282,1.756108223,3.083916089,0.001939287756,0.9980607122,2189.499049,2299.53534,0.6861482448,0.7206315702,0.6866311856,0.7546319548
real_20240703,real,2024-07-03,adapted,2307,0.7209447462,9.178715461,0.7011293,0.4915822953,0.0006554348092,0.9993445652,2189.990631,2300.534685,0.6863022975,0.7209447462,0.6869443616,0.7549451308
real_20240703,real,2024-07-03,adapted,2308,0.7212578787,9.176015942,1.79942223,3.237920363,0.0007942087503,0.9992057912,2193.228552,2301.533891,0.6873170015,0.7212578787,0.6872574941,0.7552582633
real_20240703,real,2024-07-03,adapted,2309,0.7215704196,9.168637837,-1.036075826,1.073453117,0.002681938694,0.9973180613,2194.302005,2302.531209,0.6876534017,0.7215704196,0.687570035,0.7555708042
real_20240703,real,2024-07-03,adapted,2310,0.7218833611,9.16630471,0.714186033,0.5100616897,0.001403591971,0.998596408,2194.812067,2303.529805,0.6878132456,0.7218833611,0.6878829765,0.7558837457
real_20240703,real,2024-07-03,adapted,2311,0.7221966304,9.162180023,0.1736693832,0.03016105465,0.0003577923429,0.9996422077,2194.842228,2304.529448,0.6878226975,0.7221966304,0.6881962458,0.756197015
real_20240703,real,2024-07-03,adapted,2312,0.7225094769,9.157297565,1.258292248,1.583299382,0.00170667986,0.9982933201,2196.425527,2305.527741,0.688318874,0.7225094769,0.6885090923,0.7565098615
real_20240703,real,2024-07-03,adapted,2313,0.7228219734,9.154678602,0.1374952185,0.01890493511,0.00282363006,0.9971763699,2196.444432,2306.524917,0.6883247985,0.7228219734,0.6888215888,0.756822358
real_20240703,real,2024-07-03,adapted,2314,0.7231342963,9.152797498,0.5939280238,0.3527504975,0.003377815684,0.9966221843,2196.797182,2307.521539,0.6884353439,0.7231342963,0.6891339117,0.7571346809
real_20240703,real,2024-07-03,adapted,2315,0.7234462539,9.151852982,0.2960560773,0.0876492009,0.00454334847,0.9954566515,2196.884832,2308.516996,0.6884628116,0.7234462539,0.6894458693,0.7574466385
real_20240703,real,2024-07-03,adapted,2316,0.723759132,9.150901934,-0.8978564546,0.8061462131,0.001605979413,0.9983940206,2197.690978,2309.51539,0.6887154428,0.723759132,0.6897587474,0.7577595166
real_20240703,real,2024-07-03,adapted,2317,0.7240712593,9.147120242,-0.7836808309,0.6141556447,0.004001486398,0.9959985136,2198.305134,2310.511389,0.6889079077,0.7240712593,0.6900708747,0.7580716439
real_20240703,real,2024-07-03,adapted,2318,0.7243838322,9.142982001,0.6643040227,0.4412998346,0.002580108324,0.9974198917,2198.746433,2311.508808,0.6890462029,0.7243838322,0.6903834476,0.7583842168
real_20240703,real,2024-07-03,adapted,2319,0.7246956071,9.140344199,-0.2500369448,0.06251847375,0.005126237198,0.9948737628,2198.808952,2312.503682,0.689065795,0.7246956071,0.6906952225,0.7586959917
real_20240703,real,2024-07-03,adapted,2320,0.725008571,9.13999332,0.1513746944,0.0229142981,0.001332313525,0.9986676865,2198.831866,2313.50235,0.6890729759,0.725008571,0.6910081864,0.7590089556
real_20240703,real,2024-07-03,adapted,2321,0.7253216774,9.138540546,-0.3645879417,0.1329243672,0.0008774494205,0.9991225506,2198.964791,2314.501472,0.6891146319,0.7253216774,0.6913212928,0.759322062
real_20240703,real,2024-07-03,adapted,2322,0.7256344001,9.135841905,-0.4997973334,0.2497973744,0.002101594692,0.9978984053,2199.214588,2315.499371,0.6891929138,0.7256344001,0.6916340155,0.7596347847
real_20240703,real,2024-07-03,adapted,2323,0.725945925,9.133491468,0.3516483352,0.1236565516,0.005924117035,0.994075883,2199.338244,2316.493447,0.6892316654,0.725945925,0.6919455404,0.7599463096
real_20240703,real,2024-07-03,adapted,2324,0.726258486,9.132810861,0.3508180724,0.1230733199,0.002617808435,0.9973821916,2199.461318,2317.490829,0.6892702343,0.726258486,0.6922581014,0.7602588706
real_20240703,real,2024-07-03,adapted,2325,0.726571695,9.130596051,-0.1108942261,0.01229752938,0.0005502316461,0.9994497684,2199.473615,2318.490279,0.6892740881,0.726571695,0.6925713104,0.7605720796
real_20240703,real,2024-07-03,adapted,2326,0.7268847871,9.129091627,1.100250277,1.210550672,0.0009231577427,0.9990768423,2200.684166,2319.489356,0.6896534522,0.7268847871,0.6928844025,0.7608851717
real_20240703,real,2024-07-03,adapted,2327,0.7271974505,9.12476439,-0.7934517401,0.6295656639,0.002291040521,0.9977089595,2201.313732,2320.487065,0.6898507464,0.7271974505,0.6931970659,0.7611978351
real_20240703,real,2024-07-03,adapted,2328,0.7275103,9.123555907,-0.404793271,0.1638575923,0.00169730085,0.9983026991,2201.477589,2321.485367,0.6899020963,0.7275103,0.6935099154,0.7615106846
real_20240703,real,2024-07-03,adapted,2329,0.7278235849,9.122863092,-0.2359732363,0.05568336826,0.0003078229209,0.9996921771,2201.533273,2322.485059,0.6899195464,0.7278235849,0.6938232003,0.7618239695
real_20240703,real,2024-07-03,adapted,2330,0.7281367499,9.120716257,0.466234955,0.2173750332,0.0006903618341,0.9993096382,2201.750648,2323.484369,0.6899876677,0.7281367499,0.6941363653,0.7621371345
real_20240703,real,2024-07-03,adapted,2331,0.7284493257,9.119375715,1.306668209,1.707381808,0.002570577486,0.9974294225,2203.458029,2324.481798,0.6905227294,0.7284493257,0.6944489411,0.7624497103
real_20240703,real,2024-07-03,adapted,2332,0.7287622735,9.115354658,-0.1108612519,0.01229021717,0.001383754052,0.9986162459,2203.47032,2325.480415,0.6905265809,0.7287622735,0.6947618889,0.7627626581
real_20240703,real,2024-07-03,adapted,2333,0.7290753627,9.11356088,-0.649075089,0.4212984711,0.0009323419557,0.999067658,2203.891618,2326.479482,0.690658608,0.7290753627,0.6950749781,0.7630757473
real_20240703,real,2024-07-03,adapted,2334,0.7293884344,9.111398555,-1.261913575,1.59242587,0.0009880709698,0.999011929,2205.484044,2327.478494,0.6911576446,0.7293884344,0.6953880498,0.763388819
real_20240703,real,2024-07-03,adapted,2335,0.7297014807,9.10869222,-1.53832955,2.366457805,0.00106946656,0.9989305334,2207.850502,2328.477425,0.6918992484,0.7297014807,0.6957010961,0.7637018653
real_20240703,real,2024-07-03,adapted,2336,0.7300145667,9.102852331,0.3923076912,0.1539053246,0.0009424288351,0.9990575712,2208.004407,2329.476482,0.6919474795,0.7300145667,0.6960141821,0.7640149513
real_20240703,real,2024-07-03,adapted,2337,0.7303275773,9.099919711,1.173692125,1.377553205,0.001183173901,0.9988168261,2209.38196,2330.475299,0.692379179,0.7303275773,0.6963271927,0.7643279619
real_20240703,real,2024-07-03,adapted,2338,0.7306407958,9.099731439,1.427755859,2.038486793,0.0005198046866,0.9994801953,2211.420447,2331.474779,0.6930180029,0.7306407958,0.6966404112,0.7646411804
real_20240703,real,2024-07-03,adapted,2339,0.730953721,9.09590066,0.2434240309,0.05925525884,0.00145566688,0.9985443331,2211.479702,2332.473324,0.6930365723,0.730953721,0.6969533364,0.7649541056
real_20240703,real,2024-07-03,adapted,2340,0.7312660762,9.09309915,0.1823498502,0.03325146787,0.00327446206,0.9967255379,2211.512954,2333.470049,0.6930469927,0.7312660762,0.6972656916,0.7652664608
real_20240703,real,2024-07-03,adapted,2341,0.7315790959,9.0925336,-0.1188779151,0.01413195871,0.001154419593,0.9988455804,2211.527086,2334.468895,0.6930514214,0.7315790959,0.6975787113,0.7655794805
real_20240703,real,2024-07-03,adapted,2342,0.7318912179,9.091448128,0.4636279271,0.2149508548,0.004018394906,0.9959816051,2211.742037,2335.464876,0.693118783,0.7318912179,0.6978908333,0.7658916025
real_20240703,real,2024-07-03,adapted,2343,0.73220441,9.089795519,0.01297727351,0.0001684096277,0.0006040319392,0.9993959681,2211.742205,2336.464272,0.6931188358,0.73220441,0.6982040254,0.7662047946
real_20240703,real,2024-07-03,adapted,2344,0.732517466,9.088484831,1.363966955,1.860405855,0.001038508312,0.9989614917,2213.602611,2337.463234,0.6937018524,0.732517466,0.6985170814,0.7665178506
real_20240703,real,2024-07-03,adapted,2345,0.7328306773,9.088204165,0.1416081994,0.02005288213,0.0005426738528,0.9994573261,2213.622664,2338.462691,0.6937081366,0.7328306773,0.6988302927,0.7668310619
real_20240703,real,2024-07-03,adapted,2346,0.7331436336,9.084911193,0.08919357005,0.007955492939,0.001356373718,0.9986436263,2213.630619,2339.461335,0.6937106297,0.7331436336,0.699143249,0.7671440182
real_20240703,real,2024-07-03,adapted,2347,0.7334567461,9.084624819,-1.466759829,2.151384396,0.000857999699,0.9991420003,2215.782004,2340.460477,0.6943848335,0.7334567461,0.6994563615,0.7674571307
real_20240703,real,2024-07-03,adapted,2348,0.7337699274,9.083682029,-0.6531687204,0.4266293773,0.0006384329073,0.9993615671,2216.208633,2341.459838,0.6945185312,0.7337699274,0.6997695428,0.767770312
real_20240703,real,2024-07-03,adapted,2349,0.734080946,9.080006825,0.1829027861,0.03345342915,0.007539793044,0.992460207,2216.242086,2342.452299,0.6945290149,0.734080946,0.7000805614,0.7680813306
real_20240703,real,2024-07-03,adapted,2350,0.7343935324,9.079338763,1.884249439,3.550395948,0.00253665338,0.9974633466,2219.792482,2343.449762,0.6956416429,0.7343935324,0.7003931478,0.768393917
real_20240703,real,2024-07-03,adapted,2351,0.7347051118,9.076728729,-0.2181376359,0.04758402819,0.005750271044,0.994249729,2219.840066,2344.444012,0.6956565548,0.7347051118,0.7007047272,0.7687054964
real_20240703,real,2024-07-03,adapted,2352,0.7350182321,9.071793867,0.8366211588,0.6999349633,0.0008330552302,0.9991669448,2220.540001,2345.443179,0.6958759014,0.7350182321,0.7010178475,0.7690186167
real_20240703,real,2024-07-03,adapted,2353,0.7353312656,9.071266171,1.977869494,3.911967736,0.001110257381,0.9988897426,2224.451969,2346.442068,0.6971018393,0.7353312656,0.701330881,0.7693316502
real_20240703,real,2024-07-03,adapted,2354,0.7356415507,9.069785119,1.362208198,1.855611175,0.009880022601,0.9901199774,2226.30758,2347.432188,0.6976833533,0.7356415507,0.7016411661,0.7696419353
real_20240703,real,2024-07-03,adapted,2355,0.7359548595,9.069382628,1.458436271,2.127036357,0.0002316259325,0.9997683741,2228.434617,2348.431957,0.6983499269,0.7359548595,0.7019544749,0.7699552441
real_20240703,real,2024-07-03,adapted,2356,0.7362678758,9.065559035,0.8737760639,0.7634846098,0.001164988339,0.9988350117,2229.198101,2349.430792,0.6985891887,0.7362678758,0.7022674912,0.7702682604
real_20240703,real,2024-07-03,adapted,2357,0.7365809446,9.063706008,0.7331994006,0.537581361,0.000997661556,0.9990023384,2229.735683,2350.429794,0.6987576567,0.7365809446,0.70258056,0.7705813292
real_20240703,real,2024-07-03,adapted,2358,0.7368940576,9.05798129,0.5732252569,0.3285871952,0.0008561571817,0.9991438428,2230.06427,2351.428938,0.6988606299,0.7368940576,0.702893673,0.7708944423
real_20240703,real,2024-07-03,adapted,2359,0.7372062697,9.0551426,1.099476272,1.208848074,0.003731276827,0.9962687232,2231.273118,2352.425207,0.6992394603,0.7372062697,0.7032058851,0.7712066543
real_20240703,real,2024-07-03,adapted,2360,0.7375191491,9.052818822,1.316828075,1.734036179,0.001602043876,0.9983979561,2233.007154,2353.423605,0.699782875,0.7375191491,0.7035187645,0.7715195337
real_20240703,real,2024-07-03,adapted,2361,0.7378322035,9.047904006,0.8809517898,0.776076056,0.001043252846,0.9989567472,2233.78323,2354.422561,0.7000260828,0.7378322035,0.7038318189,0.7718325881
real_20240703,real,2024-07-03,adapted,2362,0.738144062,9.047502802,-1.190149805,1.416456558,0.00485968393,0.9951403161,2235.199687,2355.417702,0.7004699739,0.738144062,0.7041436774,0.7721444466
real_20240703,real,2024-07-03,adapted,2363,0.7384557556,9.046847,0.2304783056,0.05312024934,0.005385507605,0.9946144924,2235.252807,2356.412316,0.7004866208,0.7384557556,0.704455371,0.7724561402
real_20240703,real,2024-07-03,adapted,2364,0.7387682211,9.046067876,-0.8733132926,0.7626761071,0.002922577588,0.9970774224,2236.015483,2357.409394,0.7007256293,0.7387682211,0.7047678365,0.7727686057
real_20240703,real,2024-07-03,adapted,2365,0.73908153,9.044805723,-2.096588174,4.395681973,0.0002312556227,0.9997687444,2240.411165,2358.409162,0.7021031542,0.73908153,0.7050811454,0.7730819146
real_20240703,real,2024-07-03,adapted,2366,0.7393942259,9.043737056,0.5042290463,0.2542469311,0.002187460875,0.9978125391,2240.665412,2359.406975,0.7021828305,0.7393942259,0.7053938413,0.7733946105
real_20240703,real,2024-07-03,adapted,2367,0.7397042727,9.04287784,0.004192263866,1.757507632e-05,0.01064074387,0.9893592561,2240.66543,2360.396334,0.702182836,0.7397042727,0.7057038881,0.7737046573
real_20240703,real,2024-07-03,adapted,2368,0.7400172782,9.040776631,0.8386334941,0.7033061374,0.001199573996,0.998800426,2241.368736,2361.395135,0.702403239,0.7400172782,0.7060168936,0.7740176628
real_20240703,real,2024-07-03,adapted,2369,0.7403304359,9.039365478,-0.03332256761,0.001110393512,0.0007135145831,0.9992864854,2241.369846,2362.394421,0.702403587,0.7403304359,0.7063300513,0.7743308205
real_20240703,real,2024-07-03,adapted,2370,0.7406437655,9.037779454,0.3780886342,0.1429510153,0.0001653717818,0.9998346282,2241.512797,2363.394256,0.7024483852,0.7406437655,0.7066433809,0.7746441501
real_20240703,real,2024-07-03,adapted,2371,0.7409539662,9.034800952,-1.569606774,2.463665424,0.01014946582,0.9898505342,2243.976463,2364.384106,0.7032204521,0.7409539662,0.7069535816,0.7749543508
real_20240703,real,2024-07-03,adapted,2372,0.741266707,9.032753965,-0.3902502184,0.1522952329,0.002044165962,0.997955834,2244.128758,2365.382062,0.7032681786,0.741266707,0.7072663224,0.7752670916
real_20240703,real,2024-07-03,adapted,2373,0.7415774216,9.026933965,-0.2617724139,0.06852479666,0.008509653099,0.9914903469,2244.197283,2366.373552,0.7032896529,0.7415774216,0.707577037,0.7755778062
real_20240703,real,2024-07-03,adapted,2374,0.7418907314,9.022312806,0.7368960549,0.5430157958,0.00022856749,0.9997714325,2244.740298,2367.373324,0.703459824,0.7418907314,0.7078903468,0.775891116
real_20240703,real,2024-07-03,adapted,2375,0.7422032941,9.019412669,0.0216822219,0.0004701187467,0.00261227486,0.9973877251,2244.740768,2368.370712,0.7034599713,0.7422032941,0.7082029095,0.7762036787
real_20240703,real,2024-07-03,adapted,2376,0.7425165414,9.018911304,-0.4731950656,0.2239135701,0.0004280613786,0.9995719386,2244.964682,2369.370284,0.7035301417,0.7425165414,0.7085161568,0.776516926
real_20240703,real,2024-07-03,adapted,2377,0.742828783,9.013896787,-1.148615615,1.319317831,0.003636933307,0.9963630667,2246.284,2370.366647,0.7039435913,0.742828783,0.7088283984,0.7768291676
real_20240703,real,2024-07-03,adapted,2378,0.7431406805,9.009573602,-1.330087092,1.769131673,0.004734992621,0.9952650074,2248.053132,2371.361912,0.7044980042,0.7431406805,0.7091402959,0.7771410651
real_20240703,real,2024-07-03,adapted,2379,0.7434514652,9.006754839,-1.35012649,1.82284154,0.008286070282,0.9917139297,2249.875973,2372.353626,0.7050692489,0.7434514652,0.7094510806,0.7774518498
real_20240703,real,2024-07-03,adapted,2380,0.7437643697,9.003820644,0.3463667978,0.1199699586,0.001521909895,0.9984780901,2249.995943,2373.352104,0.7051068452,0.7437643697,0.7097639851,0.7777647543
real_20240703,real,2024-07-03,adapted,2381,0.7440776933,8.999225158,1.693187973,2.866885511,0.0001843424,0.9998156576,2252.862829,2374.351919,0.7060052738,0.7440776933,0.7100773087,0.7780780779
real_20240703,real,2024-07-03,adapted,2382,0.7443903909,8.99740146,-0.4224719658,0.1784825619,0.002181853929,0.9978181461,2253.041311,2375.349737,0.7060612069,0.7443903909,0.7103900063,0.7783907755
real_20240703,real,2024-07-03,adapted,2383,0.7447031758,8.996111912,0.2582683497,0.06670254048,0.001903361652,0.9980966383,2253.108014,2376.347834,0.7060821102,0.7447031758,0.7107027912,0.7787035604
real_20240703,real,2024-07-03,adapted,2384,0.7450161915,8.994940033,-0.1596535574,0.02548925839,0.001166930086,0.9988330699,2253.133503,2377.346667,0.7060900981,0.7450161915,0.7110158069,0.7790165761
real_20240703,real,2024-07-03,adapted,2385,0.7453288644,8.993862062,1.413963913,1.999293947,0.002260910171,0.9977390898,2255.132797,2378.344406,0.7067166396,0.7453288644,0.7113284798,0.779329249
real_20240703,real,2024-07-03,adapted,2386,0.7456418335,8.992390247,-1.126339846,1.268641448,0.001315489426,0.9986845106,2256.401438,2379.343091,0.7071142082,0.7456418335,0.7116414489,0.7796422181
real_20240703,real,2024-07-03,adapted,2387,0.7459550036,8.991749665,1.25328597,1.570725723,0.0006743820872,0.9993256179,2257.972164,2380.342416,0.7076064444,0.7459550036,0.711954619,0.7799553882
real_20240703,real,2024-07-03,adapted,2388,0.746268293,8.987355999,-1.544802821,2.386415755,0.0002934929313,0.9997065071,2260.35858,2381.342123,0.7083543027,0.746268293,0.7122679084,0.7802686776
real_20240703,real,2024-07-03,adapted,2389,0.7465813998,8.986716525,0.112467865,0.01264902065,0.0008761530106,0.999123847,2260.371229,2382.341247,0.7083582666,0.7465813998,0.7125810152,0.7805817844
real_20240703,real,2024-07-03,adapted,2390,0.7468930609,8.983804992,-0.5282988995,0.2790997272,0.005489512633,0.9945104874,2260.650329,2383.335757,0.7084457313,0.7468930609,0.7128926763,0.7808934455
real_20240703,real,2024-07-03,adapted,2391,0.7472061525,8.980604528,-1.743751782,3.040670276,0.000924503977,0.999075496,2263.690999,2384.334833,0.7093986208,0.7472061525,0.7132057679,0.7812065371
real_20240703,real,2024-07-03,adapted,2392,0.7475165574,8.979996559,1.199938435,1.439852249,0.009498050681,0.9905019493,2265.130851,2385.325335,0.7098498436,0.7475165574,0.7135161728,0.781516942
real_20240703,real,2024-07-03,adapted,2393,0.7478288136,8.979029184,-0.9444967088,0.8920740329,0.00359033448,0.9964096655,2266.022925,2386.321744,0.710129403,0.7478288136,0.713828429,0.7818291982
real_20240703,real,2024-07-03,adapted,2394,0.7481416515,8.975847529,-0.6782148389,0.4599753678,0.001734215539,0.9982657845,2266.4829,2387.32001,0.7102735508,0.7481416515,0.7141412669,0.7821420361
real_20240703,real,2024-07-03,adapted,2395,0.7484546578,8.975161903,-0.3473022211,0.1206188328,0.00119707881,0.9988029212,2266.603519,2388.318813,0.7103113505,0.7484546578,0.7144542732,0.7824550424
real_20240703,real,2024-07-03,adapted,2396,0.7487666905,8.972708141,-0.6386227568,0.4078390255,0.004303650952,0.995696349,2267.011358,2389.314509,0.7104391596,0.7487666905,0.7147663059,0.7827670751
real_20240703,real,2024-07-03,adapted,2397,0.7490799595,8.971371044,1.556275878,2.421994609,0.0003586870819,0.9996413129,2269.433353,2390.314151,0.7111981676,0.7490799595,0.7150795749,0.7830803441
real_20240703,real,2024-07-03,adapted,2398,0.7493929073,8.969240198,-0.8716039026,0.759693363,0.001383354238,0.9986166458,2270.193046,2391.312767,0.7114362414,0.7493929073,0.7153925227,0.7833932919
real_20240703,real,2024-07-03,adapted,2399,0.7497057765,8.962494202,-1.166142595,1.359888553,0.001634438558,0.9983655614,2271.552935,2392.311133,0.7118624052,0.7497057765,0.7157053919,0.7837061611
real_20240703,real,2024-07-03,adapted,2400,0.7500188685,8.958184781,-1.478447671,2.185807517,0.0009235106987,0.9990764893,2273.738742,2393.310209,0.7125473965,0.7500188685,0.7160184839,0.7840192531
real_20240703,real,2024-07-03,adapted,2401,0.75033179,8.957600814,0.2962443833,0.08776073466,0.001467591951,0.998532408,2273.826503,2394.308742,0.7125748991,0.75033179,0.7163314054,0.7843321746
real_20240703,real,2024-07-03,adapted,2402,0.7506445904,8.954414998,-0.07501543548,0.00562731556,0.001853768663,0.9981462313,2273.83213,2395.306888,0.7125766626,0.7506445904,0.7166442058,0.784644975
real_20240703,real,2024-07-03,adapted,2403,0.7509578365,8.951694201,-0.4798721212,0.2302772527,0.0004316871773,0.9995683128,2274.062408,2396.306456,0.7126488272,0.7509578365,0.7169574519,0.7849582211
real_20240703,real,2024-07-03,adapted,2404,0.7512706809,8.950470693,0.3445452668,0.1187114409,0.001713645159,0.9982863548,2274.181119,2397.304743,0.7126860292,0.7512706809,0.7172702963,0.7852710655
real_20240703,real,2024-07-03,adapted,2405,0.7515839523,8.949596667,1.256907798,1.579817213,0.0003509198742,0.9996490801,2275.760936,2398.304392,0.7131811145,0.7515839523,0.7175835677,0.7855843369
real_20240703,real,2024-07-03,adapted,2406,0.7518969157,8.94902118,0.5078006744,0.2578615249,0.001333862854,0.9986661371,2276.018798,2399.303058,0.7132619235,0.7518969157,0.7178965311,0.7858973003
real_20240703,real,2024-07-03,adapted,2407,0.7522099287,8.947379304,-0.623007443,0.388138274,0.001175543099,0.9988244569,2276.406936,2400.301882,0.7133835588,0.7522099287,0.7182095441,0.7862103133
real_20240703,real,2024-07-03,adapted,2408,0.7525229421,8.94701849,0.3454970466,0.1193682092,0.001174000018,0.998826,2276.526304,2401.300708,0.7134209666,0.7525229421,0.7185225575,0.7865233267
real_20240703,real,2024-07-03,adapted,2409,0.7528358475,8.94321402,0.2942767283,0.08659879284,0.001518834977,0.998481165,2276.612903,2402.299189,0.713448105,0.7528358475,0.7188354629,0.7868362321
real_20240703,real,2024-07-03,adapted,2410,0.7531490047,8.941587381,-0.1316969907,0.01734409736,0.0007154013215,0.9992845987,2276.630247,2403.298474,0.7134535403,0.7531490047,0.7191486201,0.7871493893
real_20240703,real,2024-07-03,adapted,2411,0.7534619397,8.937760733,-0.5871964925,0.3447997208,0.001424670669,0.9985753293,2276.975047,2404.297049,0.7135615942,0.7534619397,0.719461555,0.7874623243
real_20240703,real,2024-07-03,adapted,2412,0.7537748824,8.935968103,-0.8685662238,0.7544072852,0.001399709588,0.9986002904,2277.729454,2405.29565,0.7137980114,0.7537748824,0.7197744978,0.787775267
real_20240703,real,2024-07-03,adapted,2413,0.7540872992,8.932610772,-1.306631539,1.70728598,0.003078093339,0.9969219067,2279.43674,2406.292572,0.714333043,0.7540872992,0.7200869146,0.7880876838
real_20240703,real,2024-07-03,adapted,2414,0.7544003401,8.930926248,-0.01834047496,0.0003363730218,0.001086482859,0.9989135171,2279.437077,2407.291485,0.7143331484,0.7544003401,0.7203999555,0.7884007247
real_20240703,real,2024-07-03,adapted,2415,0.7547131401,8.929359218,1.022258164,1.045011754,0.001855057317,0.9981449427,2280.482088,2408.28963,0.7146606356,0.7547131401,0.7207127555,0.7887135247
real_20240703,real,2024-07-03,adapted,2416,0.755026133,8.928114299,1.804383964,3.25580149,0.001239657381,0.9987603426,2283.73789,2409.28839,0.7156809432,0.755026133,0.7210257484,0.7890265176
real_20240703,real,2024-07-03,adapted,2417,0.7553389174,8.925441764,-0.3053592694,0.09324428343,0.001905095003,0.998094905,2283.831134,2410.286485,0.7157101642,0.7553389174,0.7213385328,0.789339302
real_20240703,real,2024-07-03,adapted,2418,0.7556508667,8.919636009,-0.1407943673,0.01982305386,0.004569532438,0.9954304676,2283.850957,2411.281916,0.7157163764,0.7556508667,0.7216504821,0.7896512513
real_20240703,real,2024-07-03,adapted,2419,0.7559639249,8.917886518,1.109498767,1.230987514,0.001031445761,0.9989685542,2285.081945,2412.280884,0.716102145,0.7559639249,0.7219635403,0.7899643095
real_20240703,real,2024-07-03,adapted,2420,0.7562754513,8.915911419,1.17372129,1.377621666,0.005919175589,0.9940808244,2286.459566,2413.274965,0.716533866,0.7562754513,0.7222750667,0.7902758359
real_20240703,real,2024-07-03,adapted,2421,0.7565884018,8.914325267,-1.501924867,2.255778306,0.001375179243,0.9986248208,2288.715345,2414.27359,0.7172407849,0.7565884018,0.7225880172,0.7905887864
real_20240703,real,2024-07-03,adapted,2422,0.7569012882,8.910712818,-0.0206815537,0.0004277266636,0.001579292518,0.9984207075,2288.715772,2415.272011,0.717240919,0.7569012882,0.7229009036,0.7909016728
real_20240703,real,2024-07-03,adapted,2423,0.757214252,8.905376983,-0.1744404963,0.03042948674,0.00133249545,0.9986675045,2288.746202,2416.270678,0.717250455,0.757214252,0.7232138674,0.7912146366
real_20240703,real,2024-07-03,adapted,2424,0.7575255914,8.904089817,0.8300258589,0.6889429265,0.006516076581,0.9934839234,2289.435145,2417.264162,0.7174663569,0.7575255914,0.7235252068,0.791525976
real_20240703,real,2024-07-03,adapted,2425,0.7578383296,8.899803181,0.439667465,0.1933074798,0.002052465295,0.9979475347,2289.628452,2418.26211,0.7175269358,0.7578383296,0.723837945,0.7918387142
real_20240703,real,2024-07-03,adapted,2426,0.758151555,8.898596019,0.1389733118,0.01931358138,0.0004976039852,0.999502396,2289.647766,2419.261612,0.7175329884,0.758151555,0.7241511704,0.7921519396
real_20240703,real,2024-07-03,adapted,2427,0.7584645578,8.898169558,-1.077338275,1.16065776,0.001208120962,0.998791879,2290.808424,2420.260404,0.7178967169,0.7584645578,0.7244641732,0.7924649424
real_20240703,real,2024-07-03,adapted,2428,0.7587776989,8.895353278,2.015525282,4.062342163,0.0007668929201,0.9992331071,2294.870766,2421.259637,0.7191697793,0.7587776989,0.7247773143,0.7927780835
real_20240703,real,2024-07-03,adapted,2429,0.7590907813,8.892866699,-0.001911132587,3.652427767e-06,0.0009538861948,0.9990461138,2294.870769,2422.258683,0.7191697805,0.7590907813,0.7250903967,0.7930911659
real_20240703,real,2024-07-03,adapted,2430,0.7594038941,8.889811946,0.2642025042,0.06980296322,0.0008570903791,0.9991429096,2294.940572,2423.257826,0.7191916554,0.7594038941,0.7254035095,0.7934042787
real_20240703,real,2024-07-03,adapted,2431,0.7597170273,8.889645534,0.2560611216,0.06556729801,0.0007919146345,0.9992080854,2295.00614,2424.257034,0.719212203,0.7597170273,0.7257166427,0.7937174119
real_20240703,real,2024-07-03,adapted,2432,0.7600302436,8.884807569,0.1707852716,0.029167609,0.0005267701844,0.9994732298,2295.035307,2425.256507,0.7192213436,0.7600302436,0.726029859,0.7940306282
real_20240703,real,2024-07-03,adapted,2433,0.7603431335,8.883128069,-0.3392049235,0.1150599801,0.001568411836,0.9984315882,2295.150367,2426.254939,0.7192574012,0.7603431335,0.7263427489,0.7943435181
real_20240703,real,2024-07-03,adapted,2434,0.7606553869,8.881127461,-0.2229081195,0.04968802972,0.003599456568,0.9964005434,2295.200055,2427.25134,0.7192729725,0.7606553869,0.7266550023,0.7946557715
real_20240703,real,2024-07-03,adapted,2435,0.7609685778,8.880157369,1.366458989,1.867210167,0.0006077310739,0.9993922689,2297.067265,2428.250732,0.7198581214,0.7609685778,0.7269681932,0.7949689624
real_20240703,real,2024-07-03,adapted,2436,0.7612812852,8.878748662,3.864342949,14.93314643,0.002150585983,0.997849414,2312.000412,2429.248581,0.7245378915,0.7612812852,0.7272809006,0.7952816698
real_20240703,real,2024-07-03,adapted,2437,0.7615937278,8.873758347,0.7727886435,0.5972022876,0.002995799252,0.9970042007,2312.597614,2430.245585,0.7247250436,0.7615937278,0.7275933432,0.7955941124
real_20240703,real,2024-07-03,adapted,2438,0.7619066202,8.872496258,-0.1857738738,0.0345119322,0.00156019818,0.9984398018,2312.632126,2431.244025,0.724735859,0.7619066202,0.7279062356,0.7959070048
real_20240703,real,2024-07-03,adapted,2439,0.7622192806,8.871263039,-0.4063643059,0.1651319491,0.002300716012,0.997699284,2312.797258,2432.241724,0.7247876083,0.7622192806,0.728218896,0.7962196652
real_20240703,real,2024-07-03,adapted,2440,0.7625296313,8.868842238,0.9695423307,0.940012331,0.009671046514,0.9903289535,2313.73727,2433.232053,0.7250821907,0.7625296313,0.7285292467,0.7965300159
real_20240703,real,2024-07-03,adapted,2441,0.7628428013,8.866426961,0.01112551004,0.0001237769736,0.0006745883323,0.9993254117,2313.737394,2434.231379,0.7250822294,0.7628428013,0.7288424167,0.7968431859
real_20240703,real,2024-07-03,adapted,2442,0.7631557571,8.864435179,-0.7734494221,0.5982240086,0.00135793105,0.9986420689,2314.335618,2435.230021,0.7252697017,0.7631557571,0.7291553725,0.7971561417
real_20240703,real,2024-07-03,adapted,2443,0.7634684223,8.861366081,0.4366624186,0.1906740679,0.002285352036,0.997714648,2314.526292,2436.227736,0.7253294554,0.7634684223,0.7294680377,0.7974688069
real_20240703,real,2024-07-03,adapted,2444,0.7637802457,8.859535615,0.7453504402,0.5555472787,0.004971464087,0.9950285359,2315.08184,2437.222764,0.7255035536,0.7637802457,0.7297798611,0.7977806303
real_20240703,real,2024-07-03,adapted,2445,0.7640932884,8.85835493,-1.040515123,1.082671721,0.001080849883,0.9989191501,2316.164511,2438.221683,0.7258428428,0.7640932884,0.7300929038,0.798093673
real_20240703,real,2024-07-03,adapted,2446,0.7644066398,8.854503457,-1.000041808,1.000083618,9.569993302e-05,0.9999043001,2317.164595,2439.221588,0.7261562504,0.7644066398,0.7304062552,0.7984070244
real_20240703,real,2024-07-03,adapted,2447,0.7647193036,8.853434108,0.1981817451,0.03927600408,0.002289811731,0.9977101883,2317.203871,2440.219298,0.7261685587,0.7647193036,0.730718919,0.7987196882
real_20240703,real,2024-07-03,adapted,2448,0.7650320278,8.851490719,1.039207398,1.079952016,0.002096874936,0.9979031251,2318.283823,2441.217201,0.7265069956,0.7650320278,0.7310316432,0.7990324124
real_20240703,real,2024-07-03,adapted,2449,0.7653452313,8.848528427,-1.001567766,1.003137989,0.000567672489,0.9994323275,2319.286961,2442.216633,0.7268213604,0.7653452313,0.7313448467,0.7993456159
real_20240703,real,2024-07-03,adapted,2450,0.7656566425,8.845256143,0.1218345362,0.01484365422,0.006286957617,0.9937130424,2319.301805,2443.210346,0.7268260121,0.7656566425,0.7316562579,0.7996570271
real_20240703,real,2024-07-03,adapted,2451,0.7659695546,8.845108458,-0.7110592074,0.5056051964,0.001497539343,0.9985024607,2319.80741,2444.208849,0.7269844593,0.7659695546,0.73196917,0.7999699392
real_20240703,real,2024-07-03,adapted,2452,0.7662826072,8.845062503,1.149696897,1.321802955,0.001049028867,0.9989509711,2321.129213,2445.2078,0.7273986878,0.7662826072,0.7322822226,0.8002829918
real_20240703,real,2024-07-03,adapted,2453,0.7665946189,8.844009384,-0.1740853805,0.03030571971,0.004370705816,0.9956292942,2321.159518,2446.203429,0.727408185,0.7665946189,0.7325942343,0.8005950035
real_20240703,real,2024-07-03,adapted,2454,0.7669072459,8.841846819,0.7310409097,0.5344208116,0.002407229621,0.9975927704,2321.693939,2447.201022,0.7275756626,0.7669072459,0.7329068613,0.8009076305
real_20240703,real,2024-07-03,adapted,2455,0.7672193424,8.840716151,-0.9934547221,0.9869522849,0.004100155512,0.9958998445,2322.680891,2448.196922,0.727884955,0.7672193424,0.7332189578,0.801219727
real_20240703,real,2024-07-03,adapted,2456,0.7675318726,8.838134772,-0.5163989401,0.2666678654,0.002716113175,0.9972838868,2322.947559,2449.194205,0.7279685238,0.7675318726,0.733531488,0.8015322572
real_20240703,real,2024-07-03,adapted,2457,0.7678443602,8.836997601,-1.485452127,2.206568021,0.002851909899,0.9971480901,2325.154127,2450.191354,0.7286600211,0.7678443602,0.7338439756,0.8018447448
real_20240703,real,2024-07-03,adapted,2458,0.7681568528,8.831762452,-1.113508688,1.239901598,0.002836215411,0.9971637846,2326.394029,2451.188517,0.7290485832,0.7681568528,0.7341564682,0.8021572374
real_20240703,real,2024-07-03,adapted,2459,0.7684699216,8.831235799,-0.1132568544,0.01282711507,0.0009974917811,0.9990025082,2326.406856,2452.18752,0.729052603,0.7684699216,0.734469537,0.8024703062
real_20240703,real,2024-07-03,adapted,2460,0.7687822068,8.830491801,-1.23828048,1.533338548,0.003498065266,0.9965019347,2327.940195,2453.184022,0.7295331227,0.7687822068,0.7347818222,0.8027825914
real_20240703,real,2024-07-03,adapted,2461,0.7690951281,8.828999436,0.5203437198,0.2707575867,0.001467979442,0.9985320206,2328.210952,2454.182554,0.7296179731,0.7690951281,0.7350947435,0.8030955127
real_20240703,real,2024-07-03,adapted,2462,0.7694070916,8.827511455,0.2967625858,0.08806803234,0.004524498756,0.9954755012,2328.29902,2455.178029,0.729645572,0.7694070916,0.735406707,0.8034074762
real_20240703,real,2024-07-03,adapted,2463,0.769719833,8.826088182,0.77410564,0.5992395419,0.002042305224,0.9979576948,2328.89826,2456.175987,0.7298333625,0.769719833,0.7357194484,0.8037202176
real_20240703,real,2024-07-03,adapted,2464,0.770033009,8.825596353,-1.229832234,1.512487324,0.00065540493,0.9993445951,2330.410747,2457.175332,0.7303073479,0.770033009,0.7360326244,0.8040333936
real_20240703,real,2024-07-03,adapted,2465,0.7703454271,8.822947803,-0.2995086879,0.08970545413,0.003073627526,0.9969263725,2330.500453,2458.172258,0.7303354599,0.7703454271,0.7363450425,0.8043458117
real_20240703,real,2024-07-03,adapted,2466,0.7706583698,8.822598007,0.3423329373,0.1171918399,0.001399911241,0.9986000888,2330.617644,2459.170858,0.7303721857,0.7706583698,0.7366579852,0.8046587544
real_20240703,real,2024-07-03,adapted,2467,0.7709715967,8.822381737,1.10254999,1.215616481,0.0004930851745,0.9995069148,2331.833261,2460.170365,0.7307531372,0.7709715967,0.7369712121,0.8049719813
real_20240703,real,2024-07-03,adapted,2468,0.7712847675,8.816933033,-0.6890830557,0.4748354576,0.0006719006244,0.9993280994,2332.308096,2461.169693,0.7309019418,0.7712847675,0.7372843829,0.8052851521
real_20240703,real,2024-07-03,adapted,2469,0.7715969018,8.815137338,1.804957181,3.257870424,0.003979413577,0.9960205864,2335.565967,2462.165714,0.7319228978,0.7715969018,0.7375965172,0.8055972864
real_20240703,real,2024-07-03,adapted,2470,0.7719099733,8.811232396,1.317371155,1.73546676,0.000988935783,0.9990110642,2337.301434,2463.164725,0.7324667607,0.7719099733,0.7379095887,0.8059103579
real_20240703,real,2024-07-03,adapted,2471,0.7722226756,8.808932716,0.840518333,0.7064710681,0.002167025921,0.9978329741,2338.007905,2464.162558,0.7326881556,0.7722226756,0.738222291,0.8062230602
real_20240703,real,2024-07-03,adapted,2472,0.772535868,8.806676371,0.2311305716,0.05342134114,0.0006030120762,0.9993969879,2338.061326,2465.161955,0.7327048969,0.772535868,0.7385354834,0.8065362526
real_20240703,real,2024-07-03,adapted,2473,0.7728490726,8.805356256,1.456639122,2.121797532,0.0005641155035,0.9994358845,2340.183123,2466.161391,0.7333698287,0.7728490726,0.738848688,0.8068494572
real_20240703,real,2024-07-03,adapted,2474,0.7731613802,8.802246324,0.2298487557,0.05283045051,0.003426447326,0.9965735527,2340.235954,2467.157964,0.7333863848,0.7731613802,0.7391609956,0.8071617648
real_20240703,real,2024-07-03,adapted,2475,0.7734745812,8.801546944,1.426916799,2.03609155,0.0005754562824,0.9994245437,2342.272045,2468.157389,0.734024458,0.7734745812,0.7394741966,0.8074749658
real_20240703,real,2024-07-03,adapted,2476,0.7737875673,8.800846928,-1.198357874,1.436061593,0.001261290611,0.9987387094,2343.708107,2469.156127,0.734474493,0.7737875673,0.7397871827,0.8077879519
real_20240703,real,2024-07-03,adapted,2477,0.7741008238,8.799680307,-0.3943722598,0.1555294793,0.0003987495902,0.9996012504,2343.863637,2470.155729,0.734523233,0.7741008238,0.7401004392,0.8081012084
real_20240703,real,2024-07-03,adapted,2478,0.7744135771,8.797466227,2.096064643,4.393486989,0.002004225885,0.9979957741,2348.257124,2471.153724,0.7359000701,0.7744135771,0.7404131925,0.8084139617
real_20240703,real,2024-07-03,adapted,2479,0.774725375,8.796283101,-0.6165097233,0.3800842389,0.005052770411,0.9949472296,2348.637208,2472.148672,0.7360191814,0.774725375,0.7407249904,0.8087257596
real_20240703,real,2024-07-03,adapted,2480,0.7750381996,8.796036021,0.3839725915,0.147434951,0.001776656522,0.9982233435,2348.784643,2473.146895,0.7360653848,0.7750381996,0.741037815,0.8090385842
real_20240703,real,2024-07-03,adapted,2481,0.7753495048,8.793583388,-0.9132358951,0.8339998002,0.006625201852,0.9933747981,2349.618643,2474.14027,0.7363267448,0.7753495048,0.7413491202,0.8093498894
real_20240703,real,2024-07-03,adapted,2482,0.775662616,8.784520665,1.837042773,3.374726149,0.0008621128275,0.9991378872,2352.993369,2475.139408,0.7373843211,0.775662616,0.7416622314,0.8096630006
real_20240703,real,2024-07-03,adapted,2483,0.7759758206,8.780576501,0.2392294033,0.0572307074,0.0005641938843,0.9994358061,2353.050599,2476.138843,0.7374022562,0.7759758206,0.741975436,0.8099762052
real_20240703,real,2024-07-03,adapted,2484,0.7762878687,8.778037557,0.2983040717,0.08898531922,0.004254482094,0.9957455179,2353.139585,2477.134589,0.7374301425,0.7762878687,0.7422874841,0.8102882533
real_20240703,real,2024-07-03,adapted,2485,0.776600057,8.772293947,0.117976646,0.01391848899,0.00380722888,0.9961927711,2353.153503,2478.130782,0.7374345043,0.776600057,0.7425996724,0.8106004416
real_20240703,real,2024-07-03,adapted,2486,0.7769128023,8.772018452,-1.056703168,1.116621586,0.002029522689,0.9979704773,2354.270125,2479.128752,0.7377844327,0.7769128023,0.7429124177,0.8109131869
real_20240703,real,2024-07-03,adapted,2487,0.7772250301,8.770897582,1.268340321,1.608687171,0.00368122267,0.9963187773,2355.878812,2480.125071,0.7382885653,0.7772250301,0.7432246455,0.8112254147
real_20240703,real,2024-07-03,adapted,2488,0.7775375218,8.770009616,0.1166397019,0.01360482006,0.002838854246,0.9971611458,2355.892417,2481.122232,0.7382928288,0.7775375218,0.7435371372,0.8115379064
real_20240703,real,2024-07-03,adapted,2489,0.7778505636,8.769978984,0.3910379004,0.1529106395,0.001083717636,0.9989162824,2356.045327,2482.121148,0.7383407482,0.7778505636,0.743850179,0.8118509482
real_20240703,real,2024-07-03,adapted,2490,0.7781636573,8.762802593,-0.8608951359,0.7411404349,0.0009179268161,0.9990820732,2356.786468,2483.120231,0.7385730078,0.7781636573,0.7441632727,0.8121640419
real_20240703,real,2024-07-03,adapted,2491,0.7784768907,8.761407009,0.1409967798,0.01988009192,0.0004722677398,0.9995277323,2356.806348,2484.119758,0.7385792378,0.7784768907,0.7444765061,0.8124772753
real_20240703,real,2024-07-03,adapted,2492,0.7787897344,8.759691618,0.2502546257,0.06262737769,0.001715799808,0.9982842002,2356.868975,2485.118042,0.7385988641,0.7787897344,0.7447893498,0.812790119
real_20240703,real,2024-07-03,adapted,2493,0.7791029708,8.757382888,-0.2595367457,0.06735932238,0.0004626407252,0.9995373593,2356.936335,2486.11758,0.7386199733,0.7791029708,0.7451025862,0.8131033554
real_20240703,real,2024-07-03,adapted,2494,0.7794157287,8.752548914,0.06178762422,0.003817710506,0.001989519696,0.9980104803,2356.940152,2487.11559,0.7386211697,0.7794157287,0.7454153441,0.8134161133
real_20240703,real,2024-07-03,adapted,2495,0.7797288375,8.751468805,0.126444285,0.0159881572,0.0008698823024,0.9991301177,2356.956141,2488.11472,0.73862618,0.7797288375,0.7457284529,0.8137292221
real_20240703,real,2024-07-03,adapted,2496,0.7800417382,8.749876274,-0.1796711869,0.03228173541,0.001533878817,0.9984661212,2356.988422,2489.113187,0.7386362965,0.7800417382,0.7460413536,0.8140421228
real_20240703,real,2024-07-03,adapted,2497,0.7803545309,8.748736256,0.9025828149,0.8146557378,0.001878446275,0.9981215537,2357.803078,2490.111308,0.7388915945,0.7803545309,0.7463541463,0.8143549155
real_20240703,real,2024-07-03,adapted,2498,0.7806677428,8.743996162,-1.224296885,1.498902863,0.0005407074976,0.9994592925,2359.301981,2491.110767,0.7393613227,0.7806677428,0.7466673582,0.8146681274
real_20240703,real,2024-07-03,adapted,2499,0.7809797052,8.742595442,1.404146684,1.971627911,0.004528103886,0.9954718961,2361.273609,2492.106239,0.7399791942,0.7809797052,0.7469793206,0.8149800898
real_20240703,real,2024-07-03,adapted,2500,0.7812923719,8.737751387,0.08927726396,0.007970429861,0.002280491356,0.9977195086,2361.281579,2493.103959,0.739981692,0.7812923719,0.7472919873,0.8152927565
real_20240703,real,2024-07-03,adapted,2501,0.7816054083,8.73709879,1.267983861,1.607783072,0.001100799302,0.9988992007,2362.889362,2494.102858,0.7404855413,0.7816054083,0.7476050237,0.8156057929
real_20240703,real,2024-07-03,adapted,2502,0.7819187296,8.733258563,0.9298468594,0.8646151819,0.0001916777072,0.9998083223,2363.753977,2495.102666,0.7407564956,0.7819187296,0.747918345,0.8159191142
real_20240703,real,2024-07-03,adapted,2503,0.7822311245,8.732209333,-0.4618511409,0.2133064764,0.003147978123,0.9968520219,2363.967284,2496.099518,0.7408233419,0.7822311245,0.7482307399,0.8162315091
real_20240703,real,2024-07-03,adapted,2504,0.7825425902,8.731525217,0.6283178541,0.3947833258,0.0061130278,0.9938869722,2364.362067,2497.093405,0.7409470596,0.7825425902,0.7485422056,0.8165429748
real_20240703,real,2024-07-03,adapted,2505,0.7828556012,8.730716386,1.398038903,1.954512773,0.001181939571,0.9988180604,2366.31658,2498.092223,0.7415595675,0.7828556012,0.7488552166,0.8168559858
real_20240703,real,2024-07-03,adapted,2506,0.7831684666,8.729481433,0.6469860903,0.4185910011,0.001646439179,0.9983535608,2366.735171,2499.090577,0.7416907462,0.7831684666,0.749168082,0.8171688512
real_20240703,real,2024-07-03,adapted,2507,0.7834812204,8.722725905,1.780287149,3.169422333,0.002002680119,0.9979973199,2369.904593,2500.088574,0.7426839841,0.7834812204,0.7494808358,0.817481605
real_20240703,real,2024-07-03,adapted,2508,0.7837944779,8.720889676,0.1076061886,0.01157909183,0.0003951842643,0.9996048157,2369.916172,2501.088179,0.7426876128,0.7837944779,0.7497940933,0.8177948625
real_20240703,real,2024-07-03,adapted,2509,0.7841074839,8.715487947,-0.8438079035,0.7120117779,0.001197943136,0.9988020569,2370.628184,2502.086981,0.742910744,0.7841074839,0.7501070993,0.8181078685
real_20240703,real,2024-07-03,adapted,2510,0.7844197908,8.714486453,-1.785541525,3.188158537,0.003428574255,0.9965714257,2373.816343,2503.083553,0.7439098536,0.7844197908,0.7504194062,0.8184201754
real_20240703,real,2024-07-03,adapted,2511,0.7847300943,8.71236404,-0.3322294415,0.1103764018,0.009821514772,0.9901784852,2373.926719,2504.073731,0.7439444435,0.7847300943,0.7507297097,0.8187304789
real_20240703,real,2024-07-03,adapted,2512,0.7850429564,8.711101544,0.8871825203,0.7870928243,0.001657006355,0.9983429936,2374.713812,2505.072074,0.7441911037,0.7850429564,0.7510425718,0.819043341
real_20240703,real,2024-07-03,adapted,2513,0.7853550956,8.71101899,-0.8410076641,0.7072938911,0.003963810747,0.9960361893,2375.421106,2506.06811,0.7444127565,0.7853550956,0.751354711,0.8193554802
real_20240703,real,2024-07-03,adapted,2514,0.7856681096,8.709742824,-0.2126871437,0.04523582111,0.001172445377,0.9988275546,2375.466342,2507.066938,0.7444269325,0.7856681096,0.751667725,0.8196684942
real_20240703,real,2024-07-03,adapted,2515,0.7859814132,8.709272934,0.7207630056,0.5194993102,0.000248317611,0.9997516824,2375.985841,2508.066689,0.7445897339,0.7859814132,0.7519810286,0.8199817978
real_20240703,real,2024-07-03,adapted,2516,0.7862947487,8.708141859,0.4843805425,0.2346245099,0.0001462046738,0.9998537953,2376.220466,2509.066543,0.7446632609,0.7862947487,0.7522943641,0.8202951333
real_20240703,real,2024-07-03,adapted,2517,0.7866072605,8.703287687,-0.3331310438,0.1109762924,0.002774989698,0.9972250103,2376.331442,2510.063768,0.7446980388,0.7866072605,0.7526068759,0.8206076451
real_20240703,real,2024-07-03,adapted,2518,0.7869204093,8.702477735,-0.2222363924,0.04938901412,0.0007422073417,0.9992577927,2376.380831,2511.063026,0.7447135164,0.7869204093,0.7529200247,0.8209207939
real_20240703,real,2024-07-03,adapted,2519,0.7872336439,8.701441555,-0.08091256035,0.006546842423,0.0004684202102,0.9995315798,2376.387378,2512.062558,0.7447155681,0.7872336439,0.7532332593,0.8212340285
real_20240703,real,2024-07-03,adapted,2520,0.787546976,8.699439033,-0.5064998072,0.2565420547,0.0001571541427,0.9998428459,2376.64392,2513.0624,0.7447959636,0.787546976,0.7535465914,0.8215473606
real_20240703,real,2024-07-03,adapted,2521,0.7878599983,8.695371919,-1.422468185,2.023415736,0.001145834774,0.9988541652,2378.667335,2514.061255,0.7454300644,0.7878599983,0.7538596137,0.8218603829
real_20240703,real,2024-07-03,adapted,2522,0.7881728681,8.694949298,0.4075670166,0.166110873,0.001632495494,0.9983675045,2378.833446,2515.059622,0.7454821204,0.7881728681,0.7541724835,0.8221732527
real_20240703,real,2024-07-03,adapted,2523,0.7884862291,8.694417482,-1.270662625,1.614583506,6.506571545e-05,0.9999349343,2380.44803,2516.059557,0.7459881009,0.7884862291,0.7544858445,0.8224866137
real_20240703,real,2024-07-03,adapted,2524,0.7887992943,8.690542175,0.1731030636,0.02996467063,0.001008810866,0.9989911891,2380.477995,2517.058548,0.7459974912,0.7887992943,0.7547989097,0.8227996789
real_20240703,real,2024-07-03,adapted,2525,0.7891114289,8.688800458,-0.2629077329,0.06912047601,0.003978514894,0.9960214851,2380.547115,2518.05457,0.7460191523,0.7891114289,0.7551110443,0.8231118135
real_20240703,real,2024-07-03,adapted,2526,0.7894243227,8.687969658,-0.7371191171,0.5433445928,0.001555903153,0.9984440968,2381.09046,2519.053014,0.7461894264,0.7894243227,0.7554239381,0.8234247073
real_20240703,real,2024-07-03,adapted,2527,0.7897350343,8.685041754,-0.1336540199,0.01786339703,0.008519281475,0.9914807185,2381.108323,2520.044495,0.7461950244,0.7897350343,0.7557346497,0.8237354189
real_20240703,real,2024-07-03,adapted,2528,0.7900480946,8.683260764,1.307816277,1.710383414,0.001024680897,0.9989753191,2382.818706,2521.04347,0.7467310268,0.7900480946,0.75604771,0.8240484792
real_20240703,real,2024-07-03,adapted,2529,0.7903602607,8.681680163,-1.58984878,2.527619144,0.003877996328,0.9961220037,2385.346326,2522.039592,0.7475231355,0.7903602607,0.7563598761,0.8243606453
real_20240703,real,2024-07-03,adapted,2530,0.7906727252,8.679646215,0.4088980137,0.1671975856,0.002925839623,0.9970741604,2385.513523,2523.036666,0.7475755322,0.7906727252,0.7566723406,0.8246731098
real_20240703,real,2024-07-03,adapted,2531,0.7909858978,8.676248478,-0.815817494,0.6655581835,0.0006660312451,0.9993339688,2386.179081,2524.036,0.7477841057,0.7909858978,0.7569855132,0.8249862824
real_20240703,real,2024-07-03,adapted,2532,0.7912981957,8.675158627,0.7827721588,0.6127322526,0.003457493347,0.9965425067,2386.791814,2525.032543,0.7479761246,0.7912981957,0.7572978111,0.8252985803
real_20240703,real,2024-07-03,adapted,2533,0.7916113486,8.674196103,-0.5622735783,0.3161515769,0.0007292541236,0.9992707459,2387.107965,2526.031813,0.7480752006,0.7916113486,0.757610964,0.8256117332
real_20240703,real,2024-07-03,adapted,2534,0.7919237679,8.672079511,0.4550987603,0.2071148816,0.003069857898,0.9969301421,2387.31508,2527.028743,0.7481401066,0.7919237679,0.7579233833,0.8259241525
real_20240703,real,2024-07-03,adapted,2535,0.7922343739,8.671618001,-0.1808673356,0.03271299308,0.008856384004,0.991143616,2387.347793,2528.019887,0.7481503582,0.7922343739,0.7582339893,0.8262347585
real_20240703,real,2024-07-03,adapted,2536,0.7925468097,8.66851914,0.7134118186,0.5089564229,0.003017129437,0.9969828706,2387.856749,2529.01687,0.7483098557,0.7925468097,0.7585464251,0.8265471943
real_20240703,real,2024-07-03,adapted,2537,0.7928598789,8.667456434,0.2006869522,0.04027525278,0.0009962890723,0.9990037109,2387.897025,2530.015874,0.7483224772,0.7928598789,0.7588594943,0.8268602635
real_20240703,real,2024-07-03,adapted,2538,0.7931719323,8.665582421,-0.478608497,0.2290660934,0.004237579245,0.9957624208,2388.126091,2531.011636,0.7483942622,0.7931719323,0.7591715477,0.8271723169
real_20240703,real,2024-07-03,adapted,2539,0.7934851054,8.662137927,-1.885105262,3.553621849,0.0006647979761,0.999335202,2391.679713,2532.010971,0.7495079012,0.7934851054,0.7594847208,0.82748549
real_20240703,real,2024-07-03,adapted,2540,0.7937970678,8.658834115,0.5079193304,0.2579820462,0.004527895015,0.995472105,2391.937695,2533.006443,0.7495887479,0.7937970678,0.7597966832,0.8277974524
real_20240703,real,2024-07-03,adapted,2541,0.7941095759,8.658203428,-0.4003655552,0.1602925778,0.002786596422,0.9972134036,2392.097987,2534.003657,0.7496389806,0.7941095759,0.7601091913,0.8281099605
real_20240703,real,2024-07-03,adapted,2542,0.7944217065,8.657106567,1.150377925,1.323369369,0.003991176411,0.9960088236,2393.421357,2534.999666,0.7500537,0.7944217065,0.7604213219,0.8284220911
real_20240703,real,2024-07-03,adapted,2543,0.7947347192,8.656248016,-1.701336605,2.894546242,0.001176604776,0.9988233952,2396.315903,2535.998489,0.7509607969,0.7947347192,0.7607343346,0.8287351038
real_20240703,real,2024-07-03,adapted,2544,0.7950462113,8.653756705,0.399471827,0.1595777406,0.006028573722,0.9939714263,2396.475481,2536.99246,0.7510108056,0.7950462113,0.7610458267,0.8290465959
real_20240703,real,2024-07-03,adapted,2545,0.7953593095,8.65052172,-0.3600575176,0.129641416,0.000903686662,0.9990963133,2396.605122,2537.991557,0.7510514328,0.7953593095,0.7613589249,0.8293596941
real_20240703,real,2024-07-03,adapted,2546,0.7956709196,8.648049281,0.5186104217,0.2689567695,0.005652347125,0.9943476529,2396.874079,2538.985904,0.7511357188,0.7956709196,0.761670535,0.8296713042
real_20240703,real,2024-07-03,adapted,2547,0.7959836125,8.646954878,0.3197841808,0.1022619223,0.002196859923,0.9978031401,2396.976341,2539.983707,0.7511677658,0.7959836125,0.7619832279,0.8299839971
real_20240703,real,2024-07-03,adapted,2548,0.7962963326,8.64618418,0.1824709506,0.03329564782,0.002110300729,0.9978896993,2397.009636,2540.981597,0.7511782,0.7962963326,0.762295948,0.8302967172
real_20240703,real,2024-07-03,adapted,2549,0.7966089102,8.643285437,-0.2149294675,0.046194676,0.002564644607,0.9974353554,2397.055831,2541.979033,0.7511926766,0.7966089102,0.7626085256,0.8306092948
real_20240703,real,2024-07-03,adapted,2550,0.7969218704,8.641456053,-0.1496593803,0.0223979301,0.001344109007,0.998655891,2397.078229,2542.977688,0.7511996957,0.7969218704,0.7629214858,0.830922255
real_20240703,real,2024-07-03,adapted,2551,0.7972342807,8.641262444,-0.6827385553,0.4661319349,0.00309859481,0.9969014052,2397.544361,2543.97459,0.7513457728,0.7972342807,0.7632338961,0.8312346653
real_20240703,real,2024-07-03,adapted,2552,0.7975456598,8.640397763,1.341369509,1.799272159,0.006389508031,0.993610492,2399.343633,2544.9682,0.7519096312,0.7975456598,0.7635452752,0.8315460444
real_20240703,real,2024-07-03,adapted,2553,0.7978587303,8.638967908,1.031391004,1.063767403,0.0009919641765,0.9990080358,2400.4074,2545.967208,0.7522429961,0.7978587303,0.7638583457,0.8318591149
real_20240703,real,2024-07-03,adapted,2554,0.7981716821,8.638775996,1.061407212,1.12658527,0.001370651144,0.9986293489,2401.533986,2546.965838,0.7525960469,0.7981716821,0.7641712975,0.8321720667
real_20240703,real,2024-07-03,adapted,2555,0.7984843102,8.637733331,-0.2436602442,0.05937031458,0.002403930153,0.9975960698,2401.593356,2547.963434,0.7526146525,0.7984843102,0.7644839256,0.8324846948
real_20240703,real,2024-07-03,adapted,2556,0.7987965503,8.6346415,-0.5084633266,0.2585349545,0.003641773336,0.9963582267,2401.851891,2548.959792,0.7526956725,0.7987965503,0.7647961657,0.8327969349
real_20240703,real,2024-07-03,adapted,2557,0.799109265,8.63362656,0.2420338782,0.05858039819,0.002127455357,0.9978725446,2401.910471,2549.957665,0.7527140305,0.799109265,0.7651088804,0.8331096496
real_20240703,real,2024-07-03,adapted,2558,0.7994225045,8.632703282,1.337163742,1.788006873,0.0004527070592,0.9995472929,2403.698478,2550.957212,0.7532743586,0.7994225045,0.7654221199,0.8334228891
real_20240703,real,2024-07-03,adapted,2559,0.7997349382,8.628927872,0.2596810204,0.06743423238,0.003023964359,0.9969760356,2403.765913,2551.954188,0.7532954912,0.7997349382,0.7657345536,0.8337353228
real_20240703,real,2024-07-03,adapted,2560,0.8000448972,8.628836131,-0.1865954718,0.03481787009,0.01092100936,0.9890789906,2403.80073,2552.943267,0.7533064025,0.8000448972,0.7660445126,0.8340452818
real_20240703,real,2024-07-03,adapted,2561,0.8003578951,8.628277094,-1.184477277,1.40298642,0.001223587778,0.9987764122,2405.203717,2553.942043,0.7537460723,0.8003578951,0.7663575105,0.8343582797
real_20240703,real,2024-07-03,adapted,2562,0.800670951,8.624485196,0.785571509,0.6171225958,0.001038749181,0.9989612508,2405.820839,2554.941005,0.7539394671,0.800670951,0.7666705664,0.8346713356
real_20240703,real,2024-07-03,adapted,2563,0.8009829522,8.622093338,-0.04719457871,0.002227328259,0.00440397872,0.9955960213,2405.823067,2555.936601,0.7539401651,0.8009829522,0.7669825676,0.8349833368
real_20240703,real,2024-07-03,adapted,2564,0.8012960416,8.620770591,0.1070882088,0.01146788447,0.0009317859632,0.999068214,2405.834535,2556.935669,0.7539437589,0.8012960416,0.767295657,0.8352964262
real_20240703,real,2024-07-03,adapted,2565,0.8016085508,8.61874854,-0.7145815257,0.5106267568,0.002783177008,0.997216823,2406.345161,2557.932886,0.7541037798,0.8016085508,0.7676081662,0.8356089354
real_20240703,real,2024-07-03,adapted,2566,0.8019213568,8.618212238,0.6093041269,0.3712515191,0.001836028798,0.9981639712,2406.716413,2558.93105,0.7542201231,0.8019213568,0.7679209722,0.8359217414
real_20240703,real,2024-07-03,adapted,2567,0.8022346894,8.616287462,-0.6351970398,0.4034752793,0.0001556505275,0.9998443495,2407.119888,2559.930894,0.7543465648,0.8022346894,0.7682343048,0.836235074
real_20240703,real,2024-07-03,adapted,2568,0.802547533,8.615131581,1.025347839,1.051338192,0.001716031262,0.9982839687,2408.171226,2560.929178,0.7546760346,0.802547533,0.7685471484,0.8365479176
real_20240703,real,2024-07-03,adapted,2569,0.8028605093,8.614414076,-2.211415508,4.890358549,0.001292831233,0.9987071688,2413.061585,2561.927885,0.7562085819,0.8028605093,0.7688601247,0.8368608939
real_20240703,real,2024-07-03,adapted,2570,0.803173884,8.613626189,-0.185601613,0.03444795874,2.120910042e-05,0.9999787909,2413.096033,2562.927864,0.7562193773,0.803173884,0.7691734994,0.8371742686
real_20240703,real,2024-07-03,adapted,2571,0.8034862195,8.610746612,0.2704317741,0.07313334443,0.003337353317,0.9966626467,2413.169166,2563.924526,0.7562422959,0.8034862195,0.7694858349,0.8374866041
real_20240703,real,2024-07-03,adapted,2572,0.8037993297,8.606336682,-0.7335593341,0.5381092967,0.0008654847095,0.9991345153,2413.707275,2564.923661,0.7564109293,0.8037993297,0.7697989451,0.8377997143
real_20240703,real,2024-07-03,adapted,2573,0.8041108841,8.6057125,0.9996415673,0.9992832631,0.005829990078,0.9941700099,2414.706559,2565.917831,0.7567240861,0.8041108841,0.7701104995,0.8381112687
real_20240703,real,2024-07-03,adapted,2574,0.8044229274,8.598264453,1.003665043,1.007343518,0.004269678905,0.9957303211,2415.713902,2566.913561,0.7570397688,0.8044229274,0.7704225428,0.838423312
real_20240703,real,2024-07-03,adapted,2575,0.8047355281,8.598167313,-0.1582766977,0.02505151305,0.002491113942,0.9975088861,2415.738954,2567.91107,0.7570476195,0.8047355281,0.7707351435,0.8387359127
real_20240703,real,2024-07-03,adapted,2576,0.8050481408,8.59812335,-0.5729238667,0.328241757,0.002452763815,0.9975472362,2416.067196,2568.908617,0.7571504843,0.8050481408,0.7710477562,0.8390485254
real_20240703,real,2024-07-03,adapted,2577,0.8053604843,8.597496284,-0.2371781647,0.05625348181,0.003312093709,0.9966879063,2416.123449,2569.905305,0.7571681131,0.8053604843,0.7713600997,0.8393608689
real_20240703,real,2024-07-03,adapted,2578,0.805672874,8.595054514,-0.3746682266,0.14037628,0.00316434225,0.9968356577,2416.263825,2570.902141,0.7572121045,0.805672874,0.7716724894,0.8396732586
real_20240703,real,2024-07-03,adapted,2579,0.8059859233,8.594687079,-1.022198551,1.044889877,0.001059621585,0.9989403784,2417.308715,2571.901081,0.7575395535,0.8059859233,0.7719855387,0.8399863079
real_20240703,real,2024-07-03,adapted,2580,0.8062986969,8.591335175,-0.02589569143,0.0006705868348,0.001939637133,0.9980603629,2417.309386,2572.899142,0.7575397636,0.8062986969,0.7722983123,0.8402990815
real_20240703,real,2024-07-03,adapted,2581,0.8066113685,8.58868374,-0.6403098102,0.409996653,0.002264876819,0.9977351232,2417.719382,2573.896877,0.757668249,0.8066113685,0.7726109839,0.8406117531
real_20240703,real,2024-07-03,adapted,2582,0.8069235137,8.586299964,-0.9065168451,0.8217727904,0.003944655649,0.9960553444,2418.541155,2574.892932,0.7579257773,0.8069235137,0.7729231291,0.8409238983
real_20240703,real,2024-07-03,adapted,2583,0.8072365002,8.585879666,-0.356503523,0.1270947619,0.00126009303,0.998739907,2418.66825,2575.891672,0.7579656064,0.8072365002,0.7732361156,0.8412368848
real_20240703,real,2024-07-03,adapted,2584,0.8075495438,8.582550033,-0.233858074,0.05468959878,0.001077735753,0.9989222642,2418.72294,2576.890594,0.7579827451,0.8075495438,0.7735491592,0.8415499284
real_20240703,real,2024-07-03,adapted,2585,0.8078610836,8.581137072,-0.6806722767,0.4633147483,0.005876620932,0.9941233791,2419.186254,2577.884718,0.7581279393,0.8078610836,0.773860699,0.8418614682
real_20240703,real,2024-07-03,adapted,2586,0.8081733142,8.580838708,1.251337657,1.565845932,0.003672289709,0.9963277103,2420.7521,2578.881045,0.7586186463,0.8081733142,0.7741729296,0.8421736988
real_20240703,real,2024-07-03,adapted,2587,0.8084859978,8.580387074,0.01529973624,0.0002340819289,0.002226533697,0.9977734663,2420.752334,2579.878819,0.7586187196,0.8084859978,0.7744856132,0.8424863824
real_20240703,real,2024-07-03,adapted,2588,0.808798576,8.580221537,0.7528073936,0.5667189718,0.002563016506,0.9974369835,2421.319053,2580.876256,0.7587963188,0.808798576,0.7747981914,0.8427989606
real_20240703,real,2024-07-03,adapted,2589,0.8091110324,8.576651296,0.02649592132,0.0007020338464,0.002951614994,0.997048385,2421.319755,2581.873304,0.7587965388,0.8091110324,0.7751106478,0.843111417
real_20240703,real,2024-07-03,adapted,2590,0.809424095,8.574222859,0.1531661137,0.02345985838,0.001017042632,0.9989829574,2421.343215,2582.872287,0.7588038907,0.809424095,0.7754237104,0.8434244796
real_20240703,real,2024-07-03,adapted,2591,0.8097360435,8.573460655,-0.6993899959,0.4891463664,0.004572502381,0.9954274976,2421.832362,2583.867715,0.7589571801,0.8097360435,0.7757356589,0.8437364281
real_20240703,real,2024-07-03,adapted,2592,0.8100493622,8.572682382,0.8388565064,0.7036802384,0.0001998504335,0.9998001496,2422.536042,2584.867515,0.7591777003,0.8100493622,0.7760489776,0.8440497468
real_20240703,real,2024-07-03,adapted,2593,0.8103625437,8.568898496,1.387941475,1.926381539,0.0006379081592,0.9993620918,2424.462423,2585.866877,0.7597813925,0.8103625437,0.7763621591,0.8443629283
real_20240703,real,2024-07-03,adapted,2594,0.8106756834,8.56841926,-0.3786133542,0.143348072,0.0007714177697,0.9992285822,2424.605771,2586.866106,0.7598263151,0.8106756834,0.7766752988,0.844676068
real_20240703,real,2024-07-03,adapted,2595,0.8109883576,8.566127119,0.3943231492,0.155490746,0.002256540756,0.9977434592,2424.761262,2587.863849,0.759875043,0.8109883576,0.776987973,0.8449887422
real_20240703,real,2024-07-03,adapted,2596,0.8113007984,8.563620648,-0.4523105291,0.2045848147,0.003001448061,0.9969985519,2424.965847,2588.860848,0.7599391561,0.8113007984,0.7773004138,0.845301183
real_20240703,real,2024-07-03,adapted,2597,0.811613542,8.563433603,0.005578489216,3.111954194e-05,0.002035146881,0.9979648531,2424.965878,2589.858812,0.7599391658,0.811613542,0.7776131574,0.8456139266
real_20240703,real,2024-07-03,adapted,2598,0.8119265587,8.560853294,-0.5132196637,0.2633944232,0.001163506459,0.9988364935,2425.229273,2590.857649,0.7600217087,0.8119265587,0.7779261741,0.8459269433
real_20240703,real,2024-07-03,adapted,2599,0.812239175,8.558870074,0.2321159608,0.05387781925,0.002441683458,0.9975583165,2425.28315,2591.855207,0.760038593,0.812239175,0.7782387904,0.8462395596
real_20240703,real,2024-07-03,adapted,2600,0.8125524502,8.557995612,0.9123836788,0.8324439773,0.0003386976563,0.9996613023,2426.115594,2592.854869,0.7602994655,0.8125524502,0.7785520656,0.8465528348
real_20240703,real,2024-07-03,adapted,2601,0.8128653326,8.553213918,0.04902564983,0.002403514341,0.001592126403,0.9984078736,2426.117998,2593.853276,0.7603002187,0.8128653326,0.778864948,0.8468657172
real_20240703,real,2024-07-03,adapted,2602,0.8131779345,8.547028684,1.718289269,2.952518012,0.002487363653,0.9975126363,2429.070516,2594.850789,0.7612254829,0.8131779345,0.7791775499,0.8471783191
real_20240703,real,2024-07-03,adapted,2603,0.8134910096,8.544399719,0.3524068288,0.124190573,0.0009774316279,0.9990225684,2429.194706,2595.849812,0.7612644019,0.8134910096,0.779490625,0.8474913942
real_20240703,real,2024-07-03,adapted,2604,0.8138043267,8.541797175,-0.7035199745,0.4949403545,0.0002052708869,0.9997947291,2429.689647,2596.849606,0.761419507,0.8138043267,0.7798039421,0.8478047113
real_20240703,real,2024-07-03,adapted,2605,0.8141173707,8.53384127,-0.2634137092,0.06938678221,0.001076370212,0.9989236298,2429.759034,2597.84853,0.7614412515,0.8141173707,0.7801169861,0.8481177553
real_20240703,real,2024-07-03,adapted,2606,0.8144300446,8.532234536,0.1203715405,0.01448930775,0.002257720977,0.997742279,2429.773523,2598.846272,0.7614457922,0.8144300446,0.78042966,0.8484304292
real_20240703,real,2024-07-03,adapted,2607,0.8147429336,8.530807207,-0.9642713409,0.9298192189,0.001571139869,0.9984288601,2430.703342,2599.844701,0.7617371802,0.8147429336,0.780742549,0.8487433182
real_20240703,real,2024-07-03,adapted,2608,0.8150559848,8.527163734,-1.540384893,2.372785618,0.0010538089,0.9989461911,2433.076128,2600.843647,0.7624807671,0.8150559848,0.7810556002,0.8490563694
real_20240703,real,2024-07-03,adapted,2609,0.8153690828,8.525952013,0.3180762557,0.1011725044,0.0009042365251,0.9990957635,2433.1773,2601.842743,0.7625124726,0.8153690828,0.7813686982,0.8493694674
real_20240703,real,2024-07-03,adapted,2610,0.8156816746,8.525009962,0.7350144665,0.540246266,0.002519604872,0.9974803951,2433.717546,2602.840223,0.7626817758,0.8156816746,0.78168129,0.8496820592
real_20240703,real,2024-07-03,adapted,2611,0.8159943955,8.523913944,1.913289459,3.660676553,0.002107327549,0.9978926725,2437.378223,2603.838116,0.7638289637,0.8159943955,0.7819940109,0.8499947801
real_20240703,real,2024-07-03,adapted,2612,0.8163074251,8.522087395,-0.6210135954,0.3856578857,0.001122545335,0.9988774547,2437.763881,2604.836994,0.7639498217,0.8163074251,0.7823070405,0.8503078097
real_20240703,real,2024-07-03,adapted,2613,0.8166199656,8.518443266,-1.105728867,1.222636328,0.002683238171,0.9973167618,2438.986517,2605.83431,0.7643329731,0.8166199656,0.782619581,0.8506203502
real_20240703,real,2024-07-03,adapted,2614,0.8169325492,8.51744231,-1.295212666,1.677575851,0.002545876531,0.9974541235,2440.664093,2606.831765,0.7648586942,0.8169325492,0.7829321646,0.8509329338
real_20240703,real,2024-07-03,adapted,2615,0.8172449352,8.515207189,-1.394415914,1.944395742,0.003176208111,0.9968237919,2442.608489,2607.828588,0.7654680316,0.8172449352,0.7832445506,0.8512453198
real_20240703,real,2024-07-03,adapted,2616,0.8175578128,8.510766732,0.8995228107,0.809141287,0.001607556702,0.9983924433,2443.41763,2608.826981,0.7657216014,0.8175578128,0.7835574282,0.8515581974
real_20240703,real,2024-07-03,adapted,2617,0.8178707984,8.508270099,1.10659998,1.224563516,0.001263133936,0.9987368661,2444.642194,2609.825718,0.7661053568,0.8178707984,0.7838704138,0.851871183
real_20240703,real,2024-07-03,adapted,2618,0.8181840738,8.507527332,0.9363716825,0.8767919278,0.0003382023938,0.9996617976,2445.518986,2610.825379,0.7663801271,0.8181840738,0.7841836892,0.8521844584
real_20240703,real,2024-07-03,adapted,2619,0.8184967991,8.505831931,-1.480995254,2.193346941,0.00209336618,0.9979066338,2447.712333,2611.823286,0.7670674812,0.8184967991,0.7844964145,0.8524971837
real_20240703,real,2024-07-03,adapted,2620,0.8188079242,8.505494686,-0.1426326462,0.02034407175,0.007199853151,0.9928001468,2447.732677,2612.816086,0.7670738567,0.8188079242,0.7848075396,0.8528083088
real_20240703,real,2024-07-03,adapted,2621,0.8191211271,8.505133956,0.2766741337,0.07654857624,0.000569511245,0.9994304888,2447.809225,2613.815517,0.7670978456,0.8191211271,0.7851207425,0.8531215117
real_20240703,real,2024-07-03,adapted,2622,0.8194336446,8.501012032,0.7455454326,0.5558379921,0.002756702834,0.9972432972,2448.365063,2614.81276,0.7672720348,0.8194336446,0.78543326,0.8534340292
real_20240703,real,2024-07-03,adapted,2623,0.8197466089,8.498864354,0.08331957286,0.006942151222,0.001330962237,0.9986690378,2448.372005,2615.811429,0.7672742104,0.8197466089,0.7857462243,0.8537469935
real_20240703,real,2024-07-03,adapted,2624,0.820059421,8.496791933,-1.022416316,1.045335123,0.001816550683,0.9981834493,2449.41734,2616.809612,0.7676017989,0.820059421,0.7860590364,0.8540598056
real_20240703,real,2024-07-03,adapted,2625,0.8203717602,8.489936451,0.8310050373,0.6905693721,0.003325685927,0.9966743141,2450.10791,2617.806287,0.7678182105,0.8203717602,0.7863713756,0.8543721448
real_20240703,real,2024-07-03,adapted,2626,0.8206840212,8.489084164,1.663131655,2.766006903,0.003575146502,0.9964248535,2452.873917,2618.802712,0.7686850256,0.8206840212,0.7866836366,0.8546844058
real_20240703,real,2024-07-03,adapted,2627,0.8209971049,8.48874519,-2.198662355,4.834116153,0.0009500210709,0.9990499789,2457.708033,2619.801762,0.7701999476,0.8209971049,0.7869967203,0.8549974895
real_20240703,real,2024-07-03,adapted,2628,0.8213098333,8.486870154,1.402960499,1.968298163,0.002083623649,0.9979163764,2459.676331,2620.799678,0.7708167756,0.8213098333,0.7873094487,0.8553102179
real_20240703,real,2024-07-03,adapted,2629,0.821622547,8.483556229,-0.03568571418,0.001273470196,0.002130393839,0.9978696062,2459.677604,2621.797548,0.7708171747,0.821622547,0.7876221624,0.8556229316
real_20240703,real,2024-07-03,adapted,2630,0.8219353667,8.483222518,-0.4781339155,0.2286120412,0.001792334895,0.9982076651,2459.906217,2622.795755,0.7708888175,0.8219353667,0.7879349821,0.8559357513
real_20240703,real,2024-07-03,adapted,2631,0.822248402,8.481711051,-0.6906576769,0.4770080267,0.001104462183,0.9988955378,2460.383225,2623.794651,0.7710383029,0.822248402,0.7882480174,0.8562487866
real_20240703,real,2024-07-03,adapted,2632,0.822561017,8.477172583,-1.028802059,1.058433676,0.00244548523,0.9975545148,2461.441658,2624.792205,0.7713699963,0.822561017,0.7885606324,0.8565614016
real_20240703,real,2024-07-03,adapted,2633,0.8228727814,8.476614888,0.0449448697,0.002020041312,0.005159989351,0.9948400106,2461.443678,2625.787045,0.7713706294,0.8228727814,0.7888723968,0.856873166
real_20240703,real,2024-07-03,adapted,2634,0.8231860913,8.473237991,-0.6861356075,0.4707820719,0.0002279866546,0.9997720133,2461.91446,2626.786817,0.7715181637,0.8231860913,0.7891857067,0.8571864759
real_20240703,real,2024-07-03,adapted,2635,0.8234991055,8.472797816,0.448925617,0.2015342096,0.001171700948,0.9988282991,2462.115995,2627.785646,0.7715813208,0.8234991055,0.7894987209,0.8574994901
real_20240703,real,2024-07-03,adapted,2636,0.8238115628,8.471237295,0.2287469663,0.05232517459,0.002948728971,0.997051271,2462.16832,2628.782697,0.7715977185,0.8238115628,0.7898111782,0.8578119474
real_20240703,real,2024-07-03,adapted,2637,0.8241226198,8.467346562,1.049981508,1.102461167,0.007417187013,0.992582813,2463.270781,2629.77528,0.7719432093,0.8241226198,0.7901222352,0.8581230044
real_20240703,real,2024-07-03,adapted,2638,0.8244359812,8.46329549,2.497708792,6.23854921,6.373744648e-05,0.9999362626,2469.50933,2630.775216,0.7738982545,0.8244359812,0.7904355966,0.8584363658
real_20240703,real,2024-07-03,adapted,2639,0.8247476497,8.462115303,1.729898925,2.99255029,0.005465748458,0.9945342515,2472.50188,2631.76975,0.7748360641,0.8247476497,0.7907472651,0.8587480343
real_20240703,real,2024-07-03,adapted,2640,0.8250604058,8.461922081,-1.153303058,1.330107942,0.001995179239,0.9980048208,2473.831988,2632.767755,0.7752528951,0.8250604058,0.7910600212,0.8590607904
real_20240703,real,2024-07-03,adapted,2641,0.8253734314,8.456097855,0.8598974862,0.7394236868,0.001135415456,0.9988645845,2474.571412,2633.76662,0.7754846167,0.8253734314,0.7913730468,0.859373816
real_20240703,real,2024-07-03,adapted,2642,0.8256859728,8.455961395,-0.05717094315,0.00326851674,0.002680497736,0.9973195023,2474.574681,2634.763939,0.775485641,0.8256859728,0.7916855882,0.8596863574
real_20240703,real,2024-07-03,adapted,2643,0.8259983247,8.447275652,-2.146013808,4.605375263,0.003284919831,0.9967150802,2479.180056,2635.760654,0.7769288799,0.8259983247,0.7919979401,0.8599987093
real_20240703,real,2024-07-03,adapted,2644,0.8263114631,8.447214,1.396431347,1.950020508,0.0007753755869,0.9992246244,2481.130076,2636.759879,0.77753998,0.8263114631,0.7923110785,0.8603118477
real_20240703,real,2024-07-03,adapted,2645,0.8266236865,8.446746672,-1.919807477,3.685660747,0.003695304133,0.9963046959,2484.815737,2637.756184,0.7786949975,0.8266236865,0.7926233019,0.8606240711
real_20240703,real,2024-07-03,adapted,2646,0.8269368184,8.445024947,-1.959914126,3.841263379,0.0007960043929,0.9992039956,2488.657,2638.755388,0.7798987779,0.8269368184,0.7929364338,0.860937203
real_20240703,real,2024-07-03,adapted,2647,0.8272490572,8.442506351,-0.1350126902,0.01822842653,0.003646163123,0.9963538369,2488.675229,2639.751741,0.7799044904,0.8272490572,0.7932486726,0.8612494418
real_20240703,real,2024-07-03,adapted,2648,0.8275619981,8.440281934,-1.13480767,1.287788449,0.001405323508,0.9985946765,2489.963017,2640.750336,0.7803080593,0.8275619981,0.7935616135,0.8615623827
real_20240703,real,2024-07-03,adapted,2649,0.82787491,8.43961834,0.04593787777,0.002110288614,0.001498382487,0.9985016175,2489.965128,2641.748838,0.7803087207,0.82787491,0.7938745254,0.8618752946
real_20240703,real,2024-07-03,adapted,2650,0.8281874517,8.438516016,-3.072109586,9.43785731,0.002679450602,0.9973205494,2499.402985,2642.746158,0.7832663694,0.8281874517,0.794187067,0.8621878363
real_20240703,real,2024-07-03,adapted,2651,0.8284987386,8.437086547,0.3706958841,0.1374154385,0.00668338199,0.993316618,2499.5404,2643.739475,0.7833094329,0.8284987386,0.794498354,0.8624991232
real_20240703,real,2024-07-03,adapted,2652,0.8288118885,8.436554566,1.992810934,3.971295419,0.0007385125749,0.9992614874,2503.511696,2644.738736,0.7845539629,0.8288118885,0.7948115039,0.8628122731
real_20240703,real,2024-07-03,adapted,2653,0.8291250715,8.433134104,-1.160779441,1.347408911,0.0006331362307,0.9993668638,2504.859105,2645.738103,0.7849762158,0.8291250715,0.7951246869,0.8631254561
real_20240703,real,2024-07-03,adapted,2654,0.8294374067,8.432673722,-0.08213484822,0.006746133292,0.003338492826,0.9966615072,2504.865851,2646.734765,0.7849783299,0.8294374067,0.7954370221,0.8634377913
real_20240703,real,2024-07-03,adapted,2655,0.8297503056,8.425122823,-0.8208800756,0.6738440986,0.001539606716,0.9984603933,2505.539695,2647.733225,0.7851895001,0.8297503056,0.795749921,0.8637506902
real_20240703,real,2024-07-03,adapted,2656,0.8300634114,8.423799146,-0.5663006221,0.3206963946,0.0008793827619,0.9991206172,2505.860391,2648.732346,0.7852900004,0.8300634114,0.7960630268,0.864063796
real_20240703,real,2024-07-03,adapted,2657,0.8303766092,8.420546935,0.1827044663,0.033380922,0.0005856722038,0.9994143278,2505.893772,2649.73176,0.7853004614,0.8303766092,0.7963762246,0.8643769938
real_20240703,real,2024-07-03,adapted,2658,0.8306888722,8.419458558,1.124668504,1.264879243,0.003568752946,0.9964312471,2507.158651,2650.728191,0.785696851,0.8306888722,0.7966884876,0.8646892568
real_20240703,real,2024-07-03,adapted,2659,0.8309998734,8.419053539,0.06840506254,0.004679252581,0.007595201921,0.9924047981,2507.163331,2651.720596,0.7856983174,0.8309998734,0.7969994888,0.865000258
real_20240703,real,2024-07-03,adapted,2660,0.831313036,8.418124482,1.411323447,1.991833871,0.0006982739625,0.999301726,2509.155165,2652.719898,0.786322521,0.831313036,0.7973126514,0.8653134206
real_20240703,real,2024-07-03,adapted,2661,0.831626112,8.416311058,-0.2500546547,0.06252733034,0.0009744992605,0.9990255007,2509.217692,2653.718923,0.7863421159,0.831626112,0.7976257274,0.8656264966
real_20240703,real,2024-07-03,adapted,2662,0.8319394461,8.413492835,-0.4683552788,0.2193566672,0.000150677045,0.999849323,2509.437049,2654.718773,0.7864108582,0.8319394461,0.7979390615,0.8659398307
real_20240703,real,2024-07-03,adapted,2663,0.8322519809,8.413195047,-0.8216748641,0.6751495823,0.002701577137,0.9972984229,2510.112198,2655.716071,0.7866224375,0.8322519809,0.7982515963,0.8662523655
real_20240703,real,2024-07-03,adapted,2664,0.8325643239,8.410728778,-0.9918655066,0.9837971832,0.003313600822,0.9966863992,2511.095995,2656.712757,0.7869307413,0.8325643239,0.7985639393,0.8665647085
real_20240703,real,2024-07-03,adapted,2665,0.8328755485,8.406801264,0.110449271,0.01219904146,0.006882276928,0.9931177231,2511.108194,2657.705875,0.7869345642,0.8328755485,0.7988751639,0.8668759331
real_20240703,real,2024-07-03,adapted,2666,0.8331872331,8.404461589,0.611654543,0.37412128,0.005414369655,0.9945856303,2511.482316,2658.700461,0.7870518069,0.8331872331,0.7991868485,0.8671876177
real_20240703,real,2024-07-03,adapted,2667,0.833500204,8.399368461,1.631876988,2.663022505,0.001309980555,0.9986900194,2514.145338,2659.699151,0.7878863485,0.833500204,0.7994998194,0.8675005886
real_20240703,real,2024-07-03,adapted,2668,0.833811812,8.396530246,1.331437315,1.772725324,0.005658819957,0.99434118,2515.918064,2660.693492,0.7884418877,0.833811812,0.7998114274,0.8678121966
real_20240703,real,2024-07-03,adapted,2669,0.8341241131,8.393460472,1.041603194,1.084937213,0.003447108646,0.9965528914,2517.003001,2661.690045,0.7887818868,0.8341241131,0.8001237285,0.8681244977
real_20240703,real,2024-07-03,adapted,2670,0.8344370803,8.390803274,0.9332834884,0.8710180697,0.001321552751,0.9986784472,2517.874019,2662.688723,0.7890548476,0.8344370803,0.8004366957,0.8684374649
real_20240703,real,2024-07-03,adapted,2671,0.8347501664,8.388304367,-0.5920919944,0.3505729298,0.0009423483153,0.9990576517,2518.224592,2663.687781,0.7891647107,0.8347501664,0.8007497818,0.868750551
real_20240703,real,2024-07-03,adapted,2672,0.8350626331,8.385803832,-0.1457119825,0.02123198186,0.00291880699,0.997081193,2518.245824,2664.684862,0.7891713644,0.8350626331,0.8010622485,0.8690630177
real_20240703,real,2024-07-03,adapted,2673,0.8353756849,8.385168872,1.542970525,2.380758041,0.001051724256,0.9989482757,2520.626582,2665.68381,0.7899174496,0.8353756849,0.8013753003,0.8693760695
real_20240703,real,2024-07-03,adapted,2674,0.8356882514,8.384939507,1.265366138,1.601151464,0.002600330443,0.9973996696,2522.227733,2666.68121,0.7904192207,0.8356882514,0.8016878668,0.869688636
real_20240703,real,2024-07-03,adapted,2675,0.8360012855,8.384381411,-0.7432632524,0.5524402623,0.001108181843,0.9988918182,2522.780173,2667.680102,0.7905923452,0.8360012855,0.8020009009,0.8700016701
real_20240703,real,2024-07-03,adapted,2676,0.8363137593,8.382856535,1.574667665,2.479578255,0.002896133813,0.9971038662,2525.259752,2668.677206,0.7913693988,0.8363137593,0.8023133747,0.8703141439
real_20240703,real,2024-07-03,adapted,2677,0.836625327,8.381127358,0.002273744877,5.169915766e-06,0.005787244944,0.9942127551,2525.259757,2669.671419,0.7913694005,0.836625327,0.8026249424,0.8706257116
real_20240703,real,2024-07-03,adapted,2678,0.8369370962,8.379436468,-1.275125715,1.62594559,0.005144649476,0.9948553505,2526.885702,2670.666274,0.7918789415,0.8369370962,0.8029367116,0.8709374808
real_20240703,real,2024-07-03,adapted,2679,0.8372490544,8.37908358,-0.377040789,0.1421597565,0.004541412288,0.9954585877,2527.027862,2671.661733,0.7919234918,0.8372490544,0.8032486698,0.871249439
real_20240703,real,2024-07-03,adapted,2680,0.8375619278,8.378965926,0.1523998615,0.0232257178,0.001620954186,0.9983790458,2527.051088,2672.660112,0.7919307703,0.8375619278,0.8035615432,0.8715623124
real_20240703,real,2024-07-03,adapted,2681,0.8378747665,8.376823506,0.622690714,0.3877437252,0.001731550589,0.9982684494,2527.438832,2673.65838,0.7920522819,0.8378747665,0.8038743819,0.8718751511
real_20240703,real,2024-07-03,adapted,2682,0.838187347,8.374392108,0.3460233867,0.1197321842,0.002555614752,0.9974443852,2527.558564,2674.655824,0.7920898038,0.838187347,0.8041869624,0.8721877316
real_20240703,real,2024-07-03,adapted,2683,0.8385002643,8.372975401,-1.351890985,1.827609236,0.001480999513,0.9985190005,2529.386173,2675.654343,0.7926625425,0.8385002643,0.8044998797,0.8725006489
real_20240703,real,2024-07-03,adapted,2684,0.8388128063,8.370496326,1.073093544,1.151529755,0.002678375075,0.9973216249,2530.537703,2676.651665,0.7930234105,0.8388128063,0.8048124217,0.8728131909
real_20240703,real,2024-07-03,adapted,2685,0.8391255603,8.368594516,0.5605640255,0.3142320267,0.002001958645,0.9979980414,2530.851935,2677.649663,0.793121885,0.8391255603,0.8051251757,0.8731259449
real_20240703,real,2024-07-03,adapted,2686,0.8394387177,8.368388589,-0.1091404169,0.01191163061,0.0007147138595,0.9992852861,2530.863847,2678.648948,0.7931256178,0.8394387177,0.8054383331,0.8734391023
real_20240703,real,2024-07-03,adapted,2687,0.8397493706,8.363483113,-1.344624013,1.808013737,0.00870685693,0.9912931431,2532.67186,2679.640241,0.7936922157,0.8397493706,0.805748986,0.8737497552
real_20240703,real,2024-07-03,adapted,2688,0.8400625214,8.363213147,-1.27724906,1.631365162,0.0007355621551,0.9992644378,2534.303225,2680.639506,0.7942034552,0.8400625214,0.8060621368,0.874062906
real_20240703,real,2024-07-03,adapted,2689,0.840375494,8.362398806,0.7690777958,0.591480656,0.001304544022,0.998695456,2534.894706,2681.638201,0.7943888142,0.840375494,0.8063751094,0.8743758786
real_20240703,real,2024-07-03,adapted,2690,0.8406887415,8.36129359,0.2027694533,0.04111545119,0.0004271217062,0.9995728783,2534.935822,2682.637774,0.794401699,0.8406887415,0.8066883569,0.8746891261
real_20240703,real,2024-07-03,adapted,2691,0.8410020061,8.358786259,-0.9911050119,0.9822891446,0.0003728787008,0.9996271213,2535.918111,2683.637401,0.7947095301,0.8410020061,0.8070016215,0.8750023907
real_20240703,real,2024-07-03,adapted,2692,0.8413150153,8.354828576,0.5846167994,0.3417768021,0.001187411587,0.9988125884,2536.259887,2684.636214,0.7948166366,0.8413150153,0.8073146307,0.8753153999
real_20240703,real,2024-07-03,adapted,2693,0.8416276732,8.347752886,-0.2415409083,0.0583420104,0.002308905314,0.9976910947,2536.318229,2685.633905,0.7948349199,0.8416276732,0.8076272886,0.8756280578
real_20240703,real,2024-07-03,adapted,2694,0.8419406726,8.347087677,-0.7929495088,0.6287689236,0.001218875568,0.9987811244,2536.946998,2686.632686,0.7950319644,0.8419406726,0.807940288,0.8759410572
real_20240703,real,2024-07-03,adapted,2695,0.8422536049,8.34374593,-0.1595113497,0.02544387068,0.001432940323,0.9985670597,2536.972442,2687.631253,0.795039938,0.8422536049,0.8082532203,0.8762539895
real_20240703,real,2024-07-03,adapted,2696,0.8425668586,8.339290384,0.0124103702,0.0001540172885,0.0004074770067,0.999592523,2536.972596,2688.630846,0.7950399863,0.8425668586,0.808566474,0.8765672432
real_20240703,real,2024-07-03,adapted,2697,0.8428788826,8.338844153,0.1230957304,0.01515255883,0.004331421056,0.9956685789,2536.987749,2689.626514,0.7950447348,0.8428788826,0.808878498,0.8768792672
real_20240703,real,2024-07-03,adapted,2698,0.8431917377,8.336864316,0.8913457198,0.7944971921,0.001679354776,0.9983206452,2537.782246,2690.624835,0.7952937155,0.8431917377,0.8091913531,0.8771921223
real_20240703,real,2024-07-03,adapted,2699,0.8435047773,8.335809721,0.1917452874,0.03676625523,0.001090688455,0.9989093115,2537.819012,2691.623744,0.7953052373,0.8435047773,0.8095043927,0.8775051619
real_20240703,real,2024-07-03,adapted,2700,0.8438178174,8.335014141,-1.189620017,1.415195785,0.001088908111,0.9989110919,2539.234208,2692.622655,0.7957487333,0.8438178174,0.8098174328,0.877818202
real_20240703,real,2024-07-03,adapted,2701,0.8441304067,8.334767626,-1.037875133,1.077184791,0.002527645147,0.9974723549,2540.311393,2693.620128,0.796086303,0.8441304067,0.8101300221,0.8781307913
real_20240703,real,2024-07-03,adapted,2702,0.8444433111,8.331245722,0.3123616647,0.09756980955,0.001522016376,0.9984779836,2540.408963,2694.618606,0.7961168796,0.8444433111,0.8104429265,0.8784436957
real_20240703,real,2024-07-03,adapted,2703,0.8447558969,8.329847924,0.7071579043,0.5000723016,0.002538637099,0.9974613629,2540.909035,2695.616067,0.7962735929,0.8447558969,0.8107555123,0.8787562815
real_20240703,real,2024-07-03,adapted,2704,0.8450678922,8.328870799,-0.5671392039,0.3216468766,0.004423081716,0.9955769183,2541.230682,2696.611644,0.7963743911,0.8450678922,0.8110675076,0.8790682768
real_20240703,real,2024-07-03,adapted,2705,0.8453809686,8.324560326,-2.286720169,5.229089132,0.0009731811173,0.9990268189,2546.459771,2697.610671,0.7980130903,0.8453809686,0.811380584,0.8793813532
real_20240703,real,2024-07-03,adapted,2706,0.8456942542,8.324084694,-0.1064276013,0.01132683433,0.0003055462186,0.9996944538,2546.471098,2698.610365,0.7980166399,0.8456942542,0.8116938696,0.8796946388
real_20240703,real,2024-07-03,adapted,2707,0.846005729,8.322473352,1.089613477,1.187257529,0.006083957744,0.9939160423,2547.658355,2699.604281,0.7983887043,0.846005729,0.8120053444,0.8800061136
real_20240703,real,2024-07-03,adapted,2708,0.8463177582,8.317087476,-1.173809886,1.377829648,0.004314846836,0.9956851532,2549.036185,2700.599966,0.7988204904,0.8463177582,0.8123173736,0.8803181428
real_20240703,real,2024-07-03,adapted,2709,0.8466309891,8.315785326,-0.7074214887,0.5004451626,0.0004803857684,0.9995196142,2549.53663,2701.599486,0.7989773206,0.8466309891,0.8126306045,0.8806313737
real_20240703,real,2024-07-03,adapted,2710,0.8469429587,8.31543939,0.2191639128,0.04803282067,0.004504823584,0.9954951764,2549.584663,2702.594981,0.7989923732,0.8469429587,0.8129425741,0.8809433433
real_20240703,real,2024-07-03,adapted,2711,0.847255571,8.312581769,0.03995974495,0.001596781217,0.002454310378,0.9975456896,2549.58626,2703.592527,0.7989928736,0.847255571,0.8132551864,0.8812559556
real_20240703,real,2024-07-03,adapted,2712,0.8475681509,8.311290409,-0.5256270203,0.2762837645,0.00255744232,0.9974425577,2549.862544,2704.58997,0.7990794558,0.8475681509,0.8135677663,0.8815685355
real_20240703,real,2024-07-03,adapted,2713,0.8478805678,8.309106686,-1.774305375,3.148159564,0.003077623458,0.9969223765,2553.010703,2705.586892,0.8000660304,0.8478805678,0.8138801832,0.8818809524
real_20240703,real,2024-07-03,adapted,2714,0.848193023,8.306861129,0.2990952525,0.08945797009,0.002955381331,0.9970446187,2553.100161,2706.583937,0.8000940649,0.848193023,0.8141926384,0.8821934076
real_20240703,real,2024-07-03,adapted,2715,0.8485057099,8.303410967,0.4545812422,0.2066441058,0.002216158859,0.9977838411,2553.306805,2707.58172,0.8001588233,0.8485057099,0.8145053253,0.8825060945
real_20240703,real,2024-07-03,adapted,2716,0.8488186244,8.302687811,1.362755675,1.857103031,0.001490024327,0.9985099757,2555.163908,2708.58023,0.8007408048,0.8488186244,0.8148182398,0.882819009
real_20240703,real,2024-07-03,adapted,2717,0.8491311153,8.302080475,1.216720564,1.480408931,0.002841476751,0.9971585232,2556.644317,2709.577389,0.8012047374,0.8491311153,0.8151307307,0.8831314999
real_20240703,real,2024-07-03,adapted,2718,0.849444132,8.299493043,0.2381387324,0.05671005585,0.001163708253,0.9988362917,2556.701027,2710.576225,0.8012225093,0.849444132,0.8154437474,0.8834445166
real_20240703,real,2024-07-03,adapted,2719,0.8497564603,8.297369328,-0.8680830435,0.7535681705,0.003360473432,0.9966395266,2557.454595,2711.572865,0.8014586635,0.8497564603,0.8157560757,0.8837568449
real_20240703,real,2024-07-03,adapted,2720,0.8500695439,8.296009456,0.2142687844,0.04591111198,0.0009501688126,0.9990498312,2557.500506,2712.571915,0.8014730512,0.8500695439,0.8160691593,0.8840699285
real_20240703,real,2024-07-03,adapted,2721,0.8503821211,8.292861203,0.2010862101,0.04043566391,0.002566124171,0.9974338758,2557.540942,2713.569348,0.801485723,0.8503821211,0.8163817365,0.8843825057
real_20240703,real,2024-07-03,adapted,2722,0.8506952236,8.292228402,-1.348743855,1.819109987,0.0008899328258,0.9991100672,2559.360052,2714.568458,0.8020557982,0.8506952236,0.816694839,0.8846956082
real_20240703,real,2024-07-03,adapted,2723,0.8510085592,8.29102385,-1.091719093,1.191850579,0.0001461845489,0.9998538155,2560.551903,2715.568312,0.802429302,0.8510085592,0.8170081746,0.8850089438
real_20240703,real,2024-07-03,adapted,2724,0.8513215702,8.289255333,-1.240526348,1.53890562,0.001181668499,0.9988183315,2562.090808,2716.567131,0.8029115664,0.8513215702,0.8173211856,0.8853219548
real_20240703,real,2024-07-03,adapted,2725,0.8516341861,8.288409553,0.3691956624,0.1363054372,0.002442713871,0.9975572861,2562.227114,2717.564688,0.802954282,0.8516341861,0.8176338015,0.8856345707
real_20240703,real,2024-07-03,adapted,2726,0.8519470743,8.288200828,-1.096100524,1.201436358,0.001573752375,0.9984262476,2563.42855,2718.563114,0.8033307898,0.8519470743,0.8179466897,0.8859474589
real_20240703,real,2024-07-03,adapted,2727,0.8522603636,8.28661972,0.4127012949,0.1703223588,0.0002937242233,0.9997062758,2563.598872,2719.56282,0.8033841656,0.8522603636,0.818259979,0.8862607482
real_20240703,real,2024-07-03,adapted,2728,0.8525734592,8.285346247,-0.04897534218,0.002398584142,0.0009120923854,0.9990879076,2563.601271,2720.561908,0.8033849173,0.8525734592,0.8185730746,0.8865738438
real_20240703,real,2024-07-03,adapted,2729,0.8528863519,8.283888069,0.7235289897,0.5234941989,0.001559479845,0.9984405202,2564.124765,2721.560349,0.8035489706,0.8528863519,0.8188859673,0.8868867365
real_20240703,real,2024-07-03,adapted,2730,0.8531971191,8.282319604,-1.780155007,3.16895185,0.008341924338,0.9916580757,2567.293717,2722.552007,0.8045420611,0.8531971191,0.8191967345,0.8871975037
real_20240703,real,2024-07-03,adapted,2731,0.8535087015,8.280845906,1.269315309,1.611161353,0.005740351021,0.994259649,2568.904878,2723.546267,0.8050469691,0.8535087015,0.8195083169,0.8875090861
real_20240703,real,2024-07-03,adapted,2732,0.8538206047,8.280792883,0.8283417487,0.6861500526,0.004717107889,0.9952828921,2569.591029,2724.541549,0.8052619958,0.8538206047,0.8198202201,0.8878209893
real_20240703,real,2024-07-03,adapted,2733,0.8541327989,8.277979165,-0.1415086433,0.02002469612,0.003788131553,0.9962118684,2569.611053,2725.537761,0.8052682711,0.8541327989,0.8201324143,0.8881331835
real_20240703,real,2024-07-03,adapted,2734,0.8544454163,8.276187992,1.897018408,3.598678841,0.002438053247,0.9975619468,2573.209732,2726.535323,0.8063960301,0.8544454163,0.8204450317,0.8884458009
real_20240703,real,2024-07-03,adapted,2735,0.8547572029,8.275456742,-0.2274521043,0.05173445976,0.005088877968,0.994911122,2573.261467,2727.530234,0.8064122427,0.8547572029,0.8207568183,0.8887575875
real_20240703,real,2024-07-03,adapted,2736,0.8550702934,8.274208534,0.0994405049,0.009888414016,0.0009281057475,0.9990718943,2573.271355,2728.529306,0.8064153416,0.8550702934,0.8210699088,0.889070678
real_20240703,real,2024-07-03,adapted,2737,0.8553826339,8.271924694,-1.096741639,1.202842222,0.003321366609,0.9966786334,2574.474197,2729.525985,0.8067922899,0.8553826339,0.8213822493,0.8893830185
real_20240703,real,2024-07-03,adapted,2738,0.8556938434,8.270046306,-0.4377894965,0.1916596433,0.00693055237,0.9930694476,2574.665857,2730.519054,0.8068523525,0.8556938434,0.8216934588,0.889694228
real_20240703,real,2024-07-03,adapted,2739,0.8560045038,8.268638313,-0.8233374812,0.6778846079,0.008682849354,0.9913171506,2575.343741,2731.510372,0.8070647889,0.8560045038,0.8220041192,0.8900048884
real_20240703,real,2024-07-03,adapted,2740,0.856317005,8.267968399,-1.774936925,3.150401088,0.002808577796,0.9971914222,2578.494142,2732.507563,0.808052066,0.856317005,0.8223166204,0.8903173896
real_20240703,real,2024-07-03,adapted,2741,0.8566298803,8.266299971,1.309211268,1.714034145,0.001614794174,0.9983852058,2580.208177,2733.505948,0.8085892124,0.8566298803,0.8226294957,0.8906302649
real_20240703,real,2024-07-03,adapted,2742,0.8569414761,8.265961561,0.6189997627,0.3831607063,0.00569778238,0.9943022176,2580.591337,2734.50025,0.8087092878,0.8569414761,0.8229410915,0.8909418607
real_20240703,real,2024-07-03,adapted,2743,0.8572527804,8.262192081,-2.008286176,4.033213366,0.006628095854,0.9933719041,2584.624551,2735.493622,0.8099732218,0.8572527804,0.8232523958,0.891253165
real_20240703,real,2024-07-03,adapted,2744,0.8575657438,8.259757152,0.494911891,0.2449377799,0.001333755682,0.9986662443,2584.869488,2736.492289,0.8100499807,0.8575657438,0.8235653592,0.8915661284
real_20240703,real,2024-07-03,adapted,2745,0.8578771623,8.258983537,-0.418803163,0.1753960894,0.006263483545,0.9937365165,2585.044885,2737.486025,0.8101049466,0.8578771623,0.8238767777,0.8918775469
real_20240703,real,2024-07-03,adapted,2746,0.8581899189,8.25515725,-0.5825504396,0.3393650147,0.001993823497,0.9980061765,2585.38425,2738.484031,0.8102112973,0.8581899189,0.8241895343,0.8921903035
real_20240703,real,2024-07-03,adapted,2747,0.8585028691,8.2532394,-1.354946961,1.835881267,0.001375982368,0.9986240176,2587.220131,2739.482655,0.8107866283,0.8585028691,0.8245024845,0.8925032537
real_20240703,real,2024-07-03,adapted,2748,0.8588160302,8.251522467,-0.2122528936,0.04505129083,0.000702982712,0.9992970173,2587.265182,2740.481952,0.8108007465,0.8588160302,0.8248156456,0.8928164148
real_20240703,real,2024-07-03,adapted,2749,0.8591289959,8.251011746,-1.331831261,1.773774507,0.001326373867,0.9986736261,2589.038957,2741.480626,0.8113566144,0.8591289959,0.8251286113,0.8931293805
real_20240703,real,2024-07-03,adapted,2750,0.8594420119,8.246400991,0.4872133684,0.2373768664,0.001165749309,0.9988342507,2589.276334,2742.47946,0.8114310039,0.8594420119,0.8254416273,0.8934423965
real_20240703,real,2024-07-03,adapted,2751,0.8597545569,8.246092521,-0.8186770269,0.6702320743,0.002669156488,0.9973308435,2589.946566,2743.476791,0.8116410422,0.8597545569,0.8257541723,0.8937549415
real_20240703,real,2024-07-03,adapted,2752,0.860067422,8.241721492,1.378686357,1.900776071,0.001647505059,0.9983524949,2591.847342,2744.475143,0.81223671,0.860067422,0.8260670374,0.8940678066
real_20240703,real,2024-07-03,adapted,2753,0.860379744,8.240589833,-1.235641087,1.526808896,0.003380388183,0.9966196118,2593.374151,2745.471763,0.8127151835,0.860379744,0.8263793594,0.8943801286
real_20240703,real,2024-07-03,adapted,2754,0.8606927688,8.236433852,0.7239960093,0.5241702215,0.001137838011,0.998862162,2593.898321,2746.470625,0.8128794487,0.8606927688,0.8266923842,0.8946931534
real_20240703,real,2024-07-03,adapted,2755,0.8610056813,8.234039499,-0.9389657127,0.8816566096,0.001496327503,0.9985036725,2594.779977,2747.469129,0.8131557435,0.8610056813,0.8270052967,0.8950060659
real_20240703,real,2024-07-03,adapted,2756,0.8613176234,8.233950478,-1.0003187,1.000637502,0.004592618641,0.9954073814,2595.780615,2748.464536,0.8134693246,0.8613176234,0.8273172388,0.895318008
real_20240703,real,2024-07-03,adapted,2757,0.8616291784,8.228869242,1.930164776,3.725536062,0.005828131708,0.9941718683,2599.506151,2749.458708,0.8146368383,0.8616291784,0.8276287938,0.895629563
real_20240703,real,2024-07-03,adapted,2758,0.8619412745,8.228671592,0.5756013818,0.3313169507,0.00410118005,0.9958988199,2599.837468,2750.454607,0.8147406668,0.8619412745,0.8279408899,0.8959416591
real_20240703,real,2024-07-03,adapted,2759,0.8622545904,8.226474019,0.6814054875,0.4643134384,0.0002088448772,0.9997911551,2600.301781,2751.454398,0.814886174,0.8622545904,0.8282542058,0.896254975
real_20240703,real,2024-07-03,adapted,2760,0.8625662967,8.225631024,0.4769493783,0.2274807094,0.005345476119,0.9946545239,2600.529262,2752.449053,0.8149574623,0.8625662967,0.8285659121,0.8965666813
real_20240703,real,2024-07-03,adapted,2761,0.8628789896,8.224780226,-0.3821242215,0.1460189206,0.002196971199,0.9978030288,2600.675281,2753.446856,0.8150032219,0.8628789896,0.828878605,0.8968793742
real_20240703,real,2024-07-03,adapted,2762,0.8631909325,8.22453805,-0.2124846069,0.04514970817,0.00458995901,0.995410041,2600.720431,2754.442266,0.8150173709,0.8631909325,0.8291905479,0.8971913171
real_20240703,real,2024-07-03,adapted,2763,0.8635031505,8.217651582,0.524027067,0.2746043669,0.003712616214,0.9962873838,2600.995035,2755.438553,0.8151034268,0.8635031505,0.8295027659,0.8975035351
real_20240703,real,2024-07-03,adapted,2764,0.863815255,8.217051682,0.5787309225,0.3349294807,0.004074529192,0.9959254708,2601.329965,2756.434479,0.8152083875,0.863815255,0.8298148704,0.8978156396
real_20240703,real,2024-07-03,adapted,2765,0.8641274885,8.215184583,-0.5655307299,0.3198250064,0.003662783132,0.9963372169,2601.64979,2757.430816,0.8153086147,0.8641274885,0.8301271039,0.8981278731
real_20240703,real,2024-07-03,adapted,2766,0.864438911,8.211749582,1.035909263,1.073108,0.00625090924,0.9937490908,2602.722898,2758.424565,0.8156449068,0.864438911,0.8304385264,0.8984392956
real_20240703,real,2024-07-03,adapted,2767,0.8647517847,8.209862203,-0.5284643137,0.2792745308,0.001619920774,0.9983800792,2603.002172,2759.422945,0.8157324262,0.8647517847,0.8307514001,0.8987521693
real_20240703,real,2024-07-03,adapted,2768,0.8650648876,8.20904834,0.29807681,0.08884978465,0.0008886084237,0.9991113916,2603.091022,2760.422056,0.8157602701,0.8650648876,0.831064503,0.8990652722
real_20240703,real,2024-07-03,adapted,2769,0.8653775952,8.206291423,2.526463432,6.383017474,0.002150154077,0.9978498459,2609.474039,2761.419906,0.8177605889,0.8653775952,0.8313772106,0.8993779798
real_20240703,real,2024-07-03,adapted,2770,0.8656900236,8.203422471,-1.260514287,1.588896268,0.003041028882,0.9969589711,2611.062936,2762.416865,0.8182585195,0.8656900236,0.831689639,0.8996904082
real_20240703,real,2024-07-03,adapted,2771,0.8660022598,8.200863421,-0.9879489315,0.9760430913,0.003654001045,0.996345999,2612.038979,2763.413211,0.8185643932,0.8660022598,0.8320018752,0.9000026444
real_20240703,real,2024-07-03,adapted,2772,0.866315295,8.198284074,0.9393178786,0.882318077,0.001104941694,0.9988950583,2612.921297,2764.412106,0.8188408953,0.866315295,0.8323149104,0.9003156796
real_20240703,real,2024-07-03,adapted,2773,0.8666274616,8.19474272,-0.8221693338,0.6759624134,0.003876235289,0.9961237647,2613.597259,2765.40823,0.8190527293,0.8666274616,0.832627077,0.9006278462
real_20240703,real,2024-07-03,adapted,2774,0.866940257,8.192282916,0.6030524355,0.36367224,0.001869970274,0.9981300297,2613.960931,2766.40636,0.8191666974,0.866940257,0.8329398724,0.9009406416
real_20240703,real,2024-07-03,adapted,2775,0.8672527077,8.189702754,-0.204438262,0.04179500298,0.002969612948,0.9970303871,2614.002726,2767.40339,0.8191797952,0.8672527077,0.8332523231,0.9012530923
real_20240703,real,2024-07-03,adapted,2776,0.8675654973,8.188575182,0.8460037286,0.7157223088,0.00188856147,0.9981114385,2614.718449,2768.401502,0.8194040892,0.8675654973,0.8335651127,0.9015658819
real_20240703,real,2024-07-03,adapted,2777,0.86787845,8.186665838,0.1693283635,0.0286720947,0.001368024321,0.9986319757,2614.747121,2769.400134,0.8194130745,0.86787845,0.8338780654,0.9018788346
real_20240703,real,2024-07-03,adapted,2778,0.8681913759,8.183428389,0.6549818071,0.4290011676,0.001453328849,0.9985466712,2615.176122,2770.39868,0.8195475155,0.8681913759,0.8341909913,0.9021917605
real_20240703,real,2024-07-03,adapted,2779,0.8685022905,8.181347033,0.2359755279,0.05568444976,0.007871568112,0.9921284319,2615.231806,2771.390809,0.819564966,0.8685022905,0.8345019059,0.9025026751
real_20240703,real,2024-07-03,adapted,2780,0.8688154418,8.180682006,-1.493223939,2.229717733,0.000734085119,0.9992659149,2617.461524,2772.390075,0.820263718,0.8688154418,0.8348150572,0.9028158264
real_20240703,real,2024-07-03,adapted,2781,0.8691282686,8.176650165,-1.154430296,1.332709308,0.001769668124,0.9982303319,2618.794233,2773.388305,0.8206813643,0.8691282686,0.835127884,0.9031286532
real_20240703,real,2024-07-03,adapted,2782,0.8694406253,8.175414488,-0.09619950067,0.009254343929,0.003269885454,0.9967301145,2618.803488,2774.385035,0.8206842644,0.8694406253,0.8354402407,0.9034410099
real_20240703,real,2024-07-03,adapted,2783,0.8697536457,8.174737939,1.233491727,1.521501841,0.001151979467,0.9988480205,2620.32499,2775.383883,0.8211610748,0.8697536457,0.8357532611,0.9037540303
real_20240703,real,2024-07-03,adapted,2784,0.8700665615,8.173135746,0.4460714475,0.1989797362,0.001485632374,0.9985143676,2620.523969,2776.382398,0.8212234313,0.8700665615,0.8360661769,0.9040669461
real_20240703,real,2024-07-03,adapted,2785,0.870379259,8.171323844,-2.097098785,4.397823313,0.002182288334,0.9978177117,2624.921793,2777.380215,0.8226016273,0.870379259,0.8363788744,0.9043796436
real_20240703,real,2024-07-03,adapted,2786,0.8706924069,8.163967504,-0.6430133931,0.4134662237,0.0007450348376,0.9992549652,2625.335259,2778.37947,0.8227311999,0.8706924069,0.8366920223,0.9046927915
real_20240703,real,2024-07-03,adapted,2787,0.8710045357,8.16290038,-0.4551726746,0.2071821637,0.003996959248,0.9960030408,2625.542441,2779.375473,0.822796127,0.8710045357,0.8370041511,0.9050049203
real_20240703,real,2024-07-03,adapted,2788,0.8713169974,8.161356978,-1.842716329,3.39560347,0.002934802383,0.9970651976,2628.938045,2780.372539,0.8238602459,0.8713169974,0.8373166128,0.905317382
real_20240703,real,2024-07-03,adapted,2789,0.8716292987,8.159551113,-0.6098206695,0.3718812489,0.003446361458,0.9965536385,2629.309926,2781.369092,0.8239767865,0.8716292987,0.8376289141,0.9056296833
real_20240703,real,2024-07-03,adapted,2790,0.8719417893,8.155728836,-1.540196077,2.372203955,0.002842670462,0.9971573295,2631.68213,2782.36625,0.8247201911,0.8719417893,0.8379414047,0.9059421739
real_20240703,real,2024-07-03,adapted,2791,0.8722538588,8.152168858,0.3096333694,0.09587282345,0.004186203599,0.9958137964,2631.778003,2783.362063,0.8247502359,0.8722538588,0.8382534742,0.9062542434
real_20240703,real,2024-07-03,adapted,2792,0.8725666386,8.151313559,-1.499692075,2.249076319,0.00191969757,0.9980803024,2634.027079,2784.360144,0.8254550545,0.8725666386,0.838566254,0.9065670232
real_20240703,real,2024-07-03,adapted,2793,0.8728796715,8.144159329,0.3818801792,0.1458324712,0.001112045078,0.9988879549,2634.172911,2785.359032,0.8255007557,0.8728796715,0.8388792869,0.9068800561
real_20240703,real,2024-07-03,adapted,2794,0.8731919728,8.143357303,1.053092882,1.109004618,0.003446547111,0.9965534529,2635.281916,2786.355585,0.8258482971,0.8731919728,0.8391915882,0.9071923574
real_20240703,real,2024-07-03,adapted,2795,0.8735047499,8.143265975,-0.1615967082,0.02611349609,0.001928201254,0.9980717987,2635.30803,2787.353657,0.8258564806,0.8735047499,0.8395043653,0.9075051345
real_20240703,real,2024-07-03,adapted,2796,0.8738180906,8.141784098,1.042718939,1.087262786,0.0001297282347,0.9998702718,2636.395292,2788.353527,0.8261972085,0.8738180906,0.839817706,0.9078184752
real_20240703,real,2024-07-03,adapted,2797,0.8741309064,8.141240345,-0.6681776196,0.4464613314,0.001804964264,0.9981950357,2636.841754,2789.351722,0.8263371212,0.8741309064,0.8401305218,0.908131291
real_20240703,real,2024-07-03,adapted,2798,0.8744433178,8.13867152,0.3109420657,0.09668496821,0.003095056568,0.9969049434,2636.938439,2790.348627,0.8263674204,0.8744433178,0.8404429332,0.9084437024
real_20240703,real,2024-07-03,adapted,2799,0.874756451,8.137806551,0.5837834567,0.3408031243,0.00079195754,0.9992080425,2637.279242,2791.347835,0.8264742218,0.874756451,0.8407560664,0.9087568356
real_20240703,real,2024-07-03,adapted,2800,0.8750689859,8.129432712,0.5087830787,0.2588602212,0.002701107432,0.9972988926,2637.538102,2792.345134,0.8265553438,0.8750689859,0.8410686013,0.9090693705
real_20240703,real,2024-07-03,adapted,2801,0.8753808403,8.129176904,-1.062447286,1.128794235,0.004872626634,0.9951273734,2638.666896,2793.340261,0.8269090869,0.8753808403,0.8413804557,0.9093812249
real_20240703,real,2024-07-03,adapted,2802,0.8756935251,8.127699934,-0.8159721593,0.6658105648,0.002222962404,0.9977770376,2639.332707,2794.338038,0.8271177395,0.8756935251,0.8416931405,0.9096939097
real_20240703,real,2024-07-03,adapted,2803,0.8760052728,8.127042361,0.5758597862,0.3316144933,0.005213028658,0.9947869713,2639.664321,2795.332825,0.8272216613,0.8760052728,0.8420048882,0.9100056574
real_20240703,real,2024-07-03,adapted,2804,0.876317444,8.126835303,0.9882299158,0.9765983665,0.003861628998,0.996138371,2640.64092,2796.328964,0.8275277091,0.876317444,0.8423170594,0.9103178286
real_20240703,real,2024-07-03,adapted,2805,0.8766280572,8.126258027,0.3370869435,0.1136276075,0.008833330522,0.9911666695,2640.754547,2797.32013,0.8275633178,0.8766280572,0.8426276726,0.9106284418
real_20240703,real,2024-07-03,adapted,2806,0.8769410201,8.123073017,-0.09706884005,0.009422359709,0.001335435802,0.9986645642,2640.76397,2798.318795,0.8275662706,0.8769410201,0.8429406355,0.9109414047
real_20240703,real,2024-07-03,adapted,2807,0.8772532088,8.120942755,0.2728627807,0.07445409709,0.003805759265,0.9961942407,2640.838424,2799.314989,0.8275896032,0.8772532088,0.8432528242,0.9112535934
real_20240703,real,2024-07-03,adapted,2808,0.8775660074,8.118171657,-1.619165193,2.621695924,0.001859574004,0.998140426,2643.46012,2800.31313,0.8284111939,0.8775660074,0.8435656228,0.911566392
real_20240703,real,2024-07-03,adapted,2809,0.8778788597,8.116168852,-0.3102612128,0.09626202019,0.001688348373,0.9983116516,2643.556382,2801.311441,0.8284413606,0.8778788597,0.8438784751,0.9118792443
real_20240703,real,2024-07-03,adapted,2810,0.8781914831,8.109772502,0.804815735,0.6477283674,0.002418924864,0.9975810751,2644.20411,2802.309022,0.8286443466,0.8781914831,0.8441910985,0.9121918677
real_20240703,real,2024-07-03,adapted,2811,0.8785044339,8.108627121,-0.716318618,0.5131123624,0.001373793321,0.9986262067,2644.717222,2803.307649,0.8288051465,0.8785044339,0.8445040493,0.9125048185
real_20240703,real,2024-07-03,adapted,2812,0.8788166508,8.106364732,0.2449884137,0.06001932284,0.00371581915,0.9962841809,2644.777242,2804.303933,0.8288239554,0.8788166508,0.8448162662,0.9128170354
real_20240703,real,2024-07-03,adapted,2813,0.8791274713,8.105996598,0.5727726352,0.3280684916,0.00817204969,0.9918279503,2645.10531,2805.295761,0.8289267659,0.8791274713,0.8451270867,0.9131278559
real_20240703,real,2024-07-03,adapted,2814,0.8794405582,8.103785325,-0.2243619154,0.05033826908,0.0009396029933,0.999060397,2645.155648,2806.294821,0.828942541,0.8794405582,0.8454401736,0.9134409428
real_20240703,real,2024-07-03,adapted,2815,0.8797535811,8.100845154,0.2122016211,0.04502952801,0.001143873457,0.9988561265,2645.200678,2807.293677,0.8289566524,0.8797535811,0.8457531965,0.9137539657
real_20240703,real,2024-07-03,adapted,2816,0.8800657995,8.099683108,-0.5711560879,0.3262192768,0.003711187269,0.9962888127,2645.526897,2808.289966,0.8290588835,0.8800657995,0.8460654149,0.9140661841
real_20240703,real,2024-07-03,adapted,2817,0.8803785493,8.097211977,0.7055423972,0.4977900743,0.002015376609,0.9979846234,2646.024687,2809.287951,0.8292148816,0.8803785493,0.8463781647,0.9143789339
real_20240703,real,2024-07-03,adapted,2818,0.8806913354,8.09577862,0.04529122914,0.002051295437,0.001899411561,0.9981005884,2646.026739,2810.286051,0.8292155245,0.8806913354,0.8466909508,0.91469172
real_20240703,real,2024-07-03,adapted,2819,0.8810038321,8.091427644,0.123268529,0.01519513025,0.002823197181,0.9971768028,2646.041934,2811.283228,0.8292202863,0.8810038321,0.8470034475,0.9150042167
real_20240703,real,2024-07-03,adapted,2820,0.8813164608,8.087580093,0.7523223196,0.5659888726,0.002401820936,0.9975981791,2646.607923,2812.280826,0.8293976567,0.8813164608,0.8473160762,0.9153168454
real_20240703,real,2024-07-03,adapted,2821,0.8816289332,8.086803387,0.1428515452,0.02040656395,0.002900329641,0.9970996704,2646.628329,2813.277926,0.8294040518,0.8816289332,0.8476285486,0.9156293178
real_20240703,real,2024-07-03,adapted,2822,0.8819413744,8.08666125,-1.262392688,1.593635299,0.00300015073,0.9969998493,2648.221964,2814.274926,0.8299034674,0.8819413744,0.8479409898,0.915941759
real_20240703,real,2024-07-03,adapted,2823,0.8822542146,8.085214087,-0.713802278,0.5095136921,0.001726869187,0.9982731308,2648.731478,2815.273199,0.8300631395,0.8822542146,0.84825383,0.9162545992
real_20240703,real,2024-07-03,adapted,2824,0.8825658789,8.084049725,-0.2174156189,0.04726955133,0.005479299678,0.9945207003,2648.778748,2816.26772,0.8300779529,0.8825658789,0.8485654943,0.9165662635
real_20240703,real,2024-07-03,adapted,2825,0.8828773174,8.083974882,1.380781866,1.906558562,0.006199970365,0.9938000296,2650.685306,2817.26152,0.8306754329,0.8828773174,0.8488769328,0.916877702
real_20240703,real,2024-07-03,adapted,2826,0.883190571,8.080821644,0.7092018843,0.5029673127,0.0004077134619,0.9995922865,2651.188274,2818.261112,0.8308330535,0.883190571,0.8491901864,0.9171909556
real_20240703,real,2024-07-03,adapted,2827,0.8835036876,8.079819439,-1.035885344,1.073058445,0.000844879402,0.9991551206,2652.261332,2819.260267,0.83116933,0.8835036876,0.849503303,0.9175040722
real_20240703,real,2024-07-03,adapted,2828,0.8838167076,8.077826288,0.7984664042,0.6375485986,0.001152988366,0.9988470116,2652.898881,2820.259114,0.8313691259,0.8838167076,0.849816323,0.9178170922
real_20240703,real,2024-07-03,adapted,2829,0.8841297727,8.077038798,-2.967220921,8.804399991,0.001009318226,0.9989906818,2661.703281,2821.258105,0.8341282609,0.8841297727,0.8501293881,0.9181301573
real_20240703,real,2024-07-03,adapted,2830,0.8844412133,8.074829216,0.9155132848,0.8381645747,0.006193201074,0.9938067989,2662.541445,2822.251912,0.8343909261,0.8844412133,0.8504408287,0.9184415979
real_20240703,real,2024-07-03,adapted,2831,0.8847536812,8.070571373,-1.102900023,1.216388461,0.002914809613,0.9970851904,2663.757834,2823.248997,0.8347721196,0.8847536812,0.8507532966,0.9187540658
real_20240703,real,2024-07-03,adapted,2832,0.8850667587,8.066496626,0.9397187537,0.8830713361,0.0009696433737,0.9990303566,2664.640905,2824.248027,0.8350488577,0.8850667587,0.8510663741,0.9190671433
real_20240703,real,2024-07-03,adapted,2833,0.8853790976,8.057221131,-0.274838667,0.07553629288,0.003326591361,0.9966734086,2664.716441,2825.244701,0.8350725294,0.8853790976,0.851378713,0.9193794822
real_20240703,real,2024-07-03,adapted,2834,0.8856923048,8.056836118,0.1648586905,0.02717838782,0.0005559137413,0.9994440863,2664.74362,2826.244145,0.8350810466,0.8856923048,0.8516919202,0.9196926894
real_20240703,real,2024-07-03,adapted,2835,0.8860035789,8.056010782,0.9106639757,0.8293088766,0.006724229335,0.9932757707,2665.572929,2827.23742,0.8353409366,0.8860035789,0.8520031943,0.9200039635
real_20240703,real,2024-07-03,adapted,2836,0.8863165564,8.051838959,-0.7566914716,0.5725819832,0.001288925163,0.9987110748,2666.145511,2828.236131,0.8355203731,0.8863165564,0.8523161718,0.920316941
real_20240703,real,2024-07-03,adapted,2837,0.8866288931,8.048042544,-0.2106051432,0.04435452635,0.003333564416,0.9966664356,2666.189865,2829.232798,0.835534273,0.8866288931,0.8526285085,0.9206292777
real_20240703,real,2024-07-03,adapted,2838,0.886941746,8.045808444,-0.7568021748,0.5727495318,0.001686316601,0.9983136834,2666.762615,2830.231112,0.835713762,0.886941746,0.8529413614,0.9209421306
real_20240703,real,2024-07-03,adapted,2839,0.8872549927,8.043374975,-0.8803325515,0.7749854012,0.0004300090805,0.9995699909,2667.5376,2831.230682,0.835956628,0.8872549927,0.8532546081,0.9212553773
real_20240703,real,2024-07-03,adapted,2840,0.8875664804,8.041593564,0.5943117465,0.3532064521,0.006042542842,0.9939574572,2667.890806,2832.224639,0.8360673163,0.8875664804,0.8535660958,0.921566865
real_20240703,real,2024-07-03,adapted,2841,0.8878797146,8.041524206,-0.5263952116,0.2770919188,0.0004697974679,0.9995302025,2668.167898,2833.224169,0.8361541518,0.8878797146,0.85387933,0.9218800992
real_20240703,real,2024-07-03,adapted,2842,0.8881928731,8.039061659,-0.9829168897,0.966125612,0.0007110112839,0.9992889887,2669.134024,2834.223458,0.8364569176,0.8881928731,0.8541924885,0.9221932577
real_20240703,real,2024-07-03,adapted,2843,0.8885056433,8.037438576,1.042552191,1.086915072,0.001950396114,0.9980496039,2670.220939,2835.221508,0.8367975365,0.8885056433,0.8545052587,0.9225060279
real_20240703,real,2024-07-03,adapted,2844,0.888818438,8.036994225,-0.3424597624,0.1172786889,0.001872013592,0.9981279864,2670.338218,2836.219636,0.8368342895,0.888818438,0.8548180534,0.9228188226
real_20240703,real,2024-07-03,adapted,2845,0.8891312975,8.036688139,-0.5123675793,0.2625205363,0.001665438703,0.9983345613,2670.600738,2837.21797,0.8369165585,0.8891312975,0.8551309129,0.9231316821
real_20240703,real,2024-07-03,adapted,2846,0.8894446406,8.036428101,0.2888978362,0.08346195976,0.0001222062036,0.9998777938,2670.6842,2838.217848,0.836942714,0.8894446406,0.855444256,0.9234450252
real_20240703,real,2024-07-03,adapted,2847,0.889757359,8.0351786,-2.955035037,8.732232072,0.002115661498,0.9978843385,2679.416432,2839.215733,0.8396792329,0.889757359,0.8557569744,0.9237577436
real_20240703,real,2024-07-03,adapted,2848,0.8900683966,8.034940602,-0.2082813357,0.04338111481,0.007478981342,0.9925210187,2679.459813,2840.208254,0.8396928278,0.8900683966,0.856068012,0.9240687812
real_20240703,real,2024-07-03,adapted,2849,0.8903811704,8.033535483,1.206384404,1.455363331,0.001938804046,0.998061196,2680.915177,2841.206315,0.8401489115,0.8903811704,0.8563807858,0.924381555
real_20240703,real,2024-07-03,adapted,2850,0.8906942247,8.03025808,0.2770628928,0.07676384657,0.001043575428,0.9989564246,2680.991941,2842.205271,0.8401729679,0.8906942247,0.8566938401,0.9246946093
real_20240703,real,2024-07-03,adapted,2851,0.891006663,8.0291548,0.1083369813,0.01173690153,0.003009451053,0.9969905489,2681.003677,2843.202262,0.840176646,0.891006663,0.8570062784,0.9250070476
real_20240703,real,2024-07-03,adapted,2852,0.8913196468,8.02495914,0.2856817343,0.08161405332,0.001268904679,0.9987310953,2681.085292,2844.200993,0.8402022224,0.8913196468,0.8573192622,0.9253200314
real_20240703,real,2024-07-03,adapted,2853,0.8916326051,8.020267352,0.2655431319,0.0705131549,0.001349895441,0.9986501046,2681.155805,2845.199643,0.8402243199,0.8916326051,0.8576322205,0.9256329897
real_20240703,real,2024-07-03,adapted,2854,0.8919458232,8.019063159,-0.924040571,0.8538509768,0.0005211811978,0.9994788188,2682.009656,2846.199122,0.8404919009,0.8919458232,0.8579454386,0.9259462078
real_20240703,real,2024-07-03,adapted,2855,0.8922576683,8.017916726,0.5297632483,0.2806490993,0.004902017863,0.9950979821,2682.290305,2847.19422,0.8405798511,0.8922576683,0.8582572837,0.9262580529
real_20240703,real,2024-07-03,adapted,2856,0.8925701807,8.013048752,0.8586197773,0.737227922,0.002773195149,0.9972268049,2683.027533,2848.191446,0.8408108846,0.8925701807,0.8585697961,0.9265705653
real_20240703,real,2024-07-03,adapted,2857,0.8928816351,8.012308444,0.4839781709,0.2342348699,0.006148840045,0.99385116,2683.261768,2849.185298,0.8408842894,0.8928816351,0.8588812505,0.9268820197
real_20240703,real,2024-07-03,adapted,2858,0.8931944928,8.012025461,0.3851900079,0.1483713422,0.001671181675,0.9983288183,2683.410139,2850.183626,0.8409307862,0.8931944928,0.8591941082,0.9271948774
real_20240703,real,2024-07-03,adapted,2859,0.8935068167,8.011136292,-0.6374901615,0.4063937061,0.003374386906,0.9966256131,2683.816533,2851.180252,0.8410581425,0.8935068167,0.8595064321,0.9275072013
real_20240703,real,2024-07-03,adapted,2860,0.8938187499,8.008122056,-0.2099100031,0.04406220939,0.004621251724,0.9953787483,2683.860595,2852.175631,0.8410719507,0.8938187499,0.8598183653,0.9278191345
real_20240703,real,2024-07-03,adapted,2861,0.8941301714,8.008012888,0.6282399031,0.3946853758,0.006254040317,0.9937459597,2684.25528,2853.169377,0.8411956378,0.8941301714,0.8601297868,0.928130556
real_20240703,real,2024-07-03,adapted,2862,0.8944410399,8.005284943,-0.7684399857,0.5905000117,0.008018502175,0.9919814978,2684.84578,2854.161358,0.8413806895,0.8944410399,0.8604406553,0.9284414245
real_20240703,real,2024-07-03,adapted,2863,0.8947527691,8.004414847,-0.5460390031,0.2981585929,0.005272170713,0.9947278293,2685.143939,2855.156086,0.8414741269,0.8947527691,0.8607523845,0.9287531537
real_20240703,real,2024-07-03,adapted,2864,0.8950627428,8.003929491,-0.2287573309,0.05232991643,0.01087390129,0.9891260987,2685.196269,2856.145212,0.8414905261,0.8950627428,0.8610623582,0.9290631274
real_20240703,real,2024-07-03,adapted,2865,0.8953756365,8.003791582,0.7175494577,0.5148772243,0.001556008494,0.9984439915,2685.711146,2857.143656,0.841651879,0.8953756365,0.8613752519,0.9293760211
real_20240703,real,2024-07-03,adapted,2866,0.8956882724,8.000531159,0.02982591984,0.0008895854944,0.002379054618,0.9976209454,2685.712036,2858.141277,0.8416521578,0.8956882724,0.8616878878,0.929688657
real_20240703,real,2024-07-03,adapted,2867,0.8960005132,7.999093283,-0.9816078282,0.9635539283,0.003639617567,0.9963603824,2686.675589,2859.137638,0.8419541177,0.8960005132,0.8620001286,0.9300008978
real_20240703,real,2024-07-03,adapted,2868,0.8963134537,7.997454656,-0.4104837393,0.1684969002,0.001406680532,0.9985933195,2686.844086,2860.136231,0.8420069215,0.8963134537,0.8623130691,0.9303138383
real_20240703,real,2024-07-03,adapted,2869,0.8966261608,7.997282922,-0.1024451407,0.01049500685,0.002151642181,0.9978483578,2686.854581,2861.134079,0.8420102104,0.8966261608,0.8626257762,0.9306265454
real_20240703,real,2024-07-03,adapted,2870,0.896938931,7.996892848,-0.6758076549,0.4567159864,0.001950478788,0.9980495212,2687.311297,2862.132129,0.8421533367,0.896938931,0.8629385464,0.9309393156
real_20240703,real,2024-07-03,adapted,2871,0.8972506085,7.993219251,-2.584118244,6.677667099,0.005437075911,0.9945629241,2693.988964,2863.126692,0.8442459932,0.8972506085,0.8632502239,0.9312509931
real_20240703,real,2024-07-03,adapted,2872,0.8975639086,7.992483444,-0.2429195656,0.05900991537,0.0002592632782,0.9997407367,2694.047974,2864.126432,0.8442644859,0.8975639086,0.863563524,0.9315642932
real_20240703,real,2024-07-03,adapted,2873,0.8978770029,7.990499411,0.005656924616,3.200079611e-05,0.0009163027113,0.9990836973,2694.048006,2865.125516,0.8442644959,0.8978770029,0.8638766183,0.9318773875
real_20240703,real,2024-07-03,adapted,2874,0.8981898374,7.985418836,0.7776054004,0.6046701588,0.001745051372,0.9982549486,2694.652677,2866.123771,0.8444539883,0.8981898374,0.8641894528,0.932190222
real_20240703,real,2024-07-03,adapted,2875,0.8985028712,7.980672139,2.361878402,5.578469587,0.001109173083,0.9988908269,2700.231146,2867.122662,0.8462021768,0.8985028712,0.8645024866,0.9325032558
real_20240703,real,2024-07-03,adapted,2876,0.8988161692,7.974287084,-0.07090031106,0.005026854108,0.0002659957671,0.9997340042,2700.236173,2868.122396,0.8462037521,0.8988161692,0.8648157846,0.9328165538
real_20240703,real,2024-07-03,adapted,2877,0.899129297,7.972344609,-0.1849325824,0.03420006002,0.0008091201408,0.9991908799,2700.270373,2869.121587,0.8462144698,0.899129297,0.8651289124,0.9331296816
real_20240703,real,2024-07-03,adapted,2878,0.8994409885,7.970952683,1.214759469,1.475640568,0.005392398928,0.9946076011,2701.746014,2870.116194,0.8466769081,0.8994409885,0.8654406039,0.9334413731
real_20240703,real,2024-07-03,adapted,2879,0.899751566,7.96887935,-0.04211065441,0.001773307215,0.008947207371,0.9910527926,2701.747787,2871.107247,0.8466774638,0.899751566,0.8657511814,0.9337519506
real_20240703,real,2024-07-03,adapted,2880,0.9000627899,7.968107873,1.210111745,1.464370437,0.006884731856,0.9931152681,2703.212157,2872.100362,0.8471363702,0.9000627899,0.8660624053,0.9340631745
real_20240703,real,2024-07-03,adapted,2881,0.9003742436,7.967586381,-0.658675703,0.4338536817,0.006150933329,0.9938490667,2703.646011,2873.094211,0.8472723319,0.9003742436,0.866373859,0.9343746282
real_20240703,real,2024-07-03,adapted,2882,0.9006873878,7.963603463,0.4095556321,0.1677358158,0.0007570736687,0.9992429263,2703.813747,2874.093454,0.8473248972,0.9006873878,0.8666870032,0.9346877724
real_20240703,real,2024-07-03,adapted,2883,0.9009996965,7.961666117,-0.2256840431,0.0509332873,0.00342280488,0.9965771951,2703.86468,2875.090032,0.8473408587,0.9009996965,0.8669993119,0.9350000811
real_20240703,real,2024-07-03,adapted,2884,0.9013127142,7.960795901,-1.369337829,1.87508609,0.001160480645,0.9988395194,2705.739766,2876.088871,0.8479284758,0.9013127142,0.8673123296,0.9353130988
real_20240703,real,2024-07-03,adapted,2885,0.9016256024,7.959791415,-1.312706122,1.723197362,0.001574024238,0.9984259758,2707.462964,2877.087297,0.8484684938,0.9016256024,0.8676252178,0.935625987
real_20240703,real,2024-07-03,adapted,2886,0.9019378707,7.954258783,0.4191644981,0.1756988765,0.00355175279,0.9964482472,2707.638662,2878.083745,0.8485235545,0.9019378707,0.8679374861,0.9359382553
real_20240703,real,2024-07-03,adapted,2887,0.9022504632,7.951946195,0.5581394874,0.3115196874,0.002517302856,0.9974826971,2707.950182,2879.081228,0.848621179,0.9022504632,0.8682500786,0.9362508478
real_20240703,real,2024-07-03,adapted,2888,0.9025632183,7.950602165,1.905564537,3.631176203,0.001998533195,0.9980014668,2711.581358,2880.07923,0.849759122,0.9025632183,0.8685628337,0.9365636029
real_20240703,real,2024-07-03,adapted,2889,0.9028751452,7.950522051,-0.5356267414,0.2868960061,0.004641124682,0.9953588753,2711.868254,2881.074588,0.8498490299,0.9028751452,0.8688747606,0.9368755298
real_20240703,real,2024-07-03,adapted,2890,0.9031877525,7.947784509,-0.3575251611,0.1278242408,0.002470173656,0.9975298263,2711.996079,2882.072118,0.8498890876,0.9031877525,0.8691873679,0.9371881371
real_20240703,real,2024-07-03,adapted,2891,0.903499733,7.947128573,1.79920957,3.237155079,0.004470347974,0.995529652,2715.233234,2883.067648,0.8509035518,0.903499733,0.8694993484,0.9375001176
real_20240703,real,2024-07-03,adapted,2892,0.9038117529,7.945866778,0.355519425,0.1263940615,0.004344316368,0.9956556836,2715.359628,2884.063304,0.8509431613,0.9038117529,0.8698113683,0.9378121375
real_20240703,real,2024-07-03,adapted,2893,0.9041238419,7.94371748,-0.9759521185,0.9524825376,0.004124181938,0.9958758181,2716.31211,2885.059179,0.8512416516,0.9041238419,0.8701234573,0.9381242265
real_20240703,real,2024-07-03,adapted,2894,0.904436781,7.943099219,-0.5066035707,0.2566471779,0.001411279652,0.9985887203,2716.568757,2886.057768,0.8513220801,0.904436781,0.8704363964,0.9384371656
real_20240703,real,2024-07-03,adapted,2895,0.9047496424,7.938940246,2.685067384,7.209586858,0.001659180972,0.998340819,2723.778344,2887.056109,0.8535814304,0.9047496424,0.8707492578,0.938750027
real_20240703,real,2024-07-03,adapted,2896,0.9050620282,7.93743742,-1.599250636,2.557602598,0.003176912366,0.9968230876,2726.335947,2888.052932,0.8543829354,0.9050620282,0.8710616436,0.9390624128
real_20240703,real,2024-07-03,adapted,2897,0.9053737231,7.936803849,0.2368656718,0.05610534648,0.005381704289,0.9946182957,2726.392052,2889.04755,0.8544005178,0.9053737231,0.8713733385,0.9393741077
real_20240703,real,2024-07-03,adapted,2898,0.905686546,7.935455465,-1.160719759,1.347270358,0.001782003305,0.9982179967,2727.739323,2890.045768,0.8548227272,0.905686546,0.8716861614,0.9396869306
real_20240703,real,2024-07-03,adapted,2899,0.9059971763,7.934217781,-0.5506059212,0.3031668804,0.008778736142,0.9912212639,2728.042489,2891.03699,0.8549177341,0.9059971763,0.8719967917,0.9399975609
real_20240703,real,2024-07-03,adapted,2900,0.9063096012,7.932807368,-0.07957745868,0.006332571931,0.003052020327,0.9969479797,2728.048822,2892.033938,0.8549197186,0.9063096012,0.8723092166,0.9403099858
real_20240703,real,2024-07-03,adapted,2901,0.9066207213,7.925167734,-0.06536834423,0.004273020427,0.007215778663,0.9927842213,2728.053095,2893.026722,0.8549210577,0.9066207213,0.8726203367,0.9406211059
real_20240703,real,2024-07-03,adapted,2902,0.9069332961,7.924328401,-1.266316368,1.603557143,0.0025738896,0.9974261104,2729.656652,2894.024148,0.8554235826,0.9069332961,0.8729329115,0.9409336807
real_20240703,real,2024-07-03,adapted,2903,0.9072453206,7.922283715,-0.768819219,0.5910829915,0.004329809924,0.9956701901,2730.247735,2895.019818,0.8556088171,0.9072453206,0.873244936,0.9412457052
real_20240703,real,2024-07-03,adapted,2904,0.9075585169,7.921593991,0.1775973358,0.03154081369,0.0005907220461,0.999409278,2730.279276,2896.019227,0.8556187014,0.9075585169,0.8735581323,0.9415589015
real_20240703,real,2024-07-03,adapted,2905,0.9078705807,7.919146948,-0.1466850586,0.02151650642,0.004204299413,0.9957957006,2730.300793,2897.015023,0.8556254442,0.9078705807,0.8738701961,0.9418709653
real_20240703,real,2024-07-03,adapted,2906,0.9081833852,7.918846492,-0.4420551248,0.1954127334,0.001840954881,0.9981590451,2730.496205,2898.013182,0.8556866829,0.9081833852,0.8741830006,0.9421837698
real_20240703,real,2024-07-03,adapted,2907,0.9084961596,7.916654988,0.7736213852,0.5984900477,0.001936638066,0.9980633619,2731.094695,2899.011245,0.8558742386,0.9084961596,0.874495775,0.9424965442
real_20240703,real,2024-07-03,adapted,2908,0.9088089424,7.913764679,-0.7233119425,0.5231801662,0.001910286767,0.9980897132,2731.617875,2900.009335,0.8560381935,0.9088089424,0.8748085578,0.942809327
real_20240703,real,2024-07-03,adapted,2909,0.9091200057,7.913434236,0.2185464747,0.04776256162,0.00739693921,0.9926030608,2731.665638,2901.001938,0.8560531614,0.9091200057,0.8751196211,0.9431203903
real_20240703,real,2024-07-03,adapted,2910,0.9094328057,7.910239215,-1.533071259,2.350307487,0.001855313925,0.9981446861,2734.015946,2902.000083,0.856789704,0.9094328057,0.8754324211,0.9434331903
real_20240703,real,2024-07-03,adapted,2911,0.9097456664,7.908734323,0.5690254043,0.3237899108,0.001661362033,0.998338638,2734.339735,2902.998422,0.8568911737,0.9097456664,0.8757452818,0.943746051
real_20240703,real,2024-07-03,adapted,2912,0.9100583445,7.908076875,1.627233311,2.647888247,0.002244151016,0.997755849,2736.987624,2903.996177,0.8577209726,0.9100583445,0.8760579599,0.9440587291
real_20240703,real,2024-07-03,adapted,2913,0.9103712684,7.90517224,0.04821662067,0.002324842509,0.001460039186,0.9985399608,2736.989949,2904.994717,0.8577217012,0.9103712684,0.8763708838,0.944371653
real_20240703,real,2024-07-03,adapted,2914,0.9106836426,7.905136376,-0.2522672551,0.06363876797,0.003213946291,0.9967860537,2737.053587,2905.991503,0.8577416444,0.9106836426,0.876683258,0.9446840272
real_20240703,real,2024-07-03,adapted,2915,0.9109949868,7.903592432,1.22966979,1.512087794,0.006500601547,0.9934993985,2738.565675,2906.985003,0.8582155046,0.9109949868,0.8769946022,0.9449953714
real_20240703,real,2024-07-03,adapted,2916,0.9113080664,7.901356138,0.2408099283,0.05798942158,0.0009629745523,0.9990370254,2738.623665,2907.98404,0.8582336774,0.9113080664,0.8773076818,0.945308451
real_20240703,real,2024-07-03,adapted,2917,0.9116202709,7.895364457,-0.2071686569,0.04291885242,0.00375540526,0.9962445947,2738.666583,2908.980284,0.8582471273,0.9116202709,0.8776198863,0.9456206555
real_20240703,real,2024-07-03,adapted,2918,0.911933459,7.894353118,-0.6088023813,0.3706403395,0.0006166104537,0.9993833895,2739.037224,2909.979668,0.8583632791,0.911933459,0.8779330744,0.9459338436
real_20240703,real,2024-07-03,adapted,2919,0.9122461463,7.893311171,0.4130498513,0.1706101797,0.002215011716,0.9977849883,2739.207834,2910.977453,0.8584167452,0.9122461463,0.8782457617,0.9462465309
real_20240703,real,2024-07-03,adapted,2920,0.9125592885,7.892840891,0.6360633928,0.4045766396,0.000763137258,0.9992368627,2739.612411,2911.97669,0.858543532,0.9125592885,0.8785589039,0.9465596731
real_20240703,real,2024-07-03,adapted,2921,0.9128719613,7.892553265,0.01778546969,0.000316322932,0.002261154558,0.9977388454,2739.612727,2912.974429,0.8585436311,0.9128719613,0.8788715767,0.9468723459
real_20240703,real,2024-07-03,adapted,2922,0.913183577,7.885982771,0.9424218645,0.8881589707,0.005634431084,0.9943655689,2740.500886,2913.968794,0.8588219636,0.913183577,0.8791831924,0.9471839616
real_20240703,real,2024-07-03,adapted,2923,0.9134960204,7.885825245,-1.805134009,3.25850879,0.002992999829,0.9970070002,2743.759395,2914.965801,0.8598431196,0.9134960204,0.8794956358,0.947496405
real_20240703,real,2024-07-03,adapted,2924,0.9138078146,7.883919142,-0.1470846258,0.02163388715,0.005064786819,0.9949352132,2743.781028,2915.960736,0.8598498992,0.9138078146,0.87980743,0.9478081992
real_20240703,real,2024-07-03,adapted,2925,0.9141188463,7.883425239,-0.2669583046,0.07126673641,0.007497703287,0.9925022967,2743.852295,2916.953239,0.8598722329,0.9141188463,0.8801184617,0.9481192309
real_20240703,real,2024-07-03,adapted,2926,0.9144314028,7.88074607,-1.303259066,1.698484192,0.002632249699,0.9973677503,2745.550779,2917.950606,0.8604045062,0.9144314028,0.8804310182,0.9484317874
real_20240703,real,2024-07-03,adapted,2927,0.9147441774,7.876210658,1.902837113,3.620789079,0.00193639095,0.998063609,2749.171568,2918.94867,0.8615391941,0.9147441774,0.8807437928,0.948744562
real_20240703,real,2024-07-03,adapted,2928,0.9150562957,7.874832214,2.073253787,4.298381264,0.004030379601,0.9959696204,2753.46995,2919.94464,0.8628862268,0.9150562957,0.8810559111,0.9490566803
real_20240703,real,2024-07-03,adapted,2929,0.9153672277,7.872353086,-0.5808551467,0.3373927015,0.007816099774,0.9921839002,2753.807342,2920.936823,0.8629919594,0.9153672277,0.8813668431,0.9493676123
real_20240703,real,2024-07-03,adapted,2930,0.9156803624,7.871529407,-0.1177707979,0.01386996084,0.0007871984404,0.9992128016,2753.821212,2921.936036,0.862996306,0.9156803624,0.8816799778,0.949680747
real_20240703,real,2024-07-03,adapted,2931,0.9159924466,7.869978995,-1.025804973,1.052275842,0.004139115845,0.9958608842,2754.873488,2922.931897,0.8633260697,0.9159924466,0.881992062,0.9499928312
real_20240703,real,2024-07-03,adapted,2932,0.9163049264,7.868950573,0.004807520464,2.311225301e-05,0.002877085806,0.9971229142,2754.873511,2923.92902,0.8633260769,0.9163049264,0.8823045418,0.950305311
real_20240703,real,2024-07-03,adapted,2933,0.9166158938,7.866319557,-0.1793796263,0.03217705034,0.007702867782,0.9922971322,2754.905688,2924.921317,0.8633361606,0.9166158938,0.8826155092,0.9506162784
real_20240703,real,2024-07-03,adapted,2934,0.9169291699,7.864965071,-0.21797282,0.04751215026,0.0003359704148,0.9996640296,2754.953201,2925.920981,0.86335105,0.9169291699,0.8829287853,0.9509295545
real_20240703,real,2024-07-03,adapted,2935,0.9172400223,7.86251071,0.1883248263,0.03546624019,0.00806994335,0.9919300566,2754.988667,2926.912911,0.8633621645,0.9172400223,0.8832396377,0.9512404069
real_20240703,real,2024-07-03,adapted,2936,0.9175526441,7.86232039,1.691192096,2.860130705,0.002424108931,0.9975758911,2757.848798,2927.910487,0.8642584762,0.9175526441,0.8835522595,0.9515530287
real_20240703,real,2024-07-03,adapted,2937,0.9178654826,7.862104488,-0.9768292106,0.9541953067,0.001732330113,0.9982676699,2758.802993,2928.908755,0.8645575032,0.9178654826,0.883865098,0.9518658672
real_20240703,real,2024-07-03,adapted,2938,0.9181784434,7.861906204,-0.2927131468,0.0856809863,0.001341825404,0.9986581746,2758.888674,2929.907413,0.8645843541,0.9181784434,0.8841780588,0.952178828
real_20240703,real,2024-07-03,adapted,2939,0.9184911411,7.859638166,-0.4071106708,0.1657390983,0.002181693656,0.9978183063,2759.054413,2930.905231,0.8646362936,0.9184911411,0.8844907565,0.9524915257
real_20240703,real,2024-07-03,adapted,2940,0.9188043961,7.859359617,-0.312859607,0.09788113371,0.0004035070918,0.9995964929,2759.152294,2931.904828,0.8646669677,0.9188043961,0.8848040115,0.9528047807
real_20240703,real,2024-07-03,adapted,2941,0.9191172688,7.859137416,-1.622394196,2.632162926,0.001623207143,0.9983767929,2761.784457,2932.903205,0.8654918386,0.9191172688,0.8851168842,0.9531176534
real_20240703,real,2024-07-03,adapted,2942,0.9194295438,7.85553387,-0.4058174587,0.1646878098,0.003530222564,0.9964697774,2761.949145,2933.899674,0.8655434487,0.9194295438,0.8854291592,0.9534299284
real_20240703,real,2024-07-03,adapted,2943,0.9197416297,7.853453801,-0.04903904037,0.00240482748,0.004134161807,0.9958658382,2761.95155,2934.89554,0.8655442023,0.9197416297,0.8857412451,0.9537420143
real_20240703,real,2024-07-03,adapted,2944,0.9200544091,7.84888912,0.242050536,0.05858846198,0.001920867355,0.9980791326,2762.010138,2935.893619,0.8655625629,0.9200544091,0.8860540245,0.9540547937
real_20240703,real,2024-07-03,adapted,2945,0.9203671708,7.848174787,0.9807586738,0.9618875761,0.001977456218,0.9980225438,2762.972026,2936.891642,0.8658640005,0.9203671708,0.8863667862,0.9543675554
real_20240703,real,2024-07-03,adapted,2946,0.9206782367,7.845257573,1.393557512,1.94200254,0.007388652851,0.9926113471,2764.914028,2937.884253,0.866472588,0.9206782367,0.8866778521,0.9546786213
real_20240703,real,2024-07-03,adapted,2947,0.9209904131,7.836423707,-0.03950210266,0.001560416115,0.003844985306,0.9961550147,2764.915589,2938.880408,0.866473077,0.9209904131,0.8869900285,0.9549907977
real_20240703,real,2024-07-03,adapted,2948,0.9213029463,7.835327878,-0.1513398217,0.02290374163,0.002706667642,0.9972933324,2764.938492,2939.877702,0.8664802546,0.9213029463,0.8873025617,0.9553033309
real_20240703,real,2024-07-03,adapted,2949,0.9216146468,7.835014574,0.04645359424,0.002157936418,0.005363706581,0.9946362934,2764.94065,2940.872338,0.8664809308,0.9216146468,0.8876142622,0.9556150314
real_20240703,real,2024-07-03,adapted,2950,0.9219268914,7.834256521,0.5366081332,0.2879482887,0.003627400366,0.9963725996,2765.228599,2941.86871,0.8665711685,0.9219268914,0.8879265068,0.955927276
real_20240703,real,2024-07-03,adapted,2951,0.9222391794,7.832174344,-0.7636638465,0.5831824705,0.00348911744,0.9965108826,2765.811781,2942.865221,0.866753927,0.9222391794,0.8882387948,0.956239564
real_20240703,real,2024-07-03,adapted,2952,0.9225519249,7.828027044,-0.721332691,0.5203208511,0.00202909149,0.9979709085,2766.332102,2943.863192,0.8669169859,0.9225519249,0.8885515403,0.9565523095
real_20240703,real,2024-07-03,adapted,2953,0.9228645575,7.82275478,0.3519891474,0.1238963599,0.002389243002,0.997610757,2766.455998,2944.860803,0.8669558127,0.9228645575,0.8888641729,0.9568649421
real_20240703,real,2024-07-03,adapted,2954,0.923175985,7.822507251,-0.208689978,0.04355150693,0.006234999316,0.9937650007,2766.49955,2945.854568,0.8669694609,0.923175985,0.8891756004,0.9571763696
real_20240703,real,2024-07-03,adapted,2955,0.9234882416,7.821648524,0.09480660883,0.008988293077,0.00358913963,0.9964108604,2766.508538,2946.850979,0.8669722777,0.9234882416,0.889487857,0.9574886262
real_20240703,real,2024-07-03,adapted,2956,0.9238012188,7.821078161,-0.2147068547,0.04609903343,0.001289645944,0.9987103541,2766.554637,2947.849689,0.8669867243,0.9238012188,0.8898008342,0.9578016034
real_20240703,real,2024-07-03,adapted,2957,0.9241126218,7.817584071,1.201230544,1.442954819,0.006313178166,0.9936868218,2767.997592,2948.843376,0.8674389194,0.9241126218,0.8901122372,0.9581130064
real_20240703,real,2024-07-03,adapted,2958,0.9244253432,7.817001622,0.7675852536,0.5891871215,0.002105995947,0.9978940041,2768.586779,2949.84127,0.8676235597,0.9244253432,0.8904249586,0.9584257278
real_20240703,real,2024-07-03,adapted,2959,0.9247380963,7.816293049,0.4588495502,0.2105429097,0.002004706634,0.9979952934,2768.797322,2950.839265,0.8676895399,0.9247380963,0.8907377117,0.9587384809
real_20240703,real,2024-07-03,adapted,2960,0.925048549,7.816235229,-1.007496823,1.015049848,0.009345557497,0.9906544425,2769.812372,2951.82992,0.8680076377,0.925048549,0.8910481644,0.9590489336
real_20240703,real,2024-07-03,adapted,2961,0.9253610909,7.815933103,-0.5669343509,0.3214145583,0.002678837985,0.997321162,2770.133786,2952.827241,0.868108363,0.9253610909,0.8913607063,0.9593614755
real_20240703,real,2024-07-03,adapted,2962,0.9256722915,7.815287191,-1.777744259,3.16037465,0.006958955643,0.9930410444,2773.294161,2953.820282,0.8690987656,0.9256722915,0.8916719069,0.9596726761
real_20240703,real,2024-07-03,adapted,2963,0.9259840736,7.814682558,-0.262146318,0.06872069203,0.005103113366,0.9948968866,2773.362882,2954.815179,0.8691203014,0.9259840736,0.891983689,0.9599844582
real_20240703,real,2024-07-03,adapted,2964,0.9262970683,7.812852521,0.294439181,0.08669443132,0.001234002264,0.9987659977,2773.449576,2955.813945,0.8691474698,0.9262970683,0.8922966837,0.9602974529
real_20240703,real,2024-07-03,adapted,2965,0.9266098014,7.806898937,-0.504918091,0.2549422786,0.002068593195,0.9979314068,2773.704518,2956.811876,0.869227364,0.9266098014,0.8926094168,0.960610186
real_20240703,real,2024-07-03,adapted,2966,0.9269216575,7.803199137,0.8866909618,0.7862208617,0.004867319038,0.995132681,2774.490739,2957.807009,0.8694737509,0.9269216575,0.8929212729,0.9609220421
real_20240703,real,2024-07-03,adapted,2967,0.9272324932,7.795444278,0.5680100447,0.3226354109,0.00812309659,0.9918769034,2774.813375,2958.798886,0.8695748589,0.9272324932,0.8932321086,0.9612328778
real_20240703,real,2024-07-03,adapted,2968,0.927544567,7.794029282,2.591038536,6.713480693,0.004172654428,0.9958273456,2781.526855,2959.794713,0.8716787388,0.927544567,0.8935441824,0.9615449516
real_20240703,real,2024-07-03,adapted,2969,0.927856087,7.79378335,-0.09123129282,0.00832314879,0.005939683863,0.9940603161,2781.535179,2960.788774,0.8716813471,0.927856087,0.8938557024,0.9618564716
real_20240703,real,2024-07-03,adapted,2970,0.9281689819,7.791954673,-0.7158115139,0.5123861234,0.001552287551,0.9984477124,2782.047565,2961.787221,0.8718419193,0.9281689819,0.8941685973,0.9621693665
real_20240703,real,2024-07-03,adapted,2971,0.9284815653,7.791825495,0.2812090904,0.0790785525,0.002546324174,0.9974536758,2782.126643,2962.784675,0.8718667011,0.9284815653,0.8944811807,0.9624819499
real_20240703,real,2024-07-03,adapted,2972,0.9287936245,7.787297083,-0.752008213,0.5655163524,0.004219298288,0.9957807017,2782.69216,2963.780456,0.8720439234,0.9287936245,0.8947932399,0.9627940091
real_20240703,real,2024-07-03,adapted,2973,0.9291052121,7.787112466,0.5812913983,0.3378996897,0.005723677712,0.9942763223,2783.030059,2964.774732,0.8721498149,0.9291052121,0.8951048275,0.9631055967
real_20240703,real,2024-07-03,adapted,2974,0.9294179801,7.785371268,1.152325149,1.32785325,0.001957629298,0.9980423707,2784.357912,2965.772774,0.8725659394,0.9294179801,0.8954175954,0.9634183647
real_20240703,real,2024-07-03,adapted,2975,0.9297299099,7.78493087,-0.62377096,0.3890902106,0.004631735213,0.9953682648,2784.747003,2966.768143,0.872687873,0.9297299099,0.8957295253,0.9637302945
real_20240703,real,2024-07-03,adapted,2976,0.9300429037,7.784875818,-0.9665402953,0.9342001425,0.00123702214,0.9987629779,2785.681203,2967.766906,0.8729806339,0.9300429037,0.8960425191,0.9640432883
real_20240703,real,2024-07-03,adapted,2977,0.9303551749,7.782248453,-1.783598475,3.18122352,0.00354242694,0.9964575731,2788.862426,2968.763363,0.8739775702,0.9303551749,0.8963547903,0.9643555595
real_20240703,real,2024-07-03,adapted,2978,0.9306681258,7.780824488,-1.078993752,1.164227517,0.00137381917,0.9986261808,2790.026654,2969.761989,0.8743424174,0.9306681258,0.8966677412,0.9646685104
real_20240703,real,2024-07-03,adapted,2979,0.9309808939,7.776608079,0.2297063357,0.05276500068,0.001956977598,0.9980430224,2790.079419,2970.760032,0.874358953,0.9309808939,0.8969805093,0.9649812785
real_20240703,real,2024-07-03,adapted,2980,0.9312928472,7.772851083,-0.6206367106,0.3851899266,0.004557006844,0.9954429932,2790.464609,2971.755475,0.8744796643,0.9312928472,0.8972924626,0.9652932318
real_20240703,real,2024-07-03,adapted,2981,0.9316058151,7.772794538,-0.3652391427,0.1333996314,0.001319507325,0.9986804927,2790.598008,2972.754156,0.8745214693,0.9316058151,0.8976054305,0.9656061997
real_20240703,real,2024-07-03,adapted,2982,0.931918999,7.772405235,0.8890660068,0.7904383644,0.0006299726137,0.9993700274,2791.388447,2973.753526,0.8747691779,0.931918999,0.8979186144,0.9659193836
real_20240703,real,2024-07-03,adapted,2983,0.932230646,7.770851816,-1.363003867,1.857779541,0.005534454658,0.9944655453,2793.246226,2974.747991,0.8753513715,0.932230646,0.8982302614,0.9662310306
real_20240703,real,2024-07-03,adapted,2984,0.9325438013,7.762464991,-0.6722262151,0.4518880842,0.0007213367504,0.9992786632,2793.698114,2975.74727,0.8754929848,0.9325438013,0.8985434167,0.9665441859
real_20240703,real,2024-07-03,adapted,2985,0.93285567,7.762144348,-0.688517757,0.4740567017,0.00482712814,0.9951728719,2794.172171,2976.742443,0.8756415453,0.93285567,0.8988552854,0.9668560546
real_20240703,real,2024-07-03,adapted,2986,0.933168042,7.76013201,0.3540079179,0.1253216059,0.00322080197,0.996779198,2794.297493,2977.739222,0.8756808188,0.933168042,0.8991676574,0.9671684266
real_20240703,real,2024-07-03,adapted,2987,0.9334800667,7.754627463,-0.9348798973,0.8740004224,0.004329304478,0.9956706955,2795.171493,2978.734893,0.8759547142,0.9334800667,0.8994796821,0.9674804513
real_20240703,real,2024-07-03,adapted,2988,0.9337923901,7.752517087,0.3994659132,0.1595730158,0.003376035457,0.9966239645,2795.331066,2979.731517,0.8760047215,0.9337923901,0.8997920055,0.9677927747
real_20240703,real,2024-07-03,adapted,2989,0.934104658,7.751787437,0.1518214505,0.02304975283,0.003553168027,0.996446832,2795.354116,2980.727964,0.8760119448,0.934104658,0.9001042734,0.9681050426
real_20240703,real,2024-07-03,adapted,2990,0.9344180196,7.750900236,1.740236702,3.028423778,6.323131923e-05,0.9999367687,2798.38254,2981.7279,0.8769609965,0.9344180196,0.900417635,0.9684184042
real_20240703,real,2024-07-03,adapted,2991,0.9347302009,7.746762764,-0.1906161982,0.03633453501,0.003829396891,0.9961706031,2798.418874,2982.724071,0.876972383,0.9347302009,0.9007298163,0.9687305855
real_20240703,real,2024-07-03,adapted,2992,0.9350423921,7.746324241,-0.4370660082,0.1910266956,0.003797754083,0.9962022459,2798.609901,2983.720273,0.8770322472,0.9350423921,0.9010420075,0.9690427767
real_20240703,real,2024-07-03,adapted,2993,0.9353551789,7.746069745,0.5805816908,0.3370750997,0.001897417739,0.9981025823,2798.946976,2984.718376,0.8771378803,0.9353551789,0.9013547943,0.9693555635
real_20240703,real,2024-07-03,adapted,2994,0.9356679144,7.742093453,0.9303277181,0.865509663,0.002060904502,0.9979390955,2799.812486,2985.716315,0.8774091149,0.9356679144,0.9016675298,0.969668299
real_20240703,real,2024-07-03,adapted,2995,0.9359809474,7.741967851,0.4787339596,0.2291862041,0.001111867215,0.9988881328,2800.041672,2986.715203,0.8774809376,0.9359809474,0.9019805628,0.969981332
real_20240703,real,2024-07-03,adapted,2996,0.9362934176,7.74169473,2.06853255,4.27882691,0.002907494016,0.997092506,2804.320499,2987.712296,0.8788218423,0.9362934176,0.902293033,0.9702938022
real_20240703,real,2024-07-03,adapted,2997,0.9366036943,7.737249579,1.460483766,2.13301283,0.009906914236,0.9900930858,2806.453512,2988.702389,0.8794902888,0.9366036943,0.9026033097,0.9706040789
real_20240703,real,2024-07-03,adapted,2998,0.9369161576,7.736936805,0.6996740577,0.489543787,0.002929745443,0.9970702546,2806.943055,2989.699459,0.8796437027,0.9369161576,0.902915773,0.9709165422
real_20240703,real,2024-07-03,adapted,2999,0.937229344,7.729807193,0.4796344863,0.2300492404,0.000622134702,0.9993778653,2807.173105,2990.698837,0.8797157959,0.937229344,0.9032289594,0.9712297286
real_20240703,real,2024-07-03,adapted,3000,0.93754176,7.729472224,-1.044020063,1.089977892,0.003080675089,0.9969193249,2808.263083,2991.695756,0.8800573747,0.93754176,0.9035413754,0.9715421446
real_20240703,real,2024-07-03,adapted,3001,0.9378541359,7.728865307,0.4669518726,0.2180440513,0.003208467058,0.9967915329,2808.481127,2992.692548,0.8801257056,0.9378541359,0.9038537513,0.9718545205
real_20240703,real,2024-07-03,adapted,3002,0.9381671225,7.728045814,0.1958688068,0.03836458948,0.001259780132,0.9987402199,2808.519491,2993.691288,0.8801377284,0.9381671225,0.9041667379,0.9721675071
real_20240703,real,2024-07-03,adapted,3003,0.9384788552,7.726549639,0.560327924,0.3139673824,0.005260966563,0.9947390334,2808.833459,2994.686027,0.8802361199,0.9384788552,0.9044784706,0.9724792398
real_20240703,real,2024-07-03,adapted,3004,0.9387907519,7.726532783,-0.2103202067,0.04423458936,0.004737625692,0.9952623743,2808.877693,2995.681289,0.8802499822,0.9387907519,0.9047903673,0.9727911365
real_20240703,real,2024-07-03,adapted,3005,0.9391036383,7.726109908,0.4285578385,0.1836618209,0.001579470641,0.9984205294,2809.061355,2996.67971,0.8803075384,0.9391036383,0.9051032537,0.9731040229
real_20240703,real,2024-07-03,adapted,3006,0.9394165712,7.722697654,0.1747866853,0.03055038536,0.001430977136,0.9985690229,2809.091905,2997.678279,0.8803171123,0.9394165712,0.9054161866,0.9734169558
real_20240703,real,2024-07-03,adapted,3007,0.9397285392,7.719494533,-1.157415211,1.33960997,0.004510225871,0.9954897741,2810.431515,2998.673769,0.8807369211,0.9397285392,0.9057281546,0.9737289238
real_20240703,real,2024-07-03,adapted,3008,0.9400406921,7.715892683,-1.092246888,1.193003265,0.003920232742,0.9960797673,2811.624519,2999.669848,0.8811107861,0.9400406921,0.9060403075,0.9740410767
real_20240703,real,2024-07-03,adapted,3009,0.9403530107,7.715062456,-1.111586504,1.235624555,0.003391354744,0.9966086453,2812.860143,3000.666457,0.8814980079,0.9403530107,0.9063526261,0.9743533953
real_20240703,real,2024-07-03,adapted,3010,0.9406662946,7.714265386,2.00310398,4.012425554,0.0003108525109,0.9996891475,2816.872569,3001.666146,0.8827554274,0.9406662946,0.90666591,0.9746666792
real_20240703,real,2024-07-03,adapted,3011,0.9409795743,7.708932204,-0.6906721922,0.4770280771,0.0003246163942,0.9996753836,2817.349597,3002.665822,0.8829049191,0.9409795743,0.9069791897,0.9749799589
real_20240703,real,2024-07-03,adapted,3012,0.941292854,7.70478023,-0.8188093766,0.6704487951,0.0003243781613,0.9996756218,2818.020046,3003.665497,0.8831150253,0.941292854,0.9072924694,0.9752932386
real_20240703,real,2024-07-03,adapted,3013,0.941605661,7.703066759,0.7215955624,0.5207001557,0.001832958663,0.9981670413,2818.540746,3004.663664,0.883278203,0.941605661,0.9076052764,0.9756060456
real_20240703,real,2024-07-03,adapted,3014,0.9419180465,7.699058103,-1.800350082,3.241260417,0.003177931099,0.9968220689,2821.782006,3005.660486,0.8842939537,0.9419180465,0.9079176619,0.9759184311
real_20240703,real,2024-07-03,adapted,3015,0.9422301885,7.69879028,0.2390122001,0.05712683179,0.003954737213,0.9960452628,2821.839133,3006.656532,0.8843118562,0.9422301885,0.9082298039,0.9762305731
real_20240703,real,2024-07-03,adapted,3016,0.9425431137,7.698365856,-0.02061269432,0.0004248831669,0.001455699428,0.9985443006,2821.839558,3007.655076,0.8843119893,0.9425431137,0.9085427291,0.9765434983
real_20240703,real,2024-07-03,adapted,3017,0.9428541673,7.692661602,-0.2937151561,0.08626859294,0.007428011556,0.9925719884,2821.925826,3008.647648,0.8843390243,0.9428541673,0.9088537827,0.9768545519
real_20240703,real,2024-07-03,adapted,3018,0.943167356,7.684169858,1.700709661,2.892413352,0.0006147952513,0.9993852047,2824.81824,3009.647033,0.8852454528,0.943167356,0.9091669714,0.9771677406
real_20240703,real,2024-07-03,adapted,3019,0.9434794802,7.683669067,-1.145832831,1.312932877,0.004011792779,0.9959882072,2826.131173,3010.643021,0.8856569015,0.9434794802,0.9094790956,0.9774798648
real_20240703,real,2024-07-03,adapted,3020,0.9437923027,7.682584379,-1.292808567,1.671353991,0.001783196899,0.9982168031,2827.802527,3011.641238,0.8861806727,0.9437923027,0.9097919181,0.9777926873
real_20240703,real,2024-07-03,adapted,3021,0.944103704,7.681673711,-0.828051379,0.6856690863,0.006318575713,0.9936814243,2828.488196,3012.634919,0.8863955487,0.944103704,0.9101033194,0.9781040886
real_20240703,real,2024-07-03,adapted,3022,0.9444153552,7.680723847,-0.6167096708,0.3803308181,0.00552103965,0.9944789603,2828.868527,3013.629398,0.8865147373,0.9444153552,0.9104149706,0.9784157398
real_20240703,real,2024-07-03,adapted,3023,0.9447263832,7.678430566,-0.3788813081,0.1435510456,0.007509771768,0.9924902282,2829.012078,3014.621889,0.8865597235,0.9447263832,0.9107259986,0.9787267678
real_20240703,real,2024-07-03,adapted,3024,0.9450383705,7.676244761,-2.582255879,6.668045423,0.004448486851,0.9955515131,2835.680123,3015.61744,0.8886493648,0.9450383705,0.9110379859,0.9790387551
real_20240703,real,2024-07-03,adapted,3025,0.9453509501,7.671766933,-0.6191894293,0.3833955494,0.002558323,0.997441677,2836.063519,3016.614882,0.8887695138,0.9453509501,0.9113505655,0.9793513347
real_20240703,real,2024-07-03,adapted,3026,0.9456628413,7.671232148,0.1811498485,0.03281526762,0.004755325695,0.9952446743,2836.096334,3017.610127,0.8887797975,0.9456628413,0.9116624567,0.9796632259
real_20240703,real,2024-07-03,adapted,3027,0.9459751495,7.670377461,1.232085959,1.51803581,0.003424451134,0.9965755489,2837.61437,3018.606702,0.8892555217,0.9459751495,0.9119747649,0.9799755341
real_20240703,real,2024-07-03,adapted,3028,0.9462873609,7.668428394,-1.476875892,2.1811624,0.003733586406,0.9962664136,2839.795532,3019.602968,0.8899390574,0.9462873609,0.9122869763,0.9802877455
real_20240703,real,2024-07-03,adapted,3029,0.9466004978,7.667594915,-0.4365764563,0.1905990022,0.0007800593043,0.9992199407,2839.986131,3020.602188,0.8899987876,0.9466004978,0.9126001132,0.9806008824
real_20240703,real,2024-07-03,adapted,3030,0.9469125062,7.667258845,1.435988011,2.062061566,0.00438103688,0.9956189631,2842.048193,3021.597807,0.8906449993,0.9469125062,0.9129121216,0.9809128908
real_20240703,real,2024-07-03,adapted,3031,0.9472250032,7.666065277,-0.003373772211,1.138233893e-05,0.002822263843,0.9971777362,2842.048204,3022.594985,0.8906450028,0.9472250032,0.9132246186,0.9812253878
real_20240703,real,2024-07-03,adapted,3032,0.9475378666,7.665371159,-0.4337622473,0.1881496872,0.001652712807,0.9983472872,2842.236354,3023.593332,0.8907039654,0.9475378666,0.913537482,0.9815382512
real_20240703,real,2024-07-03,adapted,3033,0.947850266,7.664660864,1.008407522,1.01688573,0.003133574838,0.9968664252,2843.253239,3024.590199,0.8910226385,0.947850266,0.9138498814,0.9818506506
real_20240703,real,2024-07-03,adapted,3034,0.9481635487,7.659295254,-0.3366071278,0.1133043585,0.0003148367383,0.9996851633,2843.366544,3025.589884,0.891058146,0.9481635487,0.9141631641,0.9821639333
real_20240703,real,2024-07-03,adapted,3035,0.9484753756,7.659259012,0.5180846618,0.2684117168,0.004960417787,0.9950395822,2843.634956,3026.584924,0.8911422612,0.9484753756,0.914474991,0.9824757602
real_20240703,real,2024-07-03,adapted,3036,0.948788475,7.65409238,1.269389611,1.611349984,0.0009000012461,0.9990999988,2845.246306,3027.584024,0.8916472283,0.948788475,0.9147880904,0.9827888596
real_20240703,real,2024-07-03,adapted,3037,0.9491009927,7.653697694,0.6290872178,0.3957507276,0.002755797799,0.9972442022,2845.642056,3028.581268,0.8917712492,0.9491009927,0.9151006081,0.9831013773
real_20240703,real,2024-07-03,adapted,3038,0.949413609,7.653644966,-2.344725912,5.497739603,0.002441311818,0.9975586882,2851.139796,3029.578826,0.8934941385,0.949413609,0.9154132244,0.9834139936
real_20240703,real,2024-07-03,adapted,3039,0.9497257558,7.653070807,0.1190692705,0.01417749119,0.003939722336,0.9960602777,2851.153973,3030.574887,0.8934985814,0.9497257558,0.9157253712,0.9837261404
real_20240703,real,2024-07-03,adapted,3040,0.9500381519,7.651158077,0.2789631078,0.07782041549,0.003143961315,0.9968560387,2851.231794,3031.571743,0.8935229689,0.9500381519,0.9160377673,0.9840385365
real_20240703,real,2024-07-03,adapted,3041,0.9503503514,7.645651366,-0.9040128016,0.8172391455,0.003771572312,0.9962284277,2852.049033,3032.567971,0.8937790764,0.9503503514,0.9163499668,0.984350736
real_20240703,real,2024-07-03,adapted,3042,0.9506634467,7.645331563,-0.3291508032,0.1083402512,0.0009129390241,0.999087061,2852.157373,3033.567058,0.8938130283,0.9506634467,0.9166630621,0.9846638313
real_20240703,real,2024-07-03,adapted,3043,0.9509762819,7.644723515,0.2710093781,0.07344608303,0.001742700496,0.9982572995,2852.230819,3034.565316,0.8938360449,0.9509762819,0.9169758973,0.9849766665
real_20240703,real,2024-07-03,adapted,3044,0.9512878271,7.642668942,0.3191692446,0.1018690067,0.005859298084,0.9941407019,2852.332688,3035.559456,0.8938679687,0.9512878271,0.9172874425,0.9852882117
real_20240703,real,2024-07-03,adapted,3045,0.9515994479,7.639447461,-0.8276379058,0.6849845031,0.005618132628,0.9943818674,2853.017673,3036.553838,0.8940826301,0.9515994479,0.9175990633,0.9855998325
real_20240703,real,2024-07-03,adapted,3046,0.9519114093,7.637259386,0.329681166,0.1086896712,0.004531137534,0.9954688625,2853.126362,3037.549307,0.8941166914,0.9519114093,0.9179110247,0.9859117939
real_20240703,real,2024-07-03,adapted,3047,0.9522243104,7.634541682,-0.8029170965,0.6446758638,0.00153260873,0.9984673913,2853.771038,3038.547774,0.8943187209,0.9522243104,0.9182239258,0.986224695
real_20240703,real,2024-07-03,adapted,3048,0.9525366303,7.625580188,0.7408534015,0.5488637625,0.003386990566,0.9966130094,2854.319902,3039.544387,0.8944907245,0.9525366303,0.9185362457,0.9865370149
real_20240703,real,2024-07-03,adapted,3049,0.9528485389,7.622217494,0.5242566527,0.2748450379,0.004699811649,0.9953001884,2854.594747,3040.539688,0.8945768559,0.9528485389,0.9188481543,0.9868489235
real_20240703,real,2024-07-03,adapted,3050,0.9531613504,7.621424884,0.8138371432,0.6623308956,0.00181843006,0.9981815699,2855.257078,3041.537869,0.894784418,0.9531613504,0.9191609658,0.987161735
real_20240703,real,2024-07-03,adapted,3051,0.9534743871,7.621181373,-1.757126673,3.087494145,0.001099935507,0.9989000645,2858.344572,3042.536769,0.8957519812,0.9534743871,0.9194740025,0.9874747717
real_20240703,real,2024-07-03,adapted,3052,0.9537872723,7.615502859,-0.314167349,0.0987011232,0.001583442979,0.998416557,2858.443273,3043.535186,0.8957829123,0.9537872723,0.9197868877,0.9877876569
real_20240703,real,2024-07-03,adapted,3053,0.9541002443,7.615306058,-0.6455974242,0.4167960342,0.001306231223,0.9986937688,2858.860069,3044.53388,0.8959135284,0.9541002443,0.9200998597,0.9881006289
real_20240703,real,2024-07-03,adapted,3054,0.9544135026,7.615117108,-0.3167200356,0.100311581,0.000392865934,0.9996071341,2858.960381,3045.533487,0.8959449642,0.9544135026,0.920413118,0.9884138872
real_20240703,real,2024-07-03,adapted,3055,0.9547258443,7.614970067,-0.8988418636,0.8079166957,0.003317654248,0.9966823458,2859.768298,3046.530169,0.8961981503,0.9547258443,0.9207254597,0.9887262289
real_20240703,real,2024-07-03,adapted,3056,0.9550372839,7.608401179,0.1866845058,0.03485110471,0.006196112625,0.9938038874,2859.803149,3047.523973,0.896209072,0.9550372839,0.9210368993,0.9890376685
real_20240703,real,2024-07-03,adapted,3057,0.9553505605,7.607454165,-0.9510184266,0.9044360476,0.0003344099809,0.99966559,2860.707585,3048.523639,0.8964925054,0.9553505605,0.9213501759,0.9893509451
real_20240703,real,2024-07-03,adapted,3058,0.9556634486,7.604309342,0.3663537385,0.1342150617,0.001574000757,0.9984259992,2860.8418,3049.522065,0.8965345659,0.9556634486,0.921663064,0.9896638332
real_20240703,real,2024-07-03,adapted,3059,0.9559766776,7.596189543,-0.7856680323,0.6172742569,0.000486287223,0.9995137128,2861.459074,3050.521578,0.8967280082,0.9559766776,0.921976293,0.9899770622
real_20240703,real,2024-07-03,adapted,3060,0.9562892029,7.588393133,-0.7566026704,0.5724476008,0.002731740509,0.9972682595,2862.031522,3051.518846,0.8969074026,0.9562892029,0.9222888183,0.9902895875
real_20240703,real,2024-07-03,adapted,3061,0.9566010971,7.584410545,0.04564885936,0.002083818361,0.004745734365,0.9952542656,2862.033605,3052.514101,0.8969080556,0.9566010971,0.9226007125,0.9906014817
real_20240703,real,2024-07-03,adapted,3062,0.9569139643,7.583584336,0.3618360751,0.1309253452,0.001640707127,0.9983592929,2862.164531,3053.51246,0.8969490852,0.9569139643,0.9229135797,0.9909143489
real_20240703,real,2024-07-03,adapted,3063,0.9572253755,7.583275549,1.963261893,3.854397261,0.006286954386,0.9937130456,2866.018928,3054.506173,0.8981569815,0.9572253755,0.9232249909,0.9912257601
real_20240703,real,2024-07-03,adapted,3064,0.9575372106,7.576826308,0.3150513802,0.09925737219,0.004933952897,0.9950660471,2866.118185,3055.501239,0.8981880869,0.9575372106,0.923536826,0.9915375952
real_20240703,real,2024-07-03,adapted,3065,0.9578493603,7.572348299,1.876587565,3.521580889,0.003930566268,0.9960694337,2869.639766,3056.497309,0.8992916848,0.9578493603,0.9238489757,0.9918497449
real_20240703,real,2024-07-03,adapted,3066,0.9581623733,7.566369363,1.481583291,2.195089047,0.001175253983,0.998824746,2871.834855,3057.496133,0.8999795849,0.9581623733,0.9241619887,0.9921627579
real_20240703,real,2024-07-03,adapted,3067,0.9584753316,7.564706358,1.07434679,1.154221026,0.001350303248,0.9986496968,2872.989076,3058.494783,0.9003412963,0.9584753316,0.924474947,0.9924757162
real_20240703,real,2024-07-03,adapted,3068,0.9587883676,7.563351289,-0.9468782317,0.8965783856,0.001102025071,0.9988979749,2873.885655,3059.493681,0.9006222672,0.9587883676,0.924787983,0.9927887522
real_20240703,real,2024-07-03,adapted,3069,0.9591011523,7.560768695,0.8807851364,0.7757824565,0.001903880409,0.9980961196,2874.661437,3060.491777,0.900865383,0.9591011523,0.9251007677,0.9931015369
real_20240703,real,2024-07-03,adapted,3070,0.9594141573,7.551973589,0.6581307016,0.4331360204,0.001201291738,0.9987987083,2875.094573,3061.490576,0.9010011198,0.9594141573,0.9254137727,0.9934145419
real_20240703,real,2024-07-03,adapted,3071,0.9597269549,7.551819943,1.392304573,1.938512024,0.001862734158,0.9981372658,2877.033085,3062.488713,0.9016086134,0.9597269549,0.9257265703,0.9937273395
real_20240703,real,2024-07-03,adapted,3072,0.9600389065,7.546388036,-0.3440756026,0.1183880203,0.004562562515,0.9954374375,2877.151473,3063.484151,0.901645714,0.9600389065,0.9260385219,0.9940392911
real_20240703,real,2024-07-03,adapted,3073,0.9603516819,7.541162688,-0.5730304213,0.3283638637,0.001933560117,0.9980664399,2877.479837,3064.482217,0.9017486171,0.9603516819,0.9263512973,0.9943520665
real_20240703,real,2024-07-03,adapted,3074,0.9606628736,7.539191289,0.2072820909,0.04296586519,0.006987176136,0.9930128239,2877.522803,3065.47523,0.9017620818,0.9606628736,0.926662489,0.9946632582
real_20240703,real,2024-07-03,adapted,3075,0.960974818,7.537018715,-1.026490937,1.053683645,0.004585644918,0.9954143551,2878.576487,3066.470644,0.9020922866,0.960974818,0.9269744334,0.9949752026
real_20240703,real,2024-07-03,adapted,3076,0.9612878498,7.530884241,-0.1074823191,0.01155244893,0.001115310919,0.9988846891,2878.588039,3067.469529,0.902095907,0.9612878498,0.9272874652,0.9952882344
real_20240703,real,2024-07-03,adapted,3077,0.9616006605,7.527464432,-0.01335728402,0.0001784170363,0.001821133923,0.9981788661,2878.588218,3068.467708,0.9020959629,0.9616006605,0.9276002759,0.9956010451
real_20240703,real,2024-07-03,adapted,3078,0.9619114909,7.526808712,-0.4209522532,0.1772007995,0.008140305924,0.9918596941,2878.765418,3069.459567,0.9021514943,0.9619114909,0.9279111063,0.9959118755
real_20240703,real,2024-07-03,adapted,3079,0.9622233973,7.525694995,-1.070784426,1.146579288,0.004706667634,0.9952933324,2879.911998,3070.454861,0.9025108109,0.9622233973,0.9282230127,0.9962237819
real_20240703,real,2024-07-03,adapted,3080,0.9625347625,7.522793539,-0.8706754954,0.7580758183,0.006433560637,0.9935664394,2880.670073,3071.448427,0.9027483778,0.9625347625,0.9285343779,0.9965351471
real_20240703,real,2024-07-03,adapted,3081,0.9628456713,7.522418938,0.4760753661,0.2266477542,0.007889902669,0.9921100973,2880.896721,3072.440537,0.9028194049,0.9628456713,0.9288452867,0.9968460559
real_20240703,real,2024-07-03,adapted,3082,0.9631575847,7.51799929,-0.3381018282,0.1143128462,0.004684413882,0.9953155861,2881.011034,3073.435853,0.9028552285,0.9631575847,0.9291572001,0.9971579693
real_20240703,real,2024-07-03,adapted,3083,0.9634705959,7.516627254,-0.8892737044,0.7908077214,0.001181344281,0.9988186557,2881.801842,3074.434671,0.9031030529,0.9634705959,0.9294702113,0.9974709805
real_20240703,real,2024-07-03,adapted,3084,0.9637827415,7.515640751,0.3849407237,0.1481793608,0.003943384753,0.9960566152,2881.950021,3075.430728,0.9031494895,0.9637827415,0.9297823569,0.9977831261
real_20240703,real,2024-07-03,adapted,3085,0.9640939507,7.514814681,-0.9045415613,0.818195436,0.00693152065,0.9930684794,2882.768217,3076.423797,0.9034058968,0.9640939507,0.9300935661,0.9980943353
real_20240703,real,2024-07-03,adapted,3086,0.9644063526,7.513411545,-1.292976151,1.671787328,0.003125336712,0.9968746633,2884.440004,3077.420671,0.9039298038,0.9644063526,0.930405968,0.9984067372
real_20240703,real,2024-07-03,adapted,3087,0.9647192491,7.511938951,-0.3332469974,0.1110535613,0.001547230745,0.9984527693,2884.551057,3078.419124,0.9039646059,0.9647192491,0.9307188645,0.9987196337
real_20240703,real,2024-07-03,adapted,3088,0.9650315254,7.510686629,-0.9835931265,0.9674554385,0.003526378051,0.9964736219,2885.518513,3079.415598,0.9042677884,0.9650315254,0.9310311408,0.99903191
real_20240703,real,2024-07-03,adapted,3089,0.9653447969,7.508192692,0.426211949,0.1816566255,0.0003507017965,0.9996492982,2885.70017,3080.415247,0.9043247162,0.9653447969,0.9313444123,0.9993451815
real_20240703,real,2024-07-03,adapted,3090,0.9656576875,7.507155431,0.5847988237,0.3419896642,0.001566193198,0.9984338068,2886.042159,3081.413681,0.9044318894,0.9656576875,0.9316573029,0.9996580721
real_20240703,real,2024-07-03,adapted,3091,0.9659705548,7.505968376,0.4184709877,0.1751179675,0.001640261449,0.9983597386,2886.217277,3082.41204,0.9044867681,0.9659705548,0.9319701702,0.9999709394
real_20240703,real,2024-07-03,adapted,3092,0.9662831761,7.505677665,0.5511288807,0.3037430431,0.00242550127,0.9975744987,2886.52102,3083.409615,0.9045819556,0.9662831761,0.9322827915,1.000283561
real_20240703,real,2024-07-03,adapted,3093,0.9665944383,7.504419707,-0.00603164702,3.638076577e-05,0.006762336397,0.9932376636,2886.521057,3084.402853,0.904581967,0.9665944383,0.9325940537,1.000594823
real_20240703,real,2024-07-03,adapted,3094,0.9669072704,7.50236239,-0.1338853704,0.0179252924,0.001752777898,0.9982472221,2886.538982,3085.4011,0.9045875844,0.9669072704,0.9329068858,1.000907655
real_20240703,real,2024-07-03,adapted,3095,0.9672191464,7.498138226,-0.5743137115,0.3298362392,0.004803692505,0.9951963075,2886.868818,3086.396296,0.9046909489,0.9672191464,0.9332187618,1.001219531
real_20240703,real,2024-07-03,adapted,3096,0.9675307989,7.490384223,1.866519786,3.483896112,0.005516941493,0.9944830585,2890.352714,3087.390779,0.9057827371,0.9675307989,0.9335304143,1.001531183
real_20240703,real,2024-07-03,adapted,3097,0.9678433205,7.484093133,-1.034147327,1.069460693,0.002743504681,0.9972564953,2891.422175,3088.388036,0.9061178862,0.9678433205,0.9338429359,1.001843705
real_20240703,real,2024-07-03,adapted,3098,0.9681547411,7.483113102,-1.410063369,1.988278706,0.006256984534,0.9937430155,2893.410454,3089.381779,0.9067409757,0.9681547411,0.9341543565,1.002155126
real_20240703,real,2024-07-03,adapted,3099,0.9684669217,7.482075726,0.2249901084,0.05062054886,0.00383147321,0.9961685268,2893.461074,3090.377947,0.9067568393,0.9684669217,0.9344665371,1.002467306
real_20240703,real,2024-07-03,adapted,3100,0.9687775661,7.460402051,1.927098625,3.71370911,0.008733968629,0.9912660314,2897.174783,3091.369213,0.9079206466,0.9687775661,0.9347771815,1.002777951
real_20240703,real,2024-07-03,adapted,3101,0.9690902456,7.459335538,0.1179001799,0.01390045243,0.00223959755,0.9977604024,2897.188684,3092.366974,0.9079250027,0.9690902456,0.935089861,1.00309063
real_20240703,real,2024-07-03,adapted,3102,0.9694025464,7.450527822,0.3550161673,0.1260364791,0.003448008321,0.9965519917,2897.31472,3093.363526,0.9079645002,0.9694025464,0.9354021618,1.003402931
real_20240703,real,2024-07-03,adapted,3103,0.9697155594,7.448955076,0.0516668364,0.002669461983,0.001175543733,0.9988244563,2897.31739,3094.36235,0.9079653368,0.9697155594,0.9357151748,1.003715944
real_20240703,real,2024-07-03,adapted,3104,0.9700240881,7.445418731,0.4707371628,0.2215934764,0.01548511041,0.9845148896,2897.538983,3095.346865,0.90803478,0.9700240881,0.9360237035,1.004024473
real_20240703,real,2024-07-03,adapted,3105,0.9703365665,7.442027757,0.6481406986,0.4200863652,0.002881432777,0.9971185672,2897.959069,3096.343984,0.9081664273,0.9703365665,0.9363361819,1.004336951
real_20240703,real,2024-07-03,adapted,3106,0.9706491427,7.440182365,-1.3233297,1.751201495,0.002569257586,0.9974307424,2899.710271,3097.341414,0.9087152212,0.9706491427,0.9366487581,1.004649527
real_20240703,real,2024-07-03,adapted,3107,0.9709612548,7.438651174,-1.385160645,1.918670012,0.004050177134,0.9959498229,2901.628941,3098.337364,0.9093164967,0.9709612548,0.9369608702,1.004961639
real_20240703,real,2024-07-03,adapted,3108,0.9712741882,7.4383512,-0.9985468182,0.9970957482,0.001429488399,0.9985705116,2902.626037,3099.335935,0.909628968,0.9712741882,0.9372738036,1.005274573
real_20240703,real,2024-07-03,adapted,3109,0.9715871695,7.434440314,-0.4196118336,0.1760740909,0.001276791949,0.9987232081,2902.802111,3100.334658,0.9096841463,0.9715871695,0.9375867849,1.005587554
real_20240703,real,2024-07-03,adapted,3110,0.9718993398,7.431122408,0.1046703868,0.01095588988,0.003864493693,0.9961355063,2902.813067,3101.330793,0.9096875797,0.9718993398,0.9378989552,1.005899724
real_20240703,real,2024-07-03,adapted,3111,0.972212134,7.428710549,-0.7781324398,0.6054900939,0.001873894312,0.9981261057,2903.418557,3102.32892,0.909877329,0.972212134,0.9382117494,1.006212519
real_20240703,real,2024-07-03,adapted,3112,0.9725242247,7.428409501,1.247171426,1.555436566,0.004118574033,0.995881426,2904.973993,3103.324801,0.9103647739,0.9725242247,0.9385238401,1.006524609
real_20240703,real,2024-07-03,adapted,3113,0.9728369618,7.428021587,-0.3965946316,0.1572873018,0.002055735495,0.9979442645,2905.131281,3104.322745,0.9104140648,0.9728369618,0.9388365772,1.006837346
real_20240703,real,2024-07-03,adapted,3114,0.9731497847,7.427898843,1.008305973,1.016680934,0.0017823209,0.9982176791,2906.147962,3105.320963,0.9107326737,0.9731497847,0.9391494001,1.007150169
real_20240703,real,2024-07-03,adapted,3115,0.9734626155,7.422371148,0.573407967,0.3287966966,0.001756877751,0.9982431222,2906.476758,3106.319206,0.9108357124,0.9734626155,0.9394622309,1.007463
real_20240703,real,2024-07-03,adapted,3116,0.9737758578,7.421145916,0.1463203598,0.02140964768,0.0004438250843,0.9995561749,2906.498168,3107.318762,0.9108424218,0.9737758578,0.9397754732,1.007776242
real_20240703,real,2024-07-03,adapted,3117,0.9740861563,7.418370672,-1.569087915,2.462036884,0.009837505444,0.9901624946,2908.960205,3108.308925,0.9116139783,0.9740861563,0.9400857717,1.008086541
real_20240703,real,2024-07-03,adapted,3118,0.9743989437,7.417862308,1.62167988,2.629845632,0.001895210928,0.9981047891,2911.59005,3109.307029,0.912438123,0.9743989437,0.9403985591,1.008399328
real_20240703,real,2024-07-03,adapted,3119,0.9747112978,7.413941537,-0.2336000186,0.05456896867,0.003278211881,0.9967217881,2911.644619,3110.303751,0.9124552239,0.9747112978,0.9407109132,1.008711682
real_20240703,real,2024-07-03,adapted,3120,0.9750236847,7.412559352,-0.2430691279,0.05908260096,0.003173245842,0.9968267542,2911.703702,3111.300578,0.9124737393,0.9750236847,0.9410233001,1.009024069
real_20240703,real,2024-07-03,adapted,3121,0.9753364901,7.405111156,-0.1357644961,0.01843199841,0.001838043614,0.9981619564,2911.722134,3112.29874,0.9124795155,0.9753364901,0.9413361055,1.009336875
real_20240703,real,2024-07-03,adapted,3122,0.9756480145,7.404446925,-1.131493493,1.280277526,0.005925575114,0.9940744249,2913.002412,3113.292814,0.9128807307,0.9756480145,0.9416476299,1.009648399
real_20240703,real,2024-07-03,adapted,3123,0.975960538,7.40277882,0.6358259483,0.4042746365,0.002737570237,0.9972624298,2913.406686,3114.290077,0.9130074228,0.975960538,0.9419601534,1.009960923
real_20240703,real,2024-07-03,adapted,3124,0.9762726521,7.40037775,-0.1948949776,0.0379840523,0.004043930724,0.9959560693,2913.44467,3115.286033,0.9130193263,0.9762726521,0.9422722675,1.010273037
real_20240703,real,2024-07-03,adapted,3125,0.976585375,7.398644313,-0.02189489985,0.0004793866395,0.002101161294,0.9978988387,2913.44515,3116.283932,0.9130194765,0.976585375,0.9425849904,1.01058576
real_20240703,real,2024-07-03,adapted,3126,0.9768978999,7.390151163,-0.1622478477,0.02632436407,0.002733150666,0.9972668493,2913.471474,3117.281199,0.9130277261,0.9768978999,0.9428975153,1.010898284
real_20240703,real,2024-07-03,adapted,3127,0.977210768,7.388385879,-1.493872426,2.231654825,0.001637764789,0.9983622352,2915.703129,3118.279561,0.9137270852,0.977210768,0.9432103834,1.011211153
real_20240703,real,2024-07-03,adapted,3128,0.9775218462,7.379640617,-0.3134755472,0.09826691868,0.007349522545,0.9926504775,2915.801396,3119.272211,0.9137578802,0.9775218462,0.9435214616,1.011522231
real_20240703,real,2024-07-03,adapted,3129,0.9778349349,7.378269145,-0.4583458079,0.2100808796,0.0009341296529,0.9990658703,2916.011477,3120.271277,0.9138237157,0.9778349349,0.9438345503,1.011835319
real_20240703,real,2024-07-03,adapted,3130,0.978146331,7.375927498,-0.2470664225,0.06104181715,0.006335000521,0.9936649995,2916.072518,3121.264942,0.913842845,0.978146331,0.9441459464,1.012146716
real_20240703,real,2024-07-03,adapted,3131,0.9784568211,7.369136119,-0.3439198372,0.1182808544,0.009225920612,0.9907740794,2916.190799,3122.255716,0.913879912,0.9784568211,0.9444564365,1.012457206
real_20240703,real,2024-07-03,adapted,3132,0.9787692085,7.363045033,0.03852149927,0.001483905906,0.003172050209,0.9968279498,2916.192283,3123.252544,0.9138803771,0.9787692085,0.9447688239,1.012769593
real_20240703,real,2024-07-03,adapted,3133,0.9790820867,7.362393382,-0.8337245522,0.6950966289,0.001605584782,0.9983944152,2916.88738,3124.250939,0.9140982074,0.9790820867,0.9450817021,1.013082471
real_20240703,real,2024-07-03,adapted,3134,0.9793931485,7.361149178,0.5508580483,0.3034445893,0.007401883394,0.9925981166,2917.190824,3125.243537,0.9141933013,0.9793931485,0.9453927639,1.013393533
real_20240703,real,2024-07-03,adapted,3135,0.9797059907,7.35584826,0.01863967368,0.000347437435,0.00172034185,0.9982796582,2917.191172,3126.241816,0.9141934102,0.9797059907,0.9457056061,1.013706375
real_20240703,real,2024-07-03,adapted,3136,0.9800174618,7.355607904,0.881558075,0.7771446396,0.006095849768,0.9939041502,2917.968317,3127.235721,0.9144369528,0.9800174618,0.9460170772,1.014017846
real_20240703,real,2024-07-03,adapted,3137,0.9803286321,7.347583847,-0.630298699,0.3972764499,0.007055463943,0.9929445361,2918.365593,3128.228665,0.9145614519,0.9803286321,0.9463282475,1.014329017
real_20240703,real,2024-07-03,adapted,3138,0.9806403689,7.345086039,-0.6569142223,0.4315362955,0.00524804247,0.9947519575,2918.797129,3129.223417,0.9146966873,0.9806403689,0.9466399843,1.014640753
real_20240703,real,2024-07-03,adapted,3139,0.9809513092,7.344209775,-0.2777171235,0.07712680068,0.007789314581,0.9922106854,2918.874256,3130.215628,0.9147208574,0.9809513092,0.9469509246,1.014951694
real_20240703,real,2024-07-03,adapted,3140,0.9812644619,7.339188757,-0.3938535189,0.1551205944,0.0007298149125,0.9992701851,2919.029377,3131.214898,0.9147694693,0.9812644619,0.9472640773,1.015264846
real_20240703,real,2024-07-03,adapted,3141,0.9815777218,7.334384554,0.4675637911,0.2186158988,0.0003875126115,0.9996124874,2919.247993,3132.21451,0.9148379795,0.9815777218,0.9475773372,1.015578106
real_20240703,real,2024-07-03,adapted,3142,0.9818908426,7.333316705,-0.2674085947,0.07150735652,0.0008317236167,0.9991682764,2919.3195,3133.213679,0.9148603886,0.9818908426,0.947890458,1.015891227
real_20240703,real,2024-07-03,adapted,3143,0.9822037006,7.325479174,0.9600908716,0.9217744818,0.001670146879,0.9983298531,2920.241274,3134.212009,0.9151492555,0.9822037006,0.948203316,1.016204085
real_20240703,real,2024-07-03,adapted,3144,0.982514709,7.323903261,0.5496218336,0.3020841599,0.007572040553,0.9924279594,2920.543359,3135.204436,0.9152439231,0.982514709,0.9485143244,1.016515094
real_20240703,real,2024-07-03,adapted,3145,0.9828268198,7.323514388,0.01810152566,0.0003276652313,0.004054529204,0.9959454708,2920.543686,3136.200382,0.9152440258,0.9828268198,0.9488264352,1.016827204
real_20240703,real,2024-07-03,adapted,3146,0.983140041,7.321455027,-1.068830793,1.142399264,0.00051120892,0.9994887911,2921.686085,3137.199871,0.9156020324,0.983140041,0.9491396564,1.017140426
real_20240703,real,2024-07-03,adapted,3147,0.983452043,7.315275746,0.5884252004,0.3462442164,0.004401586989,0.995598413,2922.03233,3138.195469,0.9157105389,0.983452043,0.9494516584,1.017452428
real_20240703,real,2024-07-03,adapted,3148,0.9837643458,7.314027114,-0.4584455976,0.210172366,0.003441689589,0.9965583104,2922.242502,3139.192027,0.915776403,0.9837643458,0.9497639612,1.01776473
real_20240703,real,2024-07-03,adapted,3149,0.9840761456,7.311891779,-2.161082012,4.670275463,0.005046748307,0.9949532517,2926.912778,3140.186981,0.9172399804,0.9840761456,0.950075761,1.01807653
real_20240703,real,2024-07-03,adapted,3150,0.9843884899,7.309835196,0.3029494906,0.09177839388,0.00330934912,0.9966906509,2927.004556,3141.183671,0.9172687421,0.9843884899,0.9503881053,1.018388875
real_20240703,real,2024-07-03,adapted,3151,0.984699402,7.308023267,0.2888525488,0.08343579495,0.007879652763,0.9921203472,2927.087992,3142.175792,0.9172948893,0.984699402,0.9506990174,1.018699787
real_20240703,real,2024-07-03,adapted,3152,0.9850111917,7.304530773,-0.3204550959,0.1026914685,0.005078988946,0.9949210111,2927.190683,3143.170713,0.9173270709,0.9850111917,0.9510108071,1.019011576
real_20240703,real,2024-07-03,adapted,3153,0.9853214911,7.296783242,-0.4555020738,0.2074821393,0.009834612978,0.990165387,2927.398165,3144.160878,0.9173920919,0.9853214911,0.9513211065,1.019321876
real_20240703,real,2024-07-03,adapted,3154,0.9856343992,7.292645156,-0.6218883346,0.3867451007,0.001510111675,0.9984898883,2927.78491,3145.159368,0.9175132906,0.9856343992,0.9516340146,1.019634784
real_20240703,real,2024-07-03,adapted,3155,0.9859477145,7.289304977,0.4228859741,0.1788325471,0.000210907134,0.9997890929,2927.963743,3146.159157,0.9175693334,0.9859477145,0.9519473299,1.019948099
real_20240703,real,2024-07-03,adapted,3156,0.9862603842,7.271231603,-0.3214592604,0.1033360561,0.002271172947,0.9977288271,2928.067079,3147.156886,0.917601717,0.9862603842,0.9522599996,1.020260769
real_20240703,real,2024-07-03,adapted,3157,0.9865732943,7.269454062,0.9154228089,0.8379989191,0.001503669568,0.9984963304,2928.905078,3148.155382,0.9178643303,0.9865732943,0.9525729097,1.020573679
real_20240703,real,2024-07-03,adapted,3158,0.986884922,7.26668269,-0.3743527927,0.1401400134,0.005596197649,0.9944038024,2929.045218,3149.149786,0.9179082476,0.986884922,0.9528845374,1.020885307
real_20240703,real,2024-07-03,adapted,3159,0.9871956877,7.25233402,-0.4529792728,0.2051902216,0.008346629822,0.9916533702,2929.250408,3150.141439,0.9179725504,0.9871956877,0.9531953031,1.021196072
real_20240703,real,2024-07-03,adapted,3160,0.9875079507,7.248692178,0.180061443,0.03242212325,0.003568799053,0.9964312009,2929.28283,3151.137871,0.9179827108,0.9875079507,0.9535075661,1.021508335
real_20240703,real,2024-07-03,adapted,3161,0.9878200938,7.240272775,-0.4725010001,0.2232571951,0.003951189274,0.9960488107,2929.506088,3152.133919,0.9180526755,0.9878200938,0.9538197092,1.021820478
real_20240703,real,2024-07-03,adapted,3162,0.9881334703,7.214586971,-0.5457550062,0.2978485268,1.577896127e-05,0.999984221,2929.803936,3153.133904,0.9181460157,0.9881334703,0.9541330857,1.022133855
real_20240703,real,2024-07-03,adapted,3163,0.988445702,7.198947548,-0.03633364333,0.001320133638,0.003668516172,0.9963314838,2929.805256,3154.130235,0.9181464294,0.988445702,0.9544453174,1.022446087
real_20240703,real,2024-07-03,adapted,3164,0.9887581291,7.194147438,0.08155444932,0.006651128204,0.003045030359,0.9969549696,2929.811907,3155.12719,0.9181485137,0.9887581291,0.9547577445,1.022758514
real_20240703,real,2024-07-03,adapted,3165,0.9890706325,7.188478944,0.4865707243,0.2367510697,0.002801914989,0.997198085,2930.048658,3156.124388,0.9182227071,0.9890706325,0.9550702479,1.023071017
real_20240703,real,2024-07-03,adapted,3166,0.9893828184,7.184230499,0.2539759505,0.06450378341,0.003814634736,0.9961853653,2930.113162,3157.120574,0.9182429214,0.9893828184,0.9553824338,1.023383203
real_20240703,real,2024-07-03,adapted,3167,0.9896951718,7.180883883,-0.3417166843,0.1167702923,0.00328029299,0.996719707,2930.229932,3158.117293,0.918279515,0.9896951718,0.9556947872,1.023695556
real_20240703,real,2024-07-03,adapted,3168,0.9900075742,7.173144024,1.951607145,3.808770448,0.00312397457,0.9968760254,2934.038703,3159.114169,0.9194731128,0.9900075742,0.9560071896,1.024007959
real_20240703,real,2024-07-03,adapted,3169,0.9903202774,7.170393916,-1.366241548,1.866615967,0.002164246906,0.9978357531,2935.905319,3160.112005,0.9200580755,0.9903202774,0.9563198928,1.024320662
real_20240703,real,2024-07-03,adapted,3170,0.9906329251,7.162149385,0.7741933539,0.5993753493,0.002341110171,0.9976588898,2936.504694,3161.109664,0.9202459086,0.9906329251,0.9566325405,1.02463331
real_20240703,real,2024-07-03,adapted,3171,0.9909424785,7.160908616,0.5668352431,0.3213021928,0.0122151714,0.9877848286,2936.825996,3162.097449,0.9203465987,0.9909424785,0.9569420939,1.024942863
real_20240703,real,2024-07-03,adapted,3172,0.9912549135,7.159704811,-1.165251011,1.357809919,0.003019813676,0.9969801863,2938.183806,3163.094429,0.920772111,0.9912549135,0.9572545289,1.025255298
real_20240703,real,2024-07-03,adapted,3173,0.9915662423,7.136357558,0.3808043868,0.145011981,0.00654964913,0.9934503509,2938.328818,3164.087879,0.9208175551,0.9915662423,0.9575658577,1.025566627
real_20240703,real,2024-07-03,adapted,3174,0.9918784598,7.130206938,1.648962909,2.719078677,0.003714080354,0.9962859196,2941.047897,3165.084165,0.9216696637,0.9918784598,0.9578780752,1.025878844
real_20240703,real,2024-07-03,adapted,3175,0.9921908931,7.122541785,0.1028586622,0.01057990439,0.003025353364,0.9969746466,2941.058477,3166.08114,0.9216729793,0.9921908931,0.9581905085,1.026191278
real_20240703,real,2024-07-03,adapted,3176,0.99250313,7.106130891,1.238635096,1.5342169,0.003651939338,0.9963480607,2942.592694,3167.077488,0.9221537743,0.99250313,0.9585027454,1.026503515
real_20240703,real,2024-07-03,adapted,3177,0.9928154826,7.089402719,-0.7984523645,0.6375261783,0.003282833107,0.9967171669,2943.23022,3168.074205,0.9223535631,0.9928154826,0.958815098,1.026815867
real_20240703,real,2024-07-03,adapted,3178,0.9931280746,7.080971225,0.02870266114,0.0008238427566,0.002519054771,0.9974809452,2943.231044,3169.071686,0.9223538213,0.9931280746,0.95912769,1.027128459
real_20240703,real,2024-07-03,adapted,3179,0.9934402504,7.079080883,-0.2870730089,0.08241091242,0.003847114816,0.9961528852,2943.313455,3170.067839,0.9223796474,0.9934402504,0.9594398658,1.027440635
real_20240703,real,2024-07-03,adapted,3180,0.993752375,7.070284521,0.1377076522,0.01896339747,0.004010135378,0.9959898646,2943.332418,3171.063829,0.9223855901,0.993752375,0.9597519904,1.02775276
real_20240703,real,2024-07-03,adapted,3181,0.9940654299,7.061818274,0.244083869,0.05957693512,0.001041904189,0.9989580958,2943.391995,3172.062787,0.9224042604,0.9940654299,0.9600650453,1.028065815
real_20240703,real,2024-07-03,adapted,3182,0.9943779765,7.058998037,-0.1007828625,0.01015718538,0.002663754501,0.9973362455,2943.402152,3173.060123,0.9224074435,0.9943779765,0.9603775919,1.028378361
real_20240703,real,2024-07-03,adapted,3183,0.994690094,7.042561892,-0.04947693977,0.002447967569,0.004033251764,0.9959667482,2943.4046,3174.05609,0.9224082107,0.994690094,0.9606897094,1.028690479
real_20240703,real,2024-07-03,adapted,3184,0.9950025577,7.031828672,-0.3566393071,0.1271915953,0.002928305929,0.9970716941,2943.531792,3175.053162,0.9224480701,0.9950025577,0.9610021731,1.029002942
real_20240703,real,2024-07-03,adapted,3185,0.9953151285,7.011928842,-0.3698316502,0.1367754495,0.002586531065,0.9974134689,2943.668567,3176.050575,0.922490933,0.9953151285,0.9613147439,1.029315513
real_20240703,real,2024-07-03,adapted,3186,0.9956276895,7.006115464,-1.710171882,2.924687865,0.002617747431,0.9973822526,2946.593255,3177.047957,0.9234074757,0.9956276895,0.9616273049,1.029628074
real_20240703,real,2024-07-03,adapted,3187,0.9959399639,7.00269875,0.8800970449,0.7745708084,0.003532557745,0.9964674423,2947.367826,3178.044425,0.9236502118,0.9959399639,0.9619395793,1.029940348
real_20240703,real,2024-07-03,adapted,3188,0.9962522774,6.966376368,-0.5631888086,0.3171816341,0.003407607143,0.9965923929,2947.685008,3179.041017,0.9237496106,0.9962522774,0.9622518928,1.030252662
real_20240703,real,2024-07-03,adapted,3189,0.9965642381,6.94365987,0.3207592572,0.1028865011,0.004533362716,0.9954666373,2947.787894,3180.036484,0.9237818534,0.9965642381,0.9625638535,1.030564623
real_20240703,real,2024-07-03,adapted,3190,0.9968765832,6.928474069,-0.4993452778,0.2493457064,0.003306774475,0.9966932255,2948.03724,3181.033177,0.9238599937,0.9968765832,0.9628761986,1.030876968
real_20240703,real,2024-07-03,adapted,3191,0.9971886725,6.911500379,0.1656343789,0.02743474749,0.004123019337,0.9958769807,2948.064674,3182.029054,0.9238685912,0.9971886725,0.9631882879,1.031189057
real_20240703,real,2024-07-03,adapted,3192,0.997500959,6.883180521,1.463230105,2.14104234,0.003493648618,0.9965063514,2950.205717,3183.02556,0.924539554,0.997500959,0.9635005744,1.031501344
real_20240703,real,2024-07-03,adapted,3193,0.9978133791,6.867883883,1.241484771,1.541284436,0.003067626243,0.9969323738,2951.747001,3184.022493,0.9250225639,0.9978133791,0.9638129945,1.031813764
real_20240703,real,2024-07-03,adapted,3194,0.9981260178,6.855628735,0.009045376021,8.181882736e-05,0.002369782542,0.9976302175,2951.747083,3185.020123,0.9250225895,0.9981260178,0.9641256332,1.032126402
real_20240703,real,2024-07-03,adapted,3195,0.998437977,6.845947798,-0.4518978821,0.2042116959,0.004538384092,0.9954616159,2951.951295,3186.015585,0.9250865856,0.998437977,0.9644375924,1.032438362
real_20240703,real,2024-07-03,adapted,3196,0.9987504259,6.814228232,-0.1085692553,0.0117872832,0.002975596094,0.9970244039,2951.963082,3187.012609,0.9250902796,0.9987504259,0.9647500413,1.03275081
real_20240703,real,2024-07-03,adapted,3197,0.9990626511,6.788940348,-0.3311553101,0.1096638394,0.003689337291,0.9963106627,2952.072746,3188.00892,0.9251246462,0.9990626511,0.9650622665,1.033063036
real_20240703,real,2024-07-03,adapted,3198,0.9993746779,6.775812897,-0.08042989722,0.006468968366,0.004322254972,0.995677745,2952.079215,3189.004597,0.9251266734,0.9993746779,0.9653742933,1.033375063
real_20240703,real,2024-07-03,adapted,3199,0.9996872165,6.720091776,-0.7523146247,0.5659772945,0.002689474231,0.9973105258,2952.645192,3190.001908,0.9253040402,0.9996872165,0.9656868319,1.033687601
real_20240703,real,2024-07-03,adapted,3200,1,6.716570092,0.3431438158,0.1177476783,0.00190785033,0.9980921497,2952.76294,3191,0.9253409401,1,0.9659996154,1.034000385
