date,method,residual_lanczos_steps,target_mode_fraction,estimated_mode_fraction,cumulative_energy_per_n,precision_threshold
2024-07-13,true,128,0.0,0.0,0.0,-inf
2024-07-13,true,128,0.008333333333333333,0.008459201267680167,0.00884277369893807,0.00675771430103984
2024-07-13,true,128,0.016666666666666666,0.016901111370132137,0.01772416823727969,0.014233002963559123
2024-07-13,true,128,0.025,0.02524731278008614,0.02603041177556828,0.021584637682588784
2024-07-13,true,128,0.03333333333333333,0.03361216121229442,0.03530381598913698,0.030348954706807988
2024-07-13,true,128,0.041666666666666664,0.04245570376141547,0.0455622613742606,0.04041536949313274
2024-07-13,true,128,0.05,0.05006927894236844,0.05305598240806902,0.04794971170440791
2024-07-13,true,128,0.058333333333333334,0.059229045635660484,0.06063512720752696,0.05621514444038419
2024-07-13,true,128,0.06666666666666667,0.0666880652717593,0.06899292285047505,0.06478560852379162
2024-07-13,true,128,0.075,0.07518521481581991,0.07739441979990971,0.07407856767475132
2024-07-13,true,128,0.08333333333333333,0.08404353625890756,0.08628185802219433,0.08386114195399712
2024-07-13,true,128,0.09166666666666666,0.09221059170815905,0.0907782620628551,0.0890796203643128
2024-07-13,true,128,0.1,0.10048521862298676,0.10016912825583091,0.0995739400704382
2024-07-13,true,128,0.10833333333333334,0.10912899164703929,0.10995899389662875,0.1105396709009911
2024-07-13,true,128,0.11666666666666667,0.11669659118623431,0.11519515212498734,0.11631569064859287
2024-07-13,true,128,0.125,0.12588919939130364,0.1251464333207147,0.12789267384969294
2024-07-13,true,128,0.13333333333333333,0.13411572931306126,0.13600391734821354,0.13990140124973482
2024-07-13,true,128,0.14166666666666666,0.14252265837747521,0.14165881279416945,0.1460684200385013
2024-07-13,true,128,0.15,0.15102948483605905,0.15315118837411337,0.15865578279606085
2024-07-13,true,128,0.15833333333333333,0.1585514196149514,0.15913160019639738,0.16507967566786405
2024-07-13,true,128,0.16666666666666666,0.16775223298147618,0.16520348139078136,0.17166349142204923
2024-07-13,true,128,0.175,0.1759748613110406,0.17746849558251923,0.1847102670867746
2024-07-13,true,128,0.18333333333333332,0.18431096182477635,0.18405671493299927,0.19143650559997347
2024-07-13,true,128,0.19166666666666665,0.19269988836997787,0.19069332760940688,0.1982651996860889
2024-07-13,true,128,0.2,0.20119658804893387,0.19719616587535846,0.20509875310388365
2024-07-13,true,128,0.20833333333333334,0.2099366311059565,0.21099192697033373,0.2187033701919005
2024-07-13,true,128,0.21666666666666667,0.21693197605951461,0.218248994073966,0.22569075033737349
2024-07-13,true,128,0.225,0.22612701164010962,0.22622619207824757,0.2327660467266563
2024-07-13,true,128,0.23333333333333334,0.23364662559435198,0.23371619138577562,0.23972215485952164
2024-07-13,true,128,0.24166666666666667,0.24349800303378366,0.24141764296461865,0.24689053992866097
2024-07-13,true,128,0.25,0.2514784468186315,0.24962867992749982,0.2539100357993649
2024-07-13,true,128,0.2583333333333333,0.25972708174228765,0.2581343333237014,0.26109890593350066
2024-07-13,true,128,0.26666666666666666,0.2685028059574006,0.2668524488789827,0.2682433695707892
2024-07-13,true,128,0.275,0.2771182937069816,0.2752431804626674,0.27536064893179873
2024-07-13,true,128,0.2833333333333333,0.28409481867028685,0.28439348539976866,0.282470404407206
2024-07-13,true,128,0.2916666666666667,0.29325779348603825,0.2935094849967925,0.2897008513999495
2024-07-13,true,128,0.3,0.3000790358137255,0.3029111945960467,0.2967519372429887
2024-07-13,true,128,0.30833333333333335,0.30964153719041154,0.3126426744395386,0.3038534351177106
2024-07-13,true,128,0.31666666666666665,0.31696109757017066,0.3126426744395386,0.304033429626442
2024-07-13,true,128,0.325,0.32727634908331443,0.32308721707753174,0.3111990071616058
2024-07-13,true,128,0.3333333333333333,0.3352366523986982,0.3336165247257555,0.3183237668815482
2024-07-13,true,128,0.3416666666666667,0.3432313648314155,0.3441471847621056,0.32530041265341136
2024-07-13,true,128,0.35,0.3515694903493762,0.3555147963515437,0.33246257425384845
2024-07-13,true,128,0.35833333333333334,0.3600374940297024,0.3555147963515437,0.33254004603459514
2024-07-13,true,128,0.36666666666666664,0.36884643848549764,0.36713897964867276,0.3395901764200627
2024-07-13,true,128,0.375,0.3780741667866164,0.37952452969330175,0.3465852027777409
2024-07-13,true,128,0.3833333333333333,0.3840985024116934,0.37952452969330175,0.3466154099905796
2024-07-13,true,128,0.39166666666666666,0.3935771564661859,0.3920434469826525,0.35360356091255035
2024-07-13,true,128,0.4,0.40314773666161974,0.4041042160571211,0.3605175897625915
2024-07-13,true,128,0.4083333333333333,0.40981997628731415,0.4041042160571211,0.3606346869083347
2024-07-13,true,128,0.4166666666666667,0.4167206935707705,0.41723325933155614,0.36743833176049234
2024-07-13,true,128,0.425,0.4271003234689781,0.43161224097171097,0.3743100918608336
2024-07-13,true,128,0.43333333333333335,0.4340406082493597,0.43161224097171097,0.37436134367407436
2024-07-13,true,128,0.44166666666666665,0.44493592758752915,0.4466675130473346,0.3812214663921065
2024-07-13,true,128,0.45,0.45241625788298007,0.4466675130473346,0.38129297802734513
2024-07-13,true,128,0.4583333333333333,0.4603008973388234,0.4612873146949402,0.38797676765896666
2024-07-13,true,128,0.4666666666666667,0.46836670214095016,0.4612873146949402,0.3880050817610388
2024-07-13,true,128,0.475,0.4766829614517528,0.477426794175743,0.39464684053942034
2024-07-13,true,128,0.48333333333333334,0.4851472174953924,0.477426794175743,0.394712901543224
2024-07-13,true,128,0.49166666666666664,0.49405772016542293,0.4948642053946249,0.4013585284221648
2024-07-13,true,128,0.5,0.5028712548624572,0.4948642053946249,0.4014065861680483
2024-07-13,true,128,0.5083333333333333,0.5122606654739819,0.5136615143920868,0.40792535951748515
2024-07-13,true,128,0.5166666666666666,0.5169800181694696,0.5136615143920868,0.4079336953650472
2024-07-13,true,128,0.525,0.5268510114198898,0.5336714608130708,0.4143500357797465
2024-07-13,true,128,0.5333333333333333,0.5369248787008324,0.5336714608130708,0.41445405289947895
2024-07-13,true,128,0.5416666666666666,0.5419777888747666,0.5336714608130708,0.4144561058506017
2024-07-13,true,128,0.55,0.5527532898244641,0.5558947118488601,0.4208071665945103
2024-07-13,true,128,0.5583333333333333,0.563858728000827,0.5558947118488601,0.4208885640598246
2024-07-13,true,128,0.5666666666666667,0.5700224553920356,0.5804355572961057,0.4271321916062942
2024-07-13,true,128,0.575,0.5761209832285686,0.5804355572961057,0.42716394939910257
2024-07-13,true,128,0.5833333333333334,0.5883398519185863,0.5804355572961057,0.42719651364449884
2024-07-13,true,128,0.5916666666666667,0.5949676674565751,0.6069645050429072,0.43330149005946406
2024-07-13,true,128,0.6,0.6018440070458727,0.6069645050429072,0.43330196790591796
2024-07-13,true,128,0.6083333333333333,0.6085950201293611,0.6069645050429072,0.43330867819754215
2024-07-13,true,128,0.6166666666666667,0.6219489747621076,0.6327340035695507,0.43933744237427863
2024-07-13,true,128,0.625,0.6285625610457056,0.6327340035695507,0.4393397215259327
2024-07-13,true,128,0.6333333333333333,0.6353916265757823,0.6327340035695507,0.4393501710746843
2024-07-13,true,128,0.6416666666666666,0.6419763656193389,0.6327340035695507,0.43944316346646745
2024-07-13,true,128,0.65,0.6549717543901052,0.6597310448312012,0.4454048553250211
2024-07-13,true,128,0.6583333333333333,0.6617853827289378,0.6597310448312012,0.44546813391167595
2024-07-13,true,128,0.6666666666666666,0.6684691898774304,0.6597310448312012,0.44548975978455574
2024-07-13,true,128,0.675,0.6751226548153847,0.6860133423522629,0.4513533698809508
2024-07-13,true,128,0.6833333333333333,0.6886516214954564,0.6860133423522629,0.4513662341259236
2024-07-13,true,128,0.6916666666666667,0.695528326100301,0.6860133423522629,0.4513682216622664
2024-07-13,true,128,0.7,0.7021515631149537,0.7125660078795782,0.4571346414482085
2024-07-13,true,128,0.7083333333333334,0.7088202771472781,0.7125660078795782,0.457151770079743
2024-07-13,true,128,0.7166666666666667,0.7225491959001716,0.7125660078795782,0.45719130404374086
2024-07-13,true,128,0.725,0.7289750788839706,0.7386228067781706,0.4628605813634282
2024-07-13,true,128,0.7333333333333333,0.7354742506856774,0.7386228067781706,0.46288716714501904
2024-07-13,true,128,0.7416666666666667,0.7416969493557369,0.7386228067781706,0.4629067364918636
2024-07-13,true,128,0.75,0.7540545317721966,0.7635582614764194,0.4685323295013766
2024-07-13,true,128,0.7583333333333333,0.7598180737000214,0.7635582614764194,0.4685730412399394
2024-07-13,true,128,0.7666666666666666,0.7718228774718103,0.7635582614764194,0.46860604394145167
2024-07-13,true,128,0.775,0.777415862690173,0.7868340369208141,0.47408308115200165
2024-07-13,true,128,0.7833333333333333,0.7887755557145366,0.7868340369208141,0.47416089747639784
2024-07-13,true,128,0.7916666666666666,0.7945585758782822,0.7868340369208141,0.47417806182814753
2024-07-13,true,128,0.8,0.8050422377216537,0.8088093145640874,0.47959606184424813
2024-07-13,true,128,0.8083333333333333,0.810500378163257,0.8088093145640874,0.4796071534444658
2024-07-13,true,128,0.8166666666666667,0.8213946915454394,0.8286871359218378,0.4849475732260848
2024-07-13,true,128,0.825,0.8264958188978511,0.8286871359218378,0.4849691002579881
2024-07-13,true,128,0.8333333333333334,0.836286383105249,0.8286871359218378,0.48503350481458746
2024-07-13,true,128,0.8416666666666667,0.8462434877036998,0.8482273842526734,0.4902253526926163
2024-07-13,true,128,0.85,0.8511852838341967,0.8482273842526734,0.4902695595944478
2024-07-13,true,128,0.8583333333333333,0.8606865818682242,0.8671271153577033,0.4953208560393887
2024-07-13,true,128,0.8666666666666667,0.8700805118948953,0.8671271153577033,0.4953406253152018
2024-07-13,true,128,0.875,0.8793081940239954,0.8849329288231983,0.5003176427298357
2024-07-13,true,128,0.8833333333333333,0.883846365192288,0.8849329288231983,0.5003561786879382
2024-07-13,true,128,0.8916666666666666,0.892741229174561,0.8849329288231983,0.5003857167282111
2024-07-13,true,128,0.9,0.9011826640562574,0.9028721085323076,0.5052183598931219
2024-07-13,true,128,0.9083333333333333,0.9096249899511123,0.9028721085323076,0.5053056709493876
2024-07-13,true,128,0.9166666666666666,0.9179561348002111,0.9197551745216623,0.5099328641324948
2024-07-13,true,128,0.9249999999999999,0.9264245789285902,0.9197551745216623,0.5100083520192822
2024-07-13,true,128,0.9333333333333333,0.9346574430688781,0.935413970856267,0.5145485282387646
2024-07-13,true,128,0.9416666666666667,0.9427329446431372,0.935413970856267,0.5145541478439235
2024-07-13,true,128,0.95,0.953552813420162,0.9498770968075516,0.5189103875448277
2024-07-13,true,128,0.9583333333333334,0.9604461910718383,0.9633966439971305,0.5231789535091483
2024-07-13,true,128,0.9666666666666667,0.9669609597268799,0.9633966439971305,0.523241501470232
2024-07-13,true,128,0.975,0.9755907537685955,0.974830206147922,0.5272092206393412
2024-07-13,true,128,0.9833333333333333,0.9848990493953382,0.9829606930872957,0.5312312884404927
2024-07-13,true,128,0.9916666666666667,0.9919129355104506,0.9894295740516394,0.5346208961669883
2024-07-13,true,128,1.0,1.000000000000002,0.9953613416758645,inf
2024-07-13,true,256,0.0,0.0,0.0,-inf
2024-07-13,true,256,0.008333333333333333,0.008459201267680167,0.009088218668423964,0.00675771430103984
2024-07-13,true,256,0.016666666666666666,0.016901111370132137,0.018027294842079097,0.014233002963559123
2024-07-13,true,256,0.025,0.02524731278008614,0.026342708399216243,0.021584637682588784
2024-07-13,true,256,0.03333333333333333,0.03361216121229442,0.03568760941041385,0.030348954706807988
2024-07-13,true,256,0.041666666666666664,0.04245570376141547,0.04410726222077919,0.04041536949313274
2024-07-13,true,256,0.05,0.05006927894236844,0.05175144330680123,0.04794971170440791
2024-07-13,true,256,0.058333333333333334,0.059229045635660484,0.061129111306062356,0.05621514444038419
2024-07-13,true,256,0.06666666666666667,0.0666880652717593,0.06939877528933872,0.06478560852379162
2024-07-13,true,256,0.075,0.07518521481581991,0.07562440560534764,0.07407856767475132
2024-07-13,true,256,0.08333333333333333,0.08404353625890756,0.08462416405176808,0.08386114195399712
2024-07-13,true,256,0.09166666666666666,0.09221059170815905,0.0912073847924545,0.0890796203643128
2024-07-13,true,256,0.1,0.10048521862298676,0.09848722021635524,0.0995739400704382
2024-07-13,true,256,0.10833333333333334,0.10912899164703929,0.10787566466037624,0.1105396709009911
2024-07-13,true,256,0.11666666666666667,0.11669659118623431,0.115693162334482,0.11631569064859287
2024-07-13,true,256,0.125,0.12588919939130364,0.12306483803076874,0.12789267384969294
2024-07-13,true,256,0.13333333333333333,0.13411572931306126,0.13370323614435894,0.13990140124973482
2024-07-13,true,256,0.14166666666666666,0.14252265837747521,0.1394271865746168,0.1460684200385013
2024-07-13,true,256,0.15,0.15102948483605905,0.1507388312320981,0.15865578279606085
2024-07-13,true,256,0.15833333333333333,0.1585514196149514,0.15670933988195987,0.16507967566786405
2024-07-13,true,256,0.16666666666666666,0.16775223298147618,0.16263698716804173,0.17166349142204923
2024-07-13,true,256,0.175,0.1759748613110406,0.17486568486282938,0.1847102670867746
2024-07-13,true,256,0.18333333333333332,0.18431096182477635,0.1814899517352499,0.19143650559997347
2024-07-13,true,256,0.19166666666666665,0.19269988836997787,0.18803844455968075,0.1982651996860889
2024-07-13,true,256,0.2,0.20119658804893387,0.1945673430617665,0.20509875310388365
2024-07-13,true,256,0.20833333333333334,0.2099366311059565,0.20823445325312476,0.2187033701919005
2024-07-13,true,256,0.21666666666666667,0.21693197605951461,0.21518571964981725,0.22569075033737349
2024-07-13,true,256,0.225,0.22612701164010962,0.22307483532465597,0.2327660467266563
2024-07-13,true,256,0.23333333333333334,0.23364662559435198,0.23049812689769617,0.23972215485952164
2024-07-13,true,256,0.24166666666666667,0.24349800303378366,0.23776712423728705,0.24689053992866097
2024-07-13,true,256,0.25,0.2514784468186315,0.24620339055521678,0.2539100357993649
2024-07-13,true,256,0.2583333333333333,0.25972708174228765,0.25454540137876597,0.26109890593350066
2024-07-13,true,256,0.26666666666666666,0.2685028059574006,0.2634315772753794,0.2682433695707892
2024-07-13,true,256,0.275,0.2771182937069816,0.271638246367641,0.27536064893179873
2024-07-13,true,256,0.2833333333333333,0.28409481867028685,0.28034060578511116,0.282470404407206
2024-07-13,true,256,0.2916666666666667,0.29325779348603825,0.2894777326405136,0.2897008513999495
2024-07-13,true,256,0.3,0.3000790358137255,0.2990166181265986,0.2967519372429887
2024-07-13,true,256,0.30833333333333335,0.30964153719041154,0.30853367577185614,0.3038534351177106
2024-07-13,true,256,0.31666666666666665,0.31696109757017066,0.30853367577185614,0.304033429626442
2024-07-13,true,256,0.325,0.32727634908331443,0.31868262751679705,0.3111990071616058
2024-07-13,true,256,0.3333333333333333,0.3352366523986982,0.3292410776635379,0.3183237668815482
2024-07-13,true,256,0.3416666666666667,0.3432313648314155,0.3393978382155007,0.32530041265341136
2024-07-13,true,256,0.35,0.3515694903493762,0.35090074495476353,0.33246257425384845
2024-07-13,true,256,0.35833333333333334,0.3600374940297024,0.35090074495476353,0.33254004603459514
2024-07-13,true,256,0.36666666666666664,0.36884643848549764,0.3622400870681786,0.3395901764200627
2024-07-13,true,256,0.375,0.3780741667866164,0.3740496699704742,0.3465852027777409
2024-07-13,true,256,0.3833333333333333,0.3840985024116934,0.3740496699704742,0.3466154099905796
2024-07-13,true,256,0.39166666666666666,0.3935771564661859,0.38667017710671076,0.35360356091255035
2024-07-13,true,256,0.4,0.40314773666161974,0.39875901214804643,0.3605175897625915
2024-07-13,true,256,0.4083333333333333,0.40981997628731415,0.39875901214804643,0.3606346869083347
2024-07-13,true,256,0.4166666666666667,0.4167206935707705,0.41132601367377924,0.36743833176049234
2024-07-13,true,256,0.425,0.4271003234689781,0.4252337798314641,0.3743100918608336
2024-07-13,true,256,0.43333333333333335,0.4340406082493597,0.4252337798314641,0.37436134367407436
2024-07-13,true,256,0.44166666666666665,0.44493592758752915,0.4401391060267101,0.3812214663921065
2024-07-13,true,256,0.45,0.45241625788298007,0.4401391060267101,0.38129297802734513
2024-07-13,true,256,0.4583333333333333,0.4603008973388234,0.45522150122499844,0.38797676765896666
2024-07-13,true,256,0.4666666666666667,0.46836670214095016,0.45522150122499844,0.3880050817610388
2024-07-13,true,256,0.475,0.4766829614517528,0.470527995667874,0.39464684053942034
2024-07-13,true,256,0.48333333333333334,0.4851472174953924,0.470527995667874,0.394712901543224
2024-07-13,true,256,0.49166666666666664,0.49405772016542293,0.48723948777845966,0.4013585284221648
2024-07-13,true,256,0.5,0.5028712548624572,0.48723948777845966,0.4014065861680483
2024-07-13,true,256,0.5083333333333333,0.5122606654739819,0.5055131022884846,0.40792535951748515
2024-07-13,true,256,0.5166666666666666,0.5169800181694696,0.5055131022884846,0.4079336953650472
2024-07-13,true,256,0.525,0.5268510114198898,0.5247708606474103,0.4143500357797465
2024-07-13,true,256,0.5333333333333333,0.5369248787008324,0.5247708606474103,0.41445405289947895
2024-07-13,true,256,0.5416666666666666,0.5419777888747666,0.5247708606474103,0.4144561058506017
2024-07-13,true,256,0.55,0.5527532898244641,0.5465572656645026,0.4208071665945103
2024-07-13,true,256,0.5583333333333333,0.563858728000827,0.5465572656645026,0.4208885640598246
2024-07-13,true,256,0.5666666666666667,0.5700224553920356,0.5701060748297389,0.4271321916062942
2024-07-13,true,256,0.575,0.5761209832285686,0.5701060748297389,0.42716394939910257
2024-07-13,true,256,0.5833333333333334,0.5883398519185863,0.5701060748297389,0.42719651364449884
2024-07-13,true,256,0.5916666666666667,0.5949676674565751,0.5961114237867671,0.43330149005946406
2024-07-13,true,256,0.6,0.6018440070458727,0.5961114237867671,0.43330196790591796
2024-07-13,true,256,0.6083333333333333,0.6085950201293611,0.5961114237867671,0.43330867819754215
2024-07-13,true,256,0.6166666666666667,0.6219489747621076,0.6231026308901241,0.43933744237427863
2024-07-13,true,256,0.625,0.6285625610457056,0.6231026308901241,0.4393397215259327
2024-07-13,true,256,0.6333333333333333,0.6353916265757823,0.6231026308901241,0.4393501710746843
2024-07-13,true,256,0.6416666666666666,0.6419763656193389,0.6231026308901241,0.43944316346646745
2024-07-13,true,256,0.65,0.6549717543901052,0.6492854173783607,0.4454048553250211
2024-07-13,true,256,0.6583333333333333,0.6617853827289378,0.6492854173783607,0.44546813391167595
2024-07-13,true,256,0.6666666666666666,0.6684691898774304,0.6492854173783607,0.44548975978455574
2024-07-13,true,256,0.675,0.6751226548153847,0.6758705058140595,0.4513533698809508
2024-07-13,true,256,0.6833333333333333,0.6886516214954564,0.6758705058140595,0.4513662341259236
2024-07-13,true,256,0.6916666666666667,0.695528326100301,0.6758705058140595,0.4513682216622664
2024-07-13,true,256,0.7,0.7021515631149537,0.7032073310196936,0.4571346414482085
2024-07-13,true,256,0.7083333333333334,0.7088202771472781,0.7032073310196936,0.457151770079743
2024-07-13,true,256,0.7166666666666667,0.7225491959001716,0.7032073310196936,0.45719130404374086
2024-07-13,true,256,0.725,0.7289750788839706,0.7295347674587306,0.4628605813634282
2024-07-13,true,256,0.7333333333333333,0.7354742506856774,0.7295347674587306,0.46288716714501904
2024-07-13,true,256,0.7416666666666667,0.7416969493557369,0.7295347674587306,0.4629067364918636
2024-07-13,true,256,0.75,0.7540545317721966,0.7553489994408146,0.4685323295013766
2024-07-13,true,256,0.7583333333333333,0.7598180737000214,0.7553489994408146,0.4685730412399394
2024-07-13,true,256,0.7666666666666666,0.7718228774718103,0.7553489994408146,0.46860604394145167
2024-07-13,true,256,0.775,0.777415862690173,0.7792542891049197,0.47408308115200165
2024-07-13,true,256,0.7833333333333333,0.7887755557145366,0.7792542891049197,0.47416089747639784
2024-07-13,true,256,0.7916666666666666,0.7945585758782822,0.7792542891049197,0.47417806182814753
2024-07-13,true,256,0.8,0.8050422377216537,0.8013027184071251,0.47959606184424813
2024-07-13,true,256,0.8083333333333333,0.810500378163257,0.8013027184071251,0.4796071534444658
2024-07-13,true,256,0.8166666666666667,0.8213946915454394,0.8223680077536889,0.4849475732260848
2024-07-13,true,256,0.825,0.8264958188978511,0.8223680077536889,0.4849691002579881
2024-07-13,true,256,0.8333333333333334,0.836286383105249,0.8223680077536889,0.48503350481458746
2024-07-13,true,256,0.8416666666666667,0.8462434877036998,0.8420963139214968,0.4902253526926163
2024-07-13,true,256,0.85,0.8511852838341967,0.8420963139214968,0.4902695595944478
2024-07-13,true,256,0.8583333333333333,0.8606865818682242,0.8614497895732102,0.4953208560393887
2024-07-13,true,256,0.8666666666666667,0.8700805118948953,0.8614497895732102,0.4953406253152018
2024-07-13,true,256,0.875,0.8793081940239954,0.8798066435336847,0.5003176427298357
2024-07-13,true,256,0.8833333333333333,0.883846365192288,0.8798066435336847,0.5003561786879382
2024-07-13,true,256,0.8916666666666666,0.892741229174561,0.8798066435336847,0.5003857167282111
2024-07-13,true,256,0.9,0.9011826640562574,0.8976115229726482,0.5052183598931219
2024-07-13,true,256,0.9083333333333333,0.9096249899511123,0.8976115229726482,0.5053056709493876
2024-07-13,true,256,0.9166666666666666,0.9179561348002111,0.9152116975083253,0.5099328641324948
2024-07-13,true,256,0.9249999999999999,0.9264245789285902,0.9152116975083253,0.5100083520192822
2024-07-13,true,256,0.9333333333333333,0.9346574430688781,0.9313071618946237,0.5145485282387646
2024-07-13,true,256,0.9416666666666667,0.9427329446431372,0.9313071618946237,0.5145541478439235
2024-07-13,true,256,0.95,0.953552813420162,0.9464701211061691,0.5189103875448277
2024-07-13,true,256,0.9583333333333334,0.9604461910718383,0.9604669439048756,0.5231789535091483
2024-07-13,true,256,0.9666666666666667,0.9669609597268799,0.9604669439048756,0.523241501470232
2024-07-13,true,256,0.975,0.9755907537685955,0.9728854996644122,0.5272092206393412
2024-07-13,true,256,0.9833333333333333,0.9848990493953382,0.9814852186386246,0.5312312884404927
2024-07-13,true,256,0.9916666666666667,0.9919129355104506,0.9855985157194461,0.5346208961669883
2024-07-13,true,256,1.0,1.000000000000002,0.9953613416758698,inf
2024-07-13,microergodic_preserved_2x,128,0.0,0.0,0.0,-inf
2024-07-13,microergodic_preserved_2x,128,0.008333333333333333,0.008660025813951101,0.005802045495914465,0.005176569867628783
2024-07-13,microergodic_preserved_2x,128,0.016666666666666666,0.016697417278384773,0.013057361302461138,0.011923544855865052
2024-07-13,microergodic_preserved_2x,128,0.025,0.02570009132114791,0.022747195950792356,0.02126307380604732
2024-07-13,microergodic_preserved_2x,128,0.03333333333333333,0.0340204312008594,0.028420391035365807,0.027075881694424434
2024-07-13,microergodic_preserved_2x,128,0.041666666666666664,0.041783319829269805,0.037499659280862026,0.03674253759699893
2024-07-13,microergodic_preserved_2x,128,0.05,0.050173858198107164,0.04441516194362966,0.043972550228871435
2024-07-13,microergodic_preserved_2x,128,0.058333333333333334,0.05903046145381084,0.05132979489138992,0.0518803713182817
2024-07-13,microergodic_preserved_2x,128,0.06666666666666667,0.06733069337708023,0.05914750197735844,0.06022974074741128
2024-07-13,microergodic_preserved_2x,128,0.075,0.07573968905713309,0.06675162045832142,0.06924752792249084
2024-07-13,microergodic_preserved_2x,128,0.08333333333333333,0.08334424237164469,0.07518542261652385,0.0788381649390721
2024-07-13,microergodic_preserved_2x,128,0.09166666666666666,0.09252419663867371,0.08374328629751457,0.0887984767122498
2024-07-13,microergodic_preserved_2x,128,0.1,0.10080222698705299,0.09275543533665673,0.09931932672063605
2024-07-13,microergodic_preserved_2x,128,0.10833333333333334,0.10938705558130757,0.09745807838851332,0.10488410169509546
2024-07-13,microergodic_preserved_2x,128,0.11666666666666667,0.11683553613064816,0.10732525785979426,0.11609377366667119
2024-07-13,microergodic_preserved_2x,128,0.125,0.1258736157164091,0.11721768762642147,0.12765131484692868
2024-07-13,microergodic_preserved_2x,128,0.13333333333333333,0.13395153344286576,0.12232342322404606,0.13367036898192708
2024-07-13,microergodic_preserved_2x,128,0.14166666666666666,0.14233558336447436,0.1333178584187804,0.14574487956021406
2024-07-13,microergodic_preserved_2x,128,0.15,0.15084605895270112,0.13878778177736945,0.1521555434254335
2024-07-13,microergodic_preserved_2x,128,0.15833333333333333,0.15972247301973136,0.15029663524936332,0.1647775579623381
2024-07-13,microergodic_preserved_2x,128,0.16666666666666666,0.16738632177566976,0.15623044399906405,0.17135875566611622
2024-07-13,microergodic_preserved_2x,128,0.175,0.17531668201673056,0.162403076583789,0.1778953685870509
2024-07-13,microergodic_preserved_2x,128,0.18333333333333332,0.18368684926778597,0.16866708215659776,0.1845716341935101
2024-07-13,microergodic_preserved_2x,128,0.19166666666666665,0.19187392209434273,0.1814715239319588,0.197790857697575
2024-07-13,microergodic_preserved_2x,128,0.2,0.20050173141211938,0.18785623944335306,0.20480991338114993
2024-07-13,microergodic_preserved_2x,128,0.20833333333333334,0.20907882772037079,0.19478624624119628,0.21165335149671807
2024-07-13,microergodic_preserved_2x,128,0.21666666666666667,0.21774431581365414,0.20152173742412136,0.2186547987568196
2024-07-13,microergodic_preserved_2x,128,0.225,0.22690943432971686,0.2164486631718371,0.2325256697161358
2024-07-13,microergodic_preserved_2x,128,0.23333333333333334,0.234400864102497,0.22370417702367362,0.23948501752517187
2024-07-13,microergodic_preserved_2x,128,0.24166666666666667,0.2421752130992052,0.2318833442720125,0.2465483154625699
2024-07-13,microergodic_preserved_2x,128,0.25,0.2501540044835723,0.23990701483614482,0.2536532004249135
2024-07-13,microergodic_preserved_2x,128,0.2583333333333333,0.2602256278347859,0.24841844706680224,0.2608077730895513
2024-07-13,microergodic_preserved_2x,128,0.26666666666666666,0.2667565022383439,0.2567678609506303,0.26788192970619035
2024-07-13,microergodic_preserved_2x,128,0.275,0.27539436094332115,0.2651645263006118,0.27501049635798047
2024-07-13,microergodic_preserved_2x,128,0.2833333333333333,0.28440173342942593,0.2742723240651398,0.28206420966893936
2024-07-13,microergodic_preserved_2x,128,0.2916666666666667,0.2934295732847397,0.28341188662992145,0.2893741232441756
2024-07-13,microergodic_preserved_2x,128,0.3,0.3004227227132904,0.28341188662992145,0.2895146055976739
2024-07-13,microergodic_preserved_2x,128,0.30833333333333335,0.3100252995180202,0.2926736581971301,0.2966128235147235
2024-07-13,microergodic_preserved_2x,128,0.31666666666666665,0.3172090655779855,0.30246173709350926,0.3037561294770176
2024-07-13,microergodic_preserved_2x,128,0.325,0.3272237804854052,0.31276633498379225,0.3108760138865547
2024-07-13,microergodic_preserved_2x,128,0.3333333333333333,0.33520607065258257,0.32311451378620437,0.31801757538467734
2024-07-13,microergodic_preserved_2x,128,0.3416666666666667,0.34313078283973786,0.33386815681958926,0.3250283480456104
2024-07-13,microergodic_preserved_2x,128,0.35,0.35138717463064545,0.33386815681958926,0.32520463456487725
2024-07-13,microergodic_preserved_2x,128,0.35833333333333334,0.3598457620157567,0.34496878951383914,0.3322144357091144
2024-07-13,microergodic_preserved_2x,128,0.36666666666666664,0.3687248025634499,0.35643132779729697,0.33931816466338866
2024-07-13,microergodic_preserved_2x,128,0.375,0.3775982069519382,0.36882248417638464,0.3462485197104773
2024-07-13,microergodic_preserved_2x,128,0.3833333333333333,0.38373902345616756,0.36882248417638464,0.3463526512649728
2024-07-13,microergodic_preserved_2x,128,0.39166666666666666,0.3933052157195968,0.3811067028933935,0.3533363054867035
2024-07-13,microergodic_preserved_2x,128,0.4,0.40285208048177457,0.3931557920951893,0.3602870090710704
2024-07-13,microergodic_preserved_2x,128,0.4083333333333333,0.40923898646325557,0.3931557920951893,0.3603060288635111
2024-07-13,microergodic_preserved_2x,128,0.4166666666666667,0.41941132799056163,0.40640239432162345,0.36718903717017654
2024-07-13,microergodic_preserved_2x,128,0.425,0.4262867209432246,0.40640239432162345,0.3672896086116753
2024-07-13,microergodic_preserved_2x,128,0.43333333333333335,0.4333887267073125,0.42081677757789687,0.37412242098525017
2024-07-13,microergodic_preserved_2x,128,0.44166666666666665,0.4440635277617628,0.4357957122600555,0.3808775954953534
2024-07-13,microergodic_preserved_2x,128,0.45,0.45137723657487594,0.4357957122600555,0.3810222543378077
2024-07-13,microergodic_preserved_2x,128,0.4583333333333333,0.4591120328866144,0.4502591173010991,0.3876433818453143
2024-07-13,microergodic_preserved_2x,128,0.4666666666666667,0.4671329545543206,0.4502591173010991,0.38773618227571094
2024-07-13,microergodic_preserved_2x,128,0.475,0.47526234791913335,0.4662975245670854,0.3943510474988402
2024-07-13,microergodic_preserved_2x,128,0.48333333333333334,0.48372027102761045,0.4662975245670854,0.3944253841085212
2024-07-13,microergodic_preserved_2x,128,0.49166666666666664,0.4923032352724171,0.4839227236433444,0.40105241926608814
2024-07-13,microergodic_preserved_2x,128,0.5,0.5011315657645771,0.4839227236433444,0.4010714338542658
2024-07-13,microergodic_preserved_2x,128,0.5083333333333333,0.5104049173318107,0.5025873188473349,0.4076175784402383
2024-07-13,microergodic_preserved_2x,128,0.5166666666666666,0.5198224358684919,0.5025873188473349,0.40764662041424765
2024-07-13,microergodic_preserved_2x,128,0.525,0.5297020253231174,0.5227893112007156,0.414086544826281
2024-07-13,microergodic_preserved_2x,128,0.5333333333333333,0.5350359055003516,0.5227893112007156,0.41414137583314725
2024-07-13,microergodic_preserved_2x,128,0.5416666666666666,0.5449151677647632,0.5227893112007156,0.4141794430949475
2024-07-13,microergodic_preserved_2x,128,0.55,0.550257990255859,0.5449127473121864,0.4205041816327578
2024-07-13,microergodic_preserved_2x,128,0.5583333333333333,0.5611240512162268,0.5449127473121864,0.42054458925585747
2024-07-13,microergodic_preserved_2x,128,0.5666666666666667,0.5668092980997667,0.5449127473121864,0.42058509911571534
2024-07-13,microergodic_preserved_2x,128,0.575,0.5791943773947279,0.5694942051855174,0.4268601882894554
2024-07-13,microergodic_preserved_2x,128,0.5833333333333334,0.5853057207870935,0.5694942051855174,0.4268661893430712
2024-07-13,microergodic_preserved_2x,128,0.5916666666666667,0.5980995017291654,0.5959446266065029,0.4329851038900879
2024-07-13,microergodic_preserved_2x,128,0.6,0.6047279396363705,0.5959446266065029,0.4330051506581151
2024-07-13,microergodic_preserved_2x,128,0.6083333333333333,0.6116070463622998,0.5959446266065029,0.4330056921743405
2024-07-13,microergodic_preserved_2x,128,0.6166666666666667,0.6184011055069898,0.5959446266065029,0.43304362675202457
2024-07-13,microergodic_preserved_2x,128,0.625,0.6317002658739099,0.621395697248412,0.4390455288040679
2024-07-13,microergodic_preserved_2x,128,0.6333333333333333,0.638207108079718,0.621395697248412,0.4390547706239774
2024-07-13,microergodic_preserved_2x,128,0.6416666666666666,0.6447960830370542,0.621395697248412,0.43913398146125265
2024-07-13,microergodic_preserved_2x,128,0.65,0.6512924488592743,0.6480845504257942,0.445113904281265
2024-07-13,microergodic_preserved_2x,128,0.6583333333333333,0.6645056686138616,0.6480845504257942,0.4451581431021187
2024-07-13,microergodic_preserved_2x,128,0.6666666666666666,0.6711881532432832,0.6480845504257942,0.4451914927087608
2024-07-13,microergodic_preserved_2x,128,0.675,0.6778899349371437,0.6743722405722179,0.451065784528619
2024-07-13,microergodic_preserved_2x,128,0.6833333333333333,0.6846189142598172,0.6743722405722179,0.45106679572956004
2024-07-13,microergodic_preserved_2x,128,0.6916666666666667,0.6980134439982829,0.6743722405722179,0.4510823304005097
2024-07-13,microergodic_preserved_2x,128,0.7,0.7045647999076055,0.7005229902909043,0.4568402386843777
2024-07-13,microergodic_preserved_2x,128,0.7083333333333334,0.7111619071357916,0.7005229902909043,0.45685416516851474
2024-07-13,microergodic_preserved_2x,128,0.7166666666666667,0.7180580528414954,0.7005229902909043,0.456895409150407
2024-07-13,microergodic_preserved_2x,128,0.725,0.7312019029007466,0.7263201488918636,0.46256983817183506
2024-07-13,microergodic_preserved_2x,128,0.7333333333333333,0.7375527727656359,0.7263201488918636,0.4625768308698199
2024-07-13,microergodic_preserved_2x,128,0.7416666666666667,0.7437180086828201,0.7263201488918636,0.46261305495157645
2024-07-13,microergodic_preserved_2x,128,0.75,0.7502323812097911,0.7263201488918636,0.4626267480946734
2024-07-13,microergodic_preserved_2x,128,0.7583333333333333,0.7617176893741858,0.7510376477815117,0.4682879486917136
2024-07-13,microergodic_preserved_2x,128,0.7666666666666666,0.7678008303311931,0.7510376477815117,0.46829204989036693
2024-07-13,microergodic_preserved_2x,128,0.775,0.7792167822885635,0.7740697428180058,0.4737890790614346
2024-07-13,microergodic_preserved_2x,128,0.7833333333333333,0.7848297020903567,0.7740697428180058,0.4738034510617683
2024-07-13,microergodic_preserved_2x,128,0.7916666666666666,0.7962444644710647,0.7740697428180058,0.4738719097094328
2024-07-13,microergodic_preserved_2x,128,0.8,0.8014600387598138,0.7959677888239235,0.47926986645926695
2024-07-13,microergodic_preserved_2x,128,0.8083333333333333,0.8120349438465315,0.7959677888239235,0.4792957768774991
2024-07-13,microergodic_preserved_2x,128,0.8166666666666667,0.8176712046190242,0.7959677888239235,0.47934699420295696
2024-07-13,microergodic_preserved_2x,128,0.825,0.827910534209404,0.8156236850979489,0.4846573628073999
2024-07-13,microergodic_preserved_2x,128,0.8333333333333334,0.8376789133561482,0.8156236850979489,0.4847481180680176
2024-07-13,microergodic_preserved_2x,128,0.8416666666666667,0.8426902593383819,0.8350566186490611,0.4898889629256408
2024-07-13,microergodic_preserved_2x,128,0.85,0.8523401216770045,0.8350566186490611,0.48996463105872645
2024-07-13,microergodic_preserved_2x,128,0.8583333333333333,0.8619275160566177,0.8537852034311889,0.49501343523347113
2024-07-13,microergodic_preserved_2x,128,0.8666666666666667,0.8712407260743977,0.8537852034311889,0.495052401914678
2024-07-13,microergodic_preserved_2x,128,0.875,0.8758599624468212,0.8537852034311889,0.4950761255564838
2024-07-13,microergodic_preserved_2x,128,0.8833333333333333,0.8849063218662854,0.8713954844218859,0.5000501496968459
2024-07-13,microergodic_preserved_2x,128,0.8916666666666666,0.8937451390067391,0.8713954844218859,0.5000711222379223
2024-07-13,microergodic_preserved_2x,128,0.9,0.9021333716978963,0.8892857578752201,0.5049322491320845
2024-07-13,microergodic_preserved_2x,128,0.9083333333333333,0.9105521913727613,0.8892857578752201,0.5049950226175199
2024-07-13,microergodic_preserved_2x,128,0.9166666666666666,0.9188157502343651,0.9059913721552076,0.5096247598659986
2024-07-13,microergodic_preserved_2x,128,0.9249999999999999,0.9272528824235149,0.9059913721552076,0.5097063369677168
2024-07-13,microergodic_preserved_2x,128,0.9333333333333333,0.935435728488877,0.9215397301323679,0.5142236642194584
2024-07-13,microergodic_preserved_2x,128,0.9416666666666667,0.9434924126543217,0.9215397301323679,0.5142524406585216
2024-07-13,microergodic_preserved_2x,128,0.95,0.95058765480389,0.9357990316704886,0.5185768061781745
2024-07-13,microergodic_preserved_2x,128,0.9583333333333334,0.9609773035170495,0.9492212637431557,0.5228623701733002
2024-07-13,microergodic_preserved_2x,128,0.9666666666666667,0.9674204923928617,0.9492212637431557,0.5229419788807956
2024-07-13,microergodic_preserved_2x,128,0.975,0.9759237968354761,0.9604279695836212,0.5268857719487228
2024-07-13,microergodic_preserved_2x,128,0.9833333333333333,0.9851172162841725,0.9683501013311977,0.5309458366289926
2024-07-13,microergodic_preserved_2x,128,0.9916666666666667,0.9919253832220445,0.9747504266207034,0.5343168702779847
2024-07-13,microergodic_preserved_2x,128,1.0,1.0000000000000018,0.9806643742182637,inf
2024-07-13,microergodic_preserved_2x,256,0.0,0.0,0.0,-inf
2024-07-13,microergodic_preserved_2x,256,0.008333333333333333,0.008660025813951101,0.0059830898938261455,0.005176569867628783
2024-07-13,microergodic_preserved_2x,256,0.016666666666666666,0.016697417278384773,0.013346685336061788,0.011923544855865052
2024-07-13,microergodic_preserved_2x,256,0.025,0.02570009132114791,0.021815443216908804,0.02126307380604732
2024-07-13,microergodic_preserved_2x,256,0.03333333333333333,0.0340204312008594,0.02881151856658231,0.027075881694424434
2024-07-13,microergodic_preserved_2x,256,0.041666666666666664,0.041783319829269805,0.037855233087723546,0.03674253759699893
2024-07-13,microergodic_preserved_2x,256,0.05,0.050173858198107164,0.04479200775808468,0.043972550228871435
2024-07-13,microergodic_preserved_2x,256,0.058333333333333334,0.05903046145381084,0.051755214018644656,0.0518803713182817
2024-07-13,microergodic_preserved_2x,256,0.06666666666666667,0.06733069337708023,0.05768611494974704,0.06022974074741128
2024-07-13,microergodic_preserved_2x,256,0.075,0.07573968905713309,0.06524022961639167,0.06924752792249084
2024-07-13,microergodic_preserved_2x,256,0.08333333333333333,0.08334424237164469,0.07564817456098759,0.0788381649390721
2024-07-13,microergodic_preserved_2x,256,0.09166666666666666,0.09252419663867371,0.08198201274838035,0.0887984767122498
2024-07-13,microergodic_preserved_2x,256,0.1,0.10080222698705299,0.09097304356173849,0.09931932672063605
2024-07-13,microergodic_preserved_2x,256,0.10833333333333334,0.10938705558130757,0.09538236198058653,0.10488410169509546
2024-07-13,microergodic_preserved_2x,256,0.11666666666666667,0.11683553613064816,0.10542927293175339,0.11609377366667119
2024-07-13,microergodic_preserved_2x,256,0.125,0.1258736157164091,0.11508115078655975,0.12765131484692868
2024-07-13,microergodic_preserved_2x,256,0.13333333333333333,0.13395153344286576,0.12026019456056053,0.13367036898192708
2024-07-13,microergodic_preserved_2x,256,0.14166666666666666,0.14233558336447436,0.13105222531758234,0.14574487956021406
2024-07-13,microergodic_preserved_2x,256,0.15,0.15084605895270112,0.13659139843408977,0.1521555434254335
2024-07-13,microergodic_preserved_2x,256,0.15833333333333333,0.15972247301973136,0.1481067393373299,0.1647775579623381
2024-07-13,microergodic_preserved_2x,256,0.16666666666666666,0.16738632177566976,0.15388385290954654,0.17135875566611622
2024-07-13,microergodic_preserved_2x,256,0.175,0.17531668201673056,0.15991691419794868,0.1778953685870509
2024-07-13,microergodic_preserved_2x,256,0.18333333333333332,0.18368684926778597,0.16590022673428154,0.1845716341935101
2024-07-13,microergodic_preserved_2x,256,0.19166666666666665,0.19187392209434273,0.17876225967740259,0.197790857697575
2024-07-13,microergodic_preserved_2x,256,0.2,0.20050173141211938,0.185131706952983,0.20480991338114993
2024-07-13,microergodic_preserved_2x,256,0.20833333333333334,0.20907882772037079,0.19182288082617524,0.21165335149671807
2024-07-13,microergodic_preserved_2x,256,0.21666666666666667,0.21774431581365414,0.19862647292879057,0.2186547987568196
2024-07-13,microergodic_preserved_2x,256,0.225,0.22690943432971686,0.2134775965524985,0.2325256697161358
2024-07-13,microergodic_preserved_2x,256,0.23333333333333334,0.234400864102497,0.2208490269892588,0.23948501752517187
2024-07-13,microergodic_preserved_2x,256,0.24166666666666667,0.2421752130992052,0.22824734400974314,0.2465483154625699
2024-07-13,microergodic_preserved_2x,256,0.25,0.2501540044835723,0.2363805801757117,0.2536532004249135
2024-07-13,microergodic_preserved_2x,256,0.2583333333333333,0.2602256278347859,0.2446629533362746,0.2608077730895513
2024-07-13,microergodic_preserved_2x,256,0.26666666666666666,0.2667565022383439,0.25313701837627567,0.26788192970619035
2024-07-13,microergodic_preserved_2x,256,0.275,0.27539436094332115,0.26145811515247785,0.27501049635798047
2024-07-13,microergodic_preserved_2x,256,0.2833333333333333,0.28440173342942593,0.270465156532385,0.28206420966893936
2024-07-13,microergodic_preserved_2x,256,0.2916666666666667,0.2934295732847397,0.279446291128448,0.2893741232441756
2024-07-13,microergodic_preserved_2x,256,0.3,0.3004227227132904,0.279446291128448,0.2895146055976739
2024-07-13,microergodic_preserved_2x,256,0.30833333333333335,0.3100252995180202,0.2885264830378292,0.2966128235147235
2024-07-13,microergodic_preserved_2x,256,0.31666666666666665,0.3172090655779855,0.29806719499241474,0.3037561294770176
2024-07-13,microergodic_preserved_2x,256,0.325,0.3272237804854052,0.3083541847269814,0.3108760138865547
2024-07-13,microergodic_preserved_2x,256,0.3333333333333333,0.33520607065258257,0.3187053694645119,0.31801757538467734
2024-07-13,microergodic_preserved_2x,256,0.3416666666666667,0.34313078283973786,0.3289665649772783,0.3250283480456104
2024-07-13,microergodic_preserved_2x,256,0.35,0.35138717463064545,0.3289665649772783,0.32520463456487725
2024-07-13,microergodic_preserved_2x,256,0.35833333333333334,0.3598457620157567,0.3401480431979794,0.3322144357091144
2024-07-13,microergodic_preserved_2x,256,0.36666666666666664,0.3687248025634499,0.35167759251031605,0.33931816466338866
2024-07-13,microergodic_preserved_2x,256,0.375,0.3775982069519382,0.36364853299358324,0.3462485197104773
2024-07-13,microergodic_preserved_2x,256,0.3833333333333333,0.38373902345616756,0.36364853299358324,0.3463526512649728
2024-07-13,microergodic_preserved_2x,256,0.39166666666666666,0.3933052157195968,0.375948451964982,0.3533363054867035
2024-07-13,microergodic_preserved_2x,256,0.4,0.40285208048177457,0.3877334021085583,0.3602870090710704
2024-07-13,microergodic_preserved_2x,256,0.4083333333333333,0.40923898646325557,0.3877334021085583,0.3603060288635111
2024-07-13,microergodic_preserved_2x,256,0.4166666666666667,0.41941132799056163,0.40046921349499587,0.36718903717017654
2024-07-13,microergodic_preserved_2x,256,0.425,0.4262867209432246,0.40046921349499587,0.3672896086116753
2024-07-13,microergodic_preserved_2x,256,0.43333333333333335,0.4333887267073125,0.4142954140258261,0.37412242098525017
2024-07-13,microergodic_preserved_2x,256,0.44166666666666665,0.4440635277617628,0.42917274310654796,0.3808775954953534
2024-07-13,microergodic_preserved_2x,256,0.45,0.45137723657487594,0.42917274310654796,0.3810222543378077
2024-07-13,microergodic_preserved_2x,256,0.4583333333333333,0.4591120328866144,0.4439626377664043,0.3876433818453143
2024-07-13,microergodic_preserved_2x,256,0.4666666666666667,0.4671329545543206,0.4439626377664043,0.38773618227571094
2024-07-13,microergodic_preserved_2x,256,0.475,0.47526234791913335,0.4594864785716167,0.3943510474988402
2024-07-13,microergodic_preserved_2x,256,0.48333333333333334,0.48372027102761045,0.4594864785716167,0.3944253841085212
2024-07-13,microergodic_preserved_2x,256,0.49166666666666664,0.4923032352724171,0.47621841991679886,0.40105241926608814
2024-07-13,microergodic_preserved_2x,256,0.5,0.5011315657645771,0.47621841991679886,0.4010714338542658
2024-07-13,microergodic_preserved_2x,256,0.5083333333333333,0.5104049173318107,0.4945182040505369,0.4076175784402383
2024-07-13,microergodic_preserved_2x,256,0.5166666666666666,0.5198224358684919,0.4945182040505369,0.40764662041424765
2024-07-13,microergodic_preserved_2x,256,0.525,0.5297020253231174,0.5137682464687532,0.414086544826281
2024-07-13,microergodic_preserved_2x,256,0.5333333333333333,0.5350359055003516,0.5137682464687532,0.41414137583314725
2024-07-13,microergodic_preserved_2x,256,0.5416666666666666,0.5449151677647632,0.5137682464687532,0.4141794430949475
2024-07-13,microergodic_preserved_2x,256,0.55,0.550257990255859,0.535555072762605,0.4205041816327578
2024-07-13,microergodic_preserved_2x,256,0.5583333333333333,0.5611240512162268,0.535555072762605,0.42054458925585747
2024-07-13,microergodic_preserved_2x,256,0.5666666666666667,0.5668092980997667,0.535555072762605,0.42058509911571534
2024-07-13,microergodic_preserved_2x,256,0.575,0.5791943773947279,0.559244265659551,0.4268601882894554
2024-07-13,microergodic_preserved_2x,256,0.5833333333333334,0.5853057207870935,0.559244265659551,0.4268661893430712
2024-07-13,microergodic_preserved_2x,256,0.5916666666666667,0.5980995017291654,0.5852749400178642,0.4329851038900879
2024-07-13,microergodic_preserved_2x,256,0.6,0.6047279396363705,0.5852749400178642,0.4330051506581151
2024-07-13,microergodic_preserved_2x,256,0.6083333333333333,0.6116070463622998,0.5852749400178642,0.4330056921743405
2024-07-13,microergodic_preserved_2x,256,0.6166666666666667,0.6184011055069898,0.5852749400178642,0.43304362675202457
2024-07-13,microergodic_preserved_2x,256,0.625,0.6317002658739099,0.6118182910639877,0.4390455288040679
2024-07-13,microergodic_preserved_2x,256,0.6333333333333333,0.638207108079718,0.6118182910639877,0.4390547706239774
2024-07-13,microergodic_preserved_2x,256,0.6416666666666666,0.6447960830370542,0.6118182910639877,0.43913398146125265
2024-07-13,microergodic_preserved_2x,256,0.65,0.6512924488592743,0.6381060491117156,0.445113904281265
2024-07-13,microergodic_preserved_2x,256,0.6583333333333333,0.6645056686138616,0.6381060491117156,0.4451581431021187
2024-07-13,microergodic_preserved_2x,256,0.6666666666666666,0.6711881532432832,0.6381060491117156,0.4451914927087608
2024-07-13,microergodic_preserved_2x,256,0.675,0.6778899349371437,0.6640940194820935,0.451065784528619
2024-07-13,microergodic_preserved_2x,256,0.6833333333333333,0.6846189142598172,0.6640940194820935,0.45106679572956004
2024-07-13,microergodic_preserved_2x,256,0.6916666666666667,0.6980134439982829,0.6640940194820935,0.4510823304005097
2024-07-13,microergodic_preserved_2x,256,0.7,0.7045647999076055,0.6912331480696082,0.4568402386843777
2024-07-13,microergodic_preserved_2x,256,0.7083333333333334,0.7111619071357916,0.6912331480696082,0.45685416516851474
2024-07-13,microergodic_preserved_2x,256,0.7166666666666667,0.7180580528414954,0.6912331480696082,0.456895409150407
2024-07-13,microergodic_preserved_2x,256,0.725,0.7312019029007466,0.7173823720437079,0.46256983817183506
2024-07-13,microergodic_preserved_2x,256,0.7333333333333333,0.7375527727656359,0.7173823720437079,0.4625768308698199
2024-07-13,microergodic_preserved_2x,256,0.7416666666666667,0.7437180086828201,0.7173823720437079,0.46261305495157645
2024-07-13,microergodic_preserved_2x,256,0.75,0.7502323812097911,0.7173823720437079,0.4626267480946734
2024-07-13,microergodic_preserved_2x,256,0.7583333333333333,0.7617176893741858,0.7429686147599828,0.4682879486917136
2024-07-13,microergodic_preserved_2x,256,0.7666666666666666,0.7678008303311931,0.7429686147599828,0.46829204989036693
2024-07-13,microergodic_preserved_2x,256,0.775,0.7792167822885635,0.7666361718935943,0.4737890790614346
2024-07-13,microergodic_preserved_2x,256,0.7833333333333333,0.7848297020903567,0.7666361718935943,0.4738034510617683
2024-07-13,microergodic_preserved_2x,256,0.7916666666666666,0.7962444644710647,0.7666361718935943,0.4738719097094328
2024-07-13,microergodic_preserved_2x,256,0.8,0.8014600387598138,0.7886027809800228,0.47926986645926695
2024-07-13,microergodic_preserved_2x,256,0.8083333333333333,0.8120349438465315,0.7886027809800228,0.4792957768774991
2024-07-13,microergodic_preserved_2x,256,0.8166666666666667,0.8176712046190242,0.7886027809800228,0.47934699420295696
2024-07-13,microergodic_preserved_2x,256,0.825,0.827910534209404,0.8093534018157738,0.4846573628073999
2024-07-13,microergodic_preserved_2x,256,0.8333333333333334,0.8376789133561482,0.8093534018157738,0.4847481180680176
2024-07-13,microergodic_preserved_2x,256,0.8416666666666667,0.8426902593383819,0.828970123675128,0.4898889629256408
2024-07-13,microergodic_preserved_2x,256,0.85,0.8523401216770045,0.828970123675128,0.48996463105872645
2024-07-13,microergodic_preserved_2x,256,0.8583333333333333,0.8619275160566177,0.8481641447725311,0.49501343523347113
2024-07-13,microergodic_preserved_2x,256,0.8666666666666667,0.8712407260743977,0.8481641447725311,0.495052401914678
2024-07-13,microergodic_preserved_2x,256,0.875,0.8758599624468212,0.8481641447725311,0.4950761255564838
2024-07-13,microergodic_preserved_2x,256,0.8833333333333333,0.8849063218662854,0.866326853479125,0.5000501496968459
2024-07-13,microergodic_preserved_2x,256,0.8916666666666666,0.8937451390067391,0.866326853479125,0.5000711222379223
2024-07-13,microergodic_preserved_2x,256,0.9,0.9021333716978963,0.8841374472858593,0.5049322491320845
2024-07-13,microergodic_preserved_2x,256,0.9083333333333333,0.9105521913727613,0.8841374472858593,0.5049950226175199
2024-07-13,microergodic_preserved_2x,256,0.9166666666666666,0.9188157502343651,0.9015412280088273,0.5096247598659986
2024-07-13,microergodic_preserved_2x,256,0.9249999999999999,0.9272528824235149,0.9015412280088273,0.5097063369677168
2024-07-13,microergodic_preserved_2x,256,0.9333333333333333,0.935435728488877,0.9174925968671886,0.5142236642194584
2024-07-13,microergodic_preserved_2x,256,0.9416666666666667,0.9434924126543217,0.9174925968671886,0.5142524406585216
2024-07-13,microergodic_preserved_2x,256,0.95,0.95058765480389,0.932437131866651,0.5185768061781745
2024-07-13,microergodic_preserved_2x,256,0.9583333333333334,0.9609773035170495,0.9463363533384147,0.5228623701733002
2024-07-13,microergodic_preserved_2x,256,0.9666666666666667,0.9674204923928617,0.9463363533384147,0.5229419788807956
2024-07-13,microergodic_preserved_2x,256,0.975,0.9759237968354761,0.9585786048313684,0.5268857719487228
2024-07-13,microergodic_preserved_2x,256,0.9833333333333333,0.9851172162841725,0.9669248483923286,0.5309458366289926
2024-07-13,microergodic_preserved_2x,256,0.9916666666666667,0.9919253832220445,0.9709626729314367,0.5343168702779847
2024-07-13,microergodic_preserved_2x,256,1.0,1.0000000000000018,0.9806643742182635,inf
2024-07-13,sigma2_2x,128,0.0,0.0,0.0,-inf
2024-07-13,sigma2_2x,128,0.008333333333333333,0.008680744098495166,0.004802480406171659,0.0037039483147088556
2024-07-13,sigma2_2x,128,0.016666666666666666,0.016918140529279164,0.008844505334140332,0.00712102701778952
2024-07-13,sigma2_2x,128,0.025,0.02512009097208074,0.013805736722805148,0.011559088860872663
2024-07-13,sigma2_2x,128,0.03333333333333333,0.03407234090356888,0.017460881021465043,0.015152341181710965
2024-07-13,sigma2_2x,128,0.041666666666666664,0.04232175865360717,0.021431487369674616,0.019163955752810588
2024-07-13,sigma2_2x,128,0.05,0.050085728050462845,0.025907742168183923,0.023573894769452174
2024-07-13,sigma2_2x,128,0.058333333333333334,0.059413720710855794,0.030303468459803626,0.028495541015705856
2024-07-13,sigma2_2x,128,0.06666666666666667,0.06678793514550117,0.03524819161902891,0.033710452079058636
2024-07-13,sigma2_2x,128,0.075,0.07534345044601219,0.03771340505004951,0.036614961744240386
2024-07-13,sigma2_2x,128,0.08333333333333333,0.08407748479126999,0.04297087361506299,0.04253562605697766
2024-07-13,sigma2_2x,128,0.09166666666666666,0.09206246165489596,0.04838948347217598,0.048811381839555565
2024-07-13,sigma2_2x,128,0.1,0.10012997995490418,0.05119663289802482,0.05218934960010131
2024-07-13,sigma2_2x,128,0.10833333333333334,0.10849804992269055,0.05705150356138576,0.05900547126585694
2024-07-13,sigma2_2x,128,0.11666666666666667,0.11698188277903171,0.06008303911752391,0.0626972378892529
2024-07-13,sigma2_2x,128,0.125,0.12570846487452245,0.06615635609986335,0.07006135475332628
2024-07-13,sigma2_2x,128,0.13333333333333333,0.13472361443963007,0.0693221384970707,0.07390883889765723
2024-07-13,sigma2_2x,128,0.14166666666666666,0.14255007852923904,0.07271160128228234,0.0778334311164312
2024-07-13,sigma2_2x,128,0.15,0.15035047678960564,0.07952439559620693,0.08584310707968407
2024-07-13,sigma2_2x,128,0.15833333333333333,0.15852321597094599,0.08307527348677138,0.0900225896511153
2024-07-13,sigma2_2x,128,0.16666666666666666,0.1668583063704927,0.08667733526853592,0.0942417290493113
2024-07-13,sigma2_2x,128,0.175,0.17563823294998646,0.0903475803587264,0.09859448341348552
2024-07-13,sigma2_2x,128,0.18333333333333332,0.18473016426965483,0.09794311990672705,0.10723351595241074
2024-07-13,sigma2_2x,128,0.19166666666666665,0.19176647870323324,0.10188093909781884,0.11162621934714051
2024-07-13,sigma2_2x,128,0.2,0.20101366983561808,0.10579194977685258,0.11622700214677892
2024-07-13,sigma2_2x,128,0.20833333333333334,0.20842002423882322,0.1099631447635186,0.12078137084003167
2024-07-13,sigma2_2x,128,0.21666666666666667,0.21755237717615514,0.1140964367784123,0.12546511271965097
2024-07-13,sigma2_2x,128,0.225,0.22517162899116416,0.11874966130210095,0.13012414063329886
2024-07-13,sigma2_2x,128,0.23333333333333334,0.23518120847691856,0.12324715001975377,0.13485401243891434
2024-07-13,sigma2_2x,128,0.24166666666666667,0.24332507506383,0.12761183683739988,0.1396713510815122
2024-07-13,sigma2_2x,128,0.25,0.25168524848561136,0.13253726440875932,0.14438538463613051
2024-07-13,sigma2_2x,128,0.2583333333333333,0.2602295557200958,0.13751948188232024,0.14934858361075035
2024-07-13,sigma2_2x,128,0.26666666666666666,0.26683933499851303,0.14278269602950724,0.15412820171414957
2024-07-13,sigma2_2x,128,0.275,0.2759117092669992,0.1477387377394361,0.1589929375945122
2024-07-13,sigma2_2x,128,0.2833333333333333,0.2852181589967806,0.15304115191808113,0.16392002581761905
2024-07-13,sigma2_2x,128,0.2916666666666667,0.2919959578172841,0.15845466466968858,0.1688689024283218
2024-07-13,sigma2_2x,128,0.3,0.30164183825996665,0.16403044524483978,0.17382740289389442
2024-07-13,sigma2_2x,128,0.30833333333333335,0.30875414162220816,0.1698553258448152,0.17870836526971343
2024-07-13,sigma2_2x,128,0.31666666666666665,0.31860747748072693,0.17595402323412637,0.18380624289016778
2024-07-13,sigma2_2x,128,0.325,0.3263166343272451,0.17595402323412637,0.18390215359434753
2024-07-13,sigma2_2x,128,0.3333333333333333,0.33426698390771103,0.18220194271092202,0.18892282106682037
2024-07-13,sigma2_2x,128,0.3416666666666667,0.3422424682252269,0.18837007757712151,0.19386637413680768
2024-07-13,sigma2_2x,128,0.35,0.3504526852642341,0.19512657090936245,0.19893428753809272
2024-07-13,sigma2_2x,128,0.35833333333333334,0.35876003352593583,0.19512657090936245,0.1990013068729313
2024-07-13,sigma2_2x,128,0.36666666666666664,0.3673982722554966,0.20204583979662433,0.20403459032483118
2024-07-13,sigma2_2x,128,0.375,0.37638637506862327,0.2092752239261182,0.20901872589308892
2024-07-13,sigma2_2x,128,0.3833333333333333,0.38522046953734956,0.2167076565547324,0.2139883763832914
2024-07-13,sigma2_2x,128,0.39166666666666666,0.39455243761570113,0.2167076565547324,0.21412530829280949
2024-07-13,sigma2_2x,128,0.4,0.4008900399625432,0.22378513898044927,0.21906786674316248
2024-07-13,sigma2_2x,128,0.4083333333333333,0.41055472251619884,0.2314709187337038,0.22409516499676893
2024-07-13,sigma2_2x,128,0.4166666666666667,0.4172867600438051,0.2314709187337038,0.22410940512308442
2024-07-13,sigma2_2x,128,0.425,0.42720981942492503,0.23980571116676394,0.22911650239523457
2024-07-13,sigma2_2x,128,0.43333333333333335,0.43399490775570965,0.23980571116676394,0.2291921955382485
2024-07-13,sigma2_2x,128,0.44166666666666665,0.44454640551124547,0.2486229429603533,0.2341685862291461
2024-07-13,sigma2_2x,128,0.45,0.45173346851455753,0.25746082987872015,0.2391281114923612
2024-07-13,sigma2_2x,128,0.4583333333333333,0.4592825328161487,0.25746082987872015,0.23915190609816375
2024-07-13,sigma2_2x,128,0.4666666666666667,0.46686222364136853,0.26675411265284077,0.24406952092579387
2024-07-13,sigma2_2x,128,0.475,0.4786923929830185,0.26675411265284077,0.24413840072320225
2024-07-13,sigma2_2x,128,0.48333333333333334,0.48681226974790603,0.27655969565435384,0.24900303888581182
2024-07-13,sigma2_2x,128,0.49166666666666664,0.4950742918538991,0.27655969565435384,0.2490409527387619
2024-07-13,sigma2_2x,128,0.5,0.5037655978939742,0.2874928998944677,0.2538875668495362
2024-07-13,sigma2_2x,128,0.5083333333333333,0.5124476758234645,0.2874928998944677,0.2539640136150341
2024-07-13,sigma2_2x,128,0.5166666666666666,0.5169379788111217,0.29890470070931796,0.2587413090710014
2024-07-13,sigma2_2x,128,0.525,0.5261478943219463,0.29890470070931796,0.25878981264947437
2024-07-13,sigma2_2x,128,0.5333333333333333,0.5356660807267316,0.31159567671933663,0.2635889645323043
2024-07-13,sigma2_2x,128,0.5416666666666666,0.5458172291169082,0.31159567671933663,0.2636259327218668
2024-07-13,sigma2_2x,128,0.55,0.5505322695334482,0.31159567671933663,0.2636877204335598
2024-07-13,sigma2_2x,128,0.5583333333333333,0.5612905899658235,0.32509159848592106,0.2684231144910807
2024-07-13,sigma2_2x,128,0.5666666666666667,0.5717077768349484,0.32509159848592106,0.26842925769871767
2024-07-13,sigma2_2x,128,0.575,0.5777685048795461,0.3400992964419781,0.2731293342275806
2024-07-13,sigma2_2x,128,0.5833333333333334,0.583693275345822,0.3400992964419781,0.2731551954993984
2024-07-13,sigma2_2x,128,0.5916666666666667,0.5956191463044795,0.3400992964419781,0.2731577248529626
2024-07-13,sigma2_2x,128,0.6,0.6019961025532851,0.3563257454162015,0.2776990976620309
2024-07-13,sigma2_2x,128,0.6083333333333333,0.6085850902002491,0.3563257454162015,0.27772264520957274
2024-07-13,sigma2_2x,128,0.6166666666666667,0.6214218510500427,0.3563257454162015,0.27778380797444313
2024-07-13,sigma2_2x,128,0.625,0.6277458040878894,0.37152600624435717,0.2823119021518822
2024-07-13,sigma2_2x,128,0.6333333333333333,0.6338485653416563,0.37152600624435717,0.2823630799144119
2024-07-13,sigma2_2x,128,0.6416666666666666,0.6460764122119104,0.37152600624435717,0.282381048985838
2024-07-13,sigma2_2x,128,0.65,0.6520649420115467,0.3877219196617064,0.2869335922356295
2024-07-13,sigma2_2x,128,0.6583333333333333,0.6644790163133633,0.3877219196617064,0.28699062169828166
2024-07-13,sigma2_2x,128,0.6666666666666666,0.6707260847752439,0.3877219196617064,0.28702420150981683
2024-07-13,sigma2_2x,128,0.675,0.6769724783140211,0.4035258803480152,0.2914939663689247
2024-07-13,sigma2_2x,128,0.6833333333333333,0.68335297883199,0.4035258803480152,0.29152163210571846
2024-07-13,sigma2_2x,128,0.6916666666666667,0.6961055288436588,0.4035258803480152,0.2915403192798691
2024-07-13,sigma2_2x,128,0.7,0.7023605618898014,0.41994687914282924,0.2959435975321201
2024-07-13,sigma2_2x,128,0.7083333333333334,0.708723954468781,0.41994687914282924,0.2959500564218823
2024-07-13,sigma2_2x,128,0.7166666666666667,0.7218517951635836,0.41994687914282924,0.2959732596069298
2024-07-13,sigma2_2x,128,0.725,0.727707388889556,0.43564169353599475,0.30033873830034663
2024-07-13,sigma2_2x,128,0.7333333333333333,0.7337217844144768,0.43564169353599475,0.3003701069249326
2024-07-13,sigma2_2x,128,0.7416666666666667,0.7454918777207364,0.43564169353599475,0.3003897173902419
2024-07-13,sigma2_2x,128,0.75,0.7508070022491463,0.45047202125693137,0.30473827529419756
2024-07-13,sigma2_2x,128,0.7583333333333333,0.7615571775322619,0.45047202125693137,0.30477905281334006
2024-07-13,sigma2_2x,128,0.7666666666666666,0.766897695384532,0.45047202125693137,0.3047923760046993
2024-07-13,sigma2_2x,128,0.775,0.7773598230533473,0.4644433930243423,0.3091271068210349
2024-07-13,sigma2_2x,128,0.7833333333333333,0.7878078093005424,0.4644433930243423,0.3091705760968678
2024-07-13,sigma2_2x,128,0.7916666666666666,0.7926963816261833,0.4772270756233196,0.31339153305123896
2024-07-13,sigma2_2x,128,0.8,0.8024699267956535,0.4772270756233196,0.3134354032991048
2024-07-13,sigma2_2x,128,0.8083333333333333,0.8120114755868435,0.4896925396212343,0.3176157183812918
2024-07-13,sigma2_2x,128,0.8166666666666667,0.8166958585792555,0.4896925396212343,0.31762780555967385
2024-07-13,sigma2_2x,128,0.825,0.8260784051143757,0.4896925396212343,0.31765557639393277
2024-07-13,sigma2_2x,128,0.8333333333333334,0.8349377128024913,0.5012846623921641,0.32179643343783465
2024-07-13,sigma2_2x,128,0.8416666666666667,0.8439031103960966,0.5012846623921641,0.3218915098799859
2024-07-13,sigma2_2x,128,0.85,0.8524802186684753,0.5128458096695749,0.3258789108307524
2024-07-13,sigma2_2x,128,0.8583333333333333,0.861205540401182,0.5128458096695749,0.3259453725932456
2024-07-13,sigma2_2x,128,0.8666666666666667,0.8694059217553934,0.5238570009000288,0.32988796941358794
2024-07-13,sigma2_2x,128,0.875,0.8776444736323725,0.5238570009000288,0.32995141215308293
2024-07-13,sigma2_2x,128,0.8833333333333333,0.8855855094172738,0.5342987547339483,0.3338363663817752
2024-07-13,sigma2_2x,128,0.8916666666666666,0.8936365069676708,0.5342987547339483,0.333884587011747
2024-07-13,sigma2_2x,128,0.9,0.9012144210006344,0.545042639913442,0.3376978394102195
2024-07-13,sigma2_2x,128,0.9083333333333333,0.9087131019261334,0.545042639913442,0.33771634362113645
2024-07-13,sigma2_2x,128,0.9166666666666666,0.9198887906553523,0.555141464491293,0.341444068022839
2024-07-13,sigma2_2x,128,0.9249999999999999,0.9272881568012481,0.5646902219441375,0.3450866421627231
2024-07-13,sigma2_2x,128,0.9333333333333333,0.9344079502752495,0.5646902219441375,0.3451243124143857
2024-07-13,sigma2_2x,128,0.9416666666666667,0.9447173494431478,0.573635891545392,0.3486340289900941
2024-07-13,sigma2_2x,128,0.95,0.9517181996722975,0.573635891545392,0.3486630818299488
2024-07-13,sigma2_2x,128,0.9583333333333334,0.9606095120860693,0.5818341208964117,0.3521898332781758
2024-07-13,sigma2_2x,128,0.9666666666666667,0.9694589360491068,0.5897736783458023,0.35549739805649033
2024-07-13,sigma2_2x,128,0.975,0.9753099231086575,0.5897736783458023,0.35553352227808493
2024-07-13,sigma2_2x,128,0.9833333333333333,0.985009002863367,0.5966182157790453,0.35872545361611374
2024-07-13,sigma2_2x,128,0.9916666666666667,0.992147373727115,0.6018320049003281,0.36166477718182866
2024-07-13,sigma2_2x,128,1.0,1.0000000000000018,0.6080211444159106,inf
2024-07-13,sigma2_2x,256,0.0,0.0,0.0,-inf
2024-07-13,sigma2_2x,256,0.008333333333333333,0.008680744098495166,0.004909545654634572,0.0037039483147088556
2024-07-13,sigma2_2x,256,0.016666666666666666,0.016918140529279164,0.009033833339816225,0.00712102701778952
2024-07-13,sigma2_2x,256,0.025,0.02512009097208074,0.014035385245129832,0.011559088860872663
2024-07-13,sigma2_2x,256,0.03333333333333333,0.03407234090356888,0.017727621377400353,0.015152341181710965
2024-07-13,sigma2_2x,256,0.041666666666666664,0.04232175865360717,0.021705975923998023,0.019163955752810588
2024-07-13,sigma2_2x,256,0.05,0.050085728050462845,0.026201689560382907,0.023573894769452174
2024-07-13,sigma2_2x,256,0.058333333333333334,0.059413720710855794,0.03062890760651949,0.028495541015705856
2024-07-13,sigma2_2x,256,0.06666666666666667,0.06678793514550117,0.03440802761715733,0.033710452079058636
2024-07-13,sigma2_2x,256,0.075,0.07534345044601219,0.03804214677588543,0.036614961744240386
2024-07-13,sigma2_2x,256,0.08333333333333333,0.08407748479126999,0.04200243002183983,0.04253562605697766
2024-07-13,sigma2_2x,256,0.09166666666666666,0.09206246165489596,0.04730713390515226,0.048811381839555565
2024-07-13,sigma2_2x,256,0.1,0.10012997995490418,0.050197181023205716,0.05218934960010131
2024-07-13,sigma2_2x,256,0.10833333333333334,0.10849804992269055,0.05583608871139831,0.05900547126585694
2024-07-13,sigma2_2x,256,0.11666666666666667,0.11698188277903171,0.058989999556534015,0.0626972378892529
2024-07-13,sigma2_2x,256,0.125,0.12570846487452245,0.06493212251843221,0.07006135475332628
2024-07-13,sigma2_2x,256,0.13333333333333333,0.13472361443963007,0.06810009189546429,0.07390883889765723
2024-07-13,sigma2_2x,256,0.14166666666666666,0.14255007852923904,0.0714687114503318,0.0778334311164312
2024-07-13,sigma2_2x,256,0.15,0.15035047678960564,0.07813570856095757,0.08584310707968407
2024-07-13,sigma2_2x,256,0.15833333333333333,0.15852321597094599,0.08169860161916495,0.0900225896511153
2024-07-13,sigma2_2x,256,0.16666666666666666,0.1668583063704927,0.08530358780935758,0.0942417290493113
2024-07-13,sigma2_2x,256,0.175,0.17563823294998646,0.08888779244672819,0.09859448341348552
2024-07-13,sigma2_2x,256,0.18333333333333332,0.18473016426965483,0.09641483064404395,0.10723351595241074
2024-07-13,sigma2_2x,256,0.19166666666666665,0.19176647870323324,0.10032360484917865,0.11162621934714051
2024-07-13,sigma2_2x,256,0.2,0.20101366983561808,0.10422373486604102,0.11622700214677892
2024-07-13,sigma2_2x,256,0.20833333333333334,0.20842002423882322,0.10826265476600233,0.12078137084003167
2024-07-13,sigma2_2x,256,0.21666666666666667,0.21755237717615514,0.11235913671201883,0.12546511271965097
2024-07-13,sigma2_2x,256,0.225,0.22517162899116416,0.11680239991178534,0.13012414063329886
2024-07-13,sigma2_2x,256,0.23333333333333334,0.23518120847691856,0.12141270125568217,0.13485401243891434
2024-07-13,sigma2_2x,256,0.24166666666666667,0.24332507506383,0.1258121234145437,0.1396713510815122
2024-07-13,sigma2_2x,256,0.25,0.25168524848561136,0.13067069804504697,0.14438538463613051
2024-07-13,sigma2_2x,256,0.2583333333333333,0.2602295557200958,0.13554652877903858,0.14934858361075035
2024-07-13,sigma2_2x,256,0.26666666666666666,0.26683933499851303,0.14081326131290214,0.15412820171414957
2024-07-13,sigma2_2x,256,0.275,0.2759117092669992,0.14574484176092836,0.1589929375945122
2024-07-13,sigma2_2x,256,0.2833333333333333,0.2852181589967806,0.15079590005413845,0.16392002581761905
2024-07-13,sigma2_2x,256,0.2916666666666667,0.2919959578172841,0.15625248493901792,0.1688689024283218
2024-07-13,sigma2_2x,256,0.3,0.30164183825996665,0.16186589455990083,0.17382740289389442
2024-07-13,sigma2_2x,256,0.30833333333333335,0.30875414162220816,0.16752632179474958,0.17870836526971343
2024-07-13,sigma2_2x,256,0.31666666666666665,0.31860747748072693,0.17346063953349708,0.18380624289016778
2024-07-13,sigma2_2x,256,0.325,0.3263166343272451,0.17346063953349708,0.18390215359434753
2024-07-13,sigma2_2x,256,0.3333333333333333,0.33426698390771103,0.17972660661406034,0.18892282106682037
2024-07-13,sigma2_2x,256,0.3416666666666667,0.3422424682252269,0.18580172387105268,0.19386637413680768
2024-07-13,sigma2_2x,256,0.35,0.3504526852642341,0.19256640241662598,0.19893428753809272
2024-07-13,sigma2_2x,256,0.35833333333333334,0.35876003352593583,0.19256640241662598,0.1990013068729313
2024-07-13,sigma2_2x,256,0.36666666666666664,0.3673982722554966,0.19923257618506096,0.20403459032483118
2024-07-13,sigma2_2x,256,0.375,0.37638637506862327,0.20625835757155528,0.20901872589308892
2024-07-13,sigma2_2x,256,0.3833333333333333,0.38522046953734956,0.21368825729812,0.2139883763832914
2024-07-13,sigma2_2x,256,0.39166666666666666,0.39455243761570113,0.21368825729812,0.21412530829280949
2024-07-13,sigma2_2x,256,0.4,0.4008900399625432,0.22091162680223636,0.21906786674316248
2024-07-13,sigma2_2x,256,0.4083333333333333,0.41055472251619884,0.22830603996916674,0.22409516499676893
2024-07-13,sigma2_2x,256,0.4166666666666667,0.4172867600438051,0.22830603996916674,0.22410940512308442
2024-07-13,sigma2_2x,256,0.425,0.42720981942492503,0.23638459040044643,0.22911650239523457
2024-07-13,sigma2_2x,256,0.43333333333333335,0.43399490775570965,0.23638459040044643,0.2291921955382485
2024-07-13,sigma2_2x,256,0.44166666666666665,0.44454640551124547,0.24507566972257142,0.2341685862291461
2024-07-13,sigma2_2x,256,0.45,0.45173346851455753,0.2540986314624431,0.2391281114923612
2024-07-13,sigma2_2x,256,0.4583333333333333,0.4592825328161487,0.2540986314624431,0.23915190609816375
2024-07-13,sigma2_2x,256,0.4666666666666667,0.46686222364136853,0.2628263417521765,0.24406952092579387
2024-07-13,sigma2_2x,256,0.475,0.4786923929830185,0.2628263417521765,0.24413840072320225
2024-07-13,sigma2_2x,256,0.48333333333333334,0.48681226974790603,0.2724795824352396,0.24900303888581182
2024-07-13,sigma2_2x,256,0.49166666666666664,0.4950742918538991,0.2724795824352396,0.2490409527387619
2024-07-13,sigma2_2x,256,0.5,0.5037655978939742,0.28315941787965737,0.2538875668495362
2024-07-13,sigma2_2x,256,0.5083333333333333,0.5124476758234645,0.28315941787965737,0.2539640136150341
2024-07-13,sigma2_2x,256,0.5166666666666666,0.5169379788111217,0.29434620134320366,0.2587413090710014
2024-07-13,sigma2_2x,256,0.525,0.5261478943219463,0.29434620134320366,0.25878981264947437
2024-07-13,sigma2_2x,256,0.5333333333333333,0.5356660807267316,0.3065540285947628,0.2635889645323043
2024-07-13,sigma2_2x,256,0.5416666666666666,0.5458172291169082,0.3065540285947628,0.2636259327218668
2024-07-13,sigma2_2x,256,0.55,0.5505322695334482,0.3065540285947628,0.2636877204335598
2024-07-13,sigma2_2x,256,0.5583333333333333,0.5612905899658235,0.3196463494769409,0.2684231144910807
2024-07-13,sigma2_2x,256,0.5666666666666667,0.5717077768349484,0.3196463494769409,0.26842925769871767
2024-07-13,sigma2_2x,256,0.575,0.5777685048795461,0.33419922458340423,0.2731293342275806
2024-07-13,sigma2_2x,256,0.5833333333333334,0.583693275345822,0.33419922458340423,0.2731551954993984
2024-07-13,sigma2_2x,256,0.5916666666666667,0.5956191463044795,0.33419922458340423,0.2731577248529626
2024-07-13,sigma2_2x,256,0.6,0.6019961025532851,0.3503220460005174,0.2776990976620309
2024-07-13,sigma2_2x,256,0.6083333333333333,0.6085850902002491,0.3503220460005174,0.27772264520957274
2024-07-13,sigma2_2x,256,0.6166666666666667,0.6214218510500427,0.3503220460005174,0.27778380797444313
2024-07-13,sigma2_2x,256,0.625,0.6277458040878894,0.36621386061263794,0.2823119021518822
2024-07-13,sigma2_2x,256,0.6333333333333333,0.6338485653416563,0.36621386061263794,0.2823630799144119
2024-07-13,sigma2_2x,256,0.6416666666666666,0.6460764122119104,0.36621386061263794,0.282381048985838
2024-07-13,sigma2_2x,256,0.65,0.6520649420115467,0.38229703945748666,0.2869335922356295
2024-07-13,sigma2_2x,256,0.6583333333333333,0.6644790163133633,0.38229703945748666,0.28699062169828166
2024-07-13,sigma2_2x,256,0.6666666666666666,0.6707260847752439,0.38229703945748666,0.28702420150981683
2024-07-13,sigma2_2x,256,0.675,0.6769724783140211,0.3979007098187222,0.2914939663689247
2024-07-13,sigma2_2x,256,0.6833333333333333,0.68335297883199,0.3979007098187222,0.29152163210571846
2024-07-13,sigma2_2x,256,0.6916666666666667,0.6961055288436588,0.3979007098187222,0.2915403192798691
2024-07-13,sigma2_2x,256,0.7,0.7023605618898014,0.4146896973888665,0.2959435975321201
2024-07-13,sigma2_2x,256,0.7083333333333334,0.708723954468781,0.4146896973888665,0.2959500564218823
2024-07-13,sigma2_2x,256,0.7166666666666667,0.7218517951635836,0.4146896973888665,0.2959732596069298
2024-07-13,sigma2_2x,256,0.725,0.727707388889556,0.43082640121620885,0.30033873830034663
2024-07-13,sigma2_2x,256,0.7333333333333333,0.7337217844144768,0.43082640121620885,0.3003701069249326
2024-07-13,sigma2_2x,256,0.7416666666666667,0.7454918777207364,0.43082640121620885,0.3003897173902419
2024-07-13,sigma2_2x,256,0.75,0.7508070022491463,0.4459601530581467,0.30473827529419756
2024-07-13,sigma2_2x,256,0.7583333333333333,0.7615571775322619,0.4459601530581467,0.30477905281334006
2024-07-13,sigma2_2x,256,0.7666666666666666,0.766897695384532,0.4459601530581467,0.3047923760046993
2024-07-13,sigma2_2x,256,0.775,0.7773598230533473,0.4601940371784777,0.3091271068210349
2024-07-13,sigma2_2x,256,0.7833333333333333,0.7878078093005424,0.4601940371784777,0.3091705760968678
2024-07-13,sigma2_2x,256,0.7916666666666666,0.7926963816261833,0.47336323492849613,0.31339153305123896
2024-07-13,sigma2_2x,256,0.8,0.8024699267956535,0.47336323492849613,0.3134354032991048
2024-07-13,sigma2_2x,256,0.8083333333333333,0.8120114755868435,0.4864030620524126,0.3176157183812918
2024-07-13,sigma2_2x,256,0.8166666666666667,0.8166958585792555,0.4864030620524126,0.31762780555967385
2024-07-13,sigma2_2x,256,0.825,0.8260784051143757,0.4864030620524126,0.31765557639393277
2024-07-13,sigma2_2x,256,0.8333333333333334,0.8349377128024913,0.49794458559270344,0.32179643343783465
2024-07-13,sigma2_2x,256,0.8416666666666667,0.8439031103960966,0.49794458559270344,0.3218915098799859
2024-07-13,sigma2_2x,256,0.85,0.8524802186684753,0.5096603858744246,0.3258789108307524
2024-07-13,sigma2_2x,256,0.8583333333333333,0.861205540401182,0.5096603858744246,0.3259453725932456
2024-07-13,sigma2_2x,256,0.8666666666666667,0.8694059217553934,0.520905088996701,0.32988796941358794
2024-07-13,sigma2_2x,256,0.875,0.8776444736323725,0.520905088996701,0.32995141215308293
2024-07-13,sigma2_2x,256,0.8833333333333333,0.8855855094172738,0.5316314621623492,0.3338363663817752
2024-07-13,sigma2_2x,256,0.8916666666666666,0.8936365069676708,0.5316314621623492,0.333884587011747
2024-07-13,sigma2_2x,256,0.9,0.9012144210006344,0.5423556117580489,0.3376978394102195
2024-07-13,sigma2_2x,256,0.9083333333333333,0.9087131019261334,0.5423556117580489,0.33771634362113645
2024-07-13,sigma2_2x,256,0.9166666666666666,0.9198887906553523,0.5528101212721785,0.341444068022839
2024-07-13,sigma2_2x,256,0.9249999999999999,0.9272881568012481,0.5625662832946696,0.3450866421627231
2024-07-13,sigma2_2x,256,0.9333333333333333,0.9344079502752495,0.5625662832946696,0.3451243124143857
2024-07-13,sigma2_2x,256,0.9416666666666667,0.9447173494431478,0.5719273274919334,0.3486340289900941
2024-07-13,sigma2_2x,256,0.95,0.9517181996722975,0.5719273274919334,0.3486630818299488
2024-07-13,sigma2_2x,256,0.9583333333333334,0.9606095120860693,0.5801744633819539,0.3521898332781758
2024-07-13,sigma2_2x,256,0.9666666666666667,0.9694589360491068,0.588618146864841,0.35549739805649033
2024-07-13,sigma2_2x,256,0.975,0.9753099231086575,0.588618146864841,0.35553352227808493
2024-07-13,sigma2_2x,256,0.9833333333333333,0.985009002863367,0.5923882884637666,0.35872545361611374
2024-07-13,sigma2_2x,256,0.9916666666666667,0.992147373727115,0.5989971864911797,0.36166477718182866
2024-07-13,sigma2_2x,256,1.0,1.0000000000000018,0.6080211444159123,inf
2024-07-13,sigma2_half,128,0.0,0.0,0.0,-inf
2024-07-13,sigma2_half,128,0.008333333333333333,0.008553929517275629,0.01709380530894024,0.013024637046437904
2024-07-13,sigma2_half,128,0.016666666666666666,0.0170000674056912,0.03465074175685062,0.027580370375773752
2024-07-13,sigma2_half,128,0.025,0.025469968700077162,0.05239498836165494,0.04293544046080855
2024-07-13,sigma2_half,128,0.03333333333333333,0.033670541818508516,0.07233001453475763,0.06136217301124727
2024-07-13,sigma2_half,128,0.041666666666666664,0.04245343676675249,0.08884416476776517,0.07705310436242041
2024-07-13,sigma2_half,128,0.05,0.05050735429908452,0.10086150882673717,0.08860902768328145
2024-07-13,sigma2_half,128,0.058333333333333334,0.058970579298027334,0.11891534571920016,0.1070145679915753
2024-07-13,sigma2_half,128,0.06666666666666667,0.06708427838239538,0.13230798114525097,0.11998224956828463
2024-07-13,sigma2_half,128,0.075,0.07527856379436987,0.14530203197166566,0.13379369516374676
2024-07-13,sigma2_half,128,0.08333333333333333,0.08375608510590189,0.1595583937330555,0.14815970668254924
2024-07-13,sigma2_half,128,0.09166666666666666,0.09187945135297687,0.17359312653644382,0.16295748112608083
2024-07-13,sigma2_half,128,0.1,0.10017971038748417,0.18865489453365616,0.17832867816855355
2024-07-13,sigma2_half,128,0.10833333333333334,0.1089389086168679,0.20373429502452275,0.19411150846333525
2024-07-13,sigma2_half,128,0.11666666666666667,0.11672402701298779,0.22012054667230466,0.21033553198544272
2024-07-13,sigma2_half,128,0.125,0.12609158238472803,0.23587424397515988,0.22687715048588947
2024-07-13,sigma2_half,128,0.13333333333333333,0.13345623143128055,0.2530852164113561,0.24376356851655454
2024-07-13,sigma2_half,128,0.14166666666666666,0.1424128337767972,0.2622568060963826,0.25243997412815505
2024-07-13,sigma2_half,128,0.15,0.15034508277609404,0.28009580766189773,0.26980629984176907
2024-07-13,sigma2_half,128,0.15833333333333333,0.15853386250559412,0.28958926122525136,0.27878731331205847
2024-07-13,sigma2_half,128,0.16666666666666666,0.16715767387964828,0.308833240513234,0.29644880924288264
2024-07-13,sigma2_half,128,0.175,0.17629509124268136,0.319122830369455,0.30564748311361534
2024-07-13,sigma2_half,128,0.18333333333333332,0.184224775282829,0.3394134644154671,0.3232626961118674
2024-07-13,sigma2_half,128,0.19166666666666665,0.19229692159855843,0.34994029271911564,0.33241131834892645
2024-07-13,sigma2_half,128,0.2,0.2005257488567528,0.36031868249004967,0.34159395644612056
2024-07-13,sigma2_half,128,0.20833333333333334,0.20882972388500662,0.37153827127515315,0.35066809921047926
2024-07-13,sigma2_half,128,0.21666666666666667,0.21741066540183696,0.39410210994941675,0.3687517070180246
2024-07-13,sigma2_half,128,0.225,0.22651662496520553,0.40703643663453576,0.37794435702647255
2024-07-13,sigma2_half,128,0.23333333333333334,0.23400356359939084,0.41876436138518264,0.3868972362826805
2024-07-13,sigma2_half,128,0.24166666666666667,0.2418730652306514,0.43129565694010624,0.3961436443208798
2024-07-13,sigma2_half,128,0.25,0.25173228541265874,0.44449809222599707,0.4051792252303817
2024-07-13,sigma2_half,128,0.2583333333333333,0.260071817854519,0.45830254566657336,0.41431365078328625
2024-07-13,sigma2_half,128,0.26666666666666666,0.26677906158769915,0.4719672238776461,0.4233162848053508
2024-07-13,sigma2_half,128,0.275,0.27555846822785846,0.48557146979444066,0.4322739316371441
2024-07-13,sigma2_half,128,0.2833333333333333,0.284890600581764,0.5005594033760608,0.441257254148317
2024-07-13,sigma2_half,128,0.2916666666666667,0.2919827353124819,0.5153169595977138,0.4501418270074357
2024-07-13,sigma2_half,128,0.3,0.3016033362873144,0.5303985380268449,0.4589610524835307
2024-07-13,sigma2_half,128,0.30833333333333335,0.3091513153381835,0.5303985380268449,0.45912805928440836
2024-07-13,sigma2_half,128,0.31666666666666665,0.3168077155809775,0.546136324865647,0.46793687086946545
2024-07-13,sigma2_half,128,0.325,0.3277268762922021,0.5630907004715016,0.4766544849260532
2024-07-13,sigma2_half,128,0.3333333333333333,0.3359108702115154,0.5798202844004601,0.4853358821166542
2024-07-13,sigma2_half,128,0.3416666666666667,0.34452584106021966,0.5977223782206341,0.49389034910810575
2024-07-13,sigma2_half,128,0.35,0.3503449230724386,0.5977223782206341,0.49393242225309864
2024-07-13,sigma2_half,128,0.35833333333333334,0.3596360001182575,0.6159344547859512,0.502473696291829
2024-07-13,sigma2_half,128,0.36666666666666664,0.36916251713531567,0.6350617177510886,0.5108841289420357
2024-07-13,sigma2_half,128,0.375,0.375655100008737,0.6350617177510886,0.5110820804046986
2024-07-13,sigma2_half,128,0.3833333333333333,0.38569152033351395,0.6553769592186804,0.5192572509782143
2024-07-13,sigma2_half,128,0.39166666666666666,0.39242065382704083,0.6553769592186804,0.5194437368721112
2024-07-13,sigma2_half,128,0.4,0.4031698536826517,0.6750023239621775,0.5276582727178332
2024-07-13,sigma2_half,128,0.4083333333333333,0.4103893633892232,0.6957777522349846,0.5357211868865205
2024-07-13,sigma2_half,128,0.4166666666666667,0.41788144807975885,0.6957777522349846,0.535837121191501
2024-07-13,sigma2_half,128,0.425,0.4254720334320345,0.71891329698386,0.5438359228969044
2024-07-13,sigma2_half,128,0.43333333333333335,0.437017230909052,0.71891329698386,0.5440253848526417
2024-07-13,sigma2_half,128,0.44166666666666665,0.4453347022009221,0.7430346137949125,0.5519289746063855
2024-07-13,sigma2_half,128,0.45,0.4534798988798317,0.7430346137949125,0.5520765983006544
2024-07-13,sigma2_half,128,0.4583333333333333,0.46225718482942835,0.7667567467097373,0.5597417608358656
2024-07-13,sigma2_half,128,0.4666666666666667,0.46681256346833083,0.7667567467097373,0.5598706744934351
2024-07-13,sigma2_half,128,0.475,0.4759749243311354,0.7929259867701296,0.5673909419650371
2024-07-13,sigma2_half,128,0.48333333333333334,0.4855507118711397,0.7929259867701296,0.5675460269908403
2024-07-13,sigma2_half,128,0.49166666666666664,0.4953711439123728,0.8220984324769057,0.5750730765657437
2024-07-13,sigma2_half,128,0.5,0.5003550212371369,0.8220984324769057,0.5750915754889773
2024-07-13,sigma2_half,128,0.5083333333333333,0.5108455335787052,0.8220984324769057,0.5752352341735082
2024-07-13,sigma2_half,128,0.5166666666666666,0.5217147807657404,0.8529163227623014,0.5826446950977396
2024-07-13,sigma2_half,128,0.525,0.5274065019669707,0.8529163227623014,0.5826661365626767
2024-07-13,sigma2_half,128,0.5333333333333333,0.5392352039383276,0.8878676823091938,0.5899576883915438
2024-07-13,sigma2_half,128,0.5416666666666666,0.545402609641019,0.8878676823091938,0.5900008980507142
2024-07-13,sigma2_half,128,0.55,0.5513835157605048,0.8878676823091938,0.5900461222837345
2024-07-13,sigma2_half,128,0.5583333333333333,0.5642652697095452,0.9262450450292867,0.5971200784478189
2024-07-13,sigma2_half,128,0.5666666666666667,0.5709995080141665,0.9262450450292867,0.5972221379983411
2024-07-13,sigma2_half,128,0.575,0.5776988965937869,0.9262450450292867,0.597266980719805
2024-07-13,sigma2_half,128,0.5833333333333334,0.5843043027970442,0.9262450450292867,0.5972988095719735
2024-07-13,sigma2_half,128,0.5916666666666667,0.591723473369022,0.9677839396567325,0.6041553381069826
2024-07-13,sigma2_half,128,0.6,0.6066494882537985,0.9677839396567325,0.6042228427410027
2024-07-13,sigma2_half,128,0.6083333333333333,0.6142177292168559,0.9677839396567325,0.604287460207391
2024-07-13,sigma2_half,128,0.6166666666666667,0.6217089506690183,1.0086706439223494,0.6109333419146841
2024-07-13,sigma2_half,128,0.625,0.6292607201098571,1.0086706439223494,0.611024298039643
2024-07-13,sigma2_half,128,0.6333333333333333,0.6368620570946473,1.0086706439223494,0.6110285816455252
2024-07-13,sigma2_half,128,0.6416666666666666,0.6446089758210134,1.0086706439223494,0.611036530443676
2024-07-13,sigma2_half,128,0.65,0.652147925392471,1.0511021316866773,0.6177204676155154
2024-07-13,sigma2_half,128,0.6583333333333333,0.659979310550756,1.0511021316866773,0.617727321537651
2024-07-13,sigma2_half,128,0.6666666666666666,0.6674916792901059,1.0511021316866773,0.6178324363401523
2024-07-13,sigma2_half,128,0.675,0.6753151040057116,1.0511021316866773,0.6178910965705642
2024-07-13,sigma2_half,128,0.6833333333333333,0.6906383534634102,1.0930124556825283,0.6242887404626822
2024-07-13,sigma2_half,128,0.6916666666666667,0.6981042191983164,1.0930124556825283,0.6244074903047107
2024-07-13,sigma2_half,128,0.7,0.7057847742517925,1.0930124556825283,0.624421861017395
2024-07-13,sigma2_half,128,0.7083333333333334,0.7130683159069161,1.1333480724988136,0.6307304648661913
2024-07-13,sigma2_half,128,0.7166666666666667,0.7204577748429364,1.1333480724988136,0.6307809207885496
2024-07-13,sigma2_half,128,0.725,0.7280351220041489,1.1333480724988136,0.6308710863564875
2024-07-13,sigma2_half,128,0.7333333333333333,0.7356320370709769,1.1333480724988136,0.6308771318508675
2024-07-13,sigma2_half,128,0.7416666666666667,0.7428135436024302,1.1742586125419778,0.6370215498113767
2024-07-13,sigma2_half,128,0.75,0.756966462846379,1.1742586125419778,0.6371032635166887
2024-07-13,sigma2_half,128,0.7583333333333333,0.7644347330535565,1.1742586125419778,0.6371403421464152
2024-07-13,sigma2_half,128,0.7666666666666666,0.7714581255628472,1.2129908270932517,0.6431682696445394
2024-07-13,sigma2_half,128,0.775,0.7785233839766229,1.2129908270932517,0.6432480210422827
2024-07-13,sigma2_half,128,0.7833333333333333,0.7856008562376335,1.2129908270932517,0.643250857654916
2024-07-13,sigma2_half,128,0.7916666666666666,0.7926116966888987,1.2129908270932517,0.6432784467981747
2024-07-13,sigma2_half,128,0.8,0.8062120953938374,1.24967088594935,0.6492174176776356
2024-07-13,sigma2_half,128,0.8083333333333333,0.8126260011169107,1.24967088594935,0.6492336125755854
2024-07-13,sigma2_half,128,0.8166666666666667,0.8188723012568939,1.24967088594935,0.6493205510287088
2024-07-13,sigma2_half,128,0.825,0.825046254414627,1.2827018274988244,0.6549853621440925
2024-07-13,sigma2_half,128,0.8333333333333334,0.8375963977060477,1.2827018274988244,0.6551999109230479
2024-07-13,sigma2_half,128,0.8416666666666667,0.8435093915765466,1.2827018274988244,0.6552244216381714
2024-07-13,sigma2_half,128,0.85,0.8554146092438645,1.3145488848075164,0.6607605090896653
2024-07-13,sigma2_half,128,0.8583333333333333,0.8613608177624832,1.3145488848075164,0.6608106049653739
2024-07-13,sigma2_half,128,0.8666666666666667,0.8674756431590176,1.3145488848075164,0.6608829848898076
2024-07-13,sigma2_half,128,0.875,0.8785858255987253,1.3445988796084247,0.6661919806126368
2024-07-13,sigma2_half,128,0.8833333333333333,0.8841838308415643,1.3445988796084247,0.6663336007730866
2024-07-13,sigma2_half,128,0.8916666666666666,0.8951911318094871,1.3736331636482149,0.671519573520865
2024-07-13,sigma2_half,128,0.9,0.9002744436189667,1.3736331636482149,0.6715799027950756
2024-07-13,sigma2_half,128,0.9083333333333333,0.9104940807142761,1.3736331636482149,0.6716955388814937
2024-07-13,sigma2_half,128,0.9166666666666666,0.9209874882033245,1.400804462939314,0.6766932164639953
2024-07-13,sigma2_half,128,0.9249999999999999,0.926038190733637,1.400804462939314,0.676781350218316
2024-07-13,sigma2_half,128,0.9333333333333333,0.9360563770012821,1.4261795436412257,0.681484617332761
2024-07-13,sigma2_half,128,0.9416666666666667,0.9459014326165985,1.4261795436412257,0.6816017035842968
2024-07-13,sigma2_half,128,0.95,0.9507453239562057,1.4261795436412257,0.6816076935089759
2024-07-13,sigma2_half,128,0.9583333333333334,0.9587887592531493,1.4476830116099728,0.6862047324740598
2024-07-13,sigma2_half,128,0.9666666666666667,0.9670994506484898,1.4476830116099728,0.6863449486456767
2024-07-13,sigma2_half,128,0.975,0.9759558629275671,1.4646457286180732,0.6905586073451947
2024-07-13,sigma2_half,128,0.9833333333333333,0.9836374385362078,1.4710607388193218,0.6956499220845035
2024-07-13,sigma2_half,128,0.9916666666666667,0.9919380230089816,1.4825193162364256,0.6995596386701035
2024-07-13,sigma2_half,128,1.0,1.0000000000000056,1.4941081867761654,inf
2024-07-13,sigma2_half,256,0.0,0.0,0.0,-inf
2024-07-13,sigma2_half,256,0.008333333333333333,0.008553929517275629,0.017460429652642617,0.013024637046437904
2024-07-13,sigma2_half,256,0.016666666666666666,0.0170000674056912,0.03512725785869046,0.027580370375773752
2024-07-13,sigma2_half,256,0.025,0.025469968700077162,0.052956581936349334,0.04293544046080855
2024-07-13,sigma2_half,256,0.03333333333333333,0.033670541818508516,0.07292658093911017,0.06136217301124727
2024-07-13,sigma2_half,256,0.041666666666666664,0.04245343676675249,0.0895637132886157,0.07705310436242041
2024-07-13,sigma2_half,256,0.05,0.05050735429908452,0.10152992423409675,0.08860902768328145
2024-07-13,sigma2_half,256,0.058333333333333334,0.058970579298027334,0.11958712109079248,0.1070145679915753
2024-07-13,sigma2_half,256,0.06666666666666667,0.06708427838239538,0.1329792024726433,0.11998224956828463
2024-07-13,sigma2_half,256,0.075,0.07527856379436987,0.1459297589687006,0.13379369516374676
2024-07-13,sigma2_half,256,0.08333333333333333,0.08375608510590189,0.16017607922651578,0.14815970668254924
2024-07-13,sigma2_half,256,0.09166666666666666,0.09187945135297687,0.17412812667080962,0.16295748112608083
2024-07-13,sigma2_half,256,0.1,0.10017971038748417,0.18936447889519137,0.17832867816855355
2024-07-13,sigma2_half,256,0.10833333333333334,0.1089389086168679,0.2043498986716871,0.19411150846333525
2024-07-13,sigma2_half,256,0.11666666666666667,0.11672402701298779,0.2207556276050007,0.21033553198544272
2024-07-13,sigma2_half,256,0.125,0.12609158238472803,0.23233111044814347,0.22687715048588947
2024-07-13,sigma2_half,256,0.13333333333333333,0.13345623143128055,0.24935180096859602,0.24376356851655454
2024-07-13,sigma2_half,256,0.14166666666666666,0.1424128337767972,0.25862792374390015,0.25243997412815505
2024-07-13,sigma2_half,256,0.15,0.15034508277609404,0.2761100278188483,0.26980629984176907
2024-07-13,sigma2_half,256,0.15833333333333333,0.15853386250559412,0.2903295860220984,0.27878731331205847
2024-07-13,sigma2_half,256,0.16666666666666666,0.16715767387964828,0.3046743448937494,0.29644880924288264
2024-07-13,sigma2_half,256,0.175,0.17629509124268136,0.31974429643827545,0.30564748311361534
2024-07-13,sigma2_half,256,0.18333333333333332,0.184224775282829,0.3351540927536061,0.3232626961118674
2024-07-13,sigma2_half,256,0.19166666666666665,0.19229692159855843,0.34544011329751456,0.33241131834892645
2024-07-13,sigma2_half,256,0.2,0.2005257488567528,0.3557861446976184,0.34159395644612056
2024-07-13,sigma2_half,256,0.20833333333333334,0.20882972388500662,0.3664808993924785,0.35066809921047926
2024-07-13,sigma2_half,256,0.21666666666666667,0.21741066540183696,0.38905686481449214,0.3687517070180246
2024-07-13,sigma2_half,256,0.225,0.22651662496520553,0.4016181581909035,0.37794435702647255
2024-07-13,sigma2_half,256,0.23333333333333334,0.23400356359939084,0.41345383163434585,0.3868972362826805
2024-07-13,sigma2_half,256,0.24166666666666667,0.2418730652306514,0.42507060967781307,0.3961436443208798
2024-07-13,sigma2_half,256,0.25,0.25173228541265874,0.438643189298836,0.4051792252303817
2024-07-13,sigma2_half,256,0.2583333333333333,0.260071817854519,0.4519623515649702,0.41431365078328625
2024-07-13,sigma2_half,256,0.26666666666666666,0.26677906158769915,0.46594280592713977,0.4233162848053508
2024-07-13,sigma2_half,256,0.275,0.27555846822785846,0.47943938239467593,0.4322739316371441
2024-07-13,sigma2_half,256,0.2833333333333333,0.284890600581764,0.49361923418362774,0.441257254148317
2024-07-13,sigma2_half,256,0.2916666666666667,0.2919827353124819,0.5083121959006737,0.4501418270074357
2024-07-13,sigma2_half,256,0.3,0.3016033362873144,0.5233875133053271,0.4589610524835307
2024-07-13,sigma2_half,256,0.30833333333333335,0.3091513153381835,0.5233875133053271,0.45912805928440836
2024-07-13,sigma2_half,256,0.31666666666666665,0.3168077155809775,0.5385345436773894,0.46793687086946545
2024-07-13,sigma2_half,256,0.325,0.3277268762922021,0.5555569473883736,0.4766544849260532
2024-07-13,sigma2_half,256,0.3333333333333333,0.3359108702115154,0.572197886045737,0.4853358821166542
2024-07-13,sigma2_half,256,0.3416666666666667,0.34452584106021966,0.5891816720777971,0.49389034910810575
2024-07-13,sigma2_half,256,0.35,0.3503449230724386,0.5891816720777971,0.49393242225309864
2024-07-13,sigma2_half,256,0.35833333333333334,0.3596360001182575,0.6072034675918985,0.502473696291829
2024-07-13,sigma2_half,256,0.36666666666666664,0.36916251713531567,0.6258973239787321,0.5108841289420357
2024-07-13,sigma2_half,256,0.375,0.375655100008737,0.6258973239787321,0.5110820804046986
2024-07-13,sigma2_half,256,0.3833333333333333,0.38569152033351395,0.6459790564340987,0.5192572509782143
2024-07-13,sigma2_half,256,0.39166666666666666,0.39242065382704083,0.6459790564340987,0.5194437368721112
2024-07-13,sigma2_half,256,0.4,0.4031698536826517,0.6659673964067149,0.5276582727178332
2024-07-13,sigma2_half,256,0.4083333333333333,0.4103893633892232,0.6859190958013578,0.5357211868865205
2024-07-13,sigma2_half,256,0.4166666666666667,0.41788144807975885,0.6859190958013578,0.535837121191501
2024-07-13,sigma2_half,256,0.425,0.4254720334320345,0.7077428160578845,0.5438359228969044
2024-07-13,sigma2_half,256,0.43333333333333335,0.437017230909052,0.7077428160578845,0.5440253848526417
2024-07-13,sigma2_half,256,0.44166666666666665,0.4453347022009221,0.7318492816331305,0.5519289746063855
2024-07-13,sigma2_half,256,0.45,0.4534798988798317,0.7318492816331305,0.5520765983006544
2024-07-13,sigma2_half,256,0.4583333333333333,0.46225718482942835,0.7560148023261044,0.5597417608358656
2024-07-13,sigma2_half,256,0.4666666666666667,0.46681256346833083,0.7560148023261044,0.5598706744934351
2024-07-13,sigma2_half,256,0.475,0.4759749243311354,0.7806558162402132,0.5673909419650371
2024-07-13,sigma2_half,256,0.48333333333333334,0.4855507118711397,0.7806558162402132,0.5675460269908403
2024-07-13,sigma2_half,256,0.49166666666666664,0.4953711439123728,0.8084926097244751,0.5750730765657437
2024-07-13,sigma2_half,256,0.5,0.5003550212371369,0.8084926097244751,0.5750915754889773
2024-07-13,sigma2_half,256,0.5083333333333333,0.5108455335787052,0.8084926097244751,0.5752352341735082
2024-07-13,sigma2_half,256,0.5166666666666666,0.5217147807657404,0.8389175917919611,0.5826446950977396
2024-07-13,sigma2_half,256,0.525,0.5274065019669707,0.8389175917919611,0.5826661365626767
2024-07-13,sigma2_half,256,0.5333333333333333,0.5392352039383276,0.8717191592572562,0.5899576883915438
2024-07-13,sigma2_half,256,0.5416666666666666,0.545402609641019,0.8717191592572562,0.5900008980507142
2024-07-13,sigma2_half,256,0.55,0.5513835157605048,0.8717191592572562,0.5900461222837345
2024-07-13,sigma2_half,256,0.5583333333333333,0.5642652697095452,0.9086915632801387,0.5971200784478189
2024-07-13,sigma2_half,256,0.5666666666666667,0.5709995080141665,0.9086915632801387,0.5972221379983411
2024-07-13,sigma2_half,256,0.575,0.5776988965937869,0.9086915632801387,0.597266980719805
2024-07-13,sigma2_half,256,0.5833333333333334,0.5843043027970442,0.9086915632801387,0.5972988095719735
2024-07-13,sigma2_half,256,0.5916666666666667,0.591723473369022,0.9494028364731267,0.6041553381069826
2024-07-13,sigma2_half,256,0.6,0.6066494882537985,0.9494028364731267,0.6042228427410027
2024-07-13,sigma2_half,256,0.6083333333333333,0.6142177292168559,0.9494028364731267,0.604287460207391
2024-07-13,sigma2_half,256,0.6166666666666667,0.6217089506690183,0.9920509373623557,0.6109333419146841
2024-07-13,sigma2_half,256,0.625,0.6292607201098571,0.9920509373623557,0.611024298039643
2024-07-13,sigma2_half,256,0.6333333333333333,0.6368620570946473,0.9920509373623557,0.6110285816455252
2024-07-13,sigma2_half,256,0.6416666666666666,0.6446089758210134,0.9920509373623557,0.611036530443676
2024-07-13,sigma2_half,256,0.65,0.652147925392471,1.0339138625516906,0.6177204676155154
2024-07-13,sigma2_half,256,0.6583333333333333,0.659979310550756,1.0339138625516906,0.617727321537651
2024-07-13,sigma2_half,256,0.6666666666666666,0.6674916792901059,1.0339138625516906,0.6178324363401523
2024-07-13,sigma2_half,256,0.675,0.6753151040057116,1.0339138625516906,0.6178910965705642
2024-07-13,sigma2_half,256,0.6833333333333333,0.6906383534634102,1.0756761111961282,0.6242887404626822
2024-07-13,sigma2_half,256,0.6916666666666667,0.6981042191983164,1.0756761111961282,0.6244074903047107
2024-07-13,sigma2_half,256,0.7,0.7057847742517925,1.0756761111961282,0.624421861017395
2024-07-13,sigma2_half,256,0.7083333333333334,0.7130683159069161,1.1170094536292707,0.6307304648661913
2024-07-13,sigma2_half,256,0.7166666666666667,0.7204577748429364,1.1170094536292707,0.6307809207885496
2024-07-13,sigma2_half,256,0.725,0.7280351220041489,1.1170094536292707,0.6308710863564875
2024-07-13,sigma2_half,256,0.7333333333333333,0.7356320370709769,1.1170094536292707,0.6308771318508675
2024-07-13,sigma2_half,256,0.7416666666666667,0.7428135436024302,1.1581853834665436,0.6370215498113767
2024-07-13,sigma2_half,256,0.75,0.756966462846379,1.1581853834665436,0.6371032635166887
2024-07-13,sigma2_half,256,0.7583333333333333,0.7644347330535565,1.1581853834665436,0.6371403421464152
2024-07-13,sigma2_half,256,0.7666666666666666,0.7714581255628472,1.1985513192908825,0.6431682696445394
2024-07-13,sigma2_half,256,0.775,0.7785233839766229,1.1985513192908825,0.6432480210422827
2024-07-13,sigma2_half,256,0.7833333333333333,0.7856008562376335,1.1985513192908825,0.643250857654916
2024-07-13,sigma2_half,256,0.7916666666666666,0.7926116966888987,1.1985513192908825,0.6432784467981747
2024-07-13,sigma2_half,256,0.8,0.8062120953938374,1.2360884311292395,0.6492174176776356
2024-07-13,sigma2_half,256,0.8083333333333333,0.8126260011169107,1.2360884311292395,0.6492336125755854
2024-07-13,sigma2_half,256,0.8166666666666667,0.8188723012568939,1.2360884311292395,0.6493205510287088
2024-07-13,sigma2_half,256,0.825,0.825046254414627,1.271117287396712,0.6549853621440925
2024-07-13,sigma2_half,256,0.8333333333333334,0.8375963977060477,1.271117287396712,0.6551999109230479
2024-07-13,sigma2_half,256,0.8416666666666667,0.8435093915765466,1.271117287396712,0.6552244216381714
2024-07-13,sigma2_half,256,0.85,0.8554146092438645,1.3033802419858669,0.6607605090896653
2024-07-13,sigma2_half,256,0.8583333333333333,0.8613608177624832,1.3033802419858669,0.6608106049653739
2024-07-13,sigma2_half,256,0.8666666666666667,0.8674756431590176,1.3033802419858669,0.6608829848898076
2024-07-13,sigma2_half,256,0.875,0.8785858255987253,1.3346243431673184,0.6661919806126368
2024-07-13,sigma2_half,256,0.8833333333333333,0.8841838308415643,1.3346243431673184,0.6663336007730866
2024-07-13,sigma2_half,256,0.8916666666666666,0.8951911318094871,1.363906953230428,0.671519573520865
2024-07-13,sigma2_half,256,0.9,0.9002744436189667,1.363906953230428,0.6715799027950756
2024-07-13,sigma2_half,256,0.9083333333333333,0.9104940807142761,1.363906953230428,0.6716955388814937
2024-07-13,sigma2_half,256,0.9166666666666666,0.9209874882033245,1.3923527327141576,0.6766932164639953
2024-07-13,sigma2_half,256,0.9249999999999999,0.926038190733637,1.3923527327141576,0.676781350218316
2024-07-13,sigma2_half,256,0.9333333333333333,0.9360563770012821,1.4185902783510669,0.681484617332761
2024-07-13,sigma2_half,256,0.9416666666666667,0.9459014326165985,1.4185902783510669,0.6816017035842968
2024-07-13,sigma2_half,256,0.95,0.9507453239562057,1.4185902783510669,0.6816076935089759
2024-07-13,sigma2_half,256,0.9583333333333334,0.9587887592531493,1.4415455908049621,0.6862047324740598
2024-07-13,sigma2_half,256,0.9666666666666667,0.9670994506484898,1.4415455908049621,0.6863449486456767
2024-07-13,sigma2_half,256,0.975,0.9759558629275671,1.4614791330211858,0.6905586073451947
2024-07-13,sigma2_half,256,0.9833333333333333,0.9836374385362078,1.4686565970318544,0.6956499220845035
2024-07-13,sigma2_half,256,0.9916666666666667,0.9919380230089816,1.4800130690698268,0.6995596386701035
2024-07-13,sigma2_half,256,1.0,1.0000000000000056,1.4941081867761572,inf
2024-07-13,all_ranges_2x,128,0.0,0.0,0.0,-inf
2024-07-13,all_ranges_2x,128,0.008333333333333333,0.008352639148998486,0.011789938988607673,0.01041712974046489
2024-07-13,all_ranges_2x,128,0.016666666666666666,0.016831113058719635,0.026452977928634422,0.023995264511290394
2024-07-13,all_ranges_2x,128,0.025,0.025202874485375917,0.04178938315831746,0.03851797245628272
2024-07-13,all_ranges_2x,128,0.03333333333333333,0.03398309636082112,0.05963807165919239,0.0562176482676196
2024-07-13,all_ranges_2x,128,0.041666666666666664,0.041780233846809796,0.06921795264819626,0.06628297941730586
2024-07-13,all_ranges_2x,128,0.05,0.05036552942583593,0.08551506532850967,0.08265683384132627
2024-07-13,all_ranges_2x,128,0.058333333333333334,0.05853847557428792,0.10210214344111097,0.10060697853365337
2024-07-13,all_ranges_2x,128,0.06666666666666667,0.067353681847064,0.11463739521141696,0.11329435998385631
2024-07-13,all_ranges_2x,128,0.075,0.07545742011952368,0.1266286694163196,0.12686621536964054
2024-07-13,all_ranges_2x,128,0.08333333333333333,0.08385520804098898,0.14655666422843858,0.14803660181309314
2024-07-13,all_ranges_2x,128,0.09166666666666666,0.09170954688417356,0.16019383868567105,0.16283779600960513
2024-07-13,all_ranges_2x,128,0.1,0.1009675799181874,0.1744981226094772,0.17835381832574906
2024-07-13,all_ranges_2x,128,0.10833333333333334,0.10850665273516817,0.18949835569105838,0.19399384583940732
2024-07-13,all_ranges_2x,128,0.11666666666666667,0.11740672164244656,0.20520220624180321,0.21041542430855714
2024-07-13,all_ranges_2x,128,0.125,0.12541571750543626,0.21263363736742627,0.21885145797208702
2024-07-13,all_ranges_2x,128,0.13333333333333333,0.13393217071190025,0.22917595652567005,0.23550305615077527
2024-07-13,all_ranges_2x,128,0.14166666666666666,0.14276654335913797,0.24661449481631145,0.2526233458842914
2024-07-13,all_ranges_2x,128,0.15,0.15056391832800572,0.2552020464890311,0.2614430941513447
2024-07-13,all_ranges_2x,128,0.15833333333333333,0.15871975362709387,0.2737267473397806,0.2789226452617059
2024-07-13,all_ranges_2x,128,0.16666666666666666,0.16716878362562584,0.28310638457017717,0.2879424100420725
2024-07-13,all_ranges_2x,128,0.175,0.17636985854078988,0.30219888942901874,0.3056730275034627
2024-07-13,all_ranges_2x,128,0.18333333333333332,0.1842069423494696,0.31276225924143447,0.3146734921079434
2024-07-13,all_ranges_2x,128,0.19166666666666665,0.19213522661484958,0.32292028631666664,0.32388911412940763
2024-07-13,all_ranges_2x,128,0.2,0.20020362685215737,0.3435316594182141,0.34174407667838236
2024-07-13,all_ranges_2x,128,0.20833333333333334,0.20858068161867566,0.35466302161545576,0.35100057627078035
2024-07-13,all_ranges_2x,128,0.21666666666666667,0.21717111027892683,0.36570591060438107,0.36018604463490744
2024-07-13,all_ranges_2x,128,0.225,0.22605439414468262,0.37771054409080596,0.36939689830582295
2024-07-13,all_ranges_2x,128,0.23333333333333334,0.23356580345209724,0.38953607016642733,0.3785550779831363
2024-07-13,all_ranges_2x,128,0.24166666666666667,0.24314846760582046,0.41434492278998736,0.396634139524523
2024-07-13,all_ranges_2x,128,0.25,0.25112328935416484,0.4273171874411586,0.40569946662456186
2024-07-13,all_ranges_2x,128,0.2583333333333333,0.25925816075808195,0.440953627071701,0.414658183380317
2024-07-13,all_ranges_2x,128,0.26666666666666666,0.2680392951714839,0.45436635297899336,0.4237970748852449
2024-07-13,all_ranges_2x,128,0.275,0.2768686152386739,0.4681001458088572,0.43282575775368853
2024-07-13,all_ranges_2x,128,0.2833333333333333,0.28378405447134325,0.4681001458088572,0.4329498370526215
2024-07-13,all_ranges_2x,128,0.2916666666666667,0.2930693220287585,0.48283236356464326,0.4419857166096388
2024-07-13,all_ranges_2x,128,0.3,0.30036071140737686,0.49772582321528674,0.45087708460217973
2024-07-13,all_ranges_2x,128,0.30833333333333335,0.3102939898293487,0.5125746623836993,0.4597124549882263
2024-07-13,all_ranges_2x,128,0.31666666666666665,0.3182169605648002,0.52904809338981,0.46862785256973666
2024-07-13,all_ranges_2x,128,0.325,0.3263208766036175,0.5457325993159644,0.47723997600398904
2024-07-13,all_ranges_2x,128,0.3333333333333333,0.33438421070935215,0.5457325993159644,0.47746718815809985
2024-07-13,all_ranges_2x,128,0.3416666666666667,0.3429633900079767,0.5623140889458123,0.4861330395284124
2024-07-13,all_ranges_2x,128,0.35,0.35187490931892806,0.580219981880637,0.49469057575806746
2024-07-13,all_ranges_2x,128,0.35833333333333334,0.36074037488419575,0.5985593113395753,0.5031600332002474
2024-07-13,all_ranges_2x,128,0.36666666666666664,0.3670970816097034,0.5985593113395753,0.5033038843851403
2024-07-13,all_ranges_2x,128,0.375,0.3766776815177888,0.6180476144908038,0.5117675975036922
2024-07-13,all_ranges_2x,128,0.3833333333333333,0.3834736970819092,0.6180476144908038,0.5117974744207898
2024-07-13,all_ranges_2x,128,0.39166666666666666,0.39364201173176167,0.6380257193781114,0.520136564378957
2024-07-13,all_ranges_2x,128,0.4,0.40070587476336134,0.6574275342649771,0.5283741868627986
2024-07-13,all_ranges_2x,128,0.4083333333333333,0.4113720606288512,0.6574275342649771,0.5285417452161738
2024-07-13,all_ranges_2x,128,0.4166666666666667,0.41889458102417104,0.6786701832144263,0.5366299681321238
2024-07-13,all_ranges_2x,128,0.425,0.42642522123254034,0.6786701832144263,0.5367534177525758
2024-07-13,all_ranges_2x,128,0.43333333333333335,0.4343761318960831,0.7023694090080974,0.5447779499309342
2024-07-13,all_ranges_2x,128,0.44166666666666665,0.4419954534123511,0.7023694090080974,0.5448798521460061
2024-07-13,all_ranges_2x,128,0.45,0.4504417902437291,0.7264185516071421,0.5527622493902449
2024-07-13,all_ranges_2x,128,0.4583333333333333,0.4588602520933076,0.7264185516071421,0.5529392178580117
2024-07-13,all_ranges_2x,128,0.4666666666666667,0.46777516185759604,0.7502736754478513,0.5606625638823345
2024-07-13,all_ranges_2x,128,0.475,0.47712029268203404,0.7502736754478513,0.5607958305290817
2024-07-13,all_ranges_2x,128,0.48333333333333334,0.48658533988357816,0.777138775464399,0.5684641831790785
2024-07-13,all_ranges_2x,128,0.49166666666666664,0.49629009672668106,0.777138775464399,0.5685295813963698
2024-07-13,all_ranges_2x,128,0.5,0.5014153014535154,0.8065528356537015,0.5760151602131547
2024-07-13,all_ranges_2x,128,0.5083333333333333,0.5119574916385474,0.8065528356537015,0.576115694860113
2024-07-13,all_ranges_2x,128,0.5166666666666666,0.5172557195127981,0.8065528356537015,0.5761466633087378
2024-07-13,all_ranges_2x,128,0.525,0.5284047395533635,0.8379194492667095,0.5835658033778202
2024-07-13,all_ranges_2x,128,0.5333333333333333,0.5340050339065229,0.8379194492667095,0.5836199333177781
2024-07-13,all_ranges_2x,128,0.5416666666666666,0.5460599141000387,0.8735311829959787,0.5909115801788197
2024-07-13,all_ranges_2x,128,0.55,0.5524072180524272,0.8735311829959787,0.5909558499324781
2024-07-13,all_ranges_2x,128,0.5583333333333333,0.5585978583775568,0.8735311829959787,0.5909587508649223
2024-07-13,all_ranges_2x,128,0.5666666666666667,0.5715833580676343,0.9127244681645345,0.5980621014417573
2024-07-13,all_ranges_2x,128,0.575,0.5785433337317801,0.9127244681645345,0.5981644644078831
2024-07-13,all_ranges_2x,128,0.5833333333333334,0.5854178653509305,0.9127244681645345,0.5982012471343939
2024-07-13,all_ranges_2x,128,0.5916666666666667,0.5923102047369073,0.9127244681645345,0.5982573827079462
2024-07-13,all_ranges_2x,128,0.6,0.6073013986327123,0.9544608263648537,0.6051359882431374
2024-07-13,all_ranges_2x,128,0.6083333333333333,0.6149576760834108,0.9544608263648537,0.6051826416928221
2024-07-13,all_ranges_2x,128,0.6166666666666667,0.6226668146025731,0.9544608263648537,0.6051861388819149
2024-07-13,all_ranges_2x,128,0.625,0.6300919382578981,0.9952676635816035,0.6119380782679679
2024-07-13,all_ranges_2x,128,0.6333333333333333,0.6377012233837995,0.9952676635816035,0.6119696617116375
2024-07-13,all_ranges_2x,128,0.6416666666666666,0.6451057047013208,0.9952676635816035,0.6119858995644739
2024-07-13,all_ranges_2x,128,0.65,0.6528048679605033,0.9952676635816035,0.6120321517674139
2024-07-13,all_ranges_2x,128,0.6583333333333333,0.6603805892946635,1.036756585374334,0.6187162459571565
2024-07-13,all_ranges_2x,128,0.6666666666666666,0.6681501489315312,1.036756585374334,0.618739476118178
2024-07-13,all_ranges_2x,128,0.675,0.6760056486680662,1.036756585374334,0.6187702963176366
2024-07-13,all_ranges_2x,128,0.6833333333333333,0.6835459499705521,1.036756585374334,0.618789336073583
2024-07-13,all_ranges_2x,128,0.6916666666666667,0.6986600253357401,1.0784433437796155,0.6253344281290185
2024-07-13,all_ranges_2x,128,0.7,0.7063084503461193,1.0784433437796155,0.6253836518783409
2024-07-13,all_ranges_2x,128,0.7083333333333334,0.7137564062091188,1.0784433437796155,0.625435897592104
2024-07-13,all_ranges_2x,128,0.7166666666666667,0.7209291919628352,1.1187367826651502,0.6317539985594363
2024-07-13,all_ranges_2x,128,0.725,0.7283507170319349,1.1187367826651502,0.6318593311674282
2024-07-13,all_ranges_2x,128,0.7333333333333333,0.7359223201001414,1.1187367826651502,0.6318599907499953
2024-07-13,all_ranges_2x,128,0.7416666666666667,0.7435051220386012,1.1187367826651502,0.6318833857424623
2024-07-13,all_ranges_2x,128,0.75,0.7504915245648912,1.159522534259002,0.6381474209652512
2024-07-13,all_ranges_2x,128,0.7583333333333333,0.7649658446297362,1.159522534259002,0.6381731300309955
2024-07-13,all_ranges_2x,128,0.7666666666666666,0.7720859185581112,1.159522534259002,0.6381768287541423
2024-07-13,all_ranges_2x,128,0.775,0.7789342209712309,1.1977862223327733,0.644252413558087
2024-07-13,all_ranges_2x,128,0.7833333333333333,0.7860169428434345,1.1977862223327733,0.6442882909513314
2024-07-13,all_ranges_2x,128,0.7916666666666666,0.7929731935977745,1.1977862223327733,0.6442916488721505
2024-07-13,all_ranges_2x,128,0.8,0.8067523704857933,1.2339387791693224,0.6502499649893482
2024-07-13,all_ranges_2x,128,0.8083333333333333,0.8133867658554123,1.2339387791693224,0.6502902841688867
2024-07-13,all_ranges_2x,128,0.8166666666666667,0.8196257899213754,1.2339387791693224,0.6503093134378835
2024-07-13,all_ranges_2x,128,0.825,0.8258051312162289,1.2339387791693224,0.6503412920384037
2024-07-13,all_ranges_2x,128,0.8333333333333334,0.8381414694707672,1.2665626582852427,0.6561331477004811
2024-07-13,all_ranges_2x,128,0.8416666666666667,0.8444170124784913,1.2665626582852427,0.6562324235100948
2024-07-13,all_ranges_2x,128,0.85,0.8504175164578677,1.2665626582852427,0.6562883485251964
2024-07-13,all_ranges_2x,128,0.8583333333333333,0.862253946425275,1.298309318485253,0.661870889825313
2024-07-13,all_ranges_2x,128,0.8666666666666667,0.868107289543894,1.298309318485253,0.6618744293118657
2024-07-13,all_ranges_2x,128,0.875,0.8796947886134134,1.3276557566303804,0.6673186685169398
2024-07-13,all_ranges_2x,128,0.8833333333333333,0.8850782274457061,1.3276557566303804,0.6673301548414221
2024-07-13,all_ranges_2x,128,0.8916666666666666,0.8961376275507932,1.3276557566303804,0.6673965874433918
2024-07-13,all_ranges_2x,128,0.9,0.9014903692099138,1.3567235428438027,0.6726474669692061
2024-07-13,all_ranges_2x,128,0.9083333333333333,0.9119762622260476,1.3567235428438027,0.6727612715159174
2024-07-13,all_ranges_2x,128,0.9166666666666666,0.9168905695570004,1.3567235428438027,0.6727923679088407
2024-07-13,all_ranges_2x,128,0.9249999999999999,0.9273439267043292,1.3832090374370642,0.6777932674853846
2024-07-13,all_ranges_2x,128,0.9333333333333333,0.9376617094460625,1.3832090374370642,0.6778875247240115
2024-07-13,all_ranges_2x,128,0.9416666666666667,0.9424112701907362,1.4076814658944745,0.6825139141309579
2024-07-13,all_ranges_2x,128,0.95,0.9515401983008656,1.4076814658944745,0.6826573226229216
2024-07-13,all_ranges_2x,128,0.9583333333333334,0.9600227141141262,1.4287369173835816,0.6872129564168766
2024-07-13,all_ranges_2x,128,0.9666666666666667,0.9677642720911367,1.4287369173835816,0.6873112179915137
2024-07-13,all_ranges_2x,128,0.975,0.9759864728466644,1.4415426401233435,0.6913851094751832
2024-07-13,all_ranges_2x,128,0.9833333333333333,0.9848942275339735,1.4495240975798795,0.6970752371683622
2024-07-13,all_ranges_2x,128,0.9916666666666667,0.9919513996246899,1.459897333784248,0.7006252073983522
2024-07-13,all_ranges_2x,128,1.0,0.9999999999999946,1.469190405718686,inf
2024-07-13,all_ranges_2x,256,0.0,0.0,0.0,-inf
2024-07-13,all_ranges_2x,256,0.008333333333333333,0.008352639148998486,0.010855982542685324,0.01041712974046489
2024-07-13,all_ranges_2x,256,0.016666666666666666,0.016831113058719635,0.026869466416987495,0.023995264511290394
2024-07-13,all_ranges_2x,256,0.025,0.025202874485375917,0.04226967929109543,0.03851797245628272
2024-07-13,all_ranges_2x,256,0.03333333333333333,0.03398309636082112,0.060125973559516585,0.0562176482676196
2024-07-13,all_ranges_2x,256,0.041666666666666664,0.041780233846809796,0.06990210688857543,0.06628297941730586
2024-07-13,all_ranges_2x,256,0.05,0.05036552942583593,0.08614170687213162,0.08265683384132627
2024-07-13,all_ranges_2x,256,0.058333333333333334,0.05853847557428792,0.10280479823084088,0.10060697853365337
2024-07-13,all_ranges_2x,256,0.06666666666666667,0.067353681847064,0.11233032570055286,0.11329435998385631
2024-07-13,all_ranges_2x,256,0.075,0.07545742011952368,0.12438067551255559,0.12686621536964054
2024-07-13,all_ranges_2x,256,0.08333333333333333,0.08385520804098898,0.14410473558106376,0.14803660181309314
2024-07-13,all_ranges_2x,256,0.09166666666666666,0.09170954688417356,0.1573312190160823,0.16283779600960513
2024-07-13,all_ranges_2x,256,0.1,0.1009675799181874,0.17157023620424686,0.17835381832574906
2024-07-13,all_ranges_2x,256,0.10833333333333334,0.10850665273516817,0.1864601491047292,0.19399384583940732
2024-07-13,all_ranges_2x,256,0.11666666666666667,0.11740672164244656,0.20216565488980337,0.21041542430855714
2024-07-13,all_ranges_2x,256,0.125,0.12541571750543626,0.20966892862520567,0.21885145797208702
2024-07-13,all_ranges_2x,256,0.13333333333333333,0.13393217071190025,0.22597219323323875,0.23550305615077527
2024-07-13,all_ranges_2x,256,0.14166666666666666,0.14276654335913797,0.2431237958552793,0.2526233458842914
2024-07-13,all_ranges_2x,256,0.15,0.15056391832800572,0.2516891914132649,0.2614430941513447
2024-07-13,all_ranges_2x,256,0.15833333333333333,0.15871975362709387,0.26991834001950715,0.2789226452617059
2024-07-13,all_ranges_2x,256,0.16666666666666666,0.16716878362562584,0.27877952661796646,0.2879424100420725
2024-07-13,all_ranges_2x,256,0.175,0.17636985854078988,0.29852775909338186,0.3056730275034627
2024-07-13,all_ranges_2x,256,0.18333333333333332,0.1842069423494696,0.3083314697760492,0.3146734921079434
2024-07-13,all_ranges_2x,256,0.19166666666666665,0.19213522661484958,0.31857091075079985,0.32388911412940763
2024-07-13,all_ranges_2x,256,0.2,0.20020362685215737,0.3389773005943766,0.34174407667838236
2024-07-13,all_ranges_2x,256,0.20833333333333334,0.20858068161867566,0.3498787428525386,0.35100057627078035
2024-07-13,all_ranges_2x,256,0.21666666666666667,0.21717111027892683,0.3609733621627356,0.36018604463490744
2024-07-13,all_ranges_2x,256,0.225,0.22605439414468262,0.37221516154197615,0.36939689830582295
2024-07-13,all_ranges_2x,256,0.23333333333333334,0.23356580345209724,0.38492839685869756,0.3785550779831363
2024-07-13,all_ranges_2x,256,0.24166666666666667,0.24314846760582046,0.40860639457039255,0.396634139524523
2024-07-13,all_ranges_2x,256,0.25,0.25112328935416484,0.4216379172471739,0.40569946662456186
2024-07-13,all_ranges_2x,256,0.2583333333333333,0.25925816075808195,0.43529767170665096,0.414658183380317
2024-07-13,all_ranges_2x,256,0.26666666666666666,0.2680392951714839,0.4486590834426168,0.4237970748852449
2024-07-13,all_ranges_2x,256,0.275,0.2768686152386739,0.4621746633170525,0.43282575775368853
2024-07-13,all_ranges_2x,256,0.2833333333333333,0.28378405447134325,0.4621746633170525,0.4329498370526215
2024-07-13,all_ranges_2x,256,0.2916666666666667,0.2930693220287585,0.47686358494140557,0.4419857166096388
2024-07-13,all_ranges_2x,256,0.3,0.30036071140737686,0.4913139979038938,0.45087708460217973
2024-07-13,all_ranges_2x,256,0.30833333333333335,0.3102939898293487,0.5061901448979497,0.4597124549882263
2024-07-13,all_ranges_2x,256,0.31666666666666665,0.3182169605648002,0.521564657636566,0.46862785256973666
2024-07-13,all_ranges_2x,256,0.325,0.3263208766036175,0.5384348797564799,0.47723997600398904
2024-07-13,all_ranges_2x,256,0.3333333333333333,0.33438421070935215,0.5384348797564799,0.47746718815809985
2024-07-13,all_ranges_2x,256,0.3416666666666667,0.3429633900079767,0.5552398778210558,0.4861330395284124
2024-07-13,all_ranges_2x,256,0.35,0.35187490931892806,0.5726122979727484,0.49469057575806746
2024-07-13,all_ranges_2x,256,0.35833333333333334,0.36074037488419575,0.5906793753666021,0.5031600332002474
2024-07-13,all_ranges_2x,256,0.36666666666666664,0.3670970816097034,0.5906793753666021,0.5033038843851403
2024-07-13,all_ranges_2x,256,0.375,0.3766776815177888,0.6095740930278014,0.5117675975036922
2024-07-13,all_ranges_2x,256,0.3833333333333333,0.3834736970819092,0.6095740930278014,0.5117974744207898
2024-07-13,all_ranges_2x,256,0.39166666666666666,0.39364201173176167,0.6296096461977967,0.520136564378957
2024-07-13,all_ranges_2x,256,0.4,0.40070587476336134,0.6492407453819129,0.5283741868627986
2024-07-13,all_ranges_2x,256,0.4083333333333333,0.4113720606288512,0.6492407453819129,0.5285417452161738
2024-07-13,all_ranges_2x,256,0.4166666666666667,0.41889458102417104,0.6694224203013126,0.5366299681321238
2024-07-13,all_ranges_2x,256,0.425,0.42642522123254034,0.6694224203013126,0.5367534177525758
2024-07-13,all_ranges_2x,256,0.43333333333333335,0.4343761318960831,0.6920497697107183,0.5447779499309342
2024-07-13,all_ranges_2x,256,0.44166666666666665,0.4419954534123511,0.6920497697107183,0.5448798521460061
2024-07-13,all_ranges_2x,256,0.45,0.4504417902437291,0.71625580337421,0.5527622493902449
2024-07-13,all_ranges_2x,256,0.4583333333333333,0.4588602520933076,0.71625580337421,0.5529392178580117
2024-07-13,all_ranges_2x,256,0.4666666666666667,0.46777516185759604,0.739772195901596,0.5606625638823345
2024-07-13,all_ranges_2x,256,0.475,0.47712029268203404,0.739772195901596,0.5607958305290817
2024-07-13,all_ranges_2x,256,0.48333333333333334,0.48658533988357816,0.7653845187912544,0.5684641831790785
2024-07-13,all_ranges_2x,256,0.49166666666666664,0.49629009672668106,0.7653845187912544,0.5685295813963698
2024-07-13,all_ranges_2x,256,0.5,0.5014153014535154,0.794570940957627,0.5760151602131547
2024-07-13,all_ranges_2x,256,0.5083333333333333,0.5119574916385474,0.794570940957627,0.576115694860113
2024-07-13,all_ranges_2x,256,0.5166666666666666,0.5172557195127981,0.794570940957627,0.5761466633087378
2024-07-13,all_ranges_2x,256,0.525,0.5284047395533635,0.8248428638934636,0.5835658033778202
2024-07-13,all_ranges_2x,256,0.5333333333333333,0.5340050339065229,0.8248428638934636,0.5836199333177781
2024-07-13,all_ranges_2x,256,0.5416666666666666,0.5460599141000387,0.8592231040778535,0.5909115801788197
2024-07-13,all_ranges_2x,256,0.55,0.5524072180524272,0.8592231040778535,0.5909558499324781
2024-07-13,all_ranges_2x,256,0.5583333333333333,0.5585978583775568,0.8592231040778535,0.5909587508649223
2024-07-13,all_ranges_2x,256,0.5666666666666667,0.5715833580676343,0.8972008698758691,0.5980621014417573
2024-07-13,all_ranges_2x,256,0.575,0.5785433337317801,0.8972008698758691,0.5981644644078831
2024-07-13,all_ranges_2x,256,0.5833333333333334,0.5854178653509305,0.8972008698758691,0.5982012471343939
2024-07-13,all_ranges_2x,256,0.5916666666666667,0.5923102047369073,0.8972008698758691,0.5982573827079462
2024-07-13,all_ranges_2x,256,0.6,0.6073013986327123,0.9388926955424681,0.6051359882431374
2024-07-13,all_ranges_2x,256,0.6083333333333333,0.6149576760834108,0.9388926955424681,0.6051826416928221
2024-07-13,all_ranges_2x,256,0.6166666666666667,0.6226668146025731,0.9388926955424681,0.6051861388819149
2024-07-13,all_ranges_2x,256,0.625,0.6300919382578981,0.9804107823997873,0.6119380782679679
2024-07-13,all_ranges_2x,256,0.6333333333333333,0.6377012233837995,0.9804107823997873,0.6119696617116375
2024-07-13,all_ranges_2x,256,0.6416666666666666,0.6451057047013208,0.9804107823997873,0.6119858995644739
2024-07-13,all_ranges_2x,256,0.65,0.6528048679605033,0.9804107823997873,0.6120321517674139
2024-07-13,all_ranges_2x,256,0.6583333333333333,0.6603805892946635,1.0228191671016231,0.6187162459571565
2024-07-13,all_ranges_2x,256,0.6666666666666666,0.6681501489315312,1.0228191671016231,0.618739476118178
2024-07-13,all_ranges_2x,256,0.675,0.6760056486680662,1.0228191671016231,0.6187702963176366
2024-07-13,all_ranges_2x,256,0.6833333333333333,0.6835459499705521,1.0228191671016231,0.618789336073583
2024-07-13,all_ranges_2x,256,0.6916666666666667,0.6986600253357401,1.0650130043940844,0.6253344281290185
2024-07-13,all_ranges_2x,256,0.7,0.7063084503461193,1.0650130043940844,0.6253836518783409
2024-07-13,all_ranges_2x,256,0.7083333333333334,0.7137564062091188,1.0650130043940844,0.625435897592104
2024-07-13,all_ranges_2x,256,0.7166666666666667,0.7209291919628352,1.1056516897183828,0.6317539985594363
2024-07-13,all_ranges_2x,256,0.725,0.7283507170319349,1.1056516897183828,0.6318593311674282
2024-07-13,all_ranges_2x,256,0.7333333333333333,0.7359223201001414,1.1056516897183828,0.6318599907499953
2024-07-13,all_ranges_2x,256,0.7416666666666667,0.7435051220386012,1.1056516897183828,0.6318833857424623
2024-07-13,all_ranges_2x,256,0.75,0.7504915245648912,1.1468878428657643,0.6381474209652512
2024-07-13,all_ranges_2x,256,0.7583333333333333,0.7649658446297362,1.1468878428657643,0.6381731300309955
2024-07-13,all_ranges_2x,256,0.7666666666666666,0.7720859185581112,1.1468878428657643,0.6381768287541423
2024-07-13,all_ranges_2x,256,0.775,0.7789342209712309,1.1862577676783719,0.644252413558087
2024-07-13,all_ranges_2x,256,0.7833333333333333,0.7860169428434345,1.1862577676783719,0.6442882909513314
2024-07-13,all_ranges_2x,256,0.7916666666666666,0.7929731935977745,1.1862577676783719,0.6442916488721505
2024-07-13,all_ranges_2x,256,0.8,0.8067523704857933,1.223971047428154,0.6502499649893482
2024-07-13,all_ranges_2x,256,0.8083333333333333,0.8133867658554123,1.223971047428154,0.6502902841688867
2024-07-13,all_ranges_2x,256,0.8166666666666667,0.8196257899213754,1.223971047428154,0.6503093134378835
2024-07-13,all_ranges_2x,256,0.825,0.8258051312162289,1.223971047428154,0.6503412920384037
2024-07-13,all_ranges_2x,256,0.8333333333333334,0.8381414694707672,1.257363836239472,0.6561331477004811
2024-07-13,all_ranges_2x,256,0.8416666666666667,0.8444170124784913,1.257363836239472,0.6562324235100948
2024-07-13,all_ranges_2x,256,0.85,0.8504175164578677,1.257363836239472,0.6562883485251964
2024-07-13,all_ranges_2x,256,0.8583333333333333,0.862253946425275,1.2898991590185453,0.661870889825313
2024-07-13,all_ranges_2x,256,0.8666666666666667,0.868107289543894,1.2898991590185453,0.6618744293118657
2024-07-13,all_ranges_2x,256,0.875,0.8796947886134134,1.3203987284666003,0.6673186685169398
2024-07-13,all_ranges_2x,256,0.8833333333333333,0.8850782274457061,1.3203987284666003,0.6673301548414221
2024-07-13,all_ranges_2x,256,0.8916666666666666,0.8961376275507932,1.3203987284666003,0.6673965874433918
2024-07-13,all_ranges_2x,256,0.9,0.9014903692099138,1.3500403907832288,0.6726474669692061
2024-07-13,all_ranges_2x,256,0.9083333333333333,0.9119762622260476,1.3500403907832288,0.6727612715159174
2024-07-13,all_ranges_2x,256,0.9166666666666666,0.9168905695570004,1.3500403907832288,0.6727923679088407
2024-07-13,all_ranges_2x,256,0.9249999999999999,0.9273439267043292,1.377756651395195,0.6777932674853846
2024-07-13,all_ranges_2x,256,0.9333333333333333,0.9376617094460625,1.377756651395195,0.6778875247240115
2024-07-13,all_ranges_2x,256,0.9416666666666667,0.9424112701907362,1.403517926370745,0.6825139141309579
2024-07-13,all_ranges_2x,256,0.95,0.9515401983008656,1.403517926370745,0.6826573226229216
2024-07-13,all_ranges_2x,256,0.9583333333333334,0.9600227141141262,1.4145264817486736,0.6872129564168766
2024-07-13,all_ranges_2x,256,0.9666666666666667,0.9677642720911367,1.4145264817486736,0.6873112179915137
2024-07-13,all_ranges_2x,256,0.975,0.9759864728466644,1.435246629754557,0.6913851094751832
2024-07-13,all_ranges_2x,256,0.9833333333333333,0.9848942275339735,1.4476064842715741,0.6970752371683622
2024-07-13,all_ranges_2x,256,0.9916666666666667,0.9919513996246899,1.4536681174918857,0.7006252073983522
2024-07-13,all_ranges_2x,256,1.0,0.9999999999999946,1.469190405718703,inf
2024-07-13,all_ranges_half,128,0.0,0.0,0.0,-inf
2024-07-13,all_ranges_half,128,0.008333333333333333,0.008334756509462022,0.012850163825233468,0.006730687148571969
2024-07-13,all_ranges_half,128,0.016666666666666666,0.016742519005964226,0.0194052611842121,0.010936261512788736
2024-07-13,all_ranges_half,128,0.025,0.025709384853594665,0.026806586516279946,0.016088356961453512
2024-07-13,all_ranges_half,128,0.03333333333333333,0.033741835956747526,0.034525514788610726,0.022249676771423393
2024-07-13,all_ranges_half,128,0.041666666666666664,0.042193396126657214,0.04025495313303327,0.02687106825051376
2024-07-13,all_ranges_half,128,0.05,0.0503755182040416,0.04326277785577896,0.029462299437555947
2024-07-13,all_ranges_half,128,0.058333333333333334,0.05890973276703313,0.04897900257562464,0.034776091163503074
2024-07-13,all_ranges_half,128,0.06666666666666667,0.0666691526491778,0.055246189939126285,0.0403758916811831
2024-07-13,all_ranges_half,128,0.075,0.07551739009789002,0.058351576493552645,0.04352211669493927
2024-07-13,all_ranges_half,128,0.08333333333333333,0.08338108887235723,0.06477703110919962,0.049841901291422706
2024-07-13,all_ranges_half,128,0.09166666666666666,0.09167325111269749,0.06805983928924823,0.05316670436691489
2024-07-13,all_ranges_half,128,0.1,0.10144324780813196,0.07465811255108115,0.060042160610588986
2024-07-13,all_ranges_half,128,0.10833333333333334,0.1086298315899,0.07787785940271262,0.06366625231118322
2024-07-13,all_ranges_half,128,0.11666666666666667,0.11722866578827637,0.08494541052744305,0.07106753628680376
2024-07-13,all_ranges_half,128,0.125,0.12637815042267644,0.08837823436888487,0.0749592128778917
2024-07-13,all_ranges_half,128,0.13333333333333333,0.13419972211134193,0.09572222843137725,0.08282571088881156
2024-07-13,all_ranges_half,128,0.14166666666666666,0.14215675062971855,0.0995488730795013,0.0868880788335815
2024-07-13,all_ranges_half,128,0.15,0.15027749391071513,0.10326448206143518,0.09102731549688049
2024-07-13,all_ranges_half,128,0.15833333333333333,0.15854927580679085,0.10720778903740646,0.09532847162534507
2024-07-13,all_ranges_half,128,0.16666666666666666,0.1673141907362615,0.1151704902153126,0.10385479404555406
2024-07-13,all_ranges_half,128,0.175,0.17631724609369753,0.11924425435416405,0.10829098960810857
2024-07-13,all_ranges_half,128,0.18333333333333332,0.1836669448393068,0.12348399069776397,0.11273274899663792
2024-07-13,all_ranges_half,128,0.19166666666666665,0.19286008586126377,0.12782282909934325,0.11727467691365319
2024-07-13,all_ranges_half,128,0.2,0.20033078106983487,0.13208099368110504,0.12184339401184147
2024-07-13,all_ranges_half,128,0.20833333333333334,0.2098435535753961,0.13653684668984625,0.12649337931970572
2024-07-13,all_ranges_half,128,0.21666666666666667,0.21744190812664593,0.14098436293549654,0.1311905466127678
2024-07-13,all_ranges_half,128,0.225,0.2252743834164703,0.14586272932828817,0.13593060590279465
2024-07-13,all_ranges_half,128,0.23333333333333334,0.23350032624977468,0.1507918501788636,0.1406920497215357
2024-07-13,all_ranges_half,128,0.24166666666666667,0.2417564251311769,0.15553740969695423,0.14555502567319986
2024-07-13,all_ranges_half,128,0.25,0.250356990714789,0.16072982720872736,0.15031308664672483
2024-07-13,all_ranges_half,128,0.2583333333333333,0.2590420274416794,0.1660811746590863,0.15525587994958073
2024-07-13,all_ranges_half,128,0.26666666666666666,0.26812180096983496,0.17172507757041808,0.1601275377171722
2024-07-13,all_ranges_half,128,0.275,0.27514059798108426,0.177043117037668,0.16498457848705186
2024-07-13,all_ranges_half,128,0.2833333333333333,0.28456014622028253,0.1826688041098966,0.16995905588838683
2024-07-13,all_ranges_half,128,0.2916666666666667,0.29398694546595666,0.18835452833965322,0.17495785105508085
2024-07-13,all_ranges_half,128,0.3,0.3015319214036156,0.1943683546903989,0.17992054415265354
2024-07-13,all_ranges_half,128,0.30833333333333335,0.30883623697185764,0.20056257376432096,0.18480270438213892
2024-07-13,all_ranges_half,128,0.31666666666666665,0.3189977303638064,0.2069930620466465,0.18995960192854955
2024-07-13,all_ranges_half,128,0.325,0.3269267837209849,0.2069930620466465,0.1900430445085017
2024-07-13,all_ranges_half,128,0.3333333333333333,0.3350719071773509,0.2135773530498905,0.19509214921704424
2024-07-13,all_ranges_half,128,0.3416666666666667,0.34322149742366365,0.22017816435279763,0.20001912194184818
2024-07-13,all_ranges_half,128,0.35,0.3517401069794903,0.22729831930488548,0.20510470701624925
2024-07-13,all_ranges_half,128,0.35833333333333334,0.3603389112998168,0.22729831930488548,0.20518180307328351
2024-07-13,all_ranges_half,128,0.36666666666666664,0.3692903396385192,0.23463474930572498,0.21018819254484106
2024-07-13,all_ranges_half,128,0.375,0.37534976412918764,0.24232398874428476,0.21516362975652228
2024-07-13,all_ranges_half,128,0.3833333333333333,0.38467208486507254,0.24232398874428476,0.21526799269263763
2024-07-13,all_ranges_half,128,0.39166666666666666,0.3942156829350354,0.2501225848857665,0.22027017758955586
2024-07-13,all_ranges_half,128,0.4,0.4006228225705035,0.2576762120851864,0.22524347212746343
2024-07-13,all_ranges_half,128,0.4083333333333333,0.41045751873155784,0.2576762120851864,0.22530930204557278
2024-07-13,all_ranges_half,128,0.4166666666666667,0.41736118789395127,0.26590270714934144,0.23026098660403121
2024-07-13,all_ranges_half,128,0.425,0.4276710434186001,0.274843521345088,0.23521685978236417
2024-07-13,all_ranges_half,128,0.43333333333333335,0.4345574072685198,0.274843521345088,0.23529102842629962
2024-07-13,all_ranges_half,128,0.44166666666666665,0.44189284074029433,0.28416911432912134,0.24026105512354196
2024-07-13,all_ranges_half,128,0.45,0.45273819905532414,0.28416911432912134,0.24033918662617906
2024-07-13,all_ranges_half,128,0.4583333333333333,0.4605314761096493,0.29322457906728283,0.24523461518590603
2024-07-13,all_ranges_half,128,0.4666666666666667,0.46845342839027687,0.29322457906728283,0.2452699851191829
2024-07-13,all_ranges_half,128,0.475,0.4766172256045292,0.30328339004824845,0.25019932612431994
2024-07-13,all_ranges_half,128,0.48333333333333334,0.4849209618390826,0.30328339004824845,0.25021993523481495
2024-07-13,all_ranges_half,128,0.49166666666666664,0.49355831586128734,0.3140273286702995,0.2551150659231484
2024-07-13,all_ranges_half,128,0.5,0.5021314768196543,0.3140273286702995,0.2551433942965401
2024-07-13,all_ranges_half,128,0.5083333333333333,0.5112029355140078,0.32564076796984787,0.25999132085489207
2024-07-13,all_ranges_half,128,0.5166666666666666,0.5204008504638191,0.32564076796984787,0.2600188481618095
2024-07-13,all_ranges_half,128,0.525,0.5252980725958335,0.338006746148057,0.2647536618971219
2024-07-13,all_ranges_half,128,0.5333333333333333,0.5346958404930355,0.338006746148057,0.2648500329186577
2024-07-13,all_ranges_half,128,0.5416666666666666,0.5449590070343197,0.351646938813611,0.26957842546571903
2024-07-13,all_ranges_half,128,0.55,0.5502829541452225,0.351646938813611,0.2695935054110687
2024-07-13,all_ranges_half,128,0.5583333333333333,0.5607660003088027,0.351646938813611,0.26971030540740276
2024-07-13,all_ranges_half,128,0.5666666666666667,0.5723161559071493,0.36645229978563076,0.27438961916834453
2024-07-13,all_ranges_half,128,0.575,0.5781367371757613,0.36645229978563076,0.2744172044293532
2024-07-13,all_ranges_half,128,0.5833333333333334,0.5839886584834848,0.36645229978563076,0.2744268656494717
2024-07-13,all_ranges_half,128,0.5916666666666667,0.5968930725811005,0.38282312372671173,0.2790233032805947
2024-07-13,all_ranges_half,128,0.6,0.6035015487828146,0.38282312372671173,0.2790237328613406
2024-07-13,all_ranges_half,128,0.6083333333333333,0.6099289806243889,0.38282312372671173,0.2790532813507007
2024-07-13,all_ranges_half,128,0.6166666666666667,0.6228431164101116,0.39904331305991614,0.283592079554632
2024-07-13,all_ranges_half,128,0.625,0.6292243281764103,0.39904331305991614,0.28360424106236964
2024-07-13,all_ranges_half,128,0.6333333333333333,0.6354460955877523,0.39904331305991614,0.2836326414916484
2024-07-13,all_ranges_half,128,0.6416666666666666,0.6478274510009376,0.4154241692687045,0.28822410838632995
2024-07-13,all_ranges_half,128,0.65,0.6541701941263565,0.4154241692687045,0.288238186088257
2024-07-13,all_ranges_half,128,0.6583333333333333,0.6603967452559752,0.4154241692687045,0.2882460285949849
2024-07-13,all_ranges_half,128,0.6666666666666666,0.6669346506785109,0.4315406328772689,0.292741897955069
2024-07-13,all_ranges_half,128,0.675,0.6798265552510069,0.4315406328772689,0.2927776250408857
2024-07-13,all_ranges_half,128,0.6833333333333333,0.6861192411557561,0.4315406328772689,0.29279456914528434
2024-07-13,all_ranges_half,128,0.6916666666666667,0.6927249345705067,0.44881913494626025,0.29720779579869067
2024-07-13,all_ranges_half,128,0.7,0.7058516264320377,0.44881913494626025,0.2972385138737357
2024-07-13,all_ranges_half,128,0.7083333333333334,0.7126618397878799,0.44881913494626025,0.2972468770388707
2024-07-13,all_ranges_half,128,0.7166666666666667,0.7189273633392989,0.46521754308178287,0.3015757824226631
2024-07-13,all_ranges_half,128,0.725,0.7250997976707944,0.46521754308178287,0.3015835742920504
2024-07-13,all_ranges_half,128,0.7333333333333333,0.7373413602037523,0.46521754308178287,0.3016541409478531
2024-07-13,all_ranges_half,128,0.7416666666666667,0.7431522544286072,0.4805221531874485,0.3059529855147462
2024-07-13,all_ranges_half,128,0.75,0.75431514633398,0.4805221531874485,0.3060124186398523
2024-07-13,all_ranges_half,128,0.7583333333333333,0.7598083709912683,0.4805221531874485,0.30602476148949437
2024-07-13,all_ranges_half,128,0.7666666666666666,0.7707137613094951,0.49505404747670506,0.310361043883943
2024-07-13,all_ranges_half,128,0.775,0.775956238650432,0.49505404747670506,0.310421470589581
2024-07-13,all_ranges_half,128,0.7833333333333333,0.7863654007959713,0.5084556976855765,0.31463010411667647
2024-07-13,all_ranges_half,128,0.7916666666666666,0.7962554510346862,0.5084556976855765,0.31467653658133843
2024-07-13,all_ranges_half,128,0.8,0.8014112573973099,0.5084556976855765,0.31472665273794825
2024-07-13,all_ranges_half,128,0.8083333333333333,0.8108545367040596,0.5216237424570734,0.3188580989041594
2024-07-13,all_ranges_half,128,0.8166666666666667,0.8205444438654194,0.5216237424570734,0.3189296538092467
2024-07-13,all_ranges_half,128,0.825,0.8250900848955678,0.5333973997910386,0.32301378327762975
2024-07-13,all_ranges_half,128,0.8333333333333334,0.8343838485041326,0.5333973997910386,0.3230873462170392
2024-07-13,all_ranges_half,128,0.8416666666666667,0.8431754335940018,0.5453096918575931,0.32710733510101525
2024-07-13,all_ranges_half,128,0.85,0.8520902787976891,0.5453096918575931,0.3271562609450564
2024-07-13,all_ranges_half,128,0.8583333333333333,0.8608109831192544,0.5567242558654143,0.3311184430353879
2024-07-13,all_ranges_half,128,0.8666666666666667,0.8692046651627789,0.5567242558654143,0.3311656010571623
2024-07-13,all_ranges_half,128,0.875,0.8776155005643056,0.5676338629594951,0.3350343813932329
2024-07-13,all_ranges_half,128,0.8833333333333333,0.885827796737587,0.5676338629594951,0.3351131556593687
2024-07-13,all_ranges_half,128,0.8916666666666666,0.8936659581885427,0.5784651397602647,0.33891236121409407
2024-07-13,all_ranges_half,128,0.9,0.9015555966504193,0.5784651397602647,0.3389613763121095
2024-07-13,all_ranges_half,128,0.9083333333333333,0.9091742150544548,0.5890291966897901,0.3427112347196629
2024-07-13,all_ranges_half,128,0.9166666666666666,0.9169230550768082,0.5890291966897901,0.34272199569691686
2024-07-13,all_ranges_half,128,0.9249999999999999,0.9279167040552104,0.5988694903146818,0.3463976739253763
2024-07-13,all_ranges_half,128,0.9333333333333333,0.9352834604395869,0.5988694903146818,0.34645898740851605
2024-07-13,all_ranges_half,128,0.9416666666666667,0.9422063058857097,0.6081135866670507,0.34993534658659686
2024-07-13,all_ranges_half,128,0.95,0.952613413219829,0.6164920369056337,0.3533972540395779
2024-07-13,all_ranges_half,128,0.9583333333333334,0.9586163006151818,0.6164920369056337,0.3534518831877138
2024-07-13,all_ranges_half,128,0.9666666666666667,0.9677586253474213,0.6248234271057013,0.3568012060641639
2024-07-13,all_ranges_half,128,0.975,0.9762110173126305,0.6319814924761034,0.3599282477071707
2024-07-13,all_ranges_half,128,0.9833333333333333,0.9838310628036349,0.6319814924761034,0.359984588763715
2024-07-13,all_ranges_half,128,0.9916666666666667,0.9923000332053994,0.6402788817430002,0.36537887229990906
2024-07-13,all_ranges_half,128,1.0,1.0,0.6441921445393454,inf
2024-07-13,all_ranges_half,256,0.0,0.0,0.0,-inf
2024-07-13,all_ranges_half,256,0.008333333333333333,0.008334756509462022,0.013033024784686199,0.006730687148571969
2024-07-13,all_ranges_half,256,0.016666666666666666,0.016742519005964226,0.01966101612411766,0.010936261512788736
2024-07-13,all_ranges_half,256,0.025,0.025709384853594665,0.0271052013432327,0.016088356961453512
2024-07-13,all_ranges_half,256,0.03333333333333333,0.033741835956747526,0.0348312468261791,0.022249676771423393
2024-07-13,all_ranges_half,256,0.041666666666666664,0.042193396126657214,0.040721002851320194,0.02687106825051376
2024-07-13,all_ranges_half,256,0.05,0.0503755182040416,0.043631817278621754,0.029462299437555947
2024-07-13,all_ranges_half,256,0.058333333333333334,0.05890973276703313,0.049378361806240716,0.034776091163503074
2024-07-13,all_ranges_half,256,0.06666666666666667,0.0666691526491778,0.05561896572993328,0.0403758916811831
2024-07-13,all_ranges_half,256,0.075,0.07551739009789002,0.058783047801311945,0.04352211669493927
2024-07-13,all_ranges_half,256,0.08333333333333333,0.08338108887235723,0.06522412513818165,0.049841901291422706
2024-07-13,all_ranges_half,256,0.09166666666666666,0.09167325111269749,0.06841288822769333,0.05316670436691489
2024-07-13,all_ranges_half,256,0.1,0.10144324780813196,0.07507875504279599,0.060042160610588986
2024-07-13,all_ranges_half,256,0.10833333333333334,0.1086298315899,0.07830811363988839,0.06366625231118322
2024-07-13,all_ranges_half,256,0.11666666666666667,0.11722866578827637,0.08368694452058636,0.07106753628680376
2024-07-13,all_ranges_half,256,0.125,0.12637815042267644,0.08880321739065263,0.0749592128778917
2024-07-13,all_ranges_half,256,0.13333333333333333,0.13419972211134193,0.09419491365719274,0.08282571088881156
2024-07-13,all_ranges_half,256,0.14166666666666666,0.14215675062971855,0.09804805841988752,0.0868880788335815
2024-07-13,all_ranges_half,256,0.15,0.15027749391071513,0.10192938304606511,0.09102731549688049
2024-07-13,all_ranges_half,256,0.15833333333333333,0.15854927580679085,0.10763059986870392,0.09532847162534507
2024-07-13,all_ranges_half,256,0.16666666666666666,0.1673141907362615,0.11361219806161761,0.10385479404555406
2024-07-13,all_ranges_half,256,0.175,0.17631724609369753,0.11768525632977384,0.10829098960810857
2024-07-13,all_ranges_half,256,0.18333333333333332,0.1836669448393068,0.1218660039926729,0.11273274899663792
2024-07-13,all_ranges_half,256,0.19166666666666665,0.19286008586126377,0.12617010132675247,0.11727467691365319
2024-07-13,all_ranges_half,256,0.2,0.20033078106983487,0.13041891086032656,0.12184339401184147
2024-07-13,all_ranges_half,256,0.20833333333333334,0.2098435535753961,0.13472577551144832,0.12649337931970572
2024-07-13,all_ranges_half,256,0.21666666666666667,0.21744190812664593,0.1392131145057205,0.1311905466127678
2024-07-13,all_ranges_half,256,0.225,0.2252743834164703,0.14386966852580305,0.13593060590279465
2024-07-13,all_ranges_half,256,0.23333333333333334,0.23350032624977468,0.14890113537007926,0.1406920497215357
2024-07-13,all_ranges_half,256,0.24166666666666667,0.2417564251311769,0.15373629921620643,0.14555502567319986
2024-07-13,all_ranges_half,256,0.25,0.250356990714789,0.15866500213038598,0.15031308664672483
2024-07-13,all_ranges_half,256,0.2583333333333333,0.2590420274416794,0.1639540031912269,0.15525587994958073
2024-07-13,all_ranges_half,256,0.26666666666666666,0.26812180096983496,0.1694880466135781,0.1601275377171722
2024-07-13,all_ranges_half,256,0.275,0.27514059798108426,0.17494221343845845,0.16498457848705186
2024-07-13,all_ranges_half,256,0.2833333333333333,0.28456014622028253,0.1803411421872287,0.16995905588838683
2024-07-13,all_ranges_half,256,0.2916666666666667,0.29398694546595666,0.18602825023497666,0.17495785105508085
2024-07-13,all_ranges_half,256,0.3,0.3015319214036156,0.19207284481448691,0.17992054415265354
2024-07-13,all_ranges_half,256,0.30833333333333335,0.30883623697185764,0.19816510653573802,0.18480270438213892
2024-07-13,all_ranges_half,256,0.31666666666666665,0.3189977303638064,0.2043718527805353,0.18995960192854955
2024-07-13,all_ranges_half,256,0.325,0.3269267837209849,0.2043718527805353,0.1900430445085017
2024-07-13,all_ranges_half,256,0.3333333333333333,0.3350719071773509,0.2110132510552407,0.19509214921704424
2024-07-13,all_ranges_half,256,0.3416666666666667,0.34322149742366365,0.21734261761074739,0.20001912194184818
2024-07-13,all_ranges_half,256,0.35,0.3517401069794903,0.22460347067257638,0.20510470701624925
2024-07-13,all_ranges_half,256,0.35833333333333334,0.3603389112998168,0.22460347067257638,0.20518180307328351
2024-07-13,all_ranges_half,256,0.36666666666666664,0.3692903396385192,0.2318470024981692,0.21018819254484106
2024-07-13,all_ranges_half,256,0.375,0.37534976412918764,0.23919502536853446,0.21516362975652228
2024-07-13,all_ranges_half,256,0.3833333333333333,0.38467208486507254,0.23919502536853446,0.21526799269263763
2024-07-13,all_ranges_half,256,0.39166666666666666,0.3942156829350354,0.24711216250889012,0.22027017758955586
2024-07-13,all_ranges_half,256,0.4,0.4006228225705035,0.25450410497776926,0.22524347212746343
2024-07-13,all_ranges_half,256,0.4083333333333333,0.41045751873155784,0.25450410497776926,0.22530930204557278
2024-07-13,all_ranges_half,256,0.4166666666666667,0.41736118789395127,0.26253593303242584,0.23026098660403121
2024-07-13,all_ranges_half,256,0.425,0.4276710434186001,0.27117860850582,0.23521685978236417
2024-07-13,all_ranges_half,256,0.43333333333333335,0.4345574072685198,0.27117860850582,0.23529102842629962
2024-07-13,all_ranges_half,256,0.44166666666666665,0.44189284074029433,0.2804403631823417,0.24026105512354196
2024-07-13,all_ranges_half,256,0.45,0.45273819905532414,0.2804403631823417,0.24033918662617906
2024-07-13,all_ranges_half,256,0.4583333333333333,0.4605314761096493,0.28967562840737954,0.24523461518590603
2024-07-13,all_ranges_half,256,0.4666666666666667,0.46845342839027687,0.28967562840737954,0.2452699851191829
2024-07-13,all_ranges_half,256,0.475,0.4766172256045292,0.29922294824724527,0.25019932612431994
2024-07-13,all_ranges_half,256,0.48333333333333334,0.4849209618390826,0.29922294824724527,0.25021993523481495
2024-07-13,all_ranges_half,256,0.49166666666666664,0.49355831586128734,0.30968222445198623,0.2551150659231484
2024-07-13,all_ranges_half,256,0.5,0.5021314768196543,0.30968222445198623,0.2551433942965401
2024-07-13,all_ranges_half,256,0.5083333333333333,0.5112029355140078,0.32097719099629674,0.25999132085489207
2024-07-13,all_ranges_half,256,0.5166666666666666,0.5204008504638191,0.32097719099629674,0.2600188481618095
2024-07-13,all_ranges_half,256,0.525,0.5252980725958335,0.33293081094019844,0.2647536618971219
2024-07-13,all_ranges_half,256,0.5333333333333333,0.5346958404930355,0.33293081094019844,0.2648500329186577
2024-07-13,all_ranges_half,256,0.5416666666666666,0.5449590070343197,0.3463546856642031,0.26957842546571903
2024-07-13,all_ranges_half,256,0.55,0.5502829541452225,0.3463546856642031,0.2695935054110687
2024-07-13,all_ranges_half,256,0.5583333333333333,0.5607660003088027,0.3463546856642031,0.26971030540740276
2024-07-13,all_ranges_half,256,0.5666666666666667,0.5723161559071493,0.3606255197999658,0.27438961916834453
2024-07-13,all_ranges_half,256,0.575,0.5781367371757613,0.3606255197999658,0.2744172044293532
2024-07-13,all_ranges_half,256,0.5833333333333334,0.5839886584834848,0.3606255197999658,0.2744268656494717
2024-07-13,all_ranges_half,256,0.5916666666666667,0.5968930725811005,0.37665966421130775,0.2790233032805947
2024-07-13,all_ranges_half,256,0.6,0.6035015487828146,0.37665966421130775,0.2790237328613406
2024-07-13,all_ranges_half,256,0.6083333333333333,0.6099289806243889,0.37665966421130775,0.2790532813507007
2024-07-13,all_ranges_half,256,0.6166666666666667,0.6228431164101116,0.3934941092563152,0.283592079554632
2024-07-13,all_ranges_half,256,0.625,0.6292243281764103,0.3934941092563152,0.28360424106236964
2024-07-13,all_ranges_half,256,0.6333333333333333,0.6354460955877523,0.3934941092563152,0.2836326414916484
2024-07-13,all_ranges_half,256,0.6416666666666666,0.6478274510009376,0.409319483142922,0.28822410838632995
2024-07-13,all_ranges_half,256,0.65,0.6541701941263565,0.409319483142922,0.288238186088257
2024-07-13,all_ranges_half,256,0.6583333333333333,0.6603967452559752,0.409319483142922,0.2882460285949849
2024-07-13,all_ranges_half,256,0.6666666666666666,0.6669346506785109,0.42607907350002355,0.292741897955069
2024-07-13,all_ranges_half,256,0.675,0.6798265552510069,0.42607907350002355,0.2927776250408857
2024-07-13,all_ranges_half,256,0.6833333333333333,0.6861192411557561,0.42607907350002355,0.29279456914528434
2024-07-13,all_ranges_half,256,0.6916666666666667,0.6927249345705067,0.44332328261824744,0.29720779579869067
2024-07-13,all_ranges_half,256,0.7,0.7058516264320377,0.44332328261824744,0.2972385138737357
2024-07-13,all_ranges_half,256,0.7083333333333334,0.7126618397878799,0.44332328261824744,0.2972468770388707
2024-07-13,all_ranges_half,256,0.7166666666666667,0.7189273633392989,0.46006111169100034,0.3015757824226631
2024-07-13,all_ranges_half,256,0.725,0.7250997976707944,0.46006111169100034,0.3015835742920504
2024-07-13,all_ranges_half,256,0.7333333333333333,0.7373413602037523,0.46006111169100034,0.3016541409478531
2024-07-13,all_ranges_half,256,0.7416666666666667,0.7431522544286072,0.47577628510064895,0.3059529855147462
2024-07-13,all_ranges_half,256,0.75,0.75431514633398,0.47577628510064895,0.3060124186398523
2024-07-13,all_ranges_half,256,0.7583333333333333,0.7598083709912683,0.47577628510064895,0.30602476148949437
2024-07-13,all_ranges_half,256,0.7666666666666666,0.7707137613094951,0.49077632259304405,0.310361043883943
2024-07-13,all_ranges_half,256,0.775,0.775956238650432,0.49077632259304405,0.310421470589581
2024-07-13,all_ranges_half,256,0.7833333333333333,0.7863654007959713,0.5047913245830385,0.31463010411667647
2024-07-13,all_ranges_half,256,0.7916666666666666,0.7962554510346862,0.5047913245830385,0.31467653658133843
2024-07-13,all_ranges_half,256,0.8,0.8014112573973099,0.5047913245830385,0.31472665273794825
2024-07-13,all_ranges_half,256,0.8083333333333333,0.8108545367040596,0.5180574000885888,0.3188580989041594
2024-07-13,all_ranges_half,256,0.8166666666666667,0.8205444438654194,0.5180574000885888,0.3189296538092467
2024-07-13,all_ranges_half,256,0.825,0.8250900848955678,0.5299613439674583,0.32301378327762975
2024-07-13,all_ranges_half,256,0.8333333333333334,0.8343838485041326,0.5299613439674583,0.3230873462170392
2024-07-13,all_ranges_half,256,0.8416666666666667,0.8431754335940018,0.5420421076195013,0.32710733510101525
2024-07-13,all_ranges_half,256,0.85,0.8520902787976891,0.5420421076195013,0.3271562609450564
2024-07-13,all_ranges_half,256,0.8583333333333333,0.8608109831192544,0.5537884841644649,0.3311184430353879
2024-07-13,all_ranges_half,256,0.8666666666666667,0.8692046651627789,0.5537884841644649,0.3311656010571623
2024-07-13,all_ranges_half,256,0.875,0.8776155005643056,0.5648889543730912,0.3350343813932329
2024-07-13,all_ranges_half,256,0.8833333333333333,0.885827796737587,0.5648889543730912,0.3351131556593687
2024-07-13,all_ranges_half,256,0.8916666666666666,0.8936659581885427,0.5756718852205047,0.33891236121409407
2024-07-13,all_ranges_half,256,0.9,0.9015555966504193,0.5756718852205047,0.3389613763121095
2024-07-13,all_ranges_half,256,0.9083333333333333,0.9091742150544548,0.5866388240051169,0.3427112347196629
2024-07-13,all_ranges_half,256,0.9166666666666666,0.9169230550768082,0.5866388240051169,0.34272199569691686
2024-07-13,all_ranges_half,256,0.9249999999999999,0.9279167040552104,0.5967118275965132,0.3463976739253763
2024-07-13,all_ranges_half,256,0.9333333333333333,0.9352834604395869,0.5967118275965132,0.34645898740851605
2024-07-13,all_ranges_half,256,0.9416666666666667,0.9422063058857097,0.6061573940023369,0.34993534658659686
2024-07-13,all_ranges_half,256,0.95,0.952613413219829,0.6149992086123633,0.3533972540395779
2024-07-13,all_ranges_half,256,0.9583333333333334,0.9586163006151818,0.6149992086123633,0.3534518831877138
2024-07-13,all_ranges_half,256,0.9666666666666667,0.9677586253474213,0.6236204560392862,0.3568012060641639
2024-07-13,all_ranges_half,256,0.975,0.9762110173126305,0.6275161382489334,0.3599282477071707
2024-07-13,all_ranges_half,256,0.9833333333333333,0.9838310628036349,0.6275161382489334,0.359984588763715
2024-07-13,all_ranges_half,256,0.9916666666666667,0.9923000332053994,0.6394755619323932,0.36537887229990906
2024-07-13,all_ranges_half,256,1.0,1.0,0.6441921445393494,inf
2024-07-13,lat_range_quarter,128,0.0,0.0,0.0,-inf
2024-07-13,lat_range_quarter,128,0.008333333333333333,0.008501793698167677,0.010574362314274924,0.006490798588222657
2024-07-13,lat_range_quarter,128,0.016666666666666666,0.017103203952423155,0.020271470469971326,0.012990198279478948
2024-07-13,lat_range_quarter,128,0.025,0.0250964524779094,0.02887268418971049,0.019436267594205248
2024-07-13,lat_range_quarter,128,0.03333333333333333,0.03411917025824867,0.036559017289365246,0.024463451037003203
2024-07-13,lat_range_quarter,128,0.041666666666666664,0.0423331268191141,0.04417475284952331,0.0300314944584838
2024-07-13,lat_range_quarter,128,0.05,0.0509612149946558,0.05289747521823194,0.036138574341559204
2024-07-13,lat_range_quarter,128,0.058333333333333334,0.05914015386479711,0.056997764240298815,0.039376773358900996
2024-07-13,lat_range_quarter,128,0.06666666666666667,0.06674726272249519,0.06591993671693643,0.046234281193736904
2024-07-13,lat_range_quarter,128,0.075,0.07669435588835806,0.07053316979096597,0.04984660747903741
2024-07-13,lat_range_quarter,128,0.08333333333333333,0.08354739929601321,0.07501520269125878,0.05358813236027554
2024-07-13,lat_range_quarter,128,0.09166666666666666,0.09263076038297016,0.0798356901452908,0.05748312388627941
2024-07-13,lat_range_quarter,128,0.1,0.10173683761975767,0.09047829334671993,0.06553288383811562
2024-07-13,lat_range_quarter,128,0.10833333333333334,0.10953267122484876,0.09628710392421894,0.06971750616535799
2024-07-13,lat_range_quarter,128,0.11666666666666667,0.1179035690551164,0.10234326386308713,0.0740176466854871
2024-07-13,lat_range_quarter,128,0.125,0.1266866378966508,0.10856789733253591,0.07847320270973962
2024-07-13,lat_range_quarter,128,0.13333333333333333,0.13565562569923204,0.11539950649569229,0.08299440331767732
2024-07-13,lat_range_quarter,128,0.14166666666666666,0.14260657811488486,0.11539950649569229,0.0830220861802557
2024-07-13,lat_range_quarter,128,0.15,0.1521414607246365,0.12202733942739065,0.08764093387431676
2024-07-13,lat_range_quarter,128,0.15833333333333333,0.1592379608454051,0.12886418714176395,0.09237523371033696
2024-07-13,lat_range_quarter,128,0.16666666666666666,0.1689156607258958,0.13556818438844656,0.09718578710111914
2024-07-13,lat_range_quarter,128,0.175,0.1763523418904312,0.1429287940227384,0.10210199428172045
2024-07-13,lat_range_quarter,128,0.18333333333333332,0.1837485522960256,0.15029501606159057,0.10703931400305305
2024-07-13,lat_range_quarter,128,0.19166666666666665,0.19381136889628564,0.15696259663109371,0.11219639322336827
2024-07-13,lat_range_quarter,128,0.2,0.2013832863362089,0.15696259663109371,0.11231531865464356
2024-07-13,lat_range_quarter,128,0.20833333333333334,0.20879075131251532,0.16371012492672143,0.1174348248422582
2024-07-13,lat_range_quarter,128,0.21666666666666667,0.218436784785591,0.17052129076192915,0.12267321920647528
2024-07-13,lat_range_quarter,128,0.225,0.22575631293868292,0.17708855383372452,0.12798720407997694
2024-07-13,lat_range_quarter,128,0.23333333333333334,0.23496610331349296,0.18394837955066803,0.13341944199878014
2024-07-13,lat_range_quarter,128,0.24166666666666667,0.24194832991725593,0.19116849931987695,0.138973054268119
2024-07-13,lat_range_quarter,128,0.25,0.2507124633805019,0.19848893445466972,0.1446001682271572
2024-07-13,lat_range_quarter,128,0.2583333333333333,0.25926973542499987,0.20545350224022535,0.1502471933170752
2024-07-13,lat_range_quarter,128,0.26666666666666666,0.26762088363860215,0.21214990676647488,0.1559757718149556
2024-07-13,lat_range_quarter,128,0.275,0.2759401044018218,0.21918765785252226,0.16176031702578741
2024-07-13,lat_range_quarter,128,0.2833333333333333,0.284146319793716,0.2258071332298057,0.1676587778386674
2024-07-13,lat_range_quarter,128,0.2916666666666667,0.2920955177705576,0.2328571557062177,0.17360240242034408
2024-07-13,lat_range_quarter,128,0.3,0.30007403121874343,0.23976130472365684,0.1795648799514774
2024-07-13,lat_range_quarter,128,0.30833333333333335,0.31000534618162806,0.24658637030288907,0.18558228562765955
2024-07-13,lat_range_quarter,128,0.31666666666666665,0.31782612971649216,0.2537124808691011,0.19166964200063147
2024-07-13,lat_range_quarter,128,0.325,0.32558494428822815,0.26088796448762946,0.19777972829462487
2024-07-13,lat_range_quarter,128,0.3333333333333333,0.33363560295246864,0.2683355034891559,0.20389614551497293
2024-07-13,lat_range_quarter,128,0.3416666666666667,0.34178160883869796,0.2751507640234159,0.21007903045332404
2024-07-13,lat_range_quarter,128,0.35,0.3500109838189709,0.28289049548742623,0.21626029258475765
2024-07-13,lat_range_quarter,128,0.35833333333333334,0.35834379537434985,0.2904220328087602,0.22246850666549162
2024-07-13,lat_range_quarter,128,0.36666666666666664,0.36853326343848114,0.29833533677627316,0.2288136566661369
2024-07-13,lat_range_quarter,128,0.375,0.3768103255357074,0.30613381219263136,0.23497774232874652
2024-07-13,lat_range_quarter,128,0.3833333333333333,0.38498273786432174,0.3138999767042884,0.2413025355089884
2024-07-13,lat_range_quarter,128,0.39166666666666666,0.39353074664317794,0.32174545255534354,0.24751554345335525
2024-07-13,lat_range_quarter,128,0.4,0.4000585491863036,0.32965817714751444,0.2537779712117983
2024-07-13,lat_range_quarter,128,0.4083333333333333,0.4088171831590976,0.33812868387371026,0.2600021692042359
2024-07-13,lat_range_quarter,128,0.4166666666666667,0.41762940684382766,0.34701825440860234,0.2662689476749921
2024-07-13,lat_range_quarter,128,0.425,0.42632446950175007,0.3555840373679087,0.2725438854268941
2024-07-13,lat_range_quarter,128,0.43333333333333335,0.43520884868095444,0.36436139310554777,0.2788300141377744
2024-07-13,lat_range_quarter,128,0.44166666666666665,0.44189767328815516,0.37313784485971446,0.28500952801245616
2024-07-13,lat_range_quarter,128,0.45,0.45089194200492305,0.3821709505593765,0.29114019880022496
2024-07-13,lat_range_quarter,128,0.4583333333333333,0.45990717544771637,0.3908782116130816,0.2974174771343846
2024-07-13,lat_range_quarter,128,0.4666666666666667,0.4667320290122049,0.3908782116130816,0.29752205820356914
2024-07-13,lat_range_quarter,128,0.475,0.47534581856535657,0.3992467135829298,0.3036942467202953
2024-07-13,lat_range_quarter,128,0.48333333333333334,0.4843692754259313,0.4079403290372847,0.30990967136169867
2024-07-13,lat_range_quarter,128,0.49166666666666664,0.4933732082706624,0.4170646751640102,0.3160336027123063
2024-07-13,lat_range_quarter,128,0.5,0.5002991296358762,0.4267574440095106,0.32214834056984953
2024-07-13,lat_range_quarter,128,0.5083333333333333,0.5098012331623875,0.436640322878259,0.3281022189951124
2024-07-13,lat_range_quarter,128,0.5166666666666666,0.5175840881047392,0.44699874318288974,0.3340499471532514
2024-07-13,lat_range_quarter,128,0.525,0.5273738039139473,0.4572912239966439,0.3399350583725569
2024-07-13,lat_range_quarter,128,0.5333333333333333,0.5347431607107103,0.4660934187925583,0.34579331768480864
2024-07-13,lat_range_quarter,128,0.5416666666666666,0.5436586411451096,0.47507718806539506,0.35172103281709327
2024-07-13,lat_range_quarter,128,0.55,0.5503165385078591,0.47507718806539506,0.3518472440592148
2024-07-13,lat_range_quarter,128,0.5583333333333333,0.5594637870703427,0.4841336160930378,0.35780889203532235
2024-07-13,lat_range_quarter,128,0.5666666666666667,0.5672037883701838,0.49400157710911713,0.363459292610277
2024-07-13,lat_range_quarter,128,0.575,0.5751523407041607,0.5041758745140718,0.3689904574268542
2024-07-13,lat_range_quarter,128,0.5833333333333334,0.5858755531989969,0.514727049083914,0.37456235095806056
2024-07-13,lat_range_quarter,128,0.5916666666666667,0.5937579465883043,0.5256512183282824,0.3800214599147164
2024-07-13,lat_range_quarter,128,0.6,0.601787079811508,0.5256512183282824,0.3801237632007928
2024-07-13,lat_range_quarter,128,0.6083333333333333,0.6098569434633158,0.5364708888965362,0.3855571875976012
2024-07-13,lat_range_quarter,128,0.6166666666666667,0.617498383764159,0.5468833917326854,0.3908462707114329
2024-07-13,lat_range_quarter,128,0.625,0.6252297713863233,0.5569072592450582,0.3961746922521241
2024-07-13,lat_range_quarter,128,0.6333333333333333,0.6356564960768457,0.5676355856703902,0.4012958446862358
2024-07-13,lat_range_quarter,128,0.6416666666666666,0.643595765455571,0.5676355856703902,0.40156332412318807
2024-07-13,lat_range_quarter,128,0.65,0.6518999563838064,0.5783791238402634,0.40656680671730594
2024-07-13,lat_range_quarter,128,0.6583333333333333,0.6598861983024451,0.5895398336488229,0.4115375025955911
2024-07-13,lat_range_quarter,128,0.6666666666666666,0.6683204959936017,0.6004136266602134,0.4164205496632396
2024-07-13,lat_range_quarter,128,0.675,0.6766261924950988,0.6004136266602134,0.4166163834380123
2024-07-13,lat_range_quarter,128,0.6833333333333333,0.6846248581339294,0.6113709299012141,0.4213927154342758
2024-07-13,lat_range_quarter,128,0.6916666666666667,0.6930570356089691,0.6223969026159456,0.4260715132844426
2024-07-13,lat_range_quarter,128,0.7,0.7017256410125505,0.6342221409401473,0.4306936359022254
2024-07-13,lat_range_quarter,128,0.7083333333333334,0.7108157214899774,0.6342221409401473,0.43079451245960143
2024-07-13,lat_range_quarter,128,0.7166666666666667,0.7169023923316792,0.6466054720385849,0.43515356216946677
2024-07-13,lat_range_quarter,128,0.725,0.7259786140102819,0.6586175853548227,0.4395652346021709
2024-07-13,lat_range_quarter,128,0.7333333333333333,0.734765719609474,0.6586175853548227,0.43973163029503826
2024-07-13,lat_range_quarter,128,0.7416666666666667,0.7430087343424449,0.6699297318331552,0.44400552063965104
2024-07-13,lat_range_quarter,128,0.75,0.7518013908870365,0.681710699272859,0.44825514234554564
2024-07-13,lat_range_quarter,128,0.7583333333333333,0.7609612826043829,0.6951714830520418,0.4521013686691236
2024-07-13,lat_range_quarter,128,0.7666666666666666,0.7674531553138589,0.6951714830520418,0.45223499730186184
2024-07-13,lat_range_quarter,128,0.775,0.7763524689788011,0.7068569422110061,0.45616795997470033
2024-07-13,lat_range_quarter,128,0.7833333333333333,0.7846710883589532,0.7177897147422916,0.4600801455714123
2024-07-13,lat_range_quarter,128,0.7916666666666666,0.7930033872539791,0.7177897147422916,0.4601850880673507
2024-07-13,lat_range_quarter,128,0.8,0.8018109145053534,0.7294578341671706,0.4639522794418934
2024-07-13,lat_range_quarter,128,0.8083333333333333,0.811132932725457,0.7428557894808168,0.4674939036891047
2024-07-13,lat_range_quarter,128,0.8166666666666667,0.817939256274032,0.7428557894808168,0.46763784117198304
2024-07-13,lat_range_quarter,128,0.825,0.8255283818290817,0.7583749656841647,0.4709835511600527
2024-07-13,lat_range_quarter,128,0.8333333333333334,0.8368175556302746,0.7744544466982538,0.4742480739374407
2024-07-13,lat_range_quarter,128,0.8416666666666667,0.8448625462097185,0.7744544466982538,0.474329585155607
2024-07-13,lat_range_quarter,128,0.85,0.8530398565070954,0.7922509588312188,0.4774035112681379
2024-07-13,lat_range_quarter,128,0.8583333333333333,0.8617929883971137,0.7922509588312188,0.47750982965611904
2024-07-13,lat_range_quarter,128,0.8666666666666667,0.8708731406438004,0.8109017925338018,0.4804327630174289
2024-07-13,lat_range_quarter,128,0.875,0.8757265702724412,0.8109017925338018,0.48045442176113623
2024-07-13,lat_range_quarter,128,0.8833333333333333,0.8853361284953252,0.8109017925338018,0.4805626618894544
2024-07-13,lat_range_quarter,128,0.8916666666666666,0.8955652659357212,0.8306257953334093,0.48331498930794153
2024-07-13,lat_range_quarter,128,0.9,0.9006905345615653,0.8306257953334093,0.4834209853046043
2024-07-13,lat_range_quarter,128,0.9083333333333333,0.9103528477621483,0.849693051123603,0.4860048078470688
2024-07-13,lat_range_quarter,128,0.9166666666666666,0.9201546600663875,0.849693051123603,0.4861274841623781
2024-07-13,lat_range_quarter,128,0.9249999999999999,0.9252228046548223,0.849693051123603,0.48613605347368
2024-07-13,lat_range_quarter,128,0.9333333333333333,0.9334745062084602,0.8660038419323095,0.48861857771239914
2024-07-13,lat_range_quarter,128,0.9416666666666667,0.9447046587248998,0.8798761902511242,0.4911342950409408
2024-07-13,lat_range_quarter,128,0.95,0.9514921783036286,0.8798761902511242,0.49121675145565985
2024-07-13,lat_range_quarter,128,0.9583333333333334,0.9601409571539239,0.8905780254611516,0.49349503888550544
2024-07-13,lat_range_quarter,128,0.9666666666666667,0.9674119587572554,0.8905780254611516,0.4957448753216801
2024-07-13,lat_range_quarter,128,0.975,0.9752377049561304,0.9055343332147687,0.497914619896591
2024-07-13,lat_range_quarter,128,0.9833333333333333,0.9844318464501144,0.9111012860442491,0.4999926167868763
2024-07-13,lat_range_quarter,128,0.9916666666666667,0.9919568792351637,0.915542815181084,0.5034531791912663
2024-07-13,lat_range_quarter,128,1.0,0.9999999999999988,0.9265789934817003,inf
2024-07-13,lat_range_quarter,256,0.0,0.0,0.0,-inf
2024-07-13,lat_range_quarter,256,0.008333333333333333,0.008501793698167677,0.010725565611037826,0.006490798588222657
2024-07-13,lat_range_quarter,256,0.016666666666666666,0.017103203952423155,0.020476187253189577,0.012990198279478948
2024-07-13,lat_range_quarter,256,0.025,0.0250964524779094,0.029296650197214905,0.019436267594205248
2024-07-13,lat_range_quarter,256,0.03333333333333333,0.03411917025824867,0.036925468872954934,0.024463451037003203
2024-07-13,lat_range_quarter,256,0.041666666666666664,0.0423331268191141,0.04454458197761347,0.0300314944584838
2024-07-13,lat_range_quarter,256,0.05,0.0509612149946558,0.05336601964224393,0.036138574341559204
2024-07-13,lat_range_quarter,256,0.058333333333333334,0.05914015386479711,0.0574594207681827,0.039376773358900996
2024-07-13,lat_range_quarter,256,0.06666666666666667,0.06674726272249519,0.06645357141855844,0.046234281193736904
2024-07-13,lat_range_quarter,256,0.075,0.07669435588835806,0.07098914151313626,0.04984660747903741
2024-07-13,lat_range_quarter,256,0.08333333333333333,0.08354739929601321,0.07549009606525187,0.05358813236027554
2024-07-13,lat_range_quarter,256,0.09166666666666666,0.09263076038297016,0.08032589569942347,0.05748312388627941
2024-07-13,lat_range_quarter,256,0.1,0.10173683761975767,0.09099355998965403,0.06553288383811562
2024-07-13,lat_range_quarter,256,0.10833333333333334,0.10953267122484876,0.09687320096183898,0.06971750616535799
2024-07-13,lat_range_quarter,256,0.11666666666666667,0.1179035690551164,0.10290366067279547,0.0740176466854871
2024-07-13,lat_range_quarter,256,0.125,0.1266866378966508,0.10911464951395915,0.07847320270973962
2024-07-13,lat_range_quarter,256,0.13333333333333333,0.13565562569923204,0.11239321737743833,0.08299440331767732
2024-07-13,lat_range_quarter,256,0.14166666666666666,0.14260657811488486,0.11239321737743833,0.0830220861802557
2024-07-13,lat_range_quarter,256,0.15,0.1521414607246365,0.11940229016796805,0.08764093387431676
2024-07-13,lat_range_quarter,256,0.15833333333333333,0.1592379608454051,0.12620890309950547,0.09237523371033696
2024-07-13,lat_range_quarter,256,0.16666666666666666,0.1689156607258958,0.1327792074290102,0.09718578710111914
2024-07-13,lat_range_quarter,256,0.175,0.1763523418904312,0.14002350534022406,0.10210199428172045
2024-07-13,lat_range_quarter,256,0.18333333333333332,0.1837485522960256,0.14747978600506234,0.10703931400305305
2024-07-13,lat_range_quarter,256,0.19166666666666665,0.19381136889628564,0.15446882497007464,0.11219639322336827
2024-07-13,lat_range_quarter,256,0.2,0.2013832863362089,0.15446882497007464,0.11231531865464356
2024-07-13,lat_range_quarter,256,0.20833333333333334,0.20879075131251532,0.16100176954541678,0.1174348248422582
2024-07-13,lat_range_quarter,256,0.21666666666666667,0.218436784785591,0.16799647288394162,0.12267321920647528
2024-07-13,lat_range_quarter,256,0.225,0.22575631293868292,0.17449867373763808,0.12798720407997694
2024-07-13,lat_range_quarter,256,0.23333333333333334,0.23496610331349296,0.18125952690673539,0.13341944199878014
2024-07-13,lat_range_quarter,256,0.24166666666666667,0.24194832991725593,0.1881801033184961,0.138973054268119
2024-07-13,lat_range_quarter,256,0.25,0.2507124633805019,0.19571757588901215,0.1446001682271572
2024-07-13,lat_range_quarter,256,0.2583333333333333,0.25926973542499987,0.20269503699701963,0.1502471933170752
2024-07-13,lat_range_quarter,256,0.26666666666666666,0.26762088363860215,0.20964291948048586,0.1559757718149556
2024-07-13,lat_range_quarter,256,0.275,0.2759401044018218,0.21641740547296642,0.16176031702578741
2024-07-13,lat_range_quarter,256,0.2833333333333333,0.284146319793716,0.22313800241003778,0.1676587778386674
2024-07-13,lat_range_quarter,256,0.2916666666666667,0.2920955177705576,0.23007907615454348,0.17360240242034408
2024-07-13,lat_range_quarter,256,0.3,0.30007403121874343,0.23701932204885212,0.1795648799514774
2024-07-13,lat_range_quarter,256,0.30833333333333335,0.31000534618162806,0.24366557533884414,0.18558228562765955
2024-07-13,lat_range_quarter,256,0.31666666666666665,0.31782612971649216,0.25062475094254344,0.19166964200063147
2024-07-13,lat_range_quarter,256,0.325,0.32558494428822815,0.2579161090935646,0.19777972829462487
2024-07-13,lat_range_quarter,256,0.3333333333333333,0.33363560295246864,0.26540196580792497,0.20389614551497293
2024-07-13,lat_range_quarter,256,0.3416666666666667,0.34178160883869796,0.2723569073068575,0.21007903045332404
2024-07-13,lat_range_quarter,256,0.35,0.3500109838189709,0.2797517082166267,0.21626029258475765
2024-07-13,lat_range_quarter,256,0.35833333333333334,0.35834379537434985,0.28733749289909477,0.22246850666549162
2024-07-13,lat_range_quarter,256,0.36666666666666664,0.36853326343848114,0.29480006585596485,0.2288136566661369
2024-07-13,lat_range_quarter,256,0.375,0.3768103255357074,0.3030382895951363,0.23497774232874652
2024-07-13,lat_range_quarter,256,0.3833333333333333,0.38498273786432174,0.31079739771179116,0.2413025355089884
2024-07-13,lat_range_quarter,256,0.39166666666666666,0.39353074664317794,0.3184582147546693,0.24751554345335525
2024-07-13,lat_range_quarter,256,0.4,0.4000585491863036,0.3264417114032741,0.2537779712117983
2024-07-13,lat_range_quarter,256,0.4083333333333333,0.4088171831590976,0.3343907817229505,0.2600021692042359
2024-07-13,lat_range_quarter,256,0.4166666666666667,0.41762940684382766,0.34301713734140643,0.2662689476749921
2024-07-13,lat_range_quarter,256,0.425,0.42632446950175007,0.3518537744367658,0.2725438854268941
2024-07-13,lat_range_quarter,256,0.43333333333333335,0.43520884868095444,0.36059945741775246,0.2788300141377744
2024-07-13,lat_range_quarter,256,0.44166666666666665,0.44189767328815516,0.3694887582582562,0.28500952801245616
2024-07-13,lat_range_quarter,256,0.45,0.45089194200492305,0.378572392924047,0.29114019880022496
2024-07-13,lat_range_quarter,256,0.4583333333333333,0.45990717544771637,0.38729973006169205,0.2974174771343846
2024-07-13,lat_range_quarter,256,0.4666666666666667,0.4667320290122049,0.38729973006169205,0.29752205820356914
2024-07-13,lat_range_quarter,256,0.475,0.47534581856535657,0.3955588242614666,0.3036942467202953
2024-07-13,lat_range_quarter,256,0.48333333333333334,0.4843692754259313,0.4042026634652997,0.30990967136169867
2024-07-13,lat_range_quarter,256,0.49166666666666664,0.4933732082706624,0.41301013901538686,0.3160336027123063
2024-07-13,lat_range_quarter,256,0.5,0.5002991296358762,0.422439873318967,0.32214834056984953
2024-07-13,lat_range_quarter,256,0.5083333333333333,0.5098012331623875,0.4325462814768924,0.3281022189951124
2024-07-13,lat_range_quarter,256,0.5166666666666666,0.5175840881047392,0.44240131846562375,0.3340499471532514
2024-07-13,lat_range_quarter,256,0.525,0.5273738039139473,0.45291104946086724,0.3399350583725569
2024-07-13,lat_range_quarter,256,0.5333333333333333,0.5347431607107103,0.46243918333006806,0.34579331768480864
2024-07-13,lat_range_quarter,256,0.5416666666666666,0.5436586411451096,0.47110935487836564,0.35172103281709327
2024-07-13,lat_range_quarter,256,0.55,0.5503165385078591,0.47110935487836564,0.3518472440592148
2024-07-13,lat_range_quarter,256,0.5583333333333333,0.5594637870703427,0.4802033386032205,0.35780889203532235
2024-07-13,lat_range_quarter,256,0.5666666666666667,0.5672037883701838,0.4897001141774281,0.363459292610277
2024-07-13,lat_range_quarter,256,0.575,0.5751523407041607,0.49959463548313066,0.3689904574268542
2024-07-13,lat_range_quarter,256,0.5833333333333334,0.5858755531989969,0.5101452281141242,0.37456235095806056
2024-07-13,lat_range_quarter,256,0.5916666666666667,0.5937579465883043,0.5209266191860145,0.3800214599147164
2024-07-13,lat_range_quarter,256,0.6,0.601787079811508,0.5209266191860145,0.3801237632007928
2024-07-13,lat_range_quarter,256,0.6083333333333333,0.6098569434633158,0.5318126894711807,0.3855571875976012
2024-07-13,lat_range_quarter,256,0.6166666666666667,0.617498383764159,0.5426530674245367,0.3908462707114329
2024-07-13,lat_range_quarter,256,0.625,0.6252297713863233,0.5524413476449449,0.3961746922521241
2024-07-13,lat_range_quarter,256,0.6333333333333333,0.6356564960768457,0.5630284845956283,0.4012958446862358
2024-07-13,lat_range_quarter,256,0.6416666666666666,0.643595765455571,0.5630284845956283,0.40156332412318807
2024-07-13,lat_range_quarter,256,0.65,0.6518999563838064,0.5734451036889656,0.40656680671730594
2024-07-13,lat_range_quarter,256,0.6583333333333333,0.6598861983024451,0.58451003339988,0.4115375025955911
2024-07-13,lat_range_quarter,256,0.6666666666666666,0.6683204959936017,0.5957267265733298,0.4164205496632396
2024-07-13,lat_range_quarter,256,0.675,0.6766261924950988,0.5957267265733298,0.4166163834380123
2024-07-13,lat_range_quarter,256,0.6833333333333333,0.6846248581339294,0.6068417093537227,0.4213927154342758
2024-07-13,lat_range_quarter,256,0.6916666666666667,0.6930570356089691,0.6173993343229857,0.4260715132844426
2024-07-13,lat_range_quarter,256,0.7,0.7017256410125505,0.6291118025751522,0.4306936359022254
2024-07-13,lat_range_quarter,256,0.7083333333333334,0.7108157214899774,0.6291118025751522,0.43079451245960143
2024-07-13,lat_range_quarter,256,0.7166666666666667,0.7169023923316792,0.6408636345644267,0.43515356216946677
2024-07-13,lat_range_quarter,256,0.725,0.7259786140102819,0.6535442887237094,0.4395652346021709
2024-07-13,lat_range_quarter,256,0.7333333333333333,0.734765719609474,0.6535442887237094,0.43973163029503826
2024-07-13,lat_range_quarter,256,0.7416666666666667,0.7430087343424449,0.6650731842549288,0.44400552063965104
2024-07-13,lat_range_quarter,256,0.75,0.7518013908870365,0.6763500155044371,0.44825514234554564
2024-07-13,lat_range_quarter,256,0.7583333333333333,0.7609612826043829,0.6896563216457858,0.4521013686691236
2024-07-13,lat_range_quarter,256,0.7666666666666666,0.7674531553138589,0.6896563216457858,0.45223499730186184
2024-07-13,lat_range_quarter,256,0.775,0.7763524689788011,0.70181636116155,0.45616795997470033
2024-07-13,lat_range_quarter,256,0.7833333333333333,0.7846710883589532,0.7131135750136984,0.4600801455714123
2024-07-13,lat_range_quarter,256,0.7916666666666666,0.7930033872539791,0.7131135750136984,0.4601850880673507
2024-07-13,lat_range_quarter,256,0.8,0.8018109145053534,0.7240760037367853,0.4639522794418934
2024-07-13,lat_range_quarter,256,0.8083333333333333,0.811132932725457,0.7367647055721188,0.4674939036891047
2024-07-13,lat_range_quarter,256,0.8166666666666667,0.817939256274032,0.7367647055721188,0.46763784117198304
2024-07-13,lat_range_quarter,256,0.825,0.8255283818290817,0.7514488509284732,0.4709835511600527
2024-07-13,lat_range_quarter,256,0.8333333333333334,0.8368175556302746,0.7674752779171012,0.4742480739374407
2024-07-13,lat_range_quarter,256,0.8416666666666667,0.8448625462097185,0.7674752779171012,0.474329585155607
2024-07-13,lat_range_quarter,256,0.85,0.8530398565070954,0.7849056726773688,0.4774035112681379
2024-07-13,lat_range_quarter,256,0.8583333333333333,0.8617929883971137,0.7849056726773688,0.47750982965611904
2024-07-13,lat_range_quarter,256,0.8666666666666667,0.8708731406438004,0.8028382384438504,0.4804327630174289
2024-07-13,lat_range_quarter,256,0.875,0.8757265702724412,0.8028382384438504,0.48045442176113623
2024-07-13,lat_range_quarter,256,0.8833333333333333,0.8853361284953252,0.8028382384438504,0.4805626618894544
2024-07-13,lat_range_quarter,256,0.8916666666666666,0.8955652659357212,0.822643539002864,0.48331498930794153
2024-07-13,lat_range_quarter,256,0.9,0.9006905345615653,0.822643539002864,0.4834209853046043
2024-07-13,lat_range_quarter,256,0.9083333333333333,0.9103528477621483,0.8429766291789491,0.4860048078470688
2024-07-13,lat_range_quarter,256,0.9166666666666666,0.9201546600663875,0.8429766291789491,0.4861274841623781
2024-07-13,lat_range_quarter,256,0.9249999999999999,0.9252228046548223,0.8429766291789491,0.48613605347368
2024-07-13,lat_range_quarter,256,0.9333333333333333,0.9334745062084602,0.8605563602344063,0.48861857771239914
2024-07-13,lat_range_quarter,256,0.9416666666666667,0.9447046587248998,0.875473844141916,0.4911342950409408
2024-07-13,lat_range_quarter,256,0.95,0.9514921783036286,0.875473844141916,0.49121675145565985
2024-07-13,lat_range_quarter,256,0.9583333333333334,0.9601409571539239,0.8875422534681614,0.49349503888550544
2024-07-13,lat_range_quarter,256,0.9666666666666667,0.9674119587572554,0.8961020860131519,0.4957448753216801
2024-07-13,lat_range_quarter,256,0.975,0.9752377049561304,0.903394555298185,0.497914619896591
2024-07-13,lat_range_quarter,256,0.9833333333333333,0.9844318464501144,0.9094615178582529,0.4999926167868763
2024-07-13,lat_range_quarter,256,0.9916666666666667,0.9919568792351637,0.918084241886481,0.5034531791912663
2024-07-13,lat_range_quarter,256,1.0,0.9999999999999988,0.9265789934817013,inf
2024-07-13,lon_range_4x,128,0.0,0.0,0.0,-inf
2024-07-13,lon_range_4x,128,0.008333333333333333,0.008460993386900277,0.007883410848129714,0.007346505818549676
2024-07-13,lon_range_4x,128,0.016666666666666666,0.01715959611943577,0.019350745502587037,0.016575136737914886
2024-07-13,lon_range_4x,128,0.025,0.025654848729709315,0.03032850530849204,0.02605961850575611
2024-07-13,lon_range_4x,128,0.03333333333333333,0.03363379948311657,0.04234950326092556,0.03751427311067301
2024-07-13,lon_range_4x,128,0.041666666666666664,0.04254611129514443,0.056240733148014914,0.05115435315629391
2024-07-13,lon_range_4x,128,0.05,0.05004038645944949,0.065803178377823,0.06124381929364742
2024-07-13,lon_range_4x,128,0.058333333333333334,0.05900895655911155,0.08373953981859679,0.07782294719549432
2024-07-13,lon_range_4x,128,0.06666666666666667,0.06750751922036731,0.09538034468893761,0.0900049877862572
2024-07-13,lon_range_4x,128,0.075,0.07544103901418038,0.10934011665151787,0.10299707751164022
2024-07-13,lon_range_4x,128,0.08333333333333333,0.08397407984874958,0.1235232085594494,0.11647303834955636
2024-07-13,lon_range_4x,128,0.09166666666666666,0.09196370843639616,0.13913736223147838,0.13080817295232938
2024-07-13,lon_range_4x,128,0.1,0.10026000926684984,0.1557516795473266,0.14578972976057547
2024-07-13,lon_range_4x,128,0.10833333333333334,0.10939429199373969,0.16378766781291296,0.15370130784095692
2024-07-13,lon_range_4x,128,0.11666666666666667,0.11766683006804618,0.18173051867223725,0.16942279133608873
2024-07-13,lon_range_4x,128,0.125,0.12519155674938676,0.19162595937847574,0.1775859137560779
2024-07-13,lon_range_4x,128,0.13333333333333333,0.13336408453244644,0.20170219727300392,0.18600127698117708
2024-07-13,lon_range_4x,128,0.14166666666666666,0.1427720506787931,0.22180920486223618,0.2026567762644349
2024-07-13,lon_range_4x,128,0.15,0.1508683496883629,0.23335935199766988,0.21097412960670991
2024-07-13,lon_range_4x,128,0.15833333333333333,0.15873519890909799,0.24522281620247252,0.2196776239484607
2024-07-13,lon_range_4x,128,0.16666666666666666,0.16768269327575905,0.2570153384511808,0.22860008841269364
2024-07-13,lon_range_4x,128,0.175,0.17601420402966675,0.2677208350180771,0.2376647683577776
2024-07-13,lon_range_4x,128,0.18333333333333332,0.18411797604739252,0.2781300288896978,0.24692113219977596
2024-07-13,lon_range_4x,128,0.19166666666666665,0.19228930904535735,0.3000510607148279,0.26522981464899686
2024-07-13,lon_range_4x,128,0.2,0.20027495578278132,0.3108911414909227,0.27456053698772087
2024-07-13,lon_range_4x,128,0.20833333333333334,0.20946383646038966,0.32322143039000745,0.2842306305981548
2024-07-13,lon_range_4x,128,0.21666666666666667,0.2169096420270372,0.3455983682671709,0.3029895011916439
2024-07-13,lon_range_4x,128,0.225,0.22598557997791394,0.3569826038112294,0.3130041375601317
2024-07-13,lon_range_4x,128,0.23333333333333334,0.2333758577861965,0.368784188508131,0.32285561482229186
2024-07-13,lon_range_4x,128,0.24166666666666667,0.24239039353609576,0.3921712330985814,0.34227411397862323
2024-07-13,lon_range_4x,128,0.25,0.2511562901462762,0.4035782037407866,0.3523384503881409
2024-07-13,lon_range_4x,128,0.2583333333333333,0.2585275493468964,0.42763788427527255,0.3718125964395371
2024-07-13,lon_range_4x,128,0.26666666666666666,0.2674394751104361,0.439964731827832,0.38198645930021907
2024-07-13,lon_range_4x,128,0.275,0.2764002743988083,0.46536117066300203,0.40173944027644654
2024-07-13,lon_range_4x,128,0.2833333333333333,0.2841133377309374,0.4784904184103599,0.41179468498702043
2024-07-13,lon_range_4x,128,0.2916666666666667,0.2920189604633752,0.4921290912077004,0.4218379574154967
2024-07-13,lon_range_4x,128,0.3,0.30161732005240904,0.5206540495215064,0.4417610632405493
2024-07-13,lon_range_4x,128,0.30833333333333335,0.30981791915285667,0.5344581486242658,0.45163380964062216
2024-07-13,lon_range_4x,128,0.31666666666666665,0.31808987677990663,0.5483040491301578,0.4615855971118538
2024-07-13,lon_range_4x,128,0.325,0.32648529468395354,0.5627224275030236,0.47180327173776365
2024-07-13,lon_range_4x,128,0.3333333333333333,0.33348607691633886,0.5766060278757144,0.48146956138079594
2024-07-13,lon_range_4x,128,0.3416666666666667,0.3424846395224273,0.6074202353366146,0.5005902079049485
2024-07-13,lon_range_4x,128,0.35,0.35157646661220193,0.623348644853795,0.5104261373769183
2024-07-13,lon_range_4x,128,0.35833333333333334,0.35921477524125195,0.6401492683285684,0.5200172432710488
2024-07-13,lon_range_4x,128,0.36666666666666664,0.3670464885916993,0.6580497629600717,0.5295431271651889
2024-07-13,lon_range_4x,128,0.375,0.37501078618308686,0.6762706620706539,0.5389717445492526
2024-07-13,lon_range_4x,128,0.3833333333333333,0.3835698314276808,0.6968955099697393,0.5483956808602295
2024-07-13,lon_range_4x,128,0.39166666666666666,0.39211323646437407,0.7160447988571409,0.5576896936950131
2024-07-13,lon_range_4x,128,0.4,0.4013584358531129,0.7363649236338797,0.566768001093102
2024-07-13,lon_range_4x,128,0.4083333333333333,0.40838844628525106,0.7576978998024116,0.5758060932913323
2024-07-13,lon_range_4x,128,0.4166666666666667,0.4178974664456071,0.7795783951068745,0.5847927649264533
2024-07-13,lon_range_4x,128,0.425,0.42529368244079724,0.7795783951068745,0.5849688159899432
2024-07-13,lon_range_4x,128,0.43333333333333335,0.4354417928311603,0.802429067244048,0.5937635202158156
2024-07-13,lon_range_4x,128,0.44166666666666665,0.4432982079983302,0.8252030248657062,0.6025684364587541
2024-07-13,lon_range_4x,128,0.45,0.4516300974133565,0.8477465501492434,0.6111243738492759
2024-07-13,lon_range_4x,128,0.4583333333333333,0.46013444348554705,0.870005766071929,0.6194576832808925
2024-07-13,lon_range_4x,128,0.4666666666666667,0.4684469831537921,0.870005766071929,0.6196171066545008
2024-07-13,lon_range_4x,128,0.475,0.47690674543590145,0.8939397027094707,0.6279106651592343
2024-07-13,lon_range_4x,128,0.48333333333333334,0.4853621978043475,0.9168372770539608,0.6360975031303704
2024-07-13,lon_range_4x,128,0.49166666666666664,0.49363581021786185,0.9383934802790024,0.644067776177896
2024-07-13,lon_range_4x,128,0.5,0.5018909906199944,0.9383934802790024,0.6443084681650906
2024-07-13,lon_range_4x,128,0.5083333333333333,0.5099678910600827,0.9597546663664281,0.6522226439799285
2024-07-13,lon_range_4x,128,0.5166666666666666,0.5186524758403037,0.9841619901519073,0.6604080245432142
2024-07-13,lon_range_4x,128,0.525,0.528073192784849,1.0101884429152284,0.6676380331355092
2024-07-13,lon_range_4x,128,0.5333333333333333,0.5347045476520732,1.0101884429152284,0.6677028179822997
2024-07-13,lon_range_4x,128,0.5416666666666666,0.5443967909776856,1.0357545774405572,0.6750882826594269
2024-07-13,lon_range_4x,128,0.55,0.5509036744357955,1.0357545774405572,0.6752708185606513
2024-07-13,lon_range_4x,128,0.5583333333333333,0.5602611633766625,1.059758750842338,0.6825080826493447
2024-07-13,lon_range_4x,128,0.5666666666666667,0.5667317994007761,1.0825293094386217,0.6895773085326825
2024-07-13,lon_range_4x,128,0.575,0.5758563439984286,1.0825293094386217,0.6897317623388161
2024-07-13,lon_range_4x,128,0.5833333333333334,0.5853806839627138,1.1054342241070225,0.6967381566437179
2024-07-13,lon_range_4x,128,0.5916666666666667,0.5918814109526905,1.1290854245348396,0.70349504218676
2024-07-13,lon_range_4x,128,0.6,0.6016086533313612,1.1290854245348396,0.7036797534373603
2024-07-13,lon_range_4x,128,0.6083333333333333,0.6083638510717506,1.1544796216097966,0.7101871583498767
2024-07-13,lon_range_4x,128,0.6166666666666667,0.6183456972381077,1.1785891782665636,0.7166056098930491
2024-07-13,lon_range_4x,128,0.625,0.6280929702305618,1.1785891782665636,0.7167102974754275
2024-07-13,lon_range_4x,128,0.6333333333333333,0.6351242218691506,1.2026685706797524,0.7230003185180434
2024-07-13,lon_range_4x,128,0.6416666666666666,0.6420284955267768,1.2026685706797524,0.7230605359895087
2024-07-13,lon_range_4x,128,0.65,0.6525973467370897,1.2269554294692626,0.7291237343995413
2024-07-13,lon_range_4x,128,0.6583333333333333,0.6599914960016553,1.2529788199224414,0.7349074243505944
2024-07-13,lon_range_4x,128,0.6666666666666666,0.6673076613865443,1.2529788199224414,0.73502190636272
2024-07-13,lon_range_4x,128,0.675,0.6784518768559487,1.2792509458722654,0.7405937493917688
2024-07-13,lon_range_4x,128,0.6833333333333333,0.6859195938512535,1.2792509458722654,0.7406824156778716
2024-07-13,lon_range_4x,128,0.6916666666666667,0.6940401401109391,1.3066840853951545,0.7461571322049597
2024-07-13,lon_range_4x,128,0.7,0.7018591026849864,1.3066840853951545,0.7462136120900525
2024-07-13,lon_range_4x,128,0.7083333333333334,0.7099370438255659,1.3355011957591503,0.7514520239222496
2024-07-13,lon_range_4x,128,0.7166666666666667,0.7182048198903436,1.3355011957591503,0.7515133294822196
2024-07-13,lon_range_4x,128,0.725,0.7265757950942204,1.3644938335991117,0.7564789723534763
2024-07-13,lon_range_4x,128,0.7333333333333333,0.735236935596084,1.3644938335991117,0.7564950375347388
2024-07-13,lon_range_4x,128,0.7416666666666667,0.7436627795130336,1.3951163036413483,0.7613817966807002
2024-07-13,lon_range_4x,128,0.75,0.7524861300341962,1.3951163036413483,0.7614548408312483
2024-07-13,lon_range_4x,128,0.7583333333333333,0.7615606296062271,1.4266169712758907,0.7659582918565281
2024-07-13,lon_range_4x,128,0.7666666666666666,0.7706114663011447,1.4266169712758907,0.766043720875809
2024-07-13,lon_range_4x,128,0.775,0.7792644980158618,1.456099970020942,0.7704944920596505
2024-07-13,lon_range_4x,128,0.7833333333333333,0.7837200447612256,1.456099970020942,0.7705322079740664
2024-07-13,lon_range_4x,128,0.7916666666666666,0.7928888119006442,1.4894418342720068,0.7746721410165001
2024-07-13,lon_range_4x,128,0.8,0.8026257297825419,1.4894418342720068,0.7747841783636552
2024-07-13,lon_range_4x,128,0.8083333333333333,0.8133573532224192,1.5289931073473384,0.7787156587381437
2024-07-13,lon_range_4x,128,0.8166666666666667,0.8192935757349862,1.5289931073473384,0.778780106237179
2024-07-13,lon_range_4x,128,0.825,0.8251948641504395,1.5289931073473384,0.7787961904874929
2024-07-13,lon_range_4x,128,0.8333333333333334,0.8384115551223346,1.5759339322974706,0.7823443152981951
2024-07-13,lon_range_4x,128,0.8416666666666667,0.8455357290919374,1.5759339322974706,0.7824205456847074
2024-07-13,lon_range_4x,128,0.85,0.8527233688632824,1.5759339322974706,0.78242318895908
2024-07-13,lon_range_4x,128,0.8583333333333333,0.8599851110758736,1.5759339322974706,0.7824275479263906
2024-07-13,lon_range_4x,128,0.8666666666666667,0.8673282187939286,1.6235361598437903,0.7857697390156434
2024-07-13,lon_range_4x,128,0.875,0.8823867055349321,1.6235361598437903,0.7858312068834811
2024-07-13,lon_range_4x,128,0.8833333333333333,0.8896482279929808,1.6235361598437903,0.7858765154877171
2024-07-13,lon_range_4x,128,0.8916666666666666,0.8974089668044848,1.6739177424656337,0.7890119636858958
2024-07-13,lon_range_4x,128,0.9,0.9051286569141966,1.6739177424656337,0.789059464529304
2024-07-13,lon_range_4x,128,0.9083333333333333,0.9130790750243294,1.6739177424656337,0.7890765655046434
2024-07-13,lon_range_4x,128,0.9166666666666666,0.9210123298522626,1.6739177424656337,0.7891205370766784
2024-07-13,lon_range_4x,128,0.9249999999999999,0.9297231828254013,1.7297541907176022,0.7918965478860535
2024-07-13,lon_range_4x,128,0.9333333333333333,0.9386116102884373,1.7297541907176022,0.7919589362870917
2024-07-13,lon_range_4x,128,0.9416666666666667,0.9474677518269495,1.7297541907176022,0.7919796785947695
2024-07-13,lon_range_4x,128,0.95,0.956295474368636,1.7297541907176022,0.7919808041437911
2024-07-13,lon_range_4x,128,0.9583333333333334,0.9621120969058723,1.7675862206743904,0.7943949955056603
2024-07-13,lon_range_4x,128,0.9666666666666667,0.9676853489978642,1.7675862206743904,0.7944734732663957
2024-07-13,lon_range_4x,128,0.975,0.9787777217248007,1.7675862206743904,0.7945064576060108
2024-07-13,lon_range_4x,128,0.9833333333333333,0.9837264478927281,1.784037250161836,0.7971824199745439
2024-07-13,lon_range_4x,128,0.9916666666666667,0.9922336617360543,1.7924056231586964,0.7997963388785048
2024-07-13,lon_range_4x,128,1.0,0.9999999999999996,1.8041426245526202,inf
2024-07-13,lon_range_4x,256,0.0,0.0,0.0,-inf
2024-07-13,lon_range_4x,256,0.008333333333333333,0.008460993386900277,0.008089292905115793,0.007346505818549676
2024-07-13,lon_range_4x,256,0.016666666666666666,0.01715959611943577,0.01967669969749145,0.016575136737914886
2024-07-13,lon_range_4x,256,0.025,0.025654848729709315,0.03075445039770096,0.02605961850575611
2024-07-13,lon_range_4x,256,0.03333333333333333,0.03363379948311657,0.04064673281772849,0.03751427311067301
2024-07-13,lon_range_4x,256,0.041666666666666664,0.04254611129514443,0.05668045657539052,0.05115435315629391
2024-07-13,lon_range_4x,256,0.05,0.05004038645944949,0.06357132779027178,0.06124381929364742
2024-07-13,lon_range_4x,256,0.058333333333333334,0.05900895655911155,0.08147211431330102,0.07782294719549432
2024-07-13,lon_range_4x,256,0.06666666666666667,0.06750751922036731,0.09293960718863584,0.0900049877862572
2024-07-13,lon_range_4x,256,0.075,0.07544103901418038,0.11001690974395531,0.10299707751164022
2024-07-13,lon_range_4x,256,0.08333333333333333,0.08397407984874958,0.12070718013257473,0.11647303834955636
2024-07-13,lon_range_4x,256,0.09166666666666666,0.09196370843639616,0.1397380094239253,0.13080817295232938
2024-07-13,lon_range_4x,256,0.1,0.10026000926684984,0.15240500227229467,0.14578972976057547
2024-07-13,lon_range_4x,256,0.10833333333333334,0.10939429199373969,0.16454748948586778,0.15370130784095692
2024-07-13,lon_range_4x,256,0.11666666666666667,0.11766683006804618,0.17757797345499537,0.16942279133608873
2024-07-13,lon_range_4x,256,0.125,0.12519155674938676,0.1874657557771369,0.1775859137560779
2024-07-13,lon_range_4x,256,0.13333333333333333,0.13336408453244644,0.20246411270800552,0.18600127698117708
2024-07-13,lon_range_4x,256,0.14166666666666666,0.1427720506787931,0.21724516955083878,0.2026567762644349
2024-07-13,lon_range_4x,256,0.15,0.1508683496883629,0.22844178483257782,0.21097412960670991
2024-07-13,lon_range_4x,256,0.15833333333333333,0.15873519890909799,0.24013002543377934,0.2196776239484607
2024-07-13,lon_range_4x,256,0.16666666666666666,0.16768269327575905,0.25237967519314686,0.22860008841269364
2024-07-13,lon_range_4x,256,0.175,0.17601420402966675,0.2634927839462073,0.2376647683577776
2024-07-13,lon_range_4x,256,0.18333333333333332,0.18411797604739252,0.27369042297979645,0.24692113219977596
2024-07-13,lon_range_4x,256,0.19166666666666665,0.19228930904535735,0.295112729315563,0.26522981464899686
2024-07-13,lon_range_4x,256,0.2,0.20027495578278132,0.3061552189690037,0.27456053698772087
2024-07-13,lon_range_4x,256,0.20833333333333334,0.20946383646038966,0.3179407676946957,0.2842306305981548
2024-07-13,lon_range_4x,256,0.21666666666666667,0.2169096420270372,0.3410792083152957,0.3029895011916439
2024-07-13,lon_range_4x,256,0.225,0.22598557997791394,0.35176883167318257,0.3130041375601317
2024-07-13,lon_range_4x,256,0.23333333333333334,0.2333758577861965,0.3640067135369975,0.32285561482229186
2024-07-13,lon_range_4x,256,0.24166666666666667,0.24239039353609576,0.38675565666203693,0.34227411397862323
2024-07-13,lon_range_4x,256,0.25,0.2511562901462762,0.39883542592529564,0.3523384503881409
2024-07-13,lon_range_4x,256,0.2583333333333333,0.2585275493468964,0.4221918821035439,0.3718125964395371
2024-07-13,lon_range_4x,256,0.26666666666666666,0.2674394751104361,0.43436887299836036,0.38198645930021907
2024-07-13,lon_range_4x,256,0.275,0.2764002743988083,0.45927785750754463,0.40173944027644654
2024-07-13,lon_range_4x,256,0.2833333333333333,0.2841133377309374,0.4728916092732958,0.41179468498702043
2024-07-13,lon_range_4x,256,0.2916666666666667,0.2920189604633752,0.4858034821791832,0.4218379574154967
2024-07-13,lon_range_4x,256,0.3,0.30161732005240904,0.5140758061717406,0.4417610632405493
2024-07-13,lon_range_4x,256,0.30833333333333335,0.30981791915285667,0.5278590821712251,0.45163380964062216
2024-07-13,lon_range_4x,256,0.31666666666666665,0.31808987677990663,0.5416877071106482,0.4615855971118538
2024-07-13,lon_range_4x,256,0.325,0.32648529468395354,0.5560997413733613,0.47180327173776365
2024-07-13,lon_range_4x,256,0.3333333333333333,0.33348607691633886,0.5706237321606147,0.48146956138079594
2024-07-13,lon_range_4x,256,0.3416666666666667,0.3424846395224273,0.6000037774140554,0.5005902079049485
2024-07-13,lon_range_4x,256,0.35,0.35157646661220193,0.615807481328921,0.5104261373769183
2024-07-13,lon_range_4x,256,0.35833333333333334,0.35921477524125195,0.6318621813700634,0.5200172432710488
2024-07-13,lon_range_4x,256,0.36666666666666664,0.3670464885916993,0.6495593427654982,0.5295431271651889
2024-07-13,lon_range_4x,256,0.375,0.37501078618308686,0.6673453975177347,0.5389717445492526
2024-07-13,lon_range_4x,256,0.3833333333333333,0.3835698314276808,0.6870073758595039,0.5483956808602295
2024-07-13,lon_range_4x,256,0.39166666666666666,0.39211323646437407,0.7066994192153032,0.5576896936950131
2024-07-13,lon_range_4x,256,0.4,0.4013584358531129,0.7263997366574115,0.566768001093102
2024-07-13,lon_range_4x,256,0.4083333333333333,0.40838844628525106,0.7471229414596307,0.5758060932913323
2024-07-13,lon_range_4x,256,0.4166666666666667,0.4178974664456071,0.7696302142423099,0.5847927649264533
2024-07-13,lon_range_4x,256,0.425,0.42529368244079724,0.7696302142423099,0.5849688159899432
2024-07-13,lon_range_4x,256,0.43333333333333335,0.4354417928311603,0.7919307288809322,0.5937635202158156
2024-07-13,lon_range_4x,256,0.44166666666666665,0.4432982079983302,0.8147591312319851,0.6025684364587541
2024-07-13,lon_range_4x,256,0.45,0.4516300974133565,0.837268879263597,0.6111243738492759
2024-07-13,lon_range_4x,256,0.4583333333333333,0.46013444348554705,0.85963454380181,0.6194576832808925
2024-07-13,lon_range_4x,256,0.4666666666666667,0.4684469831537921,0.85963454380181,0.6196171066545008
2024-07-13,lon_range_4x,256,0.475,0.47690674543590145,0.8831090662726643,0.6279106651592343
2024-07-13,lon_range_4x,256,0.48333333333333334,0.4853621978043475,0.9066832289668422,0.6360975031303704
2024-07-13,lon_range_4x,256,0.49166666666666664,0.49363581021786185,0.9288656752019913,0.644067776177896
2024-07-13,lon_range_4x,256,0.5,0.5018909906199944,0.9288656752019913,0.6443084681650906
2024-07-13,lon_range_4x,256,0.5083333333333333,0.5099678910600827,0.9497611996678332,0.6522226439799285
2024-07-13,lon_range_4x,256,0.5166666666666666,0.5186524758403037,0.9719877321621422,0.6604080245432142
2024-07-13,lon_range_4x,256,0.525,0.528073192784849,0.9989791184512358,0.6676380331355092
2024-07-13,lon_range_4x,256,0.5333333333333333,0.5347045476520732,0.9989791184512358,0.6677028179822997
2024-07-13,lon_range_4x,256,0.5416666666666666,0.5443967909776856,1.0239817508683076,0.6750882826594269
2024-07-13,lon_range_4x,256,0.55,0.5509036744357955,1.0239817508683076,0.6752708185606513
2024-07-13,lon_range_4x,256,0.5583333333333333,0.5602611633766625,1.04955587229107,0.6825080826493447
2024-07-13,lon_range_4x,256,0.5666666666666667,0.5667317994007761,1.0717327255778792,0.6895773085326825
2024-07-13,lon_range_4x,256,0.575,0.5758563439984286,1.0717327255778792,0.6897317623388161
2024-07-13,lon_range_4x,256,0.5833333333333334,0.5853806839627138,1.095044287629813,0.6967381566437179
2024-07-13,lon_range_4x,256,0.5916666666666667,0.5918814109526905,1.1175858038488953,0.70349504218676
2024-07-13,lon_range_4x,256,0.6,0.6016086533313612,1.1175858038488953,0.7036797534373603
2024-07-13,lon_range_4x,256,0.6083333333333333,0.6083638510717506,1.1429193742334605,0.7101871583498767
2024-07-13,lon_range_4x,256,0.6166666666666667,0.6183456972381077,1.1681212457510892,0.7166056098930491
2024-07-13,lon_range_4x,256,0.625,0.6280929702305618,1.1681212457510892,0.7167102974754275
2024-07-13,lon_range_4x,256,0.6333333333333333,0.6351242218691506,1.1909963850741017,0.7230003185180434
2024-07-13,lon_range_4x,256,0.6416666666666666,0.6420284955267768,1.1909963850741017,0.7230605359895087
2024-07-13,lon_range_4x,256,0.65,0.6525973467370897,1.2152765630448605,0.7291237343995413
2024-07-13,lon_range_4x,256,0.6583333333333333,0.6599914960016553,1.2404227482674686,0.7349074243505944
2024-07-13,lon_range_4x,256,0.6666666666666666,0.6673076613865443,1.2404227482674686,0.73502190636272
2024-07-13,lon_range_4x,256,0.675,0.6784518768559487,1.2670878098963008,0.7405937493917688
2024-07-13,lon_range_4x,256,0.6833333333333333,0.6859195938512535,1.2670878098963008,0.7406824156778716
2024-07-13,lon_range_4x,256,0.6916666666666667,0.6940401401109391,1.2934791906269911,0.7461571322049597
2024-07-13,lon_range_4x,256,0.7,0.7018591026849864,1.2934791906269911,0.7462136120900525
2024-07-13,lon_range_4x,256,0.7083333333333334,0.7099370438255659,1.322028180501935,0.7514520239222496
2024-07-13,lon_range_4x,256,0.7166666666666667,0.7182048198903436,1.322028180501935,0.7515133294822196
2024-07-13,lon_range_4x,256,0.725,0.7265757950942204,1.3509608410361533,0.7564789723534763
2024-07-13,lon_range_4x,256,0.7333333333333333,0.735236935596084,1.3509608410361533,0.7564950375347388
2024-07-13,lon_range_4x,256,0.7416666666666667,0.7436627795130336,1.3806603319030413,0.7613817966807002
2024-07-13,lon_range_4x,256,0.75,0.7524861300341962,1.3806603319030413,0.7614548408312483
2024-07-13,lon_range_4x,256,0.7583333333333333,0.7615606296062271,1.4126641794933166,0.7659582918565281
2024-07-13,lon_range_4x,256,0.7666666666666666,0.7706114663011447,1.4126641794933166,0.766043720875809
2024-07-13,lon_range_4x,256,0.775,0.7792644980158618,1.4415867460349285,0.7704944920596505
2024-07-13,lon_range_4x,256,0.7833333333333333,0.7837200447612256,1.4415867460349285,0.7705322079740664
2024-07-13,lon_range_4x,256,0.7916666666666666,0.7928888119006442,1.4735604894480192,0.7746721410165001
2024-07-13,lon_range_4x,256,0.8,0.8026257297825419,1.4735604894480192,0.7747841783636552
2024-07-13,lon_range_4x,256,0.8083333333333333,0.8133573532224192,1.5100292124104513,0.7787156587381437
2024-07-13,lon_range_4x,256,0.8166666666666667,0.8192935757349862,1.5100292124104513,0.778780106237179
2024-07-13,lon_range_4x,256,0.825,0.8251948641504395,1.5100292124104513,0.7787961904874929
2024-07-13,lon_range_4x,256,0.8333333333333334,0.8384115551223346,1.5550710917463286,0.7823443152981951
2024-07-13,lon_range_4x,256,0.8416666666666667,0.8455357290919374,1.5550710917463286,0.7824205456847074
2024-07-13,lon_range_4x,256,0.85,0.8527233688632824,1.5550710917463286,0.78242318895908
2024-07-13,lon_range_4x,256,0.8583333333333333,0.8599851110758736,1.5550710917463286,0.7824275479263906
2024-07-13,lon_range_4x,256,0.8666666666666667,0.8673282187939286,1.6038694295741658,0.7857697390156434
2024-07-13,lon_range_4x,256,0.875,0.8823867055349321,1.6038694295741658,0.7858312068834811
2024-07-13,lon_range_4x,256,0.8833333333333333,0.8896482279929808,1.6038694295741658,0.7858765154877171
2024-07-13,lon_range_4x,256,0.8916666666666666,0.8974089668044848,1.6527120449992683,0.7890119636858958
2024-07-13,lon_range_4x,256,0.9,0.9051286569141966,1.6527120449992683,0.789059464529304
2024-07-13,lon_range_4x,256,0.9083333333333333,0.9130790750243294,1.6527120449992683,0.7890765655046434
2024-07-13,lon_range_4x,256,0.9166666666666666,0.9210123298522626,1.6527120449992683,0.7891205370766784
2024-07-13,lon_range_4x,256,0.9249999999999999,0.9297231828254013,1.7103359759340302,0.7918965478860535
2024-07-13,lon_range_4x,256,0.9333333333333333,0.9386116102884373,1.7103359759340302,0.7919589362870917
2024-07-13,lon_range_4x,256,0.9416666666666667,0.9474677518269495,1.7103359759340302,0.7919796785947695
2024-07-13,lon_range_4x,256,0.95,0.956295474368636,1.7103359759340302,0.7919808041437911
2024-07-13,lon_range_4x,256,0.9583333333333334,0.9621120969058723,1.7590141975186295,0.7943949955056603
2024-07-13,lon_range_4x,256,0.9666666666666667,0.9676853489978642,1.7590141975186295,0.7944734732663957
2024-07-13,lon_range_4x,256,0.975,0.9787777217248007,1.7590141975186295,0.7945064576060108
2024-07-13,lon_range_4x,256,0.9833333333333333,0.9837264478927281,1.7801730641965545,0.7971824199745439
2024-07-13,lon_range_4x,256,0.9916666666666667,0.9922336617360543,1.7903869116005149,0.7997963388785048
2024-07-13,lon_range_4x,256,1.0,0.9999999999999996,1.8041426245526502,inf
2024-07-13,time_range_quarter,128,0.0,0.0,0.0,-inf
2024-07-13,time_range_quarter,128,0.008333333333333333,0.008727161783461408,0.007190376052698976,0.004406321833038598
2024-07-13,time_range_quarter,128,0.016666666666666666,0.016940845342698505,0.013734134717432135,0.008654331419489533
2024-07-13,time_range_quarter,128,0.025,0.025498006341120504,0.021308177027945536,0.014435400701662804
2024-07-13,time_range_quarter,128,0.03333333333333333,0.0339107885954177,0.030266510778465077,0.021702896434681904
2024-07-13,time_range_quarter,128,0.041666666666666664,0.041981768621579506,0.04041560746159442,0.030398818572392766
2024-07-13,time_range_quarter,128,0.05,0.05080860900673711,0.04798942248067474,0.03708421996399365
2024-07-13,time_range_quarter,128,0.058333333333333334,0.05859144051024927,0.05525332567328582,0.04446063987834344
2024-07-13,time_range_quarter,128,0.06666666666666667,0.0670112578714252,0.06649382632839519,0.0562678726485673
2024-07-13,time_range_quarter,128,0.075,0.07578077538437042,0.07450421807134534,0.06504250247845042
2024-07-13,time_range_quarter,128,0.08333333333333333,0.08409886340765708,0.08247891173797134,0.07428296268976486
2024-07-13,time_range_quarter,128,0.09166666666666666,0.09169474265336477,0.090988511510116,0.08401246954864247
2024-07-13,time_range_quarter,128,0.1,0.10034942200956458,0.0995108373133654,0.09442171482471896
2024-07-13,time_range_quarter,128,0.10833333333333334,0.10845316415688136,0.10412910673667686,0.09977754778262121
2024-07-13,time_range_quarter,128,0.11666666666666667,0.11791711841931844,0.11331280170080914,0.1109095401216703
2024-07-13,time_range_quarter,128,0.125,0.12526847299402258,0.12312925258505734,0.12217815707995723
2024-07-13,time_range_quarter,128,0.13333333333333333,0.1341813866525792,0.13312470036594573,0.13399397501416532
2024-07-13,time_range_quarter,128,0.14166666666666666,0.142027704230453,0.13852247109687926,0.14010508843390931
2024-07-13,time_range_quarter,128,0.15,0.15040079065868253,0.1500994926522677,0.1523959864908726
2024-07-13,time_range_quarter,128,0.15833333333333333,0.15894724585349154,0.15606119510610003,0.15881670474141446
2024-07-13,time_range_quarter,128,0.16666666666666666,0.1679629027641618,0.1671402917849654,0.17168512613381934
2024-07-13,time_range_quarter,128,0.175,0.17560635167171776,0.17324350418496196,0.17821390411716675
2024-07-13,time_range_quarter,128,0.18333333333333332,0.1834200603060422,0.17916799298421313,0.18491927361921867
2024-07-13,time_range_quarter,128,0.19166666666666665,0.1930906318882523,0.1917512462340543,0.19828144056723176
2024-07-13,time_range_quarter,128,0.2,0.20135788521920564,0.19856482252005908,0.20508020010853803
2024-07-13,time_range_quarter,128,0.20833333333333334,0.2099250330112865,0.20577718719215313,0.2120543804189738
2024-07-13,time_range_quarter,128,0.21666666666666667,0.21693323751191937,0.212748085812444,0.21885429701518538
2024-07-13,time_range_quarter,128,0.225,0.22582906239597897,0.21953754891068275,0.22596845379981947
2024-07-13,time_range_quarter,128,0.23333333333333334,0.23522559056857179,0.23399785625814207,0.2398086918016199
2024-07-13,time_range_quarter,128,0.24166666666666667,0.24279772109449096,0.24215536750354363,0.24679937206923094
2024-07-13,time_range_quarter,128,0.25,0.25062690034671914,0.24981578552900732,0.2539379734173317
2024-07-13,time_range_quarter,128,0.2583333333333333,0.2587160631423096,0.2583058779261068,0.2610839068076283
2024-07-13,time_range_quarter,128,0.26666666666666666,0.2670268253282914,0.2666346628894472,0.2682323520576036
2024-07-13,time_range_quarter,128,0.275,0.275415374804324,0.2751498785851521,0.2753849586423252
2024-07-13,time_range_quarter,128,0.2833333333333333,0.28446840102453097,0.2838430639750366,0.28239520131455786
2024-07-13,time_range_quarter,128,0.2916666666666667,0.29345642670964456,0.2931560123286583,0.2896772198125033
2024-07-13,time_range_quarter,128,0.3,0.3004011490708506,0.2931560123286583,0.2897706527186517
2024-07-13,time_range_quarter,128,0.30833333333333335,0.3097483121148786,0.3021532308465767,0.296964831388075
2024-07-13,time_range_quarter,128,0.31666666666666665,0.31696350556274067,0.31234539966501956,0.30404101279035556
2024-07-13,time_range_quarter,128,0.325,0.3266422559877762,0.3225073452649759,0.31125797667432475
2024-07-13,time_range_quarter,128,0.3333333333333333,0.3344272890181585,0.3322802248360416,0.31826693841845477
2024-07-13,time_range_quarter,128,0.3416666666666667,0.3423753184929774,0.3426496187672393,0.32545811696135524
2024-07-13,time_range_quarter,128,0.35,0.35047368268602797,0.3426496187672393,0.32550409094543054
2024-07-13,time_range_quarter,128,0.35833333333333334,0.35905304003495625,0.3539168277425845,0.33259839370164246
2024-07-13,time_range_quarter,128,0.36666666666666664,0.36781659909480086,0.3659819380523476,0.33956446080900377
2024-07-13,time_range_quarter,128,0.375,0.37681261231368834,0.3776481389647975,0.34647501122092206
2024-07-13,time_range_quarter,128,0.3833333333333333,0.38585409420024747,0.3776481389647975,0.34673207390934896
2024-07-13,time_range_quarter,128,0.39166666666666666,0.39224550799846447,0.3897032255600865,0.35361357184108455
2024-07-13,time_range_quarter,128,0.4,0.40168581778634743,0.4021049364389739,0.3605457907830395
2024-07-13,time_range_quarter,128,0.4083333333333333,0.41137455319963645,0.4021049364389739,0.3606638547033058
2024-07-13,time_range_quarter,128,0.4166666666666667,0.4179080732673254,0.4155046092538183,0.367462803613497
2024-07-13,time_range_quarter,128,0.425,0.4282185213799952,0.4297279218957505,0.37436094033355144
2024-07-13,time_range_quarter,128,0.43333333333333335,0.43515367014377676,0.4297279218957505,0.3744291715338424
2024-07-13,time_range_quarter,128,0.44166666666666665,0.44259373788796297,0.4443366663870116,0.3812200288647567
2024-07-13,time_range_quarter,128,0.45,0.45016303496455107,0.4443366663870116,0.3812633583906139
2024-07-13,time_range_quarter,128,0.4583333333333333,0.46174150464381886,0.4592224879227836,0.3879909449702845
2024-07-13,time_range_quarter,128,0.4666666666666667,0.4697328822467873,0.4592224879227836,0.3880440090185044
2024-07-13,time_range_quarter,128,0.475,0.47803891705378404,0.4750817981845937,0.3947054868940685
2024-07-13,time_range_quarter,128,0.48333333333333334,0.4863601481312756,0.4750817981845937,0.39474841075845124
2024-07-13,time_range_quarter,128,0.49166666666666664,0.4951288236005427,0.4926062820337731,0.40133752565548214
2024-07-13,time_range_quarter,128,0.5,0.5040057617787099,0.4926062820337731,0.40137092535556096
2024-07-13,time_range_quarter,128,0.5083333333333333,0.5085574308201961,0.5110087116283584,0.4078717881192614
2024-07-13,time_range_quarter,128,0.5166666666666666,0.5178392093816934,0.5110087116283584,0.4079388781938013
2024-07-13,time_range_quarter,128,0.525,0.5277910183023666,0.5310781066725443,0.41437727934181773
2024-07-13,time_range_quarter,128,0.5333333333333333,0.5378945214852358,0.5310781066725443,0.41444688679106295
2024-07-13,time_range_quarter,128,0.5416666666666666,0.5428606990635412,0.5310781066725443,0.41445712699050824
2024-07-13,time_range_quarter,128,0.55,0.5539301175219818,0.5537922572215065,0.4208523534602894
2024-07-13,time_range_quarter,128,0.5583333333333333,0.5593681770436433,0.5537922572215065,0.42086298912827136
2024-07-13,time_range_quarter,128,0.5666666666666667,0.5710924188937299,0.5775809897392684,0.42712381163811625
2024-07-13,time_range_quarter,128,0.575,0.5772215981544323,0.5775809897392684,0.42716369474502697
2024-07-13,time_range_quarter,128,0.5833333333333334,0.5834299215021019,0.5775809897392684,0.4271753961656461
2024-07-13,time_range_quarter,128,0.5916666666666667,0.5966134273142937,0.6038978015412313,0.43325484992061747
2024-07-13,time_range_quarter,128,0.6,0.603441755915746,0.6038978015412313,0.4332569906509517
2024-07-13,time_range_quarter,128,0.6083333333333333,0.6104611306182635,0.6038978015412313,0.43327873302907144
2024-07-13,time_range_quarter,128,0.6166666666666667,0.6173999984117493,0.6038978015412313,0.4333449505249717
2024-07-13,time_range_quarter,128,0.625,0.6309067111243872,0.6302981401224484,0.4393379682289739
2024-07-13,time_range_quarter,128,0.6333333333333333,0.6376249649525537,0.6302981401224484,0.4393472869267583
2024-07-13,time_range_quarter,128,0.6416666666666666,0.6442671503220384,0.6302981401224484,0.43936884251059444
2024-07-13,time_range_quarter,128,0.65,0.6510021507575724,0.6579752212200893,0.4453738477674219
2024-07-13,time_range_quarter,128,0.6583333333333333,0.6644068003771962,0.6579752212200893,0.445446736446327
2024-07-13,time_range_quarter,128,0.6666666666666666,0.6711312055549792,0.6579752212200893,0.44546386787455583
2024-07-13,time_range_quarter,128,0.675,0.6785286552501358,0.6852112361024821,0.4513249100894912
2024-07-13,time_range_quarter,128,0.6833333333333333,0.6858929617770655,0.6852112361024821,0.4513305683864527
2024-07-13,time_range_quarter,128,0.6916666666666667,0.6931563426274366,0.6852112361024821,0.4513374867312948
2024-07-13,time_range_quarter,128,0.7,0.7001362765485987,0.6852112361024821,0.4513683244948855
2024-07-13,time_range_quarter,128,0.7083333333333334,0.713547206280344,0.713392333466892,0.457030559412301
2024-07-13,time_range_quarter,128,0.7166666666666667,0.7203710274063129,0.713392333466892,0.4570441288152505
2024-07-13,time_range_quarter,128,0.725,0.7273612280651636,0.713392333466892,0.45706712505585256
2024-07-13,time_range_quarter,128,0.7333333333333333,0.733554489922937,0.738601630945129,0.46277136205919533
2024-07-13,time_range_quarter,128,0.7416666666666667,0.7457342273913384,0.738601630945129,0.4628206669353509
2024-07-13,time_range_quarter,128,0.75,0.7518040879284638,0.738601630945129,0.46282841438227207
2024-07-13,time_range_quarter,128,0.7583333333333333,0.763470565099933,0.7620464763620954,0.468528841199205
2024-07-13,time_range_quarter,128,0.7666666666666666,0.7691298218367297,0.7620464763620954,0.46853796680312737
2024-07-13,time_range_quarter,128,0.775,0.7801563365626578,0.7845870928549961,0.474048893265833
2024-07-13,time_range_quarter,128,0.7833333333333333,0.7855814178459982,0.7845870928549961,0.47405534529200244
2024-07-13,time_range_quarter,128,0.7916666666666666,0.7966411395532461,0.7845870928549961,0.47415971434230425
2024-07-13,time_range_quarter,128,0.8,0.801799171542854,0.8061260153103244,0.47950643471057475
2024-07-13,time_range_quarter,128,0.8083333333333333,0.8121373896446691,0.8061260153103244,0.47960153256960614
2024-07-13,time_range_quarter,128,0.8166666666666667,0.8177406943837737,0.8061260153103244,0.47961240587851345
2024-07-13,time_range_quarter,128,0.825,0.8278785286372929,0.8253610780076276,0.4849297270265797
2024-07-13,time_range_quarter,128,0.8333333333333334,0.8374369983098282,0.8253610780076276,0.4849806653713979
2024-07-13,time_range_quarter,128,0.8416666666666667,0.8423395311842125,0.8446815738254756,0.49015844659918817
2024-07-13,time_range_quarter,128,0.85,0.8519646542397824,0.8446815738254756,0.4901800211102242
2024-07-13,time_range_quarter,128,0.8583333333333333,0.8614190259368147,0.8633781469643425,0.49527352405726627
2024-07-13,time_range_quarter,128,0.8666666666666667,0.8706468584573077,0.8633781469643425,0.4953216908931498
2024-07-13,time_range_quarter,128,0.875,0.8752346072458831,0.8633781469643425,0.4953230729491903
2024-07-13,time_range_quarter,128,0.8833333333333333,0.8842852577488134,0.8809156047391347,0.5002996571657417
2024-07-13,time_range_quarter,128,0.8916666666666666,0.893128017775935,0.8809156047391347,0.5003186283672568
2024-07-13,time_range_quarter,128,0.9,0.9014919779225663,0.8985695821031973,0.5051559578858352
2024-07-13,time_range_quarter,128,0.9083333333333333,0.9098957942724542,0.8985695821031973,0.5052046933551984
2024-07-13,time_range_quarter,128,0.9166666666666666,0.9181742604658798,0.9153569807057924,0.5098544726624497
2024-07-13,time_range_quarter,128,0.9249999999999999,0.9265869968662038,0.9153569807057924,0.5099233758069119
2024-07-13,time_range_quarter,128,0.9333333333333333,0.934755751630961,0.9310179601282079,0.5144423967135315
2024-07-13,time_range_quarter,128,0.9416666666666667,0.942801751982791,0.9310179601282079,0.5144895723284688
2024-07-13,time_range_quarter,128,0.95,0.9500332115822969,0.9454134145498209,0.5187936145084528
2024-07-13,time_range_quarter,128,0.9583333333333334,0.9604621643104585,0.9588177663935522,0.5230922763392084
2024-07-13,time_range_quarter,128,0.9666666666666667,0.9669505916564305,0.9588177663935522,0.5231532277376901
2024-07-13,time_range_quarter,128,0.975,0.9754077716272748,0.9702179933231054,0.5271207295859146
2024-07-13,time_range_quarter,128,0.9833333333333333,0.9848488667300642,0.9784263967705891,0.5311328677723458
2024-07-13,time_range_quarter,128,0.9916666666666667,0.9918757251334471,0.9848020638893067,0.534466329385363
2024-07-13,time_range_quarter,128,1.0,0.9999999999999998,0.9907488940198871,inf
2024-07-13,time_range_quarter,256,0.0,0.0,0.0,-inf
2024-07-13,time_range_quarter,256,0.008333333333333333,0.008727161783461408,0.007323307741120931,0.004406321833038598
2024-07-13,time_range_quarter,256,0.016666666666666666,0.016940845342698505,0.013969633580569338,0.008654331419489533
2024-07-13,time_range_quarter,256,0.025,0.025498006341120504,0.02162273738536753,0.014435400701662804
2024-07-13,time_range_quarter,256,0.03333333333333333,0.0339107885954177,0.03062831963169992,0.021702896434681904
2024-07-13,time_range_quarter,256,0.041666666666666664,0.041981768621579506,0.038901740249795744,0.030398818572392766
2024-07-13,time_range_quarter,256,0.05,0.05080860900673711,0.04842165677690593,0.03708421996399365
2024-07-13,time_range_quarter,256,0.058333333333333334,0.05859144051024927,0.055772730223768094,0.04446063987834344
2024-07-13,time_range_quarter,256,0.06666666666666667,0.0670112578714252,0.06493260938570172,0.0562678726485673
2024-07-13,time_range_quarter,256,0.075,0.07578077538437042,0.0727766071464458,0.06504250247845042
2024-07-13,time_range_quarter,256,0.08333333333333333,0.08409886340765708,0.08112191732208134,0.07428296268976486
2024-07-13,time_range_quarter,256,0.09166666666666666,0.09169474265336477,0.0892336273037049,0.08401246954864247
2024-07-13,time_range_quarter,256,0.1,0.10034942200956458,0.09990138818924475,0.09442171482471896
2024-07-13,time_range_quarter,256,0.10833333333333334,0.10845316415688136,0.10239586094374721,0.09977754778262121
2024-07-13,time_range_quarter,256,0.11666666666666667,0.11791711841931844,0.11378376117878633,0.1109095401216703
2024-07-13,time_range_quarter,256,0.125,0.12526847299402258,0.1208536868853589,0.12217815707995723
2024-07-13,time_range_quarter,256,0.13333333333333333,0.1341813866525792,0.13119289330397502,0.13399397501416532
2024-07-13,time_range_quarter,256,0.14166666666666666,0.142027704230453,0.13611996470328958,0.14010508843390931
2024-07-13,time_range_quarter,256,0.15,0.15040079065868253,0.14771637254944822,0.1523959864908726
2024-07-13,time_range_quarter,256,0.15833333333333333,0.15894724585349154,0.1535170985639022,0.15881670474141446
2024-07-13,time_range_quarter,256,0.16666666666666666,0.1679629027641618,0.16507539544572866,0.17168512613381934
2024-07-13,time_range_quarter,256,0.175,0.17560635167171776,0.17054342954904916,0.17821390411716675
2024-07-13,time_range_quarter,256,0.18333333333333332,0.1834200603060422,0.17681459916445466,0.18491927361921867
2024-07-13,time_range_quarter,256,0.19166666666666665,0.1930906318882523,0.18894749486944373,0.19828144056723176
2024-07-13,time_range_quarter,256,0.2,0.20135788521920564,0.19569762647774608,0.20508020010853803
2024-07-13,time_range_quarter,256,0.20833333333333334,0.2099250330112865,0.20273766337178079,0.2120543804189738
2024-07-13,time_range_quarter,256,0.21666666666666667,0.21693323751191937,0.20984118634626445,0.21885429701518538
2024-07-13,time_range_quarter,256,0.225,0.22582906239597897,0.2166524914538844,0.22596845379981947
2024-07-13,time_range_quarter,256,0.23333333333333334,0.23522559056857179,0.23084792874345966,0.2398086918016199
2024-07-13,time_range_quarter,256,0.24166666666666667,0.24279772109449096,0.23877931779498202,0.24679937206923094
2024-07-13,time_range_quarter,256,0.25,0.25062690034671914,0.24644676100898372,0.2539379734173317
2024-07-13,time_range_quarter,256,0.2583333333333333,0.2587160631423096,0.2547298769080531,0.2610839068076283
2024-07-13,time_range_quarter,256,0.26666666666666666,0.2670268253282914,0.2628595601236381,0.2682323520576036
2024-07-13,time_range_quarter,256,0.275,0.275415374804324,0.27142850140980007,0.2753849586423252
2024-07-13,time_range_quarter,256,0.2833333333333333,0.28446840102453097,0.2800229005531046,0.28239520131455786
2024-07-13,time_range_quarter,256,0.2916666666666667,0.29345642670964456,0.2889448575645171,0.2896772198125033
2024-07-13,time_range_quarter,256,0.3,0.3004011490708506,0.2889448575645171,0.2897706527186517
2024-07-13,time_range_quarter,256,0.30833333333333335,0.3097483121148786,0.2982738524534231,0.296964831388075
2024-07-13,time_range_quarter,256,0.31666666666666665,0.31696350556274067,0.3076701103476961,0.30404101279035556
2024-07-13,time_range_quarter,256,0.325,0.3266422559877762,0.31818454884206954,0.31125797667432475
2024-07-13,time_range_quarter,256,0.3333333333333333,0.3344272890181585,0.32802374819599034,0.31826693841845477
2024-07-13,time_range_quarter,256,0.3416666666666667,0.3423753184929774,0.3378204491878943,0.32545811696135524
2024-07-13,time_range_quarter,256,0.35,0.35047368268602797,0.3378204491878943,0.32550409094543054
2024-07-13,time_range_quarter,256,0.35833333333333334,0.35905304003495625,0.34857401150501627,0.33259839370164246
2024-07-13,time_range_quarter,256,0.36666666666666664,0.36781659909480086,0.360566352361258,0.33956446080900377
2024-07-13,time_range_quarter,256,0.375,0.37681261231368834,0.37242058404050493,0.34647501122092206
2024-07-13,time_range_quarter,256,0.3833333333333333,0.38585409420024747,0.37242058404050493,0.34673207390934896
2024-07-13,time_range_quarter,256,0.39166666666666666,0.39224550799846447,0.384091678062395,0.35361357184108455
2024-07-13,time_range_quarter,256,0.4,0.40168581778634743,0.39667445482184044,0.3605457907830395
2024-07-13,time_range_quarter,256,0.4083333333333333,0.41137455319963645,0.39667445482184044,0.3606638547033058
2024-07-13,time_range_quarter,256,0.4166666666666667,0.4179080732673254,0.40944752734112605,0.367462803613497
2024-07-13,time_range_quarter,256,0.425,0.4282185213799952,0.42307564488750077,0.37436094033355144
2024-07-13,time_range_quarter,256,0.43333333333333335,0.43515367014377676,0.42307564488750077,0.3744291715338424
2024-07-13,time_range_quarter,256,0.44166666666666665,0.44259373788796297,0.43786672958514306,0.3812200288647567
2024-07-13,time_range_quarter,256,0.45,0.45016303496455107,0.43786672958514306,0.3812633583906139
2024-07-13,time_range_quarter,256,0.4583333333333333,0.46174150464381886,0.4524280278629038,0.3879909449702845
2024-07-13,time_range_quarter,256,0.4666666666666667,0.4697328822467873,0.4524280278629038,0.3880440090185044
2024-07-13,time_range_quarter,256,0.475,0.47803891705378404,0.46786926328902384,0.3947054868940685
2024-07-13,time_range_quarter,256,0.48333333333333334,0.4863601481312756,0.46786926328902384,0.39474841075845124
2024-07-13,time_range_quarter,256,0.49166666666666664,0.4951288236005427,0.48475208041430584,0.40133752565548214
2024-07-13,time_range_quarter,256,0.5,0.5040057617787099,0.48475208041430584,0.40137092535556096
2024-07-13,time_range_quarter,256,0.5083333333333333,0.5085574308201961,0.5026647956286197,0.4078717881192614
2024-07-13,time_range_quarter,256,0.5166666666666666,0.5178392093816934,0.5026647956286197,0.4079388781938013
2024-07-13,time_range_quarter,256,0.525,0.5277910183023666,0.521860096581542,0.41437727934181773
2024-07-13,time_range_quarter,256,0.5333333333333333,0.5378945214852358,0.521860096581542,0.41444688679106295
2024-07-13,time_range_quarter,256,0.5416666666666666,0.5428606990635412,0.521860096581542,0.41445712699050824
2024-07-13,time_range_quarter,256,0.55,0.5539301175219818,0.5435748911746947,0.4208523534602894
2024-07-13,time_range_quarter,256,0.5583333333333333,0.5593681770436433,0.5435748911746947,0.42086298912827136
2024-07-13,time_range_quarter,256,0.5666666666666667,0.5710924188937299,0.5671645846091398,0.42712381163811625
2024-07-13,time_range_quarter,256,0.575,0.5772215981544323,0.5671645846091398,0.42716369474502697
2024-07-13,time_range_quarter,256,0.5833333333333334,0.5834299215021019,0.5671645846091398,0.4271753961656461
2024-07-13,time_range_quarter,256,0.5916666666666667,0.5966134273142937,0.5927404909395264,0.43325484992061747
2024-07-13,time_range_quarter,256,0.6,0.603441755915746,0.5927404909395264,0.4332569906509517
2024-07-13,time_range_quarter,256,0.6083333333333333,0.6104611306182635,0.5927404909395264,0.43327873302907144
2024-07-13,time_range_quarter,256,0.6166666666666667,0.6173999984117493,0.5927404909395264,0.4333449505249717
2024-07-13,time_range_quarter,256,0.625,0.6309067111243872,0.6196052332708109,0.4393379682289739
2024-07-13,time_range_quarter,256,0.6333333333333333,0.6376249649525537,0.6196052332708109,0.4393472869267583
2024-07-13,time_range_quarter,256,0.6416666666666666,0.6442671503220384,0.6196052332708109,0.43936884251059444
2024-07-13,time_range_quarter,256,0.65,0.6510021507575724,0.6466099412636291,0.4453738477674219
2024-07-13,time_range_quarter,256,0.6583333333333333,0.6644068003771962,0.6466099412636291,0.445446736446327
2024-07-13,time_range_quarter,256,0.6666666666666666,0.6711312055549792,0.6466099412636291,0.44546386787455583
2024-07-13,time_range_quarter,256,0.675,0.6785286552501358,0.673756141408329,0.4513249100894912
2024-07-13,time_range_quarter,256,0.6833333333333333,0.6858929617770655,0.673756141408329,0.4513305683864527
2024-07-13,time_range_quarter,256,0.6916666666666667,0.6931563426274366,0.673756141408329,0.4513374867312948
2024-07-13,time_range_quarter,256,0.7,0.7001362765485987,0.673756141408329,0.4513683244948855
2024-07-13,time_range_quarter,256,0.7083333333333334,0.713547206280344,0.7033407428018219,0.457030559412301
2024-07-13,time_range_quarter,256,0.7166666666666667,0.7203710274063129,0.7033407428018219,0.4570441288152505
2024-07-13,time_range_quarter,256,0.725,0.7273612280651636,0.7033407428018219,0.45706712505585256
2024-07-13,time_range_quarter,256,0.7333333333333333,0.733554489922937,0.7297606841612946,0.46277136205919533
2024-07-13,time_range_quarter,256,0.7416666666666667,0.7457342273913384,0.7297606841612946,0.4628206669353509
2024-07-13,time_range_quarter,256,0.75,0.7518040879284638,0.7297606841612946,0.46282841438227207
2024-07-13,time_range_quarter,256,0.7583333333333333,0.763470565099933,0.7536632843436663,0.468528841199205
2024-07-13,time_range_quarter,256,0.7666666666666666,0.7691298218367297,0.7536632843436663,0.46853796680312737
2024-07-13,time_range_quarter,256,0.775,0.7801563365626578,0.7766864979953292,0.474048893265833
2024-07-13,time_range_quarter,256,0.7833333333333333,0.7855814178459982,0.7766864979953292,0.47405534529200244
2024-07-13,time_range_quarter,256,0.7916666666666666,0.7966411395532461,0.7766864979953292,0.47415971434230425
2024-07-13,time_range_quarter,256,0.8,0.801799171542854,0.7986263363383821,0.47950643471057475
2024-07-13,time_range_quarter,256,0.8083333333333333,0.8121373896446691,0.7986263363383821,0.47960153256960614
2024-07-13,time_range_quarter,256,0.8166666666666667,0.8177406943837737,0.7986263363383821,0.47961240587851345
2024-07-13,time_range_quarter,256,0.825,0.8278785286372929,0.8187057281493427,0.4849297270265797
2024-07-13,time_range_quarter,256,0.8333333333333334,0.8374369983098282,0.8187057281493427,0.4849806653713979
2024-07-13,time_range_quarter,256,0.8416666666666667,0.8423395311842125,0.8381892969622313,0.49015844659918817
2024-07-13,time_range_quarter,256,0.85,0.8519646542397824,0.8381892969622313,0.4901800211102242
2024-07-13,time_range_quarter,256,0.8583333333333333,0.8614190259368147,0.8573764216288016,0.49527352405726627
2024-07-13,time_range_quarter,256,0.8666666666666667,0.8706468584573077,0.8573764216288016,0.4953216908931498
2024-07-13,time_range_quarter,256,0.875,0.8752346072458831,0.8573764216288016,0.4953230729491903
2024-07-13,time_range_quarter,256,0.8833333333333333,0.8842852577488134,0.875417295518914,0.5002996571657417
2024-07-13,time_range_quarter,256,0.8916666666666666,0.893128017775935,0.875417295518914,0.5003186283672568
2024-07-13,time_range_quarter,256,0.9,0.9014919779225663,0.8930281522562904,0.5051559578858352
2024-07-13,time_range_quarter,256,0.9083333333333333,0.9098957942724542,0.8930281522562904,0.5052046933551984
2024-07-13,time_range_quarter,256,0.9166666666666666,0.9181742604658798,0.9104822597075186,0.5098544726624497
2024-07-13,time_range_quarter,256,0.9249999999999999,0.9265869968662038,0.9104822597075186,0.5099233758069119
2024-07-13,time_range_quarter,256,0.9333333333333333,0.934755751630961,0.926523156136448,0.5144423967135315
2024-07-13,time_range_quarter,256,0.9416666666666667,0.942801751982791,0.926523156136448,0.5144895723284688
2024-07-13,time_range_quarter,256,0.95,0.9500332115822969,0.9417495212044383,0.5187936145084528
2024-07-13,time_range_quarter,256,0.9583333333333334,0.9604621643104585,0.9555638873916767,0.5230922763392084
2024-07-13,time_range_quarter,256,0.9666666666666667,0.9669505916564305,0.9555638873916767,0.5231532277376901
2024-07-13,time_range_quarter,256,0.975,0.9754077716272748,0.9680277259636979,0.5271207295859146
2024-07-13,time_range_quarter,256,0.9833333333333333,0.9848488667300642,0.9766567931523127,0.5311328677723458
2024-07-13,time_range_quarter,256,0.9916666666666667,0.9918757251334471,0.9810689184896808,0.534466329385363
2024-07-13,time_range_quarter,256,1.0,0.9999999999999998,0.990748894019896,inf
2024-07-13,time_range_4x,128,0.0,0.0,0.0,-inf
2024-07-13,time_range_4x,128,0.008333333333333333,0.008438644428749713,0.009891285176108553,0.007974986904881048
2024-07-13,time_range_4x,128,0.016666666666666666,0.016890723846540112,0.02096543899564047,0.019387839586571275
2024-07-13,time_range_4x,128,0.025,0.025151682054747982,0.03610754627128862,0.032225119919654106
2024-07-13,time_range_4x,128,0.03333333333333333,0.03402425211581406,0.053600858715837287,0.0478216595900108
2024-07-13,time_range_4x,128,0.041666666666666664,0.04167005548041869,0.06682480811522475,0.061502385836538304
2024-07-13,time_range_4x,128,0.05,0.050151541237068116,0.0781681253680267,0.07170813463263474
2024-07-13,time_range_4x,128,0.058333333333333334,0.05879983456932875,0.09872535098439074,0.08771145758650616
2024-07-13,time_range_4x,128,0.06666666666666667,0.06729439990294793,0.11193233884599688,0.09941659779739995
2024-07-13,time_range_4x,128,0.075,0.07526447104026736,0.1250236246333015,0.11172676551789397
2024-07-13,time_range_4x,128,0.08333333333333333,0.08372470424293461,0.1386686689809654,0.12450499678639977
2024-07-13,time_range_4x,128,0.09166666666666666,0.09168194367621381,0.15546509192283728,0.13774563697863396
2024-07-13,time_range_4x,128,0.1,0.10014526204541044,0.17302943403511875,0.15144520237208908
2024-07-13,time_range_4x,128,0.10833333333333334,0.10923121185155148,0.18245360385159196,0.15860403187414415
2024-07-13,time_range_4x,128,0.11666666666666667,0.11791286429060521,0.20091567486626,0.17298705271109738
2024-07-13,time_range_4x,128,0.125,0.12519337064570116,0.21030667243675477,0.18037992053534707
2024-07-13,time_range_4x,128,0.13333333333333333,0.13433428080055673,0.2300151299380392,0.19530060633421406
2024-07-13,time_range_4x,128,0.14166666666666666,0.14226277982376945,0.24060712875657284,0.20309661628751807
2024-07-13,time_range_4x,128,0.15,0.15079906839988888,0.25097979228449435,0.2108594929068748
2024-07-13,time_range_4x,128,0.15833333333333333,0.15959247540751118,0.2605645180005302,0.2186838471999254
2024-07-13,time_range_4x,128,0.16666666666666666,0.16670576790770195,0.2707884279501255,0.22678934720619678
2024-07-13,time_range_4x,128,0.175,0.17601389078460108,0.2924072409197014,0.24259863511726013
2024-07-13,time_range_4x,128,0.18333333333333332,0.1839506274069001,0.30379034556396417,0.2506637003693002
2024-07-13,time_range_4x,128,0.19166666666666665,0.19227489497914757,0.31456237912478385,0.2588123548674476
2024-07-13,time_range_4x,128,0.2,0.2004079188019235,0.3257188416167703,0.26710363096227596
2024-07-13,time_range_4x,128,0.20833333333333334,0.20856005057994553,0.3368018133803576,0.2753773007152521
2024-07-13,time_range_4x,128,0.21666666666666667,0.21717250364461327,0.34874875708723396,0.28375246149913863
2024-07-13,time_range_4x,128,0.225,0.22632511935633468,0.3607283432183779,0.29210543250311966
2024-07-13,time_range_4x,128,0.23333333333333334,0.23348210674346376,0.3607283432183779,0.292401114427211
2024-07-13,time_range_4x,128,0.24166666666666667,0.24367035513111573,0.37371127537479976,0.3006248291375025
2024-07-13,time_range_4x,128,0.25,0.2515750462207792,0.3878189644064098,0.30894513930087597
2024-07-13,time_range_4x,128,0.2583333333333333,0.25995626485778484,0.40196592869618447,0.3173738922504752
2024-07-13,time_range_4x,128,0.26666666666666666,0.2685335319617729,0.41772516251254505,0.32576606196018515
2024-07-13,time_range_4x,128,0.275,0.2773537895238137,0.41772516251254505,0.325906125193107
2024-07-13,time_range_4x,128,0.2833333333333333,0.28372667116223826,0.43458325264092784,0.33426397512511974
2024-07-13,time_range_4x,128,0.2916666666666667,0.2936587395686093,0.45253935725640215,0.3425819579562903
2024-07-13,time_range_4x,128,0.3,0.300438137670258,0.45253935725640215,0.34272122862866944
2024-07-13,time_range_4x,128,0.30833333333333335,0.31098544679944246,0.4705081681830037,0.35104868557072316
2024-07-13,time_range_4x,128,0.31666666666666665,0.3183617643971505,0.4705081681830037,0.3511301489703594
2024-07-13,time_range_4x,128,0.325,0.3258550612479394,0.4897664309468037,0.3594697668030871
2024-07-13,time_range_4x,128,0.3333333333333333,0.33342636814057036,0.4897664309468037,0.35954141899162134
2024-07-13,time_range_4x,128,0.3416666666666667,0.34503738414479307,0.5099397037897768,0.36789388765394715
2024-07-13,time_range_4x,128,0.35,0.353141957612928,0.5300758086524937,0.3761800119759139
2024-07-13,time_range_4x,128,0.35833333333333334,0.36119628079420246,0.5300758086524937,0.3762737523551727
2024-07-13,time_range_4x,128,0.36666666666666664,0.36962397190441804,0.5528948160385373,0.3844784860297519
2024-07-13,time_range_4x,128,0.375,0.378146947553469,0.5528948160385373,0.38453080333349093
2024-07-13,time_range_4x,128,0.3833333333333333,0.3865517995131218,0.5752723677751933,0.3928510401517831
2024-07-13,time_range_4x,128,0.39166666666666666,0.3948864147748928,0.5752723677751933,0.39294728648413085
2024-07-13,time_range_4x,128,0.4,0.4037889710905365,0.5995837095992264,0.40117886903643807
2024-07-13,time_range_4x,128,0.4083333333333333,0.4128569990957363,0.5995837095992264,0.4012141106321084
2024-07-13,time_range_4x,128,0.4166666666666667,0.4175090544933723,0.5995837095992264,0.4012854773270519
2024-07-13,time_range_4x,128,0.425,0.42656640021143727,0.6238493561233796,0.4095000042558348
2024-07-13,time_range_4x,128,0.43333333333333335,0.4357096428689321,0.6238493561233796,0.40958844633792146
2024-07-13,time_range_4x,128,0.44166666666666665,0.44527064508661574,0.6491890290173842,0.41772056534261176
2024-07-13,time_range_4x,128,0.45,0.4500247117347447,0.6491890290173842,0.4177362320465193
2024-07-13,time_range_4x,128,0.4583333333333333,0.45954301044702295,0.6754832072230288,0.4258513460633887
2024-07-13,time_range_4x,128,0.4666666666666667,0.46938448047420983,0.6754832072230288,0.4259100894649435
2024-07-13,time_range_4x,128,0.475,0.4791760830663009,0.7026813134173646,0.43398596149642665
2024-07-13,time_range_4x,128,0.48333333333333334,0.4840880587712214,0.7026813134173646,0.4339896826691985
2024-07-13,time_range_4x,128,0.49166666666666664,0.4938690943060702,0.7026813134173646,0.434153665740645
2024-07-13,time_range_4x,128,0.5,0.5036471485704462,0.7304133759282093,0.4421141672658311
2024-07-13,time_range_4x,128,0.5083333333333333,0.5084335999417002,0.7304133759282093,0.44214954755495456
2024-07-13,time_range_4x,128,0.5166666666666666,0.5182607476567105,0.7579594231107424,0.45012527273507535
2024-07-13,time_range_4x,128,0.525,0.5283848744871219,0.7579594231107424,0.45028214941182265
2024-07-13,time_range_4x,128,0.5333333333333333,0.533490978342627,0.7579594231107424,0.45029686623842563
2024-07-13,time_range_4x,128,0.5416666666666666,0.5437263523542973,0.7862417749258698,0.45812303322898035
2024-07-13,time_range_4x,128,0.55,0.5539407185391563,0.7862417749258698,0.4582187713082276
2024-07-13,time_range_4x,128,0.5583333333333333,0.5592703916120622,0.8145718731139573,0.4660373314864196
2024-07-13,time_range_4x,128,0.5666666666666667,0.5696841535100451,0.8145718731139573,0.4660664879355202
2024-07-13,time_range_4x,128,0.575,0.5797150596921959,0.8437578283490514,0.47374695314153087
2024-07-13,time_range_4x,128,0.5833333333333334,0.5849057075860126,0.8437578283490514,0.4738165301154313
2024-07-13,time_range_4x,128,0.5916666666666667,0.5947347542023541,0.8437578283490514,0.47388252686615556
2024-07-13,time_range_4x,128,0.6,0.6048477467929285,0.8718647494302698,0.48160885315061924
2024-07-13,time_range_4x,128,0.6083333333333333,0.6097150112397514,0.8718647494302698,0.4816492698143138
2024-07-13,time_range_4x,128,0.6166666666666667,0.6197264477888043,0.8998417939149809,0.48925397741429033
2024-07-13,time_range_4x,128,0.625,0.6300119448772636,0.8998417939149809,0.48929511587944213
2024-07-13,time_range_4x,128,0.6333333333333333,0.6350723810265189,0.8998417939149809,0.4893604104775094
2024-07-13,time_range_4x,128,0.6416666666666666,0.6452665491630223,0.9279315979231979,0.4968254872588112
2024-07-13,time_range_4x,128,0.65,0.650310354584477,0.9279315979231979,0.49690242304022214
2024-07-13,time_range_4x,128,0.6583333333333333,0.6602435930428171,0.9554295405446229,0.5042758469114382
2024-07-13,time_range_4x,128,0.6666666666666666,0.670246541764643,0.9554295405446229,0.5043594877843423
2024-07-13,time_range_4x,128,0.675,0.6750566122512827,0.9554295405446229,0.5043702727569871
2024-07-13,time_range_4x,128,0.6833333333333333,0.6845929564850283,0.9833459850390003,0.5116973935836133
2024-07-13,time_range_4x,128,0.6916666666666667,0.6940498196747809,0.9833459850390003,0.5118536661508052
2024-07-13,time_range_4x,128,0.7,0.7032159552248078,1.0108645279245345,0.5190511678192631
2024-07-13,time_range_4x,128,0.7083333333333334,0.7125239393795209,1.0108645279245345,0.5191979637213293
2024-07-13,time_range_4x,128,0.7166666666666667,0.7174142056933603,1.0385188900459346,0.5262277293438723
2024-07-13,time_range_4x,128,0.725,0.726600018275898,1.0385188900459346,0.5263817523002179
2024-07-13,time_range_4x,128,0.7333333333333333,0.7359456761532678,1.0671398744733096,0.5332781528915185
2024-07-13,time_range_4x,128,0.7416666666666667,0.7455753996056469,1.0671398744733096,0.5335069373728615
2024-07-13,time_range_4x,128,0.75,0.7502888608562185,1.0671398744733096,0.533520813134067
2024-07-13,time_range_4x,128,0.7583333333333333,0.759630506947696,1.0946376710537449,0.5404387169599237
2024-07-13,time_range_4x,128,0.7666666666666666,0.7691535650884604,1.0946376710537449,0.5406265624797089
2024-07-13,time_range_4x,128,0.775,0.7783084500170737,1.121815806233411,0.5472794492259632
2024-07-13,time_range_4x,128,0.7833333333333333,0.7877772076279042,1.121815806233411,0.5474427553667047
2024-07-13,time_range_4x,128,0.7916666666666666,0.7925759448583516,1.1512420903275142,0.5540398414368539
2024-07-13,time_range_4x,128,0.8,0.8023990708670266,1.1512420903275142,0.5540739816677667
2024-07-13,time_range_4x,128,0.8083333333333333,0.8126117343535748,1.1824645437362387,0.5606188266269633
2024-07-13,time_range_4x,128,0.8166666666666667,0.8177452139797704,1.1824645437362387,0.5606552951252406
2024-07-13,time_range_4x,128,0.825,0.8282406990536038,1.1824645437362387,0.560815632600126
2024-07-13,time_range_4x,128,0.8333333333333334,0.8337742995732418,1.2150393511242226,0.5669981610366209
2024-07-13,time_range_4x,128,0.8416666666666667,0.8447451241510495,1.2150393511242226,0.5670949505305691
2024-07-13,time_range_4x,128,0.85,0.8503844169089806,1.2150393511242226,0.5671016548661347
2024-07-13,time_range_4x,128,0.8583333333333333,0.8610283861621835,1.2460382341784348,0.5732278212903468
2024-07-13,time_range_4x,128,0.8666666666666667,0.8716273760512752,1.2460382341784348,0.5733204079176832
2024-07-13,time_range_4x,128,0.875,0.8765693943061228,1.2759243330949386,0.5793517097275724
2024-07-13,time_range_4x,128,0.8833333333333333,0.8861729166842808,1.2759243330949386,0.5793923955738313
2024-07-13,time_range_4x,128,0.8916666666666666,0.8953761610098296,1.3017289941741943,0.5853620024265651
2024-07-13,time_range_4x,128,0.9,0.903751675196055,1.3017289941741943,0.5853792516517105
2024-07-13,time_range_4x,128,0.9083333333333333,0.9118199585630296,1.3260299928632395,0.5912527801399016
2024-07-13,time_range_4x,128,0.9166666666666666,0.9190495468198137,1.3260299928632395,0.5913709552028414
2024-07-13,time_range_4x,128,0.9249999999999999,0.9259304819298972,1.3470439005046841,0.5969793423105404
2024-07-13,time_range_4x,128,0.9333333333333333,0.9354968956906254,1.3470439005046841,0.5971634107771764
2024-07-13,time_range_4x,128,0.9416666666666667,0.9432469763365913,1.3648534706594617,0.6026809596232605
2024-07-13,time_range_4x,128,0.95,0.9504955435498419,1.380704859388712,0.6082869877431357
2024-07-13,time_range_4x,128,0.9583333333333334,0.9586965457054594,1.3951336091563664,0.613513916457912
2024-07-13,time_range_4x,128,0.9666666666666667,0.9666764291283529,1.4061226627071015,0.6188999529923296
2024-07-13,time_range_4x,128,0.975,0.9750380165331393,1.4230103988235223,0.6288465769992507
2024-07-13,time_range_4x,128,0.9833333333333333,0.9833773381389241,1.4395749973280736,0.6427830948664769
2024-07-13,time_range_4x,128,0.9916666666666667,0.9918689623641682,1.4546670413818559,0.6587079367067166
2024-07-13,time_range_4x,128,1.0,0.9999999999999981,1.4690965916186365,inf
2024-07-13,time_range_4x,256,0.0,0.0,0.0,-inf
2024-07-13,time_range_4x,256,0.008333333333333333,0.008438644428749713,0.01019224989192602,0.007974986904881048
2024-07-13,time_range_4x,256,0.016666666666666666,0.016890723846540112,0.021167289438172265,0.019387839586571275
2024-07-13,time_range_4x,256,0.025,0.025151682054747982,0.03657732426067356,0.032225119919654106
2024-07-13,time_range_4x,256,0.03333333333333333,0.03402425211581406,0.05399484922502118,0.0478216595900108
2024-07-13,time_range_4x,256,0.041666666666666664,0.04167005548041869,0.06483338680251118,0.061502385836538304
2024-07-13,time_range_4x,256,0.05,0.050151541237068116,0.07868803032509822,0.07170813463263474
2024-07-13,time_range_4x,256,0.058333333333333334,0.05879983456932875,0.09614451668221133,0.08771145758650616
2024-07-13,time_range_4x,256,0.06666666666666667,0.06729439990294793,0.11256351959942773,0.09941659779739995
2024-07-13,time_range_4x,256,0.075,0.07526447104026736,0.1256295721012058,0.11172676551789397
2024-07-13,time_range_4x,256,0.08333333333333333,0.08372470424293461,0.13918160570455315,0.12450499678639977
2024-07-13,time_range_4x,256,0.09166666666666666,0.09168194367621381,0.15604021449894476,0.13774563697863396
2024-07-13,time_range_4x,256,0.1,0.10014526204541044,0.17379490114675084,0.15144520237208908
2024-07-13,time_range_4x,256,0.10833333333333334,0.10923121185155148,0.18319059952527522,0.15860403187414415
2024-07-13,time_range_4x,256,0.11666666666666667,0.11791286429060521,0.20155354660659838,0.17298705271109738
2024-07-13,time_range_4x,256,0.125,0.12519337064570116,0.2109153381590713,0.18037992053534707
2024-07-13,time_range_4x,256,0.13333333333333333,0.13433428080055673,0.22519682355886667,0.19530060633421406
2024-07-13,time_range_4x,256,0.14166666666666666,0.14226277982376945,0.24122683064785297,0.20309661628751807
2024-07-13,time_range_4x,256,0.15,0.15079906839988888,0.25151294835020616,0.2108594929068748
2024-07-13,time_range_4x,256,0.15833333333333333,0.15959247540751118,0.2612184162965837,0.2186838471999254
2024-07-13,time_range_4x,256,0.16666666666666666,0.16670576790770195,0.27138125358772724,0.22678934720619678
2024-07-13,time_range_4x,256,0.175,0.17601389078460108,0.287753389975722,0.24259863511726013
2024-07-13,time_range_4x,256,0.18333333333333332,0.1839506274069001,0.29870276725992057,0.2506637003693002
2024-07-13,time_range_4x,256,0.19166666666666665,0.19227489497914757,0.3096765989016909,0.2588123548674476
2024-07-13,time_range_4x,256,0.2,0.2004079188019235,0.3210734585561698,0.26710363096227596
2024-07-13,time_range_4x,256,0.20833333333333334,0.20856005057994553,0.33187909466331966,0.2753773007152521
2024-07-13,time_range_4x,256,0.21666666666666667,0.21717250364461327,0.34326752021458407,0.28375246149913863
2024-07-13,time_range_4x,256,0.225,0.22632511935633468,0.35515518102178656,0.29210543250311966
2024-07-13,time_range_4x,256,0.23333333333333334,0.23348210674346376,0.3611745244273737,0.292401114427211
2024-07-13,time_range_4x,256,0.24166666666666667,0.24367035513111573,0.36766368563272006,0.3006248291375025
2024-07-13,time_range_4x,256,0.25,0.2515750462207792,0.3814310385120744,0.30894513930087597
2024-07-13,time_range_4x,256,0.2583333333333333,0.25995626485778484,0.39480214396617586,0.3173738922504752
2024-07-13,time_range_4x,256,0.26666666666666666,0.2685335319617729,0.41011805034513815,0.32576606196018515
2024-07-13,time_range_4x,256,0.275,0.2773537895238137,0.41011805034513815,0.325906125193107
2024-07-13,time_range_4x,256,0.2833333333333333,0.28372667116223826,0.4263707241470342,0.33426397512511974
2024-07-13,time_range_4x,256,0.2916666666666667,0.2936587395686093,0.4440967654789201,0.3425819579562903
2024-07-13,time_range_4x,256,0.3,0.300438137670258,0.4440967654789201,0.34272122862866944
2024-07-13,time_range_4x,256,0.30833333333333335,0.31098544679944246,0.46189594470201406,0.35104868557072316
2024-07-13,time_range_4x,256,0.31666666666666665,0.3183617643971505,0.46189594470201406,0.3511301489703594
2024-07-13,time_range_4x,256,0.325,0.3258550612479394,0.4805070477680308,0.3594697668030871
2024-07-13,time_range_4x,256,0.3333333333333333,0.33342636814057036,0.4805070477680308,0.35954141899162134
2024-07-13,time_range_4x,256,0.3416666666666667,0.34503738414479307,0.5008298468573585,0.36789388765394715
2024-07-13,time_range_4x,256,0.35,0.353141957612928,0.5206714648954576,0.3761800119759139
2024-07-13,time_range_4x,256,0.35833333333333334,0.36119628079420246,0.5206714648954576,0.3762737523551727
2024-07-13,time_range_4x,256,0.36666666666666664,0.36962397190441804,0.5419265306743668,0.3844784860297519
2024-07-13,time_range_4x,256,0.375,0.378146947553469,0.5419265306743668,0.38453080333349093
2024-07-13,time_range_4x,256,0.3833333333333333,0.3865517995131218,0.5650116728375743,0.3928510401517831
2024-07-13,time_range_4x,256,0.39166666666666666,0.3948864147748928,0.5650116728375743,0.39294728648413085
2024-07-13,time_range_4x,256,0.4,0.4037889710905365,0.5881643514189395,0.40117886903643807
2024-07-13,time_range_4x,256,0.4083333333333333,0.4128569990957363,0.5881643514189395,0.4012141106321084
2024-07-13,time_range_4x,256,0.4166666666666667,0.4175090544933723,0.5881643514189395,0.4012854773270519
2024-07-13,time_range_4x,256,0.425,0.42656640021143727,0.6124623820542321,0.4095000042558348
2024-07-13,time_range_4x,256,0.43333333333333335,0.4357096428689321,0.6124623820542321,0.40958844633792146
2024-07-13,time_range_4x,256,0.44166666666666665,0.44527064508661574,0.6375834945566285,0.41772056534261176
2024-07-13,time_range_4x,256,0.45,0.4500247117347447,0.6375834945566285,0.4177362320465193
2024-07-13,time_range_4x,256,0.4583333333333333,0.45954301044702295,0.6630620274051816,0.4258513460633887
2024-07-13,time_range_4x,256,0.4666666666666667,0.46938448047420983,0.6630620274051816,0.4259100894649435
2024-07-13,time_range_4x,256,0.475,0.4791760830663009,0.6900938471729833,0.43398596149642665
2024-07-13,time_range_4x,256,0.48333333333333334,0.4840880587712214,0.6900938471729833,0.4339896826691985
2024-07-13,time_range_4x,256,0.49166666666666664,0.4938690943060702,0.6900938471729833,0.434153665740645
2024-07-13,time_range_4x,256,0.5,0.5036471485704462,0.7179822751684827,0.4421141672658311
2024-07-13,time_range_4x,256,0.5083333333333333,0.5084335999417002,0.7179822751684827,0.44214954755495456
2024-07-13,time_range_4x,256,0.5166666666666666,0.5182607476567105,0.7454967526629259,0.45012527273507535
2024-07-13,time_range_4x,256,0.525,0.5283848744871219,0.7454967526629259,0.45028214941182265
2024-07-13,time_range_4x,256,0.5333333333333333,0.533490978342627,0.7454967526629259,0.45029686623842563
2024-07-13,time_range_4x,256,0.5416666666666666,0.5437263523542973,0.7741713774299548,0.45812303322898035
2024-07-13,time_range_4x,256,0.55,0.5539407185391563,0.7741713774299548,0.4582187713082276
2024-07-13,time_range_4x,256,0.5583333333333333,0.5592703916120622,0.8022675103556982,0.4660373314864196
2024-07-13,time_range_4x,256,0.5666666666666667,0.5696841535100451,0.8022675103556982,0.4660664879355202
2024-07-13,time_range_4x,256,0.575,0.5797150596921959,0.830936938088871,0.47374695314153087
2024-07-13,time_range_4x,256,0.5833333333333334,0.5849057075860126,0.830936938088871,0.4738165301154313
2024-07-13,time_range_4x,256,0.5916666666666667,0.5947347542023541,0.830936938088871,0.47388252686615556
2024-07-13,time_range_4x,256,0.6,0.6048477467929285,0.8599675368480931,0.48160885315061924
2024-07-13,time_range_4x,256,0.6083333333333333,0.6097150112397514,0.8599675368480931,0.4816492698143138
2024-07-13,time_range_4x,256,0.6166666666666667,0.6197264477888043,0.8873765435663549,0.48925397741429033
2024-07-13,time_range_4x,256,0.625,0.6300119448772636,0.8873765435663549,0.48929511587944213
2024-07-13,time_range_4x,256,0.6333333333333333,0.6350723810265189,0.8873765435663549,0.4893604104775094
2024-07-13,time_range_4x,256,0.6416666666666666,0.6452665491630223,0.916158338593453,0.4968254872588112
2024-07-13,time_range_4x,256,0.65,0.650310354584477,0.916158338593453,0.49690242304022214
2024-07-13,time_range_4x,256,0.6583333333333333,0.6602435930428171,0.9436053818618947,0.5042758469114382
2024-07-13,time_range_4x,256,0.6666666666666666,0.670246541764643,0.9436053818618947,0.5043594877843423
2024-07-13,time_range_4x,256,0.675,0.6750566122512827,0.9436053818618947,0.5043702727569871
2024-07-13,time_range_4x,256,0.6833333333333333,0.6845929564850283,0.9717286394260117,0.5116973935836133
2024-07-13,time_range_4x,256,0.6916666666666667,0.6940498196747809,0.9717286394260117,0.5118536661508052
2024-07-13,time_range_4x,256,0.7,0.7032159552248078,0.9990025592756498,0.5190511678192631
2024-07-13,time_range_4x,256,0.7083333333333334,0.7125239393795209,0.9990025592756498,0.5191979637213293
2024-07-13,time_range_4x,256,0.7166666666666667,0.7174142056933603,1.0269492094813037,0.5262277293438723
2024-07-13,time_range_4x,256,0.725,0.726600018275898,1.0269492094813037,0.5263817523002179
2024-07-13,time_range_4x,256,0.7333333333333333,0.7359456761532678,1.0553074064345935,0.5332781528915185
2024-07-13,time_range_4x,256,0.7416666666666667,0.7455753996056469,1.0553074064345935,0.5335069373728615
2024-07-13,time_range_4x,256,0.75,0.7502888608562185,1.0553074064345935,0.533520813134067
2024-07-13,time_range_4x,256,0.7583333333333333,0.759630506947696,1.0827541691594997,0.5404387169599237
2024-07-13,time_range_4x,256,0.7666666666666666,0.7691535650884604,1.0827541691594997,0.5406265624797089
2024-07-13,time_range_4x,256,0.775,0.7783084500170737,1.109432564550904,0.5472794492259632
2024-07-13,time_range_4x,256,0.7833333333333333,0.7877772076279042,1.109432564550904,0.5474427553667047
2024-07-13,time_range_4x,256,0.7916666666666666,0.7925759448583516,1.1382682727430897,0.5540398414368539
2024-07-13,time_range_4x,256,0.8,0.8023990708670266,1.1382682727430897,0.5540739816677667
2024-07-13,time_range_4x,256,0.8083333333333333,0.8126117343535748,1.1695251822201356,0.5606188266269633
2024-07-13,time_range_4x,256,0.8166666666666667,0.8177452139797704,1.1695251822201356,0.5606552951252406
2024-07-13,time_range_4x,256,0.825,0.8282406990536038,1.1695251822201356,0.560815632600126
2024-07-13,time_range_4x,256,0.8333333333333334,0.8337742995732418,1.2013601883329719,0.5669981610366209
2024-07-13,time_range_4x,256,0.8416666666666667,0.8447451241510495,1.2013601883329719,0.5670949505305691
2024-07-13,time_range_4x,256,0.85,0.8503844169089806,1.2013601883329719,0.5671016548661347
2024-07-13,time_range_4x,256,0.8583333333333333,0.8610283861621835,1.2342578156578725,0.5732278212903468
2024-07-13,time_range_4x,256,0.8666666666666667,0.8716273760512752,1.2342578156578725,0.5733204079176832
2024-07-13,time_range_4x,256,0.875,0.8765693943061228,1.264693480076073,0.5793517097275724
2024-07-13,time_range_4x,256,0.8833333333333333,0.8861729166842808,1.264693480076073,0.5793923955738313
2024-07-13,time_range_4x,256,0.8916666666666666,0.8953761610098296,1.2919418725469052,0.5853620024265651
2024-07-13,time_range_4x,256,0.9,0.903751675196055,1.2919418725469052,0.5853792516517105
2024-07-13,time_range_4x,256,0.9083333333333333,0.9118199585630296,1.3176951144673417,0.5912527801399016
2024-07-13,time_range_4x,256,0.9166666666666666,0.9190495468198137,1.3176951144673417,0.5913709552028414
2024-07-13,time_range_4x,256,0.9249999999999999,0.9259304819298972,1.3398735949236142,0.5969793423105404
2024-07-13,time_range_4x,256,0.9333333333333333,0.9354968956906254,1.3398735949236142,0.5971634107771764
2024-07-13,time_range_4x,256,0.9416666666666667,0.9432469763365913,1.3588414710218688,0.6026809596232605
2024-07-13,time_range_4x,256,0.95,0.9504955435498419,1.3751997459373468,0.6082869877431357
2024-07-13,time_range_4x,256,0.9583333333333334,0.9586965457054594,1.3901107154725567,0.613513916457912
2024-07-13,time_range_4x,256,0.9666666666666667,0.9666764291283529,1.4025179649925077,0.6188999529923296
2024-07-13,time_range_4x,256,0.975,0.9750380165331393,1.4204849210009878,0.6288465769992507
2024-07-13,time_range_4x,256,0.9833333333333333,0.9833773381389241,1.4375136221721532,0.6427830948664769
2024-07-13,time_range_4x,256,0.9916666666666667,0.9918689623641682,1.4533093092875478,0.6587079367067166
2024-07-13,time_range_4x,256,1.0,0.9999999999999981,1.4690965916186278,inf
2024-07-13,advection_zero,128,0.0,0.0,0.0,-inf
2024-07-13,advection_zero,128,0.008333333333333333,0.008639249295661766,0.009036260051411981,0.00681340082817143
2024-07-13,advection_zero,128,0.016666666666666666,0.016714624565169967,0.017550296891081476,0.01420347217382175
2024-07-13,advection_zero,128,0.025,0.02541427025953828,0.026312044809591196,0.021635098083812962
2024-07-13,advection_zero,128,0.03333333333333333,0.03370647274276852,0.03639314235241459,0.030398817009420296
2024-07-13,advection_zero,128,0.041666666666666664,0.0425645190558296,0.04845564195235996,0.040432462090891935
2024-07-13,advection_zero,128,0.05,0.05087591411585949,0.05786013251507374,0.0480715239762845
2024-07-13,advection_zero,128,0.058333333333333334,0.059010968477751446,0.06874938309841093,0.05628317291954063
2024-07-13,advection_zero,128,0.06666666666666667,0.06750365109411309,0.0800723025599089,0.06489219063609906
2024-07-13,advection_zero,128,0.075,0.07509267817918085,0.09206672071447791,0.07419874282784757
2024-07-13,advection_zero,128,0.08333333333333333,0.08415344120342627,0.10500783532719692,0.08389509280459095
2024-07-13,advection_zero,128,0.09166666666666666,0.09222380426569055,0.11192039415585166,0.08911372106437279
2024-07-13,advection_zero,128,0.1,0.10032831273367465,0.12456273838749424,0.0997045485004181
2024-07-13,advection_zero,128,0.10833333333333334,0.10899937409529466,0.1383183766063982,0.11060826100744413
2024-07-13,advection_zero,128,0.11666666666666667,0.11675897744016313,0.14459154803657714,0.11651669015082802
2024-07-13,advection_zero,128,0.125,0.1251327245815214,0.15773686614334884,0.1279440930352055
2024-07-13,advection_zero,128,0.13333333333333333,0.13334447320325524,0.1643323916065716,0.1341024639668971
2024-07-13,advection_zero,128,0.14166666666666666,0.1417787448509353,0.17687836177247718,0.14617896682019416
2024-07-13,advection_zero,128,0.15,0.1504138239690462,0.1833295575123574,0.15246575671060011
2024-07-13,advection_zero,128,0.15833333333333333,0.15910422252496834,0.1972346672630038,0.16520226564195437
2024-07-13,advection_zero,128,0.16666666666666666,0.16821152614886692,0.20351656433713097,0.1717695933353034
2024-07-13,advection_zero,128,0.175,0.17611896190766765,0.21758621197481323,0.18488710684101708
2024-07-13,advection_zero,128,0.18333333333333332,0.1840997191753582,0.22468933540978703,0.19151289742053276
2024-07-13,advection_zero,128,0.19166666666666665,0.19239948472255905,0.23157160680716676,0.1983718503957786
2024-07-13,advection_zero,128,0.2,0.20100528035547893,0.23867946149958075,0.20527131814655056
2024-07-13,advection_zero,128,0.20833333333333334,0.20961543306796157,0.2530129350427788,0.21891041261223695
2024-07-13,advection_zero,128,0.21666666666666667,0.21688027840051316,0.26052485531189357,0.22589851750666462
2024-07-13,advection_zero,128,0.225,0.2261344008803938,0.26861942655975485,0.2329232563780551
2024-07-13,advection_zero,128,0.23333333333333334,0.23375998088742758,0.27591220907628744,0.23994764221959458
2024-07-13,advection_zero,128,0.24166666666666667,0.2436704174556193,0.28426538255166556,0.2470765171479558
2024-07-13,advection_zero,128,0.25,0.25144280422890375,0.2926613814670368,0.2541747127419427
2024-07-13,advection_zero,128,0.2583333333333333,0.2597224369184584,0.30099902040253823,0.26129430725698627
2024-07-13,advection_zero,128,0.26666666666666666,0.2683572527033425,0.30966986001288654,0.26847768686029927
2024-07-13,advection_zero,128,0.275,0.2771920144912524,0.31847983500434396,0.27557293254010357
2024-07-13,advection_zero,128,0.2833333333333333,0.2840219774580666,0.3277609913445063,0.28267584522578615
2024-07-13,advection_zero,128,0.2916666666666667,0.2934169171949606,0.33689205217060536,0.28985407440892036
2024-07-13,advection_zero,128,0.3,0.3003530218394452,0.3462050325627396,0.297041323158246
2024-07-13,advection_zero,128,0.30833333333333335,0.3099402506098533,0.35617420125680516,0.30415918560141764
2024-07-13,advection_zero,128,0.31666666666666665,0.3173275530243704,0.35617420125680516,0.3042107249352584
2024-07-13,advection_zero,128,0.325,0.32501575104789826,0.36626400448555396,0.3113508911067742
2024-07-13,advection_zero,128,0.3333333333333333,0.3355211582961284,0.37678242225362224,0.3185813097893583
2024-07-13,advection_zero,128,0.3416666666666667,0.343933720393602,0.38817136590642837,0.3256127540973051
2024-07-13,advection_zero,128,0.35,0.3521497714879253,0.3997997844502442,0.33260125373298244
2024-07-13,advection_zero,128,0.35833333333333334,0.3607488260909273,0.3997997844502442,0.33273137467324426
2024-07-13,advection_zero,128,0.36666666666666664,0.36942991378685913,0.41151914465121364,0.33981287981725483
2024-07-13,advection_zero,128,0.375,0.3751902365691002,0.42362924849597755,0.34680421802193084
2024-07-13,advection_zero,128,0.3833333333333333,0.3841715875657176,0.42362924849597755,0.3468914819607285
2024-07-13,advection_zero,128,0.39166666666666666,0.39374764601308726,0.4355306690511106,0.35381655438679677
2024-07-13,advection_zero,128,0.4,0.40333288645436205,0.4479401063408596,0.3608659417759994
2024-07-13,advection_zero,128,0.4083333333333333,0.4098509978243978,0.4479401063408596,0.3610147069412096
2024-07-13,advection_zero,128,0.4166666666666667,0.4168341908108635,0.46207737975941654,0.36776072915876873
2024-07-13,advection_zero,128,0.425,0.4274891414718935,0.47655483169434965,0.37454710312143485
2024-07-13,advection_zero,128,0.43333333333333335,0.4345979369135088,0.47655483169434965,0.37464813945283537
2024-07-13,advection_zero,128,0.44166666666666665,0.4421200795517433,0.4911509996794352,0.38145359364127107
2024-07-13,advection_zero,128,0.45,0.45345088191234595,0.4911509996794352,0.38152417422704543
2024-07-13,advection_zero,128,0.4583333333333333,0.4611334507131881,0.5063661439710828,0.38828738695476694
2024-07-13,advection_zero,128,0.4666666666666667,0.4688774126316765,0.5063661439710828,0.38832050414241864
2024-07-13,advection_zero,128,0.475,0.47738350968489923,0.5225739832556247,0.3949635319403579
2024-07-13,advection_zero,128,0.48333333333333334,0.4857956929202586,0.5225739832556247,0.3949984759848779
2024-07-13,advection_zero,128,0.49166666666666664,0.4945258462675361,0.5404251913836245,0.4016223705451324
2024-07-13,advection_zero,128,0.5,0.5034386439997318,0.5404251913836245,0.40165576742898207
2024-07-13,advection_zero,128,0.5083333333333333,0.512993940382392,0.5592713107822902,0.4081808827305977
2024-07-13,advection_zero,128,0.5166666666666666,0.5177463975935124,0.5592713107822902,0.408198350124409
2024-07-13,advection_zero,128,0.525,0.5277129520267118,0.5801930536047608,0.41467967698574504
2024-07-13,advection_zero,128,0.5333333333333333,0.5377530474066412,0.5801930536047608,0.41473899907085254
2024-07-13,advection_zero,128,0.5416666666666666,0.5429075991790427,0.5801930536047608,0.4147638603640751
2024-07-13,advection_zero,128,0.55,0.5542498735179955,0.6024532826853316,0.42112621113332016
2024-07-13,advection_zero,128,0.5583333333333333,0.5600122837749446,0.6024532826853316,0.4211375345293655
2024-07-13,advection_zero,128,0.5666666666666667,0.5716152716277637,0.6255319276027972,0.4273086413276429
2024-07-13,advection_zero,128,0.575,0.5776035997412756,0.6255319276027972,0.4273214531571308
2024-07-13,advection_zero,128,0.5833333333333334,0.5834867600719067,0.6255319276027972,0.42738368809763316
2024-07-13,advection_zero,128,0.5916666666666667,0.5953741448245656,0.6501902970753037,0.43356550725360793
2024-07-13,advection_zero,128,0.6,0.6013924682034711,0.6501902970753037,0.43361067160103006
2024-07-13,advection_zero,128,0.6083333333333333,0.6135962997345511,0.6501902970753037,0.4336786922524857
2024-07-13,advection_zero,128,0.6166666666666667,0.6200101191432564,0.6750536226697663,0.4396793642908653
2024-07-13,advection_zero,128,0.625,0.6264157563498148,0.6750536226697663,0.43977855212480704
2024-07-13,advection_zero,128,0.6333333333333333,0.6391896832874441,0.6750536226697663,0.4398222653220047
2024-07-13,advection_zero,128,0.6416666666666666,0.6456919221622002,0.7021501114305816,0.44574831168097817
2024-07-13,advection_zero,128,0.65,0.6525084892308033,0.7021501114305816,0.44579378838467315
2024-07-13,advection_zero,128,0.6583333333333333,0.6596069218424188,0.7021501114305816,0.44582738681550765
2024-07-13,advection_zero,128,0.6666666666666666,0.673494617628182,0.730220873658303,0.4516505859606409
2024-07-13,advection_zero,128,0.675,0.6804595022212684,0.730220873658303,0.45168149072088487
2024-07-13,advection_zero,128,0.6833333333333333,0.6875634007320689,0.730220873658303,0.4516857463780327
2024-07-13,advection_zero,128,0.6916666666666667,0.6947368418016879,0.730220873658303,0.4517280358978723
2024-07-13,advection_zero,128,0.7,0.7015446399808811,0.7576423913926161,0.45734848927689514
2024-07-13,advection_zero,128,0.7083333333333334,0.7153046462100088,0.7576423913926161,0.4574774884142642
2024-07-13,advection_zero,128,0.7166666666666667,0.7223475725682937,0.7576423913926161,0.45753003457187663
2024-07-13,advection_zero,128,0.725,0.7289819321373985,0.78421451290768,0.46319930591627645
2024-07-13,advection_zero,128,0.7333333333333333,0.7354205881613183,0.78421451290768,0.4632015501270982
2024-07-13,advection_zero,128,0.7416666666666667,0.7417630192779655,0.78421451290768,0.46321068816180255
2024-07-13,advection_zero,128,0.75,0.7541911208672617,0.8087576858669984,0.4688089546555803
2024-07-13,advection_zero,128,0.7583333333333333,0.7599647362569348,0.8087576858669984,0.4688612262773234
2024-07-13,advection_zero,128,0.7666666666666666,0.7718703744912013,0.8087576858669984,0.46890036241991734
2024-07-13,advection_zero,128,0.775,0.7776174606607961,0.8318803749185367,0.47448269696373907
2024-07-13,advection_zero,128,0.7833333333333333,0.7886516068206,0.8318803749185367,0.4745220308489436
2024-07-13,advection_zero,128,0.7916666666666666,0.7943493268145873,0.8318803749185367,0.4745529704648402
2024-07-13,advection_zero,128,0.8,0.8051642797745602,0.8535908721697102,0.4799522908850291
2024-07-13,advection_zero,128,0.8083333333333333,0.8106662398325073,0.8535908721697102,0.4799687614896961
2024-07-13,advection_zero,128,0.8166666666666667,0.8211097389208762,0.8746551448996328,0.4852602530273338
2024-07-13,advection_zero,128,0.825,0.826125824256151,0.8746551448996328,0.48531318270983215
2024-07-13,advection_zero,128,0.8333333333333334,0.8362361822498969,0.8746551448996328,0.48534814668476034
2024-07-13,advection_zero,128,0.8416666666666667,0.8461979041058434,0.8944507233827335,0.49061203173098905
2024-07-13,advection_zero,128,0.85,0.8511561073531562,0.8944507233827335,0.49063598777792067
2024-07-13,advection_zero,128,0.8583333333333333,0.8607092976235929,0.913968739974829,0.4956518352208147
2024-07-13,advection_zero,128,0.8666666666666667,0.8702867471041728,0.913968739974829,0.49571677128929553
2024-07-13,advection_zero,128,0.875,0.8750766538773553,0.913968739974829,0.4957468444723839
2024-07-13,advection_zero,128,0.8833333333333333,0.8840186740945393,0.9316443470339895,0.5006499255078223
2024-07-13,advection_zero,128,0.8916666666666666,0.8928205113474579,0.9316443470339895,0.5006965159229374
2024-07-13,advection_zero,128,0.9,0.9013073842030442,0.9492547015106595,0.5056006371109105
2024-07-13,advection_zero,128,0.9083333333333333,0.909716585376959,0.9492547015106595,0.5057231245272319
2024-07-13,advection_zero,128,0.9166666666666666,0.9181140152265662,0.9662906367720316,0.5103308638038876
2024-07-13,advection_zero,128,0.9249999999999999,0.9266088705049198,0.9662906367720316,0.5104237118015857
2024-07-13,advection_zero,128,0.9333333333333333,0.9347856205483835,0.9825261037590728,0.5149272873828079
2024-07-13,advection_zero,128,0.9416666666666667,0.943167477582877,0.9825261037590728,0.5149435880426698
2024-07-13,advection_zero,128,0.95,0.9503650564809403,0.9969303215029022,0.5192633288003821
2024-07-13,advection_zero,128,0.9583333333333334,0.9606646405872032,1.0098712621573844,0.5235787840382753
2024-07-13,advection_zero,128,0.9666666666666667,0.9672027484700981,1.0098712621573844,0.523700041509713
2024-07-13,advection_zero,128,0.975,0.97598032613159,1.0216464149296907,0.5276440711587566
2024-07-13,advection_zero,128,0.9833333333333333,0.9833880553729855,1.0291697622935754,0.5315139141586481
2024-07-13,advection_zero,128,0.9916666666666667,0.9920916062009244,1.0333875220950255,0.5356684042926636
2024-07-13,advection_zero,128,1.0,1.0000000000000002,1.0418405586780939,inf
2024-07-13,advection_zero,256,0.0,0.0,0.0,-inf
2024-07-13,advection_zero,256,0.008333333333333333,0.008639249295661766,0.009190266101027914,0.00681340082817143
2024-07-13,advection_zero,256,0.016666666666666666,0.016714624565169967,0.01784609434219292,0.01420347217382175
2024-07-13,advection_zero,256,0.025,0.02541427025953828,0.026577986646134394,0.021635098083812962
2024-07-13,advection_zero,256,0.03333333333333333,0.03370647274276852,0.03671118096600859,0.030398817009420296
2024-07-13,advection_zero,256,0.041666666666666664,0.0425645190558296,0.04647339606186539,0.040432462090891935
2024-07-13,advection_zero,256,0.05,0.05087591411585949,0.05834425904553655,0.0480715239762845
2024-07-13,advection_zero,256,0.058333333333333334,0.059010968477751446,0.06933356739554478,0.05628317291954063
2024-07-13,advection_zero,256,0.06666666666666667,0.06750365109411309,0.07796890728618534,0.06489219063609906
2024-07-13,advection_zero,256,0.075,0.07509267817918085,0.0898445898883199,0.07419874282784757
2024-07-13,advection_zero,256,0.08333333333333333,0.08415344120342627,0.10256125470145132,0.08389509280459095
2024-07-13,advection_zero,256,0.09166666666666666,0.09222380426569055,0.11267897911580316,0.08911372106437279
2024-07-13,advection_zero,256,0.1,0.10032831273367465,0.12530039510930166,0.0997045485004181
2024-07-13,advection_zero,256,0.10833333333333334,0.10899937409529466,0.13909857415670987,0.11060826100744413
2024-07-13,advection_zero,256,0.11666666666666667,0.11675897744016313,0.14541084949106728,0.11651669015082802
2024-07-13,advection_zero,256,0.125,0.1251327245815214,0.15524255678908322,0.1279440930352055
2024-07-13,advection_zero,256,0.13333333333333333,0.13334447320325524,0.16518946126358472,0.1341024639668971
2024-07-13,advection_zero,256,0.14166666666666666,0.1417787448509353,0.1745119138717304,0.14617896682019416
2024-07-13,advection_zero,256,0.15,0.1504138239690462,0.1807635036056267,0.15246575671060011
2024-07-13,advection_zero,256,0.15833333333333333,0.15910422252496834,0.1948215568882345,0.16520226564195437
2024-07-13,advection_zero,256,0.16666666666666666,0.16821152614886692,0.20100110061492735,0.1717695933353034
2024-07-13,advection_zero,256,0.175,0.17611896190766765,0.21472014634402478,0.18488710684101708
2024-07-13,advection_zero,256,0.18333333333333332,0.1840997191753582,0.22187346278693604,0.19151289742053276
2024-07-13,advection_zero,256,0.19166666666666665,0.19239948472255905,0.22906902648591346,0.1983718503957786
2024-07-13,advection_zero,256,0.2,0.20100528035547893,0.2358863337176794,0.20527131814655056
2024-07-13,advection_zero,256,0.20833333333333334,0.20961543306796157,0.249854855058399,0.21891041261223695
2024-07-13,advection_zero,256,0.21666666666666667,0.21688027840051316,0.2575474932193728,0.22589851750666462
2024-07-13,advection_zero,256,0.225,0.2261344008803938,0.2654070515056579,0.2329232563780551
2024-07-13,advection_zero,256,0.23333333333333334,0.23375998088742758,0.27286304817563295,0.23994764221959458
2024-07-13,advection_zero,256,0.24166666666666667,0.2436704174556193,0.28085408096672415,0.2470765171479558
2024-07-13,advection_zero,256,0.25,0.25144280422890375,0.289093855387213,0.2541747127419427
2024-07-13,advection_zero,256,0.2583333333333333,0.2597224369184584,0.2973437703228944,0.26129430725698627
2024-07-13,advection_zero,256,0.26666666666666666,0.2683572527033425,0.30602064877021656,0.26847768686029927
2024-07-13,advection_zero,256,0.275,0.2771920144912524,0.3149491889518554,0.27557293254010357
2024-07-13,advection_zero,256,0.2833333333333333,0.2840219774580666,0.3239105885850518,0.28267584522578615
2024-07-13,advection_zero,256,0.2916666666666667,0.2934169171949606,0.3330532559547848,0.28985407440892036
2024-07-13,advection_zero,256,0.3,0.3003530218394452,0.342216913084661,0.297041323158246
2024-07-13,advection_zero,256,0.30833333333333335,0.3099402506098533,0.35209598876742676,0.30415918560141764
2024-07-13,advection_zero,256,0.31666666666666665,0.3173275530243704,0.35209598876742676,0.3042107249352584
2024-07-13,advection_zero,256,0.325,0.32501575104789826,0.36195393918785795,0.3113508911067742
2024-07-13,advection_zero,256,0.3333333333333333,0.3355211582961284,0.372336587826563,0.3185813097893583
2024-07-13,advection_zero,256,0.3416666666666667,0.343933720393602,0.3835129758387586,0.3256127540973051
2024-07-13,advection_zero,256,0.35,0.3521497714879253,0.3950270494669789,0.33260125373298244
2024-07-13,advection_zero,256,0.35833333333333334,0.3607488260909273,0.3950270494669789,0.33273137467324426
2024-07-13,advection_zero,256,0.36666666666666664,0.36942991378685913,0.40647357485574415,0.33981287981725483
2024-07-13,advection_zero,256,0.375,0.3751902365691002,0.41847978805242836,0.34680421802193084
2024-07-13,advection_zero,256,0.3833333333333333,0.3841715875657176,0.41847978805242836,0.3468914819607285
2024-07-13,advection_zero,256,0.39166666666666666,0.39374764601308726,0.43040648565183115,0.35381655438679677
2024-07-13,advection_zero,256,0.4,0.40333288645436205,0.4428249009467402,0.3608659417759994
2024-07-13,advection_zero,256,0.4083333333333333,0.4098509978243978,0.4428249009467402,0.3610147069412096
2024-07-13,advection_zero,256,0.4166666666666667,0.4168341908108635,0.4560946497898097,0.36776072915876873
2024-07-13,advection_zero,256,0.425,0.4274891414718935,0.47069653704451164,0.37454710312143485
2024-07-13,advection_zero,256,0.43333333333333335,0.4345979369135088,0.47069653704451164,0.37464813945283537
2024-07-13,advection_zero,256,0.44166666666666665,0.4421200795517433,0.48492947872076053,0.38145359364127107
2024-07-13,advection_zero,256,0.45,0.45345088191234595,0.48492947872076053,0.38152417422704543
2024-07-13,advection_zero,256,0.4583333333333333,0.4611334507131881,0.49985824306499865,0.38828738695476694
2024-07-13,advection_zero,256,0.4666666666666667,0.4688774126316765,0.49985824306499865,0.38832050414241864
2024-07-13,advection_zero,256,0.475,0.47738350968489923,0.5158300698813589,0.3949635319403579
2024-07-13,advection_zero,256,0.48333333333333334,0.4857956929202586,0.5158300698813589,0.3949984759848779
2024-07-13,advection_zero,256,0.49166666666666664,0.4945258462675361,0.5327543233970223,0.4016223705451324
2024-07-13,advection_zero,256,0.5,0.5034386439997318,0.5327543233970223,0.40165576742898207
2024-07-13,advection_zero,256,0.5083333333333333,0.512993940382392,0.5515313237445558,0.4081808827305977
2024-07-13,advection_zero,256,0.5166666666666666,0.5177463975935124,0.5515313237445558,0.408198350124409
2024-07-13,advection_zero,256,0.525,0.5277129520267118,0.5717551394609572,0.41467967698574504
2024-07-13,advection_zero,256,0.5333333333333333,0.5377530474066412,0.5717551394609572,0.41473899907085254
2024-07-13,advection_zero,256,0.5416666666666666,0.5429075991790427,0.5717551394609572,0.4147638603640751
2024-07-13,advection_zero,256,0.55,0.5542498735179955,0.5933281650455333,0.42112621113332016
2024-07-13,advection_zero,256,0.5583333333333333,0.5600122837749446,0.5933281650455333,0.4211375345293655
2024-07-13,advection_zero,256,0.5666666666666667,0.5716152716277637,0.6165644889774623,0.4273086413276429
2024-07-13,advection_zero,256,0.575,0.5776035997412756,0.6165644889774623,0.4273214531571308
2024-07-13,advection_zero,256,0.5833333333333334,0.5834867600719067,0.6165644889774623,0.42738368809763316
2024-07-13,advection_zero,256,0.5916666666666667,0.5953741448245656,0.6406164462868191,0.43356550725360793
2024-07-13,advection_zero,256,0.6,0.6013924682034711,0.6406164462868191,0.43361067160103006
2024-07-13,advection_zero,256,0.6083333333333333,0.6135962997345511,0.6406164462868191,0.4336786922524857
2024-07-13,advection_zero,256,0.6166666666666667,0.6200101191432564,0.6652994081056561,0.4396793642908653
2024-07-13,advection_zero,256,0.625,0.6264157563498148,0.6652994081056561,0.43977855212480704
2024-07-13,advection_zero,256,0.6333333333333333,0.6391896832874441,0.6652994081056561,0.4398222653220047
2024-07-13,advection_zero,256,0.6416666666666666,0.6456919221622002,0.6917627808507596,0.44574831168097817
2024-07-13,advection_zero,256,0.65,0.6525084892308033,0.6917627808507596,0.44579378838467315
2024-07-13,advection_zero,256,0.6583333333333333,0.6596069218424188,0.6917627808507596,0.44582738681550765
2024-07-13,advection_zero,256,0.6666666666666666,0.673494617628182,0.7202727402009186,0.4516505859606409
2024-07-13,advection_zero,256,0.675,0.6804595022212684,0.7202727402009186,0.45168149072088487
2024-07-13,advection_zero,256,0.6833333333333333,0.6875634007320689,0.7202727402009186,0.4516857463780327
2024-07-13,advection_zero,256,0.6916666666666667,0.6947368418016879,0.7202727402009186,0.4517280358978723
2024-07-13,advection_zero,256,0.7,0.7015446399808811,0.7481175322753987,0.45734848927689514
2024-07-13,advection_zero,256,0.7083333333333334,0.7153046462100088,0.7481175322753987,0.4574774884142642
2024-07-13,advection_zero,256,0.7166666666666667,0.7223475725682937,0.7481175322753987,0.45753003457187663
2024-07-13,advection_zero,256,0.725,0.7289819321373985,0.7752412751092957,0.46319930591627645
2024-07-13,advection_zero,256,0.7333333333333333,0.7354205881613183,0.7752412751092957,0.4632015501270982
2024-07-13,advection_zero,256,0.7416666666666667,0.7417630192779655,0.7752412751092957,0.46321068816180255
2024-07-13,advection_zero,256,0.75,0.7541911208672617,0.8008338138060215,0.4688089546555803
2024-07-13,advection_zero,256,0.7583333333333333,0.7599647362569348,0.8008338138060215,0.4688612262773234
2024-07-13,advection_zero,256,0.7666666666666666,0.7718703744912013,0.8008338138060215,0.46890036241991734
2024-07-13,advection_zero,256,0.775,0.7776174606607961,0.8246367677974994,0.47448269696373907
2024-07-13,advection_zero,256,0.7833333333333333,0.7886516068206,0.8246367677974994,0.4745220308489436
2024-07-13,advection_zero,256,0.7916666666666666,0.7943493268145873,0.8246367677974994,0.4745529704648402
2024-07-13,advection_zero,256,0.8,0.8051642797745602,0.8469885714349595,0.4799522908850291
2024-07-13,advection_zero,256,0.8083333333333333,0.8106662398325073,0.8469885714349595,0.4799687614896961
2024-07-13,advection_zero,256,0.8166666666666667,0.8211097389208762,0.8682501796921692,0.4852602530273338
2024-07-13,advection_zero,256,0.825,0.826125824256151,0.8682501796921692,0.48531318270983215
2024-07-13,advection_zero,256,0.8333333333333334,0.8362361822498969,0.8682501796921692,0.48534814668476034
2024-07-13,advection_zero,256,0.8416666666666667,0.8461979041058434,0.8882903772424775,0.49061203173098905
2024-07-13,advection_zero,256,0.85,0.8511561073531562,0.8882903772424775,0.49063598777792067
2024-07-13,advection_zero,256,0.8583333333333333,0.8607092976235929,0.9083547885068813,0.4956518352208147
2024-07-13,advection_zero,256,0.8666666666666667,0.8702867471041728,0.9083547885068813,0.49571677128929553
2024-07-13,advection_zero,256,0.875,0.8750766538773553,0.9083547885068813,0.4957468444723839
2024-07-13,advection_zero,256,0.8833333333333333,0.8840186740945393,0.9268783827408644,0.5006499255078223
2024-07-13,advection_zero,256,0.8916666666666666,0.8928205113474579,0.9268783827408644,0.5006965159229374
2024-07-13,advection_zero,256,0.9,0.9013073842030442,0.9442329861960641,0.5056006371109105
2024-07-13,advection_zero,256,0.9083333333333333,0.909716585376959,0.9442329861960641,0.5057231245272319
2024-07-13,advection_zero,256,0.9166666666666666,0.9181140152265662,0.9618929028360771,0.5103308638038876
2024-07-13,advection_zero,256,0.9249999999999999,0.9266088705049198,0.9618929028360771,0.5104237118015857
2024-07-13,advection_zero,256,0.9333333333333333,0.9347856205483835,0.9785272514574694,0.5149272873828079
2024-07-13,advection_zero,256,0.9416666666666667,0.943167477582877,0.9785272514574694,0.5149435880426698
2024-07-13,advection_zero,256,0.95,0.9503650564809403,0.9935120954431685,0.5192633288003821
2024-07-13,advection_zero,256,0.9583333333333334,0.9606646405872032,1.0069830187223836,0.5235787840382753
2024-07-13,advection_zero,256,0.9666666666666667,0.9672027484700981,1.0069830187223836,0.523700041509713
2024-07-13,advection_zero,256,0.975,0.97598032613159,1.0197204768579988,0.5276440711587566
2024-07-13,advection_zero,256,0.9833333333333333,0.9833880553729855,1.0246313272176475,0.5315139141586481
2024-07-13,advection_zero,256,0.9916666666666667,0.9920916062009244,1.0307485901277442,0.5356684042926636
2024-07-13,advection_zero,256,1.0,1.0000000000000002,1.0418405586780861,inf
2024-07-13,advection_reversed,128,0.0,0.0,0.0,-inf
2024-07-13,advection_reversed,128,0.008333333333333333,0.008394722907125274,0.007502225007818696,0.005574400674335812
2024-07-13,advection_reversed,128,0.016666666666666666,0.016926198241325068,0.01727962145051089,0.012156402388752426
2024-07-13,advection_reversed,128,0.025,0.025380894344136307,0.02786970909652697,0.018977406526506202
2024-07-13,advection_reversed,128,0.03333333333333333,0.033650105619049145,0.036133790385476795,0.02435952955943889
2024-07-13,advection_reversed,128,0.041666666666666664,0.04251566613351422,0.05119096633106364,0.0335022890209483
2024-07-13,advection_reversed,128,0.05,0.05073051126573901,0.0615518820521201,0.0405269099243947
2024-07-13,advection_reversed,128,0.058333333333333334,0.05887262450967951,0.07110611509091316,0.04814381717903048
2024-07-13,advection_reversed,128,0.06666666666666667,0.06735705334286637,0.08085549703958379,0.05643343087305761
2024-07-13,advection_reversed,128,0.075,0.07563397900626971,0.09084534344459255,0.06513719127010083
2024-07-13,advection_reversed,128,0.08333333333333333,0.08424922276614953,0.10048611673955532,0.07432989967480413
2024-07-13,advection_reversed,128,0.09166666666666666,0.09214676506075804,0.11004795046127282,0.08414948892924015
2024-07-13,advection_reversed,128,0.1,0.10007573051210085,0.11979475551912737,0.09434098089149773
2024-07-13,advection_reversed,128,0.10833333333333334,0.10928802248594252,0.12975225963901,0.10513978896418506
2024-07-13,advection_reversed,128,0.11666666666666667,0.11785478764970063,0.1392345559980154,0.11635085011098979
2024-07-13,advection_reversed,128,0.125,0.12521771474004817,0.1440346587859262,0.12222286615861239
2024-07-13,advection_reversed,128,0.13333333333333333,0.13443894070037501,0.1549697483155261,0.13390185435350196
2024-07-13,advection_reversed,128,0.14166666666666666,0.14243230679654637,0.16043535646767895,0.1401869445305308
2024-07-13,advection_reversed,128,0.15,0.15084134844515198,0.17198006135087776,0.15246724568040448
2024-07-13,advection_reversed,128,0.15833333333333333,0.15942841975416233,0.1777878426857014,0.15894833643766557
2024-07-13,advection_reversed,128,0.16666666666666666,0.16673309053538726,0.18917341664417436,0.1716665931696209
2024-07-13,advection_reversed,128,0.175,0.1759638718859593,0.19533671544620496,0.17832912767577397
2024-07-13,advection_reversed,128,0.18333333333333332,0.18373277778645453,0.20135766626256432,0.18505607922023692
2024-07-13,advection_reversed,128,0.19166666666666665,0.19187227937228818,0.21508205232218558,0.1982509305579611
2024-07-13,advection_reversed,128,0.2,0.20023072700821556,0.22201879632275073,0.20519359973970022
2024-07-13,advection_reversed,128,0.20833333333333334,0.20886686524161213,0.22896048853166734,0.21211289324087557
2024-07-13,advection_reversed,128,0.21666666666666667,0.21750304636885706,0.23635069578843604,0.21912584304513275
2024-07-13,advection_reversed,128,0.225,0.22640406392813586,0.2507636105484279,0.23279610311072224
2024-07-13,advection_reversed,128,0.23333333333333334,0.23402049825871715,0.2584593684462927,0.23981498856141564
2024-07-13,advection_reversed,128,0.24166666666666667,0.24352125770354888,0.26648219887864394,0.2470842574274564
2024-07-13,advection_reversed,128,0.25,0.2513647575857037,0.2744660465827449,0.25411952494283874
2024-07-13,advection_reversed,128,0.2583333333333333,0.25943975187419555,0.2830463593551734,0.26120857174018164
2024-07-13,advection_reversed,128,0.26666666666666666,0.2678273704833514,0.29162418839878157,0.2684479953348895
2024-07-13,advection_reversed,128,0.275,0.2765011903084317,0.29979188061441414,0.2756286088845677
2024-07-13,advection_reversed,128,0.2833333333333333,0.2853119395556221,0.30893702383678806,0.28267133497267083
2024-07-13,advection_reversed,128,0.2916666666666667,0.29217608169784326,0.3182272109489143,0.28962438503012283
2024-07-13,advection_reversed,128,0.3,0.3015994767608891,0.32764557533714955,0.29690297751075356
2024-07-13,advection_reversed,128,0.30833333333333335,0.3085436606311512,0.32764557533714955,0.29710681505627057
2024-07-13,advection_reversed,128,0.31666666666666665,0.31829207288203426,0.3377424439211839,0.3042922922374831
2024-07-13,advection_reversed,128,0.325,0.32570937620407886,0.3480442111334514,0.311372549680697
2024-07-13,advection_reversed,128,0.3333333333333333,0.33337862424031794,0.3582223727524841,0.31845781025022024
2024-07-13,advection_reversed,128,0.3416666666666667,0.34401916087364665,0.3690860090810781,0.32557788822042943
2024-07-13,advection_reversed,128,0.35,0.3524494177608494,0.3805024675555975,0.3325633538898852
2024-07-13,advection_reversed,128,0.35833333333333334,0.361013251726147,0.3805024675555975,0.33273789106050045
2024-07-13,advection_reversed,128,0.36666666666666664,0.3669033426631187,0.3920573454694854,0.33979946021452695
2024-07-13,advection_reversed,128,0.375,0.37582523163768444,0.40396756368678,0.34658004228044437
2024-07-13,advection_reversed,128,0.3833333333333333,0.38472327511978405,0.40396756368678,0.34694495627553124
2024-07-13,advection_reversed,128,0.39166666666666666,0.3942238790967928,0.41617593452482726,0.3539005473612426
2024-07-13,advection_reversed,128,0.4,0.400540350039902,0.4291378881124523,0.3604909738291436
2024-07-13,advection_reversed,128,0.4083333333333333,0.4103891413408648,0.4291378881124523,0.3608933386968345
2024-07-13,advection_reversed,128,0.4166666666666667,0.41724434400823235,0.44238420305160825,0.3677981175243963
2024-07-13,advection_reversed,128,0.425,0.42744611761178336,0.45650512845132313,0.3742911142226551
2024-07-13,advection_reversed,128,0.43333333333333335,0.43448887404275305,0.45650512845132313,0.3747195411962596
2024-07-13,advection_reversed,128,0.44166666666666665,0.44181194730996404,0.47125189435649123,0.38125836332749125
2024-07-13,advection_reversed,128,0.45,0.45299251215357006,0.47125189435649123,0.38156955751547567
2024-07-13,advection_reversed,128,0.4583333333333333,0.46090841987894476,0.48656623755905,0.3882808183953151
2024-07-13,advection_reversed,128,0.4666666666666667,0.4689768222410784,0.48656623755905,0.3884498777425745
2024-07-13,advection_reversed,128,0.475,0.4771988038820149,0.502811760364678,0.3949327371708795
2024-07-13,advection_reversed,128,0.48333333333333334,0.48577455381339635,0.502811760364678,0.3950714007857214
2024-07-13,advection_reversed,128,0.49166666666666664,0.4945178851635483,0.5206551888149205,0.4015946237746733
2024-07-13,advection_reversed,128,0.5,0.5034637091163032,0.5206551888149205,0.40171546774936456
2024-07-13,advection_reversed,128,0.5083333333333333,0.512400675480069,0.5390677217785903,0.4082081944187287
2024-07-13,advection_reversed,128,0.5166666666666666,0.5171244921497123,0.5390677217785903,0.40824450174576143
2024-07-13,advection_reversed,128,0.525,0.5269443578994211,0.5593027004693069,0.4144570217916815
2024-07-13,advection_reversed,128,0.5333333333333333,0.5370871864377644,0.5593027004693069,0.41478666116063423
2024-07-13,advection_reversed,128,0.5416666666666666,0.5420436138911207,0.5593027004693069,0.414827456884458
2024-07-13,advection_reversed,128,0.55,0.5531062529523803,0.5815644419448476,0.42117861931985207
2024-07-13,advection_reversed,128,0.5583333333333333,0.5585925852526261,0.5815644419448476,0.42119167575403466
2024-07-13,advection_reversed,128,0.5666666666666667,0.5703350285009924,0.6052600384061911,0.42722847907216377
2024-07-13,advection_reversed,128,0.575,0.5765396298091141,0.6052600384061911,0.42742910049452815
2024-07-13,advection_reversed,128,0.5833333333333334,0.5886217339779282,0.6052600384061911,0.4274791701612904
2024-07-13,advection_reversed,128,0.5916666666666667,0.5950940819075878,0.6303815650629873,0.43329260600110353
2024-07-13,advection_reversed,128,0.6,0.6012800137491678,0.6303815650629873,0.43361713030119436
2024-07-13,advection_reversed,128,0.6083333333333333,0.6140986676668577,0.6303815650629873,0.43365945888905305
2024-07-13,advection_reversed,128,0.6166666666666667,0.6205620210595695,0.6559384044883176,0.4394074449008618
2024-07-13,advection_reversed,128,0.625,0.6269943407969915,0.6559384044883176,0.4397232863226476
2024-07-13,advection_reversed,128,0.6333333333333333,0.6338907402348735,0.6559384044883176,0.43975935071574396
2024-07-13,advection_reversed,128,0.6416666666666666,0.6471529282421619,0.6835685047875583,0.4455111181122968
2024-07-13,advection_reversed,128,0.65,0.6540435751783058,0.6835685047875583,0.44575400762572304
2024-07-13,advection_reversed,128,0.6583333333333333,0.6604798820894633,0.6835685047875583,0.4457828608582794
2024-07-13,advection_reversed,128,0.6666666666666666,0.6670743988190668,0.6835685047875583,0.44581050656924803
2024-07-13,advection_reversed,128,0.675,0.6810489394760967,0.710536339726614,0.4516889141192019
2024-07-13,advection_reversed,128,0.6833333333333333,0.6879227771742945,0.710536339726614,0.4517198510140795
2024-07-13,advection_reversed,128,0.6916666666666667,0.69461456957094,0.710536339726614,0.4517311255983032
2024-07-13,advection_reversed,128,0.7,0.701394553691814,0.738617106543913,0.4572034979325808
2024-07-13,advection_reversed,128,0.7083333333333334,0.7085286144877955,0.738617106543913,0.4574744691534786
2024-07-13,advection_reversed,128,0.7166666666666667,0.7222632527262821,0.738617106543913,0.45754272400975876
2024-07-13,advection_reversed,128,0.725,0.7288967615836487,0.7655394570280919,0.4628737259562788
2024-07-13,advection_reversed,128,0.7333333333333333,0.7351121178420132,0.7655394570280919,0.4631689903808352
2024-07-13,advection_reversed,128,0.7416666666666667,0.7479099603094984,0.7655394570280919,0.463281703880038
2024-07-13,advection_reversed,128,0.75,0.7538772485003146,0.7900684492193927,0.46861629871260513
2024-07-13,advection_reversed,128,0.7583333333333333,0.7597710287908298,0.7900684492193927,0.4688748428715232
2024-07-13,advection_reversed,128,0.7666666666666666,0.7715923721990202,0.7900684492193927,0.4689954718993818
2024-07-13,advection_reversed,128,0.775,0.7772480347730701,0.813214200529011,0.47419898378808006
2024-07-13,advection_reversed,128,0.7833333333333333,0.7886041821783959,0.813214200529011,0.47448121260895304
2024-07-13,advection_reversed,128,0.7916666666666666,0.7942911085425064,0.813214200529011,0.47456950979684637
2024-07-13,advection_reversed,128,0.8,0.8051038651878963,0.8358733654663709,0.47994802279967885
2024-07-13,advection_reversed,128,0.8083333333333333,0.8104144880166476,0.8358733654663709,0.47997575279759647
2024-07-13,advection_reversed,128,0.8166666666666667,0.8213109580972897,0.8557731691978498,0.4849842400454664
2024-07-13,advection_reversed,128,0.825,0.8265678522984438,0.8557731691978498,0.48531653020362736
2024-07-13,advection_reversed,128,0.8333333333333334,0.8364060127301036,0.8557731691978498,0.4853994654589177
2024-07-13,advection_reversed,128,0.8416666666666667,0.8463196083416721,0.8754750184195846,0.49057290411900684
2024-07-13,advection_reversed,128,0.85,0.8512590474313213,0.8754750184195846,0.4906091811808252
2024-07-13,advection_reversed,128,0.8583333333333333,0.8609000490453567,0.8943267249680188,0.4953791817570945
2024-07-13,advection_reversed,128,0.8666666666666667,0.8702465807871946,0.8943267249680188,0.495691769533203
2024-07-13,advection_reversed,128,0.875,0.8791706097146869,0.9119949532944588,0.5003703296975393
2024-07-13,advection_reversed,128,0.8833333333333333,0.8837033969643406,0.9119949532944588,0.500662333400791
2024-07-13,advection_reversed,128,0.8916666666666666,0.8928699125991232,0.9119949532944588,0.5007280249893549
2024-07-13,advection_reversed,128,0.9,0.9013417873499876,0.9298969010617776,0.5055956199836287
2024-07-13,advection_reversed,128,0.9083333333333333,0.9098039632915321,0.9298969010617776,0.5056442431877342
2024-07-13,advection_reversed,128,0.9166666666666666,0.9182532164408685,0.9469036580915291,0.5102624772380709
2024-07-13,advection_reversed,128,0.9249999999999999,0.9266794787790491,0.9469036580915291,0.510421976516549
2024-07-13,advection_reversed,128,0.9333333333333333,0.9348819471835034,0.9626321448191227,0.5148856148747959
2024-07-13,advection_reversed,128,0.9416666666666667,0.9429555502438178,0.9626321448191227,0.5149341866306767
2024-07-13,advection_reversed,128,0.95,0.9501377500503957,0.9768214695355217,0.5192102271271859
2024-07-13,advection_reversed,128,0.9583333333333334,0.9604907912887405,0.9902489359384778,0.5233195916606034
2024-07-13,advection_reversed,128,0.9666666666666667,0.9670081777956974,0.9902489359384778,0.5235981410021557
2024-07-13,advection_reversed,128,0.975,0.9755774732115002,1.0016397171625047,0.5275909658300322
2024-07-13,advection_reversed,128,0.9833333333333333,0.9845542703666565,1.0092707073102238,0.5316536769462529
2024-07-13,advection_reversed,128,0.9916666666666667,0.9928314907274102,1.015698095311503,0.5351629954704897
2024-07-13,advection_reversed,128,1.0,1.0000000000000004,1.0221492740858646,inf
2024-07-13,advection_reversed,256,0.0,0.0,0.0,-inf
2024-07-13,advection_reversed,256,0.008333333333333333,0.008394722907125274,0.0076036498846084755,0.005574400674335812
2024-07-13,advection_reversed,256,0.016666666666666666,0.016926198241325068,0.01596594554755168,0.012156402388752426
2024-07-13,advection_reversed,256,0.025,0.025380894344136307,0.028194596705304706,0.018977406526506202
2024-07-13,advection_reversed,256,0.03333333333333333,0.033650105619049145,0.03662071952661337,0.02435952955943889
2024-07-13,advection_reversed,256,0.041666666666666664,0.04251566613351422,0.04892420226177832,0.0335022890209483
2024-07-13,advection_reversed,256,0.05,0.05073051126573901,0.06222788660010085,0.0405269099243947
2024-07-13,advection_reversed,256,0.058333333333333334,0.05887262450967951,0.0717102199598634,0.04814381717903048
2024-07-13,advection_reversed,256,0.06666666666666667,0.06735705334286637,0.08148462526872279,0.05643343087305761
2024-07-13,advection_reversed,256,0.075,0.07563397900626971,0.09143019253615088,0.06513719127010083
2024-07-13,advection_reversed,256,0.08333333333333333,0.08424922276614953,0.10107245880460593,0.07432989967480413
2024-07-13,advection_reversed,256,0.09166666666666666,0.09214676506075804,0.11067371800628834,0.08414948892924015
2024-07-13,advection_reversed,256,0.1,0.10007573051210085,0.12035709402343182,0.09434098089149773
2024-07-13,advection_reversed,256,0.10833333333333334,0.10928802248594252,0.13032443537978639,0.10513978896418506
2024-07-13,advection_reversed,256,0.11666666666666667,0.11785478764970063,0.13725122970681272,0.11635085011098979
2024-07-13,advection_reversed,256,0.125,0.12521771474004817,0.1419402763641463,0.12222286615861239
2024-07-13,advection_reversed,256,0.13333333333333333,0.13443894070037501,0.1527894900465014,0.13390185435350196
2024-07-13,advection_reversed,256,0.14166666666666666,0.14243230679654637,0.16097558552417415,0.1401869445305308
2024-07-13,advection_reversed,256,0.15,0.15084134844515198,0.16974151673580576,0.15246724568040448
2024-07-13,advection_reversed,256,0.15833333333333333,0.15942841975416233,0.1782920512512894,0.15894833643766557
2024-07-13,advection_reversed,256,0.16666666666666666,0.16673309053538726,0.18680581938832422,0.1716665931696209
2024-07-13,advection_reversed,256,0.175,0.1759638718859593,0.19286477134827706,0.17832912767577397
2024-07-13,advection_reversed,256,0.18333333333333332,0.18373277778645453,0.19879569059657248,0.18505607922023692
2024-07-13,advection_reversed,256,0.19166666666666665,0.19187227937228818,0.21222819445237787,0.1982509305579611
2024-07-13,advection_reversed,256,0.2,0.20023072700821556,0.21895918096177336,0.20519359973970022
2024-07-13,advection_reversed,256,0.20833333333333334,0.20886686524161213,0.22597574463849632,0.21211289324087557
2024-07-13,advection_reversed,256,0.21666666666666667,0.21750304636885706,0.23340023761805795,0.21912584304513275
2024-07-13,advection_reversed,256,0.225,0.22640406392813586,0.24763368701170133,0.23279610311072224
2024-07-13,advection_reversed,256,0.23333333333333334,0.23402049825871715,0.25522622076526075,0.23981498856141564
2024-07-13,advection_reversed,256,0.24166666666666667,0.24352125770354888,0.26323612280703274,0.2470842574274564
2024-07-13,advection_reversed,256,0.25,0.2513647575857037,0.27106945836126406,0.25411952494283874
2024-07-13,advection_reversed,256,0.2583333333333333,0.25943975187419555,0.2792989526566316,0.26120857174018164
2024-07-13,advection_reversed,256,0.26666666666666666,0.2678273704833514,0.2879990457057831,0.2684479953348895
2024-07-13,advection_reversed,256,0.275,0.2765011903084317,0.2963164547139814,0.2756286088845677
2024-07-13,advection_reversed,256,0.2833333333333333,0.2853119395556221,0.30487721478667407,0.28267133497267083
2024-07-13,advection_reversed,256,0.2916666666666667,0.29217608169784326,0.31407725729181507,0.28962438503012283
2024-07-13,advection_reversed,256,0.3,0.3015994767608891,0.323139208576887,0.29690297751075356
2024-07-13,advection_reversed,256,0.30833333333333335,0.3085436606311512,0.323139208576887,0.29710681505627057
2024-07-13,advection_reversed,256,0.31666666666666665,0.31829207288203426,0.33321559303386733,0.3042922922374831
2024-07-13,advection_reversed,256,0.325,0.32570937620407886,0.3433547436777248,0.311372549680697
2024-07-13,advection_reversed,256,0.3333333333333333,0.33337862424031794,0.35394013775166927,0.31845781025022024
2024-07-13,advection_reversed,256,0.3416666666666667,0.34401916087364665,0.3639709555293832,0.32557788822042943
2024-07-13,advection_reversed,256,0.35,0.3524494177608494,0.3756696533619726,0.3325633538898852
2024-07-13,advection_reversed,256,0.35833333333333334,0.361013251726147,0.3756696533619726,0.33273789106050045
2024-07-13,advection_reversed,256,0.36666666666666664,0.3669033426631187,0.38703883918721177,0.33979946021452695
2024-07-13,advection_reversed,256,0.375,0.37582523163768444,0.3987049014117837,0.34658004228044437
2024-07-13,advection_reversed,256,0.3833333333333333,0.38472327511978405,0.3987049014117837,0.34694495627553124
2024-07-13,advection_reversed,256,0.39166666666666666,0.3942238790967928,0.41089962741961156,0.3539005473612426
2024-07-13,advection_reversed,256,0.4,0.400540350039902,0.4235811790464667,0.3604909738291436
2024-07-13,advection_reversed,256,0.4083333333333333,0.4103891413408648,0.4235811790464667,0.3608933386968345
2024-07-13,advection_reversed,256,0.4166666666666667,0.41724434400823235,0.43666459335399993,0.3677981175243963
2024-07-13,advection_reversed,256,0.425,0.42744611761178336,0.4504068449617557,0.3742911142226551
2024-07-13,advection_reversed,256,0.43333333333333335,0.43448887404275305,0.4504068449617557,0.3747195411962596
2024-07-13,advection_reversed,256,0.44166666666666665,0.44181194730996404,0.4650004890831664,0.38125836332749125
2024-07-13,advection_reversed,256,0.45,0.45299251215357006,0.4650004890831664,0.38156955751547567
2024-07-13,advection_reversed,256,0.4583333333333333,0.46090841987894476,0.4797585536756327,0.3882808183953151
2024-07-13,advection_reversed,256,0.4666666666666667,0.4689768222410784,0.4797585536756327,0.3884498777425745
2024-07-13,advection_reversed,256,0.475,0.4771988038820149,0.49588567821546853,0.3949327371708795
2024-07-13,advection_reversed,256,0.48333333333333334,0.48577455381339635,0.49588567821546853,0.3950714007857214
2024-07-13,advection_reversed,256,0.49166666666666664,0.4945178851635483,0.5128589858546407,0.4015946237746733
2024-07-13,advection_reversed,256,0.5,0.5034637091163032,0.5128589858546407,0.40171546774936456
2024-07-13,advection_reversed,256,0.5083333333333333,0.512400675480069,0.5307770378859208,0.4082081944187287
2024-07-13,advection_reversed,256,0.5166666666666666,0.5171244921497123,0.5307770378859208,0.40824450174576143
2024-07-13,advection_reversed,256,0.525,0.5269443578994211,0.5505319341264998,0.4144570217916815
2024-07-13,advection_reversed,256,0.5333333333333333,0.5370871864377644,0.5505319341264998,0.41478666116063423
2024-07-13,advection_reversed,256,0.5416666666666666,0.5420436138911207,0.5505319341264998,0.414827456884458
2024-07-13,advection_reversed,256,0.55,0.5531062529523803,0.5717770545297639,0.42117861931985207
2024-07-13,advection_reversed,256,0.5583333333333333,0.5585925852526261,0.5717770545297639,0.42119167575403466
2024-07-13,advection_reversed,256,0.5666666666666667,0.5703350285009924,0.5954509032049945,0.42722847907216377
2024-07-13,advection_reversed,256,0.575,0.5765396298091141,0.5954509032049945,0.42742910049452815
2024-07-13,advection_reversed,256,0.5833333333333334,0.5886217339779282,0.5954509032049945,0.4274791701612904
2024-07-13,advection_reversed,256,0.5916666666666667,0.5950940819075878,0.6201928108250777,0.43329260600110353
2024-07-13,advection_reversed,256,0.6,0.6012800137491678,0.6201928108250777,0.43361713030119436
2024-07-13,advection_reversed,256,0.6083333333333333,0.6140986676668577,0.6201928108250777,0.43365945888905305
2024-07-13,advection_reversed,256,0.6166666666666667,0.6205620210595695,0.6454636951056716,0.4394074449008618
2024-07-13,advection_reversed,256,0.625,0.6269943407969915,0.6454636951056716,0.4397232863226476
2024-07-13,advection_reversed,256,0.6333333333333333,0.6338907402348735,0.6454636951056716,0.43975935071574396
2024-07-13,advection_reversed,256,0.6416666666666666,0.6471529282421619,0.6724511256622269,0.4455111181122968
2024-07-13,advection_reversed,256,0.65,0.6540435751783058,0.6724511256622269,0.44575400762572304
2024-07-13,advection_reversed,256,0.6583333333333333,0.6604798820894633,0.6724511256622269,0.4457828608582794
2024-07-13,advection_reversed,256,0.6666666666666666,0.6670743988190668,0.6724511256622269,0.44581050656924803
2024-07-13,advection_reversed,256,0.675,0.6810489394760967,0.7002953753927127,0.4516889141192019
2024-07-13,advection_reversed,256,0.6833333333333333,0.6879227771742945,0.7002953753927127,0.4517198510140795
2024-07-13,advection_reversed,256,0.6916666666666667,0.69461456957094,0.7002953753927127,0.4517311255983032
2024-07-13,advection_reversed,256,0.7,0.701394553691814,0.7281804896308622,0.4572034979325808
2024-07-13,advection_reversed,256,0.7083333333333334,0.7085286144877955,0.7281804896308622,0.4574744691534786
2024-07-13,advection_reversed,256,0.7166666666666667,0.7222632527262821,0.7281804896308622,0.45754272400975876
2024-07-13,advection_reversed,256,0.725,0.7288967615836487,0.7563082047468979,0.4628737259562788
2024-07-13,advection_reversed,256,0.7333333333333333,0.7351121178420132,0.7563082047468979,0.4631689903808352
2024-07-13,advection_reversed,256,0.7416666666666667,0.7479099603094984,0.7563082047468979,0.463281703880038
2024-07-13,advection_reversed,256,0.75,0.7538772485003146,0.7820132217027925,0.46861629871260513
2024-07-13,advection_reversed,256,0.7583333333333333,0.7597710287908298,0.7820132217027925,0.4688748428715232
2024-07-13,advection_reversed,256,0.7666666666666666,0.7715923721990202,0.7820132217027925,0.4689954718993818
2024-07-13,advection_reversed,256,0.775,0.7772480347730701,0.8055015945223842,0.47419898378808006
2024-07-13,advection_reversed,256,0.7833333333333333,0.7886041821783959,0.8055015945223842,0.47448121260895304
2024-07-13,advection_reversed,256,0.7916666666666666,0.7942911085425064,0.8055015945223842,0.47456950979684637
2024-07-13,advection_reversed,256,0.8,0.8051038651878963,0.8283777983266231,0.47994802279967885
2024-07-13,advection_reversed,256,0.8083333333333333,0.8104144880166476,0.8283777983266231,0.47997575279759647
2024-07-13,advection_reversed,256,0.8166666666666667,0.8213109580972897,0.8494023361601388,0.4849842400454664
2024-07-13,advection_reversed,256,0.825,0.8265678522984438,0.8494023361601388,0.48531653020362736
2024-07-13,advection_reversed,256,0.8333333333333334,0.8364060127301036,0.8494023361601388,0.4853994654589177
2024-07-13,advection_reversed,256,0.8416666666666667,0.8463196083416721,0.8691720139105541,0.49057290411900684
2024-07-13,advection_reversed,256,0.85,0.8512590474313213,0.8691720139105541,0.4906091811808252
2024-07-13,advection_reversed,256,0.8583333333333333,0.8609000490453567,0.8885225258549176,0.4953791817570945
2024-07-13,advection_reversed,256,0.8666666666666667,0.8702465807871946,0.8885225258549176,0.495691769533203
2024-07-13,advection_reversed,256,0.875,0.8791706097146869,0.9066177365712381,0.5003703296975393
2024-07-13,advection_reversed,256,0.8833333333333333,0.8837033969643406,0.9066177365712381,0.500662333400791
2024-07-13,advection_reversed,256,0.8916666666666666,0.8928699125991232,0.9066177365712381,0.5007280249893549
2024-07-13,advection_reversed,256,0.9,0.9013417873499876,0.9244674610657848,0.5055956199836287
2024-07-13,advection_reversed,256,0.9083333333333333,0.9098039632915321,0.9244674610657848,0.5056442431877342
2024-07-13,advection_reversed,256,0.9166666666666666,0.9182532164408685,0.9421960843553577,0.5102624772380709
2024-07-13,advection_reversed,256,0.9249999999999999,0.9266794787790491,0.9421960843553577,0.510421976516549
2024-07-13,advection_reversed,256,0.9333333333333333,0.9348819471835034,0.95838260350254,0.5148856148747959
2024-07-13,advection_reversed,256,0.9416666666666667,0.9429555502438178,0.95838260350254,0.5149341866306767
2024-07-13,advection_reversed,256,0.95,0.9501377500503957,0.9733970798298354,0.5192102271271859
2024-07-13,advection_reversed,256,0.9583333333333334,0.9604907912887405,0.9871968391136167,0.5233195916606034
2024-07-13,advection_reversed,256,0.9666666666666667,0.9670081777956974,0.9871968391136167,0.5235981410021557
2024-07-13,advection_reversed,256,0.975,0.9755774732115002,0.9996246979088453,0.5275909658300322
2024-07-13,advection_reversed,256,0.9833333333333333,0.9845542703666565,1.0077433919655077,0.5316536769462529
2024-07-13,advection_reversed,256,0.9916666666666667,0.9928314907274102,1.0117058984471863,0.5351629954704897
2024-07-13,advection_reversed,256,1.0,1.0000000000000004,1.022149274085864,inf
2024-07-13,advection_3x,128,0.0,0.0,0.0,-inf
2024-07-13,advection_3x,128,0.008333333333333333,0.008413190331136472,0.006924070283386416,0.004334283047963106
2024-07-13,advection_3x,128,0.016666666666666666,0.01673018756793624,0.015499290666079562,0.01028222866900921
2024-07-13,advection_3x,128,0.025,0.025395304234008396,0.02412635035077486,0.016557645435265864
2024-07-13,advection_3x,128,0.03333333333333333,0.03398433827016409,0.03104160177060844,0.021683167659499195
2024-07-13,advection_3x,128,0.041666666666666664,0.0417173061131377,0.04201731278014579,0.03036672511232486
2024-07-13,advection_3x,128,0.05,0.05043072992968608,0.04997939466852082,0.037003766117008584
2024-07-13,advection_3x,128,0.058333333333333334,0.05849898529322282,0.058508373687238276,0.044337757229462316
2024-07-13,advection_3x,128,0.06666666666666667,0.06679395759764863,0.0700063439045405,0.05628944118307702
2024-07-13,advection_3x,128,0.075,0.07545339830871065,0.07861344111960625,0.06502064931015462
2024-07-13,advection_3x,128,0.08333333333333333,0.0837993492796435,0.0869761952549968,0.0742690322672713
2024-07-13,advection_3x,128,0.09166666666666666,0.09248082782032492,0.09581695883854514,0.08404719327149081
2024-07-13,advection_3x,128,0.1,0.1000410208459334,0.10474131182506054,0.09435909229861938
2024-07-13,advection_3x,128,0.10833333333333334,0.10918544801751398,0.11385614509489922,0.10505592289921234
2024-07-13,advection_3x,128,0.11666666666666667,0.1174353271517236,0.11867930886744404,0.11078227834866876
2024-07-13,advection_3x,128,0.125,0.12598294049651806,0.12877815366327555,0.12217587063788883
2024-07-13,advection_3x,128,0.13333333333333333,0.1337047946291632,0.1389396588978959,0.13393864207916123
2024-07-13,advection_3x,128,0.14166666666666666,0.1417735152149622,0.14430159190504374,0.1401129154022961
2024-07-13,advection_3x,128,0.15,0.15135820435560202,0.15589390438568582,0.15251404827771065
2024-07-13,advection_3x,128,0.15833333333333333,0.15864594348466826,0.1618965413616525,0.15872558184457186
2024-07-13,advection_3x,128,0.16666666666666666,0.1674725750426861,0.17314120360710672,0.17164296450813907
2024-07-13,advection_3x,128,0.175,0.17516444022372865,0.1790865825391712,0.17822498685974156
2024-07-13,advection_3x,128,0.18333333333333332,0.18470063821892188,0.18519199802391031,0.18485512957788802
2024-07-13,advection_3x,128,0.19166666666666665,0.19273299020410045,0.1980258599077391,0.198304791015104
2024-07-13,advection_3x,128,0.2,0.20101756789887093,0.2049444189728662,0.20508539346143329
2024-07-13,advection_3x,128,0.20833333333333334,0.20943157568933007,0.21217355818501224,0.2120736568074226
2024-07-13,advection_3x,128,0.21666666666666667,0.2182524402967634,0.21904336879693415,0.21888111189227016
2024-07-13,advection_3x,128,0.225,0.22528609771296398,0.2259427172908487,0.22599756648387076
2024-07-13,advection_3x,128,0.23333333333333334,0.23472250125815255,0.2403212905261904,0.2397769337650055
2024-07-13,advection_3x,128,0.24166666666666667,0.2422092147873162,0.24827746602223136,0.24691281300417392
2024-07-13,advection_3x,128,0.25,0.25004375943513935,0.2562860667754255,0.2540518485189244
2024-07-13,advection_3x,128,0.2583333333333333,0.2602475033510298,0.26472128409062456,0.26117125757295867
2024-07-13,advection_3x,128,0.26666666666666666,0.2685816146451927,0.27327622064230883,0.26834082549426086
2024-07-13,advection_3x,128,0.275,0.27712168394444686,0.28170321777130514,0.2754557311966683
2024-07-13,advection_3x,128,0.2833333333333333,0.2839568831761726,0.29052343050633267,0.2824266879480638
2024-07-13,advection_3x,128,0.2916666666666667,0.2930430226765608,0.29987862309121366,0.28970802438381676
2024-07-13,advection_3x,128,0.3,0.3021264920564329,0.30899127569924656,0.29681383505313375
2024-07-13,advection_3x,128,0.30833333333333335,0.30917535196236984,0.30899127569924656,0.2970115196602948
2024-07-13,advection_3x,128,0.31666666666666665,0.3189108007789385,0.3189703542822412,0.3040968942098728
2024-07-13,advection_3x,128,0.325,0.3263645452952201,0.3292323892118086,0.31124869072993666
2024-07-13,advection_3x,128,0.3333333333333333,0.3338644109785741,0.339009413371626,0.3183337234128755
2024-07-13,advection_3x,128,0.3416666666666667,0.3417534143919168,0.3493953991694635,0.3254238687142108
2024-07-13,advection_3x,128,0.35,0.3526238107490634,0.36061693305671577,0.3325733197180942
2024-07-13,advection_3x,128,0.35833333333333334,0.35846855845264775,0.36061693305671577,0.3326054559738804
2024-07-13,advection_3x,128,0.36666666666666664,0.36754022488403265,0.37247570384004697,0.3396213461913273
2024-07-13,advection_3x,128,0.375,0.3763095893064432,0.38441585240666176,0.34654685053129325
2024-07-13,advection_3x,128,0.3833333333333333,0.38538813466847704,0.38441585240666176,0.34681897451135074
2024-07-13,advection_3x,128,0.39166666666666666,0.3916758508702562,0.3962628991246071,0.35366324978694663
2024-07-13,advection_3x,128,0.4,0.40119069049595196,0.4090720694012088,0.3605532203092617
2024-07-13,advection_3x,128,0.4083333333333333,0.41087607961423234,0.4090720694012088,0.36072945237811926
2024-07-13,advection_3x,128,0.4166666666666667,0.4174268087332282,0.42236613070152873,0.36752327169214166
2024-07-13,advection_3x,128,0.425,0.427712694003866,0.43660611139884137,0.3744574833017807
2024-07-13,advection_3x,128,0.43333333333333335,0.43478112274032515,0.43660611139884137,0.37451847121546106
2024-07-13,advection_3x,128,0.44166666666666665,0.44222524932961066,0.4514972686749253,0.38124170364327126
2024-07-13,advection_3x,128,0.45,0.4534643514190717,0.4514972686749253,0.38133460189299995
2024-07-13,advection_3x,128,0.4583333333333333,0.46141802689291106,0.46630607094535875,0.3880573974334382
2024-07-13,advection_3x,128,0.4666666666666667,0.46932301231580625,0.46630607094535875,0.38815361103096896
2024-07-13,advection_3x,128,0.475,0.4775734461423615,0.48228664175458275,0.3947398851097741
2024-07-13,advection_3x,128,0.48333333333333334,0.485848695798572,0.48228664175458275,0.3948440314606994
2024-07-13,advection_3x,128,0.49166666666666664,0.49458663586556456,0.4995723165693303,0.40138053994328876
2024-07-13,advection_3x,128,0.5,0.5034150772828339,0.4995723165693303,0.40142512737449043
2024-07-13,advection_3x,128,0.5083333333333333,0.5127561726602751,0.5179300504473019,0.40796355961036995
2024-07-13,advection_3x,128,0.5166666666666666,0.5172128652588799,0.5179300504473019,0.4080061256561054
2024-07-13,advection_3x,128,0.525,0.5270322363683952,0.5380302258714933,0.4144896417993447
2024-07-13,advection_3x,128,0.5333333333333333,0.5371294565273057,0.5380302258714933,0.41450885073119664
2024-07-13,advection_3x,128,0.5416666666666666,0.5421591654672226,0.5380302258714933,0.4145246038064416
2024-07-13,advection_3x,128,0.55,0.5529880884603156,0.5603183822968634,0.42091859764564227
2024-07-13,advection_3x,128,0.5583333333333333,0.558477078521763,0.5603183822968634,0.420939730675628
2024-07-13,advection_3x,128,0.5666666666666667,0.5701767100868332,0.5840487892302058,0.4272311470656941
2024-07-13,advection_3x,128,0.575,0.5763996026198358,0.5840487892302058,0.4272334135853591
2024-07-13,advection_3x,128,0.5833333333333334,0.5888124936976945,0.5840487892302058,0.42728063731675425
2024-07-13,advection_3x,128,0.5916666666666667,0.5956010171039728,0.6101625985935288,0.43332991522634984
2024-07-13,advection_3x,128,0.6,0.6024821369428089,0.6101625985935288,0.43335675219237163
2024-07-13,advection_3x,128,0.6083333333333333,0.6091465672931976,0.6101625985935288,0.4333826732210768
2024-07-13,advection_3x,128,0.6166666666666667,0.62285208629519,0.6365167059893454,0.43942021637234036
2024-07-13,advection_3x,128,0.625,0.6295376014999551,0.6365167059893454,0.4394241038471405
2024-07-13,advection_3x,128,0.6333333333333333,0.63604358154713,0.6365167059893454,0.43943040625614416
2024-07-13,advection_3x,128,0.6416666666666666,0.6424970892977969,0.6365167059893454,0.43943317018857025
2024-07-13,advection_3x,128,0.65,0.6556914914365364,0.6635680916084283,0.4454540915135861
2024-07-13,advection_3x,128,0.6583333333333333,0.6624229490979867,0.6635680916084283,0.4455425284386614
2024-07-13,advection_3x,128,0.6666666666666666,0.6690376127905002,0.6635680916084283,0.4455780335454625
2024-07-13,advection_3x,128,0.675,0.6758471491212917,0.6901288108457345,0.4513911858540594
2024-07-13,advection_3x,128,0.6833333333333333,0.6900532406677024,0.6901288108457345,0.4514218424621501
2024-07-13,advection_3x,128,0.6916666666666667,0.6967777748567865,0.6901288108457345,0.4514835141332558
2024-07-13,advection_3x,128,0.7,0.7034992499076042,0.7182802476785002,0.4571753368340432
2024-07-13,advection_3x,128,0.7083333333333334,0.7103839972137025,0.7182802476785002,0.4571998854512524
2024-07-13,advection_3x,128,0.7166666666666667,0.7171607514664562,0.7182802476785002,0.4572150094274273
2024-07-13,advection_3x,128,0.725,0.7304303836850774,0.7445919582347692,0.462867022966744
2024-07-13,advection_3x,128,0.7333333333333333,0.7369420151269286,0.7445919582347692,0.46287694361277576
2024-07-13,advection_3x,128,0.7416666666666667,0.7435549669869334,0.7445919582347692,0.4628938161062957
2024-07-13,advection_3x,128,0.75,0.7558464158290787,0.7688579942218611,0.46858529476796507
2024-07-13,advection_3x,128,0.7583333333333333,0.7618345771841243,0.7688579942218611,0.46860751598579514
2024-07-13,advection_3x,128,0.7666666666666666,0.7675937393991384,0.7688579942218611,0.46860813480031216
2024-07-13,advection_3x,128,0.775,0.7788251447566272,0.7920197793018848,0.47410670879776906
2024-07-13,advection_3x,128,0.7833333333333333,0.78437718425792,0.7920197793018848,0.47413809446190214
2024-07-13,advection_3x,128,0.7916666666666666,0.7955659048608738,0.7920197793018848,0.47420837898399854
2024-07-13,advection_3x,128,0.8,0.800777657493461,0.8140456171036051,0.4795891897744861
2024-07-13,advection_3x,128,0.8083333333333333,0.8118291523118797,0.8140456171036051,0.4796868769818456
2024-07-13,advection_3x,128,0.8166666666666667,0.8170215972362823,0.8140456171036051,0.47970818548957883
2024-07-13,advection_3x,128,0.825,0.8272652335031772,0.8334918363677916,0.48501874928489236
2024-07-13,advection_3x,128,0.8333333333333334,0.836955835645928,0.8334918363677916,0.48507530020018447
2024-07-13,advection_3x,128,0.8416666666666667,0.8418776792444098,0.8529840680123008,0.4902260443458666
2024-07-13,advection_3x,128,0.85,0.8516149519168922,0.8529840680123008,0.49028478504208534
2024-07-13,advection_3x,128,0.8583333333333333,0.861119512317307,0.871859534928112,0.4953696510785439
2024-07-13,advection_3x,128,0.8666666666666667,0.8702952332019245,0.871859534928112,0.4954084141220868
2024-07-13,advection_3x,128,0.875,0.8794814188631844,0.8894636371721837,0.5003390595078183
2024-07-13,advection_3x,128,0.8833333333333333,0.883976556717258,0.8894636371721837,0.5004049395761261
2024-07-13,advection_3x,128,0.8916666666666666,0.8928454515639743,0.8894636371721837,0.5004121387397732
2024-07-13,advection_3x,128,0.9,0.901274221912773,0.9069955414015898,0.5052617652555729
2024-07-13,advection_3x,128,0.9083333333333333,0.909662721905379,0.9069955414015898,0.5053143326454547
2024-07-13,advection_3x,128,0.9166666666666666,0.9179876262485058,0.9239049918953262,0.5099646596350069
2024-07-13,advection_3x,128,0.9249999999999999,0.9264111749377625,0.9239049918953262,0.5100118509086555
2024-07-13,advection_3x,128,0.9333333333333333,0.9346213958003031,0.9396099897720389,0.5145433149604226
2024-07-13,advection_3x,128,0.9416666666666667,0.9426708735219563,0.9396099897720389,0.5145918326911711
2024-07-13,advection_3x,128,0.95,0.9534541142401648,0.9540370403930745,0.5189354162297684
2024-07-13,advection_3x,128,0.9583333333333334,0.9602865376919716,0.9673135177275166,0.5232019079468886
2024-07-13,advection_3x,128,0.9666666666666667,0.9667566205140505,0.9673135177275166,0.5232349052042093
2024-07-13,advection_3x,128,0.975,0.9751613566669234,0.9788120601806231,0.5272493157121385
2024-07-13,advection_3x,128,0.9833333333333333,0.9844967399243452,0.9868067695406164,0.5312430221956296
2024-07-13,advection_3x,128,0.9916666666666667,0.9930579348514184,0.9934632854625327,0.5347575409906035
2024-07-13,advection_3x,128,1.0,0.9999999999999983,0.9996571893298807,inf
2024-07-13,advection_3x,256,0.0,0.0,0.0,-inf
2024-07-13,advection_3x,256,0.008333333333333333,0.008413190331136472,0.007126689336913699,0.004334283047963106
2024-07-13,advection_3x,256,0.016666666666666666,0.01673018756793624,0.015767682325315197,0.01028222866900921
2024-07-13,advection_3x,256,0.025,0.025395304234008396,0.02281486437518459,0.016557645435265864
2024-07-13,advection_3x,256,0.03333333333333333,0.03398433827016409,0.03153319789411045,0.021683167659499195
2024-07-13,advection_3x,256,0.041666666666666664,0.0417173061131377,0.04250483166854611,0.03036672511232486
2024-07-13,advection_3x,256,0.05,0.05043072992968608,0.048624977594952434,0.037003766117008584
2024-07-13,advection_3x,256,0.058333333333333334,0.05849898529322282,0.05899836000831246,0.044337757229462316
2024-07-13,advection_3x,256,0.06666666666666667,0.06679395759764863,0.07045273615047781,0.05628944118307702
2024-07-13,advection_3x,256,0.075,0.07545339830871065,0.07922261863410242,0.06502064931015462
2024-07-13,advection_3x,256,0.08333333333333333,0.0837993492796435,0.08547592655848177,0.0742690322672713
2024-07-13,advection_3x,256,0.09166666666666666,0.09248082782032492,0.09631630809102078,0.08404719327149081
2024-07-13,advection_3x,256,0.1,0.1000410208459334,0.10522378341152774,0.09435909229861938
2024-07-13,advection_3x,256,0.10833333333333334,0.10918544801751398,0.11213014022741996,0.10505592289921234
2024-07-13,advection_3x,256,0.11666666666666667,0.1174353271517236,0.11924678750396574,0.11078227834866876
2024-07-13,advection_3x,256,0.125,0.12598294049651806,0.12676702363565073,0.12217587063788883
2024-07-13,advection_3x,256,0.13333333333333333,0.1337047946291632,0.13687809598438067,0.13393864207916123
2024-07-13,advection_3x,256,0.14166666666666666,0.1417735152149622,0.14196492900378477,0.1401129154022961
2024-07-13,advection_3x,256,0.15,0.15135820435560202,0.15350071896266645,0.15251404827771065
2024-07-13,advection_3x,256,0.15833333333333333,0.15864594348466826,0.15950751145036918,0.15872558184457186
2024-07-13,advection_3x,256,0.16666666666666666,0.1674725750426861,0.17100910901716987,0.17164296450813907
2024-07-13,advection_3x,256,0.175,0.17516444022372865,0.17640884470479312,0.17822498685974156
2024-07-13,advection_3x,256,0.18333333333333332,0.18470063821892188,0.18265361273968284,0.18485512957788802
2024-07-13,advection_3x,256,0.19166666666666665,0.19273299020410045,0.19524509410326604,0.198304791015104
2024-07-13,advection_3x,256,0.2,0.20101756789887093,0.2021177771462517,0.20508539346143329
2024-07-13,advection_3x,256,0.20833333333333334,0.20943157568933007,0.20906947317809618,0.2120736568074226
2024-07-13,advection_3x,256,0.21666666666666667,0.2182524402967634,0.21633029139702087,0.21888111189227016
2024-07-13,advection_3x,256,0.225,0.22528609771296398,0.22306880968598258,0.22599756648387076
2024-07-13,advection_3x,256,0.23333333333333334,0.23472250125815255,0.2371563234257349,0.2397769337650055
2024-07-13,advection_3x,256,0.24166666666666667,0.2422092147873162,0.2449826760853854,0.24691281300417392
2024-07-13,advection_3x,256,0.25,0.25004375943513935,0.2529460383603862,0.2540518485189244
2024-07-13,advection_3x,256,0.2583333333333333,0.2602475033510298,0.2611871044456737,0.26117125757295867
2024-07-13,advection_3x,256,0.26666666666666666,0.2685816146451927,0.2696054125888189,0.26834082549426086
2024-07-13,advection_3x,256,0.275,0.27712168394444686,0.27809025892397415,0.2754557311966683
2024-07-13,advection_3x,256,0.2833333333333333,0.2839568831761726,0.28673959653704906,0.2824266879480638
2024-07-13,advection_3x,256,0.2916666666666667,0.2930430226765608,0.295758478646564,0.28970802438381676
2024-07-13,advection_3x,256,0.3,0.3021264920564329,0.30512961309684816,0.29681383505313375
2024-07-13,advection_3x,256,0.30833333333333335,0.30917535196236984,0.30512961309684816,0.2970115196602948
2024-07-13,advection_3x,256,0.31666666666666665,0.3189108007789385,0.31456725682597547,0.3040968942098728
2024-07-13,advection_3x,256,0.325,0.3263645452952201,0.324946121076704,0.31124869072993666
2024-07-13,advection_3x,256,0.3333333333333333,0.3338644109785741,0.33476021979448334,0.3183337234128755
2024-07-13,advection_3x,256,0.3416666666666667,0.3417534143919168,0.3446713194379157,0.3254238687142108
2024-07-13,advection_3x,256,0.35,0.3526238107490634,0.3554450616230519,0.3325733197180942
2024-07-13,advection_3x,256,0.35833333333333334,0.35846855845264775,0.3554450616230519,0.3326054559738804
2024-07-13,advection_3x,256,0.36666666666666664,0.36754022488403265,0.36743079367164294,0.3396213461913273
2024-07-13,advection_3x,256,0.375,0.3763095893064432,0.3792532883652358,0.34654685053129325
2024-07-13,advection_3x,256,0.3833333333333333,0.38538813466847704,0.3792532883652358,0.34681897451135074
2024-07-13,advection_3x,256,0.39166666666666666,0.3916758508702562,0.39096820256514553,0.35366324978694663
2024-07-13,advection_3x,256,0.4,0.40119069049595196,0.4036048228611416,0.3605532203092617
2024-07-13,advection_3x,256,0.4083333333333333,0.41087607961423234,0.4036048228611416,0.36072945237811926
2024-07-13,advection_3x,256,0.4166666666666667,0.4174268087332282,0.4165801458265907,0.36752327169214166
2024-07-13,advection_3x,256,0.425,0.427712694003866,0.43023862330746304,0.3744574833017807
2024-07-13,advection_3x,256,0.43333333333333335,0.43478112274032515,0.43023862330746304,0.37451847121546106
2024-07-13,advection_3x,256,0.44166666666666665,0.44222524932961066,0.44523222393238515,0.38124170364327126
2024-07-13,advection_3x,256,0.45,0.4534643514190717,0.44523222393238515,0.38133460189299995
2024-07-13,advection_3x,256,0.4583333333333333,0.46141802689291106,0.4599015911763446,0.3880573974334382
2024-07-13,advection_3x,256,0.4666666666666667,0.46932301231580625,0.4599015911763446,0.38815361103096896
2024-07-13,advection_3x,256,0.475,0.4775734461423615,0.47548780097003757,0.3947398851097741
2024-07-13,advection_3x,256,0.48333333333333334,0.485848695798572,0.47548780097003757,0.3948440314606994
2024-07-13,advection_3x,256,0.49166666666666664,0.49458663586556456,0.49185896689830055,0.40138053994328876
2024-07-13,advection_3x,256,0.5,0.5034150772828339,0.49185896689830055,0.40142512737449043
2024-07-13,advection_3x,256,0.5083333333333333,0.5127561726602751,0.5100709143905672,0.40796355961036995
2024-07-13,advection_3x,256,0.5166666666666666,0.5172128652588799,0.5100709143905672,0.4080061256561054
2024-07-13,advection_3x,256,0.525,0.5270322363683952,0.5291809743649277,0.4144896417993447
2024-07-13,advection_3x,256,0.5333333333333333,0.5371294565273057,0.5291809743649277,0.41450885073119664
2024-07-13,advection_3x,256,0.5416666666666666,0.5421591654672226,0.5291809743649277,0.4145246038064416
2024-07-13,advection_3x,256,0.55,0.5529880884603156,0.5508149676978357,0.42091859764564227
2024-07-13,advection_3x,256,0.5583333333333333,0.558477078521763,0.5508149676978357,0.420939730675628
2024-07-13,advection_3x,256,0.5666666666666667,0.5701767100868332,0.5741260606752413,0.4272311470656941
2024-07-13,advection_3x,256,0.575,0.5763996026198358,0.5741260606752413,0.4272334135853591
2024-07-13,advection_3x,256,0.5833333333333334,0.5888124936976945,0.5741260606752413,0.42728063731675425
2024-07-13,advection_3x,256,0.5916666666666667,0.5956010171039728,0.59951927623188,0.43332991522634984
2024-07-13,advection_3x,256,0.6,0.6024821369428089,0.59951927623188,0.43335675219237163
2024-07-13,advection_3x,256,0.6083333333333333,0.6091465672931976,0.59951927623188,0.4333826732210768
2024-07-13,advection_3x,256,0.6166666666666667,0.62285208629519,0.6265280078053096,0.43942021637234036
2024-07-13,advection_3x,256,0.625,0.6295376014999551,0.6265280078053096,0.4394241038471405
2024-07-13,advection_3x,256,0.6333333333333333,0.63604358154713,0.6265280078053096,0.43943040625614416
2024-07-13,advection_3x,256,0.6416666666666666,0.6424970892977969,0.6265280078053096,0.43943317018857025
2024-07-13,advection_3x,256,0.65,0.6556914914365364,0.6533597170743562,0.4454540915135861
2024-07-13,advection_3x,256,0.6583333333333333,0.6624229490979867,0.6533597170743562,0.4455425284386614
2024-07-13,advection_3x,256,0.6666666666666666,0.6690376127905002,0.6533597170743562,0.4455780335454625
2024-07-13,advection_3x,256,0.675,0.6758471491212917,0.679955867074023,0.4513911858540594
2024-07-13,advection_3x,256,0.6833333333333333,0.6900532406677024,0.679955867074023,0.4514218424621501
2024-07-13,advection_3x,256,0.6916666666666667,0.6967777748567865,0.679955867074023,0.4514835141332558
2024-07-13,advection_3x,256,0.7,0.7034992499076042,0.7082994851700704,0.4571753368340432
2024-07-13,advection_3x,256,0.7083333333333334,0.7103839972137025,0.7082994851700704,0.4571998854512524
2024-07-13,advection_3x,256,0.7166666666666667,0.7171607514664562,0.7082994851700704,0.4572150094274273
2024-07-13,advection_3x,256,0.725,0.7304303836850774,0.7359714028200799,0.462867022966744
2024-07-13,advection_3x,256,0.7333333333333333,0.7369420151269286,0.7359714028200799,0.46287694361277576
2024-07-13,advection_3x,256,0.7416666666666667,0.7435549669869334,0.7359714028200799,0.4628938161062957
2024-07-13,advection_3x,256,0.75,0.7558464158290787,0.7608882109326226,0.46858529476796507
2024-07-13,advection_3x,256,0.7583333333333333,0.7618345771841243,0.7608882109326226,0.46860751598579514
2024-07-13,advection_3x,256,0.7666666666666666,0.7675937393991384,0.7608882109326226,0.46860813480031216
2024-07-13,advection_3x,256,0.775,0.7788251447566272,0.7843758798335678,0.47410670879776906
2024-07-13,advection_3x,256,0.7833333333333333,0.78437718425792,0.7843758798335678,0.47413809446190214
2024-07-13,advection_3x,256,0.7916666666666666,0.7955659048608738,0.7843758798335678,0.47420837898399854
2024-07-13,advection_3x,256,0.8,0.800777657493461,0.8068804809760469,0.4795891897744861
2024-07-13,advection_3x,256,0.8083333333333333,0.8118291523118797,0.8068804809760469,0.4796868769818456
2024-07-13,advection_3x,256,0.8166666666666667,0.8170215972362823,0.8068804809760469,0.47970818548957883
2024-07-13,advection_3x,256,0.825,0.8272652335031772,0.8272346642403652,0.48501874928489236
2024-07-13,advection_3x,256,0.8333333333333334,0.836955835645928,0.8272346642403652,0.48507530020018447
2024-07-13,advection_3x,256,0.8416666666666667,0.8418776792444098,0.8469257903768701,0.4902260443458666
2024-07-13,advection_3x,256,0.85,0.8516149519168922,0.8469257903768701,0.49028478504208534
2024-07-13,advection_3x,256,0.8583333333333333,0.861119512317307,0.8663331976538282,0.4953696510785439
2024-07-13,advection_3x,256,0.8666666666666667,0.8702952332019245,0.8663331976538282,0.4954084141220868
2024-07-13,advection_3x,256,0.875,0.8794814188631844,0.8844064069649525,0.5003390595078183
2024-07-13,advection_3x,256,0.8833333333333333,0.883976556717258,0.8844064069649525,0.5004049395761261
2024-07-13,advection_3x,256,0.8916666666666666,0.8928454515639743,0.8844064069649525,0.5004121387397732
2024-07-13,advection_3x,256,0.9,0.901274221912773,0.9018889299740068,0.5052617652555729
2024-07-13,advection_3x,256,0.9083333333333333,0.909662721905379,0.9018889299740068,0.5053143326454547
2024-07-13,advection_3x,256,0.9166666666666666,0.9179876262485058,0.9194699442124051,0.5099646596350069
2024-07-13,advection_3x,256,0.9249999999999999,0.9264111749377625,0.9194699442124051,0.5100118509086555
2024-07-13,advection_3x,256,0.9333333333333333,0.9346213958003031,0.9356145820275227,0.5145433149604226
2024-07-13,advection_3x,256,0.9416666666666667,0.9426708735219563,0.9356145820275227,0.5145918326911711
2024-07-13,advection_3x,256,0.95,0.9534541142401648,0.950792494612748,0.5189354162297684
2024-07-13,advection_3x,256,0.9583333333333334,0.9602865376919716,0.96446450013324,0.5232019079468886
2024-07-13,advection_3x,256,0.9666666666666667,0.9667566205140505,0.96446450013324,0.5232349052042093
2024-07-13,advection_3x,256,0.975,0.9751613566669234,0.9768794137224193,0.5272493157121385
2024-07-13,advection_3x,256,0.9833333333333333,0.9844967399243452,0.9853125408965415,0.5312430221956296
2024-07-13,advection_3x,256,0.9916666666666667,0.9930579348514184,0.9896287735126751,0.5347575409906035
2024-07-13,advection_3x,256,1.0,0.9999999999999983,0.9996571893298951,inf
